regime,cell,ccy,side,delta_bucket,tenor_bucket,fills,contracts,sum_K_sm_a,sum_K_pm_a,pm_fills,sum_K_pm2_a,sum_index_a,occupied,regime_label
R1,BTC|buy|00-10|2-7d,BTC,buy,00-10,2-7d,478,301.08471000000003,22529.29663932721,29345.565042650043,478,23099.45630450966,30390402.769221697,True,R1 to 23 Jan
R1,BTC|buy|00-10|30-90d,BTC,buy,00-10,30-90d,412,172.05244466651723,55793.98831820617,69756.15769392134,412,56378.148324821814,17289093.399523187,True,R1 to 23 Jan
R1,BTC|buy|00-10|7-30d,BTC,buy,00-10,7-30d,577,249.77859529740036,55891.71900156465,71005.00582525332,577,56184.20906194725,24417207.43637249,True,R1 to 23 Jan
R1,BTC|buy|00-10|<=2d,BTC,buy,00-10,<=2d,434,171.87689555741864,33225.098760869165,35798.12860352374,434,33440.049476453074,17842535.986215655,True,R1 to 23 Jan
R1,BTC|buy|00-10|>90d,BTC,buy,00-10,>90d,46,11.524,9939.986934172575,11671.11268575277,46,9258.635413838647,1211123.0342468051,False,R1 to 23 Jan
R1,BTC|buy|10-25|2-7d,BTC,buy,10-25,2-7d,899,471.30053,194072.06066343474,245238.08628992812,899,194072.04975074623,49752577.244151466,True,R1 to 23 Jan
R1,BTC|buy|10-25|30-90d,BTC,buy,10-25,30-90d,735,321.50298097646845,520139.85790405155,633639.2120394527,735,507975.71699210955,32946615.15828879,True,R1 to 23 Jan
R1,BTC|buy|10-25|7-30d,BTC,buy,10-25,7-30d,1173,612.839304,477803.22691657604,601005.8119263423,1173,477066.37264149165,62214912.58034952,True,R1 to 23 Jan
R1,BTC|buy|10-25|<=2d,BTC,buy,10-25,<=2d,790,255.09943,66042.65452700338,78825.46149710155,790,66042.65452700338,26682938.967376232,True,R1 to 23 Jan
R1,BTC|buy|10-25|>90d,BTC,buy,10-25,>90d,125,50.8251,165799.93127313684,184481.05629249514,125,149670.73045934585,5413162.989769186,False,R1 to 23 Jan
R1,BTC|buy|25-40|2-7d,BTC,buy,25-40,2-7d,666,263.38486,247907.80839005488,308368.6325432212,666,247905.29726422206,27569762.793487705,True,R1 to 23 Jan
R1,BTC|buy|25-40|30-90d,BTC,buy,25-40,30-90d,695,194.88476366878163,656548.2991363857,774172.9529416054,695,623058.1619144942,20279979.195307024,True,R1 to 23 Jan
R1,BTC|buy|25-40|7-30d,BTC,buy,25-40,7-30d,1054,403.92286,679314.157540703,846128.1629360353,1054,677890.0970039438,42626471.587494895,True,R1 to 23 Jan
R1,BTC|buy|25-40|<=2d,BTC,buy,25-40,<=2d,691,202.84442,100608.24752609384,123808.36733005586,691,100608.24752609384,21813079.10388361,True,R1 to 23 Jan
R1,BTC|buy|25-40|>90d,BTC,buy,25-40,>90d,147,136.873,707563.0474899022,755075.6085782492,147,607121.4185393165,14456214.642445588,False,R1 to 23 Jan
R1,BTC|buy|40-60|2-7d,BTC,buy,40-60,2-7d,820,508.12283517109523,800040.2392453287,993071.1519229915,820,800036.837718741,50558868.50955102,True,R1 to 23 Jan
R1,BTC|buy|40-60|30-90d,BTC,buy,40-60,30-90d,1029,1191.3060008535397,6567318.449725402,7501465.631708085,1029,6023905.713540196,109073482.13560843,True,R1 to 23 Jan
R1,BTC|buy|40-60|7-30d,BTC,buy,40-60,7-30d,1048,528.3042543893911,1649063.7366261245,2048633.413845696,1048,1641450.5273411723,53600947.81736338,True,R1 to 23 Jan
R1,BTC|buy|40-60|<=2d,BTC,buy,40-60,<=2d,873,297.35318,274996.90378532617,340820.98624332366,873,274996.90378532617,30903785.117188003,True,R1 to 23 Jan
R1,BTC|buy|40-60|>90d,BTC,buy,40-60,>90d,99,110.8562,1037220.1311050903,1026991.8210961052,99,822883.4850494938,11690404.654443234,False,R1 to 23 Jan
R1,BTC|buy|60-75|2-7d,BTC,buy,60-75,2-7d,320,249.18943,577928.5850004576,721975.675935288,320,577891.5414612698,23880076.76413411,True,R1 to 23 Jan
R1,BTC|buy|60-75|30-90d,BTC,buy,60-75,30-90d,298,34.74618075221912,345979.9176873055,342210.2793580014,298,272465.1274850005,3302617.0512264622,True,R1 to 23 Jan
R1,BTC|buy|60-75|7-30d,BTC,buy,60-75,7-30d,326,70.49845575389055,336275.82915373164,412311.8457853259,326,329511.02922415227,6924684.228489489,True,R1 to 23 Jan
R1,BTC|buy|60-75|<=2d,BTC,buy,60-75,<=2d,216,131.41112,160269.24642464437,201914.56682328592,216,160269.24642464437,12857206.8135128,True,R1 to 23 Jan
R1,BTC|buy|60-75|>90d,BTC,buy,60-75,>90d,26,0.6097,9439.240848913629,7651.079964612937,26,6019.230344326733,59385.16436605774,False,R1 to 23 Jan
R1,BTC|buy|75-90|2-7d,BTC,buy,75-90,2-7d,174,39.9114,153823.63985882414,192304.54268917526,174,152813.13628882982,3891214.490111912,False,R1 to 23 Jan
R1,BTC|buy|75-90|30-90d,BTC,buy,75-90,30-90d,111,96.84656470473425,1295940.9114742093,1193102.1277322632,111,950103.1452170716,8789989.042933602,False,R1 to 23 Jan
R1,BTC|buy|75-90|7-30d,BTC,buy,75-90,7-30d,178,47.31296550621492,392560.46297620126,450069.6304528225,178,358327.04325173516,4610803.517781724,False,R1 to 23 Jan
R1,BTC|buy|75-90|<=2d,BTC,buy,75-90,<=2d,214,71.517565,99704.27870682541,130988.26033264164,214,99704.27475295418,7511682.397493435,True,R1 to 23 Jan
R1,BTC|buy|75-90|>90d,BTC,buy,75-90,>90d,25,9.897,206880.28,158737.9936723172,25,122205.53519456828,1052863.7149820765,False,R1 to 23 Jan
R1,BTC|buy|90-100|2-7d,BTC,buy,90-100,2-7d,76,21.16588781832175,253735.76953845753,254442.606821491,76,200019.59507219843,2028887.8175410095,False,R1 to 23 Jan
R1,BTC|buy|90-100|30-90d,BTC,buy,90-100,30-90d,9,1.2920958434383856,30760.764443268105,19890.640375415504,9,15399.539432970561,116657.41397585781,False,R1 to 23 Jan
R1,BTC|buy|90-100|7-30d,BTC,buy,90-100,7-30d,71,12.67916043543132,224284.14657927045,184825.60182900605,71,143193.33757058336,1221343.4072891523,False,R1 to 23 Jan
R1,BTC|buy|90-100|<=2d,BTC,buy,90-100,<=2d,182,51.077,86835.31718796128,138373.46868493783,182,86657.96197351595,5554313.745853937,False,R1 to 23 Jan
R1,BTC|buy|90-100|>90d,BTC,buy,90-100,>90d,9,2.863,96215.494,50564.456925921804,9,39063.917750535016,260625.38829965738,False,R1 to 23 Jan
R1,BTC|sell|00-10|2-7d,BTC,sell,00-10,2-7d,721,485.04501595203703,6504179.006827041,6954669.781505364,721,6537682.926651277,50028259.67753982,True,R1 to 23 Jan
R1,BTC|sell|00-10|30-90d,BTC,sell,00-10,30-90d,617,238.2758787594568,3139962.38360736,2125989.2342150025,617,2746810.882942761,24137148.144868653,True,R1 to 23 Jan
R1,BTC|sell|00-10|7-30d,BTC,sell,00-10,7-30d,1225,540.6143629462159,7158308.621124444,6334375.698135931,1225,6800682.123327796,55037270.47061347,True,R1 to 23 Jan
R1,BTC|sell|00-10|<=2d,BTC,sell,00-10,<=2d,1783,773.1009345294534,10576439.053690718,14647167.671975374,1783,11737102.68241646,80671932.24936889,True,R1 to 23 Jan
R1,BTC|sell|00-10|>90d,BTC,sell,00-10,>90d,55,8.2689,111600.11506474589,78094.09716922276,55,90548.56880016824,860207.8683949444,False,R1 to 23 Jan
R1,BTC|sell|10-25|2-7d,BTC,sell,10-25,2-7d,1080,367.35683,5078304.066971543,7312753.949544806,1080,5470346.687628363,39054433.65225132,True,R1 to 23 Jan
R1,BTC|sell|10-25|30-90d,BTC,sell,10-25,30-90d,1021,634.26660116475,8122881.903577351,8725173.144236833,1021,8133940.9928535735,62610563.3830493,True,R1 to 23 Jan
R1,BTC|sell|10-25|7-30d,BTC,sell,10-25,7-30d,1576,721.8295119955034,9761340.728862848,11773928.359399913,1576,9851006.605988858,75170763.49207352,True,R1 to 23 Jan
R1,BTC|sell|10-25|<=2d,BTC,sell,10-25,<=2d,1949,595.79684,8533558.660850767,13849593.175167326,1949,10244901.053176545,63785109.87322977,True,R1 to 23 Jan
R1,BTC|sell|10-25|>90d,BTC,sell,10-25,>90d,107,39.9841,559255.5582901041,607972.5095045904,107,541441.150152283,4338514.336444796,False,R1 to 23 Jan
R1,BTC|sell|25-40|2-7d,BTC,sell,25-40,2-7d,959,400.816348,5820244.997766277,9230930.35685182,959,6817228.409604728,43106567.0826637,True,R1 to 23 Jan
R1,BTC|sell|25-40|30-90d,BTC,sell,25-40,30-90d,781,266.04713258547133,3497259.7441297295,4683358.592708754,781,3583590.4340219307,27094923.84291215,True,R1 to 23 Jan
R1,BTC|sell|25-40|7-30d,BTC,sell,25-40,7-30d,1344,483.085647,6651771.45565622,9714606.872564418,1344,7214364.641191832,51131508.51636588,True,R1 to 23 Jan
R1,BTC|sell|25-40|<=2d,BTC,sell,25-40,<=2d,1391,347.08202,5207710.773800566,8376355.137193786,1391,6212702.597497535,36874202.79138128,True,R1 to 23 Jan
R1,BTC|sell|25-40|>90d,BTC,sell,25-40,>90d,153,72.710683132172,962407.209206544,1372566.233373515,153,1032676.2123567399,7769418.174512022,False,R1 to 23 Jan
R1,BTC|sell|40-60|2-7d,BTC,sell,40-60,2-7d,1079,432.39399000000003,6562897.123789674,10032948.179897232,1079,7457499.828686652,44330703.68042934,True,R1 to 23 Jan
R1,BTC|sell|40-60|30-90d,BTC,sell,40-60,30-90d,1207,1244.5205174165887,15852661.942231039,22729167.719362635,1207,16740127.753507491,114160648.7883485,True,R1 to 23 Jan
R1,BTC|sell|40-60|7-30d,BTC,sell,40-60,7-30d,1375,681.2760375131069,9789416.751976693,14486685.353309827,1375,10676764.539093412,69277107.09842278,True,R1 to 23 Jan
R1,BTC|sell|40-60|<=2d,BTC,sell,40-60,<=2d,1305,317.615325769464,4900936.7366387425,7700962.41107941,1305,5720312.267867695,33088841.88739767,True,R1 to 23 Jan
R1,BTC|sell|40-60|>90d,BTC,sell,40-60,>90d,149,30.90831,424031.7159355877,665778.6392762244,149,495583.9619461271,3253714.885752004,False,R1 to 23 Jan
R1,BTC|sell|60-75|2-7d,BTC,sell,60-75,2-7d,269,94.75236440376483,1403790.3392193343,2182365.743964375,269,1620677.7299224553,9352519.429505268,True,R1 to 23 Jan
R1,BTC|sell|60-75|30-90d,BTC,sell,60-75,30-90d,301,31.290568301916643,498114.08214257774,740132.2289688035,301,549998.3361411078,3320725.861470064,True,R1 to 23 Jan
R1,BTC|sell|60-75|7-30d,BTC,sell,60-75,7-30d,346,54.24101983971034,843743.284688217,1268248.08717297,346,936704.3979716955,5653003.07983686,True,R1 to 23 Jan
R1,BTC|sell|60-75|<=2d,BTC,sell,60-75,<=2d,299,84.07242000000001,1290355.2841295146,2045537.8926240732,299,1521255.1137301293,8645445.146954505,True,R1 to 23 Jan
R1,BTC|sell|60-75|>90d,BTC,sell,60-75,>90d,48,10.0822,161875.51622842246,250124.7771391196,48,188162.11038551136,1071180.0715764055,False,R1 to 23 Jan
R1,BTC|sell|75-90|2-7d,BTC,sell,75-90,2-7d,146,28.0321,425659.75903427287,674658.1408480699,146,502760.2366723545,2798692.2803043914,False,R1 to 23 Jan
R1,BTC|sell|75-90|30-90d,BTC,sell,75-90,30-90d,78,12.497580619738384,195338.8752956681,308539.48081472144,78,229233.65051817053,1276195.276592047,False,R1 to 23 Jan
R1,BTC|sell|75-90|7-30d,BTC,sell,75-90,7-30d,185,22.26226496612388,359754.4922094733,563721.5920593741,185,418761.0226521981,2377751.6961477557,False,R1 to 23 Jan
R1,BTC|sell|75-90|<=2d,BTC,sell,75-90,<=2d,188,35.02395,540548.418880616,865479.7190370525,188,644623.4134199669,3578384.6554979524,False,R1 to 23 Jan
R1,BTC|sell|75-90|>90d,BTC,sell,75-90,>90d,15,4.990680997991944,74137.15158182131,123846.47332364882,15,94427.08580182963,473458.80202389386,False,R1 to 23 Jan
R1,BTC|sell|90-100|2-7d,BTC,sell,90-100,2-7d,49,6.119,96287.06022823448,155981.43121061142,49,114541.77564520478,641025.1920503923,False,R1 to 23 Jan
R1,BTC|sell|90-100|30-90d,BTC,sell,90-100,30-90d,14,1.017801145955169,14375.247871609783,23133.503978675406,14,17506.717738362004,93884.89250318566,False,R1 to 23 Jan
R1,BTC|sell|90-100|7-30d,BTC,sell,90-100,7-30d,45,12.658239023457755,178193.33149613015,287617.197877465,45,209491.0315924149,1181892.4133154056,False,R1 to 23 Jan
R1,BTC|sell|90-100|<=2d,BTC,sell,90-100,<=2d,150,22.6288,361467.5115783734,583030.9385401274,150,433041.76716143405,2380001.1747692446,False,R1 to 23 Jan
R1,BTC|sell|90-100|>90d,BTC,sell,90-100,>90d,8,0.09,1474.1824323437181,2442.100109852242,8,1884.8088537650958,8966.47473095679,False,R1 to 23 Jan
R1,ETH|buy|00-10|2-7d,ETH,buy,00-10,2-7d,1037,14713.267421601993,129500.15296651635,165194.94254266936,1037,131284.42601136627,51429762.78734989,True,R1 to 23 Jan
R1,ETH|buy|00-10|30-90d,ETH,buy,00-10,30-90d,686,6783.156311654084,129349.20957937275,160216.20360482295,686,129378.9334868941,21553877.210718364,True,R1 to 23 Jan
R1,ETH|buy|00-10|7-30d,ETH,buy,00-10,7-30d,1255,15526.131468403968,193792.45457985482,243309.40187696932,1255,197444.00042351865,56113182.72630562,True,R1 to 23 Jan
R1,ETH|buy|00-10|<=2d,ETH,buy,00-10,<=2d,1155,4550.5,14303.937601742682,17732.09009476409,1155,15079.985081991492,16276625.331363387,True,R1 to 23 Jan
R1,ETH|buy|00-10|>90d,ETH,buy,00-10,>90d,219,480.512617177438,8920.758865536507,10344.316390615106,219,8827.041467710393,1343107.4877812073,True,R1 to 23 Jan
R1,ETH|buy|10-25|2-7d,ETH,buy,10-25,2-7d,2311,17247.11787838424,361092.5506595622,455779.2229175012,2311,361089.3042399465,59812898.98183821,True,R1 to 23 Jan
R1,ETH|buy|10-25|30-90d,ETH,buy,10-25,30-90d,1869,11147.847291082844,821749.0935817177,958653.7029411421,1869,768409.9639565885,36658130.540952936,True,R1 to 23 Jan
R1,ETH|buy|10-25|7-30d,ETH,buy,10-25,7-30d,3017,16971.886067235428,690469.7776690129,860962.6446642183,3017,686357.8284557962,58878957.513921246,True,R1 to 23 Jan
R1,ETH|buy|10-25|<=2d,ETH,buy,10-25,<=2d,2233,8686.889,97100.08143830873,119108.69194201652,2233,97100.08143830873,30453947.268712983,True,R1 to 23 Jan
R1,ETH|buy|10-25|>90d,ETH,buy,10-25,>90d,421,848.3016759168069,117855.4105451808,121801.5554883309,421,97879.51149785498,3118564.0279593943,True,R1 to 23 Jan
R1,ETH|buy|25-40|2-7d,ETH,buy,25-40,2-7d,2268,12556.915123448809,705503.7729144465,882576.5026416213,2268,705461.8909873063,46930142.23660391,True,R1 to 23 Jan
R1,ETH|buy|25-40|30-90d,ETH,buy,25-40,30-90d,2039,9344.9441,1751265.0075079498,1881453.2245656461,2039,1510709.420113123,33284733.130670637,True,R1 to 23 Jan
R1,ETH|buy|25-40|7-30d,ETH,buy,25-40,7-30d,3787,14322.749734250212,1376769.5276455323,1691160.6155702989,3787,1354443.4584679075,53792405.443721764,True,R1 to 23 Jan
R1,ETH|buy|25-40|<=2d,ETH,buy,25-40,<=2d,2126,10971.714,253688.346257125,313374.5494093195,2126,253688.34625712488,38680693.77539908,True,R1 to 23 Jan
R1,ETH|buy|25-40|>90d,ETH,buy,25-40,>90d,532,3417.862830399797,1029242.625398787,903149.9786753015,532,720954.8743349959,11331928.888293179,True,R1 to 23 Jan
R1,ETH|buy|40-60|2-7d,ETH,buy,40-60,2-7d,2761,42079.71,3370111.8738267715,4213174.005312476,2761,3369735.784457075,134961864.13970515,True,R1 to 23 Jan
R1,ETH|buy|40-60|30-90d,ETH,buy,40-60,30-90d,2405,9133.013340500698,3304580.7842813907,3100886.832442872,2405,2470238.6813175934,33515366.432553805,True,R1 to 23 Jan
R1,ETH|buy|40-60|7-30d,ETH,buy,40-60,7-30d,4015,10411.819295609908,1727442.4718902425,2058741.1343679558,4015,1653123.4210554543,36210815.59808437,True,R1 to 23 Jan
R1,ETH|buy|40-60|<=2d,ETH,buy,40-60,<=2d,2591,10216.121,400818.15333551593,500233.40452932497,2591,400818.1533337535,35825899.028364986,True,R1 to 23 Jan
R1,ETH|buy|40-60|>90d,ETH,buy,40-60,>90d,655,5003.036465559544,3864978.609885762,2450813.450790014,655,1870378.1068266502,18981397.638560984,True,R1 to 23 Jan
R1,ETH|buy|60-75|2-7d,ETH,buy,60-75,2-7d,791,10125.337580323949,1012663.6746863644,1266308.136452694,791,1011352.8409222971,32289342.02331248,True,R1 to 23 Jan
R1,ETH|buy|60-75|30-90d,ETH,buy,60-75,30-90d,599,2713.667735761017,1729577.021423802,1314270.3693970006,599,1018698.2586887678,10246328.521617658,True,R1 to 23 Jan
R1,ETH|buy|60-75|7-30d,ETH,buy,60-75,7-30d,1101,2174.9493074036604,662862.1403396337,734615.5677402667,1101,589168.2774847967,8092407.54332307,True,R1 to 23 Jan
R1,ETH|buy|60-75|<=2d,ETH,buy,60-75,<=2d,664,3045.7406328131,159499.79344731272,200028.86552345,664,159499.79338722405,10328644.341511242,True,R1 to 23 Jan
R1,ETH|buy|60-75|>90d,ETH,buy,60-75,>90d,261,1103.6678591308894,1328230.4292215016,712644.5481641769,261,523646.7249168731,4261823.88818527,True,R1 to 23 Jan
R1,ETH|buy|75-90|2-7d,ETH,buy,75-90,2-7d,345,1274.6859831777087,318180.37560994277,392303.15927351895,345,313282.6953353844,4210502.59193711,True,R1 to 23 Jan
R1,ETH|buy|75-90|30-90d,ETH,buy,75-90,30-90d,278,1080.3492181834972,1006068.0319765407,624077.375636612,278,467472.6757863842,3904564.8515664195,True,R1 to 23 Jan
R1,ETH|buy|75-90|7-30d,ETH,buy,75-90,7-30d,501,1135.6311650115497,618339.850265464,569228.5075885002,501,448444.12486754154,4168009.4501422904,True,R1 to 23 Jan
R1,ETH|buy|75-90|<=2d,ETH,buy,75-90,<=2d,398,851.5797731824728,97437.9817792464,123222.60825623298,398,97437.89807229355,2897704.2621010807,True,R1 to 23 Jan
R1,ETH|buy|75-90|>90d,ETH,buy,75-90,>90d,101,700.7162793089028,1244389.471868924,451787.87195456034,101,300582.56881640886,2200707.0077137006,False,R1 to 23 Jan
R1,ETH|buy|90-100|2-7d,ETH,buy,90-100,2-7d,187,578.4259124690786,319550.9162137972,274215.98668155266,187,213774.62291140197,1741702.741867966,False,R1 to 23 Jan
R1,ETH|buy|90-100|30-90d,ETH,buy,90-100,30-90d,144,796.7346452401596,1401007.3465015313,605239.0268860322,144,431168.55925499124,3142462.878920749,False,R1 to 23 Jan
R1,ETH|buy|90-100|7-30d,ETH,buy,90-100,7-30d,163,449.3213502281864,493434.480005308,290276.7140748394,163,212934.01350187315,1679893.7206340723,False,R1 to 23 Jan
R1,ETH|buy|90-100|<=2d,ETH,buy,90-100,<=2d,424,680.0053724996778,209413.52350004815,244902.16277221992,424,193757.92117316974,2546678.535725012,True,R1 to 23 Jan
R1,ETH|buy|90-100|>90d,ETH,buy,90-100,>90d,32,78.23723412990233,182380.644496346,71541.98104704561,32,47701.84786262497,334873.3939088023,False,R1 to 23 Jan
R1,ETH|sell|00-10|2-7d,ETH,sell,00-10,2-7d,2042,20435.144516256707,9275380.742258472,8667861.232018124,2042,8867809.834129777,71346146.1798577,True,R1 to 23 Jan
R1,ETH|sell|00-10|30-90d,ETH,sell,00-10,30-90d,1275,7179.508125074209,3154842.7137227063,2293782.4044700577,1275,2338751.8241408076,24287533.760000974,True,R1 to 23 Jan
R1,ETH|sell|00-10|7-30d,ETH,sell,00-10,7-30d,1795,17361.84032487481,7854559.759864399,5942294.556739827,1795,6836067.00673532,60450962.348677166,True,R1 to 23 Jan
R1,ETH|sell|00-10|<=2d,ETH,sell,00-10,<=2d,4964,36081.59069551285,16851765.659560017,21111399.280344233,4964,17842119.005866386,129628027.16491072,True,R1 to 23 Jan
R1,ETH|sell|00-10|>90d,ETH,sell,00-10,>90d,183,539.0735419933936,264612.88351832057,194280.3028029416,183,180537.19839694686,2055305.0345044392,False,R1 to 23 Jan
R1,ETH|sell|10-25|2-7d,ETH,sell,10-25,2-7d,2505,18532.575682685212,8111852.282427807,10139024.326090023,2505,8337669.511324775,62427338.46847559,True,R1 to 23 Jan
R1,ETH|sell|10-25|30-90d,ETH,sell,10-25,30-90d,2383,10425.567861230398,4409101.039706387,4911530.302831981,2383,4217250.2929641,34019765.78605754,True,R1 to 23 Jan
R1,ETH|sell|10-25|7-30d,ETH,sell,10-25,7-30d,3109,15729.249818945855,7168959.475211999,8238266.682737632,3109,7112846.820965869,55277751.40877752,True,R1 to 23 Jan
R1,ETH|sell|10-25|<=2d,ETH,sell,10-25,<=2d,4133,15019.84505769464,7067179.415151992,10837198.818798296,4133,8017870.603218616,53901105.19551567,True,R1 to 23 Jan
R1,ETH|sell|10-25|>90d,ETH,sell,10-25,>90d,427,1790.6917987285635,753880.9872801225,910231.0641082122,427,687525.108045002,5813251.244264109,True,R1 to 23 Jan
R1,ETH|sell|25-40|2-7d,ETH,sell,25-40,2-7d,2304,16379.778762662942,7517532.367931898,11614580.726958338,2304,8573046.566785546,56755126.32496364,True,R1 to 23 Jan
R1,ETH|sell|25-40|30-90d,ETH,sell,25-40,30-90d,2314,7653.927213017799,3556486.3986675455,5032761.765964754,2314,3751580.1004903982,27483097.29905945,True,R1 to 23 Jan
R1,ETH|sell|25-40|7-30d,ETH,sell,25-40,7-30d,3368,13076.949828652954,6121780.35197057,8688918.623687645,3368,6446693.952459818,47314352.471155226,True,R1 to 23 Jan
R1,ETH|sell|25-40|<=2d,ETH,sell,25-40,<=2d,3842,12142.831757851849,5906546.135462956,9418259.754802497,3842,6974072.151407851,42705266.19549586,True,R1 to 23 Jan
R1,ETH|sell|25-40|>90d,ETH,sell,25-40,>90d,514,1656.840336659396,764550.4415991612,1255189.370630201,514,927647.8264849968,6263334.361251746,True,R1 to 23 Jan
R1,ETH|sell|40-60|2-7d,ETH,sell,40-60,2-7d,3211,40716.0385,18598256.942142554,27922561.486410283,3211,20659997.48993669,128873865.84479631,True,R1 to 23 Jan
R1,ETH|sell|40-60|30-90d,ETH,sell,40-60,30-90d,3269,8598.029254563928,4165683.4416852277,6639561.238721913,3269,4912312.8552757,30729562.16172501,True,R1 to 23 Jan
R1,ETH|sell|40-60|7-30d,ETH,sell,40-60,7-30d,4233,9678.433598931342,4929463.825683898,7263826.627492782,4233,5337655.280503432,34998989.74530533,True,R1 to 23 Jan
R1,ETH|sell|40-60|<=2d,ETH,sell,40-60,<=2d,4231,11141.107,5583218.023477925,8638115.91225238,4231,6403961.145594617,38094699.64468727,True,R1 to 23 Jan
R1,ETH|sell|40-60|>90d,ETH,sell,40-60,>90d,1022,4089.9260386847977,1935013.6138210532,3345132.66342722,1022,2512074.161511704,14536196.355435537,True,R1 to 23 Jan
R1,ETH|sell|60-75|2-7d,ETH,sell,60-75,2-7d,780,4699.937,2285976.207150588,3496810.9128888305,780,2612946.611234219,15279404.436575135,True,R1 to 23 Jan
R1,ETH|sell|60-75|30-90d,ETH,sell,60-75,30-90d,624,1439.2897149245505,802470.9232116528,1248744.3871460727,624,925773.7566164689,5340774.631789336,True,R1 to 23 Jan
R1,ETH|sell|60-75|7-30d,ETH,sell,60-75,7-30d,1014,2150.4198684003604,1182222.16709385,1779332.6197337762,1014,1312700.076378774,7877107.901999637,True,R1 to 23 Jan
R1,ETH|sell|60-75|<=2d,ETH,sell,60-75,<=2d,862,2448.87,1240797.3502578049,1939972.5817539936,862,1442647.5023510663,8299207.54780394,True,R1 to 23 Jan
R1,ETH|sell|60-75|>90d,ETH,sell,60-75,>90d,528,1720.302763172052,898514.8138692002,1547340.228413391,528,1187397.9827407487,5785030.465168714,True,R1 to 23 Jan
R1,ETH|sell|75-90|2-7d,ETH,sell,75-90,2-7d,427,1286.8884649362294,629429.0007828706,991375.0334499375,427,731851.6527033316,4183490.7318335846,True,R1 to 23 Jan
R1,ETH|sell|75-90|30-90d,ETH,sell,75-90,30-90d,275,1945.7791764446717,1057289.8502867054,1724210.7826821543,275,1270219.1011327242,7015567.338091454,True,R1 to 23 Jan
R1,ETH|sell|75-90|7-30d,ETH,sell,75-90,7-30d,477,1594.0733199992808,855835.8923340525,1371930.6888259696,477,1006247.726161524,5780843.283498831,True,R1 to 23 Jan
R1,ETH|sell|75-90|<=2d,ETH,sell,75-90,<=2d,594,988.6628798129402,500845.1376876928,804095.793611434,594,595220.9123946291,3353991.638110513,True,R1 to 23 Jan
R1,ETH|sell|75-90|>90d,ETH,sell,75-90,>90d,264,1077.2045762669939,710603.6364749789,1192261.0827453248,264,926288.0059917603,4175738.036098856,True,R1 to 23 Jan
R1,ETH|sell|90-100|2-7d,ETH,sell,90-100,2-7d,196,593.6164172890371,314327.68313656596,514391.8152034153,196,374556.0428475422,2142437.8217186937,False,R1 to 23 Jan
R1,ETH|sell|90-100|30-90d,ETH,sell,90-100,30-90d,168,1159.1813047236203,712868.0146441392,1193367.907664816,168,883948.8285055644,4624022.268783481,False,R1 to 23 Jan
R1,ETH|sell|90-100|7-30d,ETH,sell,90-100,7-30d,208,1269.8011170478737,679574.0487278593,1113481.353379292,208,809902.4033575256,4563597.279902946,True,R1 to 23 Jan
R1,ETH|sell|90-100|<=2d,ETH,sell,90-100,<=2d,558,1101.9679178518481,600801.8701775384,975531.650698565,558,719681.0995195039,4019176.750847216,True,R1 to 23 Jan
R1,ETH|sell|90-100|>90d,ETH,sell,90-100,>90d,84,354.44363985716785,267341.19218038174,446314.14386500296,84,348981.29663460416,1536969.4712919248,False,R1 to 23 Jan
R1,HYPE|buy|00-10|2-7d,HYPE,buy,00-10,2-7d,15,5308.0,799.16,,0,898.0724430701031,152429.60768182736,False,R1 to 23 Jan
R1,HYPE|buy|00-10|30-90d,HYPE,buy,00-10,30-90d,3,1610.0,714.6,,0,818.8425760545412,50931.70957582412,False,R1 to 23 Jan
R1,HYPE|buy|00-10|7-30d,HYPE,buy,00-10,7-30d,41,20416.0,3668.87,,0,4545.92932730649,570556.3011369011,False,R1 to 23 Jan
R1,HYPE|buy|00-10|<=2d,HYPE,buy,00-10,<=2d,7,4012.0,380.42,,0,472.51536213432297,141558.9940409473,False,R1 to 23 Jan
R1,HYPE|buy|10-25|2-7d,HYPE,buy,10-25,2-7d,128,60216.8,19391.688000000002,,0,21919.88863653043,1571864.5803936154,False,R1 to 23 Jan
R1,HYPE|buy|10-25|30-90d,HYPE,buy,10-25,30-90d,55,17199.0,15860.32,,0,17411.000028593855,452656.93281685904,False,R1 to 23 Jan
R1,HYPE|buy|10-25|7-30d,HYPE,buy,10-25,7-30d,226,93019.8,45337.60511554864,,0,51525.59366727735,2487818.1707035345,True,R1 to 23 Jan
R1,HYPE|buy|10-25|<=2d,HYPE,buy,10-25,<=2d,93,43785.3805,11540.816733714135,,0,12681.435366143818,1267178.3349591228,False,R1 to 23 Jan
R1,HYPE|buy|25-40|2-7d,HYPE,buy,25-40,2-7d,76,24413.0,13501.98,,0,15543.301437018705,631527.8983189006,False,R1 to 23 Jan
R1,HYPE|buy|25-40|30-90d,HYPE,buy,25-40,30-90d,44,12226.8,19258.98,,0,21406.744491468642,295978.22477694054,False,R1 to 23 Jan
R1,HYPE|buy|25-40|7-30d,HYPE,buy,25-40,7-30d,129,34799.0,35904.71,,0,40771.97450093465,874711.8756949771,False,R1 to 23 Jan
R1,HYPE|buy|25-40|<=2d,HYPE,buy,25-40,<=2d,69,26007.0,9404.8,,0,10640.672806969447,750950.8643264195,False,R1 to 23 Jan
R1,HYPE|buy|40-60|2-7d,HYPE,buy,40-60,2-7d,50,15564.0,15071.655,,0,17207.543591435435,395797.80609597353,False,R1 to 23 Jan
R1,HYPE|buy|40-60|30-90d,HYPE,buy,40-60,30-90d,53,16239.0,37410.366,,0,38518.989987960755,383632.5371024269,False,R1 to 23 Jan
R1,HYPE|buy|40-60|7-30d,HYPE,buy,40-60,7-30d,117,36596.5,59990.095,,0,67823.1155989051,882772.3479846686,False,R1 to 23 Jan
R1,HYPE|buy|40-60|<=2d,HYPE,buy,40-60,<=2d,26,6723.5,3625.165,,0,4121.990866633728,189539.1535308214,False,R1 to 23 Jan
R1,HYPE|buy|60-75|2-7d,HYPE,buy,60-75,2-7d,7,1131.0,1826.65,,0,2099.2723041553854,29102.83873521528,False,R1 to 23 Jan
R1,HYPE|buy|60-75|30-90d,HYPE,buy,60-75,30-90d,6,2233.0,14436.330000000002,,0,10466.685225499517,54806.575267068656,False,R1 to 23 Jan
R1,HYPE|buy|60-75|7-30d,HYPE,buy,60-75,7-30d,9,3641.0,9496.84,,0,10477.890684338636,91457.69319522599,False,R1 to 23 Jan
R1,HYPE|buy|60-75|<=2d,HYPE,buy,60-75,<=2d,9,2407.0,1395.93,,0,1623.4659800366408,52589.11981564411,False,R1 to 23 Jan
R1,HYPE|buy|75-90|2-7d,HYPE,buy,75-90,2-7d,8,2036.0,3910.1800000000003,,0,4495.203854829262,44831.647993819686,False,R1 to 23 Jan
R1,HYPE|buy|75-90|30-90d,HYPE,buy,75-90,30-90d,6,53.8,466.034,,0,291.93966442764145,1180.9184059212648,False,R1 to 23 Jan
R1,HYPE|buy|75-90|7-30d,HYPE,buy,75-90,7-30d,4,140.0,734.25,,0,808.8546942866832,4570.764529076118,False,R1 to 23 Jan
R1,HYPE|buy|75-90|<=2d,HYPE,buy,75-90,<=2d,5,314.0,252.8,,0,290.44625014512843,9022.026297660996,False,R1 to 23 Jan
R1,HYPE|buy|90-100|2-7d,HYPE,buy,90-100,2-7d,7,85.0,327.25,,0,364.6378298409817,2077.957594902381,False,R1 to 23 Jan
R1,HYPE|buy|90-100|30-90d,HYPE,buy,90-100,30-90d,1,1.0,72.38,,0,8.800033866713491,27.52340911579706,False,R1 to 23 Jan
R1,HYPE|buy|90-100|7-30d,HYPE,buy,90-100,7-30d,6,5001.0,39056.26,,0,36442.782632055554,138968.08857269556,False,R1 to 23 Jan
R1,HYPE|buy|90-100|<=2d,HYPE,buy,90-100,<=2d,8,4509.28812142088,17476.46038843485,,0,20097.152407794027,142335.7913111245,False,R1 to 23 Jan
R1,HYPE|sell|00-10|2-7d,HYPE,sell,00-10,2-7d,14,4276.0,31349.857502038947,,0,47609.39549567057,127528.6028722417,False,R1 to 23 Jan
R1,HYPE|sell|00-10|30-90d,HYPE,sell,00-10,30-90d,1,100.0,841.7392029459636,,0,578.1754257020394,3419.3746022765213,False,R1 to 23 Jan
R1,HYPE|sell|00-10|7-30d,HYPE,sell,00-10,7-30d,22,2068.0,14658.835574999575,,0,17693.478403598605,60394.18681068999,False,R1 to 23 Jan
R1,HYPE|sell|00-10|<=2d,HYPE,sell,00-10,<=2d,56,34275.0,249146.08244870967,,0,370104.4731722711,1006580.5376377517,False,R1 to 23 Jan
R1,HYPE|sell|10-25|2-7d,HYPE,sell,10-25,2-7d,45,15144.996559690115,108341.06558680607,,0,163129.61642051194,442050.88750100276,False,R1 to 23 Jan
R1,HYPE|sell|10-25|30-90d,HYPE,sell,10-25,30-90d,27,4144.0,26339.427824335588,,0,35990.76062274256,110392.7038305418,False,R1 to 23 Jan
R1,HYPE|sell|10-25|7-30d,HYPE,sell,10-25,7-30d,41,8973.0,60446.1373918877,,0,88318.77048143918,257238.00070313129,False,R1 to 23 Jan
R1,HYPE|sell|10-25|<=2d,HYPE,sell,10-25,<=2d,83,55549.0,407862.1800372935,,0,615643.0102005689,1633453.9419321232,False,R1 to 23 Jan
R1,HYPE|sell|25-40|2-7d,HYPE,sell,25-40,2-7d,29,8069.0,52455.00646579668,,0,73714.29145462476,210849.71567931006,False,R1 to 23 Jan
R1,HYPE|sell|25-40|30-90d,HYPE,sell,25-40,30-90d,21,4199.6,24404.462867458005,,0,37257.760762867016,109408.9499726552,False,R1 to 23 Jan
R1,HYPE|sell|25-40|7-30d,HYPE,sell,25-40,7-30d,60,13342.0,90509.2410933474,,0,139801.82161557555,395432.47406346933,False,R1 to 23 Jan
R1,HYPE|sell|25-40|<=2d,HYPE,sell,25-40,<=2d,58,26205.0,201946.00948560954,,0,283713.21489136305,754716.3427479254,False,R1 to 23 Jan
R1,HYPE|sell|40-60|2-7d,HYPE,sell,40-60,2-7d,39,17605.0,129416.25342518456,,0,171229.0940081782,460534.8272426389,False,R1 to 23 Jan
R1,HYPE|sell|40-60|30-90d,HYPE,sell,40-60,30-90d,88,36352.8,218488.49362998985,,0,336887.6855292532,908672.1231469675,False,R1 to 23 Jan
R1,HYPE|sell|40-60|7-30d,HYPE,sell,40-60,7-30d,68,14950.0,123225.22393198019,,0,171134.14593987618,461904.74968314846,False,R1 to 23 Jan
R1,HYPE|sell|40-60|<=2d,HYPE,sell,40-60,<=2d,95,34554.0,278158.8098204385,,0,367401.0877413301,969375.3770859416,False,R1 to 23 Jan
R1,HYPE|sell|60-75|2-7d,HYPE,sell,60-75,2-7d,10,3060.0,24911.77420145609,,0,31791.58429058036,86341.38923683167,False,R1 to 23 Jan
R1,HYPE|sell|60-75|30-90d,HYPE,sell,60-75,30-90d,2,10.8,68.43895571319254,,0,91.55765102417324,235.07654153597238,False,R1 to 23 Jan
R1,HYPE|sell|60-75|7-30d,HYPE,sell,60-75,7-30d,4,35.0,281.3500609730945,,0,369.0764008318972,995.0853817538084,False,R1 to 23 Jan
R1,HYPE|sell|60-75|<=2d,HYPE,sell,60-75,<=2d,10,1915.0,15502.699959399959,,0,20565.129886052568,53561.379173519206,False,R1 to 23 Jan
R1,HYPE|sell|75-90|2-7d,HYPE,sell,75-90,2-7d,4,322.0,2545.7310874242276,,0,3309.276134119002,8573.218060486737,False,R1 to 23 Jan
R1,HYPE|sell|75-90|30-90d,HYPE,sell,75-90,30-90d,5,1502.0,10701.727165227903,,0,14546.967981944154,36379.828571479884,False,R1 to 23 Jan
R1,HYPE|sell|75-90|7-30d,HYPE,sell,75-90,7-30d,7,5200.0,37398.107615623485,,0,49680.255252183975,127594.238045261,False,R1 to 23 Jan
R1,HYPE|sell|75-90|<=2d,HYPE,sell,75-90,<=2d,8,816.0,7281.732448316338,,0,9506.608063813366,24133.166892649137,False,R1 to 23 Jan
R1,HYPE|sell|90-100|2-7d,HYPE,sell,90-100,2-7d,4,1030.0,6627.3093092922245,,0,8933.019240999118,22368.084860421168,False,R1 to 23 Jan
R1,HYPE|sell|90-100|30-90d,HYPE,sell,90-100,30-90d,1,1.0,17.192377678238714,,0,9.760930134097308,27.101408498763465,False,R1 to 23 Jan
R1,HYPE|sell|90-100|7-30d,HYPE,sell,90-100,7-30d,10,5531.0,46247.30036605951,,0,62764.469159474436,156163.3660120172,False,R1 to 23 Jan
R1,HYPE|sell|90-100|<=2d,HYPE,sell,90-100,<=2d,3,18.0,132.394561993724,,0,175.7902399048966,442.87431332503377,False,R1 to 23 Jan
R2,BTC|buy|00-10|2-7d,BTC,buy,00-10,2-7d,602,1059.15944,103733.51719147545,134891.3836466693,602,107444.2473642386,77522782.44314103,True,R2 to 24 May
R2,BTC|buy|00-10|30-90d,BTC,buy,00-10,30-90d,343,694.1572,364208.95819661114,446684.75546459784,343,352243.262415221,50467594.40961729,True,R2 to 24 May
R2,BTC|buy|00-10|7-30d,BTC,buy,00-10,7-30d,657,1322.329492146653,222391.67634845167,284112.93164122326,657,222326.9594730558,95492012.28763902,True,R2 to 24 May
R2,BTC|buy|00-10|<=2d,BTC,buy,00-10,<=2d,659,695.033236,31621.706585906577,40400.13367659853,659,31754.2744606827,49543173.866871886,True,R2 to 24 May
R2,BTC|buy|00-10|>90d,BTC,buy,00-10,>90d,126,502.14437893039366,330391.2919169022,406370.71257317375,126,318534.43380068213,35522095.73381227,False,R2 to 24 May
R2,BTC|buy|10-25|2-7d,BTC,buy,10-25,2-7d,1318,1418.86555,479544.52875149617,606183.9517512475,1318,479543.6071713633,103121846.09906617,True,R2 to 24 May
R2,BTC|buy|10-25|30-90d,BTC,buy,10-25,30-90d,623,663.858181,833590.8687026888,1007664.9323302502,623,806985.3281630259,47443497.20699433,True,R2 to 24 May
R2,BTC|buy|10-25|7-30d,BTC,buy,10-25,7-30d,1348,1870.0548639486076,1267796.5409797558,1594535.6352535358,1348,1266249.8914826298,135082580.84126678,True,R2 to 24 May
R2,BTC|buy|10-25|<=2d,BTC,buy,10-25,<=2d,1044,691.515402,102621.91374164129,130404.67354091357,1044,102621.91374164129,49716086.00773651,True,R2 to 24 May
R2,BTC|buy|10-25|>90d,BTC,buy,10-25,>90d,135,682.4025,970774.5188946795,1141074.8258574952,135,905980.907669931,49206134.49474065,False,R2 to 24 May
R2,BTC|buy|25-40|2-7d,BTC,buy,25-40,2-7d,584,410.4904,279319.06741895055,349931.1733347528,584,279317.51764462085,29748801.955556184,True,R2 to 24 May
R2,BTC|buy|25-40|30-90d,BTC,buy,25-40,30-90d,736,958.9200720073692,2340978.7400491247,2800807.1380227655,736,2251292.488767306,73651141.60247602,True,R2 to 24 May
R2,BTC|buy|25-40|7-30d,BTC,buy,25-40,7-30d,1037,3456.60504,4819308.559535024,5996354.505683209,1037,4795540.598133591,246486000.74347058,True,R2 to 24 May
R2,BTC|buy|25-40|<=2d,BTC,buy,25-40,<=2d,898,470.69786700000003,189932.09333283495,237400.40317577208,898,189932.09333276015,33679820.81130768,True,R2 to 24 May
R2,BTC|buy|25-40|>90d,BTC,buy,25-40,>90d,91,153.25554,662401.3214026041,631285.8876985459,91,509485.52608128556,10972058.502621781,False,R2 to 24 May
R2,BTC|buy|40-60|2-7d,BTC,buy,40-60,2-7d,694,1366.9037999678,2003613.825605666,2507413.2741873194,694,2003603.2524952667,99175813.66623896,True,R2 to 24 May
R2,BTC|buy|40-60|30-90d,BTC,buy,40-60,30-90d,408,432.24179876980367,2259119.949022,2293898.6741157025,408,1860932.4541930747,29614752.43995259,True,R2 to 24 May
R2,BTC|buy|40-60|7-30d,BTC,buy,40-60,7-30d,867,1217.74749,3368106.8258416923,4072682.317378046,867,3269712.032211148,86948345.76144823,True,R2 to 24 May
R2,BTC|buy|40-60|<=2d,BTC,buy,40-60,<=2d,827,515.25832,356390.2069088013,445209.26710811455,827,356390.2065580226,38354131.86755276,True,R2 to 24 May
R2,BTC|buy|40-60|>90d,BTC,buy,40-60,>90d,94,193.32738912154184,1638667.157699851,1367785.1884827584,94,1106344.2484269456,14337183.72091012,False,R2 to 24 May
R2,BTC|buy|60-75|2-7d,BTC,buy,60-75,2-7d,375,404.97096,1049506.7169132594,1318374.87099441,375,1049196.279764174,29091008.79877248,True,R2 to 24 May
R2,BTC|buy|60-75|30-90d,BTC,buy,60-75,30-90d,91,232.24399,1525776.3818461192,1655597.2116545897,91,1329844.9753850822,18165779.173025683,False,R2 to 24 May
R2,BTC|buy|60-75|7-30d,BTC,buy,60-75,7-30d,304,831.04410836956,3316871.253831405,4090029.051604014,304,3271850.9808843383,61212546.63868558,True,R2 to 24 May
R2,BTC|buy|60-75|<=2d,BTC,buy,60-75,<=2d,280,360.51104,509312.8498541028,638033.9788245952,280,509312.8498541028,25869158.806673642,True,R2 to 24 May
R2,BTC|buy|60-75|>90d,BTC,buy,60-75,>90d,24,3.7439999999999998,46076.086255078684,37019.97425566199,24,29655.55539623564,273400.5089259068,False,R2 to 24 May
R2,BTC|buy|75-90|2-7d,BTC,buy,75-90,2-7d,139,127.62724,462287.5018947498,584372.6131655992,139,462005.9295377221,9442118.849895926,False,R2 to 24 May
R2,BTC|buy|75-90|30-90d,BTC,buy,75-90,30-90d,64,17.620970997991943,198001.05162316622,169414.52034298214,64,135214.6220670307,1324544.2105116132,False,R2 to 24 May
R2,BTC|buy|75-90|7-30d,BTC,buy,75-90,7-30d,246,172.75884240277378,1276178.0973127815,1378596.9203009503,246,1103361.6251336064,12397338.768729907,True,R2 to 24 May
R2,BTC|buy|75-90|<=2d,BTC,buy,75-90,<=2d,209,102.22235,196129.42874319156,248690.77461509415,209,196129.42874315145,7338085.793863641,True,R2 to 24 May
R2,BTC|buy|75-90|>90d,BTC,buy,75-90,>90d,7,1.1497600000000001,31247.328634605637,14560.14996916768,7,11156.176930052257,77809.38967104902,False,R2 to 24 May
R2,BTC|buy|90-100|2-7d,BTC,buy,90-100,2-7d,80,449.17966,2611976.3970959936,3240772.9201637395,80,2588551.7612451226,36167621.121756315,False,R2 to 24 May
R2,BTC|buy|90-100|30-90d,BTC,buy,90-100,30-90d,34,2.4994506112011297,63982.98760392353,32894.34315059782,34,25261.803381216832,183186.0112594996,False,R2 to 24 May
R2,BTC|buy|90-100|7-30d,BTC,buy,90-100,7-30d,65,57.6794984398336,990382.5290690726,656684.7266018783,65,514402.10533829336,3926279.9812578964,False,R2 to 24 May
R2,BTC|buy|90-100|<=2d,BTC,buy,90-100,<=2d,186,57.28042084260738,191148.12583951064,230599.05278363428,186,184514.2859178428,4087741.475972842,False,R2 to 24 May
R2,BTC|buy|90-100|>90d,BTC,buy,90-100,>90d,14,3.61413,142636.52871,63268.69725200536,14,48160.432673771356,282875.3404255383,False,R2 to 24 May
R2,BTC|sell|00-10|2-7d,BTC,sell,00-10,2-7d,946,1397.54063,13194257.08296542,14205187.221283602,946,10707252.022728862,101551612.56231554,True,R2 to 24 May
R2,BTC|sell|00-10|30-90d,BTC,sell,00-10,30-90d,322,520.45077,5345344.264908922,3629167.8052617842,322,3643771.4668966066,41076557.53300396,True,R2 to 24 May
R2,BTC|sell|00-10|7-30d,BTC,sell,00-10,7-30d,895,839.7643847513814,7925755.165534078,6865875.205746259,895,5700208.107869357,60755412.62522813,True,R2 to 24 May
R2,BTC|sell|00-10|<=2d,BTC,sell,00-10,<=2d,1557,1064.971847,10286179.85080669,13753204.187502772,1557,10544060.89343305,78710293.48940872,True,R2 to 24 May
R2,BTC|sell|00-10|>90d,BTC,sell,00-10,>90d,101,61.690608352504576,572587.1450386868,399064.9795088083,101,362977.0404242757,4378825.928134242,False,R2 to 24 May
R2,BTC|sell|10-25|2-7d,BTC,sell,10-25,2-7d,962,1067.84195,10265628.616321523,14620567.568205317,962,10901970.587146493,79089646.73428716,True,R2 to 24 May
R2,BTC|sell|10-25|30-90d,BTC,sell,10-25,30-90d,881,868.9357588505562,8410940.872674122,8657302.730274959,881,6500992.325122617,64665840.450294465,True,R2 to 24 May
R2,BTC|sell|10-25|7-30d,BTC,sell,10-25,7-30d,1293,2462.84981,23057364.31581103,27744704.873358812,1293,20489917.39587222,177377515.72812435,True,R2 to 24 May
R2,BTC|sell|10-25|<=2d,BTC,sell,10-25,<=2d,983,525.166738,4978500.901655669,7955205.511398895,983,5988421.77270454,37513576.75340282,True,R2 to 24 May
R2,BTC|sell|10-25|>90d,BTC,sell,10-25,>90d,177,427.66774,4070105.8846879993,3999089.7545477594,177,3110487.4074755856,31020656.778819248,False,R2 to 24 May
R2,BTC|sell|25-40|2-7d,BTC,sell,25-40,2-7d,712,1171.60731,11098892.546798185,17070821.96259738,712,12803796.784020307,84872940.30718057,True,R2 to 24 May
R2,BTC|sell|25-40|30-90d,BTC,sell,25-40,30-90d,738,1214.862869,11361124.022134274,15055735.33164921,738,11150531.14480384,87949587.00889349,True,R2 to 24 May
R2,BTC|sell|25-40|7-30d,BTC,sell,25-40,7-30d,1196,2351.62538458478,21489404.671623554,30980461.33697081,1196,23098082.205683906,166214630.18340695,True,R2 to 24 May
R2,BTC|sell|25-40|<=2d,BTC,sell,25-40,<=2d,770,458.97482,4529241.412756083,7294043.943925567,770,5505084.6664991565,32664303.270283844,True,R2 to 24 May
R2,BTC|sell|25-40|>90d,BTC,sell,25-40,>90d,162,503.87403912154184,4701905.94447559,6650813.2952972045,162,4946735.108510922,36497589.36353695,False,R2 to 24 May
R2,BTC|sell|40-60|2-7d,BTC,sell,40-60,2-7d,807,781.12102,8400067.360535823,12762913.022415407,807,9612192.910388011,58202856.146463305,True,R2 to 24 May
R2,BTC|sell|40-60|30-90d,BTC,sell,40-60,30-90d,510,738.2065549116702,7399180.588207076,10963770.39944105,510,8205479.754541831,55718439.68797503,True,R2 to 24 May
R2,BTC|sell|40-60|7-30d,BTC,sell,40-60,7-30d,1231,1970.987,19752943.205677684,28917377.308957554,1231,21705812.184621144,140588129.31910947,True,R2 to 24 May
R2,BTC|sell|40-60|<=2d,BTC,sell,40-60,<=2d,845,529.65705,5723521.053784873,8940619.99483116,845,6762806.303655118,38612991.475756556,True,R2 to 24 May
R2,BTC|sell|40-60|>90d,BTC,sell,40-60,>90d,139,150.99473891259535,1486949.7416473732,2393953.9025455336,139,1799802.6769891363,11375154.408838904,False,R2 to 24 May
R2,BTC|sell|60-75|2-7d,BTC,sell,60-75,2-7d,232,575.13007,6181897.11245083,9656467.575034615,232,7310148.731141697,41284937.71495263,True,R2 to 24 May
R2,BTC|sell|60-75|30-90d,BTC,sell,60-75,30-90d,97,21.12923848496869,221384.7480122137,330796.75421747606,97,249523.4242712114,1484907.4265255677,False,R2 to 24 May
R2,BTC|sell|60-75|7-30d,BTC,sell,60-75,7-30d,300,1023.847556241817,11584078.95791036,17382813.1291333,300,13127699.788290422,77318044.8998854,True,R2 to 24 May
R2,BTC|sell|60-75|<=2d,BTC,sell,60-75,<=2d,244,128.81583,1416473.3142420785,2240416.104812883,244,1698325.9979115785,9445960.330911545,True,R2 to 24 May
R2,BTC|sell|60-75|>90d,BTC,sell,60-75,>90d,30,13.08763,153699.94081108706,248633.70363805525,30,189109.16899501916,1013440.2657003312,False,R2 to 24 May
R2,BTC|sell|75-90|2-7d,BTC,sell,75-90,2-7d,73,114.99994,1342180.789580407,2133479.7381315185,73,1620153.207075875,8877533.043296147,False,R2 to 24 May
R2,BTC|sell|75-90|30-90d,BTC,sell,75-90,30-90d,58,5.62103,60064.767993716654,94345.78783097838,58,71504.89674198783,399696.685523264,False,R2 to 24 May
R2,BTC|sell|75-90|7-30d,BTC,sell,75-90,7-30d,109,245.4226454219598,2671728.391498095,4191529.2149642934,109,3177178.944692726,17757988.765052713,False,R2 to 24 May
R2,BTC|sell|75-90|<=2d,BTC,sell,75-90,<=2d,109,124.14780730078894,1322504.2793294084,2113856.4117701175,109,1602524.1612447507,8826674.19736362,False,R2 to 24 May
R2,BTC|sell|75-90|>90d,BTC,sell,75-90,>90d,8,0.8251000000000001,8744.766230447922,15444.452766928256,8,11881.764473595715,55580.709325762524,False,R2 to 24 May
R2,BTC|sell|90-100|2-7d,BTC,sell,90-100,2-7d,47,13.365186749454233,152128.75291153326,246084.89593219003,47,186842.90104831,1011575.5640908706,False,R2 to 24 May
R2,BTC|sell|90-100|30-90d,BTC,sell,90-100,30-90d,32,1.06628,11933.287877530502,19081.524638171184,32,14564.882036797673,77157.26587248653,False,R2 to 24 May
R2,BTC|sell|90-100|7-30d,BTC,sell,90-100,7-30d,63,36.57171089612088,394344.99622623174,626910.454960592,63,480868.58086910116,2491066.8332648114,False,R2 to 24 May
R2,BTC|sell|90-100|<=2d,BTC,sell,90-100,<=2d,193,128.41642673893998,1391659.1474387252,2251193.757819281,193,1709812.588517549,9236878.912376612,False,R2 to 24 May
R2,BTC|sell|90-100|>90d,BTC,sell,90-100,>90d,63,27.642599999999998,335101.8371776165,556917.1006888987,63,429719.20007399813,2026971.7041946147,False,R2 to 24 May
R2,ETH|buy|00-10|2-7d,ETH,buy,00-10,2-7d,822,12224.197302938797,46178.89625295156,60143.95878454813,822,46948.00417635631,27220302.261994693,True,R2 to 24 May
R2,ETH|buy|00-10|30-90d,ETH,buy,00-10,30-90d,505,11426.804468233444,158438.21818780364,191774.3522412093,505,161650.20885056286,25395826.960950416,True,R2 to 24 May
R2,ETH|buy|00-10|7-30d,ETH,buy,00-10,7-30d,793,12730.823532085771,118334.3952041866,149455.31589476095,793,120658.97452468492,27807642.72115896,True,R2 to 24 May
R2,ETH|buy|00-10|<=2d,ETH,buy,00-10,<=2d,621,6165.814359750407,10859.24762254965,13754.928913300238,621,11779.36191944577,13561568.241961759,True,R2 to 24 May
R2,ETH|buy|00-10|>90d,ETH,buy,00-10,>90d,69,656.0333986670726,14333.002722471747,15563.492368018004,69,13468.133536744162,1397599.072035999,False,R2 to 24 May
R2,ETH|buy|10-25|2-7d,ETH,buy,10-25,2-7d,1639,19489.5647,223357.85098569057,284167.3746693436,1639,223355.26467238946,44009636.35218736,True,R2 to 24 May
R2,ETH|buy|10-25|30-90d,ETH,buy,10-25,30-90d,1090,24160.25461810156,1046914.6004552562,1223722.0219516386,1090,979667.0329123305,52287552.94275657,True,R2 to 24 May
R2,ETH|buy|10-25|7-30d,ETH,buy,10-25,7-30d,1555,18068.116501545475,483646.16630615445,602110.4737422363,1555,479783.78540770325,40064012.817564204,True,R2 to 24 May
R2,ETH|buy|10-25|<=2d,ETH,buy,10-25,<=2d,1124,8825.735162677887,66903.80468088415,82832.89858563022,1124,66903.80468088415,19323827.825026844,True,R2 to 24 May
R2,ETH|buy|10-25|>90d,ETH,buy,10-25,>90d,229,4082.394174037749,357935.8851019298,377401.67035339854,229,304225.53104822326,8952054.957965983,True,R2 to 24 May
R2,ETH|buy|25-40|2-7d,ETH,buy,25-40,2-7d,787,4340.914,127293.87747037146,159039.54810398404,787,127288.71947659658,9444756.116130814,True,R2 to 24 May
R2,ETH|buy|25-40|30-90d,ETH,buy,25-40,30-90d,933,10624.639275742678,1309892.3060707094,1347783.5831309594,933,1091673.1400764326,23275912.516216733,True,R2 to 24 May
R2,ETH|buy|25-40|7-30d,ETH,buy,25-40,7-30d,1318,17039.025529595998,1007617.7398713492,1232956.8313013378,1318,986101.872553966,37260627.81231786,True,R2 to 24 May
R2,ETH|buy|25-40|<=2d,ETH,buy,25-40,<=2d,964,5996.075353316634,101690.18275015755,124780.11648340218,964,101690.18270014526,12843106.006583653,True,R2 to 24 May
R2,ETH|buy|25-40|>90d,ETH,buy,25-40,>90d,407,9461.8133,1826267.1140357708,1699837.94448643,407,1373930.5177799063,22545622.236518994,True,R2 to 24 May
R2,ETH|buy|40-60|2-7d,ETH,buy,40-60,2-7d,897,3544.6077,195290.252613944,243380.29655323314,897,195141.91771314509,7878266.560636857,True,R2 to 24 May
R2,ETH|buy|40-60|30-90d,ETH,buy,40-60,30-90d,647,6890.7086107843525,1386852.6291522789,1322940.5878046323,647,1070251.6054037886,15207445.012620628,True,R2 to 24 May
R2,ETH|buy|40-60|7-30d,ETH,buy,40-60,7-30d,1232,14518.510100000001,1740658.2956382819,1935938.1971143384,1232,1559889.5319382825,30895494.612649374,True,R2 to 24 May
R2,ETH|buy|40-60|<=2d,ETH,buy,40-60,<=2d,1000,5436.1273,137881.17630147934,172117.30018690042,1000,137881.17619162728,11556466.21054026,True,R2 to 24 May
R2,ETH|buy|40-60|>90d,ETH,buy,40-60,>90d,301,2607.252135833841,1272617.181348136,819211.1624549623,301,654414.680744181,6338890.293902161,True,R2 to 24 May
R2,ETH|buy|60-75|2-7d,ETH,buy,60-75,2-7d,239,1841.4635,199151.68131284605,244553.3311478899,239,195824.35627607096,4028951.4260881194,True,R2 to 24 May
R2,ETH|buy|60-75|30-90d,ETH,buy,60-75,30-90d,148,1886.4216316660395,765384.9178180429,558969.5381135737,148,446484.015186192,4095749.3660015133,False,R2 to 24 May
R2,ETH|buy|60-75|7-30d,ETH,buy,60-75,7-30d,309,2035.5296,390096.52357070486,411375.01681118715,309,331095.4756455161,4386514.206451633,True,R2 to 24 May
R2,ETH|buy|60-75|<=2d,ETH,buy,60-75,<=2d,428,2194.7453029739777,101215.57874751641,127194.20826368457,428,101189.11968275264,4755125.909669328,True,R2 to 24 May
R2,ETH|buy|60-75|>90d,ETH,buy,60-75,>90d,135,2103.69769,1897785.2589471529,943541.088601053,135,736434.7944709955,5087211.517068505,False,R2 to 24 May
R2,ETH|buy|75-90|2-7d,ETH,buy,75-90,2-7d,154,993.54,171205.94221140377,206242.65070822887,154,165194.65424563468,2121198.452744311,False,R2 to 24 May
R2,ETH|buy|75-90|30-90d,ETH,buy,75-90,30-90d,75,376.76,292742.96771265793,150604.2865529759,75,116406.82239057097,871542.9450244624,False,R2 to 24 May
R2,ETH|buy|75-90|7-30d,ETH,buy,75-90,7-30d,234,3253.630888249877,964657.1229338844,958285.0998335878,234,766158.4375269648,7247604.148799909,True,R2 to 24 May
R2,ETH|buy|75-90|<=2d,ETH,buy,75-90,<=2d,357,1853.238685897436,83212.39187082394,108557.6391346074,357,83212.02201850402,3909888.9932669,True,R2 to 24 May
R2,ETH|buy|75-90|>90d,ETH,buy,75-90,>90d,37,40.94,61299.326,20622.13763785405,37,15395.31050406699,87081.31723909194,False,R2 to 24 May
R2,ETH|buy|90-100|2-7d,ETH,buy,90-100,2-7d,90,871.6126120648496,224573.0183404547,232746.8910537755,90,186237.790983532,1799620.3525882403,False,R2 to 24 May
R2,ETH|buy|90-100|30-90d,ETH,buy,90-100,30-90d,39,279.61,1704512.2736769423,232080.53161292392,39,139917.2428624098,587236.2892515908,False,R2 to 24 May
R2,ETH|buy|90-100|7-30d,ETH,buy,90-100,7-30d,90,502.0,355450.1424592229,204622.2068144231,90,158473.37840392624,1167014.3989326467,False,R2 to 24 May
R2,ETH|buy|90-100|<=2d,ETH,buy,90-100,<=2d,293,2258.7854136154847,346458.8353820392,409349.3435393836,293,323673.7573797017,4732429.980192322,True,R2 to 24 May
R2,ETH|buy|90-100|>90d,ETH,buy,90-100,>90d,10,234.82999999999998,298190.433,116696.85473975244,10,87999.65634932347,510129.9268515799,False,R2 to 24 May
R2,ETH|sell|00-10|2-7d,ETH,sell,00-10,2-7d,1169,15560.995330557957,4446295.8427568115,4244062.167766311,1169,3369804.3442328204,34208575.69336924,True,R2 to 24 May
R2,ETH|sell|00-10|30-90d,ETH,sell,00-10,30-90d,812,19338.692865615198,5652720.244073875,3412995.264170528,812,3177187.1001901114,43506189.74070165,True,R2 to 24 May
R2,ETH|sell|00-10|7-30d,ETH,sell,00-10,7-30d,1159,21510.78486463115,6235586.634784094,4757367.609075628,1159,4381337.576111597,47962659.39732571,True,R2 to 24 May
R2,ETH|sell|00-10|<=2d,ETH,sell,00-10,<=2d,2038,23172.42526679491,6619676.834942099,8878844.934769161,2038,6705816.773472622,50929332.07602009,True,R2 to 24 May
R2,ETH|sell|00-10|>90d,ETH,sell,00-10,>90d,169,4072.97669,1165263.054218771,884116.9955374993,169,751009.1128432536,8969122.262212364,False,R2 to 24 May
R2,ETH|sell|10-25|2-7d,ETH,sell,10-25,2-7d,1407,13756.6412,3949990.1450533895,5342583.479558222,1407,3968222.2666099304,30441526.96068023,True,R2 to 24 May
R2,ETH|sell|10-25|30-90d,ETH,sell,10-25,30-90d,1010,12168.33,3539214.426741314,3968614.812515857,1010,2946931.9548472557,27219160.678896163,True,R2 to 24 May
R2,ETH|sell|10-25|7-30d,ETH,sell,10-25,7-30d,1618,17327.22498059348,4964845.505316942,5530632.6755322665,1618,4116765.8500490575,38165307.35847589,True,R2 to 24 May
R2,ETH|sell|10-25|<=2d,ETH,sell,10-25,<=2d,1968,15722.629724431212,4516137.18552785,7001251.807640547,1968,5255248.168676721,34417306.748782925,True,R2 to 24 May
R2,ETH|sell|10-25|>90d,ETH,sell,10-25,>90d,345,2522.9616869785596,697042.2551209257,864288.2284624524,345,637339.1271135553,5376800.989232207,True,R2 to 24 May
R2,ETH|sell|25-40|2-7d,ETH,sell,25-40,2-7d,971,7815.2457,2324169.1964748506,3557258.8591563194,971,2664362.6188419773,17900484.39609974,True,R2 to 24 May
R2,ETH|sell|25-40|30-90d,ETH,sell,25-40,30-90d,1124,14782.501293961663,4077234.632368695,5665752.929528271,1124,4212946.245727998,31517347.208857644,True,R2 to 24 May
R2,ETH|sell|25-40|7-30d,ETH,sell,25-40,7-30d,1133,10688.2008,2947974.3417375125,4127405.0367855295,1133,3071126.973271025,22787058.019713756,True,R2 to 24 May
R2,ETH|sell|25-40|<=2d,ETH,sell,25-40,<=2d,1346,7378.411507332022,2214657.1973542576,3545856.4356038026,1346,2672702.448655436,16266230.249000732,True,R2 to 24 May
R2,ETH|sell|25-40|>90d,ETH,sell,25-40,>90d,328,1959.7801527474664,575228.7453910806,899364.8233065158,328,674809.5841951112,4434291.510722155,True,R2 to 24 May
R2,ETH|sell|40-60|2-7d,ETH,sell,40-60,2-7d,1126,5331.3323,1752894.8214665786,2650502.39012765,1126,1996478.0082191818,12200193.947406676,True,R2 to 24 May
R2,ETH|sell|40-60|30-90d,ETH,sell,40-60,30-90d,714,7440.027792905706,2238674.3316801917,3337186.1459162664,714,2507040.9272641917,16126773.78223447,True,R2 to 24 May
R2,ETH|sell|40-60|7-30d,ETH,sell,40-60,7-30d,1072,8645.896558109573,2618985.435453467,3925133.2795939194,1072,2946549.4895297335,19024273.38650805,True,R2 to 24 May
R2,ETH|sell|40-60|<=2d,ETH,sell,40-60,<=2d,1357,8128.4915,2616908.0864743497,4067596.8097686497,1357,3074886.70229389,17839814.159141395,True,R2 to 24 May
R2,ETH|sell|40-60|>90d,ETH,sell,40-60,>90d,375,1895.9082620648496,658618.3177842015,1072303.9246839492,375,811429.7994567135,4694102.675510336,True,R2 to 24 May
R2,ETH|sell|60-75|2-7d,ETH,sell,60-75,2-7d,331,1391.7778,462408.3821361987,707994.1125507397,331,534841.3832779715,3100644.833048178,True,R2 to 24 May
R2,ETH|sell|60-75|30-90d,ETH,sell,60-75,30-90d,160,463.4936,150871.2756192568,231608.42791300442,160,174869.98131857152,1014757.5069564563,False,R2 to 24 May
R2,ETH|sell|60-75|7-30d,ETH,sell,60-75,7-30d,266,3757.9427,1226323.8508129457,1884029.0376291696,266,1426613.9368516405,8147479.489609116,True,R2 to 24 May
R2,ETH|sell|60-75|<=2d,ETH,sell,60-75,<=2d,483,2280.32,754402.7491931962,1184195.5435155462,483,897749.9948850614,5012389.571016919,True,R2 to 24 May
R2,ETH|sell|60-75|>90d,ETH,sell,60-75,>90d,121,1746.0321448616214,585962.7618844387,1023341.9997519675,121,781555.0611366172,3913872.094425655,False,R2 to 24 May
R2,ETH|sell|75-90|2-7d,ETH,sell,75-90,2-7d,139,1257.95,429498.0563329084,679543.7704748199,139,513811.48565514514,2892699.2846884383,False,R2 to 24 May
R2,ETH|sell|75-90|30-90d,ETH,sell,75-90,30-90d,94,637.9222912171391,212103.03832502494,336211.0561526559,94,254908.3961663189,1412019.0379178894,False,R2 to 24 May
R2,ETH|sell|75-90|7-30d,ETH,sell,75-90,7-30d,155,2461.8924482593984,790600.1483053694,1260882.183723081,155,956677.270386767,5254357.427289316,False,R2 to 24 May
R2,ETH|sell|75-90|<=2d,ETH,sell,75-90,<=2d,325,1714.1693,567709.4167327078,907045.710650626,325,690604.1028052394,3714321.264581643,True,R2 to 24 May
R2,ETH|sell|75-90|>90d,ETH,sell,75-90,>90d,28,847.59669,332666.6503832806,564249.8252775619,28,437211.5466252943,2018088.6480193727,False,R2 to 24 May
R2,ETH|sell|90-100|2-7d,ETH,sell,90-100,2-7d,108,520.513329383796,190146.41243807686,308099.4743393155,108,233767.6937528464,1268614.4897732998,False,R2 to 24 May
R2,ETH|sell|90-100|30-90d,ETH,sell,90-100,30-90d,52,1328.836994251136,679298.9539913245,846115.9905283605,52,645100.014055149,3403398.5242806445,False,R2 to 24 May
R2,ETH|sell|90-100|7-30d,ETH,sell,90-100,7-30d,100,647.5856281864446,208894.85565990914,338279.06205371855,100,257329.21890630733,1376913.237876783,False,R2 to 24 May
R2,ETH|sell|90-100|<=2d,ETH,sell,90-100,<=2d,221,3855.595361824437,1183163.705518554,1946240.4806868478,221,1473234.8286245498,8009063.740916497,True,R2 to 24 May
R2,ETH|sell|90-100|>90d,ETH,sell,90-100,>90d,38,392.93,140723.3105130734,243781.69091040353,38,188059.04188719235,867643.837814508,False,R2 to 24 May
R2,HYPE|buy|00-10|2-7d,HYPE,buy,00-10,2-7d,23,10947.839,1090.721544868398,,0,1352.5404097161936,427553.3802586852,False,R2 to 24 May
R2,HYPE|buy|00-10|30-90d,HYPE,buy,00-10,30-90d,70,678310.0,209271.47999999998,,0,260381.68271914314,29842379.548610125,False,R2 to 24 May
R2,HYPE|buy|00-10|7-30d,HYPE,buy,00-10,7-30d,157,66958.1686,12256.538284457674,,0,15212.458626593354,2747217.1668383577,False,R2 to 24 May
R2,HYPE|buy|00-10|<=2d,HYPE,buy,00-10,<=2d,54,23338.0,1814.324551569896,,0,2071.641423518072,1065156.2570524437,False,R2 to 24 May
R2,HYPE|buy|00-10|>90d,HYPE,buy,00-10,>90d,30,4102.0,3613.23,,0,3889.155846528251,168767.11240623944,False,R2 to 24 May
R2,HYPE|buy|10-25|2-7d,HYPE,buy,10-25,2-7d,291,221611.63270000002,57089.144563833135,,0,68223.58331576538,8581519.994492183,True,R2 to 24 May
R2,HYPE|buy|10-25|30-90d,HYPE,buy,10-25,30-90d,609,673883.945949687,708003.1754267935,,0,817511.5673604466,29946666.464363575,True,R2 to 24 May
R2,HYPE|buy|10-25|7-30d,HYPE,buy,10-25,7-30d,1235,701193.455,444312.7493491268,,0,523337.6010599334,27171982.052103415,True,R2 to 24 May
R2,HYPE|buy|10-25|<=2d,HYPE,buy,10-25,<=2d,117,34534.5538,7273.182468270919,,0,8393.311301409045,1421987.6044661405,False,R2 to 24 May
R2,HYPE|buy|10-25|>90d,HYPE,buy,10-25,>90d,287,179672.0,293443.889,,0,303846.2343919169,6036348.00922056,True,R2 to 24 May
R2,HYPE|buy|25-40|2-7d,HYPE,buy,25-40,2-7d,506,417451.16945807054,309393.41688375507,,0,365903.264701864,15688528.619139176,True,R2 to 24 May
R2,HYPE|buy|25-40|30-90d,HYPE,buy,25-40,30-90d,666,1203703.0,3547167.51,,0,3608988.279576312,47037439.000432804,True,R2 to 24 May
R2,HYPE|buy|25-40|7-30d,HYPE,buy,25-40,7-30d,1534,1701157.5847661828,2173461.6778569026,,0,2507612.0647161826,66006006.33087878,True,R2 to 24 May
R2,HYPE|buy|25-40|<=2d,HYPE,buy,25-40,<=2d,251,94968.8499,30937.462724974415,,0,37471.92386270874,3620062.756635885,True,R2 to 24 May
R2,HYPE|buy|25-40|>90d,HYPE,buy,25-40,>90d,218,317282.0,1558586.28,,0,1367746.4709668641,12750432.044432033,True,R2 to 24 May
R2,HYPE|buy|40-60|2-7d,HYPE,buy,40-60,2-7d,435,358415.1891,438310.2974891976,,0,516222.5609783709,13564668.486207033,True,R2 to 24 May
R2,HYPE|buy|40-60|30-90d,HYPE,buy,40-60,30-90d,740,347022.43,1495703.6413999998,,0,1544267.4385541205,12937981.87062741,True,R2 to 24 May
R2,HYPE|buy|40-60|7-30d,HYPE,buy,40-60,7-30d,1190,988408.3343617734,2132098.9019979923,,0,2452684.5923470757,39564527.23738876,True,R2 to 24 May
R2,HYPE|buy|40-60|<=2d,HYPE,buy,40-60,<=2d,297,122468.0,59782.63,,0,70243.40709958783,4700175.514159301,True,R2 to 24 May
R2,HYPE|buy|40-60|>90d,HYPE,buy,40-60,>90d,140,209535.0,1283299.9200000002,,0,1218407.5378791091,8711122.723706922,False,R2 to 24 May
R2,HYPE|buy|60-75|2-7d,HYPE,buy,60-75,2-7d,334,107564.14611733466,272298.91802557715,,0,316377.13818723604,3584756.391730854,True,R2 to 24 May
R2,HYPE|buy|60-75|30-90d,HYPE,buy,60-75,30-90d,107,231185.0,1578056.4300000002,,0,1631147.2185843997,10047471.25197254,False,R2 to 24 May
R2,HYPE|buy|60-75|7-30d,HYPE,buy,60-75,7-30d,637,548918.0409306014,2069269.3777480356,,0,2360077.332994748,22747425.334433176,True,R2 to 24 May
R2,HYPE|buy|60-75|<=2d,HYPE,buy,60-75,<=2d,178,98106.0,113009.10209265756,,0,132344.66997053078,3904901.190192284,False,R2 to 24 May
R2,HYPE|buy|60-75|>90d,HYPE,buy,60-75,>90d,44,38088.0,414381.39999999997,,0,350332.41922806005,1942312.8240607046,False,R2 to 24 May
R2,HYPE|buy|75-90|2-7d,HYPE,buy,75-90,2-7d,85,16703.455746492542,62402.34422765374,,0,72353.60527592283,649744.8203706841,False,R2 to 24 May
R2,HYPE|buy|75-90|30-90d,HYPE,buy,75-90,30-90d,85,45886.0,419583.51871820254,,0,407411.1210238097,2037376.2917059078,False,R2 to 24 May
R2,HYPE|buy|75-90|7-30d,HYPE,buy,75-90,7-30d,531,472611.0,2504605.764539025,,0,2804529.263414149,20298187.315963976,True,R2 to 24 May
R2,HYPE|buy|75-90|<=2d,HYPE,buy,75-90,<=2d,146,114258.02853381717,295971.13731348055,,0,339289.5597727583,3707864.65900075,False,R2 to 24 May
R2,HYPE|buy|75-90|>90d,HYPE,buy,75-90,>90d,16,1526.0,23294.06,,0,17127.686226228925,73764.81716663789,False,R2 to 24 May
R2,HYPE|buy|90-100|2-7d,HYPE,buy,90-100,2-7d,49,7063.177435110887,37392.577256750876,,0,40091.79922687764,242878.68714711917,False,R2 to 24 May
R2,HYPE|buy|90-100|30-90d,HYPE,buy,90-100,30-90d,3,270.0,7194.4,,0,3967.0847115749248,14623.615749846631,False,R2 to 24 May
R2,HYPE|buy|90-100|7-30d,HYPE,buy,90-100,7-30d,25,12872.0,135043.7370052261,,0,147153.1934379755,677235.5837644811,False,R2 to 24 May
R2,HYPE|buy|90-100|<=2d,HYPE,buy,90-100,<=2d,61,17568.416197960796,48315.9288710448,,0,55520.659640542006,735032.336856101,False,R2 to 24 May
R2,HYPE|sell|00-10|2-7d,HYPE,sell,00-10,2-7d,82,64310.90551231074,636206.9594136479,,0,903282.2416926794,2547263.683792912,False,R2 to 24 May
R2,HYPE|sell|00-10|30-90d,HYPE,sell,00-10,30-90d,214,203277.0,2406613.3949433006,,0,2997819.955933094,9643934.310032975,True,R2 to 24 May
R2,HYPE|sell|00-10|7-30d,HYPE,sell,00-10,7-30d,228,90087.0,935182.3898787159,,0,1147119.1234242024,3750015.922080106,True,R2 to 24 May
R2,HYPE|sell|00-10|<=2d,HYPE,sell,00-10,<=2d,237,170017.0,1707998.4536358614,,0,2632647.517785595,6810548.82339293,True,R2 to 24 May
R2,HYPE|sell|00-10|>90d,HYPE,sell,00-10,>90d,23,6913.0,73208.16637996805,,0,65671.95737295362,290174.21377588296,False,R2 to 24 May
R2,HYPE|sell|10-25|2-7d,HYPE,sell,10-25,2-7d,250,89736.0,864525.08264297,,0,1265188.1075272728,3454545.7238924745,True,R2 to 24 May
R2,HYPE|sell|10-25|30-90d,HYPE,sell,10-25,30-90d,597,913270.0,9873771.68487325,,0,13127589.904200308,39055949.83223754,True,R2 to 24 May
R2,HYPE|sell|10-25|7-30d,HYPE,sell,10-25,7-30d,818,639859.6287967842,6613754.407245109,,0,9503573.755917536,26249516.02021146,True,R2 to 24 May
R2,HYPE|sell|10-25|<=2d,HYPE,sell,10-25,<=2d,403,204687.0,2310091.418727555,,0,3338929.3476584875,8913628.199562736,True,R2 to 24 May
R2,HYPE|sell|10-25|>90d,HYPE,sell,10-25,>90d,126,22719.6,250770.8515191763,,0,252915.97110668942,990103.7336607066,False,R2 to 24 May
R2,HYPE|sell|25-40|2-7d,HYPE,sell,25-40,2-7d,307,203739.73484649253,2207456.148780042,,0,3192251.665363869,8166061.85926985,True,R2 to 24 May
R2,HYPE|sell|25-40|30-90d,HYPE,sell,25-40,30-90d,485,517503.0,5094564.440170761,,0,7032538.334346403,20518023.935278658,True,R2 to 24 May
R2,HYPE|sell|25-40|7-30d,HYPE,sell,25-40,7-30d,706,485822.3008535075,4943955.375860132,,0,6849555.404390199,19375348.615619548,True,R2 to 24 May
R2,HYPE|sell|25-40|<=2d,HYPE,sell,25-40,<=2d,509,476308.02853381715,5377623.342624717,,0,7597047.79659646,19638104.63933147,True,R2 to 24 May
R2,HYPE|sell|25-40|>90d,HYPE,sell,25-40,>90d,118,508228.2,4843420.554876792,,0,6788265.452687994,19690448.25191898,False,R2 to 24 May
R2,HYPE|sell|40-60|2-7d,HYPE,sell,40-60,2-7d,412,124540.3169,1297404.4672005977,,0,1736139.915693624,4442155.55759976,True,R2 to 24 May
R2,HYPE|sell|40-60|30-90d,HYPE,sell,40-60,30-90d,487,1019673.4299999999,10161293.73453082,,0,15594154.596314058,39811480.84082747,True,R2 to 24 May
R2,HYPE|sell|40-60|7-30d,HYPE,sell,40-60,7-30d,796,1244788.5299,14978952.817857012,,0,19927016.863664426,53354553.06604246,True,R2 to 24 May
R2,HYPE|sell|40-60|<=2d,HYPE,sell,40-60,<=2d,587,150392.4037,1662068.7861442056,,0,2193073.7370313797,5618017.882758904,True,R2 to 24 May
R2,HYPE|sell|40-60|>90d,HYPE,sell,40-60,>90d,132,176974.0,1905474.9422384263,,0,2843012.369696623,7389219.916565959,False,R2 to 24 May
R2,HYPE|sell|60-75|2-7d,HYPE,sell,60-75,2-7d,120,50287.019,525584.5552244241,,0,688570.7405117992,1719167.0948561158,False,R2 to 24 May
R2,HYPE|sell|60-75|30-90d,HYPE,sell,60-75,30-90d,47,58908.0,758008.1102587597,,0,994149.6159449413,2494344.54244926,False,R2 to 24 May
R2,HYPE|sell|60-75|7-30d,HYPE,sell,60-75,7-30d,97,143039.30599999998,2144204.5964747346,,0,2767186.4625262753,7071611.417295599,False,R2 to 24 May
R2,HYPE|sell|60-75|<=2d,HYPE,sell,60-75,<=2d,96,33977.0,386291.4298598725,,0,504348.9256389438,1277614.355504575,False,R2 to 24 May
R2,HYPE|sell|60-75|>90d,HYPE,sell,60-75,>90d,79,82911.0,1014810.8409267975,,0,1454797.2257652679,3407456.6291912855,False,R2 to 24 May
R2,HYPE|sell|75-90|2-7d,HYPE,sell,75-90,2-7d,45,4787.0,55568.665680691425,,0,73853.7817064352,185943.62620016505,False,R2 to 24 May
R2,HYPE|sell|75-90|30-90d,HYPE,sell,75-90,30-90d,19,2710.3724776560925,35358.133648337025,,0,48532.8479438754,117279.63197441191,False,R2 to 24 May
R2,HYPE|sell|75-90|7-30d,HYPE,sell,75-90,7-30d,44,106585.06,1615900.3459700514,,0,2091342.9383518999,5313458.0514051225,False,R2 to 24 May
R2,HYPE|sell|75-90|<=2d,HYPE,sell,75-90,<=2d,116,101421.0,966637.282829394,,0,1268514.4219764497,3131458.0706672645,False,R2 to 24 May
R2,HYPE|sell|75-90|>90d,HYPE,sell,75-90,>90d,16,6476.0,83775.65472471908,,0,123682.2186821107,288583.6429766672,False,R2 to 24 May
R2,HYPE|sell|90-100|2-7d,HYPE,sell,90-100,2-7d,20,2415.609,26036.892906912868,,0,35249.527512209366,85010.94496505249,False,R2 to 24 May
R2,HYPE|sell|90-100|30-90d,HYPE,sell,90-100,30-90d,5,220.0,2897.20691059439,,0,3584.4081256776994,8710.007590862406,False,R2 to 24 May
R2,HYPE|sell|90-100|7-30d,HYPE,sell,90-100,7-30d,23,60737.86738102784,923850.5907956392,,0,1231957.4791971704,3316763.605104466,False,R2 to 24 May
R2,HYPE|sell|90-100|<=2d,HYPE,sell,90-100,<=2d,79,25141.90613262388,289520.4002906626,,0,387719.7021011719,961737.7473965313,False,R2 to 24 May
R2,HYPE|sell|90-100|>90d,HYPE,sell,90-100,>90d,20,11506.0,153007.99257384395,,0,222534.7741553173,509782.82345983974,False,R2 to 24 May
R3,BTC|buy|00-10|2-7d,BTC,buy,00-10,2-7d,902,1206.2047833,67875.49827338713,88517.8876636435,902,68145.11917168747,76166720.98381554,True,R3 to 20 Aug
R3,BTC|buy|00-10|30-90d,BTC,buy,00-10,30-90d,173,1566.1821924,406498.6000219392,509365.8721658224,173,400847.1305754376,98792898.70754008,False,R3 to 20 Aug
R3,BTC|buy|00-10|7-30d,BTC,buy,00-10,7-30d,483,1602.196490465429,168523.34390275684,215461.3050965696,483,168772.95161977533,101661589.31553799,True,R3 to 20 Aug
R3,BTC|buy|00-10|<=2d,BTC,buy,00-10,<=2d,830,508.51478,12271.91306658071,15099.736373152635,830,12445.997931999647,32472365.14367409,True,R3 to 20 Aug
R3,BTC|buy|00-10|>90d,BTC,buy,00-10,>90d,91,823.95022,43420.1187,76996.34878795351,91,41105.498008662486,51382187.83325111,False,R3 to 20 Aug
R3,BTC|buy|10-25|2-7d,BTC,buy,10-25,2-7d,891,1885.32575,389346.3206819588,507129.2404001498,891,389346.25120002136,117111326.7101258,True,R3 to 20 Aug
R3,BTC|buy|10-25|30-90d,BTC,buy,10-25,30-90d,354,1863.1746,1139839.5490120489,1428665.4124494842,354,1121227.081471281,124081622.11678296,True,R3 to 20 Aug
R3,BTC|buy|10-25|7-30d,BTC,buy,10-25,7-30d,648,1553.9042945625217,514359.65134906163,653485.9582646647,648,513854.3499137978,98502569.87328589,True,R3 to 20 Aug
R3,BTC|buy|10-25|<=2d,BTC,buy,10-25,<=2d,759,456.79409,56458.197668887056,71563.42288740128,759,56458.197668887056,29146076.329731885,True,R3 to 20 Aug
R3,BTC|buy|10-25|>90d,BTC,buy,10-25,>90d,210,178.3348912313143,399035.16637048475,412241.9124065026,210,327686.1338450629,11840562.155370405,True,R3 to 20 Aug
R3,BTC|buy|25-40|2-7d,BTC,buy,25-40,2-7d,313,1121.9163019132945,652210.3525595622,818067.7598777936,313,652199.8640029078,68021741.01174194,True,R3 to 20 Aug
R3,BTC|buy|25-40|30-90d,BTC,buy,25-40,30-90d,264,117.83467090222148,227759.07888697193,269971.1096198994,264,215367.29963215592,7591723.667198573,True,R3 to 20 Aug
R3,BTC|buy|25-40|7-30d,BTC,buy,25-40,7-30d,415,254.13292106061766,272934.29454577336,339136.2860376973,415,271582.6100490327,16565250.871421061,True,R3 to 20 Aug
R3,BTC|buy|25-40|<=2d,BTC,buy,25-40,<=2d,424,210.40674,60851.97898833462,75593.08816355982,424,60851.97898833462,13651108.936291138,True,R3 to 20 Aug
R3,BTC|buy|25-40|>90d,BTC,buy,25-40,>90d,225,61.269079,299174.2978609276,271298.46468856186,225,214842.5112665079,3870574.2090975773,True,R3 to 20 Aug
R3,BTC|buy|40-60|2-7d,BTC,buy,40-60,2-7d,341,363.0613725868467,324103.66887834214,404121.4031613807,341,324089.7363896376,23181411.775124975,True,R3 to 20 Aug
R3,BTC|buy|40-60|30-90d,BTC,buy,40-60,30-90d,325,124.93633446176663,419426.4310375919,482023.9907338382,325,383925.52049044357,8073251.039344112,True,R3 to 20 Aug
R3,BTC|buy|40-60|7-30d,BTC,buy,40-60,7-30d,498,305.3366100714744,575083.2473308657,711101.5347456557,498,568748.6691770325,20069680.60271779,True,R3 to 20 Aug
R3,BTC|buy|40-60|<=2d,BTC,buy,40-60,<=2d,473,277.29481252249747,142706.78971926533,177917.846523811,473,142706.78971926533,17881005.808439687,True,R3 to 20 Aug
R3,BTC|buy|40-60|>90d,BTC,buy,40-60,>90d,312,88.77748923548258,745134.3690555586,594113.3971240417,312,465641.3731278869,5682132.610793714,True,R3 to 20 Aug
R3,BTC|buy|60-75|2-7d,BTC,buy,60-75,2-7d,128,115.365964747917,168973.78030965247,212443.70500201656,128,168972.75002870226,7303812.791992805,False,R3 to 20 Aug
R3,BTC|buy|60-75|30-90d,BTC,buy,60-75,30-90d,111,210.7730238367666,1283218.7422163468,1345197.8910977559,111,1056705.7026081379,12948213.352048779,False,R3 to 20 Aug
R3,BTC|buy|60-75|7-30d,BTC,buy,60-75,7-30d,173,116.94261977721533,336818.99997142126,411703.20483237435,173,330482.86080011795,7616633.157418925,False,R3 to 20 Aug
R3,BTC|buy|60-75|<=2d,BTC,buy,60-75,<=2d,226,165.34429,142333.61208093906,179221.11937530007,226,142333.61208093906,10890683.14013381,True,R3 to 20 Aug
R3,BTC|buy|60-75|>90d,BTC,buy,60-75,>90d,24,22.03357,204759.519584,181085.30131383555,24,141432.76572839927,1534075.7452437817,False,R3 to 20 Aug
R3,BTC|buy|75-90|2-7d,BTC,buy,75-90,2-7d,200,104.35512890625,274432.1703578386,343219.3334252401,200,274186.5163733457,6733150.252548456,True,R3 to 20 Aug
R3,BTC|buy|75-90|30-90d,BTC,buy,75-90,30-90d,46,45.28075,397776.5666845323,381961.1841277185,46,298073.6984288773,3055430.797071367,False,R3 to 20 Aug
R3,BTC|buy|75-90|7-30d,BTC,buy,75-90,7-30d,239,251.73432578125,1432459.8073692871,1584820.8234905223,239,1245029.9593039236,16609544.434467608,True,R3 to 20 Aug
R3,BTC|buy|75-90|<=2d,BTC,buy,75-90,<=2d,150,95.52616466684819,138408.0794870275,173206.3949353501,150,138408.07948699576,6149433.152413469,False,R3 to 20 Aug
R3,BTC|buy|75-90|>90d,BTC,buy,75-90,>90d,10,6.687600000000001,130648.866,77196.2656420946,10,58148.8755928161,416660.71829640557,False,R3 to 20 Aug
R3,BTC|buy|90-100|2-7d,BTC,buy,90-100,2-7d,61,21.61232,111323.0518163,133522.014137469,61,105674.96849432109,1418141.8847323596,False,R3 to 20 Aug
R3,BTC|buy|90-100|30-90d,BTC,buy,90-100,30-90d,13,0.5108400000000001,10227.78964,5741.04694339501,13,4239.014179084819,31898.78428995362,False,R3 to 20 Aug
R3,BTC|buy|90-100|7-30d,BTC,buy,90-100,7-30d,84,195.73975008055524,2138690.29632144,1804868.1713492665,84,1370465.8850502374,11815393.899965737,False,R3 to 20 Aug
R3,BTC|buy|90-100|<=2d,BTC,buy,90-100,<=2d,142,43.1862,131177.44395015494,160346.73038986765,142,127368.16239901762,2831146.3529632245,False,R3 to 20 Aug
R3,BTC|buy|90-100|>90d,BTC,buy,90-100,>90d,7,9.3249,335286.9451,147200.0723292975,7,107668.32402220274,687544.477306964,False,R3 to 20 Aug
R3,BTC|sell|00-10|2-7d,BTC,sell,00-10,2-7d,717,2023.4054,16368607.329924544,18914857.361362897,717,13235110.949160773,125976842.6218132,True,R3 to 20 Aug
R3,BTC|sell|00-10|30-90d,BTC,sell,00-10,30-90d,254,485.98922999999996,3980881.574015178,2311215.604872425,254,2566454.5435633194,30597301.29921143,True,R3 to 20 Aug
R3,BTC|sell|00-10|7-30d,BTC,sell,00-10,7-30d,546,1874.02912,15745412.817315096,13456529.2646592,546,11769970.724979594,121427093.8356004,True,R3 to 20 Aug
R3,BTC|sell|00-10|<=2d,BTC,sell,00-10,<=2d,839,716.21523,6053014.582350919,8575312.135452067,839,5982479.182208102,46447778.72677793,True,R3 to 20 Aug
R3,BTC|sell|00-10|>90d,BTC,sell,00-10,>90d,188,1167.17418,9599955.635206696,7628691.784482957,188,6805154.802064029,73189253.34784105,False,R3 to 20 Aug
R3,BTC|sell|10-25|2-7d,BTC,sell,10-25,2-7d,753,804.50813,6715662.89680782,9992990.424986916,753,6960794.562225967,51721890.628607504,True,R3 to 20 Aug
R3,BTC|sell|10-25|30-90d,BTC,sell,10-25,30-90d,378,2199.7229808,18365574.13224647,19898693.663497455,378,13933695.059212008,141511843.83174157,True,R3 to 20 Aug
R3,BTC|sell|10-25|7-30d,BTC,sell,10-25,7-30d,829,1094.617792321393,9171183.418791337,11175725.969448306,829,7597720.535277796,70614070.07032013,True,R3 to 20 Aug
R3,BTC|sell|10-25|<=2d,BTC,sell,10-25,<=2d,610,345.00078,2936339.3642855748,4767892.7941262685,610,3372436.570689003,22073898.695897453,True,R3 to 20 Aug
R3,BTC|sell|10-25|>90d,BTC,sell,10-25,>90d,180,117.40762,1021194.7572246013,1001294.5702056047,180,691065.5238702229,7798519.615440022,False,R3 to 20 Aug
R3,BTC|sell|25-40|2-7d,BTC,sell,25-40,2-7d,445,1769.3778732860394,14616654.683623813,22821638.517917763,445,16099265.84213215,108014718.2103344,True,R3 to 20 Aug
R3,BTC|sell|25-40|30-90d,BTC,sell,25-40,30-90d,336,328.8690343463187,2858004.6902434817,3829518.3464990994,336,2629284.117420284,22179008.576349124,True,R3 to 20 Aug
R3,BTC|sell|25-40|7-30d,BTC,sell,25-40,7-30d,603,1362.4796233356874,11196747.97791823,16606064.190857178,603,11556131.994263142,86583462.06542508,True,R3 to 20 Aug
R3,BTC|sell|25-40|<=2d,BTC,sell,25-40,<=2d,484,249.28037,2202067.0380331106,3543491.9183275625,484,2518596.1816974557,15723580.992139893,True,R3 to 20 Aug
R3,BTC|sell|25-40|>90d,BTC,sell,25-40,>90d,206,78.874519,664835.2989256916,910156.539792831,206,626101.4992365143,5105737.343864319,True,R3 to 20 Aug
R3,BTC|sell|40-60|2-7d,BTC,sell,40-60,2-7d,454,404.8818404218441,3676597.176730725,5625566.684808934,454,3990240.9020285127,25373899.100245133,True,R3 to 20 Aug
R3,BTC|sell|40-60|30-90d,BTC,sell,40-60,30-90d,462,516.2868397742666,4700440.10743329,6613536.235437565,462,4627151.734008093,33187633.679670352,True,R3 to 20 Aug
R3,BTC|sell|40-60|7-30d,BTC,sell,40-60,7-30d,565,634.7758139693622,5813661.88025992,8499640.19030145,565,5971016.980566506,41323467.39675286,True,R3 to 20 Aug
R3,BTC|sell|40-60|<=2d,BTC,sell,40-60,<=2d,440,265.8542125224975,2502161.1041391403,3940373.669243487,440,2811459.8175268695,16912095.10929138,True,R3 to 20 Aug
R3,BTC|sell|40-60|>90d,BTC,sell,40-60,>90d,375,85.81443770644775,740469.5071856272,1155740.5974779641,375,809931.1402844182,5366874.415602113,True,R3 to 20 Aug
R3,BTC|sell|60-75|2-7d,BTC,sell,60-75,2-7d,122,131.49818,1247059.8159195909,1945950.2099035522,122,1389060.4218432098,8340146.406995103,False,R3 to 20 Aug
R3,BTC|sell|60-75|30-90d,BTC,sell,60-75,30-90d,136,45.85507662674583,435461.7527238562,643375.8432805347,136,456683.4612111411,2890568.7166313836,False,R3 to 20 Aug
R3,BTC|sell|60-75|7-30d,BTC,sell,60-75,7-30d,261,210.99810055555503,2007149.9280976173,2976895.0064584627,261,2112600.4506469956,13415529.138568318,True,R3 to 20 Aug
R3,BTC|sell|60-75|<=2d,BTC,sell,60-75,<=2d,164,95.62244,926466.6701976946,1470675.547358539,164,1051358.5112245968,6208887.484593526,False,R3 to 20 Aug
R3,BTC|sell|60-75|>90d,BTC,sell,60-75,>90d,50,15.95878,151906.4432655282,244779.3901687621,50,174580.169739264,987344.1900836063,False,R3 to 20 Aug
R3,BTC|sell|75-90|2-7d,BTC,sell,75-90,2-7d,66,19.97029,196469.70438284692,313492.8731905642,66,224774.49362693485,1306512.4811837326,False,R3 to 20 Aug
R3,BTC|sell|75-90|30-90d,BTC,sell,75-90,30-90d,34,35.95395,348105.39125457907,552611.480773689,34,393624.2733005137,2341059.7608632287,False,R3 to 20 Aug
R3,BTC|sell|75-90|7-30d,BTC,sell,75-90,7-30d,151,53.533002970335126,515740.6268992648,809325.6575129522,151,579639.0989679693,3416718.9925184743,False,R3 to 20 Aug
R3,BTC|sell|75-90|<=2d,BTC,sell,75-90,<=2d,151,88.64948252249748,897912.4574764245,1442895.3858114893,151,1033862.9565687552,5999784.653843762,False,R3 to 20 Aug
R3,BTC|sell|75-90|>90d,BTC,sell,75-90,>90d,27,22.81268123131428,221487.4930505538,357575.11311868415,27,257829.94694793312,1411358.0047632416,False,R3 to 20 Aug
R3,BTC|sell|90-100|2-7d,BTC,sell,90-100,2-7d,28,13.60658,134202.73634301242,217647.4171402405,28,155946.19832451036,900209.3202873151,False,R3 to 20 Aug
R3,BTC|sell|90-100|30-90d,BTC,sell,90-100,30-90d,10,22.64733,217450.86586308738,351228.5582585934,10,253877.1724985282,1400078.1978918428,False,R3 to 20 Aug
R3,BTC|sell|90-100|7-30d,BTC,sell,90-100,7-30d,62,12.755780928788072,121186.71206237917,198545.69466123247,62,141413.47781925873,830967.4154878001,False,R3 to 20 Aug
R3,BTC|sell|90-100|<=2d,BTC,sell,90-100,<=2d,130,72.75430796875,742617.8279201014,1212195.3534682281,130,866884.2031268972,5024527.202511139,False,R3 to 20 Aug
R3,BTC|sell|90-100|>90d,BTC,sell,90-100,>90d,19,5.43,58807.829403528376,101985.78443299605,19,73245.89092990605,387710.5511196446,False,R3 to 20 Aug
R3,ETH|buy|00-10|2-7d,ETH,buy,00-10,2-7d,840,18306.8979,37217.03915051559,48710.98296084557,840,37854.71107562647,33477441.310453527,True,R3 to 20 Aug
R3,ETH|buy|00-10|30-90d,ETH,buy,00-10,30-90d,319,16246.642399999999,162980.65704600888,207297.46637517016,319,158846.5500458519,29410985.12296409,True,R3 to 20 Aug
R3,ETH|buy|00-10|7-30d,ETH,buy,00-10,7-30d,667,13979.708138368424,56171.87581821183,74922.57734018026,667,56965.38936410071,25755868.40921726,True,R3 to 20 Aug
R3,ETH|buy|00-10|<=2d,ETH,buy,00-10,<=2d,757,11481.35,13223.198145376424,17100.59587901779,757,13695.717769459297,21009173.157341786,True,R3 to 20 Aug
R3,ETH|buy|00-10|>90d,ETH,buy,00-10,>90d,142,2790.3337,60616.19024,69875.33723138252,142,55663.68507608534,4827271.510904859,False,R3 to 20 Aug
R3,ETH|buy|10-25|2-7d,ETH,buy,10-25,2-7d,1204,27826.685,218592.62823173322,278265.0982098266,1204,218590.71941297047,50936091.60873873,True,R3 to 20 Aug
R3,ETH|buy|10-25|30-90d,ETH,buy,10-25,30-90d,773,23790.4101,784937.8932083505,926243.2384783773,773,739608.179999694,43888224.47810567,True,R3 to 20 Aug
R3,ETH|buy|10-25|7-30d,ETH,buy,10-25,7-30d,1248,24809.253099999998,383810.67970441544,485306.42390218633,1248,382600.8617504155,46133062.02705965,True,R3 to 20 Aug
R3,ETH|buy|10-25|<=2d,ETH,buy,10-25,<=2d,952,11727.2174,46591.733226493874,59410.97365358127,952,46591.733226493874,21397986.5244173,True,R3 to 20 Aug
R3,ETH|buy|10-25|>90d,ETH,buy,10-25,>90d,373,8502.6742172,592549.90703812,629055.7116254872,373,506069.30617600173,15018359.618912155,True,R3 to 20 Aug
R3,ETH|buy|25-40|2-7d,ETH,buy,25-40,2-7d,709,11858.35,189127.99263256448,235831.03500487917,709,189126.40159241454,22115673.454369523,True,R3 to 20 Aug
R3,ETH|buy|25-40|30-90d,ETH,buy,25-40,30-90d,501,6500.67,485509.3798420681,542530.9239471159,501,437352.5105516037,11864172.264031265,True,R3 to 20 Aug
R3,ETH|buy|25-40|7-30d,ETH,buy,25-40,7-30d,809,8744.3662,305823.4907914018,379128.39145612717,809,303212.7978279374,16370704.26423904,True,R3 to 20 Aug
R3,ETH|buy|25-40|<=2d,ETH,buy,25-40,<=2d,465,4074.36,43229.08427558079,54150.194126222406,465,43229.08427558079,7451885.939831719,True,R3 to 20 Aug
R3,ETH|buy|25-40|>90d,ETH,buy,25-40,>90d,279,5200.69317128,750218.159838568,703477.6785859987,279,567985.1374264169,9483211.357589738,True,R3 to 20 Aug
R3,ETH|buy|40-60|2-7d,ETH,buy,40-60,2-7d,1101,10774.64,326383.3004769156,403599.64965086034,1101,326364.3117034223,20212419.20114047,True,R3 to 20 Aug
R3,ETH|buy|40-60|30-90d,ETH,buy,40-60,30-90d,511,5818.654802933087,884110.6506639239,869857.9778686659,511,702373.166751723,10608975.557635946,True,R3 to 20 Aug
R3,ETH|buy|40-60|7-30d,ETH,buy,40-60,7-30d,1004,4117.611287716186,280249.17821000103,341288.83792151907,1004,274214.53219268325,7592238.790494378,True,R3 to 20 Aug
R3,ETH|buy|40-60|<=2d,ETH,buy,40-60,<=2d,472,2964.08,58320.870181044425,72819.14419132445,472,58320.87018104424,5453598.895511629,True,R3 to 20 Aug
R3,ETH|buy|40-60|>90d,ETH,buy,40-60,>90d,475,4758.928157297317,1655082.1789787628,1071522.83179617,475,854962.0532644116,8300306.585623249,True,R3 to 20 Aug
R3,ETH|buy|60-75|2-7d,ETH,buy,60-75,2-7d,360,2158.45,130565.38758729734,163564.97621487212,360,130543.94151756838,3991718.8827349884,True,R3 to 20 Aug
R3,ETH|buy|60-75|30-90d,ETH,buy,60-75,30-90d,249,6957.119191840354,1792351.1988281205,1557745.2572752794,249,1249648.296249219,13202507.163521325,True,R3 to 20 Aug
R3,ETH|buy|60-75|7-30d,ETH,buy,60-75,7-30d,309,5392.8884,829746.7212306822,889235.0038525616,309,714928.8766221028,10077934.318784209,True,R3 to 20 Aug
R3,ETH|buy|60-75|<=2d,ETH,buy,60-75,<=2d,249,1986.14,57653.17287842916,72748.71330044411,249,57653.17287842916,3675052.9813767932,True,R3 to 20 Aug
R3,ETH|buy|60-75|>90d,ETH,buy,60-75,>90d,248,1986.2479,1488498.4500203314,742599.0658963342,248,579443.1915893678,4114328.7705494273,True,R3 to 20 Aug
R3,ETH|buy|75-90|2-7d,ETH,buy,75-90,2-7d,294,1167.241,117889.07055895704,146606.55790211476,294,117197.3227431694,2148269.8615116077,True,R3 to 20 Aug
R3,ETH|buy|75-90|30-90d,ETH,buy,75-90,30-90d,136,2629.3165,1062460.019267147,743390.7525226581,136,586663.4425098707,4912270.560483838,False,R3 to 20 Aug
R3,ETH|buy|75-90|7-30d,ETH,buy,75-90,7-30d,253,2800.7337,888510.1585668275,684291.7958929085,253,541566.7566456688,4764942.4388389895,True,R3 to 20 Aug
R3,ETH|buy|75-90|<=2d,ETH,buy,75-90,<=2d,186,1113.807,51238.58877500319,64052.79726810436,186,51238.58870637668,2075424.1326421113,False,R3 to 20 Aug
R3,ETH|buy|75-90|>90d,ETH,buy,75-90,>90d,72,310.795,238871.2286135,115484.75538224797,72,89382.18809035358,586333.4824119542,False,R3 to 20 Aug
R3,ETH|buy|90-100|2-7d,ETH,buy,90-100,2-7d,94,695.2601379382709,172105.9786552669,182704.83300661002,94,146189.21671000624,1313594.916391639,False,R3 to 20 Aug
R3,ETH|buy|90-100|30-90d,ETH,buy,90-100,30-90d,30,178.4,116139.13864120499,63492.30697169019,30,49030.73199142086,358843.23264100414,False,R3 to 20 Aug
R3,ETH|buy|90-100|7-30d,ETH,buy,90-100,7-30d,100,1595.6,684835.7111125682,517720.59132801567,100,410143.22354349983,3169197.9328667843,False,R3 to 20 Aug
R3,ETH|buy|90-100|<=2d,ETH,buy,90-100,<=2d,219,1239.76,175985.32103656445,199116.8310997061,219,158403.94612248102,2512319.4556661467,True,R3 to 20 Aug
R3,ETH|buy|90-100|>90d,ETH,buy,90-100,>90d,13,400.97,373241.378,167504.0378155953,13,128155.04048513078,750492.347718355,False,R3 to 20 Aug
R3,ETH|sell|00-10|2-7d,ETH,sell,00-10,2-7d,956,23043.0853,5423428.068671959,5329916.826208155,956,4428650.307755755,41725524.57055149,True,R3 to 20 Aug
R3,ETH|sell|00-10|30-90d,ETH,sell,00-10,30-90d,518,16231.57,3686433.632093715,2478271.048375954,518,2536523.534674161,28287259.217295427,True,R3 to 20 Aug
R3,ETH|sell|00-10|7-30d,ETH,sell,00-10,7-30d,964,20850.63,5063098.677319814,3232491.6016493137,964,3676014.827126491,39008607.4312757,True,R3 to 20 Aug
R3,ETH|sell|00-10|<=2d,ETH,sell,00-10,<=2d,1380,22390.07,5279985.231724976,6791641.944590459,1380,5178839.442816671,40607436.217335254,True,R3 to 20 Aug
R3,ETH|sell|00-10|>90d,ETH,sell,00-10,>90d,233,5578.65,1249250.2988964599,927023.2424144645,233,808932.7026800094,9603534.043314192,True,R3 to 20 Aug
R3,ETH|sell|10-25|2-7d,ETH,sell,10-25,2-7d,882,15377.4803,3667100.932618144,5033096.014484568,882,3714347.0526908855,28214577.390079644,True,R3 to 20 Aug
R3,ETH|sell|10-25|30-90d,ETH,sell,10-25,30-90d,801,21119.8062,5104476.870913965,5572816.044695403,801,4004668.403387925,39235849.02058198,True,R3 to 20 Aug
R3,ETH|sell|10-25|7-30d,ETH,sell,10-25,7-30d,1188,15049.294582648512,3579998.8872818747,4260803.111306857,1188,3106955.0057296026,27542730.552992873,True,R3 to 20 Aug
R3,ETH|sell|10-25|<=2d,ETH,sell,10-25,<=2d,1150,11699.42,2817390.955678962,4460972.997729134,1150,3350586.1989620333,21466108.854123663,True,R3 to 20 Aug
R3,ETH|sell|10-25|>90d,ETH,sell,10-25,>90d,360,5732.8376,1376151.6283339038,1549101.1482076943,360,1088967.2128556073,10555015.963856516,True,R3 to 20 Aug
R3,ETH|sell|25-40|2-7d,ETH,sell,25-40,2-7d,861,6565.34,1555668.629403373,2426768.562374413,861,1815265.5469109064,11802775.039273528,True,R3 to 20 Aug
R3,ETH|sell|25-40|30-90d,ETH,sell,25-40,30-90d,609,16476.4737,3894348.5696638674,5194645.385044878,609,3741585.311169499,30125678.51026738,True,R3 to 20 Aug
R3,ETH|sell|25-40|7-30d,ETH,sell,25-40,7-30d,753,17283.721711254846,4264961.6087095,6173098.228633514,753,4546777.0818664385,32853650.12208256,True,R3 to 20 Aug
R3,ETH|sell|25-40|<=2d,ETH,sell,25-40,<=2d,800,8937.592,2233770.4587543258,3597686.5979789305,800,2712689.708602416,16271563.8086299,True,R3 to 20 Aug
R3,ETH|sell|25-40|>90d,ETH,sell,25-40,>90d,340,4718.0722,1155532.1052791309,1733546.7911297115,340,1244082.2239562266,8827648.852351522,True,R3 to 20 Aug
R3,ETH|sell|40-60|2-7d,ETH,sell,40-60,2-7d,1121,5739.5049,1460345.1630764315,2209632.0831120918,1121,1661127.9518922917,10065731.423754651,True,R3 to 20 Aug
R3,ETH|sell|40-60|30-90d,ETH,sell,40-60,30-90d,716,7901.82,2132751.5388346924,2976162.154441491,716,2184917.7863008208,14906958.543988064,True,R3 to 20 Aug
R3,ETH|sell|40-60|7-30d,ETH,sell,40-60,7-30d,1017,7775.389895998634,1988535.4248395367,2894839.451713852,1017,2150065.9823629595,14204391.899611432,True,R3 to 20 Aug
R3,ETH|sell|40-60|<=2d,ETH,sell,40-60,<=2d,751,7003.509025095027,1883192.0067722767,2919936.4803353334,751,2204643.3212271803,12767939.370519856,True,R3 to 20 Aug
R3,ETH|sell|40-60|>90d,ETH,sell,40-60,>90d,599,4844.0117,1300251.24518454,2128412.9277603715,599,1553942.645678543,9306285.863264935,True,R3 to 20 Aug
R3,ETH|sell|60-75|2-7d,ETH,sell,60-75,2-7d,373,976.85,275648.7493052769,425468.88843138656,373,322588.6301895207,1810353.0283593365,True,R3 to 20 Aug
R3,ETH|sell|60-75|30-90d,ETH,sell,60-75,30-90d,198,2606.1086895520807,721456.6416433165,1079323.9257152816,198,802275.586754799,4853471.234736928,False,R3 to 20 Aug
R3,ETH|sell|60-75|7-30d,ETH,sell,60-75,7-30d,290,3163.9237738193924,832461.1099658029,1264295.9599113236,290,949039.928189821,5575071.101801347,True,R3 to 20 Aug
R3,ETH|sell|60-75|<=2d,ETH,sell,60-75,<=2d,328,2403.943000760218,694720.2589740546,1097724.1391084092,328,831411.7139612568,4638316.242674532,True,R3 to 20 Aug
R3,ETH|sell|60-75|>90d,ETH,sell,60-75,>90d,328,2222.3077164187303,591096.8183665046,1063030.9464112823,328,787073.9862105445,3955332.701401542,True,R3 to 20 Aug
R3,ETH|sell|75-90|2-7d,ETH,sell,75-90,2-7d,214,538.031,156227.705154801,247937.81627715196,214,187841.04324593773,1038512.8454258718,True,R3 to 20 Aug
R3,ETH|sell|75-90|30-90d,ETH,sell,75-90,30-90d,106,1495.4418,382223.116092417,605711.4514793417,106,454337.01964879903,2558663.7737307837,False,R3 to 20 Aug
R3,ETH|sell|75-90|7-30d,ETH,sell,75-90,7-30d,260,1170.5843324670973,345163.41833984875,541322.8885031927,260,410647.0942625605,2252645.7978536263,True,R3 to 20 Aug
R3,ETH|sell|75-90|<=2d,ETH,sell,75-90,<=2d,183,1055.699,308567.808208753,494647.63566609996,183,375051.3537211371,2057486.2595062342,False,R3 to 20 Aug
R3,ETH|sell|75-90|>90d,ETH,sell,75-90,>90d,84,829.49,226783.4952927633,389439.59024153446,84,293044.2765426933,1461240.2769759858,False,R3 to 20 Aug
R3,ETH|sell|90-100|2-7d,ETH,sell,90-100,2-7d,50,303.60013793827085,84607.10161189453,136830.39959332178,50,103712.3091168358,565392.5999457422,False,R3 to 20 Aug
R3,ETH|sell|90-100|30-90d,ETH,sell,90-100,30-90d,28,454.74,128968.08147158986,209858.64282605227,28,158407.3872246735,858062.4271794282,False,R3 to 20 Aug
R3,ETH|sell|90-100|7-30d,ETH,sell,90-100,7-30d,151,1644.3868563165922,452872.6730040318,730184.9361919679,151,553118.2203961405,3012079.976972295,False,R3 to 20 Aug
R3,ETH|sell|90-100|<=2d,ETH,sell,90-100,<=2d,240,2871.45,841223.4336086448,1371421.7726946773,240,1038300.888840469,5663038.676165834,True,R3 to 20 Aug
R3,ETH|sell|90-100|>90d,ETH,sell,90-100,>90d,21,92.32000000000001,28187.25286776715,50662.81187656329,21,38481.81019758466,174051.70031764172,False,R3 to 20 Aug
R3,HYPE|buy|00-10|2-7d,HYPE,buy,00-10,2-7d,137,157795.0,27848.753061893938,,0,33921.224830823856,10457364.526077451,False,R3 to 20 Aug
R3,HYPE|buy|00-10|30-90d,HYPE,buy,00-10,30-90d,83,228437.12,124346.684495573,,0,135409.51837518252,15297711.82739141,False,R3 to 20 Aug
R3,HYPE|buy|00-10|7-30d,HYPE,buy,00-10,7-30d,175,123143.0,29083.60013518593,,0,33346.74523379564,7873393.22319887,False,R3 to 20 Aug
R3,HYPE|buy|00-10|<=2d,HYPE,buy,00-10,<=2d,72,10051.0,1081.159334576546,,0,1314.4829274760343,673698.3940685288,False,R3 to 20 Aug
R3,HYPE|buy|00-10|>90d,HYPE,buy,00-10,>90d,128,13605.0,13671.640202730752,,0,13575.63667211359,874044.2231515574,False,R3 to 20 Aug
R3,HYPE|buy|10-25|2-7d,HYPE,buy,10-25,2-7d,738,464021.1249156162,307198.64244291914,,0,346197.2622638461,30172368.795763303,True,R3 to 20 Aug
R3,HYPE|buy|10-25|30-90d,HYPE,buy,10-25,30-90d,565,488719.5764,1026555.9703667491,,0,1040967.5251566163,29600623.189282306,True,R3 to 20 Aug
R3,HYPE|buy|10-25|7-30d,HYPE,buy,10-25,7-30d,1219,725032.77,799214.9502951936,,0,875618.7673838206,46495990.332950786,True,R3 to 20 Aug
R3,HYPE|buy|10-25|<=2d,HYPE,buy,10-25,<=2d,221,555241.0,191179.56219677997,,0,209678.6479025674,37890661.059132166,True,R3 to 20 Aug
R3,HYPE|buy|10-25|>90d,HYPE,buy,10-25,>90d,301,409144.036,1353480.3764475745,,0,1253148.1037047617,25979849.504984856,True,R3 to 20 Aug
R3,HYPE|buy|25-40|2-7d,HYPE,buy,25-40,2-7d,704,563033.9753,606666.7216320377,,0,676867.8861211065,35899990.535647534,True,R3 to 20 Aug
R3,HYPE|buy|25-40|30-90d,HYPE,buy,25-40,30-90d,408,427405.75,1507860.9509986762,,0,1527151.2244201102,26575762.47076,True,R3 to 20 Aug
R3,HYPE|buy|25-40|7-30d,HYPE,buy,25-40,7-30d,1617,1228788.6892434862,2720146.922590248,,0,2949327.7832899885,78271282.91987692,True,R3 to 20 Aug
R3,HYPE|buy|25-40|<=2d,HYPE,buy,25-40,<=2d,254,151958.5,97507.884443606,,0,107832.32972594877,9865881.113794748,True,R3 to 20 Aug
R3,HYPE|buy|25-40|>90d,HYPE,buy,25-40,>90d,273,300080.1117235621,1984543.846971787,,0,1649908.4794107026,18183180.881892025,True,R3 to 20 Aug
R3,HYPE|buy|40-60|2-7d,HYPE,buy,40-60,2-7d,953,283905.0,508478.3498704567,,0,563785.3675712912,16694111.281165995,True,R3 to 20 Aug
R3,HYPE|buy|40-60|30-90d,HYPE,buy,40-60,30-90d,302,311307.05,2200291.8008451234,,0,2037040.8534287058,19265383.841961205,True,R3 to 20 Aug
R3,HYPE|buy|40-60|7-30d,HYPE,buy,40-60,7-30d,1249,1141738.6015497656,4931612.142124964,,0,5224928.307294021,72183608.49866849,True,R3 to 20 Aug
R3,HYPE|buy|40-60|<=2d,HYPE,buy,40-60,<=2d,265,177938.0,192358.71813261646,,0,211764.0443712608,11052932.6968228,True,R3 to 20 Aug
R3,HYPE|buy|40-60|>90d,HYPE,buy,40-60,>90d,147,148961.1117235621,1310917.6756302663,,0,1108460.3692730144,9676323.53075451,False,R3 to 20 Aug
R3,HYPE|buy|60-75|2-7d,HYPE,buy,60-75,2-7d,225,219741.0,748777.8389151107,,0,819070.955357373,15286254.220641099,True,R3 to 20 Aug
R3,HYPE|buy|60-75|30-90d,HYPE,buy,60-75,30-90d,121,84204.3,890628.1666259828,,0,795442.7795869553,5451869.480920866,False,R3 to 20 Aug
R3,HYPE|buy|60-75|7-30d,HYPE,buy,60-75,7-30d,351,198665.90654058103,1249313.0431078975,,0,1292863.5807425943,12127347.436233716,True,R3 to 20 Aug
R3,HYPE|buy|60-75|<=2d,HYPE,buy,60-75,<=2d,103,137412.0,197963.43462660484,,0,219112.08665550884,8186347.222128501,False,R3 to 20 Aug
R3,HYPE|buy|60-75|>90d,HYPE,buy,60-75,>90d,95,122606.61172356209,1820962.4665360677,,0,1383591.825576227,7390653.592615742,False,R3 to 20 Aug
R3,HYPE|buy|75-90|2-7d,HYPE,buy,75-90,2-7d,82,161546.6,950511.4626916692,,0,1044130.3864059673,11683862.03215999,False,R3 to 20 Aug
R3,HYPE|buy|75-90|30-90d,HYPE,buy,75-90,30-90d,77,31680.0,423145.9837944077,,0,333923.1250853512,1825098.9890705787,False,R3 to 20 Aug
R3,HYPE|buy|75-90|7-30d,HYPE,buy,75-90,7-30d,157,108035.1,950046.8171180311,,0,964897.9940379509,6716639.252575305,False,R3 to 20 Aug
R3,HYPE|buy|75-90|<=2d,HYPE,buy,75-90,<=2d,64,7819.91,32593.08817672794,,0,35904.06706769085,487037.09626566654,False,R3 to 20 Aug
R3,HYPE|buy|75-90|>90d,HYPE,buy,75-90,>90d,25,112369.0,2263652.98,,0,1502845.152428669,7659076.567222475,False,R3 to 20 Aug
R3,HYPE|buy|90-100|2-7d,HYPE,buy,90-100,2-7d,32,9073.0,89123.55880981401,,0,87842.56966579088,588445.3056254135,False,R3 to 20 Aug
R3,HYPE|buy|90-100|30-90d,HYPE,buy,90-100,30-90d,15,29151.0,773356.513951314,,0,441455.9867109359,1952326.1173140479,False,R3 to 20 Aug
R3,HYPE|buy|90-100|7-30d,HYPE,buy,90-100,7-30d,23,781.0,14281.538577639658,,0,11101.289034730693,54301.044815704416,False,R3 to 20 Aug
R3,HYPE|buy|90-100|<=2d,HYPE,buy,90-100,<=2d,55,2330.0,13280.449216163399,,0,14339.794683951779,151072.53812870785,False,R3 to 20 Aug
R3,HYPE|buy|90-100|>90d,HYPE,buy,90-100,>90d,8,15820.0,602179.6,,0,249733.6793394569,955641.2577610667,False,R3 to 20 Aug
R3,HYPE|sell|00-10|2-7d,HYPE,sell,00-10,2-7d,187,90876.92993249293,1498936.9499494184,,0,1235776.0988443987,6023485.633792822,False,R3 to 20 Aug
R3,HYPE|sell|00-10|30-90d,HYPE,sell,00-10,30-90d,141,101133.00815227385,1602229.6451423313,,0,871371.9822458753,6400286.386021669,False,R3 to 20 Aug
R3,HYPE|sell|00-10|7-30d,HYPE,sell,00-10,7-30d,317,125264.76881808368,2039055.7567162986,,0,1507939.1228570158,8168565.132507049,True,R3 to 20 Aug
R3,HYPE|sell|00-10|<=2d,HYPE,sell,00-10,<=2d,175,59576.82325367164,959205.924535221,,0,883737.3325094325,3824869.256114828,False,R3 to 20 Aug
R3,HYPE|sell|00-10|>90d,HYPE,sell,00-10,>90d,72,157992.7834997073,2475657.1417095484,,0,1077477.6792916595,9895725.111473046,False,R3 to 20 Aug
R3,HYPE|sell|10-25|2-7d,HYPE,sell,10-25,2-7d,296,83708.6,1324014.7623231006,,0,1194092.278092529,5305337.978047197,True,R3 to 20 Aug
R3,HYPE|sell|10-25|30-90d,HYPE,sell,10-25,30-90d,387,488649.93,7872406.46004973,,0,5515124.054268762,31490936.545771338,True,R3 to 20 Aug
R3,HYPE|sell|10-25|7-30d,HYPE,sell,10-25,7-30d,571,524882.1799324929,8688978.05972622,,0,7600861.325996207,34946265.52298666,True,R3 to 20 Aug
R3,HYPE|sell|10-25|<=2d,HYPE,sell,10-25,<=2d,217,45656.0,798015.2362131515,,0,782662.4586214282,3091282.09730992,True,R3 to 20 Aug
R3,HYPE|sell|10-25|>90d,HYPE,sell,10-25,>90d,220,290450.54,4446238.09610453,,0,3321465.807122901,17776067.48519382,True,R3 to 20 Aug
R3,HYPE|sell|25-40|2-7d,HYPE,sell,25-40,2-7d,293,268916.8719729972,4971230.881666214,,0,4828049.361695302,18539142.64104812,True,R3 to 20 Aug
R3,HYPE|sell|25-40|30-90d,HYPE,sell,25-40,30-90d,257,528070.0,8177903.838736292,,0,7705279.741345553,32945946.785313923,True,R3 to 20 Aug
R3,HYPE|sell|25-40|7-30d,HYPE,sell,25-40,7-30d,523,478261.25,7640048.954590036,,0,7102956.190904994,30451518.158841226,True,R3 to 20 Aug
R3,HYPE|sell|25-40|<=2d,HYPE,sell,25-40,<=2d,271,56876.0,1013985.421036144,,0,993880.6815056906,3685386.036298681,True,R3 to 20 Aug
R3,HYPE|sell|25-40|>90d,HYPE,sell,25-40,>90d,193,240008.51,3758928.8413003795,,0,4086436.8141550752,15202617.232917214,False,R3 to 20 Aug
R3,HYPE|sell|40-60|2-7d,HYPE,sell,40-60,2-7d,370,76853.7853,1424223.484936114,,0,1342723.4874574232,4956052.191320211,True,R3 to 20 Aug
R3,HYPE|sell|40-60|30-90d,HYPE,sell,40-60,30-90d,287,228389.9,3759836.408038573,,0,3805280.33949867,14642023.549471423,True,R3 to 20 Aug
R3,HYPE|sell|40-60|7-30d,HYPE,sell,40-60,7-30d,395,519080.5333022245,9343803.563940225,,0,9010284.834254824,34038668.234188356,True,R3 to 20 Aug
R3,HYPE|sell|40-60|<=2d,HYPE,sell,40-60,<=2d,244,51320.0,973865.8265099657,,0,948878.2274330348,3298612.343447245,True,R3 to 20 Aug
R3,HYPE|sell|40-60|>90d,HYPE,sell,40-60,>90d,190,177902.54,2831780.62906147,,0,3385869.4010154773,11202254.827505924,False,R3 to 20 Aug
R3,HYPE|sell|60-75|2-7d,HYPE,sell,60-75,2-7d,96,13161.0,255649.88544577977,,0,248694.87906549944,839151.8783309757,False,R3 to 20 Aug
R3,HYPE|sell|60-75|30-90d,HYPE,sell,60-75,30-90d,55,25253.965,499257.2989972504,,0,491295.85970864055,1672875.3386215193,False,R3 to 20 Aug
R3,HYPE|sell|60-75|7-30d,HYPE,sell,60-75,7-30d,120,95004.0,1929272.9047879654,,0,1901226.7720009354,6551919.911198918,False,R3 to 20 Aug
R3,HYPE|sell|60-75|<=2d,HYPE,sell,60-75,<=2d,69,7378.5,144617.4370981879,,0,144260.49343594754,481972.4786895032,False,R3 to 20 Aug
R3,HYPE|sell|60-75|>90d,HYPE,sell,60-75,>90d,89,110539.98313556152,2212509.71414713,,0,2361364.962975805,7563839.5395808015,False,R3 to 20 Aug
R3,HYPE|sell|75-90|2-7d,HYPE,sell,75-90,2-7d,59,15599.179932492934,275306.71867335466,,0,275981.3621116455,937960.481112645,False,R3 to 20 Aug
R3,HYPE|sell|75-90|30-90d,HYPE,sell,75-90,30-90d,56,26267.0,463243.52155726694,,0,472467.4181246871,1548752.9821673934,False,R3 to 20 Aug
R3,HYPE|sell|75-90|7-30d,HYPE,sell,75-90,7-30d,160,42748.743844349505,722164.2389928915,,0,723847.4485075567,2466678.8637807895,False,R3 to 20 Aug
R3,HYPE|sell|75-90|<=2d,HYPE,sell,75-90,<=2d,83,7896.0,152378.7735434372,,0,153988.85338133218,506438.53435281664,False,R3 to 20 Aug
R3,HYPE|sell|75-90|>90d,HYPE,sell,75-90,>90d,24,14276.0,251015.50008501945,,0,281438.2427066635,871588.9332089341,False,R3 to 20 Aug
R3,HYPE|sell|90-100|2-7d,HYPE,sell,90-100,2-7d,32,162586.0,3516712.12312926,,0,3602510.7150027496,11810987.573137803,False,R3 to 20 Aug
R3,HYPE|sell|90-100|30-90d,HYPE,sell,90-100,30-90d,13,4162.0,84977.10700478838,,0,88878.8670036269,282557.3486136273,False,R3 to 20 Aug
R3,HYPE|sell|90-100|7-30d,HYPE,sell,90-100,7-30d,37,7465.79983501915,147018.30893673474,,0,151316.2244105593,492772.77825492935,False,R3 to 20 Aug
R3,HYPE|sell|90-100|<=2d,HYPE,sell,90-100,<=2d,47,4616.0,84750.49093135343,,0,86571.9561134008,281612.7018742475,False,R3 to 20 Aug
R4,BTC|buy|00-10|2-7d,BTC,buy,00-10,2-7d,167,933.9360300000001,99608.96530236414,130417.43329550022,167,99633.93533675079,72959075.84828362,False,R4 since 20 Aug
R4,BTC|buy|00-10|30-90d,BTC,buy,00-10,30-90d,66,386.75741,129138.20225337228,163680.34770777827,66,121880.3368849692,30313647.378377516,False,R4 since 20 Aug
R4,BTC|buy|00-10|7-30d,BTC,buy,00-10,7-30d,216,634.67065,91687.94261759153,119991.86674195084,216,91953.4900770015,49769825.35520898,True,R4 since 20 Aug
R4,BTC|buy|00-10|<=2d,BTC,buy,00-10,<=2d,134,248.95609,9998.21165929752,13367.507769611602,134,10073.12751611428,19305064.055736497,False,R4 since 20 Aug
R4,BTC|buy|00-10|>90d,BTC,buy,00-10,>90d,69,49.40434,16173.14534835,19930.482056363366,69,14995.240254601202,3839673.3044774937,False,R4 since 20 Aug
R4,BTC|buy|10-25|2-7d,BTC,buy,10-25,2-7d,204,1881.35462,683853.5868438588,869312.483971042,204,683853.3976548306,148816422.63784033,True,R4 since 20 Aug
R4,BTC|buy|10-25|30-90d,BTC,buy,10-25,30-90d,136,702.68339,629650.0925189368,792325.8251129556,136,596249.0312664806,54557305.35689443,False,R4 since 20 Aug
R4,BTC|buy|10-25|7-30d,BTC,buy,10-25,7-30d,212,704.60419,365649.8239900401,463974.89986388566,212,365095.49736783636,54670396.69370877,True,R4 since 20 Aug
R4,BTC|buy|10-25|<=2d,BTC,buy,10-25,<=2d,185,102.42902,14626.510173049204,18583.97165061323,185,14626.510173049204,8001147.417375575,False,R4 since 20 Aug
R4,BTC|buy|10-25|>90d,BTC,buy,10-25,>90d,108,758.69635,1317309.2790298,1568380.0642405485,108,1149175.091012914,60013334.461036496,False,R4 since 20 Aug
R4,BTC|buy|25-40|2-7d,BTC,buy,25-40,2-7d,107,47.68506,37141.329313379945,46440.89757483522,107,37136.66088412076,3738899.0713968845,False,R4 since 20 Aug
R4,BTC|buy|25-40|30-90d,BTC,buy,25-40,30-90d,95,101.25113,226138.08877605526,273721.4552809232,95,206182.49261138568,7891819.344114542,False,R4 since 20 Aug
R4,BTC|buy|25-40|7-30d,BTC,buy,25-40,7-30d,138,398.30478,399586.56283124286,497579.9023767288,138,398001.02017461613,30494412.363840427,False,R4 since 20 Aug
R4,BTC|buy|25-40|<=2d,BTC,buy,25-40,<=2d,98,111.39365,44404.558838547,55609.88098110143,98,44404.558838547,8851067.91051009,False,R4 since 20 Aug
R4,BTC|buy|25-40|>90d,BTC,buy,25-40,>90d,48,32.843039235482586,135547.97115149253,145668.27173571775,48,105178.04848094775,2546067.873609219,False,R4 since 20 Aug
R4,BTC|buy|40-60|2-7d,BTC,buy,40-60,2-7d,134,95.85674,131162.68042305676,164027.41747252792,134,131066.59479339355,7467947.825165059,False,R4 since 20 Aug
R4,BTC|buy|40-60|30-90d,BTC,buy,40-60,30-90d,130,556.03545,3019232.413044829,3371865.639941412,130,2439520.3032681397,42760953.24388801,False,R4 since 20 Aug
R4,BTC|buy|40-60|7-30d,BTC,buy,40-60,7-30d,145,213.63665,427295.1639240819,531601.6803203056,145,421336.15011401643,16353752.887493633,False,R4 since 20 Aug
R4,BTC|buy|40-60|<=2d,BTC,buy,40-60,<=2d,113,61.36427,43619.40435269351,54065.49105636637,113,43619.40435248693,4796284.069882791,False,R4 since 20 Aug
R4,BTC|buy|40-60|>90d,BTC,buy,40-60,>90d,88,24.00598,168378.50989616083,164525.74623188487,88,115508.18199416292,1871727.147118162,False,R4 since 20 Aug
R4,BTC|buy|60-75|2-7d,BTC,buy,60-75,2-7d,71,115.4029,246319.30257610086,308559.06865994836,71,245559.91064581843,8984742.009854153,False,R4 since 20 Aug
R4,BTC|buy|60-75|30-90d,BTC,buy,60-75,30-90d,35,532.0224499999999,2557504.401015799,3024593.380253479,35,2206453.8324990184,40864396.30126925,False,R4 since 20 Aug
R4,BTC|buy|60-75|7-30d,BTC,buy,60-75,7-30d,87,140.71143,456923.38407175185,568158.283103012,87,445006.3682995974,10902356.565926708,False,R4 since 20 Aug
R4,BTC|buy|60-75|<=2d,BTC,buy,60-75,<=2d,70,35.45932,36845.44066444333,45647.78897365089,70,36845.440652624464,2754124.49199079,False,R4 since 20 Aug
R4,BTC|buy|60-75|>90d,BTC,buy,60-75,>90d,64,11.80764,121784.339434465,109326.73545553445,64,74153.97227988693,911392.9548146222,False,R4 since 20 Aug
R4,BTC|buy|75-90|2-7d,BTC,buy,75-90,2-7d,47,68.90631,210789.10485530127,264569.34174474125,47,210243.20823053882,5345065.337008015,False,R4 since 20 Aug
R4,BTC|buy|75-90|30-90d,BTC,buy,75-90,30-90d,31,193.28282000000002,2148582.3426418966,2029525.6995750105,31,1352547.681729759,15240230.016783452,False,R4 since 20 Aug
R4,BTC|buy|75-90|7-30d,BTC,buy,75-90,7-30d,77,253.42816,2154574.928486698,2366167.8183219363,77,1629612.352923662,19854133.288431857,False,R4 since 20 Aug
R4,BTC|buy|75-90|<=2d,BTC,buy,75-90,<=2d,62,58.216280000000005,116803.02303705172,145225.38859989462,62,116802.55703740004,4513516.923065165,False,R4 since 20 Aug
R4,BTC|buy|75-90|>90d,BTC,buy,75-90,>90d,20,3.3347100000000003,58003.5384593,42130.60846324077,20,27555.10308921425,259760.94126425945,False,R4 since 20 Aug
R4,BTC|buy|90-100|2-7d,BTC,buy,90-100,2-7d,63,40.67986,298527.79330844805,351885.5216166697,63,257175.79278301768,3152200.1704766313,False,R4 since 20 Aug
R4,BTC|buy|90-100|30-90d,BTC,buy,90-100,30-90d,12,0.953,13910.963168357124,11450.821198666807,12,7301.620677149547,73620.5925666563,False,R4 since 20 Aug
R4,BTC|buy|90-100|7-30d,BTC,buy,90-100,7-30d,52,129.0023,1220858.8268134785,1349698.3642705919,52,918604.8727801557,10181618.613506397,False,R4 since 20 Aug
R4,BTC|buy|90-100|<=2d,BTC,buy,90-100,<=2d,42,36.17486,150387.85717749497,188236.67412820982,42,145489.795659675,2865427.384676171,False,R4 since 20 Aug
R4,BTC|buy|90-100|>90d,BTC,buy,90-100,>90d,12,1.574,66986.5482339,27923.79486929017,12,17700.797826414855,121515.64223603765,False,R4 since 20 Aug
R4,BTC|sell|00-10|2-7d,BTC,sell,00-10,2-7d,268,915.20787,9254322.09709329,4716787.8046714235,268,4031921.5351101146,71195791.91329543,True,R4 since 20 Aug
R4,BTC|sell|00-10|30-90d,BTC,sell,00-10,30-90d,122,133.29899,1344515.4603202033,940575.359586397,122,562168.8555797712,10344406.493289914,False,R4 since 20 Aug
R4,BTC|sell|00-10|7-30d,BTC,sell,00-10,7-30d,324,844.7000161139849,8591084.559637943,6876373.576126955,324,4249605.9953653505,66122393.87901038,True,R4 since 20 Aug
R4,BTC|sell|00-10|<=2d,BTC,sell,00-10,<=2d,326,377.43013,3792509.103023153,4900867.423577126,326,2605918.7648013546,29169695.02092468,True,R4 since 20 Aug
R4,BTC|sell|00-10|>90d,BTC,sell,00-10,>90d,97,447.90706,4623544.763316816,3319490.4869640046,97,1617555.7610741365,35393192.262623265,False,R4 since 20 Aug
R4,BTC|sell|10-25|2-7d,BTC,sell,10-25,2-7d,260,1385.5037,14023375.48003791,19782015.97984781,260,10456319.865648154,108089534.3858832,True,R4 since 20 Aug
R4,BTC|sell|10-25|30-90d,BTC,sell,10-25,30-90d,180,492.70536,5016270.718562844,4748305.176903523,180,2459335.4018765646,38534042.125778444,False,R4 since 20 Aug
R4,BTC|sell|10-25|7-30d,BTC,sell,10-25,7-30d,186,504.2031,5150846.0886353105,6668003.2627597125,186,3475867.946965609,39585581.92454756,False,R4 since 20 Aug
R4,BTC|sell|10-25|<=2d,BTC,sell,10-25,<=2d,257,167.9525,1729762.7395676693,2757139.3951144344,257,1521355.6735515853,13127311.989256945,True,R4 since 20 Aug
R4,BTC|sell|10-25|>90d,BTC,sell,10-25,>90d,74,59.52533,601752.2653693977,583143.310853164,74,301201.4930407975,4587034.510553491,False,R4 since 20 Aug
R4,BTC|sell|25-40|2-7d,BTC,sell,25-40,2-7d,194,1099.57758,11561671.262740048,18085847.1760502,194,9967512.12886433,87634605.61380365,False,R4 since 20 Aug
R4,BTC|sell|25-40|30-90d,BTC,sell,25-40,30-90d,122,1205.25597,12119103.907360826,16789888.078250892,122,9176693.03817851,93091971.44193907,False,R4 since 20 Aug
R4,BTC|sell|25-40|7-30d,BTC,sell,25-40,7-30d,144,239.49085,2477296.047767028,3617339.8757442078,144,1977919.502519601,18549155.089309443,False,R4 since 20 Aug
R4,BTC|sell|25-40|<=2d,BTC,sell,25-40,<=2d,162,100.63301,1094638.3772255962,1772733.179748503,162,1003675.1787518206,7893841.349251123,False,R4 since 20 Aug
R4,BTC|sell|25-40|>90d,BTC,sell,25-40,>90d,76,36.17484,358311.4485346026,476563.87459367333,76,261237.1514925733,2768131.798467829,False,R4 since 20 Aug
R4,BTC|sell|40-60|2-7d,BTC,sell,40-60,2-7d,176,542.72845,6120576.739658788,9325093.536065005,176,5252505.602975236,42557006.63778415,False,R4 since 20 Aug
R4,BTC|sell|40-60|30-90d,BTC,sell,40-60,30-90d,189,735.252533,7457285.8473913325,11049908.316181345,189,6123065.859915361,56797852.25931526,False,R4 since 20 Aug
R4,BTC|sell|40-60|7-30d,BTC,sell,40-60,7-30d,206,322.1379530384303,3460784.899311164,5141111.583010522,206,2856539.0284351856,25048195.054710295,True,R4 since 20 Aug
R4,BTC|sell|40-60|<=2d,BTC,sell,40-60,<=2d,148,65.02577,743474.5753616258,1167651.0716550269,148,667595.0504597242,5073326.2370083565,False,R4 since 20 Aug
R4,BTC|sell|40-60|>90d,BTC,sell,40-60,>90d,193,63.45963,666670.1446774878,1091312.1512959963,193,625584.8636452786,4973336.938016156,False,R4 since 20 Aug
R4,BTC|sell|60-75|2-7d,BTC,sell,60-75,2-7d,52,75.87224,888130.0971495208,1383700.467212165,52,795641.9672064487,5938733.866305023,False,R4 since 20 Aug
R4,BTC|sell|60-75|30-90d,BTC,sell,60-75,30-90d,32,14.852503718689617,171275.90669411223,254376.42569040373,32,145873.12345453555,1148927.873955144,False,R4 since 20 Aug
R4,BTC|sell|60-75|7-30d,BTC,sell,60-75,7-30d,98,68.93134001640732,808730.8552240104,1229509.379984207,98,703359.3529097097,5414796.970987898,False,R4 since 20 Aug
R4,BTC|sell|60-75|<=2d,BTC,sell,60-75,<=2d,73,23.25224,274507.74328158464,437196.33632828103,73,253030.87772613374,1837809.1541418997,False,R4 since 20 Aug
R4,BTC|sell|60-75|>90d,BTC,sell,60-75,>90d,71,16.00616,188918.13794314998,290453.02378142445,71,169127.9012983044,1241533.4360807396,False,R4 since 20 Aug
R4,BTC|sell|75-90|2-7d,BTC,sell,75-90,2-7d,74,69.03207,810413.8053158206,1291545.670385853,74,751556.7805654499,5382013.89216988,False,R4 since 20 Aug
R4,BTC|sell|75-90|30-90d,BTC,sell,75-90,30-90d,33,13.39547818023754,156062.56003632952,246661.53668110463,33,143431.95631635026,1039167.5336263189,False,R4 since 20 Aug
R4,BTC|sell|75-90|7-30d,BTC,sell,75-90,7-30d,72,116.95776000000001,1349517.941015979,2152484.0628150087,72,1252732.5471886364,8986449.596839147,False,R4 since 20 Aug
R4,BTC|sell|75-90|<=2d,BTC,sell,75-90,<=2d,32,8.62603,99538.53144570331,160731.93671737163,32,93263.38547399013,669369.4534896993,False,R4 since 20 Aug
R4,BTC|sell|75-90|>90d,BTC,sell,75-90,>90d,31,7.79066,97560.46016185566,157121.36563862386,31,93831.29893762665,618099.925279349,False,R4 since 20 Aug
R4,BTC|sell|90-100|2-7d,BTC,sell,90-100,2-7d,34,16.478196940603276,191780.12126450357,311172.6600730256,34,181349.3201767554,1284591.9366909591,False,R4 since 20 Aug
R4,BTC|sell|90-100|30-90d,BTC,sell,90-100,30-90d,5,0.23,2754.575623671451,4467.493248787557,5,2629.0151213598583,18094.021112130777,False,R4 since 20 Aug
R4,BTC|sell|90-100|7-30d,BTC,sell,90-100,7-30d,23,5.064083101396159,58790.89353799982,95432.50960077443,23,55684.48602072603,393135.6391820053,False,R4 since 20 Aug
R4,BTC|sell|90-100|<=2d,BTC,sell,90-100,<=2d,32,30.996951351476085,357523.35319730325,583143.2688617081,32,339136.63665052655,2411166.921450517,False,R4 since 20 Aug
R4,BTC|sell|90-100|>90d,BTC,sell,90-100,>90d,17,0.68,9727.611049367337,14490.606121957804,17,8899.831714214664,53216.1550741503,False,R4 since 20 Aug
R4,ETH|buy|00-10|2-7d,ETH,buy,00-10,2-7d,206,6571.43,29966.87420917009,38873.304844141516,206,30132.290731758578,16225111.182161273,True,R4 since 20 Aug
R4,ETH|buy|00-10|30-90d,ETH,buy,00-10,30-90d,128,1679.9956,24230.94880876478,30502.104517887077,128,23195.528748373014,4083327.1356736342,False,R4 since 20 Aug
R4,ETH|buy|00-10|7-30d,ETH,buy,00-10,7-30d,275,3858.936150322986,26409.79141207808,34177.55644240549,275,26532.798396911738,9473563.305272602,True,R4 since 20 Aug
R4,ETH|buy|00-10|<=2d,ETH,buy,00-10,<=2d,262,4306.509778272172,8280.574574967239,10137.818760916845,262,8754.0244057819,10617120.806947608,True,R4 since 20 Aug
R4,ETH|buy|00-10|>90d,ETH,buy,00-10,>90d,594,87165.87750873277,779647.042537553,1028404.1064639365,594,716064.1775405318,215625675.95161694,True,R4 since 20 Aug
R4,ETH|buy|10-25|2-7d,ETH,buy,10-25,2-7d,317,7791.57,88824.39655657003,112466.88388369995,317,88820.97708833807,19284946.082659286,True,R4 since 20 Aug
R4,ETH|buy|10-25|30-90d,ETH,buy,10-25,30-90d,210,3131.643988360927,134622.39917067258,162264.87433885044,210,124582.23529253458,7652358.011863105,True,R4 since 20 Aug
R4,ETH|buy|10-25|7-30d,ETH,buy,10-25,7-30d,314,8652.7302,196559.33118360533,246629.33376310216,314,195331.66177264464,21476111.886450406,True,R4 since 20 Aug
R4,ETH|buy|10-25|<=2d,ETH,buy,10-25,<=2d,380,4680.81,28316.173167804303,36584.19522717899,380,28316.17316780419,11526266.891981473,True,R4 since 20 Aug
R4,ETH|buy|10-25|>90d,ETH,buy,10-25,>90d,184,8064.591,529963.291631,591215.8681032405,184,443902.45119076374,20086992.11877607,False,R4 since 20 Aug
R4,ETH|buy|25-40|2-7d,ETH,buy,25-40,2-7d,288,7794.31,209801.69953093852,263980.7214235539,288,209797.32227192013,19417462.603143666,True,R4 since 20 Aug
R4,ETH|buy|25-40|30-90d,ETH,buy,25-40,30-90d,177,3721.8588718155993,393075.84483392956,448770.50654554204,177,340125.55657470523,9159237.411714934,False,R4 since 20 Aug
R4,ETH|buy|25-40|7-30d,ETH,buy,25-40,7-30d,285,3607.42,180038.13530268587,224351.62192001534,285,177798.17212832315,8834584.980733724,True,R4 since 20 Aug
R4,ETH|buy|25-40|<=2d,ETH,buy,25-40,<=2d,247,2393.2,31648.899312642192,39453.06040647318,247,31648.899274637446,5913100.081744236,True,R4 since 20 Aug
R4,ETH|buy|25-40|>90d,ETH,buy,25-40,>90d,140,4825.0416,813627.50764056,793441.9993087613,140,586519.7953937222,11925240.552997727,False,R4 since 20 Aug
R4,ETH|buy|40-60|2-7d,ETH,buy,40-60,2-7d,357,5532.95,275907.70290840045,345538.85104490136,357,275699.9938461724,13733764.30966193,True,R4 since 20 Aug
R4,ETH|buy|40-60|30-90d,ETH,buy,40-60,30-90d,154,1833.1471105695318,306194.0398186012,328995.25647921977,154,247070.78545365555,4497289.4480534205,False,R4 since 20 Aug
R4,ETH|buy|40-60|7-30d,ETH,buy,40-60,7-30d,252,3199.8,270700.6481751728,335080.3182470667,252,264476.8658103867,7890290.07343111,True,R4 since 20 Aug
R4,ETH|buy|40-60|<=2d,ETH,buy,40-60,<=2d,222,1676.83,38574.911330358096,47898.99660712274,222,38574.91132664419,4099461.686859887,True,R4 since 20 Aug
R4,ETH|buy|40-60|>90d,ETH,buy,40-60,>90d,74,1774.055,559643.5616151,469857.94392663764,74,340614.9746970417,4358813.893108636,False,R4 since 20 Aug
R4,ETH|buy|60-75|2-7d,ETH,buy,60-75,2-7d,85,888.6800000000001,70982.27214237333,89408.37911631266,85,70823.78067636205,2214669.336906404,False,R4 since 20 Aug
R4,ETH|buy|60-75|30-90d,ETH,buy,60-75,30-90d,60,1166.92,332233.9324326507,317769.9732624505,60,231987.34451192102,2883149.635046033,False,R4 since 20 Aug
R4,ETH|buy|60-75|7-30d,ETH,buy,60-75,7-30d,78,2082.89,277274.7776097599,340937.9183377043,78,267468.01716570935,5092546.2349896,False,R4 since 20 Aug
R4,ETH|buy|60-75|<=2d,ETH,buy,60-75,<=2d,91,805.53,36387.76685676995,45893.98707148725,91,36387.766382191665,1987873.3688738989,False,R4 since 20 Aug
R4,ETH|buy|60-75|>90d,ETH,buy,60-75,>90d,62,4328.1320000000005,2042891.8492369999,1543744.2498372162,62,1109051.3676783529,10847439.495858472,False,R4 since 20 Aug
R4,ETH|buy|75-90|2-7d,ETH,buy,75-90,2-7d,50,947.44,121329.21230136124,151393.40084606796,50,120045.98398935603,2376763.162547271,False,R4 since 20 Aug
R4,ETH|buy|75-90|30-90d,ETH,buy,75-90,30-90d,43,1217.805,415222.8198845527,396072.27538885915,43,288696.3741991242,3008463.516152042,False,R4 since 20 Aug
R4,ETH|buy|75-90|7-30d,ETH,buy,75-90,7-30d,74,3876.68,1220959.2229492646,1240116.1481377375,74,906026.2925107128,9617194.71124908,False,R4 since 20 Aug
R4,ETH|buy|75-90|<=2d,ETH,buy,75-90,<=2d,76,1196.03,92759.31998885254,116637.08370262153,76,92759.18361487682,2949955.826995598,False,R4 since 20 Aug
R4,ETH|buy|75-90|>90d,ETH,buy,75-90,>90d,99,659.1171,551093.548777686,313784.8807421033,99,221854.4922571404,1603124.197164317,False,R4 since 20 Aug
R4,ETH|buy|90-100|2-7d,ETH,buy,90-100,2-7d,54,773.3912,261877.45179593758,275933.14948800614,54,206909.86236589958,1935511.3829769967,False,R4 since 20 Aug
R4,ETH|buy|90-100|30-90d,ETH,buy,90-100,30-90d,21,441.61,265840.4457849828,180123.16263581775,21,126799.05175219158,1053460.7452205173,False,R4 since 20 Aug
R4,ETH|buy|90-100|7-30d,ETH,buy,90-100,7-30d,35,2551.63,1186934.6806029682,1006380.3747110834,35,716154.4371860637,6302622.594824425,False,R4 since 20 Aug
R4,ETH|buy|90-100|<=2d,ETH,buy,90-100,<=2d,47,850.3685,148843.97812129383,184101.15790951735,47,146515.84213702497,2098952.1564235818,False,R4 since 20 Aug
R4,ETH|buy|90-100|>90d,ETH,buy,90-100,>90d,32,330.323,437158.6306418,184617.95869333926,32,128094.80873006844,818407.5690156983,False,R4 since 20 Aug
R4,ETH|sell|00-10|2-7d,ETH,sell,00-10,2-7d,433,23294.02,7483619.176797815,6739169.943797398,433,4726932.367193374,57634256.308085,True,R4 since 20 Aug
R4,ETH|sell|00-10|30-90d,ETH,sell,00-10,30-90d,203,3518.4900000000002,1127181.4045782846,778888.7188817638,203,426084.99049865286,8687008.299848571,True,R4 since 20 Aug
R4,ETH|sell|00-10|7-30d,ETH,sell,00-10,7-30d,286,8674.646833214727,2765960.090653583,1963614.8743375877,286,1437679.6232358215,21307309.19511532,True,R4 since 20 Aug
R4,ETH|sell|00-10|<=2d,ETH,sell,00-10,<=2d,566,15582.85,4979750.280580515,5303413.597743209,566,3577989.7862699474,38302661.644420534,True,R4 since 20 Aug
R4,ETH|sell|00-10|>90d,ETH,sell,00-10,>90d,517,70130.591,22503354.065438043,21635924.17284333,517,11878989.742296575,172125535.937125,True,R4 since 20 Aug
R4,ETH|sell|10-25|2-7d,ETH,sell,10-25,2-7d,611,7600.72,2442987.4112357544,3357610.8519831253,611,2078660.1551966504,18812604.927455753,True,R4 since 20 Aug
R4,ETH|sell|10-25|30-90d,ETH,sell,10-25,30-90d,225,4649.8355,1482808.5896232117,1550468.499250996,225,901226.8388864198,11415423.934023837,True,R4 since 20 Aug
R4,ETH|sell|10-25|7-30d,ETH,sell,10-25,7-30d,325,2974.7157168102713,951108.729508357,1103800.6967051716,325,661295.8276460972,7325281.444618965,True,R4 since 20 Aug
R4,ETH|sell|10-25|<=2d,ETH,sell,10-25,<=2d,450,4224.47,1364506.5048463373,2113895.4506273563,450,1351168.426516223,10435084.411832519,True,R4 since 20 Aug
R4,ETH|sell|10-25|>90d,ETH,sell,10-25,>90d,269,35418.83434800315,11548603.079437247,13274573.55414288,269,7527332.575326179,90094311.52419627,True,R4 since 20 Aug
R4,ETH|sell|25-40|2-7d,ETH,sell,25-40,2-7d,344,3263.6,1061555.9527759517,1616292.6130498806,344,1029357.0861460667,8087654.695181693,True,R4 since 20 Aug
R4,ETH|sell|25-40|30-90d,ETH,sell,25-40,30-90d,165,2150.5672,690508.7651330233,958422.5673447829,165,589810.3179847456,5325388.956280787,False,R4 since 20 Aug
R4,ETH|sell|25-40|7-30d,ETH,sell,25-40,7-30d,370,5496.29,1763253.780898153,2553994.6761724446,370,1600391.4821553114,13636908.083423944,True,R4 since 20 Aug
R4,ETH|sell|25-40|<=2d,ETH,sell,25-40,<=2d,288,1860.1,619893.7260437905,996209.3854486214,288,647839.0379281647,4561510.494352082,True,R4 since 20 Aug
R4,ETH|sell|25-40|>90d,ETH,sell,25-40,>90d,200,7767.07,2541685.5633461154,3774738.241710715,200,2300554.641746785,19371587.457732186,True,R4 since 20 Aug
R4,ETH|sell|40-60|2-7d,ETH,sell,40-60,2-7d,388,2875.98,1039435.2761735634,1566854.7666496008,388,1018181.5434034514,7152512.5337653095,True,R4 since 20 Aug
R4,ETH|sell|40-60|30-90d,ETH,sell,40-60,30-90d,226,3256.550590059915,1084251.648584805,1632790.2300986298,226,1035922.5307791352,7962928.063322231,True,R4 since 20 Aug
R4,ETH|sell|40-60|7-30d,ETH,sell,40-60,7-30d,309,6747.37,2429444.6834147675,3498932.274307303,309,2242490.3835007637,16824363.23630856,True,R4 since 20 Aug
R4,ETH|sell|40-60|<=2d,ETH,sell,40-60,<=2d,234,1776.73,637701.8662726393,1000927.7182746812,234,659139.4119083296,4349839.166308877,True,R4 since 20 Aug
R4,ETH|sell|40-60|>90d,ETH,sell,40-60,>90d,157,5760.3304,1884915.382831197,3287583.997977501,157,2088852.3870938488,14261981.878585074,False,R4 since 20 Aug
R4,ETH|sell|60-75|2-7d,ETH,sell,60-75,2-7d,81,883.28,324326.4734448897,503767.8929871469,81,329527.16524467117,2208336.1481490703,False,R4 since 20 Aug
R4,ETH|sell|60-75|30-90d,ETH,sell,60-75,30-90d,44,1147.99,412489.70493076555,628792.7975634605,44,408287.60424739134,2760937.37910928,False,R4 since 20 Aug
R4,ETH|sell|60-75|7-30d,ETH,sell,60-75,7-30d,84,2301.49,851773.2488946632,1290977.8593253577,84,842643.6135177484,5717217.067093368,False,R4 since 20 Aug
R4,ETH|sell|60-75|<=2d,ETH,sell,60-75,<=2d,75,675.92,248969.2995440035,389399.9451495769,75,257234.0623966947,1664994.853074356,False,R4 since 20 Aug
R4,ETH|sell|60-75|>90d,ETH,sell,60-75,>90d,68,1249.1241,460014.59802657086,796178.4603831148,68,516033.3359391194,3070428.882714694,False,R4 since 20 Aug
R4,ETH|sell|75-90|2-7d,ETH,sell,75-90,2-7d,47,788.3045953679361,291429.66746615805,463216.2180252287,47,306233.47322409664,1951386.371189576,False,R4 since 20 Aug
R4,ETH|sell|75-90|30-90d,ETH,sell,75-90,30-90d,34,1387.32,528572.9731493867,860401.0085230273,34,567337.6130247515,3500646.5343460888,False,R4 since 20 Aug
R4,ETH|sell|75-90|7-30d,ETH,sell,75-90,7-30d,39,349.875,129513.22974672967,203249.5658076328,39,134079.1838843814,862274.2128535615,False,R4 since 20 Aug
R4,ETH|sell|75-90|<=2d,ETH,sell,75-90,<=2d,69,853.11,320164.67533235997,512323.7855068592,69,341209.7766417712,2122702.2692003115,False,R4 since 20 Aug
R4,ETH|sell|75-90|>90d,ETH,sell,75-90,>90d,66,212.471,82819.73643932324,142553.46749019012,66,93996.99914517037,538761.8930662782,False,R4 since 20 Aug
R4,ETH|sell|90-100|2-7d,ETH,sell,90-100,2-7d,65,360.8138809238697,133817.90588544414,216291.6784541405,65,144145.17526462823,883380.4353891505,False,R4 since 20 Aug
R4,ETH|sell|90-100|30-90d,ETH,sell,90-100,30-90d,8,49.51,18090.00298037886,29990.188366504357,8,19761.027582064307,122906.85362585068,False,R4 since 20 Aug
R4,ETH|sell|90-100|7-30d,ETH,sell,90-100,7-30d,28,99.68805242462133,36514.06103825031,59611.901573570954,28,39530.26427454951,245143.31041965444,False,R4 since 20 Aug
R4,ETH|sell|90-100|<=2d,ETH,sell,90-100,<=2d,56,824.22,304767.2185077135,493763.89007174346,56,329259.2820220831,2025827.2130336633,False,R4 since 20 Aug
R4,ETH|sell|90-100|>90d,ETH,sell,90-100,>90d,44,395.6,157428.2649077917,271557.41256602434,44,183501.36803277492,971171.5598954598,False,R4 since 20 Aug
R4,HYPE|buy|00-10|2-7d,HYPE,buy,00-10,2-7d,20,21258.0,73.64199999999998,,0,1900.4090677606675,1651104.3301439167,False,R4 since 20 Aug
R4,HYPE|buy|00-10|30-90d,HYPE,buy,00-10,30-90d,8,2010.0,1315.3,,0,1296.1135573193924,166737.782282344,False,R4 since 20 Aug
R4,HYPE|buy|00-10|7-30d,HYPE,buy,00-10,7-30d,57,18397.0,4711.8931493676255,,0,5395.31057174878,1506320.2105883497,False,R4 since 20 Aug
R4,HYPE|buy|00-10|<=2d,HYPE,buy,00-10,<=2d,28,1828.0,83.552758871458,,0,111.52737813067442,152448.37207076975,False,R4 since 20 Aug
R4,HYPE|buy|00-10|>90d,HYPE,buy,00-10,>90d,13,12139.0,11877.26,,0,11027.913639576807,1003596.4322210616,False,R4 since 20 Aug
R4,HYPE|buy|10-25|2-7d,HYPE,buy,10-25,2-7d,84,81996.0872,68293.86693984219,,0,68293.83416890504,6508936.076739256,False,R4 since 20 Aug
R4,HYPE|buy|10-25|30-90d,HYPE,buy,10-25,30-90d,192,101604.0736,176653.60823353674,,0,170192.8306000644,8193501.687717763,False,R4 since 20 Aug
R4,HYPE|buy|10-25|7-30d,HYPE,buy,10-25,7-30d,262,117559.99398932213,133809.59528649226,,0,133281.4267360412,9621104.671793124,True,R4 since 20 Aug
R4,HYPE|buy|10-25|<=2d,HYPE,buy,10-25,<=2d,168,31761.8,19071.18079889743,,0,19071.18079889743,2505938.791243392,False,R4 since 20 Aug
R4,HYPE|buy|10-25|>90d,HYPE,buy,10-25,>90d,106,202218.55,869145.508887945,,0,740220.1372399767,16225225.987691091,False,R4 since 20 Aug
R4,HYPE|buy|25-40|2-7d,HYPE,buy,25-40,2-7d,147,63997.25,85147.72212976961,,0,85146.38846784455,5095932.936673723,False,R4 since 20 Aug
R4,HYPE|buy|25-40|30-90d,HYPE,buy,25-40,30-90d,82,539303.0,2524887.3047320545,,0,2370209.016231829,43693517.41912353,False,R4 since 20 Aug
R4,HYPE|buy|25-40|7-30d,HYPE,buy,25-40,7-30d,254,135049.0,252195.56886708701,,0,251691.5729518819,10914618.798070638,True,R4 since 20 Aug
R4,HYPE|buy|25-40|<=2d,HYPE,buy,25-40,<=2d,52,15376.0,8609.29317923418,,0,8609.29317923418,1205839.415604011,False,R4 since 20 Aug
R4,HYPE|buy|25-40|>90d,HYPE,buy,25-40,>90d,115,77283.51357186993,524676.9946664291,,0,422394.185445221,6221015.051192387,False,R4 since 20 Aug
R4,HYPE|buy|40-60|2-7d,HYPE,buy,40-60,2-7d,127,82183.0,204555.011133667,,0,204553.0251966691,6513035.121089295,False,R4 since 20 Aug
R4,HYPE|buy|40-60|30-90d,HYPE,buy,40-60,30-90d,57,26550.0,192904.09600972672,,0,174535.79212538907,2090551.3568593208,False,R4 since 20 Aug
R4,HYPE|buy|40-60|7-30d,HYPE,buy,40-60,7-30d,247,213898.0,759512.087284828,,0,755502.1228057798,17233847.28610024,True,R4 since 20 Aug
R4,HYPE|buy|40-60|<=2d,HYPE,buy,40-60,<=2d,20,3171.0,3671.4901613422567,,0,3671.4901613422567,245590.16404956192,False,R4 since 20 Aug
R4,HYPE|buy|40-60|>90d,HYPE,buy,40-60,>90d,106,22243.5,182365.03455,,0,156718.7709934257,1768245.4003755427,False,R4 since 20 Aug
R4,HYPE|buy|60-75|2-7d,HYPE,buy,60-75,2-7d,17,6391.0,31564.26602106865,,0,31548.07964874514,474725.48886337754,False,R4 since 20 Aug
R4,HYPE|buy|60-75|30-90d,HYPE,buy,60-75,30-90d,11,1108.2,10142.452525219434,,0,9107.512383488507,87472.60312307798,False,R4 since 20 Aug
R4,HYPE|buy|60-75|7-30d,HYPE,buy,60-75,7-30d,28,25862.5,243875.0138789631,,0,230396.5736400219,2133036.5452013817,False,R4 since 20 Aug
R4,HYPE|buy|60-75|<=2d,HYPE,buy,60-75,<=2d,42,4770.0,8482.516007107282,,0,8482.516007107282,377354.6311154039,False,R4 since 20 Aug
R4,HYPE|buy|60-75|>90d,HYPE,buy,60-75,>90d,23,62729.5,1003325.3058500001,,0,749109.2592031168,5153629.420797379,False,R4 since 20 Aug
R4,HYPE|buy|75-90|2-7d,HYPE,buy,75-90,2-7d,11,1082.0,8326.7011180318,,0,8283.605177000443,86459.54322663546,False,R4 since 20 Aug
R4,HYPE|buy|75-90|30-90d,HYPE,buy,75-90,30-90d,21,12443.0,229985.67365863553,,0,160172.41458356232,990010.2358041942,False,R4 since 20 Aug
R4,HYPE|buy|75-90|7-30d,HYPE,buy,75-90,7-30d,34,35039.58282956544,397261.49369219475,,0,364217.2597675395,2932580.9455701564,False,R4 since 20 Aug
R4,HYPE|buy|75-90|<=2d,HYPE,buy,75-90,<=2d,29,4587.5,13787.65499439094,,0,13787.654994325365,373788.8165335973,False,R4 since 20 Aug
R4,HYPE|buy|75-90|>90d,HYPE,buy,75-90,>90d,5,153.0,3783.1372,,0,2329.5589642307004,12816.418122872956,False,R4 since 20 Aug
R4,HYPE|buy|90-100|2-7d,HYPE,buy,90-100,2-7d,16,2993.0,51208.72151167247,,0,43112.15229125924,236339.92153931488,False,R4 since 20 Aug
R4,HYPE|buy|90-100|30-90d,HYPE,buy,90-100,30-90d,2,325.16,9111.317030547674,,0,5289.386589256761,26949.57332075723,False,R4 since 20 Aug
R4,HYPE|buy|90-100|7-30d,HYPE,buy,90-100,7-30d,41,73664.0,1848767.6281489574,,0,1201911.1270633286,6095710.064949743,False,R4 since 20 Aug
R4,HYPE|buy|90-100|<=2d,HYPE,buy,90-100,<=2d,16,5267.0,88420.84527940999,,0,81885.07228441797,436420.7391542839,False,R4 since 20 Aug
R4,HYPE|sell|00-10|2-7d,HYPE,sell,00-10,2-7d,57,13533.0,273158.06939063774,,0,154949.95704642957,1092195.3912534434,False,R4 since 20 Aug
R4,HYPE|sell|00-10|30-90d,HYPE,sell,00-10,30-90d,23,31589.0,658370.0420729181,,0,273065.5399375919,2620944.211076048,False,R4 since 20 Aug
R4,HYPE|sell|00-10|7-30d,HYPE,sell,00-10,7-30d,102,40408.0,828492.4636731748,,0,430691.713618619,3317101.7434286983,False,R4 since 20 Aug
R4,HYPE|sell|00-10|<=2d,HYPE,sell,00-10,<=2d,20,4463.0,92403.99276817271,,0,46876.824987359956,369872.6418655279,False,R4 since 20 Aug
R4,HYPE|sell|00-10|>90d,HYPE,sell,00-10,>90d,25,19020.62,400255.03623176593,,0,144066.9080386317,1593540.062357344,False,R4 since 20 Aug
R4,HYPE|sell|10-25|2-7d,HYPE,sell,10-25,2-7d,136,49064.0,966669.450176757,,0,741199.8573341736,3905868.130284016,False,R4 since 20 Aug
R4,HYPE|sell|10-25|30-90d,HYPE,sell,10-25,30-90d,84,33322.16,673967.3912138337,,0,421206.48052160355,2675732.0513609587,False,R4 since 20 Aug
R4,HYPE|sell|10-25|7-30d,HYPE,sell,10-25,7-30d,209,67129.5,1395454.8330815914,,0,966388.8857485068,5560846.009932139,True,R4 since 20 Aug
R4,HYPE|sell|10-25|<=2d,HYPE,sell,10-25,<=2d,67,10543.0,211273.97878620843,,0,185910.4914282096,835857.0809856525,False,R4 since 20 Aug
R4,HYPE|sell|10-25|>90d,HYPE,sell,10-25,>90d,76,96769.5895248364,1963713.9855971145,,0,1060153.3311062956,7716817.97847993,False,R4 since 20 Aug
R4,HYPE|sell|25-40|2-7d,HYPE,sell,25-40,2-7d,84,20246.0,433769.1982067326,,0,369122.2057663259,1631968.7662880332,False,R4 since 20 Aug
R4,HYPE|sell|25-40|30-90d,HYPE,sell,25-40,30-90d,88,280440.0,5778459.673148518,,0,4502456.60080239,22712961.96621397,False,R4 since 20 Aug
R4,HYPE|sell|25-40|7-30d,HYPE,sell,25-40,7-30d,183,85051.32,1690802.8563124544,,0,1384442.8539204395,6709135.1306111915,False,R4 since 20 Aug
R4,HYPE|sell|25-40|<=2d,HYPE,sell,25-40,<=2d,62,10548.0,238843.25110708288,,0,210608.18910266305,849428.356444728,False,R4 since 20 Aug
R4,HYPE|sell|25-40|>90d,HYPE,sell,25-40,>90d,89,164311.16640857892,3371639.5415059594,,0,3084944.3273941535,13235822.50997417,False,R4 since 20 Aug
R4,HYPE|sell|40-60|2-7d,HYPE,sell,40-60,2-7d,108,19458.1372,451553.8625467123,,0,374467.4406850092,1577246.8936008883,False,R4 since 20 Aug
R4,HYPE|sell|40-60|30-90d,HYPE,sell,40-60,30-90d,156,290463.5,5870884.315349927,,0,5499669.509399873,23508277.983236864,False,R4 since 20 Aug
R4,HYPE|sell|40-60|7-30d,HYPE,sell,40-60,7-30d,167,21327.5,495276.14881664,,0,402965.13024716167,1750502.5221204457,False,R4 since 20 Aug
R4,HYPE|sell|40-60|<=2d,HYPE,sell,40-60,<=2d,102,12118.5,290839.2075356462,,0,254080.75936505815,991715.3532672245,False,R4 since 20 Aug
R4,HYPE|sell|40-60|>90d,HYPE,sell,40-60,>90d,152,49307.5,995863.7588375413,,0,965650.0316744099,3942670.4301253823,False,R4 since 20 Aug
R4,HYPE|sell|60-75|2-7d,HYPE,sell,60-75,2-7d,18,1440.0,35537.6411148747,,0,30867.79561287812,118013.83114137338,False,R4 since 20 Aug
R4,HYPE|sell|60-75|30-90d,HYPE,sell,60-75,30-90d,23,1021.0,24356.167858549532,,0,20505.46546388233,81619.14604728261,False,R4 since 20 Aug
R4,HYPE|sell|60-75|7-30d,HYPE,sell,60-75,7-30d,19,1978.0,49515.75668143747,,0,41957.49616037772,164268.25731753,False,R4 since 20 Aug
R4,HYPE|sell|60-75|<=2d,HYPE,sell,60-75,<=2d,19,1607.8,39670.955368225244,,0,35012.35200169546,131569.6340119929,False,R4 since 20 Aug
R4,HYPE|sell|60-75|>90d,HYPE,sell,60-75,>90d,23,2010.5,47346.14528097166,,0,41759.876138338856,168732.46296536952,False,R4 since 20 Aug
R4,HYPE|sell|75-90|2-7d,HYPE,sell,75-90,2-7d,33,3576.266848657611,84341.54371150615,,0,76531.79964764898,278824.99266866624,False,R4 since 20 Aug
R4,HYPE|sell|75-90|30-90d,HYPE,sell,75-90,30-90d,10,1938.0,46285.75904464728,,0,42082.44021396777,150285.0081590606,False,R4 since 20 Aug
R4,HYPE|sell|75-90|7-30d,HYPE,sell,75-90,7-30d,52,12086.434572180193,292222.8207880534,,0,257495.96342950975,975454.3011674217,False,R4 since 20 Aug
R4,HYPE|sell|75-90|<=2d,HYPE,sell,75-90,<=2d,21,1513.0,36996.099472778486,,0,33721.275427512766,122125.72661489744,False,R4 since 20 Aug
R4,HYPE|sell|75-90|>90d,HYPE,sell,75-90,>90d,3,550.0,13807.418320525558,,0,12602.088402597226,46817.578192303765,False,R4 since 20 Aug
R4,HYPE|sell|90-100|2-7d,HYPE,sell,90-100,2-7d,11,1505.0,36671.11561586122,,0,33690.518964501796,118634.73895336829,False,R4 since 20 Aug
R4,HYPE|sell|90-100|30-90d,HYPE,sell,90-100,30-90d,10,2272.0,52675.20428362108,,0,49090.72576213887,172884.2641869872,False,R4 since 20 Aug
R4,HYPE|sell|90-100|7-30d,HYPE,sell,90-100,7-30d,19,2242.4227856360862,53251.73450193853,,0,48902.16072079352,176740.6936412878,False,R4 since 20 Aug
R4,HYPE|sell|90-100|<=2d,HYPE,sell,90-100,<=2d,8,1998.0,48135.07417777244,,0,44150.37790502748,157500.80198273427,False,R4 since 20 Aug
R4,HYPE|sell|90-100|>90d,HYPE,sell,90-100,>90d,1,3.467658247021078,86.72076271892936,,0,83.03646433800152,290.88754780050607,False,R4 since 20 Aug
