item,kind,ccy,manager,row,is_initial,drawn,block,ts,book,n_legs,K_chain,K_replica,abs_err,rel_err,strip,at_edge,x_plot,jitter,strip_x,value,printed
point,single,BTC,sm,0,False,False,3066816,1706155247,,1,337,337,0,0,True,False,,0.0458516879978,0.362067699258,,
point,single,BTC,sm,0,False,False,3296146,1706613907,,1,4051.211891,4051.211909,1.73265862e-05,4.276889649e-09,False,False,4.276889649e-09,-0.0461486976483,,,
point,single,BTC,sm,0,False,False,3367727,1706757069,,1,38,38,0,0,True,False,,-0.18174857285,-0.280030001995,,
point,single,BTC,sm,0,False,False,3742642,1707506899,,1,70,70,0,0,True,False,,-0.0549431120863,0.445270684002,,
point,single,BTC,sm,0,False,False,4213302,1708448219,,1,147,147,0,0,True,False,,-0.109119164891,-0.325020811802,,
point,single,BTC,sm,0,False,False,4297618,1708616851,,1,1857,1857,0,0,True,False,,0.0398947516753,0.562751113296,,
point,single,BTC,sm,0,False,False,4802822,1709627259,,1,1598,1598,0,0,True,False,,-0.00712604956466,0.296320258416,,
point,single,BTC,sm,0,False,False,4896434,1709814483,,1,1065,1065,0,0,True,False,,0.139335855213,-0.200416343812,,
point,single,BTC,sm,0,False,False,5067607,1710156829,,1,6583.267095,6583.267109,1.403110855e-05,2.131329072e-09,False,False,2.131329072e-09,0.114761205471,,,
point,single,BTC,sm,0,False,False,6004346,1712030307,,1,60,60,0,0,True,False,,-0.0735850607565,-0.561508635605,,
point,single,BTC,sm,0,False,False,6236089,1712493793,,1,6194.55111,6194.551102,8.788675586e-06,1.418775215e-09,False,False,1.418775215e-09,-0.190617822617,,,
point,single,BTC,sm,0,False,False,6238321,1712498257,,1,743,743,0,0,True,False,,0.045755477957,-0.49988164643,,
point,single,BTC,sm,0,False,False,6389958,1712801531,,1,848,848,0,0,True,False,,0.107708910024,0.440361550358,,
point,single,BTC,sm,0,False,False,6564403,1713150421,,1,2166,2166,0,0,True,False,,0.179697509451,-0.487228037295,,
point,single,BTC,sm,0,False,False,6799548,1713620711,,1,5497.692028,5497.691892,0.0001357132132,2.468548848e-08,False,False,2.468548848e-08,0.170752746012,,,
point,single,BTC,sm,0,False,False,7311868,1714645351,,1,4462.232949,4462.23306,0.0001108865199,2.485000697e-08,False,False,2.485000697e-08,-0.0849597075207,,,
point,single,BTC,sm,0,False,False,7664886,1715351387,,1,153,153,0,0,True,False,,0.191303603095,0.1659425767,,
point,single,BTC,sm,0,False,False,7897823,1715817261,,1,7330.998045,7330.998045,8.527968021e-08,1.163275173e-11,False,False,1.163275173e-11,-0.190818035726,,,
point,single,BTC,sm,0,False,False,8070573,1716162761,,1,5097.44427,5097.444161,0.0001082185809,2.122996842e-08,False,False,2.122996842e-08,-0.0439932892178,,,
point,single,BTC,sm,0,False,False,8473848,1716969311,,1,6207.417057,6207.417078,2.023982233e-05,3.260586835e-09,False,False,3.260586835e-09,0.0274695411613,,,
point,single,BTC,sm,0,False,False,8779880,1717581375,,1,6355.957713,6355.957731,1.797499954e-05,2.828055243e-09,False,False,2.828055243e-09,-0.0509989026094,,,
point,single,BTC,sm,0,False,False,8873818,1717769251,,1,5413.296817,5413.296656,0.0001615782221,2.984839508e-08,False,False,2.984839508e-08,0.00887118102705,,,
point,single,BTC,sm,0,False,False,9539601,1719100817,,1,1718,1718,0,0,True,False,,0.170098754247,-0.377109493799,,
point,single,BTC,sm,0,False,False,9780479,1719582573,,1,5509.098015,5509.098011,4.338923645e-06,7.87592385e-10,False,False,7.87592385e-10,-0.0444297611035,,,
point,single,BTC,sm,0,False,False,11034529,1722090673,,1,809,809,0,0,True,False,,-0.17038156911,-0.397860168428,,
point,single,BTC,sm,0,False,False,11189964,1722401543,,1,1012,1012,0,0,True,False,,0.1140686975,0.574976666727,,
point,single,BTC,sm,0,False,False,11336909,1722695433,,1,5526.026287,5526.026305,1.757025802e-05,3.179546587e-09,False,False,3.179546587e-09,0.125367542445,,,
point,single,BTC,sm,0,False,False,11429091,1722879797,,1,774.2862895,774.2862877,1.84444616e-06,2.382124268e-09,False,False,2.382124268e-09,0.0176305282127,,,
point,single,BTC,sm,0,False,False,11740511,1723502637,,1,2740,2740,0,0,True,False,,0.151156630702,0.587260236118,,
point,single,BTC,sm,0,False,False,12381898,1724785411,,1,251,251,0,0,True,False,,0.169088160437,-0.464552550531,,
point,single,BTC,sm,0,False,False,12408610,1724838835,,1,781,781,0,0,True,False,,0.148007557741,0.237449495879,,
point,single,BTC,sm,0,False,False,12934441,1725890497,,1,31,31,0,0,True,False,,-0.0900610614614,0.218032703585,,
point,single,BTC,sm,0,False,False,13482910,1726987435,,1,1051.909183,1051.909183,0,0,True,False,,-0.196660415061,0.429120095305,,
point,single,BTC,sm,0,False,False,13612464,1727246543,,1,100,100,0,0,True,False,,-0.0134834335635,0.310638776781,,
point,single,BTC,sm,0,False,False,13891741,1727805097,,1,1948,1948,0,0,True,False,,-0.0269860653742,0.287978121003,,
point,single,BTC,sm,0,False,False,14192057,1728405729,,1,597,597,0,0,True,False,,0.0834458825684,-0.477679504982,,
point,single,BTC,sm,0,False,False,14616877,1729255369,,1,324,324,0,0,True,False,,-0.0305155809045,0.051446112441,,
point,single,BTC,sm,0,False,False,14895328,1729812271,,1,6135.121979,6135.121979,5.666151992e-10,9.235597941e-14,False,True,1e-13,0.00718487263336,,,
point,single,BTC,sm,0,False,False,15382095,1730785805,,1,5873.496276,5873.496311,3.513644424e-05,5.982202522e-09,False,False,5.982202522e-09,-0.109080197344,,,
point,single,BTC,sm,0,False,False,15446872,1730915359,,1,6800.7791,6800.778969,0.0001316073849,1.935180998e-08,False,False,1.935180998e-08,0.0210402933557,,,
point,single,BTC,sm,0,False,False,15590555,1731202725,,1,5041,5041,0,0,True,False,,-0.0125579744663,-0.0423749431117,,
point,single,BTC,sm,0,False,False,16672180,1733365975,,1,6410.173628,6410.173578,5.023706399e-05,7.83708319e-09,False,False,7.83708319e-09,0.108491547477,,,
point,single,BTC,sm,0,False,False,16722664,1733466943,,1,9382.107856,9382.107866,1.038857408e-05,1.107275065e-09,False,False,1.107275065e-09,-0.0722544618784,,,
point,single,BTC,sm,0,False,False,16957948,1733937511,,1,9047.226041,9047.226253,0.0002123470895,2.347096099e-08,False,False,2.347096099e-08,0.0787581970078,,,
point,single,BTC,sm,0,False,False,17252203,1734526021,,1,9265.815923,9265.815897,2.670453978e-05,2.88204946e-09,False,False,2.88204946e-09,0.0669507281366,,,
point,single,BTC,sm,0,False,False,17386196,1734794007,,1,8639.212751,8639.212734,1.675016392e-05,1.938853042e-09,False,False,1.938853042e-09,-0.151885240884,,,
point,single,BTC,sm,0,False,False,17502204,1735026023,,1,6756.644692,6756.644683,9.114428394e-06,1.348957776e-09,False,False,1.348957776e-09,-0.129096961044,,,
point,single,BTC,sm,0,False,False,17797931,1735617477,,1,12,12,0,0,True,False,,-0.125593330216,0.459226109117,,
point,single,BTC,sm,0,False,False,17930522,1735882659,,1,8586.316714,8586.31676,4.586409705e-05,5.341533346e-09,False,False,5.341533346e-09,-0.0375518009033,,,
point,single,BTC,sm,0,False,False,20163443,1740348501,,1,8558.73968,8558.739684,4.172132321e-06,4.874704077e-10,False,False,4.874704077e-10,0.141864505254,,,
point,single,BTC,sm,0,False,False,21460656,1742942927,,1,1050,1050,0,0,True,False,,-0.172165973001,-0.0688651923411,,
point,single,BTC,sm,0,False,False,22579821,1745181257,,1,7732.609727,7732.609697,3.030210974e-05,3.918742935e-09,False,False,3.918742935e-09,-0.095993361406,,,
point,single,BTC,sm,0,False,False,22907673,1745836961,,1,8540.153023,8540.153008,1.595657886e-05,1.868418378e-09,False,False,1.868418378e-09,0.0413283050669,,,
point,single,BTC,sm,0,False,False,23267193,1746556001,,1,8806.86855,8806.868478,7.213404751e-05,8.190657906e-09,False,False,8.190657906e-09,0.00999842686882,,,
point,single,BTC,sm,0,False,False,23365363,1746752341,,1,118,118,0,0,True,False,,0.178121062256,-0.115421984789,,
point,single,BTC,sm,0,False,False,23643480,1747308575,,1,884.8336633,884.8336633,0,0,True,False,,-0.169810816013,0.179252559473,,
point,single,BTC,sm,0,False,False,23896303,1747814221,,1,8908.688037,8908.68806,2.271331869e-05,2.549569431e-09,False,False,2.549569431e-09,-0.132689427652,,,
point,single,BTC,sm,0,False,False,24905121,1749831857,,1,9721.320556,9721.320558,2.748343832e-06,2.827130137e-10,False,False,2.827130137e-10,-0.0101392110069,,,
point,single,BTC,sm,0,False,False,25624609,1751270833,,1,9760.516301,9760.516299,2.17694469e-06,2.230358132e-10,False,False,2.230358132e-10,-0.12961230186,,,
point,single,BTC,sm,0,False,False,26634965,1753291545,,1,733,733,0,0,True,False,,-0.174605047821,-0.240709238597,,
point,single,BTC,sm,0,False,False,27058320,1754138255,,1,74,74,0,0,True,False,,-0.0299242788407,0.00393710771269,,
point,single,BTC,sm,0,False,False,27158829,1754339273,,1,1615,1615,0,0,True,False,,0.172345971799,0.420167387967,,
point,single,BTC,sm,0,False,False,27184317,1754390249,,1,10424.29673,10424.2967,2.699893957e-05,2.59000106e-09,False,False,2.59000106e-09,0.116816578268,,,
point,single,BTC,sm,0,False,False,27475602,1754972819,,1,10622.55386,10622.55381,4.757906572e-05,4.479060907e-09,False,False,4.479060907e-09,-0.0587190032093,,,
point,single,BTC,sm,0,False,False,27564824,1755151263,,1,11161.8883,11161.88831,1.00507732e-05,9.004545586e-10,False,False,9.004545586e-10,0.0477184163513,,,
point,single,BTC,sm,0,False,False,27720989,1755463593,,1,902,902,0,0,True,False,,0.0725020737595,0.137362393753,,
point,single,BTC,sm,0,False,False,28251946,1756525507,,1,646,646,0,0,True,False,,0.0921779530209,-0.491037468345,,
point,single,BTC,sm,0,False,False,29297185,1758615985,,1,6898,6898,0,0,True,False,,-0.15357676506,-0.265614248102,,
point,single,BTC,sm,0,False,False,29649852,1759321319,,1,10717.26191,10717.26188,3.467781426e-05,3.235697189e-09,False,False,3.235697189e-09,0.0367305341079,,,
point,single,BTC,sm,0,False,False,30175150,1760371915,,1,10253.39538,10253.39527,0.0001094107993,1.067068958e-08,False,False,1.067068958e-08,-0.0841484709229,,,
point,single,BTC,sm,0,False,False,30212309,1760446233,,1,9986.170647,9986.170647,1.498301572e-07,1.500376495e-11,False,False,1.500376495e-11,0.115769563293,,,
point,single,BTC,sm,0,False,False,30698054,1761417723,,1,5105,5105,0,0,True,False,,0.0460710503811,-0.129229009949,,
point,single,BTC,sm,0,False,False,30712268,1761446151,,1,7483,7483,0,0,True,False,,0.0191969142351,0.384235424445,,
point,single,BTC,sm,0,False,False,30879307,1761780229,,1,9687.275108,9687.275122,1.379744754e-05,1.424285713e-09,False,False,1.424285713e-09,0.00711637127215,,,
point,single,BTC,sm,0,False,False,30902254,1761826123,,1,6164,6164,0,0,True,False,,0.164644220049,0.307665447153,,
point,single,BTC,sm,0,False,False,32291976,1764605567,,1,224,224,0,0,True,False,,0.0642055899957,0.224717312083,,
point,single,BTC,sm,0,False,False,32463354,1764948323,,1,7862.235882,7862.235895,1.262779915e-05,1.606133337e-09,False,False,1.606133337e-09,0.0865976403254,,,
point,single,BTC,sm,0,False,False,33529256,1767080127,,1,7651.880983,7651.880991,7.280888894e-06,9.515162233e-10,False,False,9.515162233e-10,-0.0315910025403,,,
point,single,BTC,sm,0,False,False,36105692,1772232999,,1,603,603,0,0,True,False,,-0.0408412719343,0.150531261503,,
point,single,BTC,sm,0,False,False,36585100,1773191815,,1,6308.019587,6308.019587,1.480902938e-07,2.347651141e-11,False,False,2.347651141e-11,0.138677487603,,,
point,single,BTC,sm,0,False,False,37118273,1774258161,,1,5540.780848,5540.780833,1.535471711e-05,2.77121899e-09,False,False,2.77121899e-09,-0.0971947812126,,,
point,single,BTC,sm,0,False,False,37873728,1775769071,,1,6657.67258,6657.672576,3.723394912e-06,5.592637467e-10,False,False,5.592637467e-10,0.0290687089627,,,
point,single,BTC,sm,0,False,False,37915709,1775853033,,1,6303.165913,6303.165858,5.50441564e-05,8.732779234e-09,False,False,8.732779234e-09,-0.0394392047889,,,
point,single,BTC,sm,0,False,False,38106694,1776235003,,1,436,436,0,0,True,False,,0.16110799043,0.322699460979,,
point,single,BTC,sm,0,False,False,38277765,1776577145,,1,7028.151644,7028.151658,1.412505844e-05,2.009782822e-09,False,False,2.009782822e-09,0.0525011097835,,,
point,single,BTC,sm,0,False,False,38299879,1776621373,,1,51,51,0,0,True,False,,-0.183830310107,0.0348989262524,,
point,single,BTC,sm,0,False,False,39822366,1779666347,,1,141,141,0,0,True,False,,0.163780197574,0.0787108335455,,
point,single,BTC,sm,0,False,False,40202086,1780425787,,1,1282,1282,0,0,True,False,,-0.0997960108739,0.549947861568,,
point,single,BTC,sm,0,False,False,41155517,1782332649,,1,5437.232739,5437.232739,1.883381628e-08,3.463860605e-12,False,False,3.463860605e-12,-0.0212325083274,,,
point,single,BTC,sm,0,False,False,41330111,1782681837,,1,367,367,0,0,True,False,,0.0874238051968,-0.111819332885,,
point,single,BTC,sm,0,False,False,42021297,1784064209,,1,5587.465734,5587.465764,2.993846374e-05,5.358147176e-09,False,False,5.358147176e-09,0.067990761533,,,
point,single,BTC,sm,0,False,False,42320346,1784662307,,1,5521.392902,5521.392878,2.326941649e-05,4.214410549e-09,False,False,4.214410549e-09,0.0340730486771,,,
point,single,BTC,sm,0,False,False,42447525,1784916665,,1,870,870,0,0,True,False,,0.161578606316,-0.41323082644,,
point,single,BTC,sm,0,False,False,42450318,1784922251,,1,5844.283794,5844.283813,1.88738868e-05,3.229461037e-09,False,False,3.229461037e-09,-0.0404087906606,,,
point,single,BTC,sm,0,False,False,42525366,1785072347,,1,473.03,473.03,0,0,True,False,,0.143149554987,0.469940256664,,
point,single,BTC,sm,0,False,False,44011035,1788043685,,1,7017.894424,7017.894447,2.27677383e-05,3.244240641e-09,False,False,3.244240641e-09,0.0439978108623,,,
point,single,BTC,sm,0,False,False,44195852,1788413319,,1,250,250,0,0,True,False,,0.120200102733,0.389134263365,,
point,single,BTC,sm,0,False,False,44747776,1789517167,,1,7092.361514,7092.361524,9.935932212e-06,1.400934258e-09,False,False,1.400934258e-09,-0.00300031430486,,,
point,single,BTC,sm,0,False,False,45177121,1790375857,,1,7446.184139,7446.184058,8.080042426e-05,1.08512525e-08,False,False,1.08512525e-08,0.134290718326,,,
point,single,BTC,sm,0,False,False,45297728,1790617071,,1,7652.308343,7652.308301,4.14164424e-05,5.412280915e-09,False,False,5.412280915e-09,0.10283976709,,,
point,single,BTC,sm,0,True,True,3066816,1706155247,,1,337,337,0,0,True,False,,-0.199647265875,0.464402018632,,
point,single,BTC,sm,0,True,True,3296146,1706613907,,1,6657.623291,6657.623309,1.732658711e-05,2.602518399e-09,False,False,2.602518399e-09,0.0208413723428,,,
point,single,BTC,sm,0,True,True,3367727,1706757069,,1,38,38,0,0,True,False,,0.109739109817,-0.378854445395,,
point,single,BTC,sm,0,True,True,3742642,1707506899,,1,70,70,0,0,True,False,,0.085570790603,-0.506062059668,,
point,single,BTC,sm,0,True,True,4213302,1708448219,,1,147,147,0,0,True,False,,-0.0733836318417,0.409250145168,,
point,single,BTC,sm,0,True,True,4297618,1708616851,,1,1857,1857,0,0,True,False,,0.157670457591,0.371131181097,,
point,single,BTC,sm,0,True,True,4802822,1709627259,,1,1598,1598,0,0,True,False,,-0.112867428295,-0.585009877251,,
point,single,BTC,sm,0,True,True,4896434,1709814483,,1,1065,1065,0,0,True,False,,-0.0383608614092,0.154277547908,,
point,single,BTC,sm,0,True,True,5067607,1710156829,,1,9446.908695,9446.908709,1.403110946e-05,1.485259349e-09,False,False,1.485259349e-09,-0.188893326474,,,
point,single,BTC,sm,0,True,True,6004346,1712030307,,1,60,60,0,0,True,False,,-0.0828721412858,-0.00781718066825,,
point,single,BTC,sm,0,True,True,6236089,1712493793,,1,8969.371976,8969.371968,8.788674677e-06,9.79853963e-10,False,False,9.79853963e-10,-0.145194264411,,,
point,single,BTC,sm,0,True,True,6238321,1712498257,,1,743,743,0,0,True,False,,0.099151392751,-0.321948164988,,
point,single,BTC,sm,0,True,True,6389958,1712801531,,1,848,848,0,0,True,False,,0.0572682191364,-0.209933899848,,
point,single,BTC,sm,0,True,True,6564403,1713150421,,1,2166,2166,0,0,True,False,,0.179242922253,-0.471502569417,,
point,single,BTC,sm,0,True,True,6799548,1713620711,,1,9335.346911,9335.346775,0.0001357132132,1.453756508e-08,False,False,1.453756508e-08,0.0603759573729,,,
point,single,BTC,sm,0,True,True,7311868,1714645351,,1,6772.619627,6772.619738,0.0001108865199,1.637276652e-08,False,False,1.637276652e-08,-0.173590029885,,,
point,single,BTC,sm,0,True,True,7664886,1715351387,,1,153,153,0,0,True,False,,0.190242307168,-0.499442539241,,
point,single,BTC,sm,0,True,True,7897823,1715817261,,1,11306.096,11306.096,8.52814992e-08,7.54296613e-12,False,False,7.54296613e-12,-0.112945476085,,,
point,single,BTC,sm,0,True,True,8070573,1716162761,,1,7748.08649,7748.086382,0.000108218579,1.396713617e-08,False,False,1.396713617e-08,-0.187511804251,,,
point,single,BTC,sm,0,True,True,8473848,1716969311,,1,8930.760007,8930.760027,2.023982415e-05,2.266304787e-09,False,False,2.266304787e-09,-0.1119040144,,,
point,single,BTC,sm,0,True,True,8779880,1717581375,,1,9190.613309,9190.613327,1.797500045e-05,1.955799884e-09,False,False,1.955799884e-09,-0.0603715122248,,,
point,single,BTC,sm,0,True,True,8873818,1717769251,,1,9692.967476,9692.967314,0.0001615782203,1.666963401e-08,False,False,1.666963401e-08,0.114225755277,,,
point,single,BTC,sm,0,True,True,9539601,1719100817,,1,1718,1718,0,0,True,False,,0.0940853738504,0.158814300394,,
point,single,BTC,sm,0,True,True,9780479,1719582573,,1,7973.704217,7973.704213,4.338922736e-06,5.441539613e-10,False,False,5.441539613e-10,0.16569356667,,,
point,single,BTC,sm,0,True,True,11034529,1722090673,,1,809,809,0,0,True,False,,-0.125070554435,0.313201568304,,
point,single,BTC,sm,0,True,True,11189964,1722401543,,1,1012,1012,0,0,True,False,,0.0530403677612,0.356539623381,,
point,single,BTC,sm,0,True,True,11336909,1722695433,,1,8007.225614,8007.225632,1.757025711e-05,2.194300243e-09,False,False,2.194300243e-09,-0.148196269681,,,
point,single,BTC,sm,0,True,True,11429091,1722879797,,1,4048.807201,4048.807199,1.844447979e-06,4.555534229e-10,False,False,4.555534229e-10,-0.186464591789,,,
point,single,BTC,sm,0,True,True,11740511,1723502637,,1,2740,2740,0,0,True,False,,0.0080331277415,-0.133243703102,,
point,single,BTC,sm,0,True,True,12381898,1724785411,,1,251,251,0,0,True,False,,-0.0725973060322,0.511004095132,,
point,single,BTC,sm,0,True,True,12408610,1724838835,,1,781,781,0,0,True,False,,-0.0359950282948,0.388904626658,,
point,single,BTC,sm,0,True,True,12934441,1725890497,,1,31,31,0,0,True,False,,-0.127056117333,-0.297135020033,,
point,single,BTC,sm,0,True,True,13482910,1726987435,,1,1051.909183,1051.909183,0,0,True,False,,0.192634159576,-0.337962483972,,
point,single,BTC,sm,0,True,True,13612464,1727246543,,1,100,100,0,0,True,False,,0.171720294353,-0.147468294553,,
point,single,BTC,sm,0,True,True,13891741,1727805097,,1,1948,1948,0,0,True,False,,0.106316142638,0.312288642845,,
point,single,BTC,sm,0,True,True,14192057,1728405729,,1,597,597,0,0,True,False,,-0.0803379905392,-0.520377929508,,
point,single,BTC,sm,0,True,True,14616877,1729255369,,1,324,324,0,0,True,False,,0.141311863921,-0.247223349947,,
point,single,BTC,sm,0,True,True,14895328,1729812271,,1,8863.175469,8863.175469,5.657057045e-10,6.382652657e-14,False,True,1e-13,0.128945991365,,,
point,single,BTC,sm,0,True,True,15382095,1730785805,,1,8616.36315,8616.363185,3.513644515e-05,4.077874219e-09,False,False,4.077874219e-09,-0.195673327467,,,
point,single,BTC,sm,0,True,True,15446872,1730915359,,1,9782.928856,9782.928724,0.0001316073867,1.345275926e-08,False,False,1.345275926e-08,-0.0909695709243,,,
point,single,BTC,sm,0,True,True,15590555,1731202725,,1,5041,5041,0,0,True,False,,0.184670330615,-0.378425037036,,
point,single,BTC,sm,0,True,True,16672180,1733365975,,1,12170.80004,12170.79999,5.023706399e-05,4.127671462e-09,False,False,4.127671462e-09,-0.0864324459076,,,
point,single,BTC,sm,0,True,True,16722664,1733466943,,1,15277.83951,15277.83952,1.038857408e-05,6.79976647e-10,False,False,6.79976647e-10,0.0984027582815,,,
point,single,BTC,sm,0,True,True,16957948,1733937511,,1,13084.30963,13084.30984,0.0002123470913,1.622913989e-08,False,False,1.622913989e-08,-0.0422757489732,,,
point,single,BTC,sm,0,True,True,17252203,1734526021,,1,14566.04407,14566.04404,2.670454342e-05,1.833342209e-09,False,False,1.833342209e-09,0.0776187078317,,,
point,single,BTC,sm,0,True,True,17386196,1734794007,,1,12785.32561,12785.32559,1.675016756e-05,1.310108797e-09,False,False,1.310108797e-09,-0.00854065832115,,,
point,single,BTC,sm,0,True,True,17502204,1735026023,,1,11432.57013,11432.57012,9.114424756e-06,7.97233225e-10,False,False,7.97233225e-10,0.194855071315,,,
point,single,BTC,sm,0,True,True,17797931,1735617477,,1,12,12,0,0,True,False,,-0.121310378937,-0.12749913073,,
point,single,BTC,sm,0,True,True,17930522,1735882659,,1,12452.8755,12452.87555,4.586409705e-05,3.683012573e-09,False,False,3.683012573e-09,0.124323006299,,,
point,single,BTC,sm,0,True,True,20163443,1740348501,,1,12388.14032,12388.14032,4.17213414e-06,3.367845402e-10,False,False,3.367845402e-10,-0.00600790933825,,,
point,single,BTC,sm,0,True,True,21460656,1742942927,,1,1050,1050,0,0,True,False,,-0.110727632632,-0.550718943225,,
point,single,BTC,sm,0,True,True,22579821,1745181257,,1,11134.69546,11134.69543,3.030210792e-05,2.721413265e-09,False,False,2.721413265e-09,0.0293578058705,,,
point,single,BTC,sm,0,True,True,22907673,1745836961,,1,13095.58793,13095.58792,1.595657704e-05,1.218469696e-09,False,False,1.218469696e-09,-0.158103271205,,,
point,single,BTC,sm,0,True,True,23267193,1746556001,,1,14289.14158,14289.14151,7.213404206e-05,5.048171835e-09,False,False,5.048171835e-09,-0.158572551692,,,
point,single,BTC,sm,0,True,True,23365363,1746752341,,1,118,118,0,0,True,False,,0.0861176570264,-0.331925420543,,
point,single,BTC,sm,0,True,True,23643480,1747308575,,1,884.8336633,884.8336633,0,0,True,False,,-0.184423354011,-0.314107693207,,
point,single,BTC,sm,0,True,True,23896303,1747814221,,1,13176.06377,13176.06379,2.27133205e-05,1.723832011e-09,False,False,1.723832011e-09,0.149486423211,,,
point,single,BTC,sm,0,True,True,24905121,1749831857,,1,13960.39749,13960.39749,2.748345651e-06,1.968672921e-10,False,False,1.968672921e-10,0.0155730179216,,,
point,single,BTC,sm,0,True,True,25624609,1751270833,,1,14069.12317,14069.12317,2.176942871e-06,1.547319506e-10,False,False,1.547319506e-10,-0.189917659465,,,
point,single,BTC,sm,0,True,True,26634965,1753291545,,1,733,733,0,0,True,False,,-0.0402121002123,0.45076005121,,
point,single,BTC,sm,0,True,True,27058320,1754138255,,1,74,74,0,0,True,False,,0.0668066835761,-0.078908734687,,
point,single,BTC,sm,0,True,True,27158829,1754339273,,1,1615,1615,0,0,True,False,,-0.194685038358,-0.466893921703,,
point,single,BTC,sm,0,True,True,27184317,1754390249,,1,17324.78559,17324.78556,2.699893594e-05,1.558399427e-09,False,False,1.558399427e-09,0.140145240702,,,
point,single,BTC,sm,0,True,True,27475602,1754972819,,1,17761.37357,17761.37352,4.757906936e-05,2.678794474e-09,False,False,2.678794474e-09,0.109354476854,,,
point,single,BTC,sm,0,True,True,27564824,1755151263,,1,17328.81686,17328.81687,1.005076774e-05,5.800031142e-10,False,False,5.800031142e-10,0.163242435018,,,
point,single,BTC,sm,0,True,True,27720989,1755463593,,1,902,902,0,0,True,False,,-0.0647829276109,-0.468551788165,,
point,single,BTC,sm,0,True,True,28251946,1756525507,,1,646,646,0,0,True,False,,0.118628024886,-0.552766644561,,
point,single,BTC,sm,0,True,True,29297185,1758615985,,1,6898,6898,0,0,True,False,,-0.076871529721,0.0170109467247,,
point,single,BTC,sm,0,True,True,29649852,1759321319,,1,15393.73344,15393.73341,3.467781426e-05,2.252722797e-09,False,False,2.252722797e-09,0.10151728291,,,
point,single,BTC,sm,0,True,True,30175150,1760371915,,1,14862.4127,14862.41259,0.0001094107974,7.361577133e-09,False,False,7.361577133e-09,0.125567823734,,,
point,single,BTC,sm,0,True,True,30212309,1760446233,,1,14423.60501,14423.60501,1.498283382e-07,1.038771778e-11,False,False,1.038771778e-11,-0.180691919003,,,
point,single,BTC,sm,0,True,True,30698054,1761417723,,1,5105,5105,0,0,True,False,,-0.00580910809221,0.417621380238,,
point,single,BTC,sm,0,True,True,30712268,1761446151,,1,7483,7483,0,0,True,False,,0.106973863742,0.523942743258,,
point,single,BTC,sm,0,True,True,30879307,1761780229,,1,14115.27645,14115.27647,1.379744572e-05,9.774832085e-10,False,False,9.774832085e-10,-0.138970804227,,,
point,single,BTC,sm,0,True,True,30902254,1761826123,,1,6164,6164,0,0,True,False,,0.0865141156399,0.168080811581,,
point,single,BTC,sm,0,True,True,32291976,1764605567,,1,224,224,0,0,True,False,,0.0533015029809,-0.150649051425,,
point,single,BTC,sm,0,True,True,32463354,1764948323,,1,13191.80496,13191.80497,1.262780461e-05,9.572461576e-10,False,False,9.572461576e-10,0.174205773944,,,
point,single,BTC,sm,0,True,True,33529256,1767080127,,1,11146.43177,11146.43178,7.280888894e-06,6.532035583e-10,False,False,6.532035583e-10,0.115183083348,,,
point,single,BTC,sm,0,True,True,36105692,1772232999,,1,603,603,0,0,True,False,,-0.0388140289579,-0.572500797146,,
point,single,BTC,sm,0,True,True,36585100,1773191815,,1,9112.232653,9112.232653,1.480893843e-07,1.625171239e-11,False,False,1.625171239e-11,-0.0900342207722,,,
point,single,BTC,sm,0,True,True,37118273,1774258161,,1,8269.703827,8269.703812,1.535471711e-05,1.856743292e-09,False,False,1.856743292e-09,-0.0398211612093,,,
point,single,BTC,sm,0,True,True,37873728,1775769071,,1,9549.37195,9549.371947,3.723394912e-06,3.899099261e-10,False,False,3.899099261e-10,-0.0934929883373,,,
point,single,BTC,sm,0,True,True,37915709,1775853033,,1,9233.984592,9233.984537,5.504415458e-05,5.961040332e-09,False,False,5.961040332e-09,0.0814824020504,,,
point,single,BTC,sm,0,True,True,38106694,1776235003,,1,436,436,0,0,True,False,,0.188375726519,0.0766578929931,,
point,single,BTC,sm,0,True,True,38277765,1776577145,,1,11567.40128,11567.4013,1.412505844e-05,1.221109055e-09,False,False,1.221109055e-09,0.135516728894,,,
point,single,BTC,sm,0,True,True,38299879,1776621373,,1,51,51,0,0,True,False,,0.098564080333,0.430956263087,,
point,single,BTC,sm,0,True,True,39822366,1779666347,,1,141,141,0,0,True,False,,-0.1141234715,-0.043806205127,,
point,single,BTC,sm,0,True,True,40202086,1780425787,,1,1282,1282,0,0,True,False,,0.167571101929,-0.0452549535214,,
point,single,BTC,sm,0,True,True,41155517,1782332649,,1,7860.24476,7860.24476,1.883290679e-08,2.39596951e-12,False,False,2.39596951e-12,-0.0317302549701,,,
point,single,BTC,sm,0,True,True,41330111,1782681837,,1,367,367,0,0,True,False,,-0.136600128157,-0.251641102405,,
point,single,BTC,sm,0,True,True,42021297,1784064209,,1,8171.614981,8171.61501,2.993846283e-05,3.663714321e-09,False,False,3.663714321e-09,-0.0366637458751,,,
point,single,BTC,sm,0,True,True,42320346,1784662307,,1,9503.132331,9503.132307,2.326941467e-05,2.448604719e-09,False,False,2.448604719e-09,0.166389175208,,,
point,single,BTC,sm,0,True,True,42447525,1784916665,,1,870,870,0,0,True,False,,0.165005689781,-0.224221165126,,
point,single,BTC,sm,0,True,True,42450318,1784922251,,1,8412.074479,8412.074498,1.88738868e-05,2.243666155e-09,False,False,2.243666155e-09,0.190882434333,,,
point,single,BTC,sm,0,True,True,42525366,1785072347,,1,473.03,473.03,0,0,True,False,,-0.125433481277,-0.423153384741,,
point,single,BTC,sm,0,True,True,44011035,1788043685,,1,10145.61343,10145.61345,2.276773921e-05,2.244096858e-09,False,False,2.244096858e-09,0.101302944361,,,
point,single,BTC,sm,0,True,True,44195852,1788413319,,1,250,250,0,0,True,False,,0.132913497934,0.164523979012,,
point,single,BTC,sm,0,True,True,44747776,1789517167,,1,11330.17651,11330.17652,9.935934941e-06,8.769444085e-10,False,False,8.769444085e-10,-0.0391899829281,,,
point,single,BTC,sm,0,True,True,45177121,1790375857,,1,10807.83237,10807.83228,8.080042244e-05,7.476098787e-09,False,False,7.476098787e-09,-0.0699088422876,,,
point,single,BTC,sm,0,True,True,45297728,1790617071,,1,11005.41886,11005.41882,4.141644058e-05,3.763277084e-09,False,False,3.763277084e-09,-0.0816503507058,,,
point,single,BTC,pm,1,False,False,4096821,1708215257,,1,10175.64487,10175.64489,2.621448948e-05,2.576199329e-09,False,False,2.576199329e-09,0.0794739995083,,,
point,single,BTC,pm,1,False,False,4521565,1709064745,,1,1031,1031,0,0,True,False,,-0.126135414977,0.345305817768,,
point,single,BTC,pm,1,False,False,4581958,1709185531,,1,3255,3255,0,0,True,False,,0.117853228618,-0.230174090851,,
point,single,BTC,pm,1,False,False,5791800,1711605215,,1,11436.00521,11436.00525,4.12225254e-05,3.604626322e-09,False,False,3.604626322e-09,0.0422118225545,,,
point,single,BTC,pm,1,False,False,6260375,1712542365,,1,8209.071412,8209.071461,4.94893593e-05,6.028618441e-09,False,False,6.028618441e-09,-0.0745290498192,,,
point,single,BTC,pm,1,False,False,7891541,1715804697,,1,12475.02225,12475.02226,7.738628483e-06,6.203298342e-10,False,False,6.203298342e-10,-0.0763225412727,,,
point,single,BTC,pm,1,False,False,7988244,1715998103,,1,4089.694613,4089.694607,6.156282325e-06,1.5053159e-09,False,False,1.5053159e-09,0.00542833250059,,,
point,single,BTC,pm,1,False,False,8151259,1716324133,,1,5,5,0,0,True,False,,0.0874575401744,0.561793041892,,
point,single,BTC,pm,1,False,False,9005224,1718032063,,1,469.5827191,469.5827191,6.559730537e-11,1.396927585e-13,False,False,1.396927585e-13,-0.0173533893886,,,
point,single,BTC,pm,1,False,False,9363413,1718748441,,1,470,470,0,0,True,False,,-0.0739597720466,-0.0588547774607,,
point,single,BTC,pm,1,False,False,9599820,1719221255,,1,55,55,1.350031198e-13,2.454602178e-15,False,True,1e-13,0.0362505376049,,,
point,single,BTC,pm,1,False,False,10219644,1720460903,,1,9890.650267,9890.650267,3.549776011e-07,3.589021869e-11,False,False,3.589021869e-11,-0.0980814274956,,,
point,single,BTC,pm,1,False,False,10708504,1721438623,,1,12737.38676,12737.38674,1.260584213e-05,9.896725578e-10,False,False,9.896725578e-10,-0.0589588892225,,,
point,single,BTC,pm,1,False,False,10758349,1721538313,,1,12438.5132,12438.5132,2.696579031e-07,2.167927136e-11,False,False,2.167927136e-11,0.00424365185153,,,
point,single,BTC,pm,1,False,False,11995556,1724012727,,1,510,510,5.684341886e-14,1.11457684e-16,False,True,1e-13,0.0506193524452,,,
point,single,BTC,pm,1,False,False,12115811,1724253237,,1,3468.555963,3468.555973,1.053205733e-05,3.036438634e-09,False,False,3.036438634e-09,-0.0805874546247,,,
point,single,BTC,pm,1,False,False,13646521,1727314657,,1,591,591,0,0,True,False,,0.15203111266,-0.29906145725,,
point,single,BTC,pm,1,False,False,13752106,1727525827,,1,10530.00346,10530.00347,3.233069947e-06,3.07034082e-10,False,False,3.07034082e-10,0.0560654010984,,,
point,single,BTC,pm,1,False,False,13923322,1727868259,,1,3751.943333,3751.94333,2.446305189e-06,6.520101642e-10,False,False,6.520101642e-10,0.0505573376164,,,
point,single,BTC,pm,1,False,False,14208906,1728439427,,1,11550.296,11550.29597,2.341123036e-05,2.026894407e-09,False,False,2.026894407e-09,0.157662619848,,,
point,single,BTC,pm,1,False,False,14219028,1728459671,,1,3875.372418,3875.372417,1.007177616e-06,2.598918265e-10,False,False,2.598918265e-10,-0.100113073583,,,
point,single,BTC,pm,1,False,False,14333251,1728688117,,1,13495.80389,13495.80389,3.917119102e-06,2.90247186e-10,False,False,2.90247186e-10,0.163152406643,,,
point,single,BTC,pm,1,False,False,14897655,1729816925,,1,13351.98049,13351.98049,3.651075531e-08,2.734482374e-12,False,False,2.734482374e-12,-0.116228224456,,,
point,single,BTC,pm,1,False,False,15272173,1730565961,,1,248,248,0,0,True,False,,-0.186814580122,-0.341695761068,,
point,single,BTC,pm,1,False,False,15340926,1730703467,,1,12786.31997,12786.32,2.792103624e-05,2.183664752e-09,False,False,2.183664752e-09,-0.160644478583,,,
point,single,BTC,pm,1,False,False,16877414,1733776443,,1,17293.48675,17293.48675,1.27374733e-06,7.365474346e-11,False,False,7.365474346e-11,0.00115601717999,,,
point,single,BTC,pm,1,False,False,17008099,1734037813,,1,117,117,0,0,True,False,,0.0167123972624,0.416034694344,,
point,single,BTC,pm,1,False,False,17505223,1735032061,,1,5644.476283,5644.476287,3.749070856e-06,6.642017201e-10,False,False,6.642017201e-10,0.0495252139192,,,
point,single,BTC,pm,1,False,False,17831793,1735685201,,1,19950.17541,19950.17541,8.065399015e-08,4.042770978e-12,False,False,4.042770978e-12,0.142901274661,,,
point,single,BTC,pm,1,False,False,18348864,1736719343,,1,144,144,8.526512829e-14,5.921189465e-16,False,True,1e-13,0.0993293035964,,,
point,single,BTC,pm,1,False,False,18581795,1737185205,,1,645,645,0,0,True,False,,0.129266323754,-0.194073023724,,
point,single,BTC,pm,1,False,False,18716469,1737454553,,1,1170.799846,1170.799846,2.238721208e-08,1.912129742e-11,False,False,1.912129742e-11,0.149264477162,,,
point,single,BTC,pm,1,False,False,18849914,1737721443,,1,23686.59072,23686.59072,5.55672159e-07,2.345935578e-11,False,False,2.345935578e-11,-0.0561503775912,,,
point,single,BTC,pm,1,False,False,19007139,1738035893,,1,1434,1434,0,0,True,False,,0.148362556373,-0.17388231432,,
point,single,BTC,pm,1,False,False,19279239,1738580093,,1,22690.3261,22690.32612,1.906967373e-05,8.404318935e-10,False,False,8.404318935e-10,0.170078654739,,,
point,single,BTC,pm,1,False,False,19426453,1738874521,,1,20379.69253,20379.69253,1.527951099e-10,7.497419781e-15,False,True,1e-13,0.121899092046,,,
point,single,BTC,pm,1,False,False,19928278,1739878171,,1,2308.258438,2308.258461,2.205091505e-05,9.553052935e-09,False,False,9.553052935e-09,-0.181596899498,,,
point,single,BTC,pm,1,False,False,19937077,1739895769,,1,780,780,0,0,True,False,,-0.0679711254699,-0.2292734547,,
point,single,BTC,pm,1,False,False,20740291,1741502197,,1,1561.241203,1561.241203,2.955857781e-12,1.893274258e-15,False,True,1e-13,-0.0408748854699,,,
point,single,BTC,pm,1,False,False,21807688,1743636991,,1,11082.48152,11082.48132,0.0002000010863,1.804659778e-08,False,False,1.804659778e-08,-0.180686954142,,,
point,single,BTC,pm,1,False,False,22283282,1744588179,,1,11038.65143,11038.65142,1.371215694e-05,1.242194939e-09,False,False,1.242194939e-09,0.0658557791315,,,
point,single,BTC,pm,1,False,False,22379160,1744779935,,1,14057.29814,14057.29838,0.0002462322773,1.75163303e-08,False,False,1.75163303e-08,0.0170965192994,,,
point,single,BTC,pm,1,False,False,22480165,1744981945,,1,2484.932269,2484.932271,2.538110039e-06,1.021400088e-09,False,False,1.021400088e-09,-0.0615947312574,,,
point,single,BTC,pm,1,False,False,22558570,1745138755,,1,14077.60548,14077.60539,8.72368073e-05,6.196849843e-09,False,False,6.196849843e-09,0.115539208208,,,
point,single,BTC,pm,1,False,False,22779878,1745581371,,1,5325.32814,5325.328115,2.526134722e-05,4.743622657e-09,False,False,4.743622657e-09,0.158670715727,,,
point,single,BTC,pm,1,False,False,23211342,1746444299,,1,12192.19302,12192.19305,2.472936467e-05,2.028295043e-09,False,False,2.028295043e-09,0.12418966148,,,
point,single,BTC,pm,1,False,False,23397067,1746815749,,1,18172.53845,18172.53845,1.510488801e-08,8.311930693e-13,False,False,8.311930693e-13,-0.0468331590408,,,
point,single,BTC,pm,1,False,False,23603990,1747229595,,1,620,620,0,0,True,False,,-0.126511938424,0.396170539484,,
point,single,BTC,pm,1,False,False,23791800,1747605215,,1,282,282,0,0,True,False,,-0.173624613321,0.0853745204545,,
point,single,BTC,pm,1,False,False,24043764,1748109143,,1,1193.185351,1193.185351,1.540743142e-07,1.291285667e-10,False,False,1.291285667e-10,0.0952020979188,,,
point,single,BTC,pm,1,False,False,24460080,1748941775,,1,16126.09985,16126.09985,2.17838533e-06,1.350844501e-10,False,False,1.350844501e-10,0.0246088314636,,,
point,single,BTC,pm,1,False,False,25435187,1750891989,,1,16329.09438,16329.09456,0.0001818834608,1.113861287e-08,False,False,1.113861287e-08,0.0628366213126,,,
point,single,BTC,pm,1,False,False,27706816,1755435247,,1,19717.58228,19717.58228,2.411499736e-06,1.223019994e-10,False,False,1.223019994e-10,-0.0742782627459,,,
point,single,BTC,pm,1,False,False,28077491,1756176597,,1,3241,3241,0,0,True,False,,-0.0405972529157,0.073407734232,,
point,single,BTC,pm,1,False,False,28238602,1756498819,,1,5499.835607,5499.83551,9.748667799e-05,1.772538035e-08,False,False,1.772538035e-08,0.135483442233,,,
point,single,BTC,pm,1,False,False,28491761,1757005137,,1,1356.995735,1356.995735,6.90761226e-10,5.090371385e-13,False,False,5.090371385e-13,0.161429392981,,,
point,single,BTC,pm,1,False,False,29090128,1758201871,,1,20997.18223,20997.18244,0.0002093668118,9.971186107e-09,False,False,9.971186107e-09,0.11918997436,,,
point,single,BTC,pm,1,False,False,29765990,1759553595,,1,16588.40839,16588.40842,2.718196993e-05,1.638612294e-09,False,False,1.638612294e-09,0.109106200108,,,
point,single,BTC,pm,1,False,False,29847511,1759716637,,1,12083.9265,12083.92644,6.18952472e-05,5.122113842e-09,False,False,5.122113842e-09,0.0785936901919,,,
point,single,BTC,pm,1,False,False,30048717,1760119049,,1,23083.90118,23083.90108,9.873489762e-05,4.277218866e-09,False,False,4.277218866e-09,-0.0153378665346,,,
point,single,BTC,pm,1,False,False,30059460,1760140535,,1,13415.53651,13415.53652,8.630526281e-06,6.4332323e-10,False,False,6.4332323e-10,0.0412190813614,,,
point,single,BTC,pm,1,False,False,30378386,1760778387,,1,13860.28678,13860.28681,3.18990933e-05,2.301474262e-09,False,False,2.301474262e-09,-0.121173374527,,,
point,single,BTC,pm,1,False,False,30567562,1761156739,,1,5449.480287,5449.480238,4.873845955e-05,8.943689488e-09,False,False,8.943689488e-09,-0.00660803672008,,,
point,single,BTC,pm,1,False,False,30691702,1761405019,,1,2040.999996,2040.999996,2.955857781e-12,1.448239974e-15,False,True,1e-13,0.0997994782039,,,
point,single,BTC,pm,1,False,False,31027253,1762076121,,1,19776.0168,19776.01681,1.491025614e-06,7.539564862e-11,False,False,7.539564862e-11,-0.179359595661,,,
point,single,BTC,pm,1,False,False,32171254,1764364123,,1,12076.96113,12076.96106,6.619886699e-05,5.481417576e-09,False,False,5.481417576e-09,0.0293114841135,,,
point,single,BTC,pm,1,False,False,33254420,1766530455,,1,1310.553927,1310.553927,2.273736754e-13,1.7349433e-16,False,True,1e-13,-0.0501094467343,,,
point,single,BTC,pm,1,False,False,33659359,1767340333,,1,10736.17478,10736.17481,2.975537609e-05,2.771506305e-09,False,False,2.771506305e-09,-0.140766849579,,,
point,single,BTC,pm,1,False,False,34169702,1768361019,,1,2355.747144,2355.747144,1.914395398e-08,8.126489309e-12,False,False,8.126489309e-12,-0.0927893961819,,,
point,single,BTC,pm,1,False,False,34286065,1768593745,,1,1201,1201,0,0,True,False,,0.188735840301,-0.225219138489,,
point,single,BTC,pm,1,False,False,34361298,1768744211,,1,871,871,0,0,True,False,,0.168377557777,-0.244348575743,,
point,single,BTC,pm,1,False,False,34548369,1769118353,,1,1138.209732,1138.209732,2.600052085e-07,2.284334786e-10,False,False,2.284334786e-10,-0.0715167799153,,,
point,single,BTC,pm,1,False,False,34717484,1769456583,,1,640.3318609,640.3318609,2.127205789e-08,3.322036461e-11,False,False,3.322036461e-11,-0.149180201798,,,
point,single,BTC,pm,1,False,False,34760156,1769541927,,1,7114.839873,7114.839834,3.913512592e-05,5.500492859e-09,False,False,5.500492859e-09,-0.0382120033057,,,
point,single,BTC,pm,1,False,False,35107290,1770236195,,1,2932.929804,2932.929804,2.386577762e-07,8.13717996e-11,False,False,8.13717996e-11,-0.16251678171,,,
point,single,BTC,pm,1,False,False,35376344,1770774303,,1,9665.66447,9665.664441,2.861907342e-05,2.960900775e-09,False,False,2.960900775e-09,0.0888870500664,,,
point,single,BTC,pm,1,False,False,35442581,1770906777,,1,934.9836296,934.9836296,1.568878361e-09,1.677974149e-12,False,False,1.677974149e-12,-0.117288913819,,,
point,single,BTC,pm,1,False,False,36117971,1772257557,,1,6564.344721,6564.344585,0.0001352303307,2.060073571e-08,False,False,2.060073571e-08,-0.194155760854,,,
point,single,BTC,pm,1,False,False,36174088,1772369791,,1,9746.311103,9746.311162,5.912648157e-05,6.06654979e-09,False,False,6.06654979e-09,0.0677071447603,,,
point,single,BTC,pm,1,False,False,36367250,1772756115,,1,1996.150426,1996.150425,8.763913684e-08,4.390407442e-11,False,False,4.390407442e-11,0.0893029852941,,,
point,single,BTC,pm,1,False,False,36562935,1773147485,,1,12159.60882,12159.60882,5.716641681e-06,4.701336832e-10,False,False,4.701336832e-10,0.0522095190061,,,
point,single,BTC,pm,1,False,False,37746929,1775515473,,1,92.99999977,92.99999977,2.842170943e-14,3.056097796e-16,False,True,1e-13,0.00742218984161,,,
point,single,BTC,pm,1,False,False,38110718,1776243051,,1,1727.984009,1727.984009,2.295792001e-09,1.328595629e-12,False,False,1.328595629e-12,-0.0463335277199,,,
point,single,BTC,pm,1,False,False,38175414,1776372443,,1,12268.84151,12268.84151,4.707781045e-07,3.837184661e-11,False,False,3.837184661e-11,-0.0591034619532,,,
point,single,BTC,pm,1,False,False,38376557,1776774729,,1,470,470,2.273736754e-13,4.837737775e-16,False,True,1e-13,0.171559130141,,,
point,single,BTC,pm,1,False,False,38875151,1777771917,,1,12647.83647,12647.83669,0.0002195101952,1.735555292e-08,False,False,1.735555292e-08,-0.186328819274,,,
point,single,BTC,pm,1,False,False,39463091,1778947797,,1,211,211,0,0,True,False,,0.0312121341678,-0.24352651221,,
point,single,BTC,pm,1,False,False,39616100,1779253815,,1,218.9995512,218.9995512,1.296882601e-10,5.921850498e-13,False,False,5.921850498e-13,-0.150881480295,,,
point,single,BTC,pm,1,False,False,39711743,1779445101,,1,11212.70578,11212.70576,1.572421388e-05,1.402356772e-09,False,False,1.402356772e-09,-0.024639040164,,,
point,single,BTC,pm,1,False,False,41222580,1782466775,,1,7425.937364,7425.937394,3.026053128e-05,4.074977985e-09,False,False,4.074977985e-09,0.100035613969,,,
point,single,BTC,pm,1,False,False,42360089,1784741793,,1,258.8098555,258.8098563,7.404510711e-07,2.860984832e-09,False,False,2.860984832e-09,-0.0996502899556,,,
point,single,BTC,pm,1,False,False,42493545,1785008705,,1,11995.67881,11995.67881,3.637978807e-12,3.032741095e-16,False,True,1e-13,-0.0887535981153,,,
point,single,BTC,pm,1,False,False,42611415,1785244445,,1,1938.933161,1938.933263,0.0001023094467,5.276584502e-08,False,False,5.276584502e-08,0.0493881869496,,,
point,single,BTC,pm,1,False,False,44454904,1788931423,,1,10114.41824,10114.41822,2.057366873e-05,2.034093138e-09,False,False,2.034093138e-09,-0.0511756711797,,,
point,single,BTC,pm,1,False,False,44472233,1788966081,,1,10645.56413,10645.5641,3.743387242e-05,3.516382218e-09,False,False,3.516382218e-09,-0.18657455019,,,
point,single,BTC,pm,1,False,False,44738224,1789498063,,1,14895.39905,14895.39905,7.275957614e-12,4.88470137e-16,False,True,1e-13,-0.183578070196,,,
point,single,BTC,pm,1,False,False,45190047,1790401709,,1,10740.68499,10740.68502,2.813985884e-05,2.61993149e-09,False,False,2.61993149e-09,0.148171393789,,,
point,single,BTC,pm,1,False,False,45261567,1790544749,,1,440.9999612,440.9999612,8.640199667e-12,1.959229122e-14,False,True,1e-13,-0.00286181122629,,,
point,single,BTC,pm,1,False,False,45293140,1790607895,,1,4,4,0,0,True,False,,-0.146869856466,0.105717298528,,
point,single,BTC,pm,1,False,False,45320226,1790662067,,1,588.7556,588.7556,0,0,True,False,,0.181877522564,-0.0148309844333,,
point,single,BTC,pm,1,True,True,4096821,1708215257,,1,12742.85188,12742.8519,1.468169467e-05,1.152151402e-09,False,False,1.152151402e-09,0.0702756343943,,,
point,single,BTC,pm,1,True,True,4521565,1709064745,,1,1197.11459,1197.114596,5.830880582e-06,4.870778979e-09,False,False,4.870778979e-09,-0.142192943965,,,
point,single,BTC,pm,1,True,True,4581958,1709185531,,1,3858.852737,3858.85274,3.405690677e-06,8.82565599e-10,False,False,8.82565599e-10,0.0547241679537,,,
point,single,BTC,pm,1,True,True,5791800,1711605215,,1,14289.3299,14289.32995,4.9274513e-05,3.448343158e-09,False,False,3.448343158e-09,0.194468341105,,,
point,single,BTC,pm,1,True,True,6260375,1712542365,,1,10262.15018,10262.15024,5.981869072e-05,5.829060154e-09,False,False,5.829060154e-09,0.0128228909975,,,
point,single,BTC,pm,1,True,True,7891541,1715804697,,1,15554.52072,15554.52072,7.666394595e-06,4.92872441e-10,False,False,4.92872441e-10,-0.08452454064,,,
point,single,BTC,pm,1,True,True,7988244,1715998103,,1,5125.717474,5125.71747,4.136034477e-06,8.06918153e-10,False,False,8.06918153e-10,0.163300276524,,,
point,single,BTC,pm,1,True,True,8151259,1716324133,,1,5.000701309,5.000701309,2.072075844e-10,4.143570504e-11,False,False,4.143570504e-11,0.00395735652329,,,
point,single,BTC,pm,1,True,True,9005224,1718032063,,1,568.528884,568.5288832,8.105561164e-07,1.425707892e-09,False,False,1.425707892e-09,0.151779286765,,,
point,single,BTC,pm,1,True,True,9363413,1718748441,,1,597.3845076,597.3845073,3.979724852e-07,6.661915066e-10,False,False,6.661915066e-10,-0.188198705281,,,
point,single,BTC,pm,1,True,True,9599820,1719221255,,1,74.53920207,74.53920171,3.657615935e-07,4.906969531e-09,False,False,4.906969531e-09,0.0977656089062,,,
point,single,BTC,pm,1,True,True,10219644,1720460903,,1,12500.64591,12500.64591,2.746928658e-07,2.197429378e-11,False,False,2.197429378e-11,-0.0844590908701,,,
point,single,BTC,pm,1,True,True,10708504,1721438623,,1,15910.5609,15910.56089,8.753664588e-06,5.501795093e-10,False,False,5.501795093e-10,-0.164676398549,,,
point,single,BTC,pm,1,True,True,10758349,1721538313,,1,15556.43485,15556.43485,2.958331606e-07,1.901677109e-11,False,False,1.901677109e-11,0.031483785122,,,
point,single,BTC,pm,1,True,True,11995556,1724012727,,1,647.5918677,647.5918651,2.638961519e-06,4.075038076e-09,False,False,4.075038076e-09,0.0873748854101,,,
point,single,BTC,pm,1,True,True,12115811,1724253237,,1,4235.002601,4235.002603,1.60676791e-06,3.794018708e-10,False,False,3.794018708e-10,0.0473817068737,,,
point,single,BTC,pm,1,True,True,13646521,1727314657,,1,653.8576948,653.8576933,1.569654387e-06,2.400605513e-09,False,False,2.400605513e-09,-0.187189214805,,,
point,single,BTC,pm,1,True,True,13752106,1727525827,,1,13166.3153,13166.31531,3.687664503e-06,2.800832593e-10,False,False,2.800832593e-10,-0.160734806994,,,
point,single,BTC,pm,1,True,True,13923322,1727868259,,1,4747.989702,4747.989701,3.594950613e-07,7.571521504e-11,False,False,7.571521504e-11,-0.0287182451476,,,
point,single,BTC,pm,1,True,True,14208906,1728439427,,1,14643.35108,14643.35107,1.558779331e-05,1.064496318e-09,False,False,1.064496318e-09,0.0253488977064,,,
point,single,BTC,pm,1,True,True,14219028,1728459671,,1,4628.796586,4628.796588,1.990768396e-06,4.300833617e-10,False,False,4.300833617e-10,-0.0502289981977,,,
point,single,BTC,pm,1,True,True,14333251,1728688117,,1,16712.75989,16712.75989,1.791962859e-06,1.072212412e-10,False,False,1.072212412e-10,-0.165477005306,,,
point,single,BTC,pm,1,True,True,14897655,1729816925,,1,16674.66906,16674.66906,8.230781532e-07,4.936098882e-11,False,False,4.936098882e-11,-0.191168037446,,,
point,single,BTC,pm,1,True,True,15272173,1730565961,,1,335.2274766,335.2274777,1.080777736e-06,3.22401298e-09,False,False,3.22401298e-09,0.128260065547,,,
point,single,BTC,pm,1,True,True,15340926,1730703467,,1,16239.40274,16239.40277,2.625810157e-05,1.616937642e-09,False,False,1.616937642e-09,0.036324443301,,,
point,single,BTC,pm,1,True,True,16877414,1733776443,,1,21854.48939,21854.48939,4.872708814e-08,2.229614579e-12,False,False,2.229614579e-12,-0.0484747337724,,,
point,single,BTC,pm,1,True,True,17008099,1734037813,,1,118.8094758,118.8094761,2.205841696e-07,1.856621015e-09,False,False,1.856621015e-09,-0.16463883082,,,
point,single,BTC,pm,1,True,True,17505223,1735032061,,1,7007.235074,7007.235068,5.917553608e-06,8.444919494e-10,False,False,8.444919494e-10,0.0513293680757,,,
point,single,BTC,pm,1,True,True,17831793,1735685201,,1,24852.56257,24852.56257,9.778159438e-08,3.934467285e-12,False,False,3.934467285e-12,-0.0232502948634,,,
point,single,BTC,pm,1,True,True,18348864,1736719343,,1,180.5816475,180.5816534,5.948992083e-06,3.29435032e-08,False,False,3.29435032e-08,0.152856069508,,,
point,single,BTC,pm,1,True,True,18581795,1737185205,,1,895.0155753,895.0155687,6.574268468e-06,7.345423532e-09,False,False,7.345423532e-09,-0.170601158327,,,
point,single,BTC,pm,1,True,True,18716469,1737454553,,1,1519.921903,1519.921897,5.372202622e-06,3.534525434e-09,False,False,3.534525434e-09,-0.16842372431,,,
point,single,BTC,pm,1,True,True,18849914,1737721443,,1,29363.81498,29363.81498,2.237757144e-06,7.620798407e-11,False,False,7.620798407e-11,-0.0471009880127,,,
point,single,BTC,pm,1,True,True,19007139,1738035893,,1,1708.154012,1708.154021,8.657614671e-06,5.068404026e-09,False,False,5.068404026e-09,-0.131238458674,,,
point,single,BTC,pm,1,True,True,19279239,1738580093,,1,27909.60557,27909.60559,1.908569539e-05,6.838396673e-10,False,False,6.838396673e-10,-0.140172526941,,,
point,single,BTC,pm,1,True,True,19426453,1738874521,,1,25432.37276,25432.37276,2.908800525e-06,1.143739341e-10,False,False,1.143739341e-10,0.0857492624308,,,
point,single,BTC,pm,1,True,True,19928278,1739878171,,1,2856.703931,2856.703922,9.115452485e-06,3.190898569e-09,False,False,3.190898569e-09,0.0643164253829,,,
point,single,BTC,pm,1,True,True,19937077,1739895769,,1,890.4243116,890.424314,2.477545991e-06,2.782433002e-09,False,False,2.782433002e-09,0.0265420218462,,,
point,single,BTC,pm,1,True,True,20740291,1741502197,,1,1701.275885,1701.275885,1.778114438e-07,1.045165251e-10,False,False,1.045165251e-10,-0.00918217201706,,,
point,single,BTC,pm,1,True,True,21807688,1743636991,,1,14173.727,14173.72677,0.0002218787922,1.56542307e-08,False,False,1.56542307e-08,-0.0200762010102,,,
point,single,BTC,pm,1,True,True,22283282,1744588179,,1,13820.76051,13820.76049,1.596298534e-05,1.155000504e-09,False,False,1.155000504e-09,-0.162695187458,,,
point,single,BTC,pm,1,True,True,22379160,1744779935,,1,17686.93582,17686.93608,0.0002631123207,1.487608274e-08,False,False,1.487608274e-08,-0.0125575254174,,,
point,single,BTC,pm,1,True,True,22480165,1744981945,,1,3144.946061,3144.946062,7.861176528e-07,2.499622052e-10,False,False,2.499622052e-10,0.141602294241,,,
point,single,BTC,pm,1,True,True,22558570,1745138755,,1,17568.82855,17568.82847,8.427930879e-05,4.797093246e-09,False,False,4.797093246e-09,0.179081683282,,,
point,single,BTC,pm,1,True,True,22779878,1745581371,,1,6661.114366,6661.11435,1.582530422e-05,2.375774285e-09,False,False,2.375774285e-09,-0.044867369201,,,
point,single,BTC,pm,1,True,True,23211342,1746444299,,1,15237.26236,15237.26239,2.913932803e-05,1.912372928e-09,False,False,1.912372928e-09,-0.0174677773644,,,
point,single,BTC,pm,1,True,True,23397067,1746815749,,1,22717.87339,22717.87339,2.247434168e-07,9.892801714e-12,False,False,9.892801714e-12,-0.0173772026198,,,
point,single,BTC,pm,1,True,True,23603990,1747229595,,1,750.8409126,750.8409128,1.55268026e-07,2.067921758e-10,False,False,2.067921758e-10,0.13463315691,,,
point,single,BTC,pm,1,True,True,23791800,1747605215,,1,298.0748151,298.0748144,6.747882821e-07,2.26382186e-09,False,False,2.26382186e-09,0.00962169363963,,,
point,single,BTC,pm,1,True,True,24043764,1748109143,,1,1465.94756,1465.947582,2.173541907e-05,1.482687353e-08,False,False,1.482687353e-08,0.0452923558467,,,
point,single,BTC,pm,1,True,True,24460080,1748941775,,1,20149.91371,20149.91371,1.06814332e-06,5.300982103e-11,False,False,5.300982103e-11,-0.121524268387,,,
point,single,BTC,pm,1,True,True,25435187,1750891989,,1,20352.88536,20352.88555,0.0001912426815,9.39634249e-09,False,False,9.39634249e-09,0.107237905049,,,
point,single,BTC,pm,1,True,True,27706816,1755435247,,1,24690.64625,24690.64625,4.509194696e-06,1.826276498e-10,False,False,1.826276498e-10,-0.0534244296089,,,
point,single,BTC,pm,1,True,True,28077491,1756176597,,1,4199.813342,4199.813342,2.715541996e-07,6.465863538e-11,False,False,6.465863538e-11,0.189390040649,,,
point,single,BTC,pm,1,True,True,28238602,1756498819,,1,8018.861708,8018.861615,9.361731463e-05,1.167463887e-08,False,False,1.167463887e-08,-0.10546502159,,,
point,single,BTC,pm,1,True,True,28491761,1757005137,,1,1779.94824,1779.948244,4.119660161e-06,2.314483123e-09,False,False,2.314483123e-09,0.155303053799,,,
point,single,BTC,pm,1,True,True,29090128,1758201871,,1,26152.147,26152.1472,0.000199554539,7.630522229e-09,False,False,7.630522229e-09,0.120682391232,,,
point,single,BTC,pm,1,True,True,29765990,1759553595,,1,20767.33018,20767.33021,2.699000834e-05,1.299637849e-09,False,False,1.299637849e-09,-0.00556980418954,,,
point,single,BTC,pm,1,True,True,29847511,1759716637,,1,15110.81124,15110.81116,7.376037502e-05,4.881298155e-09,False,False,4.881298155e-09,0.194399060317,,,
point,single,BTC,pm,1,True,True,30048717,1760119049,,1,28420.0185,28420.0184,9.956048598e-05,3.503181603e-09,False,False,3.503181603e-09,-0.0410233962589,,,
point,single,BTC,pm,1,True,True,30059460,1760140535,,1,18640.24379,18640.24379,1.491454896e-06,8.001262819e-11,False,False,8.001262819e-11,0.141690212892,,,
point,single,BTC,pm,1,True,True,30378386,1760778387,,1,17381.98955,17381.98959,3.399110574e-05,1.955535967e-09,False,False,1.955535967e-09,0.123745099009,,,
point,single,BTC,pm,1,True,True,30567562,1761156739,,1,6795.379344,6795.379329,1.48327772e-05,2.182773977e-09,False,False,2.182773977e-09,0.110166783843,,,
point,single,BTC,pm,1,True,True,30691702,1761405019,,1,2525.686189,2525.686178,1.18771386e-05,4.702539315e-09,False,False,4.702539315e-09,-0.160589883328,,,
point,single,BTC,pm,1,True,True,31027253,1762076121,,1,24696.39244,24696.39244,6.436603144e-07,2.606292866e-11,False,False,2.606292866e-11,0.112358090522,,,
point,single,BTC,pm,1,True,True,32171254,1764364123,,1,15136.43112,15136.43105,6.899756772e-05,4.558377545e-09,False,False,4.558377545e-09,-0.153560360159,,,
point,single,BTC,pm,1,True,True,33254420,1766530455,,1,1638.192421,1638.192421,2.273736754e-13,1.387954629e-16,False,True,1e-13,-0.137505957606,,,
point,single,BTC,pm,1,True,True,33659359,1767340333,,1,13454.80604,13454.80607,3.416219442e-05,2.539032842e-09,False,False,2.539032842e-09,-0.0999049490998,,,
point,single,BTC,pm,1,True,True,34169702,1768361019,,1,2712.114429,2712.114432,3.3645033e-06,1.240546219e-09,False,False,1.240546219e-09,-0.0918664441385,,,
point,single,BTC,pm,1,True,True,34286065,1768593745,,1,1468.724887,1468.724887,1.060211616e-07,7.218585493e-11,False,False,7.218585493e-11,0.163655051076,,,
point,single,BTC,pm,1,True,True,34361298,1768744211,,1,1068.220136,1068.220131,4.174891728e-06,3.908269082e-09,False,False,3.908269082e-09,-0.0418557703359,,,
point,single,BTC,pm,1,True,True,34548369,1769118353,,1,1439.966333,1439.966334,9.964389847e-07,6.919876955e-10,False,False,6.919876955e-10,0.0777591627336,,,
point,single,BTC,pm,1,True,True,34717484,1769456583,,1,813.1007209,813.1007221,1.23794473e-06,1.522498625e-09,False,False,1.522498625e-09,0.190347640771,,,
point,single,BTC,pm,1,True,True,34760156,1769541927,,1,8895.56111,8895.561061,4.888025251e-05,5.494903795e-09,False,False,5.494903795e-09,-0.0650843995255,,,
point,single,BTC,pm,1,True,True,35107290,1770236195,,1,3740.853236,3740.853235,7.234079931e-07,1.933804797e-10,False,False,1.933804797e-10,-0.00841035663549,,,
point,single,BTC,pm,1,True,True,35376344,1770774303,,1,12350.13384,12350.13381,2.739367483e-05,2.218087284e-09,False,False,2.218087284e-09,-0.0942363862523,,,
point,single,BTC,pm,1,True,True,35442581,1770906777,,1,1238.023501,1238.023503,2.36080291e-06,1.90691284e-09,False,False,1.90691284e-09,-0.0175637234718,,,
point,single,BTC,pm,1,True,True,36117971,1772257557,,1,8190.777384,8190.77723,0.0001539737441,1.879842863e-08,False,False,1.879842863e-08,-0.0506125222595,,,
point,single,BTC,pm,1,True,True,36174088,1772369791,,1,12320.35468,12320.35474,5.705206968e-05,4.630716498e-09,False,False,4.630716498e-09,-0.135744683209,,,
point,single,BTC,pm,1,True,True,36367250,1772756115,,1,2427.35134,2427.351344,4.450365395e-06,1.833424491e-09,False,False,1.833424491e-09,0.194371508526,,,
point,single,BTC,pm,1,True,True,36562935,1773147485,,1,15132.12931,15132.12931,4.975976481e-06,3.28835181e-10,False,False,3.28835181e-10,0.125825921662,,,
point,single,BTC,pm,1,True,True,37746929,1775515473,,1,108.8934249,108.8934258,9.714571831e-07,8.92117393e-09,False,False,8.92117393e-09,-0.140935337558,,,
point,single,BTC,pm,1,True,True,38110718,1776243051,,1,2102.232682,2102.232685,3.558175649e-06,1.692569847e-09,False,False,1.692569847e-09,0.135322490138,,,
point,single,BTC,pm,1,True,True,38175414,1776372443,,1,15366.53662,15366.53663,1.381155016e-06,8.98806966e-11,False,False,8.98806966e-11,0.0801803757133,,,
point,single,BTC,pm,1,True,True,38376557,1776774729,,1,589.0637925,589.0637917,7.922519671e-07,1.344934076e-09,False,False,1.344934076e-09,0.0410486303647,,,
point,single,BTC,pm,1,True,True,38875151,1777771917,,1,15726.46458,15726.46481,0.0002257380074,1.435402129e-08,False,False,1.435402129e-08,-0.11499495775,,,
point,single,BTC,pm,1,True,True,39463091,1778947797,,1,261.307562,261.3075579,4.097513624e-06,1.568080768e-08,False,False,1.568080768e-08,0.0516622064721,,,
point,single,BTC,pm,1,True,True,39616100,1779253815,,1,288.0625432,288.0625459,2.68118356e-06,9.307643852e-09,False,False,9.307643852e-09,-0.0190472592298,,,
point,single,BTC,pm,1,True,True,39711743,1779445101,,1,14007.91125,14007.91123,1.59693991e-05,1.140027148e-09,False,False,1.140027148e-09,-0.00440598535515,,,
point,single,BTC,pm,1,True,True,41222580,1782466775,,1,9283.387355,9283.387388,3.326413935e-05,3.58318985e-09,False,False,3.58318985e-09,0.199908776335,,,
point,single,BTC,pm,1,True,True,42360089,1784741793,,1,358.6412516,358.6412406,1.097794512e-05,3.06098227e-08,False,False,3.06098227e-08,-0.15679034583,,,
point,single,BTC,pm,1,True,True,42493545,1785008705,,1,15031.43431,15031.43431,9.313644114e-07,6.196111377e-11,False,False,6.196111377e-11,-0.0190921927532,,,
point,single,BTC,pm,1,True,True,42611415,1785244445,,1,2425.882589,2425.882717,0.0001277618881,5.26661466e-08,False,False,5.26661466e-08,-0.157521774452,,,
point,single,BTC,pm,1,True,True,44454904,1788931423,,1,12678.92802,12678.928,2.170561493e-05,1.711944014e-09,False,False,1.711944014e-09,0.162613569308,,,
point,single,BTC,pm,1,True,True,44472233,1788966081,,1,13248.76861,13248.76857,4.274722232e-05,3.226505313e-09,False,False,3.226505313e-09,0.0862505374895,,,
point,single,BTC,pm,1,True,True,44738224,1789498063,,1,18510.89791,18510.89791,1.086711563e-06,5.870658293e-11,False,False,5.870658293e-11,-0.0885330888519,,,
point,single,BTC,pm,1,True,True,45190047,1790401709,,1,13424.44206,13424.44209,3.292872861e-05,2.452893645e-09,False,False,2.452893645e-09,0.0118894469013,,,
point,single,BTC,pm,1,True,True,45261567,1790544749,,1,557.7750437,557.7750461,2.399546474e-06,4.301996838e-09,False,False,4.301996838e-09,0.16817696381,,,
point,single,BTC,pm,1,True,True,45293140,1790607895,,1,11.96310958,11.96310974,1.584838234e-07,1.324771141e-08,False,False,1.324771141e-08,-0.107646926999,,,
point,single,BTC,pm,1,True,True,45320226,1790662067,,1,778.2074172,778.2074113,5.896894208e-06,7.577535344e-09,False,False,7.577535344e-09,0.0339606098082,,,
point,single,BTC,pm2,2,False,False,25193472,1750408559,,1,1256.806935,1256.806915,1.950982391e-05,1.552332612e-08,False,False,1.552332612e-08,-0.0851953727043,,,
point,single,BTC,pm2,2,False,False,25210446,1750442507,,1,9824.748558,9824.748619,6.065783964e-05,6.173983922e-09,False,False,6.173983922e-09,0.19165905244,,,
point,single,BTC,pm2,2,False,False,25413051,1750847717,,1,13001.66755,13001.66755,1.755717676e-06,1.350378841e-10,False,False,1.350378841e-10,-0.147694263146,,,
point,single,BTC,pm2,2,False,False,25430803,1750883221,,1,9930.598578,9930.598578,4.098910722e-08,4.127556551e-12,False,False,4.127556551e-12,0.199771875677,,,
point,single,BTC,pm2,2,False,False,25568305,1751158225,,1,1047.100844,1047.100846,2.249970748e-06,2.148762235e-09,False,False,2.148762235e-09,0.197539139087,,,
point,single,BTC,pm2,2,False,False,25757496,1751536607,,1,12156.88028,12156.88029,1.184345456e-05,9.742182438e-10,False,False,9.742182438e-10,-0.0802256809796,,,
point,single,BTC,pm2,2,False,False,25785337,1751592289,,1,151.509964,151.5099688,4.872804283e-06,3.216160941e-08,False,False,3.216160941e-08,0.0859737046957,,,
point,single,BTC,pm2,2,False,False,26200978,1752423571,,1,9213.79547,9213.795441,2.914604374e-05,3.163304833e-09,False,False,3.163304833e-09,-0.0218148526523,,,
point,single,BTC,pm2,2,False,False,26589241,1753200097,,1,361.7866188,361.7866192,4.101286208e-07,1.133620205e-09,False,False,1.133620205e-09,-0.161352647837,,,
point,single,BTC,pm2,2,False,False,26652758,1753327131,,1,513.76995,513.7699512,1.110035328e-06,2.160568806e-09,False,False,2.160568806e-09,0.117781571854,,,
point,single,BTC,pm2,2,False,False,26754536,1753530687,,1,647.312992,647.3129961,4.053532848e-06,6.262090979e-09,False,False,6.262090979e-09,0.117830184194,,,
point,single,BTC,pm2,2,False,False,26765404,1753552423,,1,480.1977667,480.1977646,2.136164596e-06,4.44851006e-09,False,False,4.44851006e-09,-0.179173683576,,,
point,single,BTC,pm2,2,False,False,27034171,1754089957,,1,802.0242868,802.0242875,7.273757774e-07,9.069248767e-10,False,False,9.069248767e-10,0.182439802822,,,
point,single,BTC,pm2,2,False,False,27473623,1754968861,,1,79.2114744,79.21147284,1.554759152e-06,1.96279537e-08,False,False,1.96279537e-08,0.150565737897,,,
point,single,BTC,pm2,2,False,False,27755312,1755532239,,1,11520.91479,11520.91479,4.434861694e-06,3.849400656e-10,False,False,3.849400656e-10,-0.179765025716,,,
point,single,BTC,pm2,2,False,False,27756048,1755533711,,1,14080.81089,14080.81089,5.608122592e-06,3.982812237e-10,False,False,3.982812237e-10,0.0226148996022,,,
point,single,BTC,pm2,2,False,False,27801557,1755624729,,1,8.938244876,8.938244995,1.187823724e-07,1.328922781e-08,False,False,1.328922781e-08,0.143938887228,,,
point,single,BTC,pm2,2,False,False,27960953,1755943521,,1,15550.41078,15550.41078,2.03071977e-08,1.305894615e-12,False,False,1.305894615e-12,-0.0597599011602,,,
point,single,BTC,pm2,2,False,False,28547549,1757116713,,1,120.425736,120.4257371,1.10988303e-06,9.216327566e-09,False,False,9.216327566e-09,-0.1667477397,,,
point,single,BTC,pm2,2,False,False,28729160,1757479935,,1,598.5339196,598.5339164,3.24749567e-06,5.425750427e-09,False,False,5.425750427e-09,0.00844480548825,,,
point,single,BTC,pm2,2,False,False,29169278,1758360171,,1,820.504589,820.504578,1.095671757e-05,1.335363351e-08,False,False,1.335363351e-08,0.185918800247,,,
point,single,BTC,pm2,2,False,False,29395701,1758813017,,1,1191.264561,1191.264571,9.851014966e-06,8.269376331e-09,False,False,8.269376331e-09,0.03785927077,,,
point,single,BTC,pm2,2,False,False,29839873,1759701361,,1,13347.34665,13347.34664,1.183895984e-05,8.869897622e-10,False,False,8.869897622e-10,0.196329256525,,,
point,single,BTC,pm2,2,False,False,30030879,1760083373,,1,9420.773806,9420.773771,3.497271064e-05,3.712297032e-09,False,False,3.712297032e-09,-0.0113902996753,,,
point,single,BTC,pm2,2,False,False,30087668,1760196951,,1,14480.16269,14480.16286,0.0001660336238,1.146628165e-08,False,False,1.146628165e-08,0.0162401666916,,,
point,single,BTC,pm2,2,False,False,30393748,1760809111,,1,4503.655067,4503.655169,0.0001021774015,2.268766145e-08,False,False,2.268766145e-08,0.052382012692,,,
point,single,BTC,pm2,2,False,False,30510704,1761043023,,1,172.5481163,172.5481163,1.938548166e-08,1.12348266e-10,False,False,1.12348266e-10,0.134448005344,,,
point,single,BTC,pm2,2,False,False,30743600,1761508815,,1,13968.01632,13968.01626,5.443827104e-05,3.897351621e-09,False,False,3.897351621e-09,0.0886001015512,,,
point,single,BTC,pm2,2,False,False,30755760,1761533135,,1,14614.81913,14614.81915,1.532964961e-05,1.048911346e-09,False,False,1.048911346e-09,0.131755171962,,,
point,single,BTC,pm2,2,False,False,31329356,1762680327,,1,11480.18673,11480.1867,3.011132139e-05,2.62289474e-09,False,False,2.62289474e-09,0.086003573424,,,
point,single,BTC,pm2,2,False,False,31362388,1762746391,,1,14315.25921,14315.2592,9.18994192e-06,6.419682511e-10,False,False,6.419682511e-10,-0.0923446264716,,,
point,single,BTC,pm2,2,False,False,31438686,1762898987,,1,1609.40157,1609.401586,1.584667416e-05,9.846314589e-09,False,False,9.846314589e-09,-0.0416091751892,,,
point,single,BTC,pm2,2,False,False,31669221,1763360057,,1,9116.703348,9116.703305,4.262890616e-05,4.675912392e-09,False,False,4.675912392e-09,-0.140787044581,,,
point,single,BTC,pm2,2,False,False,31771293,1763564201,,1,9181.62558,9181.62556,1.975109808e-05,2.151154815e-09,False,False,2.151154815e-09,0.181174031445,,,
point,single,BTC,pm2,2,False,False,31887810,1763797235,,1,10175.66252,10175.66251,2.121316356e-06,2.084696061e-10,False,False,2.084696061e-10,-0.0198130017245,,,
point,single,BTC,pm2,2,False,False,32173959,1764369533,,1,11910.9895,11910.9895,7.348899089e-08,6.169847675e-12,False,False,6.169847675e-12,0.185045355096,,,
point,single,BTC,pm2,2,False,False,32379818,1764781251,,1,83.62671355,83.62671383,2.796548415e-07,3.344085037e-09,False,False,3.344085037e-09,-0.135052064455,,,
point,single,BTC,pm2,2,False,False,32459413,1764940441,,1,10070.45562,10070.45563,2.624252375e-06,2.605892397e-10,False,False,2.605892397e-10,-0.107792813874,,,
point,single,BTC,pm2,2,False,False,32841845,1765705305,,1,11560.10751,11560.10757,6.03790977e-05,5.223056763e-09,False,False,5.223056763e-09,-0.150959290194,,,
point,single,BTC,pm2,2,False,False,33300149,1766621913,,1,10008.00341,10008.00383,0.0004212113781,4.208745352e-08,False,False,4.208745352e-08,0.1080710493,,,
point,single,BTC,pm2,2,False,False,33541076,1767103767,,1,214.3293405,214.3293483,7.871187279e-06,3.672473056e-08,False,False,3.672473056e-08,0.0393837297318,,,
point,single,BTC,pm2,2,False,False,33980600,1767982815,,1,202.2541494,202.2541492,1.806975831e-07,8.934184227e-10,False,False,8.934184227e-10,0.0149152598091,,,
point,single,BTC,pm2,2,False,False,34431488,1768884591,,1,1328.331555,1328.33156,5.125915095e-06,3.858912391e-09,False,False,3.858912391e-09,0.0350710573098,,,
point,single,BTC,pm2,2,False,False,35032017,1770085649,,1,11877.35285,11877.35284,8.702234481e-06,7.326745775e-10,False,False,7.326745775e-10,-0.144261118081,,,
point,single,BTC,pm2,2,False,False,35578939,1771179493,,1,606.1931523,606.1931508,1.503823682e-06,2.480766529e-09,False,False,2.480766529e-09,0.0846598308555,,,
point,single,BTC,pm2,2,False,False,35631745,1771285105,,1,5889.278644,5889.27861,3.433306301e-05,5.829756934e-09,False,False,5.829756934e-09,-0.0878633789952,,,
point,single,BTC,pm2,2,False,False,35918166,1771857947,,1,8910.952184,8910.952186,1.681863068e-06,1.887411169e-10,False,False,1.887411169e-10,0.101920221845,,,
point,single,BTC,pm2,2,False,False,35938904,1771899423,,1,8894.346679,8894.346675,3.4124987e-06,3.836705295e-10,False,False,3.836705295e-10,0.0587272381053,,,
point,single,BTC,pm2,2,False,False,35970357,1771962329,,1,261.5359359,261.5359475,1.157894866e-05,4.427287828e-08,False,False,4.427287828e-08,0.168347084365,,,
point,single,BTC,pm2,2,False,False,36013050,1772047715,,1,1224.619993,1224.619994,1.462981572e-06,1.194641261e-09,False,False,1.194641261e-09,-0.0624104825741,,,
point,single,BTC,pm2,2,False,False,36022690,1772066995,,1,11031.20676,11031.20677,6.010050129e-06,5.448225437e-10,False,False,5.448225437e-10,-0.0523598013559,,,
point,single,BTC,pm2,2,False,False,36041225,1772104065,,1,5651.885301,5651.885301,6.117170415e-08,1.082323878e-11,False,False,1.082323878e-11,0.0121943501435,,,
point,single,BTC,pm2,2,False,False,36137057,1772295729,,1,9982.25849,9982.258489,5.231595424e-07,5.24089356e-11,False,False,5.24089356e-11,0.165086479326,,,
point,single,BTC,pm2,2,False,False,36165421,1772352457,,1,3832.91575,3832.915629,0.0001207764089,3.151032186e-08,False,False,3.151032186e-08,-0.125041080071,,,
point,single,BTC,pm2,2,False,False,36341121,1772703857,,1,334.9658241,334.9658189,5.209577068e-06,1.555256296e-08,False,False,1.555256296e-08,0.196600006504,,,
point,single,BTC,pm2,2,False,False,36521717,1773065049,,1,4535.375649,4535.375701,5.1895262e-05,1.144232937e-08,False,False,1.144232937e-08,0.0749088848855,,,
point,single,BTC,pm2,2,False,False,36645041,1773311697,,1,1428.839996,1428.839997,4.730950423e-07,3.311042829e-10,False,False,3.311042829e-10,-0.00472379849651,,,
point,single,BTC,pm2,2,False,False,36851442,1773724499,,1,10348.55271,10348.55271,5.861402315e-06,5.663982662e-10,False,False,5.663982662e-10,-0.0360880251257,,,
point,single,BTC,pm2,2,False,False,37504116,1775029847,,1,355.292788,355.2927883,3.6472386e-07,1.026544507e-09,False,False,1.026544507e-09,0.0094428234677,,,
point,single,BTC,pm2,2,False,False,37645810,1775313235,,1,23.00772943,23.0077311,1.666858175e-06,7.244774762e-08,False,False,7.244774762e-08,0.000563969962978,,,
point,single,BTC,pm2,2,False,False,37912346,1775846307,,1,8372.210109,8372.210076,3.311552427e-05,3.955410082e-09,False,False,3.955410082e-09,0.0945196780707,,,
point,single,BTC,pm2,2,False,False,38011686,1776044987,,1,5552.399948,5552.399951,3.114999345e-06,5.610185458e-10,False,False,5.610185458e-10,0.134082915386,,,
point,single,BTC,pm2,2,False,False,38182986,1776387587,,1,816.5182957,816.5182979,2.220227884e-06,2.719140399e-09,False,False,2.719140399e-09,0.160186892986,,,
point,single,BTC,pm2,2,False,False,38237715,1776497045,,1,1686.060437,1686.060436,9.276943729e-07,5.502141873e-10,False,False,5.502141873e-10,0.0926410502649,,,
point,single,BTC,pm2,2,False,False,38481220,1776984055,,1,9719.811556,9719.811567,1.088171484e-05,1.119539693e-09,False,False,1.119539693e-09,-0.12502628669,,,
point,single,BTC,pm2,2,False,False,38692023,1777405661,,1,2369.447411,2369.447412,3.288687367e-08,1.387955416e-11,False,False,1.387955416e-11,0.00239383278102,,,
point,single,BTC,pm2,2,False,False,38741032,1777503679,,1,8403.537023,8403.537022,1.468852133e-06,1.747897497e-10,False,False,1.747897497e-10,-0.056892091063,,,
point,single,BTC,pm2,2,False,False,38915453,1777852521,,1,261.6465605,261.6465607,1.106065497e-07,4.227326721e-10,False,False,4.227326721e-10,-0.0452868601804,,,
point,single,BTC,pm2,2,False,False,39360137,1778741889,,1,-26.9243774,-26.92437805,6.501665126e-07,2.414787547e-08,False,False,2.414787547e-08,-0.147470123125,,,
point,single,BTC,pm2,2,False,False,39382178,1778785971,,1,5.928855805,5.928855545,2.604162139e-07,4.392351956e-08,False,False,4.392351956e-08,0.0637778176391,,,
point,single,BTC,pm2,2,False,False,39413968,1778849551,,1,9607.73743,9607.737438,7.613525668e-06,7.924369002e-10,False,False,7.924369002e-10,-0.133541493501,,,
point,single,BTC,pm2,2,False,False,39455272,1778932159,,1,372.0217712,372.0217709,2.966680768e-07,7.974481596e-10,False,False,7.974481596e-10,0.156984284943,,,
point,single,BTC,pm2,2,False,False,39645599,1779312813,,1,10742.72699,10742.72699,1.631224222e-06,1.518445198e-10,False,False,1.518445198e-10,-0.0915672220901,,,
point,single,BTC,pm2,2,False,False,39868109,1779757833,,1,9689.86127,9689.86127,4.625653673e-07,4.773704746e-11,False,False,4.773704746e-11,-0.133626877441,,,
point,single,BTC,pm2,2,False,False,39914827,1779851269,,1,9406.38949,9406.389474,1.525338484e-05,1.621598262e-09,False,False,1.621598262e-09,0.131566742507,,,
point,single,BTC,pm2,2,False,False,40191406,1780404427,,1,4463.857675,4463.857682,6.943074368e-06,1.555397791e-09,False,False,1.555397791e-09,0.178720992564,,,
point,single,BTC,pm2,2,False,False,40685790,1781393195,,1,1267.80529,1267.805289,1.081913751e-06,8.533753248e-10,False,False,8.533753248e-10,-0.0266282942695,,,
point,single,BTC,pm2,2,False,False,40688734,1781399083,,1,4786.533715,4786.53357,0.0001450338686,3.030039633e-08,False,False,3.030039633e-08,-0.0611126889417,,,
point,single,BTC,pm2,2,False,False,41428009,1782877633,,1,7818.430497,7818.430499,2.071405106e-06,2.649387376e-10,False,False,2.649387376e-10,-0.185330822328,,,
point,single,BTC,pm2,2,False,False,41446184,1782913983,,1,5855.820261,5855.820254,6.930063137e-06,1.183448745e-09,False,False,1.183448745e-09,-0.0378376267786,,,
point,single,BTC,pm2,2,False,False,42018026,1784057667,,1,8678.194565,8678.194565,8.124770829e-07,9.362282407e-11,False,False,9.362282407e-11,-0.0124497578086,,,
point,single,BTC,pm2,2,False,False,42181645,1784384905,,1,5127.218544,5127.218527,1.704469287e-05,3.324354662e-09,False,False,3.324354662e-09,0.0144664932455,,,
point,single,BTC,pm2,2,False,False,42615329,1785252273,,1,523.2580458,523.258047,1.215948487e-06,2.323802752e-09,False,False,2.323802752e-09,-0.160935988742,,,
point,single,BTC,pm2,2,False,False,42810120,1785641855,,1,7254.452428,7254.452429,6.661384759e-07,9.182477693e-11,False,False,9.182477693e-11,0.0311029882037,,,
point,single,BTC,pm2,2,False,False,42834371,1785690357,,1,8482.084932,8482.084932,4.938920029e-08,5.822766535e-12,False,False,5.822766535e-12,-0.168793348813,,,
point,single,BTC,pm2,2,False,False,42938660,1785898935,,1,12.87276753,12.8727677,1.654396939e-07,1.285191343e-08,False,False,1.285191343e-08,0.0717085707402,,,
point,single,BTC,pm2,2,False,False,43601134,1787223883,,1,269.6478811,269.6478801,1.009345624e-06,3.743198796e-09,False,False,3.743198796e-09,-0.140820051899,,,
point,single,BTC,pm2,2,False,False,43601219,1787224053,,1,616.4983703,616.4983792,8.90755075e-06,1.444862011e-08,False,False,1.444862011e-08,-0.105477375149,,,
point,single,BTC,pm2,2,False,False,43656184,1787333983,,1,9041.457876,9041.457876,3.963941708e-08,4.384184235e-12,False,False,4.384184235e-12,0.197769908043,,,
point,single,BTC,pm2,2,False,False,43873866,1787769347,,1,1682.792742,1682.792744,1.484054337e-06,8.818996541e-10,False,False,8.818996541e-10,-0.183295193406,,,
point,single,BTC,pm2,2,False,False,44177865,1788377345,,1,25.87569681,25.87569623,5.820111788e-07,2.249257993e-08,False,False,2.249257993e-08,-0.0161289865502,,,
point,single,BTC,pm2,2,False,False,44373289,1788768193,,1,809.6257652,809.6257632,1.990646638e-06,2.458724417e-09,False,False,2.458724417e-09,0.158901955421,,,
point,single,BTC,pm2,2,False,False,44502358,1789026331,,1,399.8019073,399.801909,1.759091731e-06,4.399908302e-09,False,False,4.399908302e-09,0.168146712714,,,
point,single,BTC,pm2,2,False,False,44614508,1789250631,,1,48.86017569,48.86017708,1.389293558e-06,2.8434068e-08,False,False,2.8434068e-08,-0.0949977939172,,,
point,single,BTC,pm2,2,False,False,44662119,1789345853,,1,5828.205663,5828.205646,1.773648546e-05,3.04321544e-09,False,False,3.04321544e-09,0.0543075131088,,,
point,single,BTC,pm2,2,False,False,44677123,1789375861,,1,6850.278294,6850.278306,1.196975245e-05,1.747338128e-09,False,False,1.747338128e-09,0.129847350651,,,
point,single,BTC,pm2,2,False,False,44696460,1789414535,,1,3229.960959,3229.960918,4.174748437e-05,1.292507399e-08,False,False,1.292507399e-08,-0.0258388554623,,,
point,single,BTC,pm2,2,False,False,44975337,1789972289,,1,2949.380041,2949.380081,3.983988927e-05,1.350788597e-08,False,False,1.350788597e-08,0.184044746344,,,
point,single,BTC,pm2,2,False,False,45103861,1790229337,,1,8735.561467,8735.561469,1.347716534e-06,1.542793258e-10,False,False,1.542793258e-10,-0.178796932638,,,
point,single,BTC,pm2,2,False,False,45137070,1790295755,,1,7642.759254,7642.759244,9.986535588e-06,1.306666252e-09,False,False,1.306666252e-09,-0.050398399488,,,
point,single,BTC,pm2,2,True,True,25193472,1750408559,,1,1749.689078,1749.689078,1.43407533e-07,8.196172379e-11,False,False,8.196172379e-11,-0.173208851518,,,
point,single,BTC,pm2,2,True,True,25210446,1750442507,,1,12354.86832,12354.86837,5.760058957e-05,4.66217754e-09,False,False,4.66217754e-09,0.0573817570478,,,
point,single,BTC,pm2,2,True,True,25413051,1750847717,,1,16374.44886,16374.44886,1.014665031e-06,6.196636232e-11,False,False,6.196636232e-11,-0.123718612996,,,
point,single,BTC,pm2,2,True,True,25430803,1750883221,,1,12549.13822,12549.13822,3.891909728e-08,3.101336251e-12,False,False,3.101336251e-12,-0.181011403269,,,
point,single,BTC,pm2,2,True,True,25568305,1751158225,,1,1368,1368,0,0,True,False,,-0.163414560428,-0.59079144369,,
point,single,BTC,pm2,2,True,True,25757496,1751536607,,1,15342.53167,15342.53168,1.177630656e-05,7.675595408e-10,False,False,7.675595408e-10,0.0200223920817,,,
point,single,BTC,pm2,2,True,True,25785337,1751592289,,1,199.9522601,199.9522601,1.846120767e-08,9.232807705e-11,False,False,9.232807705e-11,0.0192567661203,,,
point,single,BTC,pm2,2,True,True,26200978,1752423571,,1,11671.70595,11671.70592,2.768512422e-05,2.371986095e-09,False,False,2.371986095e-09,-0.19745424837,,,
point,single,BTC,pm2,2,True,True,26589241,1753200097,,1,440,440,0,0,True,False,,0.183377604216,0.354757725739,,
point,single,BTC,pm2,2,True,True,26652758,1753327131,,1,625.2272374,625.2272375,7.712367278e-08,1.233530278e-10,False,False,1.233530278e-10,-0.14809605138,,,
point,single,BTC,pm2,2,True,True,26754536,1753530687,,1,797.3469746,797.3469746,3.410605132e-12,4.277441616e-15,False,True,1e-13,-0.0520698465586,,,
point,single,BTC,pm2,2,True,True,26765404,1753552423,,1,626.9926769,626.9926769,8.307097232e-10,1.324911365e-12,False,False,1.324911365e-12,0.083516905188,,,
point,single,BTC,pm2,2,True,True,27034171,1754089957,,1,818,818,0,0,True,False,,-0.155077020155,-0.00318442579063,,
point,single,BTC,pm2,2,True,True,27473623,1754968861,,1,106.1524764,106.1524764,0,0,True,False,,-0.199245078219,0.579085261662,,
point,single,BTC,pm2,2,True,True,27755312,1755532239,,1,14618.81405,14618.81405,4.210985935e-06,2.880525001e-10,False,False,2.880525001e-10,0.0137917513703,,,
point,single,BTC,pm2,2,True,True,27756048,1755533711,,1,17709.07964,17709.07964,4.910092684e-06,2.772641371e-10,False,False,2.772641371e-10,-0.0185478405402,,,
point,single,BTC,pm2,2,True,True,27801557,1755624729,,1,19,19,0,0,True,False,,0.0267111188735,0.0138438263492,,
point,single,BTC,pm2,2,True,True,27960953,1755943521,,1,19600.47827,19600.47827,7.275957614e-12,3.71213269e-16,False,True,1e-13,-0.172745292705,,,
point,single,BTC,pm2,2,True,True,28547549,1757116713,,1,140.9934669,140.9934669,1.271473593e-09,9.017961053e-12,False,False,9.017961053e-12,-0.0276356413713,,,
point,single,BTC,pm2,2,True,True,28729160,1757479935,,1,883,883,0,0,True,False,,0.186151826233,0.536251919283,,
point,single,BTC,pm2,2,True,True,29169278,1758360171,,1,1066.048113,1066.048113,3.802010724e-07,3.566453217e-10,False,False,3.566453217e-10,-0.0353371812061,,,
point,single,BTC,pm2,2,True,True,29395701,1758813017,,1,1495.999941,1495.999941,3.024069883e-11,2.021437167e-14,False,True,1e-13,0.0435420800825,,,
point,single,BTC,pm2,2,True,True,29839873,1759701361,,1,16876.88587,16876.88586,9.501432942e-06,5.629849617e-10,False,False,5.629849617e-10,0.126608486655,,,
point,single,BTC,pm2,2,True,True,30030879,1760083373,,1,10125.78475,10125.78474,6.763921192e-06,6.679898258e-10,False,False,6.679898258e-10,0.0529244134273,,,
point,single,BTC,pm2,2,True,True,30087668,1760196951,,1,18354.07926,18354.07944,0.0001729778523,9.424490864e-09,False,False,9.424490864e-09,-0.11663033636,,,
point,single,BTC,pm2,2,True,True,30393748,1760809111,,1,5582.909334,5582.9094,6.654171466e-05,1.191882416e-08,False,False,1.191882416e-08,0.0291251941651,,,
point,single,BTC,pm2,2,True,True,30510704,1761043023,,1,179,179,0,0,True,False,,-0.0306585363056,-0.575833033545,,
point,single,BTC,pm2,2,True,True,30743600,1761508815,,1,17576.71427,17576.71422,5.12072038e-05,2.913354738e-09,False,False,2.913354738e-09,-0.0445909743757,,,
point,single,BTC,pm2,2,True,True,30755760,1761533135,,1,18373.06114,18373.06115,1.525773405e-05,8.304404985e-10,False,False,8.304404985e-10,-0.126097464276,,,
point,single,BTC,pm2,2,True,True,31329356,1762680327,,1,14874.60455,14874.60451,3.090881728e-05,2.077958926e-09,False,False,2.077958926e-09,0.0846418413611,,,
point,single,BTC,pm2,2,True,True,31362388,1762746391,,1,17917.41114,17917.41114,6.831807696e-06,3.812943534e-10,False,False,3.812943534e-10,-0.0928970394044,,,
point,single,BTC,pm2,2,True,True,31438686,1762898987,,1,1953.07451,1953.074514,4.348599077e-06,2.226540286e-09,False,False,2.226540286e-09,0.182055787401,,,
point,single,BTC,pm2,2,True,True,31669221,1763360057,,1,11628.97167,11628.97163,4.047696893e-05,3.480700622e-09,False,False,3.480700622e-09,0.107902926431,,,
point,single,BTC,pm2,2,True,True,31771293,1763564201,,1,10860.17712,10860.1771,1.895245623e-05,1.745133254e-09,False,False,1.745133254e-09,-0.00442870820295,,,
point,single,BTC,pm2,2,True,True,31887810,1763797235,,1,12796.91311,12796.91311,1.763968612e-06,1.378432906e-10,False,False,1.378432906e-10,-0.0657754474629,,,
point,single,BTC,pm2,2,True,True,32173959,1764369533,,1,15095.19073,15095.19073,5.456968211e-12,3.615037604e-16,False,True,1e-13,-0.0349127627099,,,
point,single,BTC,pm2,2,True,True,32379818,1764781251,,1,85.58600182,85.58600182,1.439559583e-10,1.682003543e-12,False,False,1.682003543e-12,-0.0177034261464,,,
point,single,BTC,pm2,2,True,True,32459413,1764940441,,1,12773.14636,12773.14637,1.897944458e-06,1.485886409e-10,False,False,1.485886409e-10,0.167871230826,,,
point,single,BTC,pm2,2,True,True,32841845,1765705305,,1,14495.9141,14495.91416,5.667211008e-05,3.909523034e-09,False,False,3.909523034e-09,0.0430002379639,,,
point,single,BTC,pm2,2,True,True,33300149,1766621913,,1,12732.19744,12732.19787,0.0004325943919,3.397641248e-08,False,False,3.397641248e-08,0.0395316776019,,,
point,single,BTC,pm2,2,True,True,33541076,1767103767,,1,281.9999993,281.9999993,9.663381206e-13,3.426730933e-15,False,True,1e-13,-0.14966621024,,,
point,single,BTC,pm2,2,True,True,33980600,1767982815,,1,225.5983485,225.5983485,0,0,True,False,,-0.140677073719,0.119062962829,,
point,single,BTC,pm2,2,True,True,34431488,1768884591,,1,1696.366742,1696.366743,6.482673598e-07,3.821504771e-10,False,False,3.821504771e-10,-0.110897691762,,,
point,single,BTC,pm2,2,True,True,35032017,1770085649,,1,14714.57892,14714.57892,6.544179996e-06,4.447412346e-10,False,False,4.447412346e-10,0.132890095448,,,
point,single,BTC,pm2,2,True,True,35578939,1771179493,,1,799.9999999,799.9999999,0,0,True,False,,0.0208391670699,-0.243835632363,,
point,single,BTC,pm2,2,True,True,35631745,1771285105,,1,7451.866931,7451.86689,4.115139291e-05,5.522293042e-09,False,False,5.522293042e-09,-0.11751690362,,,
point,single,BTC,pm2,2,True,True,35918166,1771857947,,1,11413.39293,11413.39294,1.647244062e-06,1.443255368e-10,False,False,1.443255368e-10,-0.0761665463941,,,
point,single,BTC,pm2,2,True,True,35938904,1771899423,,1,11149.68196,11149.68196,3.40326369e-06,3.052341495e-10,False,False,3.052341495e-10,-0.103135129124,,,
point,single,BTC,pm2,2,True,True,35970357,1771962329,,1,386.9757248,386.9757274,2.607340377e-06,6.737736272e-09,False,False,6.737736272e-09,0.0344770865277,,,
point,single,BTC,pm2,2,True,True,36013050,1772047715,,1,2199.829573,2199.829573,7.045491657e-07,3.202744314e-10,False,False,3.202744314e-10,0.081842175918,,,
point,single,BTC,pm2,2,True,True,36022690,1772066995,,1,13571.42849,13571.4285,4.380628525e-06,3.227831564e-10,False,False,3.227831564e-10,-0.0893110176053,,,
point,single,BTC,pm2,2,True,True,36041225,1772104065,,1,7153.025461,7153.025461,6.091340765e-08,8.515754345e-12,False,False,8.515754345e-12,0.0137953675234,,,
point,single,BTC,pm2,2,True,True,36137057,1772295729,,1,12389.60838,12389.60838,6.495793059e-08,5.242936546e-12,False,False,5.242936546e-12,0.114417709042,,,
point,single,BTC,pm2,2,True,True,36165421,1772352457,,1,4866.55937,4866.559232,0.0001375955489,2.827368136e-08,False,False,2.827368136e-08,-0.0304544478947,,,
point,single,BTC,pm2,2,True,True,36341121,1772703857,,1,405.9999767,405.9999767,1.563194019e-11,3.850231794e-14,False,True,1e-13,-0.0279762116053,,,
point,single,BTC,pm2,2,True,True,36521717,1773065049,,1,5298.261042,5298.261083,4.041348529e-05,7.627688589e-09,False,False,7.627688589e-09,-0.11497180987,,,
point,single,BTC,pm2,2,True,True,36645041,1773311697,,1,1828.261765,1828.261765,1.591697583e-07,8.706070506e-11,False,False,8.706070506e-11,-0.121471083144,,,
point,single,BTC,pm2,2,True,True,36851442,1773724499,,1,13003.64549,13003.64548,4.881821951e-06,3.754194895e-10,False,False,3.754194895e-10,-0.168390927098,,,
point,single,BTC,pm2,2,True,True,37504116,1775029847,,1,486.6409152,486.6409152,0,0,True,False,,0.135465326435,0.201442999536,,
point,single,BTC,pm2,2,True,True,37645810,1775313235,,1,40,40,0,0,True,False,,-0.169892330718,-0.0845577439199,,
point,single,BTC,pm2,2,True,True,37912346,1775846307,,1,10509.1077,10509.10766,3.340678632e-05,3.178841371e-09,False,False,3.178841371e-09,0.110456380408,,,
point,single,BTC,pm2,2,True,True,38011686,1776044987,,1,7237.558783,7237.558786,3.535755241e-06,4.885287079e-10,False,False,4.885287079e-10,0.042070107287,,,
point,single,BTC,pm2,2,True,True,38182986,1776387587,,1,911.9999999,911.9999999,0,0,True,False,,-0.149119721582,0.085910242547,,
point,single,BTC,pm2,2,True,True,38237715,1776497045,,1,2275.001124,2275.001124,5.755146049e-08,2.529733277e-11,False,False,2.529733277e-11,-0.197127316906,,,
point,single,BTC,pm2,2,True,True,38481220,1776984055,,1,12223.67532,12223.67532,8.897055523e-06,7.278543722e-10,False,False,7.278543722e-10,-0.127834378255,,,
point,single,BTC,pm2,2,True,True,38692023,1777405661,,1,2909.71265,2909.71265,1.485977918e-08,5.106957617e-12,False,False,5.106957617e-12,-0.0335132309296,,,
point,single,BTC,pm2,2,True,True,38741032,1777503679,,1,10655.3271,10655.3271,1.334978151e-06,1.252873928e-10,False,False,1.252873928e-10,0.189119021988,,,
point,single,BTC,pm2,2,True,True,38915453,1777852521,,1,337,337,1.136868377e-13,3.373496668e-16,False,True,1e-13,0.148450115014,,,
point,single,BTC,pm2,2,True,True,39360137,1778741889,,1,7.681883377,7.681883377,0,0,True,False,,-0.130899747468,-0.334590230794,,
point,single,BTC,pm2,2,True,True,39382178,1778785971,,1,8.074883499,8.074883334,1.646394061e-07,2.03890751e-08,False,False,2.03890751e-08,0.181400942494,,,
point,single,BTC,pm2,2,True,True,39413968,1778849551,,1,12059.09578,12059.09579,6.746560757e-06,5.594582613e-10,False,False,5.594582613e-10,0.052812035811,,,
point,single,BTC,pm2,2,True,True,39455272,1778932159,,1,435,435,0,0,True,False,,0.0391807061637,0.511941349798,,
point,single,BTC,pm2,2,True,True,39645599,1779312813,,1,13491.09568,13491.09568,1.066746336e-07,7.90704003e-12,False,False,7.90704003e-12,0.00440621906079,,,
point,single,BTC,pm2,2,True,True,39868109,1779757833,,1,12415.37042,12415.37042,2.962588042e-08,2.386226058e-12,False,False,2.386226058e-12,0.171962660736,,,
point,single,BTC,pm2,2,True,True,39914827,1779851269,,1,11771.1218,11771.12179,1.312190216e-05,1.114753749e-09,False,False,1.114753749e-09,-0.116147815144,,,
point,single,BTC,pm2,2,True,True,40191406,1780404427,,1,5765.604864,5765.604872,7.611193723e-06,1.320103251e-09,False,False,1.320103251e-09,0.0896186746715,,,
point,single,BTC,pm2,2,True,True,40685790,1781393195,,1,1470.999989,1470.999989,9.322320693e-12,6.337403646e-15,False,True,1e-13,0.182400765915,,,
point,single,BTC,pm2,2,True,True,40688734,1781399083,,1,6064.528124,6064.52798,0.0001444849495,2.38245988e-08,False,False,2.38245988e-08,0.0945115639608,,,
point,single,BTC,pm2,2,True,True,41428009,1782877633,,1,9903.10561,9903.10561,1.384796633e-08,1.398345819e-12,False,False,1.398345819e-12,0.184123553746,,,
point,single,BTC,pm2,2,True,True,41446184,1782913983,,1,7497.256814,7497.256808,6.059137377e-06,8.081805822e-10,False,False,8.081805822e-10,0.083096375155,,,
point,single,BTC,pm2,2,True,True,42018026,1784057667,,1,10885.60418,10885.60418,1.547668944e-07,1.421757505e-11,False,False,1.421757505e-11,-0.0276333518524,,,
point,single,BTC,pm2,2,True,True,42181645,1784384905,,1,6489.799688,6489.799671,1.697681364e-05,2.615922595e-09,False,False,2.615922595e-09,-0.179140042084,,,
point,single,BTC,pm2,2,True,True,42615329,1785252273,,1,673,673,0,0,True,False,,0.1213373668,-0.0773678656586,,
point,single,BTC,pm2,2,True,True,42810120,1785641855,,1,9158.576896,9158.576896,4.410103429e-07,4.815271498e-11,False,False,4.815271498e-11,-0.152253776043,,,
point,single,BTC,pm2,2,True,True,42834371,1785690357,,1,10662.81778,10662.81778,1.386251824e-08,1.300080197e-12,False,False,1.300080197e-12,0.157043059516,,,
point,single,BTC,pm2,2,True,True,42938660,1785898935,,1,17,17,0,0,True,False,,0.0391370721029,0.432172373676,,
point,single,BTC,pm2,2,True,True,43601134,1787223883,,1,284.9010344,284.9010343,1.721008402e-08,6.040723602e-11,False,False,6.040723602e-11,0.105848328987,,,
point,single,BTC,pm2,2,True,True,43601219,1787224053,,1,772.8735758,772.8735771,1.251753133e-06,1.619609173e-09,False,False,1.619609173e-09,-0.00933227311494,,,
point,single,BTC,pm2,2,True,True,43656184,1787333983,,1,11294.03258,11294.03258,4.875619197e-08,4.316987013e-12,False,False,4.316987013e-12,0.167071761516,,,
point,single,BTC,pm2,2,True,True,43873866,1787769347,,1,2046,2046,2.273736754e-13,1.111308287e-16,False,True,1e-13,0.0530082688519,,,
point,single,BTC,pm2,2,True,True,44177865,1788377345,,1,35.28280942,35.28280915,2.793125162e-07,7.916391035e-09,False,False,7.916391035e-09,-0.135868813264,,,
point,single,BTC,pm2,2,True,True,44373289,1788768193,,1,1051.771228,1051.771227,7.548699159e-07,7.177130309e-10,False,False,7.177130309e-10,-0.17951172717,,,
point,single,BTC,pm2,2,True,True,44502358,1789026331,,1,500.9999976,500.9999976,8.412825991e-12,1.679206793e-14,False,True,1e-13,-0.049202796618,,,
point,single,BTC,pm2,2,True,True,44614508,1789250631,,1,64.43168984,64.43169035,5.156361169e-07,8.002833982e-09,False,False,8.002833982e-09,-0.0789103835355,,,
point,single,BTC,pm2,2,True,True,44662119,1789345853,,1,6785.199233,6785.199218,1.464261459e-05,2.158022791e-09,False,False,2.158022791e-09,-0.104498636279,,,
point,single,BTC,pm2,2,True,True,44677123,1789375861,,1,8608.006725,8608.006725,1.818989404e-12,2.113136597e-16,False,True,1e-13,-0.0904225626776,,,
point,single,BTC,pm2,2,True,True,44696460,1789414535,,1,4062.71848,4062.718446,3.445166112e-05,8.479952842e-09,False,False,8.479952842e-09,-0.163653161282,,,
point,single,BTC,pm2,2,True,True,44975337,1789972289,,1,3814.183582,3814.183624,4.155065562e-05,1.089372201e-08,False,False,1.089372201e-08,-0.156038753041,,,
point,single,BTC,pm2,2,True,True,45103861,1790229337,,1,10935.10981,10935.10981,2.71058525e-07,2.478791066e-11,False,False,2.478791066e-11,0.114233884259,,,
point,single,BTC,pm2,2,True,True,45137070,1790295755,,1,9548.641359,9548.641349,9.447570847e-06,9.894151944e-10,False,False,9.894151944e-10,0.12211738366,,,
point,single,ETH,sm,3,False,False,2635593,1705292801,,1,226.2004274,226.2004271,2.585152004e-07,1.142859027e-09,False,False,1.142859027e-09,-0.129734086522,,,
point,single,ETH,sm,3,False,False,3072802,1706167219,,1,7.8,7.8,0,0,True,False,,0.00309709774712,0.230859123107,,
point,single,ETH,sm,3,False,False,3078677,1706178969,,1,200.2001475,200.2001473,2.136380317e-07,1.067122249e-09,False,False,1.067122249e-09,0.1567267398,,,
point,single,ETH,sm,3,False,False,3119932,1706261479,,1,1.7,1.7,0,0,True,False,,-0.145374775519,-0.506776059604,,
point,single,ETH,sm,3,False,False,3909278,1707840171,,1,5.9,5.9,0,0,True,False,,-0.0600727653053,0.398725215332,,
point,single,ETH,sm,3,False,False,3924922,1707871459,,1,236.8543972,236.8543958,1.391547443e-06,5.875117621e-09,False,False,5.875117621e-09,-0.0217760450874,,,
point,single,ETH,sm,3,False,False,4358231,1708738077,,1,227.5330349,227.5330417,6.758499808e-06,2.970337828e-08,False,False,2.970337828e-08,0.19213405745,,,
point,single,ETH,sm,3,False,False,4765229,1709552073,,1,1.1,1.1,0,0,True,False,,0.0983857820675,-0.508661891441,,
point,single,ETH,sm,3,False,False,4946041,1709913697,,1,49.1,49.1,0,0,True,False,,-0.1243845542,-0.252690320195,,
point,single,ETH,sm,3,False,False,6087344,1712196303,,1,298.076552,298.0765514,6.543215818e-07,2.195146104e-09,False,False,2.195146104e-09,-0.191562738467,,,
point,single,ETH,sm,3,False,False,6150073,1712321761,,1,173.2,173.2,0,0,True,False,,-0.186894067192,0.117221171641,,
point,single,ETH,sm,3,False,False,7237765,1714497145,,1,270.12229,270.1222899,4.878302207e-08,1.805960629e-10,False,False,1.805960629e-10,0.133604317428,,,
point,single,ETH,sm,3,False,False,7267951,1714557517,,1,23.6,23.6,0,0,True,False,,0.15628569411,0.435833508678,,
point,single,ETH,sm,3,False,False,7349430,1714720475,,1,30.5,30.5,0,0,True,False,,0.0947075605184,-0.179249472905,,
point,single,ETH,sm,3,False,False,7455322,1714932259,,1,8.1,8.1,0,0,True,False,,0.159224028537,-0.341877358333,,
point,single,ETH,sm,3,False,False,7830666,1715682947,,1,45,45,0,0,True,False,,0.0897718977991,-0.110401494093,,
point,single,ETH,sm,3,False,False,7944006,1715909627,,1,369.2220616,369.2220614,1.440067763e-07,3.900275505e-10,False,False,3.900275505e-10,0.0221115824587,,,
point,single,ETH,sm,3,False,False,7997091,1716015797,,1,278.089194,278.0891938,1.732337864e-07,6.229432505e-10,False,False,6.229432505e-10,-0.105522006562,,,
point,single,ETH,sm,3,False,False,8467240,1716956095,,1,53.4,53.4,0,0,True,False,,-0.0558214672769,0.153646018573,,
point,single,ETH,sm,3,False,False,9863489,1719748593,,1,57.51376171,57.51376171,0,0,True,False,,0.0865865276675,0.449830608696,,
point,single,ETH,sm,3,False,False,10087774,1720197163,,1,269.6527401,269.6527403,1.982837716e-07,7.353300824e-10,False,False,7.353300824e-10,-0.120025215459,,,
point,single,ETH,sm,3,False,False,10474540,1720970695,,1,18,18,0,0,True,False,,-0.155620883246,0.501990743788,,
point,single,ETH,sm,3,False,False,11341003,1722703621,,1,258.9912803,258.9912768,3.517854338e-06,1.358290648e-08,False,False,1.358290648e-08,-0.0993756444711,,,
point,single,ETH,sm,3,False,False,12497322,1725016259,,1,992.3,992.3,0,0,True,False,,0.190729651849,-0.329879920472,,
point,single,ETH,sm,3,False,False,12640635,1725302885,,1,29.6,29.6,0,0,True,False,,0.199728912874,-0.0723458104061,,
point,single,ETH,sm,3,False,False,13799424,1727620463,,1,12.2,12.2,0,0,True,False,,0.13863589534,0.553624596549,,
point,single,ETH,sm,3,False,False,14325868,1728673351,,1,0.9,0.9,0,0,True,False,,0.0636442782813,0.209579503288,,
point,single,ETH,sm,3,False,False,14897928,1729817471,,1,181.0025114,181.002511,4.008689984e-07,2.214715118e-09,False,False,2.214715118e-09,-0.181565285086,,,
point,single,ETH,sm,3,False,False,14917234,1729856083,,1,243.7434295,243.7434299,3.989658239e-07,1.63682699e-09,False,False,1.63682699e-09,0.0406317205036,,,
point,single,ETH,sm,3,False,False,15200059,1730421733,,1,25.3,25.3,0,0,True,False,,0.0959649143168,0.578633121178,,
point,single,ETH,sm,3,False,False,15415401,1730852417,,1,217.1537306,217.1537306,3.848327879e-08,1.772167518e-10,False,False,1.772167518e-10,0.182496331086,,,
point,single,ETH,sm,3,False,False,16629329,1733280273,,1,7.3,7.3,0,0,True,False,,-0.17524796072,0.378210949345,,
point,single,ETH,sm,3,False,False,16680360,1733382335,,1,375.5384298,375.5384268,3.042135631e-06,8.100730551e-09,False,False,8.100730551e-09,-0.0374227411615,,,
point,single,ETH,sm,3,False,False,16838562,1733698739,,1,157.1,157.1,0,0,True,False,,-0.0999634675604,-0.343037587834,,
point,single,ETH,sm,3,False,False,17509723,1735041061,,1,312.0082164,312.0082178,1.412992219e-06,4.528701954e-09,False,False,4.528701954e-09,0.13762953615,,,
point,single,ETH,sm,3,False,False,17816974,1735655563,,1,307.2081935,307.2081936,1.094475124e-07,3.562649522e-10,False,False,3.562649522e-10,-0.118142617861,,,
point,single,ETH,sm,3,False,False,18470611,1736962837,,1,260.7825958,260.782596,2.359356017e-07,9.047214252e-10,False,False,9.047214252e-10,-0.00245937504861,,,
point,single,ETH,sm,3,False,False,19171558,1738364731,,1,40,40,0,0,True,False,,-0.0489438542504,-0.555960774216,,
point,single,ETH,sm,3,False,False,19345265,1738712145,,1,224.7565348,224.7565338,1.004146554e-06,4.467707937e-09,False,False,4.467707937e-09,-0.137240515961,,,
point,single,ETH,sm,3,False,False,19452432,1738926479,,1,187.4600646,187.4600647,1.515746817e-07,8.085705189e-10,False,False,8.085705189e-10,0.195194965058,,,
point,single,ETH,sm,3,False,False,19763056,1739547727,,1,240.4174958,240.4174954,4.123555186e-07,1.715164353e-09,False,False,1.715164353e-09,-0.193812771557,,,
point,single,ETH,sm,3,False,False,20202257,1740426129,,1,235.2448335,235.2448348,1.292304091e-06,5.493443032e-09,False,False,5.493443032e-09,-0.115154298307,,,
point,single,ETH,sm,3,False,False,20894610,1741810835,,1,9.8,9.8,0,0,True,False,,0.140076310282,-0.108169054666,,
point,single,ETH,sm,3,False,False,21172594,1742366803,,1,22.2,22.2,0,0,True,False,,-0.105948420577,-0.312512085223,,
point,single,ETH,sm,3,False,False,22035480,1744092575,,1,59.8,59.8,0,0,True,False,,0.176271995517,0.277691854424,,
point,single,ETH,sm,3,False,False,24333695,1748689005,,1,34,34,0,0,True,False,,-0.0687662025346,-0.385031144421,,
point,single,ETH,sm,3,False,False,24648650,1749318915,,1,210.8529993,210.8529992,1.259040801e-07,5.971178046e-10,False,False,5.971178046e-10,0.19809968804,,,
point,single,ETH,sm,3,False,False,25978086,1751977787,,1,60.4,60.4,0,0,True,False,,-0.145345060008,-0.484845038517,,
point,single,ETH,sm,3,False,False,26188035,1752397685,,1,270,270,0,0,True,False,,0.0194901940412,-0.283532015952,,
point,single,ETH,sm,3,False,False,26483545,1752988705,,1,26.4,26.4,0,0,True,False,,0.180697360286,0.288611544555,,
point,single,ETH,sm,3,False,False,26569263,1753160141,,1,77.1,77.1,0,0,True,False,,-0.182499208879,0.212905658307,,
point,single,ETH,sm,3,False,False,26852227,1753726069,,1,62.1,62.1,0,0,True,False,,0.0903815603821,-0.201573773774,,
point,single,ETH,sm,3,False,False,27205148,1754431911,,1,274.2581739,274.2581741,1.409635502e-07,5.139812176e-10,False,False,5.139812176e-10,-0.0550049812625,,,
point,single,ETH,sm,3,False,False,27583073,1755187761,,1,207,207,0,0,True,False,,0.0387607224551,-0.121137029908,,
point,single,ETH,sm,3,False,False,27845546,1755712707,,1,290.1,290.1,0,0,True,False,,0.0957441348288,0.430896682958,,
point,single,ETH,sm,3,False,False,28673596,1757368807,,1,170,170,0,0,True,False,,0.0813971611847,0.29295269369,,
point,single,ETH,sm,3,False,False,29335146,1758691907,,1,360.0560059,360.0560059,9.246025456e-08,2.567940905e-10,False,False,2.567940905e-10,-0.184465254851,,,
point,single,ETH,sm,3,False,False,29401547,1758824709,,1,208.5,208.5,0,0,True,False,,-0.170551085633,-0.319282745992,,
point,single,ETH,sm,3,False,False,29857236,1759736087,,1,110,110,0,0,True,False,,0.136528006341,0.542719759857,,
point,single,ETH,sm,3,False,False,30094954,1760211523,,1,452,452,0,0,True,False,,-0.103837001898,0.429660158597,,
point,single,ETH,sm,3,False,False,30182237,1760386089,,1,13.5,13.5,0,0,True,False,,-0.110602429423,0.365393193909,,
point,single,ETH,sm,3,False,False,30787029,1761595673,,1,400.3077851,400.3077868,1.684977406e-06,4.209204688e-09,False,False,4.209204688e-09,-0.158836163337,,,
point,single,ETH,sm,3,False,False,31267567,1762556749,,1,22.7,22.7,0,0,True,False,,0.126091257212,0.233454938933,,
point,single,ETH,sm,3,False,False,32556481,1765134577,,1,312.5642062,312.5642073,1.110991491e-06,3.554442476e-09,False,False,3.554442476e-09,0.0947746890709,,,
point,single,ETH,sm,3,False,False,32579115,1765179845,,1,61,61,0,0,True,False,,0.181735724282,-0.0156872384106,,
point,single,ETH,sm,3,False,False,33847548,1767716711,,1,299.8468732,299.8468729,2.688461791e-07,8.966115812e-10,False,False,8.966115812e-10,-0.0355236196342,,,
point,single,ETH,sm,3,False,False,34513618,1769048851,,1,4.6,4.6,0,0,True,False,,0.179174914317,-0.361080325056,,
point,single,ETH,sm,3,False,False,35453918,1770929451,,1,168.8803129,168.880313,8.779940686e-08,5.198913085e-10,False,False,5.198913085e-10,-0.00146157732433,,,
point,single,ETH,sm,3,False,False,35990376,1772002367,,1,161.0218038,161.0218015,2.314094786e-06,1.437131327e-08,False,False,1.437131327e-08,0.142870694315,,,
point,single,ETH,sm,3,False,False,36195853,1772413321,,1,65,65,0,0,True,False,,0.0396896882057,-0.31255604824,,
point,single,ETH,sm,3,False,False,36612125,1773245865,,1,184.1323942,184.1323952,1.03660858e-06,5.629691532e-09,False,False,5.629691532e-09,-0.0716074104196,,,
point,single,ETH,sm,3,False,False,36926459,1773874533,,1,145.9,145.9,0,0,True,False,,0.0770298160211,0.438606269338,,
point,single,ETH,sm,3,False,False,37169414,1774360443,,1,193.9678986,193.9678988,2.825332786e-07,1.456598131e-09,False,False,1.456598131e-09,-0.0518660578685,,,
point,single,ETH,sm,3,False,False,37244007,1774509629,,1,193.2307155,193.2307156,1.651146704e-07,8.54494949e-10,False,False,8.54494949e-10,-0.0688912478161,,,
point,single,ETH,sm,3,False,False,38439907,1776901429,,1,2.169739696,2.169739696,0,0,True,False,,0.0790439577324,0.330939826656,,
point,single,ETH,sm,3,False,False,38514224,1777050063,,1,103,103,0,0,True,False,,-0.107968206806,0.0844423069953,,
point,single,ETH,sm,3,False,False,38795995,1777613605,,1,208.4024201,208.4024185,1.562556605e-06,7.497785316e-09,False,False,7.497785316e-09,0.0577127795858,,,
point,single,ETH,sm,3,False,False,38850185,1777721985,,1,208.3354816,208.3354811,4.612147677e-07,2.213808057e-09,False,False,2.213808057e-09,0.1043816907,,,
point,single,ETH,sm,3,False,False,38864954,1777751523,,1,21.4,21.4,0,0,True,False,,-0.102806490539,0.242677248841,,
point,single,ETH,sm,3,False,False,39077724,1778177063,,1,0.6,0.6,0,0,True,False,,-0.13661056887,0.213270080872,,
point,single,ETH,sm,3,False,False,39592477,1779206569,,1,182.8858977,182.8858978,3.383752301e-08,1.85019859e-10,False,False,1.85019859e-10,0.177040698028,,,
point,single,ETH,sm,3,False,False,39667141,1779355897,,1,195.2569982,195.2569985,2.361525731e-07,1.209444861e-09,False,False,1.209444861e-09,-0.0330499021023,,,
point,single,ETH,sm,3,False,False,39714182,1779449979,,1,191.8939564,191.8939564,1.702079544e-08,8.869896559e-11,False,False,8.869896559e-11,-0.104212548536,,,
point,single,ETH,sm,3,False,False,39983331,1779988277,,1,0.1,0.1,0,0,True,False,,0.123906914609,-0.265954045166,,
point,single,ETH,sm,3,False,False,40060568,1780142751,,1,186.3738635,186.3738706,7.111657737e-06,3.815802068e-08,False,False,3.815802068e-08,-0.187932992713,,,
point,single,ETH,sm,3,False,False,40470118,1780961851,,1,531.6,531.6,0,0,True,False,,-0.101310462648,0.0528020663952,,
point,single,ETH,sm,3,False,False,40864997,1781751609,,1,0.9,0.9,0,0,True,False,,0.103900815307,0.0651763681741,,
point,single,ETH,sm,3,False,False,41007478,1782036571,,1,4.2,4.2,0,0,True,False,,0.143862113593,-0.0907820376741,,
point,single,ETH,sm,3,False,False,41227378,1782476371,,1,137.4735671,137.4735667,4.203280923e-07,3.057519355e-09,False,False,3.057519355e-09,0.18580619341,,,
point,single,ETH,sm,3,False,False,41899361,1783820337,,1,0.7,0.7,0,0,True,False,,0.0851077790677,-0.0182517869233,,
point,single,ETH,sm,3,False,False,41902656,1783826927,,1,22.4,22.4,0,0,True,False,,-0.195365397472,0.110381218029,,
point,single,ETH,sm,3,False,False,42061172,1784143959,,1,220.3,220.3,0,0,True,False,,0.115609166627,-0.433226337463,,
point,single,ETH,sm,3,False,False,42805456,1785632527,,1,157.3654416,157.3654447,3.129749587e-06,1.98884174e-08,False,False,1.98884174e-08,-0.128331000735,,,
point,single,ETH,sm,3,False,False,43436144,1786893903,,1,36.2946,36.2946,0,0,True,False,,0.178157110842,0.520067807201,,
point,single,ETH,sm,3,False,False,43738661,1787498937,,1,211.4553875,211.4553879,4.262319067e-07,2.015706063e-09,False,False,2.015706063e-09,0.0241558135141,,,
point,single,ETH,sm,3,False,False,44070033,1788161681,,1,10.5,10.5,0,0,True,False,,0.192755833966,-0.205913467335,,
point,single,ETH,sm,3,False,False,44357558,1788736731,,1,20.7,20.7,0,0,True,False,,0.187379253058,0.468428537741,,
point,single,ETH,sm,3,False,False,44364338,1788750291,,1,51.2,51.2,0,0,True,False,,-0.132434705804,-0.227621983563,,
point,single,ETH,sm,3,False,False,44503078,1789027771,,1,217.8237398,217.8237393,4.747359412e-07,2.179449961e-09,False,False,2.179449961e-09,-0.159160744627,,,
point,single,ETH,sm,3,False,False,45038890,1790099395,,1,257.6736361,257.6736357,3.292555562e-07,1.277800714e-09,False,False,1.277800714e-09,-0.0402668196528,,,
point,single,ETH,sm,3,True,True,2635593,1705292801,,1,326.4472274,326.4472271,2.585151719e-07,7.919049398e-10,False,False,7.919049398e-10,0.05266141489,,,
point,single,ETH,sm,3,True,True,3072802,1706167219,,1,7.8,7.8,0,0,True,False,,0.0170584382516,-0.277156376582,,
point,single,ETH,sm,3,True,True,3078677,1706178969,,1,289.2717475,289.2717473,2.136379749e-07,7.385372983e-10,False,False,7.385372983e-10,-0.0821146555168,,,
point,single,ETH,sm,3,True,True,3119932,1706261479,,1,1.7,1.7,0,0,True,False,,-0.0605429800793,-0.00110933764675,,
point,single,ETH,sm,3,True,True,3909278,1707840171,,1,5.9,5.9,0,0,True,False,,-0.054304428859,0.341858758943,,
point,single,ETH,sm,3,True,True,3924922,1707871459,,1,341.8799972,341.8799958,1.391547414e-06,4.07028029e-09,False,False,4.07028029e-09,0.128397973103,,,
point,single,ETH,sm,3,True,True,4358231,1708738077,,1,344.6102349,344.6102417,6.758499808e-06,1.961201126e-08,False,False,1.961201126e-08,-0.0774485335117,,,
point,single,ETH,sm,3,True,True,4765229,1709552073,,1,1.1,1.1,0,0,True,False,,0.130697568716,-0.436646060718,,
point,single,ETH,sm,3,True,True,4946041,1709913697,,1,49.1,49.1,0,0,True,False,,-0.156154494354,-0.403460213877,,
point,single,ETH,sm,3,True,True,6087344,1712196303,,1,430.9492801,430.9492794,6.543215818e-07,1.518326198e-09,False,False,1.518326198e-09,-0.0769597708182,,,
point,single,ETH,sm,3,True,True,6150073,1712321761,,1,173.2,173.2,0,0,True,False,,-0.155046136661,-0.403455714209,,
point,single,ETH,sm,3,True,True,7237765,1714497145,,1,415.1250709,415.1250708,4.878285154e-08,1.175136241e-10,False,False,1.175136241e-10,-0.0833493030793,,,
point,single,ETH,sm,3,True,True,7267951,1714557517,,1,23.6,23.6,0,0,True,False,,0.0527612453008,-0.185156107329,,
point,single,ETH,sm,3,True,True,7349430,1714720475,,1,30.5,30.5,0,0,True,False,,0.154742740136,0.445043358532,,
point,single,ETH,sm,3,True,True,7455322,1714932259,,1,8.1,8.1,0,0,True,False,,-0.11906520697,0.569209501507,,
point,single,ETH,sm,3,True,True,7830666,1715682947,,1,45,45,0,0,True,False,,0.0666634546742,-0.154487625238,,
point,single,ETH,sm,3,True,True,7944006,1715909627,,1,545.8230018,545.8230016,1.440067763e-07,2.638342023e-10,False,False,2.638342023e-10,-0.0581282617243,,,
point,single,ETH,sm,3,True,True,7997091,1716015797,,1,402.061813,402.0618129,1.732337296e-07,4.308634244e-10,False,False,4.308634244e-10,0.100693594447,,,
point,single,ETH,sm,3,True,True,8467240,1716956095,,1,53.4,53.4,0,0,True,False,,-0.107132055702,0.306693043594,,
point,single,ETH,sm,3,True,True,9863489,1719748593,,1,57.51376171,57.51376171,0,0,True,False,,0.00784077415507,0.158324503163,,
point,single,ETH,sm,3,True,True,10087774,1720197163,,1,388.6783374,388.6783376,1.982838285e-07,5.101489057e-10,False,False,5.101489057e-10,0.0661129749534,,,
point,single,ETH,sm,3,True,True,10474540,1720970695,,1,18,18,0,0,True,False,,-0.157240858781,0.481535371448,,
point,single,ETH,sm,3,True,True,11341003,1722703621,,1,375.5437022,375.5436987,3.517854282e-06,9.367363267e-09,False,False,9.367363267e-09,-0.13198251994,,,
point,single,ETH,sm,3,True,True,12497322,1725016259,,1,992.3,992.3,0,0,True,False,,0.135916081154,-0.483801341922,,
point,single,ETH,sm,3,True,True,12640635,1725302885,,1,29.6,29.6,0,0,True,False,,0.0704992698131,0.457582378287,,
point,single,ETH,sm,3,True,True,13799424,1727620463,,1,12.2,12.2,0,0,True,False,,0.0452577425787,0.416612050299,,
point,single,ETH,sm,3,True,True,14325868,1728673351,,1,0.9,0.9,0,0,True,False,,-0.0953654698489,-0.34825081329,,
point,single,ETH,sm,3,True,True,14897928,1729817471,,1,332.3658304,332.36583,4.008689984e-07,1.206107734e-09,False,False,1.206107734e-09,-0.114392227139,,,
point,single,ETH,sm,3,True,True,14917234,1729856083,,1,396.0686092,396.0686096,3.989657671e-07,1.007314788e-09,False,False,1.007314788e-09,-0.128279818656,,,
point,single,ETH,sm,3,True,True,15200059,1730421733,,1,25.3,25.3,0,0,True,False,,0.15529770285,0.201240259107,,
point,single,ETH,sm,3,True,True,15415401,1730852417,,1,314.6922602,314.6922603,3.848322194e-08,1.222884284e-10,False,False,1.222884284e-10,-0.0389442216533,,,
point,single,ETH,sm,3,True,True,16629329,1733280273,,1,7.3,7.3,0,0,True,False,,0.0990411493544,-0.0850888827292,,
point,single,ETH,sm,3,True,True,16680360,1733382335,,1,606.5962329,606.5962299,3.042135518e-06,5.015091345e-09,False,False,5.015091345e-09,-0.0354142067337,,,
point,single,ETH,sm,3,True,True,16838562,1733698739,,1,157.1,157.1,0,0,True,False,,-0.155210873537,-0.236195290671,,
point,single,ETH,sm,3,True,True,17509723,1735041061,,1,448.1281501,448.1281515,1.412992219e-06,3.153098548e-09,False,False,3.153098548e-09,0.0364462034558,,,
point,single,ETH,sm,3,True,True,17816974,1735655563,,1,444.422793,444.4227931,1.094475124e-07,2.462689001e-10,False,False,2.462689001e-10,-0.1155918051,,,
point,single,ETH,sm,3,True,True,18470611,1736962837,,1,394.9341576,394.9341578,2.359357154e-07,5.974051899e-10,False,False,5.974051899e-10,0.143454508366,,,
point,single,ETH,sm,3,True,True,19171558,1738364731,,1,40,40,0,0,True,False,,-0.15534716362,0.0372227811754,,
point,single,ETH,sm,3,True,True,19345265,1738712145,,1,368.8719156,368.8719146,1.004146384e-06,2.722208825e-09,False,False,2.722208825e-09,-0.0911861535579,,,
point,single,ETH,sm,3,True,True,19452432,1738926479,,1,297.3903985,297.3903986,1.515746817e-07,5.096824997e-10,False,False,5.096824997e-10,0.181579340482,,,
point,single,ETH,sm,3,True,True,19763056,1739547727,,1,367.984598,367.9845975,4.123552912e-07,1.120577583e-09,False,False,1.120577583e-09,0.1796940669,,,
point,single,ETH,sm,3,True,True,20202257,1740426129,,1,340.8532884,340.8532897,1.292304091e-06,3.791379268e-09,False,False,3.791379268e-09,0.0287732893694,,,
point,single,ETH,sm,3,True,True,20894610,1741810835,,1,9.8,9.8,0,0,True,False,,-0.00177256193412,-0.564151515285,,
point,single,ETH,sm,3,True,True,21172594,1742366803,,1,22.2,22.2,0,0,True,False,,0.00456660724907,-0.0738110294952,,
point,single,ETH,sm,3,True,True,22035480,1744092575,,1,59.8,59.8,0,0,True,False,,-0.0959024697826,0.578624390226,,
point,single,ETH,sm,3,True,True,24333695,1748689005,,1,34,34,0,0,True,False,,0.0347368190219,0.046059620727,,
point,single,ETH,sm,3,True,True,24648650,1749318915,,1,361.4691361,361.469136,1.259040801e-07,3.483121171e-10,False,False,3.483121171e-10,0.0793940550884,,,
point,single,ETH,sm,3,True,True,25978086,1751977787,,1,60.4,60.4,0,0,True,False,,0.150638201368,-0.478728411202,,
point,single,ETH,sm,3,True,True,26188035,1752397685,,1,270,270,0,0,True,False,,0.0926040483028,-0.188385366326,,
point,single,ETH,sm,3,True,True,26483545,1752988705,,1,26.4,26.4,0,0,True,False,,0.123612883798,-0.242515909468,,
point,single,ETH,sm,3,True,True,26569263,1753160141,,1,77.1,77.1,0,0,True,False,,0.0193983650344,0.111844685417,,
point,single,ETH,sm,3,True,True,26852227,1753726069,,1,62.1,62.1,0,0,True,False,,0.129532009287,-0.434455799927,,
point,single,ETH,sm,3,True,True,27205148,1754431911,,1,416.8093465,416.8093467,1.409635502e-07,3.381967111e-10,False,False,3.381967111e-10,-0.170413804082,,,
point,single,ETH,sm,3,True,True,27583073,1755187761,,1,207,207,0,0,True,False,,0.0221788744179,-0.283225854179,,
point,single,ETH,sm,3,True,True,27845546,1755712707,,1,290.1,290.1,0,0,True,False,,0.0470757655481,-0.0429007176408,,
point,single,ETH,sm,3,True,True,28673596,1757368807,,1,170,170,0,0,True,False,,-0.151547169518,-0.409873761244,,
point,single,ETH,sm,3,True,True,29335146,1758691907,,1,592.5756832,592.5756833,9.246048194e-08,1.560315156e-10,False,False,1.560315156e-10,-0.134520669555,,,
point,single,ETH,sm,3,True,True,29401547,1758824709,,1,208.5,208.5,0,0,True,False,,-0.0645038919251,0.118192440418,,
point,single,ETH,sm,3,True,True,29857236,1759736087,,1,110,110,0,0,True,False,,-0.0454073947641,0.0560901782646,,
point,single,ETH,sm,3,True,True,30094954,1760211523,,1,452,452,0,0,True,False,,0.13674775408,0.582783654906,,
point,single,ETH,sm,3,True,True,30182237,1760386089,,1,13.5,13.5,0,0,True,False,,-0.192265023067,0.58745110078,,
point,single,ETH,sm,3,True,True,30787029,1761595673,,1,649.9087117,649.9087134,1.684977406e-06,2.592637051e-09,False,False,2.592637051e-09,0.149684043797,,,
point,single,ETH,sm,3,True,True,31267567,1762556749,,1,22.7,22.7,0,0,True,False,,-0.168888481151,-0.371285874091,,
point,single,ETH,sm,3,True,True,32556481,1765134577,,1,437.5648111,437.5648122,1.110991548e-06,2.53903312e-09,False,False,2.53903312e-09,-0.0692368475629,,,
point,single,ETH,sm,3,True,True,32579115,1765179845,,1,61,61,0,0,True,False,,-0.0459181793407,0.384458833931,,
point,single,ETH,sm,3,True,True,33847548,1767716711,,1,495.6488189,495.6488186,2.688461791e-07,5.424126294e-10,False,False,5.424126294e-10,-0.194302155521,,,
point,single,ETH,sm,3,True,True,34513618,1769048851,,1,4.6,4.6,0,0,True,False,,0.163306316866,-0.162534701472,,
point,single,ETH,sm,3,True,True,35453918,1770929451,,1,245.3660845,245.3660846,8.779940686e-08,3.578302479e-10,False,False,3.578302479e-10,0.033382092071,,,
point,single,ETH,sm,3,True,True,35990376,1772002367,,1,236.4949335,236.4949312,2.314094786e-06,9.784965589e-09,False,False,9.784965589e-09,-0.0599884795876,,,
point,single,ETH,sm,3,True,True,36195853,1772413321,,1,65,65,0,0,True,False,,0.129250212549,0.303560115637,,
point,single,ETH,sm,3,True,True,36612125,1773245865,,1,266.2837076,266.2837086,1.03660858e-06,3.892872717e-09,False,False,3.892872717e-09,-0.145765743347,,,
point,single,ETH,sm,3,True,True,36926459,1773874533,,1,145.9,145.9,0,0,True,False,,-0.0890334803863,-0.13035517402,,
point,single,ETH,sm,3,True,True,37169414,1774360443,,1,279.4480646,279.4480649,2.825332786e-07,1.011040384e-09,False,False,1.011040384e-09,0.091749846295,,,
point,single,ETH,sm,3,True,True,37244007,1774509629,,1,277.9703097,277.9703099,1.651146704e-07,5.940011023e-10,False,False,5.940011023e-10,-0.158200050616,,,
point,single,ETH,sm,3,True,True,38439907,1776901429,,1,2.169739696,2.169739696,0,0,True,False,,-0.06003652537,0.330332351617,,
point,single,ETH,sm,3,True,True,38514224,1777050063,,1,103,103,0,0,True,False,,-0.0326410581483,-0.381159787472,,
point,single,ETH,sm,3,True,True,38795995,1777613605,,1,299.6586794,299.6586778,1.562556577e-06,5.214454591e-09,False,False,5.214454591e-09,0.0416558068354,,,
point,single,ETH,sm,3,True,True,38850185,1777721985,,1,300.3894939,300.3894935,4.612147677e-07,1.535389143e-09,False,False,1.535389143e-09,-0.0576653583363,,,
point,single,ETH,sm,3,True,True,38864954,1777751523,,1,21.4,21.4,0,0,True,False,,-0.0903226768299,0.00212665220607,,
point,single,ETH,sm,3,True,True,39077724,1778177063,,1,0.6,0.6,0,0,True,False,,-0.0351387345987,-0.00883442889592,,
point,single,ETH,sm,3,True,True,39592477,1779206569,,1,309.4748598,309.4748598,3.383763669e-08,1.093388869e-10,False,False,1.093388869e-10,-0.129035622102,,,
point,single,ETH,sm,3,True,True,39667141,1779355897,,1,280.6896698,280.6896701,2.361525731e-07,8.413297618e-10,False,False,8.413297618e-10,-0.0101149569731,,,
point,single,ETH,sm,3,True,True,39714182,1779449979,,1,276.8919017,276.8919017,1.70207386e-08,6.147069847e-11,False,False,6.147069847e-11,0.179558151944,,,
point,single,ETH,sm,3,True,True,39983331,1779988277,,1,0.1,0.1,0,0,True,False,,0.0885877983912,0.282571269211,,
point,single,ETH,sm,3,True,True,40060568,1780142751,,1,292.4720327,292.4720398,7.111657737e-06,2.431568472e-08,False,False,2.431568472e-08,-0.183773432292,,,
point,single,ETH,sm,3,True,True,40470118,1780961851,,1,531.6,531.6,0,0,True,False,,0.189123759335,0.546796684433,,
point,single,ETH,sm,3,True,True,40864997,1781751609,,1,0.9,0.9,0,0,True,False,,0.0834721981922,-0.419884710999,,
point,single,ETH,sm,3,True,True,41007478,1782036571,,1,4.2,4.2,0,0,True,False,,-0.169641818221,-0.348939511456,,
point,single,ETH,sm,3,True,True,41227378,1782476371,,1,199.3538941,199.3538937,4.203280923e-07,2.108451878e-09,False,False,2.108451878e-09,0.00832663768577,,,
point,single,ETH,sm,3,True,True,41899361,1783820337,,1,0.7,0.7,0,0,True,False,,-0.0237258912704,0.00386034681709,,
point,single,ETH,sm,3,True,True,41902656,1783826927,,1,22.4,22.4,0,0,True,False,,0.0701314492354,0.0107706530926,,
point,single,ETH,sm,3,True,True,42061172,1784143959,,1,220.3,220.3,0,0,True,False,,0.146051608627,-0.401413553977,,
point,single,ETH,sm,3,True,True,42805456,1785632527,,1,231.1775686,231.1775718,3.129749587e-06,1.353829269e-08,False,False,1.353829269e-08,0.121842751788,,,
point,single,ETH,sm,3,True,True,43436144,1786893903,,1,36.2946,36.2946,0,0,True,False,,0.0442924636928,0.126967563376,,
point,single,ETH,sm,3,True,True,43738661,1787498937,,1,308.9231605,308.9231609,4.262319635e-07,1.379734568e-09,False,False,1.379734568e-09,-0.12868560194,,,
point,single,ETH,sm,3,True,True,44070033,1788161681,,1,10.5,10.5,0,0,True,False,,0.0792784812036,-0.0729682353781,,
point,single,ETH,sm,3,True,True,44357558,1788736731,,1,20.7,20.7,0,0,True,False,,0.174202298135,0.151381069001,,
point,single,ETH,sm,3,True,True,44364338,1788750291,,1,51.2,51.2,0,0,True,False,,0.189142550934,-0.461168163914,,
point,single,ETH,sm,3,True,True,44503078,1789027771,,1,366.2591715,366.259171,4.747358844e-07,1.296174734e-09,False,False,1.296174734e-09,-0.0768364154277,,,
point,single,ETH,sm,3,True,True,45038890,1790099395,,1,422.7795966,422.7795963,3.29255613e-07,7.787878498e-10,False,False,7.787878498e-10,0.187028466647,,,
point,single,ETH,pm,4,False,False,2583984,1705189583,,1,14.6,14.6,3.552713679e-15,2.433365534e-16,False,True,1e-13,0.126243240331,,,
point,single,ETH,pm,4,False,False,2649060,1705319735,,1,239.319944,239.3199528,8.712553438e-06,3.640546329e-08,False,False,3.640546329e-08,-0.0873220515709,,,
point,single,ETH,pm,4,False,False,3029774,1706081163,,1,6.9,6.9,0,0,True,False,,-0.179510155226,-0.0312084086214,,
point,single,ETH,pm,4,False,False,3584567,1707190749,,1,304.9484026,304.9484034,8.101360436e-07,2.656633177e-09,False,False,2.656633177e-09,-0.0141330166057,,,
point,single,ETH,pm,4,False,False,3776286,1707574187,,1,301.1268996,301.1268995,1.147119519e-07,3.809422276e-10,False,False,3.809422276e-10,0.122178676426,,,
point,single,ETH,pm,4,False,False,3825922,1707673459,,1,253.5173531,253.5173529,2.360024496e-07,9.309124077e-10,False,False,9.309124077e-10,-0.0824977025374,,,
point,single,ETH,pm,4,False,False,4426279,1708874173,,1,20.39947325,20.39947325,1.566817787e-10,7.680677668e-12,False,False,7.680677668e-12,-0.142659638114,,,
point,single,ETH,pm,4,False,False,4777021,1709575657,,1,1.099978821,1.099978821,1.68620673e-11,1.532944723e-11,False,False,1.532944723e-11,0.15727485086,,,
point,single,ETH,pm,4,False,False,5115839,1710253293,,1,2.1,2.1,0,0,True,False,,0.0677656561994,-0.205415425584,,
point,single,ETH,pm,4,False,False,5278869,1710579353,,1,262.6511758,262.6511798,4.02745161e-06,1.533384192e-08,False,False,1.533384192e-08,-0.181300806913,,,
point,single,ETH,pm,4,False,False,5553221,1711128057,,1,494.0681431,494.0681389,4.2909993e-06,8.685035373e-09,False,False,8.685035373e-09,0.0426948063635,,,
point,single,ETH,pm,4,False,False,5554720,1711131055,,1,0.4000000474,0.4000000474,2.209343819e-14,5.523358893e-14,False,True,1e-13,0.0704201490765,,,
point,single,ETH,pm,4,False,False,5595541,1711212697,,1,759.459386,759.459386,4.400817488e-09,5.794671274e-12,False,False,5.794671274e-12,0.0971965141783,,,
point,single,ETH,pm,4,False,False,6408694,1712839003,,1,89.04107278,89.04107277,1.132544014e-08,1.271934377e-10,False,False,1.271934377e-10,-0.0894324925673,,,
point,single,ETH,pm,4,False,False,6413215,1712848045,,1,2.9,2.9,0,0,True,False,,-0.108121022992,0.0538883221367,,
point,single,ETH,pm,4,False,False,7673506,1715368627,,1,11.50015295,11.50015295,3.798028558e-11,3.302589606e-12,False,False,3.302589606e-12,0.106564424871,,,
point,single,ETH,pm,4,False,False,8792987,1717607589,,1,17.45965291,17.45965291,0,0,True,False,,-0.103898506529,-0.462150302978,,
point,single,ETH,pm,4,False,False,10132218,1720286051,,1,1.7,1.7,0,0,True,False,,-0.112721963633,0.535269765341,,
point,single,ETH,pm,4,False,False,10435182,1720891979,,1,9.3,9.3,0,0,True,False,,0.152595007609,-0.320876167157,,
point,single,ETH,pm,4,False,False,10483819,1720989253,,1,14.6,14.6,0,0,True,False,,0.0480358192472,-0.47660425379,,
point,single,ETH,pm,4,False,False,10635876,1721293367,,1,701.8231968,701.8231968,8.951587915e-09,1.275476211e-11,False,False,1.275476211e-11,-0.0723717555753,,,
point,single,ETH,pm,4,False,False,10941140,1721903895,,1,48.9,48.9,0,0,True,False,,0.182758792091,0.569065092194,,
point,single,ETH,pm,4,False,False,11596869,1723215353,,1,11.09995216,11.09995216,2.826361367e-11,2.546282477e-12,False,False,2.546282477e-12,-0.0340852160083,,,
point,single,ETH,pm,4,False,False,12349665,1724720945,,1,670.6472378,670.6472382,3.408845259e-07,5.082918511e-10,False,False,5.082918511e-10,0.158001476381,,,
point,single,ETH,pm,4,False,False,13029454,1726080523,,1,239.6163114,239.6163205,9.106185416e-06,3.800319504e-08,False,False,3.800319504e-08,-0.183026803843,,,
point,single,ETH,pm,4,False,False,13205509,1726432633,,1,130.6579804,130.6579799,4.939149392e-07,3.780212564e-09,False,False,3.780212564e-09,-0.036638867401,,,
point,single,ETH,pm,4,False,False,13237413,1726496441,,1,24.8,24.8,3.552713679e-15,1.432545838e-16,False,True,1e-13,-0.171815126975,,,
point,single,ETH,pm,4,False,False,13257297,1726536209,,1,397.5085602,397.50856,2.319347345e-07,5.834710437e-10,False,False,5.834710437e-10,-0.0451892042266,,,
point,single,ETH,pm,4,False,False,13297451,1726616517,,1,233.1335749,233.1335748,9.104414289e-08,3.90523514e-10,False,False,3.90523514e-10,-0.179703458061,,,
point,single,ETH,pm,4,False,False,13615536,1727252687,,1,39.39931714,39.39931714,3.304094776e-10,8.386172694e-12,False,False,8.386172694e-12,-0.0348604296015,,,
point,single,ETH,pm,4,False,False,14380149,1728781913,,1,417.6953578,417.69536,2.27504529e-06,5.446661658e-09,False,False,5.446661658e-09,0.126015601833,,,
point,single,ETH,pm,4,False,False,14497762,1729017139,,1,6.8,6.8,0,0,True,False,,-0.138384077135,0.334760516833,,
point,single,ETH,pm,4,False,False,14648346,1729318307,,1,497.3356807,497.3356808,1.183111635e-07,2.378899567e-10,False,False,2.378899567e-10,0.16219634012,,,
point,single,ETH,pm,4,False,False,15097707,1730217029,,1,303.2569853,303.2569828,2.473071675e-06,8.155036139e-09,False,False,8.155036139e-09,0.00712670764624,,,
point,single,ETH,pm,4,False,False,15266715,1730555045,,1,29.59999423,29.59999423,4.62563321e-12,1.562714227e-13,False,False,1.562714227e-13,-0.196902675901,,,
point,single,ETH,pm,4,False,False,15430810,1730883235,,1,460.6652809,460.6652812,2.58608452e-07,5.613803833e-10,False,False,5.613803833e-10,-0.0675913144738,,,
point,single,ETH,pm,4,False,False,16594441,1733210497,,1,236.6706758,236.6706754,3.722628605e-07,1.572915019e-09,False,False,1.572915019e-09,0.0499524747098,,,
point,single,ETH,pm,4,False,False,17759076,1735539767,,1,541.8227791,541.8227793,2.259727125e-07,4.170601925e-10,False,False,4.170601925e-10,0.0510497741893,,,
point,single,ETH,pm,4,False,False,18038116,1736097847,,1,945.2859575,945.2859623,4.807824553e-06,5.086105971e-09,False,False,5.086105971e-09,-0.0450850201815,,,
point,single,ETH,pm,4,False,False,18299466,1736620547,,1,11.1,11.1,0,0,True,False,,0.0105497558686,-0.140983654936,,
point,single,ETH,pm,4,False,False,18655436,1737332487,,1,714.031831,714.0318301,8.802819593e-07,1.232832937e-09,False,False,1.232832937e-09,-0.170723793552,,,
point,single,ETH,pm,4,False,False,18754454,1737530523,,1,3,3,0,0,True,False,,0.0900388976471,0.377536331534,,
point,single,ETH,pm,4,False,False,18918398,1737858411,,1,417.7126594,417.7126611,1.670001097e-06,3.997966209e-09,False,False,3.997966209e-09,-0.0625306618765,,,
point,single,ETH,pm,4,False,False,19185849,1738393313,,1,761.2642665,761.2642666,2.577939995e-08,3.386393015e-11,False,False,3.386393015e-11,0.0791535118143,,,
point,single,ETH,pm,4,False,False,19564306,1739150227,,1,19.7,19.7,0,0,True,False,,-0.000775688068732,-0.491389166182,,
point,single,ETH,pm,4,False,False,19825192,1739671999,,1,307.6321686,307.6321688,2.78187656e-07,9.042866268e-10,False,False,9.042866268e-10,-0.043998374058,,,
point,single,ETH,pm,4,False,False,19839951,1739701517,,1,412.5283516,412.5283533,1.726775622e-06,4.185835023e-09,False,False,4.185835023e-09,0.179788313856,,,
point,single,ETH,pm,4,False,False,20340216,1740702047,,1,53.99988356,53.99988356,7.947420499e-11,1.47174771e-12,False,False,1.47174771e-12,0.0467549880564,,,
point,single,ETH,pm,4,False,False,22735651,1745492917,,1,280.1898275,280.1898278,2.829146979e-07,1.009725087e-09,False,False,1.009725087e-09,0.0102659622259,,,
point,single,ETH,pm,4,False,False,22946986,1745915587,,1,12.81777979,12.81777979,3.250733016e-13,2.536112391e-14,False,True,1e-13,-0.078326861268,,,
point,single,ETH,pm,4,False,False,23081870,1746185355,,1,139.2357984,139.2357997,1.308707027e-06,9.399213727e-09,False,False,9.399213727e-09,0.181810899035,,,
point,single,ETH,pm,4,False,False,23086988,1746195591,,1,8.699999583,8.699999583,1.509903313e-13,1.735521133e-14,False,True,1e-13,0.0254424462366,,,
point,single,ETH,pm,4,False,False,23139138,1746299891,,1,238.3168367,238.3168373,6.275917599e-07,2.633434417e-09,False,False,2.633434417e-09,-0.103152287971,,,
point,single,ETH,pm,4,False,False,23393061,1746807737,,1,371.1661727,371.1661736,9.10911865e-07,2.454188803e-09,False,False,2.454188803e-09,0.00344759981964,,,
point,single,ETH,pm,4,False,False,23485800,1746993215,,1,134.0113962,134.0113962,0,0,True,False,,0.146110435736,-0.332588426315,,
point,single,ETH,pm,4,False,False,23745824,1747513263,,1,321.6724004,321.6724019,1.583229675e-06,4.921869808e-09,False,False,4.921869808e-09,0.0159231109901,,,
point,single,ETH,pm,4,False,False,23828015,1747677645,,1,29.32021571,29.3202157,6.279162079e-09,2.141581134e-10,False,False,2.141581134e-10,0.00450870490262,,,
point,single,ETH,pm,4,False,False,24052982,1748127579,,1,395.4874124,395.487413,6.366975072e-07,1.609905871e-09,False,False,1.609905871e-09,0.0308259410671,,,
point,single,ETH,pm,4,False,False,25232516,1750486647,,1,207.9901645,207.9901641,4.749853133e-07,2.283691223e-09,False,False,2.283691223e-09,0.0658543253124,,,
point,single,ETH,pm,4,False,False,25695407,1751412429,,1,232.1396117,232.139612,3.10367426e-07,1.336986065e-09,False,False,1.336986065e-09,0.0242773041041,,,
point,single,ETH,pm,4,False,False,25834747,1751691109,,1,346.6918689,346.6918704,1.463197236e-06,4.220454436e-09,False,False,4.220454436e-09,-0.0665423459671,,,
point,single,ETH,pm,4,False,False,26155449,1752332513,,1,394.9974857,394.9974889,3.252881356e-06,8.235195094e-09,False,False,8.235195094e-09,0.144640014544,,,
point,single,ETH,pm,4,False,False,26494806,1753011227,,1,321.4692811,321.4692862,5.15162094e-06,1.602523551e-08,False,False,1.602523551e-08,-0.082835670939,,,
point,single,ETH,pm,4,False,False,26515955,1753053525,,1,720.5105168,720.5105189,2.097216338e-06,2.910736609e-09,False,False,2.910736609e-09,-0.168167791819,,,
point,single,ETH,pm,4,False,False,26522328,1753066271,,1,267.2685003,267.2685014,1.135263801e-06,4.247652828e-09,False,False,4.247652828e-09,-0.0752289173284,,,
point,single,ETH,pm,4,False,False,26812534,1753646683,,1,674.9907503,674.9907363,1.406409683e-05,2.083598453e-08,False,False,2.083598453e-08,-0.0170791306116,,,
point,single,ETH,pm,4,False,False,27475402,1754972419,,1,15.72992801,15.72992801,0,0,True,False,,-0.1068398295,-0.35750720717,,
point,single,ETH,pm,4,False,False,28110945,1756243505,,1,51.45775309,51.4577531,7.922032808e-09,1.539521711e-10,False,False,1.539521711e-10,0.113297162354,,,
point,single,ETH,pm,4,False,False,28338558,1756698731,,1,12.99247816,12.99247816,1.75122139e-10,1.34787326e-11,False,False,1.34787326e-11,-0.127859670011,,,
point,single,ETH,pm,4,False,False,30459172,1760939959,,1,37,37,0,0,True,False,,-0.0496987817699,0.533862587255,,
point,single,ETH,pm,4,False,False,30756396,1761534407,,1,737.054601,737.0546009,1.196478934e-07,1.623324693e-10,False,False,1.623324693e-10,0.0845440316521,,,
point,single,ETH,pm,4,False,False,30941121,1761903857,,1,242.4243992,242.424396,3.161682429e-06,1.304193158e-08,False,False,1.304193158e-08,0.00617179457162,,,
point,single,ETH,pm,4,False,False,30976076,1761973767,,1,37.07189373,37.07189414,4.07656529e-07,1.099637725e-08,False,False,1.099637725e-08,-0.00435015622822,,,
point,single,ETH,pm,4,False,False,31142710,1762307035,,1,62.38870829,62.38870829,2.888846495e-09,4.630399594e-11,False,False,4.630399594e-11,0.140334465462,,,
point,single,ETH,pm,4,False,False,31224236,1762470087,,1,77.53393161,77.53393176,1.455432255e-07,1.877155233e-09,False,False,1.877155233e-09,-0.118097529024,,,
point,single,ETH,pm,4,False,False,31939018,1763899651,,1,351.3329412,351.332941,2.234729095e-07,6.360716099e-10,False,False,6.360716099e-10,0.0304593026665,,,
point,single,ETH,pm,4,False,False,31981422,1763984459,,1,211.9590166,211.9590193,2.72708607e-06,1.286610079e-08,False,False,1.286610079e-08,0.103516310484,,,
point,single,ETH,pm,4,False,False,31992565,1764006745,,1,30.89999941,30.89999941,1.918465387e-13,6.208625965e-15,False,True,1e-13,-0.0912535697933,,,
point,single,ETH,pm,4,False,False,32874733,1765771081,,1,125.1653461,125.1653455,6.439527027e-07,5.144816218e-09,False,False,5.144816218e-09,0.0972397296203,,,
point,single,ETH,pm,4,False,False,33024043,1766069701,,1,43.95578891,43.95578892,1.157948759e-08,2.634348712e-10,False,False,2.634348712e-10,0.0296343869757,,,
point,single,ETH,pm,4,False,False,34656634,1769334883,,1,328.1496897,328.1496884,1.308391859e-06,3.987179936e-09,False,False,3.987179936e-09,-0.057386917641,,,
point,single,ETH,pm,4,False,False,35605464,1771232543,,1,106.7944731,106.7944736,5.236379792e-07,4.903231076e-09,False,False,4.903231076e-09,-0.0807252663054,,,
point,single,ETH,pm,4,False,False,37143678,1774308971,,1,46.1,46.1,7.105427358e-15,1.541307453e-16,False,True,1e-13,-0.11311979189,,,
point,single,ETH,pm,4,False,False,37515692,1775052999,,1,370.7838747,370.7838747,5.435350658e-08,1.465908048e-10,False,False,1.465908048e-10,-0.112886058071,,,
point,single,ETH,pm,4,False,False,37718311,1775458237,,1,331.5337357,331.5337346,1.054377265e-06,3.180301584e-09,False,False,3.180301584e-09,0.0500884194789,,,
point,single,ETH,pm,4,False,False,37791684,1775604983,,1,296.9474905,296.9474879,2.563782232e-06,8.633789859e-09,False,False,8.633789859e-09,0.0822865698301,,,
point,single,ETH,pm,4,False,False,38754832,1777531279,,1,387.3001308,387.3001307,6.32303454e-09,1.632592927e-11,False,False,1.632592927e-11,-0.194034712406,,,
point,single,ETH,pm,4,False,False,39041700,1778105015,,1,270.4905849,270.4905903,5.37366401e-06,1.986636249e-08,False,False,1.986636249e-08,0.110775584586,,,
point,single,ETH,pm,4,False,False,39103007,1778227629,,1,30.4999831,30.4999831,7.574385563e-12,2.483406479e-13,False,False,2.483406479e-13,-0.0197500697144,,,
point,single,ETH,pm,4,False,False,39672284,1779366183,,1,375.3794658,375.3794736,7.717357107e-06,2.05588153e-08,False,False,2.05588153e-08,0.184626444678,,,
point,single,ETH,pm,4,False,False,39821953,1779665521,,1,137.3629114,137.3629123,8.878075732e-07,6.46322624e-09,False,False,6.46322624e-09,0.0519577025106,,,
point,single,ETH,pm,4,False,False,41291730,1782605075,,1,267.5136055,267.5136054,9.786464261e-08,3.658305245e-10,False,False,3.658305245e-10,-0.0427759393727,,,
point,single,ETH,pm,4,False,False,41720537,1783462689,,1,104.0952546,104.0952549,3.086917673e-07,2.965473964e-09,False,False,2.965473964e-09,0.0748190439706,,,
point,single,ETH,pm,4,False,False,42480196,1784982007,,1,67.41719609,67.41719608,3.876593269e-09,5.750154995e-11,False,False,5.750154995e-11,0.197156428309,,,
point,single,ETH,pm,4,False,False,43157901,1786337417,,1,348.1640195,348.1640195,2.21564278e-09,6.363790215e-12,False,False,6.363790215e-12,-0.18933791347,,,
point,single,ETH,pm,4,False,False,43295778,1786613171,,1,302.5749553,302.5749532,2.171197821e-06,7.175735408e-09,False,False,7.175735408e-09,-0.0825371194238,,,
point,single,ETH,pm,4,False,False,43658213,1787338041,,1,236.6981304,236.6981314,1.030804725e-06,4.354933955e-09,False,False,4.354933955e-09,-0.195845914311,,,
point,single,ETH,pm,4,False,False,44100813,1788223241,,1,15.6,15.6,1.012523398e-13,6.490534606e-15,False,True,1e-13,0.0554314706092,,,
point,single,ETH,pm,4,False,False,44682057,1789385729,,1,77.14985633,77.14985652,1.831894565e-07,2.374462704e-09,False,False,2.374462704e-09,-0.14846912425,,,
point,single,ETH,pm,4,False,False,44834689,1789690993,,1,33.6,33.6,0,0,True,False,,-0.0540885155769,-0.423729208202,,
point,single,ETH,pm,4,True,True,2583984,1705189583,,1,17.20729366,17.20729379,1.284283435e-07,7.46359922e-09,False,False,7.46359922e-09,0.112062961625,,,
point,single,ETH,pm,4,True,True,2649060,1705319735,,1,299.4538488,299.4538595,1.066421356e-05,3.561221071e-08,False,False,3.561221071e-08,-0.166083728423,,,
point,single,ETH,pm,4,True,True,3029774,1706081163,,1,8.355190876,8.355190927,5.123163227e-08,6.131712971e-09,False,False,6.131712971e-09,-0.0926063497264,,,
point,single,ETH,pm,4,True,True,3584567,1707190749,,1,381.181029,381.18103,9.823875189e-07,2.577220387e-09,False,False,2.577220387e-09,0.0844969047245,,,
point,single,ETH,pm,4,True,True,3776286,1707574187,,1,376.4683601,376.46836,1.351820629e-07,3.590794797e-10,False,False,3.590794797e-10,0.0840717906012,,,
point,single,ETH,pm,4,True,True,3825922,1707673459,,1,316.916958,316.9169577,2.852970624e-07,9.002265585e-10,False,False,9.002265585e-10,0.170361482463,,,
point,single,ETH,pm,4,True,True,4426279,1708874173,,1,26.68460383,26.68460412,2.91220271e-07,1.091341932e-08,False,False,1.091341932e-08,-0.143433790878,,,
point,single,ETH,pm,4,True,True,4777021,1709575657,,1,1.918793162,1.918793002,1.595713059e-07,8.316232782e-08,False,False,8.316232782e-08,0.0512463541033,,,
point,single,ETH,pm,4,True,True,5115839,1710253293,,1,3.066112431,3.066112381,4.956309541e-08,1.616480039e-08,False,False,1.616480039e-08,0.00870340548954,,,
point,single,ETH,pm,4,True,True,5278869,1710579353,,1,328.8880218,328.8880266,4.819804076e-06,1.465484833e-08,False,False,1.465484833e-08,-0.0551606591084,,,
point,single,ETH,pm,4,True,True,5553221,1711128057,,1,621.0208465,621.0208414,5.051071753e-06,8.133497904e-09,False,False,8.133497904e-09,-0.110017382884,,,
point,single,ETH,pm,4,True,True,5554720,1711131055,,1,0.4000080483,0.4000080483,3.804401238e-12,9.510811731e-12,False,False,9.510811731e-12,-0.171307320881,,,
point,single,ETH,pm,4,True,True,5595541,1711212697,,1,942.1420574,942.1420576,1.132186753e-07,1.201715542e-10,False,False,1.201715542e-10,-0.105666294233,,,
point,single,ETH,pm,4,True,True,6408694,1712839003,,1,115.4676803,115.4676805,1.348631002e-07,1.167972716e-09,False,False,1.167972716e-09,-0.101051577927,,,
point,single,ETH,pm,4,True,True,6413215,1712848045,,1,4.847664204,4.84766419,1.309573783e-08,2.70145317e-09,False,False,2.70145317e-09,0.0935531969684,,,
point,single,ETH,pm,4,True,True,7673506,1715368627,,1,11.59084876,11.59084877,5.781792822e-09,4.988239378e-10,False,False,4.988239378e-10,-0.110549418072,,,
point,single,ETH,pm,4,True,True,8792987,1717607589,,1,20.62002416,20.62002416,1.940023253e-09,9.408443162e-11,False,False,9.408443162e-11,-0.199878105338,,,
point,single,ETH,pm,4,True,True,10132218,1720286051,,1,3.185995528,3.185995572,4.353933569e-08,1.366584959e-08,False,False,1.366584959e-08,-0.0680506293552,,,
point,single,ETH,pm,4,True,True,10435182,1720891979,,1,11.38011786,11.38011786,4.546320653e-09,3.994967986e-10,False,False,3.994967986e-10,0.0266395772992,,,
point,single,ETH,pm,4,True,True,10483819,1720989253,,1,17.36520146,17.36520133,1.358956858e-07,7.825747723e-09,False,False,7.825747723e-09,-0.096742967697,,,
point,single,ETH,pm,4,True,True,10635876,1721293367,,1,878.5042761,878.504276,1.085634267e-07,1.235775734e-10,False,False,1.235775734e-10,0.0804689756704,,,
point,single,ETH,pm,4,True,True,10941140,1721903895,,1,63.52924013,63.52924036,2.23923017e-07,3.524723679e-09,False,False,3.524723679e-09,-0.101473134393,,,
point,single,ETH,pm,4,True,True,11596869,1723215353,,1,14.14926874,14.14926845,2.867403541e-07,2.026538328e-08,False,False,2.026538328e-08,0.101041811858,,,
point,single,ETH,pm,4,True,True,12349665,1724720945,,1,817.0512243,817.0512246,3.153907073e-07,3.860109354e-10,False,False,3.860109354e-10,0.0970426164129,,,
point,single,ETH,pm,4,True,True,13029454,1726080523,,1,299.6120856,299.6120967,1.110912615e-05,3.707836461e-08,False,False,3.707836461e-08,0.0322586977828,,,
point,single,ETH,pm,4,True,True,13205509,1726432633,,1,155.5587151,155.5587154,2.906385816e-07,1.868352933e-09,False,False,1.868352933e-09,0.149000741821,,,
point,single,ETH,pm,4,True,True,13237413,1726496441,,1,27.75213569,27.75213577,8.001286034e-08,2.883124428e-09,False,False,2.883124428e-09,-0.0222758734239,,,
point,single,ETH,pm,4,True,True,13257297,1726536209,,1,506.8108395,506.8108394,1.839762263e-07,3.630076784e-10,False,False,3.630076784e-10,0.00556890836066,,,
point,single,ETH,pm,4,True,True,13297451,1726616517,,1,290.8054555,290.8054554,1.096796609e-07,3.771581958e-10,False,False,3.771581958e-10,0.00809102891308,,,
point,single,ETH,pm,4,True,True,13615536,1727252687,,1,53.35911328,53.35911275,5.299806105e-07,9.932335415e-09,False,False,9.932335415e-09,0.198726261617,,,
point,single,ETH,pm,4,True,True,14380149,1728781913,,1,524.0307008,524.030703,2.27484486e-06,4.341052646e-09,False,False,4.341052646e-09,-0.126061283276,,,
point,single,ETH,pm,4,True,True,14497762,1729017139,,1,8.91553964,8.915539756,1.155675484e-07,1.296248495e-08,False,False,1.296248495e-08,-0.0861503257694,,,
point,single,ETH,pm,4,True,True,14648346,1729318307,,1,622.7951514,622.7951515,1.097120048e-07,1.761606598e-10,False,False,1.761606598e-10,-0.171792562708,,,
point,single,ETH,pm,4,True,True,15097707,1730217029,,1,379.1606754,379.1606723,3.03768968e-06,8.01161586e-09,False,False,8.01161586e-09,-0.194918545871,,,
point,single,ETH,pm,4,True,True,15266715,1730555045,,1,36.4597761,36.4597766,4.972704133e-07,1.363887732e-08,False,False,1.363887732e-08,0.115280699237,,,
point,single,ETH,pm,4,True,True,15430810,1730883235,,1,603.3984546,603.3984549,2.709975888e-07,4.491187983e-10,False,False,4.491187983e-10,-0.0844294791625,,,
point,single,ETH,pm,4,True,True,16594441,1733210497,,1,282.8540428,282.8540427,6.729936786e-08,2.379296658e-10,False,False,2.379296658e-10,0.133349899677,,,
point,single,ETH,pm,4,True,True,17759076,1735539767,,1,677.6913048,677.6913051,2.632284577e-07,3.884194114e-10,False,False,3.884194114e-10,0.176732284783,,,
point,single,ETH,pm,4,True,True,18038116,1736097847,,1,1182.727034,1182.72704,5.212409633e-06,4.407111262e-09,False,False,4.407111262e-09,-0.0347554399662,,,
point,single,ETH,pm,4,True,True,18299466,1736620547,,1,11.96908436,11.96908436,3.88816801e-09,3.248509154e-10,False,False,3.248509154e-10,-0.104978732339,,,
point,single,ETH,pm,4,True,True,18655436,1737332487,,1,892.047323,892.047322,9.512971246e-07,1.066420021e-09,False,False,1.066420021e-09,0.113034322491,,,
point,single,ETH,pm,4,True,True,18754454,1737530523,,1,4.211871885,4.211871864,2.178030556e-08,5.171170005e-09,False,False,5.171170005e-09,-0.0353334787479,,,
point,single,ETH,pm,4,True,True,18918398,1737858411,,1,522.1879713,522.1879732,1.94069446e-06,3.716467186e-09,False,False,3.716467186e-09,-0.143272512113,,,
point,single,ETH,pm,4,True,True,19185849,1738393313,,1,936.7928852,936.7928851,4.170090051e-08,4.451453589e-11,False,False,4.451453589e-11,0.152250109664,,,
point,single,ETH,pm,4,True,True,19564306,1739150227,,1,25.91503891,25.91503872,1.880057745e-07,7.254697752e-09,False,False,7.254697752e-09,-0.197392753717,,,
point,single,ETH,pm,4,True,True,19825192,1739671999,,1,383.9253838,383.9253842,3.365782391e-07,8.766761804e-10,False,False,8.766761804e-10,-0.0485121759637,,,
point,single,ETH,pm,4,True,True,19839951,1739701517,,1,515.4262271,515.4262291,1.99791009e-06,3.876229002e-09,False,False,3.876229002e-09,-0.0677410345481,,,
point,single,ETH,pm,4,True,True,20340216,1740702047,,1,95.15154505,95.15154528,2.282531852e-07,2.398838454e-09,False,False,2.398838454e-09,0.075728344772,,,
point,single,ETH,pm,4,True,True,22735651,1745492917,,1,350.6139285,350.6139288,3.04465857e-07,8.683792406e-10,False,False,8.683792406e-10,-0.193216606889,,,
point,single,ETH,pm,4,True,True,22946986,1745915587,,1,15.11342913,15.1134292,7.25861522e-08,4.802758632e-09,False,False,4.802758632e-09,-0.0898866943983,,,
point,single,ETH,pm,4,True,True,23081870,1746185355,,1,172.321826,172.3218269,8.658567481e-07,5.024649333e-09,False,False,5.024649333e-09,-0.119110705606,,,
point,single,ETH,pm,4,True,True,23086988,1746195591,,1,10.08649958,10.08649952,6.666404495e-08,6.609234889e-09,False,False,6.609234889e-09,-0.015217431856,,,
point,single,ETH,pm,4,True,True,23139138,1746299891,,1,297.6645877,297.6645884,6.967273976e-07,2.340645903e-09,False,False,2.340645903e-09,-0.178583266038,,,
point,single,ETH,pm,4,True,True,23393061,1746807737,,1,455.5843523,455.5843534,1.029547889e-06,2.25984032e-09,False,False,2.25984032e-09,-0.150233715449,,,
point,single,ETH,pm,4,True,True,23485800,1746993215,,1,177.3000207,177.3000207,4.834572565e-08,2.726774958e-10,False,False,2.726774958e-10,0.0890875464752,,,
point,single,ETH,pm,4,True,True,23745824,1747513263,,1,402.5317802,402.5317821,1.906206194e-06,4.735542105e-09,False,False,4.735542105e-09,0.12844555722,,,
point,single,ETH,pm,4,True,True,23828015,1747677645,,1,34.03531051,34.03531078,2.712769032e-07,7.970454776e-09,False,False,7.970454776e-09,-0.0764025624062,,,
point,single,ETH,pm,4,True,True,24052982,1748127579,,1,497.5803714,497.5803721,6.860244639e-07,1.378720913e-09,False,False,1.378720913e-09,-0.0545486367686,,,
point,single,ETH,pm,4,True,True,25232516,1750486647,,1,255.7924369,255.7924366,3.213599769e-07,1.256331034e-09,False,False,1.256331034e-09,0.145127248229,,,
point,single,ETH,pm,4,True,True,25695407,1751412429,,1,290.361483,290.3614834,3.846878371e-07,1.324858357e-09,False,False,1.324858357e-09,-0.064687437263,,,
point,single,ETH,pm,4,True,True,25834747,1751691109,,1,432.5763734,432.5763751,1.655307301e-06,3.82662439e-09,False,False,3.82662439e-09,-0.130935996395,,,
point,single,ETH,pm,4,True,True,26155449,1752332513,,1,493.3418275,493.3418313,3.774930633e-06,7.651754671e-09,False,False,7.651754671e-09,-0.0264959860658,,,
point,single,ETH,pm,4,True,True,26494806,1753011227,,1,399.1617433,399.161747,3.676981976e-06,9.211759487e-09,False,False,9.211759487e-09,0.139855663148,,,
point,single,ETH,pm,4,True,True,26515955,1753053525,,1,897.2297215,897.2297237,2.154686854e-06,2.401488495e-09,False,False,2.401488495e-09,0.167027306968,,,
point,single,ETH,pm,4,True,True,26522328,1753066271,,1,335.1741136,335.1741149,1.371495671e-06,4.091890201e-09,False,False,4.091890201e-09,0.142520997933,,,
point,single,ETH,pm,4,True,True,26812534,1753646683,,1,835.8172964,835.8172812,1.521585114e-05,1.820475743e-08,False,False,1.820475743e-08,0.118732369548,,,
point,single,ETH,pm,4,True,True,27475402,1754972419,,1,57.02656945,57.02656939,5.921243229e-08,1.038330604e-09,False,False,1.038330604e-09,-0.000760385615224,,,
point,single,ETH,pm,4,True,True,28110945,1756243505,,1,69.61305621,69.61305563,5.766010958e-07,8.282944711e-09,False,False,8.282944711e-09,0.0436914218171,,,
point,single,ETH,pm,4,True,True,28338558,1756698731,,1,17.56563027,17.5656303,2.674372013e-08,1.522502735e-09,False,False,1.522502735e-09,0.0833010583584,,,
point,single,ETH,pm,4,True,True,30459172,1760939959,,1,48.19317963,48.19317959,3.852240127e-08,7.993330501e-10,False,False,7.993330501e-10,-0.170565561946,,,
point,single,ETH,pm,4,True,True,30756396,1761534407,,1,919.0773545,919.0773545,1.458568022e-08,1.586991579e-11,False,False,1.586991579e-11,0.138090892408,,,
point,single,ETH,pm,4,True,True,30941121,1761903857,,1,308.7754551,308.7754525,2.551762691e-06,8.264137091e-09,False,False,8.264137091e-09,0.124999679358,,,
point,single,ETH,pm,4,True,True,30976076,1761973767,,1,45.20911641,45.20911593,4.775592117e-07,1.056333876e-08,False,False,1.056333876e-08,-0.0195213597004,,,
point,single,ETH,pm,4,True,True,31142710,1762307035,,1,71.27785471,71.27785514,4.282320276e-07,6.007925314e-09,False,False,6.007925314e-09,-0.00586778841985,,,
point,single,ETH,pm,4,True,True,31224236,1762470087,,1,92.95645871,92.9564585,2.101571823e-07,2.26081313e-09,False,False,2.26081313e-09,0.00932584774725,,,
point,single,ETH,pm,4,True,True,31939018,1763899651,,1,437.8159964,437.8159961,2.499626248e-07,5.70930772e-10,False,False,5.70930772e-10,0.0331160290039,,,
point,single,ETH,pm,4,True,True,31981422,1763984459,,1,257.0011557,257.0011571,1.460534975e-06,5.682989911e-09,False,False,5.682989911e-09,0.0225321018481,,,
point,single,ETH,pm,4,True,True,31992565,1764006745,,1,34.14568809,34.14568802,7.409521174e-08,2.169972722e-09,False,False,2.169972722e-09,-0.132206104008,,,
point,single,ETH,pm,4,True,True,32874733,1765771081,,1,148.2133158,148.2133156,1.845541249e-07,1.245192605e-09,False,False,1.245192605e-09,0.0103266480954,,,
point,single,ETH,pm,4,True,True,33024043,1766069701,,1,51.19052608,51.19052593,1.512787406e-07,2.955209728e-09,False,False,2.955209728e-09,0.072476063745,,,
point,single,ETH,pm,4,True,True,34656634,1769334883,,1,410.2534302,410.2534286,1.521304e-06,3.708205437e-09,False,False,3.708205437e-09,0.086329119318,,,
point,single,ETH,pm,4,True,True,35605464,1771232543,,1,134.1146062,134.1146065,3.561016797e-07,2.655204305e-09,False,False,2.655204305e-09,0.14878053683,,,
point,single,ETH,pm,4,True,True,37143678,1774308971,,1,52.58088758,52.58088752,5.718532492e-08,1.08756865e-09,False,False,1.08756865e-09,0.142931463804,,,
point,single,ETH,pm,4,True,True,37515692,1775052999,,1,471.1452475,471.1452475,1.370835889e-09,2.909582335e-12,False,False,2.909582335e-12,-0.0695972707902,,,
point,single,ETH,pm,4,True,True,37718311,1775458237,,1,415.737565,415.7375639,1.114349175e-06,2.680414926e-09,False,False,2.680414926e-09,0.15922497456,,,
point,single,ETH,pm,4,True,True,37791684,1775604983,,1,367.2124553,367.2124523,2.97070585e-06,8.089883138e-09,False,False,8.089883138e-09,0.0645756059356,,,
point,single,ETH,pm,4,True,True,38754832,1777531279,,1,483.193345,483.193345,9.6858912e-09,2.004558072e-11,False,False,2.004558072e-11,0.0431862971821,,,
point,single,ETH,pm,4,True,True,39041700,1778105015,,1,339.6160848,339.616091,6.235178091e-06,1.835948994e-08,False,False,1.835948994e-08,0.0721518774021,,,
point,single,ETH,pm,4,True,True,39103007,1778227629,,1,38.26832481,38.26832505,2.380864501e-07,6.221501759e-09,False,False,6.221501759e-09,0.13804181933,,,
point,single,ETH,pm,4,True,True,39672284,1779366183,,1,472.0613476,472.0613559,8.329361208e-06,1.764465837e-08,False,False,1.764465837e-08,-0.0403388470817,,,
point,single,ETH,pm,4,True,True,39821953,1779665521,,1,171.5703144,171.5703154,1.013187557e-06,5.905377983e-09,False,False,5.905377983e-09,-0.152702571365,,,
point,single,ETH,pm,4,True,True,41291730,1782605075,,1,334.6286645,334.6286645,2.0798268e-08,6.215327677e-11,False,False,6.215327677e-11,0.155274073488,,,
point,single,ETH,pm,4,True,True,41720537,1783462689,,1,131.1499112,131.1499113,1.638757681e-07,1.249530149e-09,False,False,1.249530149e-09,0.14177019082,,,
point,single,ETH,pm,4,True,True,42480196,1784982007,,1,84.45066238,84.45066241,3.420061034e-08,4.049774079e-10,False,False,4.049774079e-10,0.193004601889,,,
point,single,ETH,pm,4,True,True,43157901,1786337417,,1,436.5332925,436.5332924,1.111009169e-07,2.545073166e-10,False,False,2.545073166e-10,0.0913813184329,,,
point,single,ETH,pm,4,True,True,43295778,1786613171,,1,376.3995976,376.3995954,2.241040193e-06,5.953885729e-09,False,False,5.953885729e-09,-0.103339890032,,,
point,single,ETH,pm,4,True,True,43658213,1787338041,,1,296.7840523,296.7840535,1.269139943e-06,4.276307752e-09,False,False,4.276307752e-09,0.019455616687,,,
point,single,ETH,pm,4,True,True,44100813,1788223241,,1,19.63658664,19.63658652,1.148514244e-07,5.848848707e-09,False,False,5.848848707e-09,-0.0951946827395,,,
point,single,ETH,pm,4,True,True,44682057,1789385729,,1,96.86186473,96.86186476,2.561782253e-08,2.644778995e-10,False,False,2.644778995e-10,-0.071010025941,,,
point,single,ETH,pm,4,True,True,44834689,1789690993,,1,56.19239783,56.19239782,1.602155209e-08,2.85119566e-10,False,False,2.85119566e-10,-0.110247867615,,,
point,single,ETH,pm2,5,False,False,25096115,1750213845,,1,318.2591552,318.2591586,3.463247936e-06,1.088184858e-08,False,False,1.088184858e-08,-0.0196192954831,,,
point,single,ETH,pm2,5,False,False,25211730,1750445075,,1,268.5684768,268.5684767,4.073467608e-08,1.516733332e-10,False,False,1.516733332e-10,0.00274992805949,,,
point,single,ETH,pm2,5,False,False,25482950,1750987515,,1,232.7550178,232.7550176,2.518787312e-07,1.082162411e-09,False,False,1.082162411e-09,0.0274697653967,,,
point,single,ETH,pm2,5,False,False,25560404,1751142423,,1,256.38103,256.3810301,1.122142521e-07,4.376854719e-10,False,False,4.376854719e-10,0.0521875461764,,,
point,single,ETH,pm2,5,False,False,26015222,1752052059,,1,285.1232612,285.1232616,3.921683174e-07,1.375434315e-09,False,False,1.375434315e-09,0.0438436294346,,,
point,single,ETH,pm2,5,False,False,26123503,1752268621,,1,75.88626044,75.88626015,2.963372197e-07,3.905018088e-09,False,False,3.905018088e-09,0.1578024855,,,
point,single,ETH,pm2,5,False,False,26163186,1752347987,,1,439.7816069,439.7816078,9.410564417e-07,2.139826739e-09,False,False,2.139826739e-09,0.194841062118,,,
point,single,ETH,pm2,5,False,False,26761601,1753544817,,1,26.27633939,26.2763398,4.108033735e-07,1.563396512e-08,False,False,1.563396512e-08,-0.191511837254,,,
point,single,ETH,pm2,5,False,False,27371870,1754765355,,1,388.7910516,388.7910525,8.922260122e-07,2.294872808e-09,False,False,2.294872808e-09,0.0674891006691,,,
point,single,ETH,pm2,5,False,False,27595578,1755212771,,1,106.9132998,106.9133024,2.559356048e-06,2.393861243e-08,False,False,2.393861243e-08,-0.0183869614469,,,
point,single,ETH,pm2,5,False,False,27805350,1755632315,,1,64.48974237,64.48973971,2.660417792e-06,4.125334811e-08,False,False,4.125334811e-08,0.178520679296,,,
point,single,ETH,pm2,5,False,False,27903676,1755828967,,1,-74.66781971,-74.66781958,1.357847736e-07,1.818517993e-09,False,False,1.818517993e-09,-0.0169686734655,,,
point,single,ETH,pm2,5,False,False,28114638,1756250891,,1,20.70526709,20.70526733,2.351973691e-07,1.135930138e-08,False,False,1.135930138e-08,0.0756900088537,,,
point,single,ETH,pm2,5,False,False,29013455,1758048525,,1,568.9041329,568.9041307,2.164589773e-06,3.804841006e-09,False,False,3.804841006e-09,0.112449914821,,,
point,single,ETH,pm2,5,False,False,29375269,1758772153,,1,403.306107,403.3061065,4.646033176e-07,1.151986815e-09,False,False,1.151986815e-09,0.00394478538962,,,
point,single,ETH,pm2,5,False,False,29586386,1759194387,,1,336.7666974,336.766697,3.870066507e-07,1.149183259e-09,False,False,1.149183259e-09,-0.0111797317822,,,
point,single,ETH,pm2,5,False,False,29784211,1759590037,,1,585.3874354,585.3874354,3.056129572e-09,5.220695537e-12,False,False,5.220695537e-12,0.165538468543,,,
point,single,ETH,pm2,5,False,False,29914900,1759851415,,1,549.4508241,549.4508227,1.377245439e-06,2.506585447e-09,False,False,2.506585447e-09,-0.154902966171,,,
point,single,ETH,pm2,5,False,False,30028467,1760078549,,1,753.5987226,753.5987224,1.600187716e-07,2.123394942e-10,False,False,2.123394942e-10,-0.192667489245,,,
point,single,ETH,pm2,5,False,False,30902556,1761826727,,1,5.209668881,5.209668838,4.301409806e-08,8.256589631e-09,False,False,8.256589631e-09,0.1540519054,,,
point,single,ETH,pm2,5,False,False,30979491,1761980597,,1,440.7577992,440.7577975,1.667782499e-06,3.783897873e-09,False,False,3.783897873e-09,-0.107449647289,,,
point,single,ETH,pm2,5,False,False,31394701,1762811017,,1,44.56577044,44.56577062,1.823401377e-07,4.091484021e-09,False,False,4.091484021e-09,-0.142885316805,,,
point,single,ETH,pm2,5,False,False,31515087,1763051789,,1,52.71289662,52.71289637,2.459405835e-07,4.66566247e-09,False,False,4.66566247e-09,-0.165891290711,,,
point,single,ETH,pm2,5,False,False,31887083,1763795781,,1,8.088738628,8.088738668,4.030710343e-08,4.983113596e-09,False,False,4.983113596e-09,0.0501377603762,,,
point,single,ETH,pm2,5,False,False,31936617,1763894849,,1,346.2735946,346.2735933,1.293046353e-06,3.73417544e-09,False,False,3.73417544e-09,-0.0615286838505,,,
point,single,ETH,pm2,5,False,False,32101704,1764225023,,1,200.1578318,200.1578267,5.044322762e-06,2.520172564e-08,False,False,2.520172564e-08,0.00618536859809,,,
point,single,ETH,pm2,5,False,False,32213551,1764448717,,1,344.1485875,344.1485831,4.468226507e-06,1.298342248e-08,False,False,1.298342248e-08,-0.0626077925631,,,
point,single,ETH,pm2,5,False,False,32491407,1765004429,,1,411.5372472,411.5372471,1.31373838e-07,3.192270904e-10,False,False,3.192270904e-10,0.0429078527345,,,
point,single,ETH,pm2,5,False,False,32581170,1765183955,,1,3.62667984,3.626679833,6.427664179e-09,1.772327435e-09,False,False,1.772327435e-09,-0.0481125490089,,,
point,single,ETH,pm2,5,False,False,32748983,1765519581,,1,25.02598021,25.02598031,1.009026782e-07,4.031917127e-09,False,False,4.031917127e-09,0.148275847797,,,
point,single,ETH,pm2,5,False,False,32756647,1765534909,,1,261.1970845,261.1970841,3.996458418e-07,1.530054757e-09,False,False,1.530054757e-09,0.0160767468017,,,
point,single,ETH,pm2,5,False,False,32770146,1765561907,,1,19.45481237,19.45481244,7.362142895e-08,3.78422714e-09,False,False,3.78422714e-09,0.164156403547,,,
point,single,ETH,pm2,5,False,False,32838221,1765698057,,1,336.5175455,336.5175363,9.24187475e-06,2.746327754e-08,False,False,2.746327754e-08,0.0452051516923,,,
point,single,ETH,pm2,5,False,False,32889233,1765800081,,1,274.5270633,274.527063,2.827254093e-07,1.029863526e-09,False,False,1.029863526e-09,0.00514967813233,,,
point,single,ETH,pm2,5,False,False,33111189,1766243993,,1,39.4466089,39.44660685,2.049468257e-06,5.19554992e-08,False,False,5.19554992e-08,0.151172960787,,,
point,single,ETH,pm2,5,False,False,33123333,1766268281,,1,333.5025862,333.5025857,4.660259947e-07,1.397368458e-09,False,False,1.397368458e-09,0.0241267424026,,,
point,single,ETH,pm2,5,False,False,33217954,1766457523,,1,428.583983,428.5839967,1.368147628e-05,3.192250951e-08,False,False,3.192250951e-08,-0.0320687033297,,,
point,single,ETH,pm2,5,False,False,33390529,1766802673,,1,390.5694434,390.5694437,2.618841677e-07,6.705188337e-10,False,False,6.705188337e-10,-0.129294157021,,,
point,single,ETH,pm2,5,False,False,33544024,1767109663,,1,4.237247865,4.237247897,3.218544009e-08,7.595836051e-09,False,False,7.595836051e-09,0.152996307166,,,
point,single,ETH,pm2,5,False,False,34234562,1768490739,,1,42.06833293,42.06833269,2.363360139e-07,5.617907756e-09,False,False,5.617907756e-09,-0.0885703939756,,,
point,single,ETH,pm2,5,False,False,34298232,1768618079,,1,6.172911788,6.172911776,1.27451214e-08,2.06468549e-09,False,False,2.06468549e-09,0.142253468296,,,
point,single,ETH,pm2,5,False,False,34561918,1769145451,,1,374.112022,374.1120219,1.171869712e-07,3.132403247e-10,False,False,3.132403247e-10,0.0114957168871,,,
point,single,ETH,pm2,5,False,False,34564514,1769150643,,1,323.3993511,323.399351,1.244619625e-07,3.848553254e-10,False,False,3.848553254e-10,-0.103876004983,,,
point,single,ETH,pm2,5,False,False,34706156,1769433927,,1,104.9191663,104.9191661,1.75070511e-07,1.668622781e-09,False,False,1.668622781e-09,-0.0318829679086,,,
point,single,ETH,pm2,5,False,False,34811922,1769645459,,1,279.7615783,279.7615735,4.762125798e-06,1.702208655e-08,False,False,1.702208655e-08,-0.0214962405477,,,
point,single,ETH,pm2,5,False,False,34869957,1769761529,,1,9.934822864,9.934822625,2.389171208e-07,2.404845301e-08,False,False,2.404845301e-08,0.183386591589,,,
point,single,ETH,pm2,5,False,False,35156408,1770334431,,1,258.0586082,258.0586091,8.859656191e-07,3.43319537e-09,False,False,3.43319537e-09,0.16908398783,,,
point,single,ETH,pm2,5,False,False,35345231,1770712077,,1,21.74875898,21.74875883,1.437017936e-07,6.607356021e-09,False,False,6.607356021e-09,-0.168606831646,,,
point,single,ETH,pm2,5,False,False,35378370,1770778355,,1,10.65401541,10.6540154,3.556753114e-09,3.338415591e-10,False,False,3.338415591e-10,-0.115065321521,,,
point,single,ETH,pm2,5,False,False,35599276,1771220167,,1,53.74232406,53.7423218,2.258235298e-06,4.201968073e-08,False,False,4.201968073e-08,0.0836927620822,,,
point,single,ETH,pm2,5,False,False,35694835,1771411285,,1,5.224703455,5.224703401,5.375768808e-08,1.02891367e-08,False,False,1.02891367e-08,-0.121540989937,,,
point,single,ETH,pm2,5,False,False,35729350,1771480315,,1,39.18534788,39.18534804,1.596116306e-07,4.073247763e-09,False,False,4.073247763e-09,-0.0409686828042,,,
point,single,ETH,pm2,5,False,False,36064406,1772150427,,1,151.6250131,151.6250179,4.743664306e-06,3.128549972e-08,False,False,3.128549972e-08,-0.137486432898,,,
point,single,ETH,pm2,5,False,False,36081369,1772184353,,1,237.7247527,237.7247529,1.798103995e-07,7.563806353e-10,False,False,7.563806353e-10,0.00591412441227,,,
point,single,ETH,pm2,5,False,False,36182685,1772386985,,1,3.125228705,3.125228745,3.988139419e-08,1.276111221e-08,False,False,1.276111221e-08,-0.0169512232158,,,
point,single,ETH,pm2,5,False,False,36709518,1773440651,,1,290.032044,290.0320457,1.690996498e-06,5.830378171e-09,False,False,5.830378171e-09,0.176729866092,,,
point,single,ETH,pm2,5,False,False,37275738,1774573091,,1,213.9300304,213.9300301,2.893311262e-07,1.352456809e-09,False,False,1.352456809e-09,0.144383755835,,,
point,single,ETH,pm2,5,False,False,37939977,1775901569,,1,19.77335032,19.77335041,8.732967771e-08,4.416534188e-09,False,False,4.416534188e-09,-0.150453286759,,,
point,single,ETH,pm2,5,False,False,38177943,1776377501,,1,188.4937273,188.4937291,1.851309918e-06,9.821599606e-09,False,False,9.821599606e-09,-0.162845038497,,,
point,single,ETH,pm2,5,False,False,38367884,1776757383,,1,26.27714935,26.27714944,9.375819232e-08,3.568050365e-09,False,False,3.568050365e-09,-0.0966593962555,,,
point,single,ETH,pm2,5,False,False,38419861,1776861337,,1,205.7196138,205.7196152,1.305214226e-06,6.344627049e-09,False,False,6.344627049e-09,-0.0605492807362,,,
point,single,ETH,pm2,5,False,False,38709483,1777440581,,1,27.02895186,27.02895199,1.351732202e-07,5.001052978e-09,False,False,5.001052978e-09,-0.145112354865,,,
point,single,ETH,pm2,5,False,False,38827244,1777676103,,1,335.75769,335.7576901,6.629272775e-08,1.974421725e-10,False,False,1.974421725e-10,-0.188348787185,,,
point,single,ETH,pm2,5,False,False,38922276,1777866167,,1,250.0737097,250.0737207,1.108719744e-05,4.433571786e-08,False,False,4.433571786e-08,-0.0145275668742,,,
point,single,ETH,pm2,5,False,False,39405375,1778832365,,1,-0.3593591435,-0.3593591866,4.307772983e-08,1.198737547e-07,False,False,1.198737547e-07,-0.175096737841,,,
point,single,ETH,pm2,5,False,False,39491298,1779004211,,1,178.1236363,178.1236417,5.478418558e-06,3.075626948e-08,False,False,3.075626948e-08,-0.0568018161908,,,
point,single,ETH,pm2,5,False,False,39690237,1779402089,,1,91.94543912,91.94543971,5.884221821e-07,6.399688639e-09,False,False,6.399688639e-09,0.00938064424088,,,
point,single,ETH,pm2,5,False,False,39952108,1779925831,,1,96.41146582,96.41146582,3.222950795e-09,3.342912347e-11,False,False,3.342912347e-11,0.0284199303618,,,
point,single,ETH,pm2,5,False,False,39992630,1780006875,,1,226.3426618,226.3426617,6.523271168e-08,2.882033425e-10,False,False,2.882033425e-10,0.0070375995546,,,
point,single,ETH,pm2,5,False,False,40186279,1780394173,,1,1.177389038,1.177389039,9.106091436e-10,7.734139812e-10,False,False,7.734139812e-10,0.0528812313733,,,
point,single,ETH,pm2,5,False,False,40247164,1780515943,,1,112.1025387,112.1025389,1.71833392e-07,1.532823377e-09,False,False,1.532823377e-09,-0.0986886000676,,,
point,single,ETH,pm2,5,False,False,40381149,1780783913,,1,139.6862895,139.6862896,7.108849331e-08,5.089153243e-10,False,False,5.089153243e-10,0.0585765421038,,,
point,single,ETH,pm2,5,False,False,40382421,1780786457,,1,174.2257279,174.2257299,1.963823564e-06,1.127171967e-08,False,False,1.127171967e-08,0.136144653261,,,
point,single,ETH,pm2,5,False,False,40518759,1781059133,,1,68.75694502,68.75694469,3.322156772e-07,4.831739937e-09,False,False,4.831739937e-09,-0.0919224307394,,,
point,single,ETH,pm2,5,False,False,40612110,1781245835,,1,0.9038404557,0.9038404565,8.300526932e-10,9.183619609e-10,False,False,9.183619609e-10,0.141195310402,,,
point,single,ETH,pm2,5,False,False,40685742,1781393099,,1,66.46067632,66.46067625,6.820131659e-08,1.026190529e-09,False,False,1.026190529e-09,0.0507176425064,,,
point,single,ETH,pm2,5,False,False,40709960,1781441535,,1,213.2445279,213.2445278,1.000142618e-07,4.690120903e-10,False,False,4.690120903e-10,0.136291835326,,,
point,single,ETH,pm2,5,False,False,40713257,1781448129,,1,283.9630815,283.9630806,9.263510492e-07,3.262223541e-09,False,False,3.262223541e-09,0.00337643146732,,,
point,single,ETH,pm2,5,False,False,40815507,1781652629,,1,212.8273565,212.8273565,9.714767657e-09,4.56462356e-11,False,False,4.56462356e-11,-0.174613966943,,,
point,single,ETH,pm2,5,False,False,41498798,1783019211,,1,277.9652167,277.9652167,2.730644155e-09,9.823690128e-12,False,False,9.823690128e-12,-0.00392025221293,,,
point,single,ETH,pm2,5,False,False,41585445,1783192505,,1,208.2028917,208.2028916,7.507597388e-08,3.605904475e-10,False,False,3.605904475e-10,-0.00996645711944,,,
point,single,ETH,pm2,5,False,False,41854408,1783730431,,1,66.90424763,66.90424779,1.597646957e-07,2.387960426e-09,False,False,2.387960426e-09,-0.164892739791,,,
point,single,ETH,pm2,5,False,False,42001382,1784024379,,1,9.294021379,9.294021472,9.336278417e-08,1.00454669e-08,False,False,1.00454669e-08,0.098950936647,,,
point,single,ETH,pm2,5,False,False,42057175,1784135965,,1,19.74409278,19.7440931,3.123360202e-07,1.581921355e-08,False,False,1.581921355e-08,-0.15007579623,,,
point,single,ETH,pm2,5,False,False,42272915,1784567445,,1,214.0663713,214.0663713,1.824531637e-08,8.523205331e-11,False,False,8.523205331e-11,-0.0200158633241,,,
point,single,ETH,pm2,5,False,False,42513355,1785048325,,1,250.6249088,250.6249089,5.293878758e-08,2.112271595e-10,False,False,2.112271595e-10,0.0161284319442,,,
point,single,ETH,pm2,5,False,False,42551063,1785123741,,1,267.7911965,267.7911968,3.287603931e-07,1.227674387e-09,False,False,1.227674387e-09,0.176603514108,,,
point,single,ETH,pm2,5,False,False,42620629,1785262873,,1,89.04548833,89.04548716,1.165543154e-06,1.308930049e-08,False,False,1.308930049e-08,-0.154930661256,,,
point,single,ETH,pm2,5,False,False,42800871,1785623357,,1,218.0967066,218.0967056,9.758493889e-07,4.474388467e-09,False,False,4.474388467e-09,-0.0438605940524,,,
point,single,ETH,pm2,5,False,False,42842994,1785707603,,1,233.7817462,233.7817447,1.485101222e-06,6.352511462e-09,False,False,6.352511462e-09,0.0886998394506,,,
point,single,ETH,pm2,5,False,False,42861656,1785744927,,1,50.82093531,50.82093512,1.834173133e-07,3.609089684e-09,False,False,3.609089684e-09,-0.174166335742,,,
point,single,ETH,pm2,5,False,False,43257942,1786537499,,1,259.6308015,259.6308014,2.77059371e-08,1.067128282e-10,False,False,1.067128282e-10,0.161816719469,,,
point,single,ETH,pm2,5,False,False,43734027,1787489669,,1,2.869265467,2.869265469,1.563790875e-09,5.450143573e-10,False,False,5.450143573e-10,0.167317013046,,,
point,single,ETH,pm2,5,False,False,43827476,1787676567,,1,23.76866623,23.76866631,7.930049861e-08,3.336346172e-09,False,False,3.336346172e-09,-0.158253053156,,,
point,single,ETH,pm2,5,False,False,43833441,1787688497,,1,69.36930652,69.36930614,3.792940362e-07,5.467750151e-09,False,False,5.467750151e-09,-0.175634558697,,,
point,single,ETH,pm2,5,False,False,44224703,1788471021,,1,55.81455929,55.8145592,9.200651618e-08,1.64843219e-09,False,False,1.64843219e-09,0.176022447997,,,
point,single,ETH,pm2,5,False,False,44526148,1789073911,,1,54.99444837,54.99444885,4.826716236e-07,8.776733614e-09,False,False,8.776733614e-09,-0.162886086797,,,
point,single,ETH,pm2,5,False,False,44706322,1789434259,,1,5.593276392,5.593276314,7.795867063e-08,1.393792568e-08,False,False,1.393792568e-08,-0.10310638479,,,
point,single,ETH,pm2,5,False,False,44733666,1789488947,,1,3.187591663,3.187591548,1.149616127e-07,3.606535115e-08,False,False,3.606535115e-08,0.066670280797,,,
point,single,ETH,pm2,5,False,False,45362494,1790746603,,1,13.24065303,13.24065305,1.529183002e-08,1.154915093e-09,False,False,1.154915093e-09,0.0905715514817,,,
point,single,ETH,pm2,5,True,True,25096115,1750213845,,1,402.9160569,402.9160605,3.593496103e-06,8.918721509e-09,False,False,8.918721509e-09,-0.105746231545,,,
point,single,ETH,pm2,5,True,True,25211730,1750445075,,1,338.3423098,338.3423098,4.050372127e-08,1.197122562e-10,False,False,1.197122562e-10,0.0289847204116,,,
point,single,ETH,pm2,5,True,True,25482950,1750987515,,1,293.4252631,293.4252629,2.391637963e-07,8.150756815e-10,False,False,8.150756815e-10,0.0313469446373,,,
point,single,ETH,pm2,5,True,True,25560404,1751142423,,1,324.0057463,324.0057464,1.115780037e-07,3.443704471e-10,False,False,3.443704471e-10,0.0855186560103,,,
point,single,ETH,pm2,5,True,True,26015222,1752052059,,1,360.3070095,360.3070099,3.899448302e-07,1.082257131e-09,False,False,1.082257131e-09,0.119998447906,,,
point,single,ETH,pm2,5,True,True,26123503,1752268621,,1,88.19197712,88.19197712,1.885680945e-09,2.138154746e-11,False,False,2.138154746e-11,0.171603140933,,,
point,single,ETH,pm2,5,True,True,26163186,1752347987,,1,547.0973452,547.0973461,9.244686225e-07,1.689769893e-09,False,False,1.689769893e-09,0.0193936247945,,,
point,single,ETH,pm2,5,True,True,26761601,1753544817,,1,35.49980519,35.49980519,9.232081766e-11,2.600600684e-12,False,False,2.600600684e-12,-0.140967118594,,,
point,single,ETH,pm2,5,True,True,27371870,1754765355,,1,490.7196284,490.7196293,8.472179616e-07,1.726480688e-09,False,False,1.726480688e-09,-0.0793029103065,,,
point,single,ETH,pm2,5,True,True,27595578,1755212771,,1,142.7935213,142.7935224,1.142276858e-06,7.999500592e-09,False,False,7.999500592e-09,-0.0681240029709,,,
point,single,ETH,pm2,5,True,True,27805350,1755632315,,1,86.61597481,86.61597309,1.713327734e-06,1.978073603e-08,False,False,1.978073603e-08,0.0155715720515,,,
point,single,ETH,pm2,5,True,True,27903676,1755828967,,1,35.55695627,35.55695643,1.583551068e-07,4.45356193e-09,False,False,4.45356193e-09,0.000711112123688,,,
point,single,ETH,pm2,5,True,True,28114638,1756250891,,1,21.55625061,21.55625077,1.61918468e-07,7.5114393e-09,False,False,7.5114393e-09,0.17143301302,,,
point,single,ETH,pm2,5,True,True,29013455,1758048525,,1,717.9059171,717.9059151,2.005043598e-06,2.792905797e-09,False,False,2.792905797e-09,0.193073735005,,,
point,single,ETH,pm2,5,True,True,29375269,1758772153,,1,520.2585756,520.2585751,4.730445653e-07,9.092489534e-10,False,False,9.092489534e-10,0.133189590674,,,
point,single,ETH,pm2,5,True,True,29586386,1759194387,,1,426.0185467,426.0185464,3.674898608e-07,8.626146997e-10,False,False,8.626146997e-10,0.120095148763,,,
point,single,ETH,pm2,5,True,True,29784211,1759590037,,1,736.9633641,736.9633641,3.410605132e-13,4.627916797e-16,False,True,1e-13,-0.0128247985263,,,
point,single,ETH,pm2,5,True,True,29914900,1759851415,,1,689.7180598,689.7180584,1.465718128e-06,2.125097505e-09,False,False,2.125097505e-09,0.0239458866106,,,
point,single,ETH,pm2,5,True,True,30028467,1760078549,,1,912.0079689,912.0079688,9.048790162e-08,9.921832342e-11,False,False,9.921832342e-11,0.114964265701,,,
point,single,ETH,pm2,5,True,True,30902556,1761826727,,1,12.1,12.1,0,0,True,False,,0.165143583279,-0.248034372176,,
point,single,ETH,pm2,5,True,True,30979491,1761980597,,1,555.1373237,555.137322,1.71108411e-06,3.082271786e-09,False,False,3.082271786e-09,-0.101264414791,,,
point,single,ETH,pm2,5,True,True,31394701,1762811017,,1,54.55266861,54.55266864,2.891717088e-08,5.300780258e-10,False,False,5.300780258e-10,-0.107214072266,,,
point,single,ETH,pm2,5,True,True,31515087,1763051789,,1,73.90200071,73.90200066,4.585136537e-08,6.204346964e-10,False,False,6.204346964e-10,-0.188989239419,,,
point,single,ETH,pm2,5,True,True,31887083,1763795781,,1,13.3,13.3,0,0,True,False,,-0.128319865701,0.0936609197737,,
point,single,ETH,pm2,5,True,True,31936617,1763894849,,1,436.7773361,436.7773349,1.215609586e-06,2.783133386e-09,False,False,2.783133386e-09,-0.0137246426851,,,
point,single,ETH,pm2,5,True,True,32101704,1764225023,,1,251.4529242,251.4529199,4.279477736e-06,1.701900166e-08,False,False,1.701900166e-08,0.18773941878,,,
point,single,ETH,pm2,5,True,True,32213551,1764448717,,1,433.5432034,433.5431986,4.838488735e-06,1.116033811e-08,False,False,1.116033811e-08,0.0857653809033,,,
point,single,ETH,pm2,5,True,True,32491407,1765004429,,1,516.9240944,516.9240943,3.509740054e-08,6.789662336e-11,False,False,6.789662336e-11,-0.0771586354387,,,
point,single,ETH,pm2,5,True,True,32581170,1765183955,,1,4.462446298,4.462446356,5.758757293e-08,1.290493355e-08,False,False,1.290493355e-08,-0.0625302267344,,,
point,single,ETH,pm2,5,True,True,32748983,1765519581,,1,45.5976761,45.59767611,1.460271193e-08,3.202512316e-10,False,False,3.202512316e-10,0.11075126801,,,
point,single,ETH,pm2,5,True,True,32756647,1765534909,,1,333.1532553,333.1532549,3.794762051e-07,1.139043966e-09,False,False,1.139043966e-09,0.172925576403,,,
point,single,ETH,pm2,5,True,True,32770146,1765561907,,1,21.49965808,21.49965808,5.59694513e-11,2.603271693e-12,False,False,2.603271693e-12,-0.0969567116357,,,
point,single,ETH,pm2,5,True,True,32838221,1765698057,,1,424.2493886,424.2493795,9.189480124e-06,2.166056185e-08,False,False,2.166056185e-08,-0.17523107296,,,
point,single,ETH,pm2,5,True,True,32889233,1765800081,,1,346.9510216,346.9510213,2.684593028e-07,7.737671489e-10,False,False,7.737671489e-10,-0.0571700896784,,,
point,single,ETH,pm2,5,True,True,33111189,1766243993,,1,48.72717051,48.72716946,1.052358492e-06,2.159695465e-08,False,False,2.159695465e-08,0.0532751243606,,,
point,single,ETH,pm2,5,True,True,33123333,1766268281,,1,421.2110824,421.2110819,4.97928113e-07,1.182134407e-09,False,False,1.182134407e-09,-0.172367533949,,,
point,single,ETH,pm2,5,True,True,33217954,1766457523,,1,531.174811,531.1748259,1.482209757e-05,2.790436832e-08,False,False,2.790436832e-08,0.111135437832,,,
point,single,ETH,pm2,5,True,True,33390529,1766802673,,1,490.8462255,490.8462255,5.288222837e-08,1.077368545e-10,False,False,1.077368545e-10,-0.0797837326657,,,
point,single,ETH,pm2,5,True,True,33544024,1767109663,,1,5.6,5.6,0,0,True,False,,0.166722024229,0.557719927001,,
point,single,ETH,pm2,5,True,True,34234562,1768490739,,1,56.6,56.6,7.105427358e-15,1.255375858e-16,False,True,1e-13,-0.185060823311,,,
point,single,ETH,pm2,5,True,True,34298232,1768618079,,1,7.5,7.5,1.776356839e-15,2.368475786e-16,False,True,1e-13,0.179059009746,,,
point,single,ETH,pm2,5,True,True,34561918,1769145451,,1,470.1610439,470.1610438,7.991485518e-08,1.69973366e-10,False,False,1.69973366e-10,0.172032834641,,,
point,single,ETH,pm2,5,True,True,34564514,1769150643,,1,406.600468,406.6004679,1.335093316e-07,3.283550859e-10,False,False,3.283550859e-10,0.117386568607,,,
point,single,ETH,pm2,5,True,True,34706156,1769433927,,1,136.3800349,136.3800347,1.763398529e-07,1.293003431e-09,False,False,1.293003431e-09,0.0634862824279,,,
point,single,ETH,pm2,5,True,True,34811922,1769645459,,1,318.9035995,318.9035954,4.025113526e-06,1.262172498e-08,False,False,1.262172498e-08,-0.105884359009,,,
point,single,ETH,pm2,5,True,True,34869957,1769761529,,1,12.79999976,12.79999976,2.078337502e-13,1.623701205e-14,False,True,1e-13,-0.010652646988,,,
point,single,ETH,pm2,5,True,True,35156408,1770334431,,1,319.9539708,319.9539717,9.109455164e-07,2.847114271e-09,False,False,2.847114271e-09,-0.183091962742,,,
point,single,ETH,pm2,5,True,True,35345231,1770712077,,1,30.12323078,30.12323078,3.907985047e-14,1.297332639e-15,False,True,1e-13,-0.1859563303,,,
point,single,ETH,pm2,5,True,True,35378370,1770778355,,1,11.65091529,11.65091529,0,0,True,False,,-0.102237654807,0.522725984537,,
point,single,ETH,pm2,5,True,True,35599276,1771220167,,1,66.90968028,66.90967902,1.261365e-06,1.88517565e-08,False,False,1.88517565e-08,0.120311243257,,,
point,single,ETH,pm2,5,True,True,35694835,1771411285,,1,5.7,5.7,0,0,True,False,,0.0117471777323,0.131542201482,,
point,single,ETH,pm2,5,True,True,35729350,1771480315,,1,49.82635835,49.82635837,1.884708922e-08,3.782554023e-10,False,False,3.782554023e-10,-0.0498690479805,,,
point,single,ETH,pm2,5,True,True,36064406,1772150427,,1,193.6740753,193.6740808,5.543994291e-06,2.86253815e-08,False,False,2.86253815e-08,-0.11460179062,,,
point,single,ETH,pm2,5,True,True,36081369,1772184353,,1,305.3903324,305.3903326,1.504895977e-07,4.927778705e-10,False,False,4.927778705e-10,-0.171007679316,,,
point,single,ETH,pm2,5,True,True,36182685,1772386985,,1,3.735692441,3.735692454,1.329826915e-08,3.559786937e-09,False,False,3.559786937e-09,-0.186557870249,,,
point,single,ETH,pm2,5,True,True,36709518,1773440651,,1,364.3265295,364.326531,1.470948121e-06,4.037444439e-09,False,False,4.037444439e-09,-0.105809289696,,,
point,single,ETH,pm2,5,True,True,37275738,1774573091,,1,283.6067253,283.6067251,1.826600737e-07,6.440611504e-10,False,False,6.440611504e-10,-0.126067711972,,,
point,single,ETH,pm2,5,True,True,37939977,1775901569,,1,29.19839443,29.19839443,1.844782105e-10,6.318094336e-12,False,False,6.318094336e-12,-0.0508692980578,,,
point,single,ETH,pm2,5,True,True,38177943,1776377501,,1,238.8257416,238.8257437,2.118878371e-06,8.872068633e-09,False,False,8.872068633e-09,0.0245456110997,,,
point,single,ETH,pm2,5,True,True,38367884,1776757383,,1,32,32,4.618527782e-14,1.443289932e-15,False,True,1e-13,-0.168512479226,,,
point,single,ETH,pm2,5,True,True,38419861,1776861337,,1,260.076526,260.0765275,1.553351296e-06,5.972670124e-09,False,False,5.972670124e-09,0.122222918957,,,
point,single,ETH,pm2,5,True,True,38709483,1777440581,,1,36.3,36.3,0,0,True,False,,0.16629105325,-0.498421250555,,
point,single,ETH,pm2,5,True,True,38827244,1777676103,,1,422.163307,422.163307,1.377100034e-08,3.26200788e-11,False,False,3.26200788e-11,0.164162285621,,,
point,single,ETH,pm2,5,True,True,38922276,1777866167,,1,315.0799866,315.079999,1.245455962e-05,3.952824728e-08,False,False,3.952824728e-08,-0.0920705608595,,,
point,single,ETH,pm2,5,True,True,39405375,1778832365,,1,1.9,1.9,0,0,True,False,,0.0761375323458,0.514626404304,,
point,single,ETH,pm2,5,True,True,39491298,1779004211,,1,225.1557984,225.1558043,5.981347044e-06,2.656536979e-08,False,False,2.656536979e-08,0.0540939673962,,,
point,single,ETH,pm2,5,True,True,39690237,1779402089,,1,113.1870287,113.1870292,4.562479461e-07,4.030920779e-09,False,False,4.030920779e-09,-0.168488747558,,,
point,single,ETH,pm2,5,True,True,39952108,1779925831,,1,132.0525351,132.0525351,5.400124792e-13,4.089376085e-15,False,True,1e-13,-0.0774930781518,,,
point,single,ETH,pm2,5,True,True,39992630,1780006875,,1,292.332734,292.332734,4.101480044e-08,1.403017715e-10,False,False,1.403017715e-10,-0.0715804051326,,,
point,single,ETH,pm2,5,True,True,40186279,1780394173,,1,1.348218411,1.348218411,0,0,True,False,,0.129582047362,-0.438788773673,,
point,single,ETH,pm2,5,True,True,40247164,1780515943,,1,142.8448021,142.8448023,1.768968048e-07,1.238384611e-09,False,False,1.238384611e-09,-0.0763761701137,,,
point,single,ETH,pm2,5,True,True,40381149,1780783913,,1,175.0622417,175.0622417,7.264227975e-08,4.149511571e-10,False,False,4.149511571e-10,0.185495407883,,,
point,single,ETH,pm2,5,True,True,40382421,1780786457,,1,209.3160355,209.3160374,1.887484956e-06,9.017393011e-09,False,False,9.017393011e-09,-0.0619334527896,,,
point,single,ETH,pm2,5,True,True,40518759,1781059133,,1,87.55653488,87.55653487,1.716578879e-08,1.960537704e-10,False,False,1.960537704e-10,0.111519924167,,,
point,single,ETH,pm2,5,True,True,40612110,1781245835,,1,1.1,1.1,0,0,True,False,,0.125504745471,-0.43348488826,,
point,single,ETH,pm2,5,True,True,40685742,1781393099,,1,80.60671894,80.60671892,1.96668708e-08,2.439855022e-10,False,False,2.439855022e-10,-0.171219954747,,,
point,single,ETH,pm2,5,True,True,40709960,1781441535,,1,268.7567036,268.7567035,8.797849205e-08,3.273536655e-10,False,False,3.273536655e-10,-0.175741309281,,,
point,single,ETH,pm2,5,True,True,40713257,1781448129,,1,359.4662985,359.4662975,9.886784937e-07,2.750406639e-09,False,False,2.750406639e-09,-0.0887023628286,,,
point,single,ETH,pm2,5,True,True,40815507,1781652629,,1,269.4944697,269.4944697,2.877072802e-09,1.067581389e-11,False,False,1.067581389e-11,0.113864259021,,,
point,single,ETH,pm2,5,True,True,41498798,1783019211,,1,342.5045327,342.5045327,2.466606475e-09,7.20167542e-12,False,False,7.20167542e-12,-0.081435044238,,,
point,single,ETH,pm2,5,True,True,41585445,1783192505,,1,262.5918396,262.5918395,7.219978215e-08,2.749505936e-10,False,False,2.749505936e-10,-0.161531125341,,,
point,single,ETH,pm2,5,True,True,41854408,1783730431,,1,85.20340149,85.20340162,1.318747564e-07,1.547763988e-09,False,False,1.547763988e-09,0.00266965203239,,,
point,single,ETH,pm2,5,True,True,42001382,1784024379,,1,10.22154854,10.22154854,0,0,True,False,,-0.0086334634765,-0.504368385635,,
point,single,ETH,pm2,5,True,True,42057175,1784135965,,1,27.04052811,27.04052817,6.224590621e-08,2.301948614e-09,False,False,2.301948614e-09,0.001601276051,,,
point,single,ETH,pm2,5,True,True,42272915,1784567445,,1,271.06548,271.06548,8.398444606e-09,3.098308426e-11,False,False,3.098308426e-11,-0.125417767603,,,
point,single,ETH,pm2,5,True,True,42513355,1785048325,,1,316.8669769,316.8669769,4.665139386e-10,1.472270614e-12,False,False,1.472270614e-12,0.0605394062587,,,
point,single,ETH,pm2,5,True,True,42551063,1785123741,,1,334.1217442,334.1217444,2.49225991e-07,7.459137134e-10,False,False,7.459137134e-10,0.00231249023148,,,
point,single,ETH,pm2,5,True,True,42620629,1785262873,,1,108.287837,108.2878362,8.134878584e-07,7.512273595e-09,False,False,7.512273595e-09,-0.0342077155025,,,
point,single,ETH,pm2,5,True,True,42800871,1785623357,,1,275.0101363,275.0101353,9.271486192e-07,3.37132526e-09,False,False,3.37132526e-09,-0.129045807092,,,
point,single,ETH,pm2,5,True,True,42842994,1785707603,,1,295.0935992,295.0935976,1.552628532e-06,5.261478178e-09,False,False,5.261478178e-09,0.173098883801,,,
point,single,ETH,pm2,5,True,True,42861656,1785744927,,1,60.76822749,60.76822747,1.50958428e-08,2.484167043e-10,False,False,2.484167043e-10,0.0798547903942,,,
point,single,ETH,pm2,5,True,True,43257942,1786537499,,1,327.8912905,327.8912905,3.063860277e-11,9.344134369e-14,False,True,1e-13,-0.0100702706352,,,
point,single,ETH,pm2,5,True,True,43734027,1787489669,,1,3.999996091,3.999996091,1.358912982e-13,3.397285775e-14,False,True,1e-13,0.0494916841836,,,
point,single,ETH,pm2,5,True,True,43827476,1787676567,,1,34.4,34.4,0,0,True,False,,0.0741085809995,0.365233004798,,
point,single,ETH,pm2,5,True,True,43833441,1787688497,,1,83.92390666,83.92390661,5.701453176e-08,6.793598395e-10,False,False,6.793598395e-10,0.000471586092852,,,
point,single,ETH,pm2,5,True,True,44224703,1788471021,,1,69.45224997,69.4522499,6.935063368e-08,9.985368898e-10,False,False,9.985368898e-10,0.163282066559,,,
point,single,ETH,pm2,5,True,True,44526148,1789073911,,1,71.074315,71.07431514,1.364659283e-07,1.920045636e-09,False,False,1.920045636e-09,-0.182814319466,,,
point,single,ETH,pm2,5,True,True,44706322,1789434259,,1,8.2,8.2,0,0,True,False,,0.0373890955215,-0.338030549906,,
point,single,ETH,pm2,5,True,True,44733666,1789488947,,1,3.91564827,3.915648207,6.321827684e-08,1.614503461e-08,False,False,1.614503461e-08,0.110663541256,,,
point,single,ETH,pm2,5,True,True,45362494,1790746603,,1,25,25,0,0,True,False,,0.122838507258,-0.558031451382,,
point,single,HYPE,sm,6,False,False,31421212,1762864039,,1,8.237037461,8.237037466,4.027569389e-09,4.889584888e-10,False,False,4.889584888e-10,-0.0467779103173,,,
point,single,HYPE,sm,6,False,False,31436575,1762894765,,1,0.03,0.03,0,0,True,False,,0.174826776903,0.147557393905,,
point,single,HYPE,sm,6,False,False,31785432,1763592479,,1,5.924086515,5.924086503,1.256168325e-08,2.120442235e-09,False,False,2.120442235e-09,-0.00744935363875,,,
point,single,HYPE,sm,6,False,False,31911806,1763845227,,1,4.900415962,4.90041597,7.97856714e-09,1.628140795e-09,False,False,1.628140795e-09,-0.0545629786937,,,
point,single,HYPE,sm,6,False,False,31949924,1763921463,,1,0.14,0.14,0,0,True,False,,0.170448912652,0.539676843619,,
point,single,HYPE,sm,6,False,False,31956446,1763934507,,1,5.748499338,5.748499338,3.279092553e-10,5.704258382e-11,False,False,5.704258382e-11,0.116904808923,,,
point,single,HYPE,sm,6,False,False,32081953,1764185521,,1,0.75,0.75,0,0,True,False,,-0.0806265390593,-0.184134944017,,
point,single,HYPE,sm,6,False,False,32111032,1764243679,,1,6.113856418,6.113856425,7.110236844e-09,1.162970858e-09,False,False,1.162970858e-09,0.0554540071772,,,
point,single,HYPE,sm,6,False,False,32174511,1764370637,,1,0.39,0.39,0,0,True,False,,0.130835386621,0.121228284446,,
point,single,HYPE,sm,6,False,False,32280669,1764582953,,1,5.226545067,5.226545101,3.385534253e-08,6.477575932e-09,False,False,6.477575932e-09,0.166155211861,,,
point,single,HYPE,sm,6,False,False,32319651,1764660917,,1,0.8,0.8,0,0,True,False,,-0.0846699840848,0.55447854492,,
point,single,HYPE,sm,6,False,False,32487818,1764997251,,1,1.2,1.2,0,0,True,False,,0.0388543338495,0.387115996595,,
point,single,HYPE,sm,6,False,False,32512913,1765047441,,1,1.2,1.2,0,0,True,False,,-0.068062019786,0.0166827934137,,
point,single,HYPE,sm,6,False,False,32718725,1765459065,,1,0.12,0.12,0,0,True,False,,0.132202615178,-0.368028646934,,
point,single,HYPE,sm,6,False,False,32756826,1765535267,,1,5.15966232,5.159662319,8.616787284e-10,1.670029306e-10,False,False,1.670029306e-10,-0.121004151268,,,
point,single,HYPE,sm,6,False,False,33059007,1766139629,,1,0.53,0.53,0,0,True,False,,0.094195405606,-0.121245290612,,
point,single,HYPE,sm,6,False,False,33134592,1766290799,,1,3.804146776,3.804146769,7.28532612e-09,1.915101217e-09,False,False,1.915101217e-09,-0.178667613638,,,
point,single,HYPE,sm,6,False,False,33287744,1766597103,,1,3.781548849,3.781548868,1.879917022e-08,4.971288478e-09,False,False,4.971288478e-09,0.164546987573,,,
point,single,HYPE,sm,6,False,False,33288215,1766598045,,1,0.62,0.62,0,0,True,False,,0.195334318829,-0.11782330865,,
point,single,HYPE,sm,6,False,False,33406064,1766833743,,1,0.41,0.41,0,0,True,False,,0.160376961586,0.472846406708,,
point,single,HYPE,sm,6,False,False,34028521,1768078657,,1,4.191123006,4.191122995,1.122558224e-08,2.678418702e-09,False,False,2.678418702e-09,0.115639798417,,,
point,single,HYPE,sm,6,False,False,34095510,1768212635,,1,4.664986054,4.664986055,7.234248756e-10,1.550754637e-10,False,False,1.550754637e-10,-0.116385602814,,,
point,single,HYPE,sm,6,False,False,34208427,1768438469,,1,0.3,0.3,0,0,True,False,,-0.126718417906,0.452043572039,,
point,single,HYPE,sm,6,False,False,34213915,1768449445,,1,1.19,1.19,0,0,True,False,,0.0614853147727,-0.321688530048,,
point,single,HYPE,sm,6,False,False,34344228,1768710071,,1,4.315377107,4.315377048,5.83744395e-08,1.352707725e-08,False,False,1.352707725e-08,0.0309086752705,,,
point,single,HYPE,sm,6,False,False,34345995,1768713605,,1,1.75,1.75,0,0,True,False,,-0.0618410198572,0.0915220761354,,
point,single,HYPE,sm,6,False,False,34448866,1768919347,,1,4.128321558,4.128321496,6.198163671e-08,1.501376185e-08,False,False,1.501376185e-08,0.152247070645,,,
point,single,HYPE,sm,6,False,False,34553308,1769128231,,1,3.907027048,3.907027045,2.540384791e-09,6.502091642e-10,False,False,6.502091642e-10,0.152617397862,,,
point,single,HYPE,sm,6,False,False,34628498,1769278611,,1,4.350168922,4.35016894,1.828112772e-08,4.202394908e-09,False,False,4.202394908e-09,0.0325514060572,,,
point,single,HYPE,sm,6,False,False,34645709,1769313033,,1,4.206876666,4.20687667,4.194691705e-09,9.971035612e-10,False,False,9.971035612e-10,-0.0887227987832,,,
point,single,HYPE,sm,6,False,False,34755820,1769533255,,1,5.043872365,5.043872357,7.406524283e-09,1.468420243e-09,False,False,1.468420243e-09,0.165382240122,,,
point,single,HYPE,sm,6,False,False,35161299,1770344213,,1,1.36,1.36,0,0,True,False,,-0.173592396781,0.442990011402,,
point,single,HYPE,sm,6,False,False,35266650,1770554915,,1,1.06,1.06,0,0,True,False,,0.0382471927197,0.570103967286,,
point,single,HYPE,sm,6,False,False,35493837,1771009289,,1,5.929218751,5.92921867,8.131391294e-08,1.371410237e-08,False,False,1.371410237e-08,-0.0727683137773,,,
point,single,HYPE,sm,6,False,False,35830270,1771682155,,1,0.5,0.5,0,0,True,False,,0.111619756818,-0.176497146599,,
point,single,HYPE,sm,6,False,False,35866013,1771753641,,1,0.74,0.74,0,0,True,False,,0.161493061914,0.447810453025,,
point,single,HYPE,sm,6,False,False,36009196,1772040007,,1,4.864527222,4.864527255,3.264275605e-08,6.710365584e-09,False,False,6.710365584e-09,0.143512163175,,,
point,single,HYPE,sm,6,False,False,36235607,1772492829,,1,6.603816103,6.603816108,5.017123605e-09,7.597309687e-10,False,False,7.597309687e-10,0.151724808137,,,
point,single,HYPE,sm,6,False,False,36575652,1773172919,,1,5.886759154,5.886759279,1.248387278e-07,2.120669872e-08,False,False,2.120669872e-08,-0.182787990102,,,
point,single,HYPE,sm,6,False,False,37021791,1774065197,,1,7.127874114,7.127874172,5.785877555e-08,8.117255527e-09,False,False,8.117255527e-09,-0.0397468641387,,,
point,single,HYPE,sm,6,False,False,37077168,1774175951,,1,2.73,2.73,0,0,True,False,,0.0280409679393,0.107856081174,,
point,single,HYPE,sm,6,False,False,37624544,1775270703,,1,6.02,6.02,0,0,True,False,,0.0612046279732,-0.26160811809,,
point,single,HYPE,sm,6,False,False,37809219,1775640053,,1,2.63,2.63,0,0,True,False,,0.181018525152,0.147526889949,,
point,single,HYPE,sm,6,False,False,38067450,1776156515,,1,9.61453299,9.614533014,2.411255906e-08,2.507928267e-09,False,False,2.507928267e-09,-0.0242476376448,,,
point,single,HYPE,sm,6,False,False,38339032,1776699679,,1,7.613061247,7.613061338,9.073161067e-08,1.191788792e-08,False,False,1.191788792e-08,-0.11122900294,,,
point,single,HYPE,sm,6,False,False,38346739,1776715093,,1,7.996772027,7.996772005,2.208985173e-08,2.762346063e-09,False,False,2.762346063e-09,-0.0614080734919,,,
point,single,HYPE,sm,6,False,False,38459468,1776940551,,1,1.34,1.34,0,0,True,False,,-0.0984465980675,-0.508074804066,,
point,single,HYPE,sm,6,False,False,38601370,1777224355,,1,1.89,1.89,0,0,True,False,,0.00663098743233,-0.539981204772,,
point,single,HYPE,sm,6,False,False,38743528,1777508671,,1,7.419477196,7.419477126,6.951128029e-08,9.368757185e-09,False,False,9.368757185e-09,-0.179551637118,,,
point,single,HYPE,sm,6,False,False,38773843,1777569301,,1,1.62,1.62,0,0,True,False,,0.0587246727178,-0.454518388007,,
point,single,HYPE,sm,6,False,False,38945814,1777913243,,1,7.532024721,7.532024713,7.54537588e-09,1.001772586e-09,False,False,1.001772586e-09,0.132539732379,,,
point,single,HYPE,sm,6,False,False,39025556,1778072727,,1,1.45,1.45,0,0,True,False,,-0.121037322255,0.212520725578,,
point,single,HYPE,sm,6,False,False,39288306,1778598227,,1,0.86,0.86,0,0,True,False,,0.0166424474019,0.363354791616,,
point,single,HYPE,sm,6,False,False,39449597,1778920809,,1,7.429178748,7.429178752,4.530878783e-09,6.098761299e-10,False,False,6.098761299e-10,-0.0750229299735,,,
point,single,HYPE,sm,6,False,False,39838244,1779698103,,1,0.48,0.48,0,0,True,False,,-0.0796102569686,-0.542141841448,,
point,single,HYPE,sm,6,False,False,39928134,1779877883,,1,9.810931337,9.810931363,2.597186821e-08,2.647237792e-09,False,False,2.647237792e-09,-0.00810391558287,,,
point,single,HYPE,sm,6,False,False,39994148,1780009911,,1,5.21,5.21,0,0,True,False,,0.0567542421339,-0.172575278027,,
point,single,HYPE,sm,6,False,False,40121529,1780264673,,1,13.12572008,13.12572006,2.068805927e-08,1.576146614e-09,False,False,1.576146614e-09,-0.0279511375938,,,
point,single,HYPE,sm,6,False,False,40157373,1780336361,,1,13.21593298,13.21593298,3.149178696e-10,2.382865213e-11,False,False,2.382865213e-11,-0.0514878383581,,,
point,single,HYPE,sm,6,False,False,40270025,1780561665,,1,4.98,4.98,0,0,True,False,,0.0947009391891,0.164624226632,,
point,single,HYPE,sm,6,False,False,40377168,1780775951,,1,9.625157041,9.625157175,1.338449493e-07,1.390574188e-08,False,False,1.390574188e-08,0.108256787569,,,
point,single,HYPE,sm,6,False,False,40597104,1781215823,,1,11.01327434,11.01327411,2.311556564e-07,2.098882215e-08,False,False,2.098882215e-08,-0.116785437444,,,
point,single,HYPE,sm,6,False,False,40645111,1781311837,,1,10.82650014,10.82650008,6.16553919e-08,5.694859013e-09,False,False,5.694859013e-09,0.0243421601741,,,
point,single,HYPE,sm,6,False,False,41026205,1782074025,,1,11.87346599,11.87346602,2.954966583e-08,2.488714403e-09,False,False,2.488714403e-09,-0.0846609363884,,,
point,single,HYPE,sm,6,False,False,41058552,1782138719,,1,4.24,4.24,0,0,True,False,,0.058435648422,-0.519658011664,,
point,single,HYPE,sm,6,False,False,41174313,1782370241,,1,11.81535,11.81535007,6.848500966e-08,5.796274308e-09,False,False,5.796274308e-09,0.0753428271604,,,
point,single,HYPE,sm,6,False,False,41231838,1782485291,,1,19.25,19.25,0,0,True,False,,-0.0748023768894,0.539956106268,,
point,single,HYPE,sm,6,False,False,41336617,1782694849,,1,11.67902714,11.6790271,3.827586603e-08,3.277316301e-09,False,False,3.277316301e-09,-0.116865860271,,,
point,single,HYPE,sm,6,False,False,41411350,1782844315,,1,11.6035608,11.60356084,4.376294527e-08,3.771509974e-09,False,False,3.771509974e-09,0.0569837932762,,,
point,single,HYPE,sm,6,False,False,41465614,1782952843,,1,1.58,1.58,0,0,True,False,,-0.0512861619581,0.228112408522,,
point,single,HYPE,sm,6,False,False,41581774,1783185163,,1,0.44,0.44,0,0,True,False,,0.0113641586486,-0.258984081073,,
point,single,HYPE,sm,6,False,False,41671826,1783365267,,1,12.46901712,12.4690173,1.751639225e-07,1.404793343e-08,False,False,1.404793343e-08,-0.139776291217,,,
point,single,HYPE,sm,6,False,False,41692707,1783407029,,1,0.65,0.65,0,0,True,False,,0.00460383211271,-0.221824458403,,
point,single,HYPE,sm,6,False,False,41741586,1783504787,,1,3.22,3.22,0,0,True,False,,-0.0664876637828,-0.0517483162706,,
point,single,HYPE,sm,6,False,False,41754260,1783530135,,1,0.52,0.52,0,0,True,False,,0.190755545547,0.57607731431,,
point,single,HYPE,sm,6,False,False,41772560,1783566735,,1,12.65026704,12.65026704,7.176071293e-09,5.67266388e-10,False,False,5.67266388e-10,0.0773639040599,,,
point,single,HYPE,sm,6,False,False,41916358,1783854331,,1,11.7246081,11.72460815,4.428671474e-08,3.777244778e-09,False,False,3.777244778e-09,0.114924152178,,,
point,single,HYPE,sm,6,False,False,41989451,1784000517,,1,7.98,7.98,0,0,True,False,,-0.0963720641704,-0.584893354467,,
point,single,HYPE,sm,6,False,False,42200832,1784423279,,1,11.26641314,11.26641313,1.693129725e-08,1.502811679e-09,False,False,1.502811679e-09,0.136045692479,,,
point,single,HYPE,sm,6,False,False,42305025,1784631665,,1,8.26,8.26,0,0,True,False,,-0.187971049203,-0.554040921869,,
point,single,HYPE,sm,6,False,False,42333397,1784688409,,1,7.57,7.57,0,0,True,False,,-0.160169378557,0.362551011358,,
point,single,HYPE,sm,6,False,False,42439085,1784899785,,1,6.35,6.35,0,0,True,False,,0.163894725126,-0.0614173241996,,
point,single,HYPE,sm,6,False,False,42441984,1784905583,,1,10.43151275,10.43151275,4.322361136e-09,4.143561186e-10,False,False,4.143561186e-10,-0.159096434321,,,
point,single,HYPE,sm,6,False,False,42463055,1784947725,,1,1.26,1.26,0,0,True,False,,0.0614644109805,-0.365656440498,,
point,single,HYPE,sm,6,False,False,42658256,1785338127,,1,0.78,0.78,0,0,True,False,,-0.0658890876303,0.346911418647,,
point,single,HYPE,sm,6,False,False,42881307,1785784229,,1,9.937775435,9.937775429,5.469196651e-09,5.503441577e-10,False,False,5.503441577e-10,-0.147572387554,,,
point,single,HYPE,sm,6,False,False,43207003,1786435621,,1,2.0355,2.0355,0,0,True,False,,0.067608228468,0.19786056331,,
point,single,HYPE,sm,6,False,False,43265700,1786553015,,1,9.617194759,9.617194769,9.523645872e-09,9.902727469e-10,False,False,9.902727469e-10,0.148937846606,,,
point,single,HYPE,sm,6,False,False,44042044,1788105703,,1,3.15,3.15,0,0,True,False,,0.170151891979,0.47048178502,,
point,single,HYPE,sm,6,False,False,44080293,1788182201,,1,3.87,3.87,0,0,True,False,,-0.0416169055036,0.296183307863,,
point,single,HYPE,sm,6,False,False,44121388,1788264391,,1,14.05123262,14.05123261,1.157340535e-08,8.236576576e-10,False,False,8.236576576e-10,-0.0484486041351,,,
point,single,HYPE,sm,6,False,False,44205674,1788432963,,1,15.4819634,15.48196335,4.733515269e-08,3.057438613e-09,False,False,3.057438613e-09,0.0690957345162,,,
point,single,HYPE,sm,6,False,False,44254885,1788531385,,1,15.90610575,15.90610575,1.504616876e-09,9.459366729e-11,False,False,9.459366729e-11,0.0752087109902,,,
point,single,HYPE,sm,6,False,False,44400005,1788821625,,1,0.908790932,0.908790932,0,0,True,False,,0.0324043360474,-0.230730791152,,
point,single,HYPE,sm,6,False,False,44457391,1788936397,,1,1.7315,1.7315,0,0,True,False,,0.030028262796,-0.0166818319549,,
point,single,HYPE,sm,6,False,False,44595447,1789212509,,1,13.91108996,13.91109023,2.777706847e-07,1.99675716e-08,False,False,1.99675716e-08,0.0752213342878,,,
point,single,HYPE,sm,6,False,False,44712171,1789445957,,1,15.22159794,15.22159789,5.473319931e-08,3.595759099e-09,False,False,3.595759099e-09,0.0274777685056,,,
point,single,HYPE,sm,6,False,False,44809360,1789640335,,1,14.72727398,14.72727407,9.026382131e-08,6.129024381e-09,False,False,6.129024381e-09,0.0504273774088,,,
point,single,HYPE,sm,6,False,False,44826022,1789673659,,1,14.57824722,14.57824738,1.581399403e-07,1.084766487e-08,False,False,1.084766487e-08,-0.141431662422,,,
point,single,HYPE,sm,6,False,False,45184658,1790390931,,1,2.0025,2.0025,0,0,True,False,,-0.130110149867,-0.174188642467,,
point,single,HYPE,sm,6,True,True,31421212,1762864039,,1,13.06110698,13.06110699,4.027569389e-09,3.083635556e-10,False,False,3.083635556e-10,0.100707583642,,,
point,single,HYPE,sm,6,True,True,31436575,1762894765,,1,0.03,0.03,0,0,True,False,,-0.18521680611,0.522267827412,,
point,single,HYPE,sm,6,True,True,31785432,1763592479,,1,10.51468953,10.51468952,1.256168503e-08,1.194679594e-09,False,False,1.194679594e-09,-0.0169890727224,,,
point,single,HYPE,sm,6,True,True,31911806,1763845227,,1,6.996732153,6.996732161,7.97856714e-09,1.140327651e-09,False,False,1.140327651e-09,-0.155808162148,,,
point,single,HYPE,sm,6,True,True,31949924,1763921463,,1,0.14,0.14,0,0,True,False,,0.140304822833,0.533940916339,,
point,single,HYPE,sm,6,True,True,31956446,1763934507,,1,8.585602258,8.585602259,3.279101435e-10,3.819302754e-11,False,False,3.819302754e-11,-0.171292788279,,,
point,single,HYPE,sm,6,True,True,32081953,1764185521,,1,0.75,0.75,0,0,True,False,,-0.0963061712048,-0.479362800128,,
point,single,HYPE,sm,6,True,True,32111032,1764243679,,1,8.587158709,8.587158716,7.110237732e-09,8.280081891e-10,False,False,8.280081891e-10,0.0473432847454,,,
point,single,HYPE,sm,6,True,True,32174511,1764370637,,1,0.39,0.39,0,0,True,False,,-0.0694012134702,-0.164532223051,,
point,single,HYPE,sm,6,True,True,32280669,1764582953,,1,7.40031132,7.400311353,3.385534164e-08,4.574853703e-09,False,False,4.574853703e-09,0.152720602236,,,
point,single,HYPE,sm,6,True,True,32319651,1764660917,,1,0.8,0.8,0,0,True,False,,0.0347371030067,0.53621401817,,
point,single,HYPE,sm,6,True,True,32487818,1764997251,,1,1.2,1.2,0,0,True,False,,-0.143147300988,-0.0638961463549,,
point,single,HYPE,sm,6,True,True,32512913,1765047441,,1,1.2,1.2,0,0,True,False,,-0.0710114232649,-0.294599516902,,
point,single,HYPE,sm,6,True,True,32718725,1765459065,,1,0.12,0.12,0,0,True,False,,0.0523270007383,-0.407805364331,,
point,single,HYPE,sm,6,True,True,32756826,1765535267,,1,7.389639393,7.389639393,8.616805047e-10,1.166065702e-10,False,False,1.166065702e-10,0.136064972669,,,
point,single,HYPE,sm,6,True,True,33059007,1766139629,,1,0.53,0.53,0,0,True,False,,-0.197631056398,0.33898000664,,
point,single,HYPE,sm,6,True,True,33134592,1766290799,,1,5.476529019,5.476529012,7.28532612e-09,1.330281661e-09,False,False,1.330281661e-09,0.00558210730041,,,
point,single,HYPE,sm,6,True,True,33287744,1766597103,,1,5.490453407,5.490453426,1.879917022e-08,3.423974092e-09,False,False,3.423974092e-09,0.159037715782,,,
point,single,HYPE,sm,6,True,True,33288215,1766598045,,1,0.62,0.62,0,0,True,False,,-0.16080654759,0.216294996489,,
point,single,HYPE,sm,6,True,True,33406064,1766833743,,1,0.41,0.41,0,0,True,False,,0.0129567842164,0.205777523393,,
point,single,HYPE,sm,6,True,True,34028521,1768078657,,1,5.879599342,5.879599331,1.122558135e-08,1.909242569e-09,False,False,1.909242569e-09,-0.19921908835,,,
point,single,HYPE,sm,6,True,True,34095510,1768212635,,1,7.555981193,7.555981193,7.234248756e-10,9.574201644e-11,False,False,9.574201644e-11,0.031023973289,,,
point,single,HYPE,sm,6,True,True,34208427,1768438469,,1,0.3,0.3,0,0,True,False,,0.0715961654757,0.478412437612,,
point,single,HYPE,sm,6,True,True,34213915,1768449445,,1,1.19,1.19,0,0,True,False,,0.0620934939295,0.105030334133,,
point,single,HYPE,sm,6,True,True,34344228,1768710071,,1,6.095381638,6.09538158,5.83744395e-08,9.576830947e-09,False,False,9.576830947e-09,0.0997620089613,,,
point,single,HYPE,sm,6,True,True,34345995,1768713605,,1,1.75,1.75,0,0,True,False,,0.125247776939,-0.547013239646,,
point,single,HYPE,sm,6,True,True,34448866,1768919347,,1,6.748808253,6.748808191,6.19816376e-08,9.184086327e-09,False,False,9.184086327e-09,-0.138676094365,,,
point,single,HYPE,sm,6,True,True,34553308,1769128231,,1,5.489716331,5.489716328,2.540384791e-09,4.627533807e-10,False,False,4.627533807e-10,-0.022810216968,,,
point,single,HYPE,sm,6,True,True,34628498,1769278611,,1,5.988268201,5.988268219,1.828112772e-08,3.052823806e-09,False,False,3.052823806e-09,0.171091308006,,,
point,single,HYPE,sm,6,True,True,34645709,1769313033,,1,5.816235091,5.816235095,4.194691705e-09,7.212039472e-10,False,False,7.212039472e-10,-0.00694247893548,,,
point,single,HYPE,sm,6,True,True,34755820,1769533255,,1,7.028912059,7.028912051,7.406524283e-09,1.053722713e-09,False,False,1.053722713e-09,0.106619818301,,,
point,single,HYPE,sm,6,True,True,35161299,1770344213,,1,1.36,1.36,0,0,True,False,,0.0867082367153,-0.214638847971,,
point,single,HYPE,sm,6,True,True,35266650,1770554915,,1,1.06,1.06,0,0,True,False,,0.0502015943476,0.108478624849,,
point,single,HYPE,sm,6,True,True,35493837,1771009289,,1,8.164583607,8.164583526,8.131391205e-08,9.959345873e-09,False,False,9.959345873e-09,-0.162815419206,,,
point,single,HYPE,sm,6,True,True,35830270,1771682155,,1,0.5,0.5,0,0,True,False,,0.0247116743575,0.301984948383,,
point,single,HYPE,sm,6,True,True,35866013,1771753641,,1,0.74,0.74,0,0,True,False,,-0.183297957158,-0.457479954518,,
point,single,HYPE,sm,6,True,True,36009196,1772040007,,1,6.87132368,6.871323712,3.264275783e-08,4.750577815e-09,False,False,4.750577815e-09,0.0671496558137,,,
point,single,HYPE,sm,6,True,True,36235607,1772492829,,1,10.5671987,10.5671987,5.017122717e-09,4.747826611e-10,False,False,4.747826611e-10,-0.0373483722242,,,
point,single,HYPE,sm,6,True,True,36575652,1773172919,,1,8.269066182,8.269066307,1.248387278e-07,1.509707687e-08,False,False,1.509707687e-08,-0.186795234666,,,
point,single,HYPE,sm,6,True,True,37021791,1774065197,,1,9.900672214,9.900672272,5.785877732e-08,5.843924137e-09,False,False,5.843924137e-09,0.0702572496396,,,
point,single,HYPE,sm,6,True,True,37077168,1774175951,,1,2.73,2.73,0,0,True,False,,0.013292871879,0.579581753905,,
point,single,HYPE,sm,6,True,True,37624544,1775270703,,1,6.02,6.02,0,0,True,False,,0.0456527556302,-0.45339812257,,
point,single,HYPE,sm,6,True,True,37809219,1775640053,,1,2.63,2.63,0,0,True,False,,0.0197292844725,-0.0462039633923,,
point,single,HYPE,sm,6,True,True,38067450,1776156515,,1,15.01924934,15.01924936,2.411255906e-08,1.605443689e-09,False,False,1.605443689e-09,-0.0331939069963,,,
point,single,HYPE,sm,6,True,True,38339032,1776699679,,1,10.50228495,10.50228504,9.073161245e-08,8.639225927e-09,False,False,8.639225927e-09,-0.108081757003,,,
point,single,HYPE,sm,6,True,True,38346739,1776715093,,1,12.95828021,12.95828019,2.20898535e-08,1.704690217e-09,False,False,1.704690217e-09,0.170698349522,,,
point,single,HYPE,sm,6,True,True,38459468,1776940551,,1,1.34,1.34,0,0,True,False,,0.159742354091,-0.306274090539,,
point,single,HYPE,sm,6,True,True,38601370,1777224355,,1,1.89,1.89,0,0,True,False,,0.0929185171603,-0.109536218614,,
point,single,HYPE,sm,6,True,True,38743528,1777508671,,1,12.20054979,12.20054972,6.951128029e-08,5.697389175e-09,False,False,5.697389175e-09,-0.141835164699,,,
point,single,HYPE,sm,6,True,True,38773843,1777569301,,1,1.62,1.62,0,0,True,False,,-0.105732631434,0.115889722698,,
point,single,HYPE,sm,6,True,True,38945814,1777913243,,1,10.43787275,10.43787274,7.545374103e-09,7.228842775e-10,False,False,7.228842775e-10,0.0223542273944,,,
point,single,HYPE,sm,6,True,True,39025556,1778072727,,1,1.45,1.45,0,0,True,False,,0.0668420360528,-0.272255748243,,
point,single,HYPE,sm,6,True,True,39288306,1778598227,,1,0.86,0.86,0,0,True,False,,-0.117575214084,-0.0811170069776,,
point,single,HYPE,sm,6,True,True,39449597,1778920809,,1,10.35792786,10.35792787,4.530878783e-09,4.374310038e-10,False,False,4.374310038e-10,-0.0666897764549,,,
point,single,HYPE,sm,6,True,True,39838244,1779698103,,1,0.48,0.48,0,0,True,False,,-0.0728103498824,-0.345326555953,,
point,single,HYPE,sm,6,True,True,39928134,1779877883,,1,14.22854637,14.22854639,2.597186821e-08,1.825335318e-09,False,False,1.825335318e-09,-0.109500495767,,,
point,single,HYPE,sm,6,True,True,39994148,1780009911,,1,5.21,5.21,0,0,True,False,,-0.0863319538778,-0.593484538004,,
point,single,HYPE,sm,6,True,True,40121529,1780264673,,1,21.67492341,21.67492339,2.068805927e-08,9.544697749e-10,False,False,9.544697749e-10,0.031656674828,,,
point,single,HYPE,sm,6,True,True,40157373,1780336361,,1,21.18007952,21.18007952,3.149125405e-10,1.486833608e-11,False,False,1.486833608e-11,0.0465590845489,,,
point,single,HYPE,sm,6,True,True,40270025,1780561665,,1,4.98,4.98,0,0,True,False,,0.0464652883485,-0.361687162051,,
point,single,HYPE,sm,6,True,True,40377168,1780775951,,1,13.51980963,13.51980976,1.338449493e-07,9.899913757e-09,False,False,9.899913757e-09,0.131344001862,,,
point,single,HYPE,sm,6,True,True,40597104,1781215823,,1,15.13690594,15.13690571,2.311556564e-07,1.527099774e-08,False,False,1.527099774e-08,-0.161183741095,,,
point,single,HYPE,sm,6,True,True,40645111,1781311837,,1,14.96914919,14.96914912,6.16553919e-08,4.118830746e-09,False,False,4.118830746e-09,-0.0716643373763,,,
point,single,HYPE,sm,6,True,True,41026205,1782074025,,1,16.65625349,16.65625352,2.95496676e-08,1.77408849e-09,False,False,1.77408849e-09,0.181401658231,,,
point,single,HYPE,sm,6,True,True,41058552,1782138719,,1,4.24,4.24,0,0,True,False,,-0.128000923732,0.267528421879,,
point,single,HYPE,sm,6,True,True,41174313,1782370241,,1,16.30141083,16.3014109,6.848501144e-08,4.201170816e-09,False,False,4.201170816e-09,0.111726846046,,,
point,single,HYPE,sm,6,True,True,41231838,1782485291,,1,19.25,19.25,0,0,True,False,,0.128219328544,0.0553485617361,,
point,single,HYPE,sm,6,True,True,41336617,1782694849,,1,15.99332646,15.99332642,3.827586426e-08,2.393239727e-09,False,False,2.393239727e-09,0.160766892779,,,
point,single,HYPE,sm,6,True,True,41411350,1782844315,,1,19.3525993,19.35259934,4.376295237e-08,2.261347517e-09,False,False,2.261347517e-09,-0.0337496340575,,,
point,single,HYPE,sm,6,True,True,41465614,1782952843,,1,1.58,1.58,0,0,True,False,,0.0953799805668,0.151082752763,,
point,single,HYPE,sm,6,True,True,41581774,1783185163,,1,0.44,0.44,0,0,True,False,,0.0204277371501,0.167776360841,,
point,single,HYPE,sm,6,True,True,41671826,1783365267,,1,21.02074637,21.02074655,1.751639225e-07,8.332906899e-09,False,False,8.332906899e-09,0.0484807862731,,,
point,single,HYPE,sm,6,True,True,41692707,1783407029,,1,0.65,0.65,0,0,True,False,,0.133158084721,0.080974702939,,
point,single,HYPE,sm,6,True,True,41741586,1783504787,,1,3.22,3.22,0,0,True,False,,0.138974209274,0.0330189687574,,
point,single,HYPE,sm,6,True,True,41754260,1783530135,,1,0.52,0.52,0,0,True,False,,0.0926741012475,-0.20443767332,,
point,single,HYPE,sm,6,True,True,41772560,1783566735,,1,17.34603475,17.34603474,7.176069516e-09,4.137008614e-10,False,False,4.137008614e-10,0.0580559442771,,,
point,single,HYPE,sm,6,True,True,41916358,1783854331,,1,16.40465197,16.40465202,4.428671474e-08,2.699643663e-09,False,False,2.699643663e-09,-0.0417149877565,,,
point,single,HYPE,sm,6,True,True,41989451,1784000517,,1,7.98,7.98,0,0,True,False,,-0.0519464108243,0.0902904841022,,
point,single,HYPE,sm,6,True,True,42200832,1784423279,,1,18.51809383,18.51809381,1.693129903e-08,9.143111156e-10,False,False,9.143111156e-10,-0.075477428457,,,
point,single,HYPE,sm,6,True,True,42305025,1784631665,,1,8.26,8.26,0,0,True,False,,0.0762048437942,-0.204072936047,,
point,single,HYPE,sm,6,True,True,42333397,1784688409,,1,7.57,7.57,0,0,True,False,,-0.0635309221743,-0.382047150575,,
point,single,HYPE,sm,6,True,True,42439085,1784899785,,1,6.35,6.35,0,0,True,False,,-0.0315601570095,0.456578696455,,
point,single,HYPE,sm,6,True,True,42441984,1784905583,,1,14.53544531,14.53544531,4.322361136e-09,2.973669567e-10,False,False,2.973669567e-10,-0.0991779097121,,,
point,single,HYPE,sm,6,True,True,42463055,1784947725,,1,1.26,1.26,0,0,True,False,,-0.115869082254,0.261698057244,,
point,single,HYPE,sm,6,True,True,42658256,1785338127,,1,0.78,0.78,0,0,True,False,,-0.0414981485317,0.568468279154,,
point,single,HYPE,sm,6,True,True,42881307,1785784229,,1,14.69974295,14.69974295,5.469198427e-09,3.720608208e-10,False,False,3.720608208e-10,-0.110559081767,,,
point,single,HYPE,sm,6,True,True,43207003,1786435621,,1,2.0355,2.0355,0,0,True,False,,0.121779279108,0.44824055566,,
point,single,HYPE,sm,6,True,True,43265700,1786553015,,1,14.99781554,14.99781555,9.523645872e-09,6.350022004e-10,False,False,6.350022004e-10,-0.129734707028,,,
point,single,HYPE,sm,6,True,True,44042044,1788105703,,1,3.15,3.15,0,0,True,False,,0.0647611206022,0.059318025481,,
point,single,HYPE,sm,6,True,True,44080293,1788182201,,1,3.87,3.87,0,0,True,False,,-0.0854538213975,0.226724780438,,
point,single,HYPE,sm,6,True,True,44121388,1788264391,,1,24.08609822,24.08609821,1.157340535e-08,4.805014594e-10,False,False,4.805014594e-10,0.0523012223604,,,
point,single,HYPE,sm,6,True,True,44205674,1788432963,,1,21.18297013,21.18297008,4.733515624e-08,2.234585422e-09,False,False,2.234585422e-09,0.0246288520063,,,
point,single,HYPE,sm,6,True,True,44254885,1788531385,,1,21.85346079,21.85346079,1.504616876e-09,6.885027915e-11,False,False,6.885027915e-11,0.0700236381736,,,
point,single,HYPE,sm,6,True,True,44400005,1788821625,,1,0.908790932,0.908790932,0,0,True,False,,0.116204326295,0.0341789578006,,
point,single,HYPE,sm,6,True,True,44457391,1788936397,,1,1.7315,1.7315,0,0,True,False,,0.119119636913,0.372425800508,,
point,single,HYPE,sm,6,True,True,44595447,1789212509,,1,19.5105037,19.51050398,2.777706882e-07,1.423698191e-08,False,False,1.423698191e-08,0.0168768938329,,,
point,single,HYPE,sm,6,True,True,44712171,1789445957,,1,20.79041241,20.79041235,5.473319575e-08,2.632617126e-09,False,False,2.632617126e-09,0.0957471664542,,,
point,single,HYPE,sm,6,True,True,44809360,1789640335,,1,20.31302573,20.31302582,9.026382131e-08,4.443642345e-09,False,False,4.443642345e-09,0.0876425741907,,,
point,single,HYPE,sm,6,True,True,44826022,1789673659,,1,20.38124729,20.38124745,1.581399438e-07,7.759090577e-09,False,False,7.759090577e-09,0.119086074461,,,
point,single,HYPE,sm,6,True,True,45184658,1790390931,,1,2.0025,2.0025,0,0,True,False,,-0.106601013274,-0.0591826139552,,
point,single,HYPE,pm2,7,False,False,31454301,1762930217,,1,13.4259273,13.4259273,6.186185786e-09,4.607641355e-10,False,False,4.607641355e-10,-0.133413700109,,,
point,single,HYPE,pm2,7,False,False,31479390,1762980395,,1,12.34242533,12.34242535,2.541380795e-08,2.059061106e-09,False,False,2.059061106e-09,0.0455612909452,,,
point,single,HYPE,pm2,7,False,False,31758941,1763539497,,1,4.727653945,4.727653961,1.582043918e-08,3.346361507e-09,False,False,3.346361507e-09,0.0634221268106,,,
point,single,HYPE,pm2,7,False,False,31877129,1763775873,,1,6.35307951,6.353079545,3.513502378e-08,5.53039258e-09,False,False,5.53039258e-09,-0.0075674948734,,,
point,single,HYPE,pm2,7,False,False,31918346,1763858307,,1,5.131313914,5.13131398,6.631350047e-08,1.292329832e-08,False,False,1.292329832e-08,0.0875625912953,,,
point,single,HYPE,pm2,7,False,False,31955936,1763933487,,1,10.66604101,10.66604102,8.901801962e-09,8.345928874e-10,False,False,8.345928874e-10,-0.144046649299,,,
point,single,HYPE,pm2,7,False,False,32095550,1764212715,,1,0.5315196118,0.5315196129,1.114007775e-09,2.095892137e-09,False,False,2.095892137e-09,-0.0536603727154,,,
point,single,HYPE,pm2,7,False,False,32124233,1764270081,,1,11.6682962,11.66829619,9.977652482e-09,8.551079192e-10,False,False,8.551079192e-10,-0.0539847494875,,,
point,single,HYPE,pm2,7,False,False,32306431,1764634477,,1,0.753499074,0.7534990739,8.745171254e-11,1.160608096e-10,False,False,1.160608096e-10,0.0462131831851,,,
point,single,HYPE,pm2,7,False,False,32461709,1764945033,,1,3.543121729,3.543121714,1.426503493e-08,4.026120473e-09,False,False,4.026120473e-09,0.059635425687,,,
point,single,HYPE,pm2,7,False,False,32587158,1765195931,,1,10.64204018,10.6420402,1.774484204e-08,1.667428589e-09,False,False,1.667428589e-09,-0.0774061248703,,,
point,single,HYPE,pm2,7,False,False,32629850,1765281315,,1,0.1758672251,0.1758672247,3.997364384e-10,2.272944479e-09,False,False,2.272944479e-09,0.122342675397,,,
point,single,HYPE,pm2,7,False,False,33164937,1766351489,,1,8.013781571,8.013781556,1.453926224e-08,1.814282322e-09,False,False,1.814282322e-09,0.164660646395,,,
point,single,HYPE,pm2,7,False,False,33192355,1766406325,,1,0.4517394012,0.451739402,7.956945658e-10,1.761401737e-09,False,False,1.761401737e-09,-0.029684107108,,,
point,single,HYPE,pm2,7,False,False,33338335,1766698285,,1,0.08726366728,0.08726366712,1.595800436e-10,1.828711176e-09,False,False,1.828711176e-09,0.118380364003,,,
point,single,HYPE,pm2,7,False,False,33450790,1766923195,,1,0.1478278338,0.1478278336,2.256919374e-10,1.526721535e-09,False,False,1.526721535e-09,0.167163509255,,,
point,single,HYPE,pm2,7,False,False,33752948,1767527511,,1,6.896956215,6.896956218,3.316158015e-09,4.808147118e-10,False,False,4.808147118e-10,0.193032022021,,,
point,single,HYPE,pm2,7,False,False,33806514,1767634643,,1,8.002599492,8.002599486,6.51928822e-09,8.146463192e-10,False,False,8.146463192e-10,-0.0317613470762,,,
point,single,HYPE,pm2,7,False,False,33833174,1767687963,,1,0.5023185021,0.5023185019,1.910386294e-10,3.803137423e-10,False,False,3.803137423e-10,-0.0566648299588,,,
point,single,HYPE,pm2,7,False,False,33836761,1767695137,,1,8.234101005,8.234100995,9.73493286e-09,1.182270275e-09,False,False,1.182270275e-09,0.050422022841,,,
point,single,HYPE,pm2,7,False,False,34208616,1768438847,,1,6.721526636,6.721526638,1.905966052e-09,2.835614816e-10,False,False,2.835614816e-10,0.122481787743,,,
point,single,HYPE,pm2,7,False,False,34239752,1768501119,,1,0.5350106889,0.5350106886,2.778404173e-10,5.193175073e-10,False,False,5.193175073e-10,-0.153870018892,,,
point,single,HYPE,pm2,7,False,False,34248908,1768519431,,1,7.739513243,7.739513272,2.945130717e-08,3.805317757e-09,False,False,3.805317757e-09,-0.0757388053235,,,
point,single,HYPE,pm2,7,False,False,34479068,1768979751,,1,7.299164219,7.299164224,4.938977227e-09,6.766496929e-10,False,False,6.766496929e-10,0.0122763239867,,,
point,single,HYPE,pm2,7,False,False,34598786,1769219187,,1,2.042746495,2.042746496,4.539275622e-10,2.22214339e-10,False,False,2.22214339e-10,0.187185113905,,,
point,single,HYPE,pm2,7,False,False,34638152,1769297919,,1,1.43886786,1.438867858,1.556522022e-09,1.081768567e-09,False,False,1.081768567e-09,-0.162746600085,,,
point,single,HYPE,pm2,7,False,False,34778558,1769578731,,1,9.806985752,9.806985784,3.217254374e-08,3.280574129e-09,False,False,3.280574129e-09,0.0571525158886,,,
point,single,HYPE,pm2,7,False,False,34930553,1769882721,,1,0.6694530647,0.6694530641,6.738934966e-10,1.006632925e-09,False,False,1.006632925e-09,-0.1059854376,,,
point,single,HYPE,pm2,7,False,False,35272764,1770567143,,1,0.8914121283,0.8914121239,4.441815915e-09,4.982898229e-09,False,False,4.982898229e-09,-0.153281399855,,,
point,single,HYPE,pm2,7,False,False,35297841,1770617297,,1,8.221614806,8.221614808,1.866590438e-09,2.270345281e-10,False,False,2.270345281e-10,-0.057428446637,,,
point,single,HYPE,pm2,7,False,False,35401023,1770823661,,1,7.173560488,7.173560438,5.020261717e-08,6.9982845e-09,False,False,6.9982845e-09,-0.164822123388,,,
point,single,HYPE,pm2,7,False,False,35430762,1770883139,,1,9.427525326,9.427525306,2.041256053e-08,2.165208772e-09,False,False,2.165208772e-09,-0.0270580443014,,,
point,single,HYPE,pm2,7,False,False,35515291,1771052197,,1,4.418230446,4.418230438,7.176022443e-09,1.624184734e-09,False,False,1.624184734e-09,-0.01243757108,,,
point,single,HYPE,pm2,7,False,False,35954364,1771930343,,1,0.2293836526,0.2293836528,1.68967923e-10,7.366171088e-10,False,False,7.366171088e-10,0.11294008533,,,
point,single,HYPE,pm2,7,False,False,36084746,1772191107,,1,2.224309258,2.224309262,3.71432618e-09,1.669878488e-09,False,False,1.669878488e-09,-0.138427050992,,,
point,single,HYPE,pm2,7,False,False,36146165,1772313945,,1,1.441542181,1.441542181,4.469580261e-10,3.100554615e-10,False,False,3.100554615e-10,0.154962051325,,,
point,single,HYPE,pm2,7,False,False,36374094,1772769803,,1,0.7963655734,0.7963655729,4.424242084e-10,5.555541615e-10,False,False,5.555541615e-10,-0.101404964768,,,
point,single,HYPE,pm2,7,False,False,36391018,1772803651,,1,0.03998536278,0.03998536216,6.220365611e-10,1.555660667e-08,False,False,1.555660667e-08,0.181370793256,,,
point,single,HYPE,pm2,7,False,False,36494946,1773011507,,1,0.05535290623,0.05535290667,4.429714998e-10,8.002678268e-09,False,False,8.002678268e-09,0.00411577384115,,,
point,single,HYPE,pm2,7,False,False,36571473,1773164561,,1,10.93085574,10.93085574,4.312777691e-09,3.94550783e-10,False,False,3.94550783e-10,-0.170767328998,,,
point,single,HYPE,pm2,7,False,False,36633210,1773288035,,1,0.7027286771,0.7027286735,3.565777673e-09,5.07418836e-09,False,False,5.07418836e-09,-0.108013575651,,,
point,single,HYPE,pm2,7,False,False,37013212,1774048039,,1,0.356119224,0.356119224,4.919376018e-11,1.381384572e-10,False,False,1.381384572e-10,0.0496459752434,,,
point,single,HYPE,pm2,7,False,False,37276626,1774574867,,1,13.28736034,13.2873604,6.375723061e-08,4.79833684e-09,False,False,4.79833684e-09,-0.0645286399301,,,
point,single,HYPE,pm2,7,False,False,37312456,1774646527,,1,2.628992139,2.62899214,1.313569253e-09,4.996474634e-10,False,False,4.996474634e-10,-0.0922389711843,,,
point,single,HYPE,pm2,7,False,False,38342800,1776707215,,1,12.47359404,12.47359402,1.946870398e-08,1.560793459e-09,False,False,1.560793459e-09,-0.052476066861,,,
point,single,HYPE,pm2,7,False,False,38595313,1777212241,,1,12.81605639,12.8160562,1.930008331e-07,1.505929962e-08,False,False,1.505929962e-08,0.0657507276058,,,
point,single,HYPE,pm2,7,False,False,38610408,1777242431,,1,13.95513075,13.95513076,1.19902932e-08,8.59203215e-10,False,False,8.59203215e-10,0.118449274718,,,
point,single,HYPE,pm2,7,False,False,38709633,1777440881,,1,0.337816886,0.3378168855,4.079770966e-10,1.207687104e-09,False,False,1.207687104e-09,-0.169997069377,,,
point,single,HYPE,pm2,7,False,False,38751940,1777525495,,1,1.495629923,1.495629938,1.49916688e-08,1.002364861e-08,False,False,1.002364861e-08,-0.0273326298022,,,
point,single,HYPE,pm2,7,False,False,39142146,1778305907,,1,0.4492662572,0.4492662546,2.591610093e-09,5.768539372e-09,False,False,5.768539372e-09,-0.198906192195,,,
point,single,HYPE,pm2,7,False,False,39213508,1778448631,,1,0.4506838172,0.4506838174,1.942989658e-10,4.311203518e-10,False,False,4.311203518e-10,0.0581090488523,,,
point,single,HYPE,pm2,7,False,False,39282917,1778587449,,1,12.85475985,12.8547598,4.321242209e-08,3.361589217e-09,False,False,3.361589217e-09,0.0160278373578,,,
point,single,HYPE,pm2,7,False,False,39328602,1778678819,,1,0.9416917962,0.9416917968,6.390254992e-10,6.785930405e-10,False,False,6.785930405e-10,0.144304666156,,,
point,single,HYPE,pm2,7,False,False,39519720,1779061055,,1,2.945850689,2.945850695,5.797856417e-09,1.968143341e-09,False,False,1.968143341e-09,0.158849879047,,,
point,single,HYPE,pm2,7,False,False,39596676,1779214967,,1,2.072802955,2.072802954,6.396807528e-10,3.086066388e-10,False,False,3.086066388e-10,0.143216837495,,,
point,single,HYPE,pm2,7,False,False,39634824,1779291263,,1,13.79712046,13.79712064,1.827512044e-07,1.324560476e-08,False,False,1.324560476e-08,-0.0565910472652,,,
point,single,HYPE,pm2,7,False,False,39637234,1779296083,,1,13.89876299,13.89876297,2.651458786e-08,1.907694079e-09,False,False,1.907694079e-09,0.0160623198329,,,
point,single,HYPE,pm2,7,False,False,39743830,1779509275,,1,0.09247263112,0.0924726309,2.193896453e-10,2.372481919e-09,False,False,2.372481919e-09,-0.149215331787,,,
point,single,HYPE,pm2,7,False,False,39767062,1779555739,,1,13.74440518,13.74440518,3.131361836e-11,2.278281086e-12,False,False,2.278281086e-12,-0.127893698658,,,
point,single,HYPE,pm2,7,False,False,39866999,1779755613,,1,7.946001002,7.946000952,5.023354088e-08,6.321864403e-09,False,False,6.321864403e-09,-0.146423684483,,,
point,single,HYPE,pm2,7,False,False,40011831,1780045277,,1,11.95886985,11.9588698,5.077140131e-08,4.245501619e-09,False,False,4.245501619e-09,0.0719059258841,,,
point,single,HYPE,pm2,7,False,False,40143218,1780308051,,1,0.5554050133,0.5554050133,1.841848896e-11,3.31622663e-11,False,False,3.31622663e-11,-0.177675830308,,,
point,single,HYPE,pm2,7,False,False,40234720,1780491055,,1,16.30743541,16.30743541,7.589825657e-09,4.654211692e-10,False,False,4.654211692e-10,-0.0672612143737,,,
point,single,HYPE,pm2,7,False,False,40239995,1780501605,,1,14.9820551,14.98205498,1.181674811e-07,7.887267824e-09,False,False,7.887267824e-09,0.017655264834,,,
point,single,HYPE,pm2,7,False,False,40447890,1780917395,,1,5.471123375,5.471123384,9.607330043e-09,1.756006835e-09,False,False,1.756006835e-09,-0.0958980493794,,,
point,single,HYPE,pm2,7,False,False,40460284,1780942183,,1,15.61053611,15.61053606,5.270791448e-08,3.376432053e-09,False,False,3.376432053e-09,-0.122543788666,,,
point,single,HYPE,pm2,7,False,False,40493407,1781008429,,1,12.43455916,12.43455909,7.157969861e-08,5.756512771e-09,False,False,5.756512771e-09,-0.0631027679919,,,
point,single,HYPE,pm2,7,False,False,40602811,1781227237,,1,11.16453747,11.16453743,4.093863737e-08,3.666845803e-09,False,False,3.666845803e-09,-0.0502985015943,,,
point,single,HYPE,pm2,7,False,False,40911281,1781844177,,1,1.012874305,1.012874299,5.723922003e-09,5.651167153e-09,False,False,5.651167153e-09,0.0642689212277,,,
point,single,HYPE,pm2,7,False,False,40950365,1781922345,,1,2.446655091,2.446655095,3.983979369e-09,1.628337146e-09,False,False,1.628337146e-09,0.190148114628,,,
point,single,HYPE,pm2,7,False,False,41400004,1782821623,,1,1.978475534,1.978475575,4.068856652e-08,2.05656152e-08,False,False,2.05656152e-08,0.00695892281284,,,
point,single,HYPE,pm2,7,False,False,41423775,1782869165,,1,14.06532529,14.06532527,2.236670937e-08,1.590202068e-09,False,False,1.590202068e-09,0.0533601648084,,,
point,single,HYPE,pm2,7,False,False,41615729,1783253073,,1,1.398659253,1.39865926,6.909466554e-09,4.940064236e-09,False,False,4.940064236e-09,-0.00158992289971,,,
point,single,HYPE,pm2,7,False,False,41635828,1783293271,,1,2.160054738,2.16005472,1.739310029e-08,8.052157194e-09,False,False,8.052157194e-09,-0.108940098622,,,
point,single,HYPE,pm2,7,False,False,41896699,1783815013,,1,14.68379242,14.68379247,5.641914669e-08,3.842273514e-09,False,False,3.842273514e-09,-0.118494360262,,,
point,single,HYPE,pm2,7,False,False,41930911,1783883437,,1,1.77259489,1.772594893,3.056374931e-09,1.724237697e-09,False,False,1.724237697e-09,-0.136946585212,,,
point,single,HYPE,pm2,7,False,False,42173497,1784368609,,1,10.58889652,10.58889652,4.743359483e-09,4.479559767e-10,False,False,4.479559767e-10,-0.0348826353194,,,
point,single,HYPE,pm2,7,False,False,42270242,1784562099,,1,0.3928368764,0.3928368738,2.635911101e-09,6.709938039e-09,False,False,6.709938039e-09,-0.0903922807079,,,
point,single,HYPE,pm2,7,False,False,42276532,1784574679,,1,2.332475361,2.332475355,5.840467665e-09,2.50397829e-09,False,False,2.50397829e-09,0.11050556458,,,
point,single,HYPE,pm2,7,False,False,42432591,1784886797,,1,11.69157823,11.69157827,3.584933772e-08,3.066253077e-09,False,False,3.066253077e-09,0.0318048504191,,,
point,single,HYPE,pm2,7,False,False,42448920,1784919455,,1,0.2692647288,0.2692647277,1.117847703e-09,4.151482105e-09,False,False,4.151482105e-09,-0.198566942412,,,
point,single,HYPE,pm2,7,False,False,42594606,1785210827,,1,6.94316421,6.943164153,5.670413117e-08,8.166900487e-09,False,False,8.166900487e-09,-0.0336821870035,,,
point,single,HYPE,pm2,7,False,False,42822978,1785667571,,1,1.043647503,1.043647506,2.810570665e-09,2.693026772e-09,False,False,2.693026772e-09,-0.106378691236,,,
point,single,HYPE,pm2,7,False,False,42945586,1785912787,,1,7.491873937,7.491873867,6.960581533e-08,9.290841774e-09,False,False,9.290841774e-09,0.124585938368,,,
point,single,HYPE,pm2,7,False,False,43105534,1786232683,,1,10.80180888,10.80180906,1.757334527e-07,1.626889112e-08,False,False,1.626889112e-08,-0.0700569140007,,,
point,single,HYPE,pm2,7,False,False,43271271,1786564157,,1,0.9474474242,0.9474474264,2.229896046e-09,2.353582889e-09,False,False,2.353582889e-09,0.0831531963896,,,
point,single,HYPE,pm2,7,False,False,43304145,1786629905,,1,0.3745129394,0.3745129418,2.365904028e-09,6.317282473e-09,False,False,6.317282473e-09,-0.108070567536,,,
point,single,HYPE,pm2,7,False,False,43532840,1787087295,,1,11.10163618,11.10163617,2.864943838e-09,2.580650088e-10,False,False,2.580650088e-10,0.158464774675,,,
point,single,HYPE,pm2,7,False,False,43703643,1787428901,,1,14.45868516,14.45868518,1.566516161e-08,1.083443027e-09,False,False,1.083443027e-09,0.0350350608497,,,
point,single,HYPE,pm2,7,False,False,43831846,1787685307,,1,11.5499505,11.5499508,2.93277175e-07,2.539207202e-08,False,False,2.539207202e-08,0.00176174994013,,,
point,single,HYPE,pm2,7,False,False,43995837,1788013289,,1,2.528100528,2.528100521,7.490560172e-09,2.962920219e-09,False,False,2.962920219e-09,0.0934229129269,,,
point,single,HYPE,pm2,7,False,False,44091157,1788203929,,1,15.09044294,15.09044293,7.613234487e-09,5.045070259e-10,False,False,5.045070259e-10,-0.167146830541,,,
point,single,HYPE,pm2,7,False,False,44228117,1788477849,,1,-0.1135698422,-0.1135698452,2.949982147e-09,2.597504839e-08,False,False,2.597504839e-08,-0.152876610347,,,
point,single,HYPE,pm2,7,False,False,44300077,1788621769,,1,14.9731872,14.97318724,3.937251769e-08,2.629534858e-09,False,False,2.629534858e-09,0.0187129115343,,,
point,single,HYPE,pm2,7,False,False,44409911,1788841437,,1,0.5013792015,0.5013791888,1.269583227e-08,2.532181678e-08,False,False,2.532181678e-08,-0.159655078009,,,
point,single,HYPE,pm2,7,False,False,44948829,1789919273,,1,16.22207844,16.22207842,2.437135294e-08,1.50235699e-09,False,False,1.50235699e-09,0.0569158042797,,,
point,single,HYPE,pm2,7,False,False,44991889,1790005393,,1,10.48833204,10.48833198,6.117321227e-08,5.832501494e-09,False,False,5.832501494e-09,-0.146593064596,,,
point,single,HYPE,pm2,7,False,False,45135923,1790293461,,1,18.57075875,18.57075875,1.427952867e-09,7.689254307e-11,False,False,7.689254307e-11,-0.183274563395,,,
point,single,HYPE,pm2,7,False,False,45244370,1790510355,,1,15.65845304,15.65845287,1.781774479e-07,1.13789943e-08,False,False,1.13789943e-08,0.118157295978,,,
point,single,HYPE,pm2,7,False,False,45269463,1790560541,,1,9.661774418,9.661774305,1.132895644e-07,1.172554435e-08,False,False,1.172554435e-08,0.169058156932,,,
point,single,HYPE,pm2,7,True,True,31454301,1762930217,,1,16.28308118,16.28308117,6.099064365e-09,3.745645125e-10,False,False,3.745645125e-10,-0.118138658676,,,
point,single,HYPE,pm2,7,True,True,31479390,1762980395,,1,15.12325991,15.12325993,2.505590402e-08,1.656779304e-09,False,False,1.656779304e-09,0.058122779269,,,
point,single,HYPE,pm2,7,True,True,31758941,1763539497,,1,5.482640286,5.482640286,1.75550241e-10,3.201928849e-11,False,False,3.201928849e-11,0.0518770141694,,,
point,single,HYPE,pm2,7,True,True,31877129,1763775873,,1,8.082316459,8.08231649,3.105452429e-08,3.842280174e-09,False,False,3.842280174e-09,0.0817572556123,,,
point,single,HYPE,pm2,7,True,True,31918346,1763858307,,1,6.296468423,6.296468489,6.551246834e-08,1.0404637e-08,False,False,1.0404637e-08,-0.0668195859998,,,
point,single,HYPE,pm2,7,True,True,31955936,1763933487,,1,12.98890164,12.98890165,8.776437355e-09,6.756874136e-10,False,False,6.756874136e-10,0.00658567652005,,,
point,single,HYPE,pm2,7,True,True,32095550,1764212715,,1,0.6407746452,0.6407746425,2.677469579e-09,4.178488645e-09,False,False,4.178488645e-09,-0.0446456533519,,,
point,single,HYPE,pm2,7,True,True,32124233,1764270081,,1,14.24634514,14.24634513,9.837137327e-09,6.905025274e-10,False,False,6.905025274e-10,0.136377750145,,,
point,single,HYPE,pm2,7,True,True,32306431,1764634477,,1,0.8195011214,0.8195011217,2.622894124e-10,3.200598578e-10,False,False,3.200598578e-10,0.0796843383408,,,
point,single,HYPE,pm2,7,True,True,32461709,1764945033,,1,4.272085151,4.272085147,4.160784606e-09,9.739470209e-10,False,False,9.739470209e-10,0.0656317432126,,,
point,single,HYPE,pm2,7,True,True,32587158,1765195931,,1,12.80094574,12.80094576,1.74963013e-08,1.366797552e-09,False,False,1.366797552e-09,-0.0931694846787,,,
point,single,HYPE,pm2,7,True,True,32629850,1765281315,,1,0.2628344397,0.2628344405,7.577477534e-10,2.882985024e-09,False,False,2.882985024e-09,0.0815635955436,,,
point,single,HYPE,pm2,7,True,True,33164937,1766351489,,1,9.746924456,9.746924442,1.433450691e-08,1.470669746e-09,False,False,1.470669746e-09,0.0133495574515,,,
point,single,HYPE,pm2,7,True,True,33192355,1766406325,,1,0.5247817964,0.524781794,2.387083642e-09,4.548716549e-09,False,False,4.548716549e-09,0.157776584801,,,
point,single,HYPE,pm2,7,True,True,33338335,1766698285,,1,0.09820899817,0.09820899865,4.787401309e-10,4.874707407e-09,False,False,4.874707407e-09,-0.0598888693596,,,
point,single,HYPE,pm2,7,True,True,33450790,1766923195,,1,0.1565164985,0.1565164992,6.770758676e-10,4.325907327e-09,False,False,4.325907327e-09,-0.056639317701,,,
point,single,HYPE,pm2,7,True,True,33752948,1767527511,,1,8.445067141,8.445067144,2.708322455e-09,3.206987476e-10,False,False,3.206987476e-10,0.171739159821,,,
point,single,HYPE,pm2,7,True,True,33806514,1767634643,,1,9.891834997,9.891834991,6.427477217e-09,6.497760243e-10,False,False,6.497760243e-10,0.133991974602,,,
point,single,HYPE,pm2,7,True,True,33833174,1767687963,,1,0.6130359772,0.6130359778,5.725542263e-10,9.339651302e-10,False,False,9.339651302e-10,-0.0123875402575,,,
point,single,HYPE,pm2,7,True,True,33836761,1767695137,,1,10.07770657,10.07770656,9.597837192e-09,9.523830766e-10,False,False,9.523830766e-10,-0.122922385459,,,
point,single,HYPE,pm2,7,True,True,34208616,1768438847,,1,8.276740222,8.276740223,1.557371121e-09,1.881623778e-10,False,False,1.881623778e-10,-0.120724793884,,,
point,single,HYPE,pm2,7,True,True,34239752,1768501119,,1,0.6349679164,0.6349679173,8.335179214e-10,1.312692972e-09,False,False,1.312692972e-09,0.0996828270276,,,
point,single,HYPE,pm2,7,True,True,34248908,1768519431,,1,9.463626028,9.463626057,2.903670016e-08,3.06824256e-09,False,False,3.06824256e-09,-0.111277297817,,,
point,single,HYPE,pm2,7,True,True,34479068,1768979751,,1,8.86906493,8.869064935,4.869423975e-09,5.490346517e-10,False,False,5.490346517e-10,-0.0128275075138,,,
point,single,HYPE,pm2,7,True,True,34598786,1769219187,,1,2.390440682,2.390440681,9.629186337e-11,4.028205515e-11,False,False,4.028205515e-11,0.049775158985,,,
point,single,HYPE,pm2,7,True,True,34638152,1769297919,,1,1.792494097,1.7924941,3.0837497e-09,1.72036812e-09,False,False,1.72036812e-09,-0.17632583615,,,
point,single,HYPE,pm2,7,True,True,34778558,1769578731,,1,11.8801106,11.88011062,2.632048179e-08,2.215508145e-09,False,False,2.215508145e-09,0.161603474404,,,
point,single,HYPE,pm2,7,True,True,34930553,1769882721,,1,0.7516407734,0.7516407755,2.021668388e-09,2.689673658e-09,False,False,2.689673658e-09,0.127186774455,,,
point,single,HYPE,pm2,7,True,True,35272764,1770567143,,1,1.090510538,1.090510541,3.184347452e-09,2.920051978e-09,False,False,2.920051978e-09,-0.0398557688577,,,
point,single,HYPE,pm2,7,True,True,35297841,1770617297,,1,10.02781928,10.02781929,1.597543431e-09,1.593111509e-10,False,False,1.593111509e-10,-0.0349290053314,,,
point,single,HYPE,pm2,7,True,True,35401023,1770823661,,1,8.834924257,8.834924214,4.35242562e-08,4.926387022e-09,False,False,4.926387022e-09,0.0103757597384,,,
point,single,HYPE,pm2,7,True,True,35430762,1770883139,,1,11.57487108,11.57487106,2.012509093e-08,1.738688128e-09,False,False,1.738688128e-09,0.086529880115,,,
point,single,HYPE,pm2,7,True,True,35515291,1771052197,,1,5.34533144,5.345331435,5.323196106e-09,9.958589408e-10,False,False,9.958589408e-10,0.0133285752598,,,
point,single,HYPE,pm2,7,True,True,35954364,1771930343,,1,0.3118490422,0.3118490417,5.069038522e-10,1.625478304e-09,False,False,1.625478304e-09,0.0672666063438,,,
point,single,HYPE,pm2,7,True,True,36084746,1772191107,,1,2.795504632,2.795504634,1.552690421e-09,5.554240199e-10,False,False,5.554240199e-10,0.18132654451,,,
point,single,HYPE,pm2,7,True,True,36146165,1772313945,,1,1.555369442,1.55536944,1.340168643e-09,8.616400752e-10,False,False,8.616400752e-10,0.169291850091,,,
point,single,HYPE,pm2,7,True,True,36374094,1772769803,,1,0.9709032799,0.9709032813,1.327272403e-09,1.367049047e-09,False,False,1.367049047e-09,-0.0590749500248,,,
point,single,HYPE,pm2,7,True,True,36391018,1772803651,,1,0.08004391166,0.08004391352,1.866109656e-09,2.331357398e-08,False,False,2.331357398e-08,-0.11474513783,,,
point,single,HYPE,pm2,7,True,True,36494946,1773011507,,1,0.06199805953,0.06199806039,8.616641012e-10,1.389824307e-08,False,False,1.389824307e-08,0.00716166041151,,,
point,single,HYPE,pm2,7,True,True,36571473,1773164561,,1,13.41716227,13.41716228,4.252038721e-09,3.169104342e-10,False,False,3.169104342e-10,-0.0343835089181,,,
point,single,HYPE,pm2,7,True,True,36633210,1773288035,,1,0.8116712738,0.8116712844,1.059040355e-08,1.304765106e-08,False,False,1.304765106e-08,0.0729774629441,,,
point,single,HYPE,pm2,7,True,True,37013212,1774048039,,1,0.411642328,0.4116423281,1.475811695e-10,3.585179644e-10,False,False,3.585179644e-10,0.0397508179731,,,
point,single,HYPE,pm2,7,True,True,37276626,1774574867,,1,16.1259667,16.12596677,6.285933907e-08,3.898019897e-09,False,False,3.898019897e-09,0.132091751844,,,
point,single,HYPE,pm2,7,True,True,37312456,1774646527,,1,3.144711853,3.144711849,3.106034097e-09,9.877006995e-10,False,False,9.877006995e-10,-0.0434674161934,,,
point,single,HYPE,pm2,7,True,True,38342800,1776707215,,1,15.25044263,15.25044261,1.920640536e-08,1.259399863e-09,False,False,1.259399863e-09,0.0943729129168,,,
point,single,HYPE,pm2,7,True,True,38595313,1777212241,,1,15.6939752,15.69397501,1.903494145e-07,1.212882091e-08,False,False,1.212882091e-08,-0.0409976830677,,,
point,single,HYPE,pm2,7,True,True,38610408,1777242431,,1,17.04277616,17.04277617,1.18214345e-08,6.936331492e-10,False,False,6.936331492e-10,0.19195335398,,,
point,single,HYPE,pm2,7,True,True,38709633,1777440881,,1,0.5465493421,0.5465493434,1.223930846e-09,2.239378499e-09,False,False,2.239378499e-09,-0.189112657189,,,
point,single,HYPE,pm2,7,True,True,38751940,1777525495,,1,1.837950481,1.837950486,4.417367805e-09,2.403420467e-09,False,False,2.403420467e-09,0.166481453652,,,
point,single,HYPE,pm2,7,True,True,39142146,1778305907,,1,0.6517671771,0.6517671848,7.618763842e-09,1.168939479e-08,False,False,1.168939479e-08,0.177321499509,,,
point,single,HYPE,pm2,7,True,True,39213508,1778448631,,1,0.6079485293,0.6079485287,5.828953986e-10,9.587907044e-10,False,False,9.587907044e-10,0.0567133609419,,,
point,single,HYPE,pm2,7,True,True,39282917,1778587449,,1,15.65292788,15.65292784,4.260390085e-08,2.721784779e-09,False,False,2.721784779e-09,-0.0338578939477,,,
point,single,HYPE,pm2,7,True,True,39328602,1778678819,,1,1.174166155,1.174166153,1.835106733e-09,1.562902087e-09,False,False,1.562902087e-09,-0.0347069117467,,,
point,single,HYPE,pm2,7,True,True,39519720,1779061055,,1,3.600573293,3.600573291,2.160697399e-09,6.000981574e-10,False,False,6.000981574e-10,0.0956890475393,,,
point,single,HYPE,pm2,7,True,True,39596676,1779214967,,1,2.570203085,2.570203087,1.913638581e-09,7.445476165e-10,False,False,7.445476165e-10,0.197910685093,,,
point,single,HYPE,pm2,7,True,True,39634824,1779291263,,1,17.11408535,17.11408553,1.812567199e-07,1.059108425e-08,False,False,1.059108425e-08,-0.0794548007052,,,
point,single,HYPE,pm2,7,True,True,39637234,1779296083,,1,17.05888555,17.05888553,2.165767654e-08,1.269583319e-09,False,False,1.269583319e-09,-0.191272638304,,,
point,single,HYPE,pm2,7,True,True,39743830,1779509275,,1,0.1225821066,0.1225821073,6.581688389e-10,5.369208092e-09,False,False,5.369208092e-09,0.0803678509607,,,
point,single,HYPE,pm2,7,True,True,39767062,1779555739,,1,16.88328581,16.88328581,2.576072688e-11,1.525812403e-12,False,False,1.525812403e-12,-0.00286719835524,,,
point,single,HYPE,pm2,7,True,True,39866999,1779755613,,1,10.04269775,10.0426977,4.902658191e-08,4.881813943e-09,False,False,4.881813943e-09,0.125459626155,,,
point,single,HYPE,pm2,7,True,True,40011831,1780045277,,1,14.83722887,14.83722882,5.047815321e-08,3.402128097e-09,False,False,3.402128097e-09,-0.152150067905,,,
point,single,HYPE,pm2,7,True,True,40143218,1780308051,,1,0.6245949867,0.6245949867,1.841837793e-11,2.948851388e-11,False,False,2.948851388e-11,0.016617319974,,,
point,single,HYPE,pm2,7,True,True,40234720,1780491055,,1,20.37283265,20.37283265,3.367830459e-10,1.65309877e-11,False,False,1.65309877e-11,-0.0746864565651,,,
point,single,HYPE,pm2,7,True,True,40239995,1780501605,,1,18.45209223,18.45209212,1.114840593e-07,6.041811297e-09,False,False,6.041811297e-09,0.00522380181818,,,
point,single,HYPE,pm2,7,True,True,40447890,1780917395,,1,6.423829934,6.42382994,5.66807401e-09,8.823511937e-10,False,False,8.823511937e-10,-0.149610203906,,,
point,single,HYPE,pm2,7,True,True,40460284,1780942183,,1,19.21062813,19.21062807,5.38472662e-08,2.802993523e-09,False,False,2.802993523e-09,0.0992083810509,,,
point,single,HYPE,pm2,7,True,True,40493407,1781008429,,1,15.42798632,15.42798625,7.114191902e-08,4.611225181e-09,False,False,4.611225181e-09,0.18842534138,,,
point,single,HYPE,pm2,7,True,True,40602811,1781227237,,1,13.83301012,13.83301008,4.057062242e-08,2.932884604e-09,False,False,2.932884604e-09,0.111933721635,,,
point,single,HYPE,pm2,7,True,True,40911281,1781844177,,1,1.503489383,1.503489388,5.045544871e-09,3.355889924e-09,False,False,3.355889924e-09,-0.0874321014553,,,
point,single,HYPE,pm2,7,True,True,40950365,1781922345,,1,2.753342369,2.753342365,3.98314226e-09,1.44665709e-09,False,False,1.44665709e-09,0.143139432031,,,
point,single,HYPE,pm2,7,True,True,41400004,1782821623,,1,2.507708698,2.507708713,1.554840434e-08,6.200243416e-09,False,False,6.200243416e-09,0.137792013933,,,
point,single,HYPE,pm2,7,True,True,41423775,1782869165,,1,17.21381095,17.21381092,2.032457402e-08,1.180713213e-09,False,False,1.180713213e-09,-0.0242070294161,,,
point,single,HYPE,pm2,7,True,True,41615729,1783253073,,1,1.737750512,1.737750511,2.163478285e-10,1.244987857e-10,False,False,1.244987857e-10,0.0875760689083,,,
point,single,HYPE,pm2,7,True,True,41635828,1783293271,,1,2.653276148,2.653276149,1.508212222e-09,5.684339427e-10,False,False,5.684339427e-10,-0.0609997098059,,,
point,single,HYPE,pm2,7,True,True,41896699,1783815013,,1,18.08918807,18.08918813,5.520108459e-08,3.051606538e-09,False,False,3.051606538e-09,-0.0642654183053,,,
point,single,HYPE,pm2,7,True,True,41930911,1783883437,,1,2.269583983,2.26958398,2.984554381e-09,1.315022667e-09,False,False,1.315022667e-09,-0.156129533982,,,
point,single,HYPE,pm2,7,True,True,42173497,1784368609,,1,13.09604691,13.09604691,4.701538714e-09,3.590044191e-10,False,False,3.590044191e-10,-0.114633471401,,,
point,single,HYPE,pm2,7,True,True,42270242,1784562099,,1,0.4685631236,0.4685631262,2.635911101e-09,5.625519739e-09,False,False,5.625519739e-09,0.102185601642,,,
point,single,HYPE,pm2,7,True,True,42276532,1784574679,,1,2.715593308,2.715593314,5.340619502e-09,1.966649235e-09,False,False,1.966649235e-09,-0.135971605952,,,
point,single,HYPE,pm2,7,True,True,42432591,1784886797,,1,14.42816826,14.4281683,3.850693986e-08,2.668872387e-09,False,False,2.668872387e-09,-0.0282619988717,,,
point,single,HYPE,pm2,7,True,True,42448920,1784919455,,1,0.3562767773,0.3562767783,1.003985339e-09,2.817992649e-09,False,False,2.817992649e-09,-0.0342120114079,,,
point,single,HYPE,pm2,7,True,True,42594606,1785210827,,1,8.899615089,8.899615029,5.998541042e-08,6.740225258e-09,False,False,6.740225258e-09,0.170390830986,,,
point,single,HYPE,pm2,7,True,True,42822978,1785667571,,1,1.376352443,1.37635244,2.810520039e-09,2.042006067e-09,False,False,2.042006067e-09,0.167589837515,,,
point,single,HYPE,pm2,7,True,True,42945586,1785912787,,1,9.098074423,9.098074361,6.205366887e-08,6.820527727e-09,False,False,6.820527727e-09,-0.073022452614,,,
point,single,HYPE,pm2,7,True,True,43105534,1786232683,,1,13.35602745,13.35602764,1.908328109e-07,1.428814156e-08,False,False,1.428814156e-08,-0.192859826718,,,
point,single,HYPE,pm2,7,True,True,43271271,1786564157,,1,1.212552523,1.21255252,2.22987584e-09,1.838993197e-09,False,False,1.838993197e-09,-0.0555443560422,,,
point,single,HYPE,pm2,7,True,True,43304145,1786629905,,1,0.4654870606,0.4654870582,2.365903751e-09,5.082641283e-09,False,False,5.082641283e-09,0.0573960413824,,,
point,single,HYPE,pm2,7,True,True,43532840,1787087295,,1,13.66904027,13.66904027,2.624014783e-09,1.91967741e-10,False,False,1.91967741e-10,0.172437999767,,,
point,single,HYPE,pm2,7,True,True,43703643,1787428901,,1,18.55905531,18.55905533,1.612901812e-08,8.690646076e-10,False,False,8.690646076e-10,0.0944238045578,,,
point,single,HYPE,pm2,7,True,True,43831846,1787685307,,1,14.87549698,14.87549728,2.97294477e-07,1.998551561e-08,False,False,1.998551561e-08,-0.0649691264775,,,
point,single,HYPE,pm2,7,True,True,43995837,1788013289,,1,2.969999956,2.969999956,1.687538997e-14,5.681949571e-15,False,True,1e-13,0.0522806193502,,,
point,single,HYPE,pm2,7,True,True,44091157,1788203929,,1,19.10550471,19.1055047,2.972882385e-09,1.556034468e-10,False,False,1.556034468e-10,0.0994526468127,,,
point,single,HYPE,pm2,7,True,True,44228117,1788477849,,1,0.6145771694,0.6145771694,0,0,True,False,,-0.0397572608078,-0.322246697796,,
point,single,HYPE,pm2,7,True,True,44300077,1788621769,,1,18.74131292,18.74131296,4.098370709e-08,2.186810886e-09,False,False,2.186810886e-09,-0.141429210763,,,
point,single,HYPE,pm2,7,True,True,44409911,1788841437,,1,0.7639772718,0.7639772717,9.009570867e-11,1.179298285e-10,False,False,1.179298285e-10,0.0116626076862,,,
point,single,HYPE,pm2,7,True,True,44948829,1789919273,,1,20.22289498,20.22289496,2.630166662e-08,1.300588597e-09,False,False,1.300588597e-09,0.194772385465,,,
point,single,HYPE,pm2,7,True,True,44991889,1790005393,,1,13.10277813,13.10277807,5.686567839e-08,4.339971098e-09,False,False,4.339971098e-09,-0.015723452531,,,
point,single,HYPE,pm2,7,True,True,45135923,1790293461,,1,23.357707,23.357707,4.369447026e-10,1.870666083e-11,False,False,1.870666083e-11,0.067925585433,,,
point,single,HYPE,pm2,7,True,True,45244370,1790510355,,1,19.61751338,19.61751319,1.909051797e-07,9.731364825e-09,False,False,9.731364825e-09,0.135946908628,,,
point,single,HYPE,pm2,7,True,True,45269463,1790560541,,1,12.5730373,12.57303719,1.071606377e-07,8.523050966e-09,False,False,8.523050966e-09,0.117941667674,,,
n,single,BTC,sm,0,True,True,,,,,,,,,,,,,,100,100
median,single,BTC,sm,0,True,True,,,,,,,,,,,,,,4.96946782e-12,
p95,single,BTC,sm,0,True,True,,,,,,,,,,,,,,1.34784781055e-08,
max,single,BTC,sm,0,True,False,,,,,,,,,,,,,,1.666963401e-08,
exact_zeros,single,BTC,sm,0,True,False,,,,,,,,,,,,,,48,
n,single,BTC,pm,1,True,True,,,,,,,,,,,,,,100,100
median,single,BTC,pm,1,True,True,,,,,,,,,,,,,,1.845022753e-09,
p95,single,BTC,pm,1,True,True,,,,,,,,,,,,,,1.5655559549e-08,
max,single,BTC,pm,1,True,False,,,,,,,,,,,,,,5.26661466e-08,
exact_zeros,single,BTC,pm,1,True,False,,,,,,,,,,,,,,0,
n,single,BTC,pm2,2,True,True,,,,,,,,,,,,,,100,100
median,single,BTC,pm2,2,True,True,,,,,,,,,,,,,,1.315653417e-10,
p95,single,BTC,pm2,2,True,True,,,,,,,,,,,,,,1.09449771175e-08,
max,single,BTC,pm2,2,True,False,,,,,,,,,,,,,,3.397641248e-08,
exact_zeros,single,BTC,pm2,2,True,False,,,,,,,,,,,,,,16,
n,single,ETH,sm,3,True,True,,,,,,,,,,,,,,100,100
median,single,ETH,sm,3,True,True,,,,,,,,,,,,,,0,
p95,single,ETH,sm,3,True,True,,,,,,,,,,,,,,5.4221000248e-09,
max,single,ETH,sm,3,True,False,,,,,,,,,,,,,,2.431568472e-08,
exact_zeros,single,ETH,sm,3,True,False,,,,,,,,,,,,,,57,
n,single,ETH,pm,4,True,True,,,,,,,,,,,,,,100,100
median,single,ETH,pm,4,True,True,,,,,,,,,,,,,,2.690934048e-09,
p95,single,ETH,pm,4,True,True,,,,,,,,,,,,,,1.82124940555e-08,
max,single,ETH,pm,4,True,False,,,,,,,,,,,,,,8.316232782e-08,
exact_zeros,single,ETH,pm,4,True,False,,,,,,,,,,,,,,0,
n,single,ETH,pm2,5,True,True,,,,,,,,,,,,,,100,100
median,single,ETH,pm2,5,True,True,,,,,,,,,,,,,,6.322479234e-10,
p95,single,ETH,pm2,5,True,True,,,,,,,,,,,,,,2.160013501e-08,
max,single,ETH,pm2,5,True,False,,,,,,,,,,,,,,3.952824728e-08,
exact_zeros,single,ETH,pm2,5,True,False,,,,,,,,,,,,,,13,
n,single,HYPE,sm,6,True,True,,,,,,,,,,,,,,100,100
median,single,HYPE,sm,6,True,True,,,,,,,,,,,,,,5.3521653345e-11,
p95,single,HYPE,sm,6,True,True,,,,,,,,,,,,,,9.5929850875e-09,
max,single,HYPE,sm,6,True,False,,,,,,,,,,,,,,1.527099774e-08,
exact_zeros,single,HYPE,sm,6,True,False,,,,,,,,,,,,,,48,
n,single,HYPE,pm2,7,True,True,,,,,,,,,,,,,,100,100
median,single,HYPE,pm2,7,True,True,,,,,,,,,,,,,,1.641128804e-09,
p95,single,HYPE,pm2,7,True,True,,,,,,,,,,,,,,1.21747624175e-08,
max,single,HYPE,pm2,7,True,False,,,,,,,,,,,,,,2.331357398e-08,
exact_zeros,single,HYPE,pm2,7,True,False,,,,,,,,,,,,,,1,
n,single,BTC,sm,0,False,False,,,,,,,,,,,,,,100,100
median,single,BTC,sm,0,False,False,,,,,,,,,,,,,,7.5483061675e-12,
p95,single,BTC,sm,0,False,False,,,,,,,,,,,,,,1.9445717902e-08,
max,single,BTC,sm,0,False,False,,,,,,,,,,,,,,2.984839508e-08,
exact_zeros,single,BTC,sm,0,False,False,,,,,,,,,,,,,,48,
n,single,BTC,pm,1,False,False,,,,,,,,,,,,,,100,100
median,single,BTC,pm,1,False,False,,,,,,,,,,,,,,1.2571528305e-10,
p95,single,BTC,pm,1,False,False,,,,,,,,,,,,,,1.7363591789e-08,
max,single,BTC,pm,1,False,False,,,,,,,,,,,,,,5.276584502e-08,
exact_zeros,single,BTC,pm,1,False,False,,,,,,,,,,,,,,18,
n,single,BTC,pm2,2,False,False,,,,,,,,,,,,,,100,100
median,single,BTC,pm2,2,False,False,,,,,,,,,,,,,,2.149958525e-09,
p95,single,BTC,pm2,2,False,False,,,,,,,,,,,,,,3.23897654675e-08,
max,single,BTC,pm2,2,False,False,,,,,,,,,,,,,,7.244774762e-08,
exact_zeros,single,BTC,pm2,2,False,False,,,,,,,,,,,,,,0,
n,single,ETH,sm,3,False,False,,,,,,,,,,,,,,100,100
median,single,ETH,sm,3,False,False,,,,,,,,,,,,,,0,
p95,single,ETH,sm,3,False,False,,,,,,,,,,,,,,8.37483934745e-09,
max,single,ETH,sm,3,False,False,,,,,,,,,,,,,,3.815802068e-08,
exact_zeros,single,ETH,sm,3,False,False,,,,,,,,,,,,,,57,
n,single,ETH,pm,4,False,False,,,,,,,,,,,,,,100,100
median,single,ETH,pm,4,False,False,,,,,,,,,,,,,,4.0379185325e-10,
p95,single,ETH,pm,4,False,False,,,,,,,,,,,,,,1.6217291859e-08,
max,single,ETH,pm,4,False,False,,,,,,,,,,,,,,3.800319504e-08,
exact_zeros,single,ETH,pm,4,False,False,,,,,,,,,,,,,,16,
n,single,ETH,pm2,5,False,False,,,,,,,,,,,,,,100,100
median,single,ETH,pm2,5,False,False,,,,,,,,,,,,,,3.671632562e-09,
p95,single,ETH,pm2,5,False,False,,,,,,,,,,,,,,3.6324750998e-08,
max,single,ETH,pm2,5,False,False,,,,,,,,,,,,,,1.198737547e-07,
exact_zeros,single,ETH,pm2,5,False,False,,,,,,,,,,,,,,0,
n,single,HYPE,sm,6,False,False,,,,,,,,,,,,,,100,100
median,single,HYPE,sm,6,False,False,,,,,,,,,,,,,,7.5818125555e-11,
p95,single,HYPE,sm,6,False,False,,,,,,,,,,,,,,1.39128514575e-08,
max,single,HYPE,sm,6,False,False,,,,,,,,,,,,,,2.120669872e-08,
exact_zeros,single,HYPE,sm,6,False,False,,,,,,,,,,,,,,48,
n,single,HYPE,pm2,7,False,False,,,,,,,,,,,,,,100,100
median,single,HYPE,pm2,7,False,False,,,,,,,,,,,,,,2.0774766215e-09,
p95,single,HYPE,pm2,7,False,False,,,,,,,,,,,,,,1.55922208925e-08,
max,single,HYPE,pm2,7,False,False,,,,,,,,,,,,,,2.597504839e-08,
exact_zeros,single,HYPE,pm2,7,False,False,,,,,,,,,,,,,,0,
threshold,,,median,,,True,,,,,,,,,,,,,,0.001,median bound 0.1 %
threshold,,,p95,,,True,,,,,,,,,,,,,,0.01,P95 bound 1 %
revert_cases,single,,,,,False,,,,,,,,,,,,,,0,
revert_rows,single,,,,,False,,,,,,,,,,,,,,0,
