map,cell,ccy,side,delta_bucket,tenor_bucket,fills,contracts,fills_k_le_0,sum_edge,sum_index,sum_K,sum_den,scale,occupied,A_bp,B_bp,rank_A,rank_B,rank_shift,A_lo,A_hi,B_lo,B_hi,rank_A_lo,rank_A_hi,rank_B_lo,rank_B_hi
pm2,BTC|buy|00-10|2-7d,BTC,buy,00-10,2-7d,2259,3724.674916955914,0,68127.87167872435,275494476.7852959,310449.86436221877,310449.86436221877,1.0,True,2.4729305819012546,2194.488692036787,85.0,5.0,-80.0,1.1515663108331504,3.81123876214118,1027.5810168251144,3594.966411191559,73.0,98.0,3.0,16.0
pm2,BTC|buy|00-10|30-90d,BTC,buy,00-10,30-90d,1061,3691.3077370665183,2,182379.86144893864,268896760.6410184,1095682.1592089878,1095682.1592089878,1.0,True,6.782523560870216,1664.532546378278,60.0,7.0,-53.0,5.204047005065262,8.194419975737297,1219.968844363379,2244.1566345488604,55.0,71.0,4.0,14.0
pm2,BTC|buy|00-10|7-30d,BTC,buy,00-10,7-30d,2003,4213.8085279094985,7,88280.0253567816,305339501.18033373,578558.3572326835,578558.3572326835,1.0,True,2.891208802514004,1525.8620717024285,80.0,9.0,-71.0,1.931144338612762,3.9920248781829617,1035.4672414097258,2037.2534819567488,72.0,90.0,5.0,16.0
pm2,BTC|buy|00-10|<=2d,BTC,buy,00-10,<=2d,2209,2196.407384557396,0,-29564.44948030354,166832040.98966768,121893.99913402354,121893.99913402354,1.0,True,-1.7721086012569098,-2425.4228830245506,122.0,181.0,59.0,-3.0666277602763667,-0.6641050199389604,-3620.6214611829596,-1054.6604952204375,114.0,134.0,180.0,181.0
pm2,BTC|buy|00-10|>90d,BTC,buy,00-10,>90d,423,1694.2726089303912,2,152334.16823279145,117117563.05310363,499009.34618057834,499009.34618057834,1.0,True,13.006944839154471,3052.731765421999,41.0,3.0,-38.0,3.6720145491472946,18.27689877812377,625.436569953755,9230.371384506076,32.0,76.0,1.0,26.0
pm2,BTC|buy|10-25|2-7d,BTC,buy,10-25,2-7d,3418,5924.722609999993,0,64528.10715373823,440901313.04863405,1817233.1035535592,1817233.1035535592,1.0,True,1.4635498975395518,355.0898727717151,90.0,36.0,-54.0,-1.8435689514808746,4.768895727561433,-389.53694115334304,1328.7041848481156,69.0,126.0,12.0,170.0
pm2,BTC|buy|10-25|30-90d,BTC,buy,10-25,30-90d,1961,3754.4555819764687,0,220211.06749440214,275977039.4202416,3240308.9286515303,3240308.9286515303,1.0,True,7.979325669882185,679.5989899211369,56.0,25.0,-31.0,5.726126371139343,9.925402104109692,456.802548514993,883.7438274762696,50.0,68.0,19.0,33.0
pm2,BTC|buy|10-25|7-30d,BTC,buy,10-25,7-30d,3444,5084.8181825111515,0,107556.23430528959,378462278.6703313,2738178.7251323005,2738178.7251323005,1.0,True,2.8419274619169914,392.8020962185103,81.0,32.0,-49.0,1.5342116106824728,4.134916868508419,201.0593268430208,597.0449001400143,71.0,93.0,27.0,50.0
pm2,BTC|buy|10-25|<=2d,BTC,buy,10-25,<=2d,2872,1681.7235419999727,0,-11369.225317826103,128269907.61394277,265053.1955102544,265053.1955102544,1.0,True,-0.8863517195353686,-428.941265768903,114.0,173.0,59.0,-2.037659757913748,0.22547836805206864,-959.7985315300152,111.63801319063109,105.0,129.0,61.0,179.0
pm2,BTC|buy|10-25|>90d,BTC,buy,10-25,>90d,625,1851.8525112313132,2,242724.43733266953,141349254.55823362,2782943.317583294,2782943.317583294,1.0,True,17.171964443057675,872.1860621417588,35.0,20.0,-15.0,11.978022000626437,19.67145148526695,514.7617492018096,1067.4591380682807,29.0,47.0,15.0,30.0
pm2,BTC|buy|25-40|2-7d,BTC,buy,25-40,2-7d,1724,1899.9409219132874,0,-16616.329336433017,133827552.6527516,1252106.7488281757,1252106.7488281757,1.0,True,-1.2416224467280037,-132.7069704878114,117.0,153.0,36.0,-6.1103324067551315,1.1774485454119683,-670.6784718615061,123.3628725084455,96.0,147.0,59.0,177.0
pm2,BTC|buy|25-40|30-90d,BTC,buy,25-40,30-90d,1842,1392.6729665783673,0,10417.17129486432,111069968.91094509,3333961.5478767864,3333961.5478767864,1.0,True,0.9378926992602937,31.245625197742406,99.0,81.0,-18.0,-2.2868625589712455,4.4232565495913025,-76.31809493164889,146.90716555481438,71.0,128.0,55.0,143.0
pm2,BTC|buy|25-40|7-30d,BTC,buy,25-40,7-30d,2690,4536.390241060661,0,32772.29887960242,338134097.1451472,6168371.115461041,6168371.115461041,1.0,True,0.9692101197808101,53.12958359048559,98.0,69.0,-29.0,-2.3264236770274627,3.3902638917449566,-140.57592447665874,175.35358590650426,76.0,129.0,52.0,154.0
pm2,BTC|buy|25-40|<=2d,BTC,buy,25-40,<=2d,2174,1052.1942770000005,0,-18624.69166470446,82702907.66400895,411154.76135014213,411154.76135014213,1.0,True,-2.2519996201789705,-452.9849442469073,128.0,175.0,47.0,-4.064415294890217,-0.3224424983495336,-826.6847711659528,-64.27108651576462,111.0,140.0,140.0,178.0
pm2,BTC|buy|25-40|>90d,BTC,buy,25-40,>90d,542,610.9403282354809,1,51955.66328836472,51397764.859522216,1997209.6497493726,1997209.6497493726,1.0,True,10.108545270473789,260.14125905552567,48.0,42.0,-6.0,5.499419761238951,17.208633568744467,157.0229649892435,373.94178898967033,35.0,68.0,36.0,55.0
pm2,BTC|buy|40-60|2-7d,BTC,buy,40-60,2-7d,2085,2462.631527725737,0,-140977.92638966074,191229795.91991636,3404531.4494820386,3404531.4494820386,1.0,True,-7.372173656907514,-414.0890706446814,151.0,172.0,21.0,-10.478200282047164,-3.691954740481898,-593.5945520759294,-207.56504211343875,135.0,159.0,162.0,176.0
pm2,BTC|buy|40-60|30-90d,BTC,buy,40-60,30-90d,1968,2656.1469040851057,0,-285686.3793151727,218884824.5583354,11796149.757707244,11796149.757707244,1.0,True,-13.051904347029497,-242.18612444159072,159.0,167.0,8.0,-31.05024624371257,-1.8613355501750641,-574.3813435284076,-34.704448491329714,126.0,172.0,132.0,175.0
pm2,BTC|buy|40-60|7-30d,BTC,buy,40-60,7-30d,2595,2317.112974460847,1,-69960.79848304378,181338842.68358234,6017005.42536595,6017005.42536595,1.0,True,-3.8580150533506044,-116.27178893359368,139.0,148.0,9.0,-7.689221242603771,-0.4492785415998924,-244.14598648948376,-13.275959448471472,113.0,151.0,120.0,165.0
pm2,BTC|buy|40-60|<=2d,BTC,buy,40-60,<=2d,2355,1181.472832522489,0,-33989.29965669814,94474957.04452208,834158.9700674353,834158.9700674353,1.0,True,-3.5977046955078698,-407.4678913295192,138.0,171.0,33.0,-6.579589655928893,-0.5081157054617512,-774.870540401888,-56.25717648096247,113.0,149.0,138.0,178.0
pm2,BTC|buy|40-60|>90d,BTC,buy,40-60,>90d,617,424.9740583570257,0,53607.90746759576,34239996.33974138,2545886.433081484,2545886.433081484,1.0,True,15.65651670510683,210.56676673008525,38.0,49.0,11.0,11.386715483152498,20.6719632798914,151.97593255245178,275.0670969434441,28.0,48.0,41.0,56.0
pm2,BTC|buy|60-75|2-7d,BTC,buy,60-75,2-7d,942,977.942774747913,0,-27339.42229389856,77082232.24172649,2196401.157411085,2196401.157411085,1.0,True,-3.5467865289841805,-124.47372012007017,137.0,150.0,13.0,-8.903437311732993,1.5693711732019682,-325.9834176364981,53.80444831513475,92.0,154.0,73.0,169.0
pm2,BTC|buy|60-75|30-90d,BTC,buy,60-75,30-90d,566,1121.7226745889857,0,195470.0379779214,84834145.49823053,5446842.578639535,5446842.578639535,1.0,True,23.041434180768462,358.8685282451181,25.0,34.0,9.0,-2.9616691040793994,34.685114090863216,-40.738636836069034,587.9677614349854,12.0,133.0,28.0,134.0
pm2,BTC|buy|60-75|7-30d,BTC,buy,60-75,7-30d,903,1270.7951439006624,0,-60210.55196681071,96058141.2712208,4749599.426788743,4749599.426788743,1.0,True,-6.2681362735102075,-126.76974741745691,147.0,151.0,4.0,-12.626491574111359,-3.022339200342947,-274.7965069003282,-58.42916175720079,132.0,161.0,138.0,167.0
pm2,BTC|buy|60-75|<=2d,BTC,buy,60-75,<=2d,887,744.0871800000008,0,-50097.862643657405,56717510.89249681,913040.7862021825,913040.7862021825,1.0,True,-8.832873984652398,-548.6924943631576,154.0,176.0,22.0,-14.680754577200512,-0.8575261600980926,-807.4356956837836,-62.64714418457451,116.0,164.0,139.0,179.0
pm2,BTC|buy|60-75|>90d,BTC,buy,60-75,>90d,161,53.19105999999998,0,7299.3511260368805,3943112.0672782,358275.8423464437,358275.8423464437,1.0,False,18.51165019277624,203.73550943963988,,,,,,,,,,,
pm2,BTC|buy|75-90|2-7d,BTC,buy,75-90,2-7d,592,439.9981589062513,0,14286.958428348475,33745092.016397215,1371147.5024764263,1371147.5024764263,1.0,True,4.233788552541579,104.19709332908992,75.0,60.0,-15.0,-8.818510601420144,16.499521127198093,-225.24894770357812,385.52826205940414,36.0,153.0,35.0,163.0
pm2,BTC|buy|75-90|30-90d,BTC,buy,75-90,30-90d,278,376.41903570272615,0,64425.04181258441,30358977.235954348,2905786.476359945,2905786.476359945,1.0,True,21.22108439683712,221.71292466502612,28.0,48.0,20.0,4.195601581492363,38.13276780692007,41.75498960490947,422.3505657054203,11.0,73.0,33.899999999999864,76.0
pm2,BTC|buy|75-90|7-30d,BTC,buy,75-90,7-30d,750,728.8422936902381,0,91162.59183861875,53777669.26767247,4355412.991269012,4355412.991269012,1.0,True,16.951755827287144,209.30872002578388,36.0,51.0,15.0,-1.8638296769381928,32.171029969566675,-22.783161197806297,396.69281294383353,15.0,125.0,35.0,125.0
pm2,BTC|buy|75-90|<=2d,BTC,buy,75-90,<=2d,681,410.72342966684874,0,6508.528222288825,32495970.96336355,675421.1213155336,675421.1213155336,1.0,True,2.002872365200793,96.36252134982115,87.0,61.0,-26.0,-6.26273354108454,11.597777802287272,-292.2810021319575,566.9053977515049,47.0,147.0,28.0,167.0
pm2,BTC|buy|75-90|>90d,BTC,buy,75-90,>90d,100,42.97400385325913,0,24713.963649545312,3691137.9216785305,420492.10516750935,420492.10516750935,1.0,False,66.95486371397017,587.7390644397505,,,,,,,,,,,
pm2,BTC|buy|90-100|2-7d,BTC,buy,90-100,2-7d,328,603.8020778183214,0,26095.178269503223,48768348.55964007,3727334.605663453,3727334.605663453,1.0,True,5.350843126785554,70.01029161657026,70.0,64.0,-6.0,-0.5556893642052647,14.796919807470603,-6.601076553819006,189.65673406995637,40.0,114.0,51.0,113.0
pm2,BTC|buy|90-100|30-90d,BTC,buy,90-100,30-90d,73,19.79606645463951,0,-2196.0007824636587,1614251.9201649087,190555.11141921024,190555.11141921024,1.0,False,-13.603829458287525,-115.24229216987959,,,,,,,,,,,
pm2,BTC|buy|90-100|7-30d,BTC,buy,90-100,7-30d,313,400.00955895581995,0,-102478.2579147689,27558285.449235346,2981725.4048615308,2981725.4048615308,1.0,True,-37.18600640215531,-343.6877780485219,173.0,169.0,-4.0,-79.97568434349509,2.1469220165299157,-689.5513350396068,20.74420820431705,86.0,178.0,86.89999999999986,177.0
pm2,BTC|buy|90-100|<=2d,BTC,buy,90-100,<=2d,595,426.1481808426069,0,135188.21918718633,34765479.40087664,1324556.601421542,1324556.601421542,1.0,True,38.885762980094974,1020.6299907614329,7.0,15.0,8.0,11.524617517211398,109.60651651169258,296.3925645556051,3020.7823703395725,2.0,47.0,3.0,41.0
pm2,BTC|buy|90-100|>90d,BTC,buy,90-100,>90d,48,18.851497400000007,0,18220.82720731041,1475650.7418919094,234294.0501865762,234294.0501865762,1.0,False,123.47655641029098,777.6905641778164,,,,,,,,,,,
pm2,BTC|sell|00-10|2-7d,BTC,sell,00-10,2-7d,2895,5293.336099607965,0,24842.414255320706,388125710.3037293,37730646.75770422,37730646.75770422,1.0,True,0.6400610316662655,6.584147474293728,100.0,100.0,0.0,-0.11616318888599557,1.5641647700906407,-1.1809356861944436,15.790927837505938,90.0,112.0,89.0,112.0
pm2,BTC|sell|00-10|30-90d,BTC,sell,00-10,30-90d,1426,2096.0194487594563,0,-15184.717769852408,166284562.14745885,12352179.662362976,12352179.662362976,1.0,True,-0.9131766397163683,-12.293148403694419,115.0,117.0,2.0,-2.3558081683667202,0.002124658675514034,-30.479229842363956,0.02480222210630696,107.0,130.0,107.0,130.0
pm2,BTC|sell|00-10|7-30d,BTC,sell,00-10,7-30d,3100,4289.559623811595,1,12240.445360945065,319283122.56801647,29621156.138580926,29621156.138580926,1.0,True,0.38337276529038894,4.1323320749800665,102.0,103.0,1.0,-1.140022421352509,1.746692455696494,-12.369809741134308,18.782414761851225,89.0,120.0,88.0,120.0
pm2,BTC|sell|00-10|<=2d,BTC,sell,00-10,<=2d,4909,3455.342891529434,0,28815.43548961563,279393793.2898307,35820225.71817839,35820225.71817839,1.0,True,1.0313556056602797,8.04445949512599,96.0,99.0,3.0,0.7747903643005123,1.2835182331443054,5.986633014391908,10.093010931441174,91.0,105.0,93.0,107.0
pm2,BTC|sell|00-10|>90d,BTC,sell,00-10,>90d,526,2155.946268352503,0,-141106.9188581386,153654975.279863,10877698.349079164,10877698.349079164,1.0,True,-9.183361528068342,-129.72130163003078,156.0,152.0,-4.0,-11.112522887575738,-5.490506493270616,-142.11130235200918,-93.03106247848356,143.0,161.0,145.0,158.0
pm2,BTC|sell|10-25|2-7d,BTC,sell,10-25,2-7d,3268,3919.0878299999717,1,73221.1426965983,302188110.6033557,36388479.14642689,36388479.14642689,1.0,True,2.4230318840275773,20.122067317503742,86.0,88.0,2.0,0.9608280436125007,3.8812995338149765,7.726127723713646,32.44180289945261,73.0,99.0,78.0,101.0
pm2,BTC|sell|10-25|30-90d,BTC,sell,10-25,30-90d,2587,4773.868689623045,0,-71888.54423657838,355082443.3998312,34444363.901375756,34444363.901375756,1.0,True,-2.024559241742915,-20.870916485035465,127.0,125.0,-2.0,-3.8413438744677637,-0.07543677237240859,-40.849158930707155,-0.7518015277967374,109.0,138.0,108.0,135.0
pm2,BTC|sell|10-25|7-30d,BTC,sell,10-25,7-30d,3990,5099.532344316922,0,-49727.39633770144,389255858.8437627,43923239.474745184,43923239.474745184,1.0,True,-1.277498981914123,-11.32143187350594,118.0,114.0,-4.0,-3.1472501957746797,0.39964304505970333,-27.786089733917166,3.534175542092838,104.0,134.0,104.0,129.0
pm2,BTC|sell|10-25|<=2d,BTC,sell,10-25,<=2d,4040,1897.581717999957,0,20342.352439567905,158920283.637743,23847283.370803293,23847283.370803293,1.0,True,1.280034994522038,8.530259872063018,91.0,98.0,7.0,0.6821534095896793,1.8375979311197146,4.523203019205374,12.323508627795379,87.0,104.0,92.0,107.0
pm2,BTC|sell|10-25|>90d,BTC,sell,10-25,>90d,624,1049.4002299999993,1,-119039.41135024645,80911204.38215585,7315743.239233091,7315743.239233091,1.0,True,-14.71235192446343,-162.71677047365233,161.0,156.0,-5.0,-19.2701858259435,-7.639619714597499,-219.09653358678673,-85.04918027802191,150.0,168.0,144.0,164.0
pm2,BTC|sell|25-40|2-7d,BTC,sell,25-40,2-7d,2396,4495.765661286037,1,6051.186734562044,328158489.2837172,46228389.069039755,46228389.069039755,1.0,True,0.18439829936352328,1.308976336061571,105.0,105.0,0.0,-3.6826009536465723,4.836215941379056,-26.207315644486442,34.25207323652918,70.0,137.0,78.0,128.0
pm2,BTC|sell|25-40|30-90d,BTC,sell,25-40,30-90d,2049,3136.337195931783,0,109758.21412371132,239959672.14907622,27472759.13182556,27472759.13182556,1.0,True,4.574027508069083,39.95165305277363,73.0,74.0,1.0,-0.8331215080490507,9.698652678157453,-7.2526434236369575,85.7937000152276,52.0,117.0,64.0,115.0
pm2,BTC|sell|25-40|7-30d,BTC,sell,25-40,7-30d,3341,4496.704664920501,2,188264.6984148691,327481499.81543595,44356520.80784356,44356520.80784356,1.0,True,5.748865157908844,42.443522392220245,67.0,73.0,6.0,4.034769152199295,7.511159320839043,30.00090111510051,55.26909795580082,58.0,76.0,69.0,83.0
pm2,BTC|sell|25-40|<=2d,BTC,sell,25-40,<=2d,2868,1190.5813599999917,0,24057.7245436196,96021861.97560944,15622236.051979413,15622236.051979413,1.0,True,2.505442411617733,15.399667796321237,84.0,92.0,8.0,1.0844967102185938,3.860233228599003,6.685991096508023,23.781917417203573,73.0,98.0,82.0,103.0
pm2,BTC|sell|25-40|>90d,BTC,sell,25-40,>90d,643,718.2221812537126,1,90792.88042316925,54352227.22545933,7074942.625331508,7074942.625331508,1.0,True,16.704537248593304,128.3302003016809,37.0,58.0,21.0,11.009426383700418,28.307647954822194,84.12784641195641,228.4651314986289,18.0,49.0,46.0,65.0
pm2,BTC|sell|40-60|2-7d,BTC,sell,40-60,2-7d,2597,2275.579050421831,0,90015.02786360598,180069613.45295286,27555746.031535935,27555746.031535935,1.0,True,4.998901599082089,32.66651817758411,71.0,80.0,9.0,-2.774248700486926,11.447367919741621,-17.268671424861395,79.31076737839955,47.0,131.0,65.0,122.0
pm2,BTC|sell|40-60|30-90d,BTC,sell,40-60,30-90d,2450,3288.076955102535,0,-65858.7197980325,264362453.60933858,36215385.37421551,36215385.37421551,1.0,True,-2.491228194430181,-18.185287583581072,130.0,122.0,-8.0,-6.0928393112236785,3.594289355107274,-47.25966014319231,25.575770182067362,75.0,146.0,83.0,136.0
pm2,BTC|sell|40-60|7-30d,BTC,sell,40-60,7-30d,3428,3909.735684520923,1,122345.33491724735,300635616.5041212,44020238.12456834,44020238.12456834,1.0,True,4.069555574948659,27.792974352168397,76.0,84.0,8.0,-0.26734490029685193,9.362220713015127,-1.7984274779400211,64.42003443831116,52.0,112.0,68.0,111.0
pm2,BTC|sell|40-60|<=2d,BTC,sell,40-60,<=2d,2794,1473.0003182919465,0,-23092.7583576986,117865276.31359254,19230806.331032716,19230806.331032716,1.0,True,-1.9592503475118463,-12.008211179597737,125.0,115.0,-10.0,-6.681586982617865,2.42980053756612,-40.761113664359335,14.79689784105551,85.0,148.0,92.0,133.0
pm2,BTC|sell|40-60|>90d,BTC,sell,40-60,>90d,948,361.98279205629035,0,19775.23829610231,27561710.80748821,4023650.829136245,4023650.829136245,1.0,True,7.174895068824827,49.14750095337534,57.0,70.0,13.0,-2.451432918726361,17.094516137907863,-17.166479738490498,116.97279365442597,35.0,129.0,59.0,122.0
pm2,BTC|sell|60-75|2-7d,BTC,sell,60-75,2-7d,727,991.7929644037631,0,-14963.297422129162,74575469.41817118,12419309.330289789,12419309.330289789,1.0,True,-2.0064637257895934,-12.048413502057457,126.0,116.0,-10.0,-11.378400683269406,4.650359684874686,-70.13918296545492,27.532366222802583,71.0,159.0,82.0,142.0
pm2,BTC|sell|60-75|30-90d,BTC,sell,60-75,30-90d,595,118.1542091023209,0,-2399.305374848173,9264842.83335131,1456408.658516982,1456408.658516982,1.0,True,-2.589688155541315,-16.474121880676776,131.0,120.0,-11.0,-15.252261498489325,10.378856650967808,-96.87317481316478,65.86531001592253,50.0,163.0,69.0,147.0
pm2,BTC|sell|60-75|7-30d,BTC,sell,60-75,7-30d,1011,1413.382646653485,0,-37433.00825326357,106478382.94172636,17492029.091602378,17492029.091602378,1.0,True,-3.515550031760903,-21.400037729890645,136.0,126.0,-10.0,-11.23364762731043,0.9479713110021312,-70.50500847478794,5.813122830028421,98.89999999999986,158.0,102.0,142.0
pm2,BTC|sell|60-75|<=2d,BTC,sell,60-75,<=2d,823,367.1864900000007,0,-9696.338117558362,29127108.583138335,4935020.547149959,4935020.547149959,1.0,True,-3.3289737942514366,-19.6480197497012,135.0,123.0,-12.0,-7.730231157203484,1.013644799056756,-45.50112135437635,5.969016500419443,98.0,151.0,102.0,136.0
pm2,BTC|sell|60-75|>90d,BTC,sell,60-75,>90d,222,55.72799903362769,0,-12880.633270926195,4360492.192116393,727134.1010529138,727134.1010529138,1.0,True,-29.539402212928852,-177.14247278837038,170.0,158.0,-12.0,-48.67854042636337,-15.858249963378645,-298.2288090521553,-94.58001520073174,163.0,176.0,146.0,168.0
pm2,BTC|sell|75-90|2-7d,BTC,sell,75-90,2-7d,387,271.3812600000003,0,-41577.01477073141,21696639.84761402,3560923.253935195,3560923.253935195,1.0,True,-19.162881931371338,-116.75908691596885,168.0,149.0,-19.0,-30.513185530637998,-7.940319053239521,-188.9096431931574,-47.547936607686715,152.0,172.0,136.0,160.0
pm2,BTC|sell|75-90|30-90d,BTC,sell,75-90,30-90d,225,76.90011879997597,0,-10311.038436518013,5835832.071201645,947412.3534015316,947412.3534015316,1.0,True,-17.668497500811203,-108.83369210352691,167.0,147.0,-20.0,-38.24267716004537,1.656473799279311,-235.04265082582185,10.299270678046923,92.89999999999986,174.0,98.89999999999986,164.0
pm2,BTC|sell|75-90|7-30d,BTC,sell,75-90,7-30d,554,439.75651335841866,0,-4879.48080028481,32670054.44108048,5446476.447675048,5446476.447675048,1.0,True,-1.493563718751928,-8.958967962429595,120.0,112.0,-8.0,-8.357106082519445,3.4643445248969695,-51.267043963295365,20.50690342614197,77.0,153.0,86.0,137.0
pm2,BTC|sell|75-90|<=2d,BTC,sell,75-90,<=2d,512,322.5790998232866,0,14677.072698759683,24721032.115435597,4172999.547402464,4172999.547402464,1.0,True,5.937079257138074,35.171517590735455,64.0,77.0,13.0,-12.22511495547739,13.542879845910889,-70.92590874138048,79.82111874208805,42.0,159.0,64.0,142.0
pm2,BTC|sell|75-90|>90d,BTC,sell,75-90,>90d,118,53.02491222930619,0,-24869.292382644733,3993911.550489693,672139.7179669641,672139.7179669641,1.0,False,-62.26800986515466,-370.00182726691753,,,,,,,,,,,
pm2,BTC|sell|90-100|2-7d,BTC,sell,90-100,2-7d,221,84.5426752032587,0,6526.2497483971365,6791619.979816204,1053418.124490568,1053418.124490568,1.0,True,9.609268138959905,61.95308013665728,50.0,67.0,17.0,-0.26817685684527065,21.3981404941316,-1.6861458702162406,136.63807627903063,28.0,112.0,56.0,111.0
pm2,BTC|sell|90-100|30-90d,BTC,sell,90-100,30-90d,68,25.61661114595518,0,-24230.500671545822,1643552.4200825044,296348.0555973512,296348.0555973512,1.0,False,-147.4276109205539,-817.6365666615967,,,,,,,,,,,
pm2,BTC|sell|90-100|7-30d,BTC,sell,90-100,7-30d,203,83.0738139497629,0,-21400.023990220583,6133938.141129799,1062623.0723274343,1062623.0723274343,1.0,True,-34.887903167342586,-201.38866308773717,172.0,160.0,-12.0,-79.35355631099958,11.661350856824761,-428.6282727043274,71.65685684702181,47.0,179.0,67.0,172.0
pm2,BTC|sell|90-100|<=2d,BTC,sell,90-100,<=2d,523,484.62115605916546,0,-27308.881829151407,37756148.17580494,6004636.954469873,6004636.954469873,1.0,True,-7.232962881169008,-45.47965520017423,150.0,135.0,-15.0,-26.369396010402276,7.066790336194962,-154.2699011651364,42.79385188663623,61.0,170.0,76.0,156.0
pm2,BTC|sell|90-100|>90d,BTC,sell,90-100,>90d,118,36.14760000000003,0,-30681.85677611186,2669079.9888873994,547178.503106558,547178.503106558,1.0,False,-114.95293098691107,-560.7284752949596,,,,,,,,,,,
pm2,ETH|buy|00-10|2-7d,ETH,buy,00-10,2-7d,3038,65094.48262454078,0,41745.66171496377,161706338.58158225,284566.4583554763,284566.4583554763,1.0,True,2.581572378741525,1466.9916460363606,83.0,10.0,-73.0,2.0281393176821982,3.1966658878660614,1114.9654944349388,1804.6706318300512,76.0,90.0,6.0,15.0
pm2,ETH|buy|00-10|30-90d,ETH,buy,00-10,30-90d,1745,42042.86513073237,2,86659.9884065096,95994265.96801236,550458.3681323376,550458.3681323376,1.0,True,9.027621340985807,1574.3241164729714,54.0,8.0,-46.0,6.006901327574202,11.406531089750173,971.1105219926197,2111.546413740426,46.0,66.0,5.0,17.0
pm2,ETH|buy|00-10|7-30d,ETH,buy,00-10,7-30d,3057,48072.419289181,0,36598.031875193636,124298542.01076931,407356.8797959554,407356.8797959554,1.0,True,2.9443653387360538,898.4267528150145,78.0,19.0,-59.0,0.6337652637364423,4.867527691802669,187.45191413257712,1577.2994570428118,69.0,103.0,9.0,51.0
pm2,ETH|buy|00-10|<=2d,ETH,buy,00-10,<=2d,3128,36466.054138022555,0,-7369.804760598173,88263053.0314996,68156.35224307702,68156.35224307702,1.0,True,-0.8349818533886442,-1081.3085674412337,113.0,180.0,67.0,-1.6317717549961737,-0.022216851361799572,-1962.3612985318157,-30.912714361302235,107.0,125.0,130.0,181.0
pm2,ETH|buy|00-10|>90d,ETH,buy,00-10,>90d,1292,102496.25722457729,0,505561.73082172073,252799927.381651,930654.9918482422,930654.9918482422,1.0,True,19.99849193225741,5432.321700845295,30.0,2.0,-28.0,17.27137915822607,22.7687667688523,3985.278432374218,7078.51178909425,23.0,37.0,1.0,3.0
pm2,ETH|buy|10-25|2-7d,ETH,buy,10-25,2-7d,5721,116094.34337838397,0,35414.95093852402,294953011.2399991,1259965.3782780813,1259965.3782780813,1.0,True,1.2006980633843192,281.07876255237665,92.0,41.0,-51.0,0.2914519397500863,2.710748928549306,77.864762807441,545.5289478288965,80.0,107.0,29.0,66.0
pm2,ETH|buy|10-25|30-90d,ETH,buy,10-25,30-90d,4120,66739.59899754533,0,169880.03738351635,152412662.187345,2804616.735467709,2804616.735467709,1.0,True,11.146058007614915,605.7156945374445,46.0,28.0,-18.0,7.857489869517585,15.5461860187676,420.3441174235409,855.4596577099117,38.0,59.0,19.0,35.0
pm2,ETH|buy|10-25|7-30d,ETH,buy,10-25,7-30d,6280,73728.44586878059,0,172034.5865606846,179985231.6470422,1830690.6986471638,1830690.6986471638,1.0,True,9.558261252126002,939.7250266678801,51.0,16.0,-35.0,3.2781905483640728,18.522885308106655,314.080292105974,1822.000115818872,33.0,79.0,7.0,40.0
pm2,ETH|buy|10-25|<=2d,ETH,buy,10-25,<=2d,4897,38138.296562677824,0,-7244.745870221661,94059233.05256988,263494.4645331429,263494.4645331429,1.0,True,-0.7702322924717618,-274.9486932508368,112.0,168.0,56.0,-2.360694466048668,0.9515797955645906,-814.3176362979356,350.9980321605547,98.0,131.0,39.0,178.0
pm2,ETH|buy|10-25|>90d,ETH,buy,10-25,>90d,1373,26440.17674022586,0,110232.42631777491,60353000.416180015,1696949.9307982214,1696949.9307982214,1.0,True,18.264614113240135,649.5915071926909,33.0,26.0,-7.0,14.851275495952867,21.061738802693295,491.4945530940384,789.1788438854111,26.0,41.0,20.899999999999864,32.0
pm2,ETH|buy|25-40|2-7d,ETH,buy,25-40,2-7d,4222,40068.4791234486,0,2747.472758361602,107235592.2795228,1316568.232195133,1316568.232195133,1.0,True,0.25620903470183437,20.868441841261056,104.0,87.0,-17.0,-1.3454806422136296,1.9329688653376391,-110.84812589957204,157.16157817473007,88.0,122.0,54.0,149.0
pm2,ETH|buy|25-40|30-90d,ETH,buy,25-40,30-90d,3796,37094.3372475582,0,56558.331727399236,96058926.92395957,3902750.5166416583,3902750.5166416583,1.0,True,5.8878787780099735,144.91915762032374,65.0,56.0,-9.0,2.4919058212296923,9.60981319040819,60.71724809857504,237.35914878496948,52.0,83.0,46.0,70.0
pm2,ETH|buy|25-40|7-30d,ETH,buy,25-40,7-30d,6316,44696.17146384616,0,13089.524382229387,118866335.99377482,2865410.407006024,2865410.407006024,1.0,True,1.1011969261772232,45.68115042168153,94.0,71.0,-23.0,-1.390141954468136,3.5801237109855895,-58.40748972521901,146.83040032840145,75.0,122.0,55.0,138.0
pm2,ETH|buy|25-40|<=2d,ETH,buy,25-40,<=2d,3933,24255.50935331657,0,-19254.8704856842,67031965.227903135,439299.7715980396,439299.7715980396,1.0,True,-2.872490821389353,-438.30822892624803,132.0,174.0,42.0,-7.379703763190893,2.20117463861348,-1118.6180629962023,333.0403761259301,86.0,152.0,40.0,179.0
pm2,ETH|buy|25-40|>90d,ETH,buy,25-40,>90d,1466,26850.324672206105,0,211996.9405869498,66021769.17488339,3822921.511635559,3822921.511635559,1.0,True,32.11015748841817,554.5417030972503,10.0,29.0,19.0,24.233981674979773,39.61717605772463,423.8763549298309,677.887908110121,9.0,24.0,24.0,35.0
pm2,ETH|buy|40-60|2-7d,ETH,buy,40-60,2-7d,5252,63505.747699999636,0,-78080.94313440874,180976805.43026215,4230534.446755879,4230534.446755879,1.0,True,-4.314417140294619,-184.56519883506428,141.0,159.0,18.0,-6.078457313364107,-2.777693960251883,-266.31488920199916,-117.72156009217291,129.0,148.0,150.0,167.0
pm2,ETH|buy|40-60|30-90d,ETH,buy,40-60,30-90d,3840,25033.348544787703,0,38984.96938962649,67446815.32127503,4684346.240645411,4684346.240645411,1.0,True,5.7801052879852275,83.22392792266166,66.0,62.0,-4.0,2.4122164739937424,9.433615944597625,34.6994642511288,135.64137346468124,52.0,84.0,55.0,79.0
pm2,ETH|buy|40-60|7-30d,ETH,buy,40-60,7-30d,6636,33696.450683325944,0,-33987.71270237317,86480545.90282813,3879134.5757917096,3879134.5757917096,1.0,True,-3.930099231862236,-87.6167403793576,140.0,143.0,3.0,-8.211896563146132,-0.3463955424800257,-180.55617003666947,-7.79893819020618,111.0,153.0,114.0,159.0
pm2,ETH|buy|40-60|<=2d,ETH,buy,40-60,<=2d,4381,20821.978299999944,0,-4024.025569723298,58341894.16995415,646300.3146941017,646300.3146941017,1.0,True,-0.689731731712553,-62.262472696271175,111.0,138.0,27.0,-4.440956241188356,3.39689225458996,-398.9051559843474,305.993227370197,77.0,140.0,41.0,171.0
pm2,ETH|buy|40-60|>90d,ETH,buy,40-60,>90d,1569,15542.433658690758,0,247103.2835663599,41735251.166987635,3962310.7620332376,3962310.7620332376,1.0,True,59.207331130624006,623.6342841507975,3.0,27.0,24.0,48.18836293286712,69.76932271364488,515.7794553664778,731.249783185857,3.0,8.0,22.0,31.0
pm2,ETH|buy|60-75|2-7d,ETH,buy,60-75,2-7d,1539,16178.1310803239,0,-14521.296182247926,45686278.5317392,1505101.9086044072,1505101.9086044072,1.0,True,-3.1784808587899502,-96.4804848045982,133.0,144.0,11.0,-9.003186343131809,2.7849350010254534,-275.38418635907766,81.78213583856527,82.0,155.0,66.0,167.0
pm2,ETH|buy|60-75|30-90d,ETH,buy,60-75,30-90d,1101,13260.588559267413,0,101895.92498082739,31856046.792375322,3066688.4553444814,3066688.4553444814,1.0,True,31.986368442055394,332.2669598316971,11.0,37.0,26.0,18.892314001532647,48.21060966421241,198.87106028322407,489.4288185455914,7.0,32.0,31.0,50.0
pm2,ETH|buy|60-75|7-30d,ETH,buy,60-75,7-30d,2441,13953.437307403738,0,-6305.245890866424,33823436.00919921,2208201.120792742,2208201.120792742,1.0,True,-1.8641648025208142,-28.55376637343091,123.0,128.0,5.0,-11.167320884931744,7.815933497602116,-176.37731097288042,116.27103181108573,58.0,158.0,58.0,159.0
pm2,ETH|buy|60-75|<=2d,ETH,buy,60-75,<=2d,1462,8201.225935787113,0,14649.11257791993,21188451.092517655,359294.0445835061,359294.0445835061,1.0,True,6.9137250825724665,407.7193262387967,58.0,31.0,-27.0,-3.872141252945086,19.18968619057422,-236.6834202367062,1103.5386613045803,32.0,138.0,16.0,163.0
pm2,ETH|buy|60-75|>90d,ETH,buy,60-75,>90d,750,10414.979219657205,0,265730.26531250065,26644425.750061244,3235661.8752477737,3235661.8752477737,1.0,True,99.73202943279416,821.2547403215675,2.0,21.0,19.0,79.57598415818673,122.44526487666653,679.3744697781722,987.4420139117478,2.0,3.0,16.0,25.0
pm2,ETH|buy|75-90|2-7d,ETH,buy,75-90,2-7d,899,5479.166983177723,0,20800.15662188219,13823269.072298944,895280.5647305254,895280.5647305254,1.0,True,15.047205196609056,232.3311533981856,39.0,47.0,8.0,8.827848111976548,21.26324759243408,137.17135706605887,329.88611508880905,27.0,55.0,38.0,57.0
pm2,ETH|buy|75-90|30-90d,ETH,buy,75-90,30-90d,540,9840.630718183495,0,79560.76206748885,25052029.487118468,2660882.9893577206,2660882.9893577206,1.0,True,31.75821029126534,299.0013555112887,13.0,40.0,27.0,22.630248945477792,45.789229723579005,217.5337234120093,403.0657836054504,7.0,26.0,34.0,49.0
pm2,ETH|buy|75-90|7-30d,ETH,buy,75-90,7-30d,1099,11646.41575326142,0,65632.31033142252,27386446.178037934,2781068.453294232,2781068.453294232,1.0,True,23.965252703746266,235.9967452569523,22.0,45.0,23.0,8.533848394630413,40.53974086451048,86.50093567413847,378.6772567206611,9.0,56.0,35.0,64.0
pm2,ETH|buy|75-90|<=2d,ETH,buy,75-90,<=2d,1061,5413.8154590799195,0,27689.443510860794,12888955.206285147,348485.256220795,348485.256220795,1.0,True,21.483078393629892,794.5657102152173,26.0,22.0,-4.0,6.823832679479853,33.95958982089461,239.4140746598,1368.9328114017314,13.0,61.0,12.0,45.0
pm2,ETH|buy|75-90|>90d,ETH,buy,75-90,>90d,333,1902.036182683302,0,75529.4940138134,4988573.802389307,686564.429542415,686564.429542415,1.0,True,151.40498468247196,1100.1078815596766,1.0,14.0,13.0,123.11726445409326,184.7540641261137,914.2083751276351,1296.8737326805137,1.0,2.0,12.0,19.0
pm2,ETH|buy|90-100|2-7d,ETH,buy,90-100,2-7d,473,3480.289862472201,0,-12667.38022617257,8322117.940985399,900706.2620396664,900706.2620396664,1.0,True,-15.2213418699431,-140.6383052948588,163.0,154.0,-9.0,-42.128947540095545,9.46377782958316,-384.95371083351574,89.2676415822856,54.0,174.0,64.0,171.0
pm2,ETH|buy|90-100|30-90d,ETH,buy,90-100,30-90d,246,1738.7046452401582,0,27098.13358338228,5255813.031246547,760416.5574690447,760416.5574690447,1.0,True,51.55840480298684,356.35906816094547,4.0,35.0,31.0,29.458836336417573,85.60148851672517,209.45709192097985,578.4134945473982,3.0,17.0,27.0,49.0
pm2,ETH|buy|90-100|7-30d,ETH,buy,90-100,7-30d,390,5103.651350228187,0,31400.171467237382,12332363.874443773,1499300.401133671,1499300.401133671,1.0,True,25.461599890275394,209.43215544726505,20.0,50.0,30.0,6.220984155434323,46.86881553437343,50.097372392654684,385.0640788160528,7.0,64.0,35.0,73.0
pm2,ETH|buy|90-100|<=2d,ETH,buy,90-100,<=2d,1022,8058.899286115168,0,-47459.34305895321,19863799.35841931,1179256.604545936,1179256.604545936,1.0,True,-23.892379399632564,-402.4513653432289,169.0,170.0,1.0,-37.79087873231899,5.798182013210796,-672.526411624732,89.19424187050917,67.0,174.0,64.0,177.0
pm2,ETH|buy|90-100|>90d,ETH,buy,90-100,>90d,95,1045.379234129902,0,32014.880350650084,2416691.756695751,392329.71470699407,392329.71470699407,1.0,False,132.47399161249587,816.0197698652509,,,,,,,,,,,
pm2,ETH|sell|00-10|2-7d,ETH,sell,00-10,2-7d,4955,116801.23514681435,0,29536.163264975745,298842718.7646538,29424184.679545574,29424184.679545574,1.0,True,0.9883514440998049,10.038056648518799,97.0,97.0,0.0,0.31699454544459177,1.5001712821959907,3.101053512919862,15.758209856282416,90.0,108.0,89.0,108.0
pm2,ETH|sell|00-10|30-90d,ETH,sell,00-10,30-90d,2973,53970.7263741304,0,-14.615092505696119,125437863.32788897,9795723.827375757,9795723.827375757,1.0,True,-0.0011651260726191518,-0.014919869897568822,107.0,107.0,0.0,-1.3723890512999657,1.2283060866552522,-17.361415994923007,15.857991918836088,94.0,122.0,90.0,123.0
pm2,ETH|sell|00-10|7-30d,ETH,sell,00-10,7-30d,4306,70174.98542272062,0,17911.26567002202,173359713.66871172,16685698.01709129,16685698.01709129,1.0,True,1.0331850053842515,10.734501878000774,95.0,95.0,0.0,0.13949383834084594,2.0693613699359243,1.4380146393575854,21.69021952827382,86.0,110.0,85.0,110.0
pm2,ETH|sell|00-10|<=2d,ETH,sell,00-10,<=2d,9698,122416.78596230787,0,64666.67012861957,327455248.9452137,41128174.18223422,41128174.18223422,1.0,True,1.9748246619017826,15.723204692260095,88.0,90.0,2.0,1.7293716126060985,2.211366363840397,13.631458755529428,17.73641976037419,82.0,94.0,85.0,98.0
pm2,ETH|sell|00-10|>90d,ETH,sell,00-10,>90d,1259,87909.56937801171,0,-110983.98560047937,212628915.66856965,14826090.407435605,14826090.407435605,1.0,True,-5.219609254532109,-74.8572162657382,143.0,142.0,-1.0,-8.450670048789462,-1.7312364703462937,-118.95479102260589,-25.063993128684707,123.0,155.0,126.0,152.0
pm2,ETH|sell|10-25|2-7d,ETH,sell,10-25,2-7d,5732,63660.02718268499,0,-3008.073502930127,162099915.07622895,20670306.468898997,20670306.468898997,1.0,True,-0.18556909801683444,-1.4552631367397193,108.0,108.0,0.0,-1.6047051211373815,1.1355825839327045,-12.592884112596343,8.903670165811377,96.0,124.0,98.0,120.0
pm2,ETH|sell|10-25|30-90d,ETH,sell,10-25,30-90d,4615,54288.409561230364,0,7620.21943054683,127399032.65715903,13387579.267151512,13387579.267151512,1.0,True,0.5981379349287094,5.692006955465215,101.0,102.0,1.0,-1.1176681441530316,2.695932591039106,-10.684018737640413,25.77857997804508,82.0,120.0,82.0,119.0
pm2,ETH|sell|10-25|7-30d,ETH,sell,10-25,7-30d,6458,56041.005098997965,0,4013.410619832418,141383699.7665938,16198722.05095736,16198722.05095736,1.0,True,0.2838665720629775,2.4776094109196856,103.0,104.0,1.0,-1.1295357706904432,1.4874275538931463,-9.844201838829443,12.981494407602995,92.0,120.0,93.0,118.0
pm2,ETH|sell|10-25|<=2d,ETH,sell,10-25,<=2d,8045,55493.599782125704,0,-27105.72798424822,144205240.51639396,20973990.63208844,20973990.63208844,1.0,True,-1.8796631722386474,-12.923495799973676,124.0,118.0,-6.0,-8.309665616807216,2.2205231047060994,-56.89194416580248,15.07483845686118,85.0,151.0,90.0,138.0
pm2,ETH|sell|10-25|>90d,ETH,sell,10-25,>90d,1692,55488.25843371025,0,132932.753598892,138284517.90351763,12241313.820149792,12241313.820149792,1.0,True,9.612988902462705,108.59353460906974,49.0,59.0,10.0,-1.8963612626251323,14.768060081942457,-19.89953892120261,172.25220369238565,39.0,126.0,51.0,124.0
pm2,ETH|sell|25-40|2-7d,ETH,sell,25-40,2-7d,4643,64114.624462662694,0,157048.26509700686,174752428.14976662,24819825.895424016,24819825.895424016,1.0,True,8.986900311474534,63.27532906907359,55.0,66.0,11.0,-0.6315737844159982,15.76400258599161,-4.259108162600537,114.44741793807786,38.0,115.0,58.0,112.0
pm2,ETH|sell|25-40|30-90d,ETH,sell,25-40,30-90d,4389,45504.03556657938,0,-53006.94608548793,106197634.01759343,13543456.295386918,13543456.295386918,1.0,True,-4.991349061195321,-39.13841853171764,142.0,133.0,-9.0,-18.230127719756215,5.402380575746737,-142.80606611646576,42.34916275489169,67.0,166.0,75.0,154.0
pm2,ETH|sell|25-40|7-30d,ETH,sell,25-40,7-30d,5791,49786.492339907665,0,-3662.0399833367205,124780998.63317566,16584056.74917374,16584056.74917374,1.0,True,-0.2934773742356547,-2.208168989483935,109.0,110.0,1.0,-2.7538195965674714,2.43071099386958,-20.611331909601027,18.40462242389019,84.0,132.0,88.0,125.0
pm2,ETH|sell|25-40|<=2d,ETH,sell,25-40,<=2d,6415,32744.8752651837,0,-57892.04545364032,86322337.3978642,13936506.497631313,13936506.497631313,1.0,True,-6.706496510493319,-41.53985467124046,149.0,134.0,-15.0,-13.399550545700341,-0.2664891154114878,-82.83740992424832,-1.6456419151872848,112.0,161.0,110.0,146.0
pm2,ETH|sell|25-40|>90d,ETH,sell,25-40,>90d,1507,18607.14768940686,0,18165.50276098497,45517943.13919433,5935704.748907133,5935704.748907133,1.0,True,3.990844380958665,30.60378426728445,77.0,82.0,5.0,-7.640304012800939,24.221752463538476,-60.21174922267101,179.30465777461933,24.0,150.0,52.0,139.0
pm2,ETH|sell|40-60|2-7d,ETH,sell,40-60,2-7d,6033,56566.165699999656,1,-27161.267034740922,163399500.16431835,26065981.60663715,26065981.60663715,1.0,True,-1.6622613292835609,-10.420197268851323,121.0,113.0,-8.0,-4.264250405655011,0.6681320560796802,-26.75586323792975,4.198764440243155,101.0,140.0,103.0,129.0
pm2,ETH|sell|40-60|30-90d,ETH,sell,40-60,30-90d,5287,34248.08263752955,0,16208.268512072847,88825623.78958902,13097100.23608101,13097100.23608101,1.0,True,1.8247289262462312,12.375463438403658,89.0,94.0,5.0,-1.322592196894547,5.481086198547246,-9.035385394479068,36.95709367253339,67.0,120.0,77.0,116.0
pm2,ETH|sell|40-60|7-30d,ETH,sell,40-60,7-30d,6849,34317.020053039465,0,-133399.33024724544,88973976.97795025,13197384.356674032,13197384.356674032,1.0,True,-14.99307266891136,-101.08012818447939,162.0,146.0,-16.0,-44.56551900314404,4.647009416325049,-303.96002515653663,31.22318476470835,70.0,175.0,80.0,167.0
pm2,ETH|sell|40-60|<=2d,ETH,sell,40-60,<=2d,6678,28659.097525094636,0,-17781.743008396363,74675108.248224,12590647.688957388,12590647.688957388,1.0,True,-2.3812142259357576,-14.122977187259254,129.0,119.0,-10.0,-5.1850540149576405,0.43953670807796635,-30.756738157554597,2.6010074776047074,105.0,143.0,106.0,131.0
pm2,ETH|sell|40-60|>90d,ETH,sell,40-60,>90d,2296,19862.186400749655,0,-46323.112716152595,51693041.81900491,8399895.518228374,8399895.518228374,1.0,True,-8.961189182549118,-55.1472486956869,155.0,137.0,-18.0,-23.90798222784947,8.402583859050303,-145.25725731758845,51.33633856928526,57.0,170.0,73.0,155.0
pm2,ETH|sell|60-75|2-7d,ETH,sell,60-75,2-7d,1639,8265.549900000005,0,-15259.750135092088,23237325.361946616,3926660.9501102474,3926660.9501102474,1.0,True,-6.566913316143267,-38.86189902559233,148.0,131.0,-17.0,-13.696129479935543,0.03538493310835327,-81.58715978225315,0.21220686448519463,109.0,162.0,109.0,145.0
pm2,ETH|sell|60-75|30-90d,ETH,sell,60-75,30-90d,1080,6021.012004476628,0,8886.813398292777,14947044.623725224,2455990.61425782,2455990.61425782,1.0,True,5.945532124917102,36.184231921335325,63.0,76.0,13.0,-0.09437724278520193,12.016902148699646,-0.5801895160840906,72.86071121373641,45.0,109.10000000000036,66.0,109.0
pm2,ETH|sell|60-75|7-30d,ETH,sell,60-75,7-30d,1794,12111.82634221975,0,-47931.07942161157,29331556.39922435,4826602.952172023,4826602.952172023,1.0,True,-16.34113061347098,-99.30603344955496,164.0,145.0,-19.0,-29.3034458461329,-4.417626372258182,-178.15926129245008,-27.066493763811085,140.0,172.0,127.0,160.0
pm2,ETH|sell|60-75|<=2d,ETH,sell,60-75,<=2d,1771,7940.423000760263,0,85.52624675321815,19961076.499034915,3483649.1376212034,3483649.1376212034,1.0,True,0.04284651018563713,0.2455076368902622,106.0,106.0,0.0,-10.52496630997621,9.96632261292614,-60.22180200763223,57.00363248886209,52.0,157.0,71.0,139.0
pm2,ETH|sell|60-75|>90d,ETH,sell,60-75,>90d,1083,7267.236724452421,0,-60203.39735323743,17623755.294760212,3419849.952143655,3419849.952143655,1.0,True,-34.160368404080565,-176.04104915626576,171.0,157.0,-14.0,-55.30109912046906,-8.032552490441956,-280.69353218260676,-42.103337039879754,152.0,177.0,134.0,168.0
pm2,ETH|sell|75-90|2-7d,ETH,sell,75-90,2-7d,856,3907.230460304174,0,-11958.955140230259,10162867.218966423,1754834.8585892248,1754834.8585892248,1.0,True,-11.767304327180318,-68.1486071563708,158.0,140.0,-18.0,-20.372160718828205,-3.6663379983986264,-118.36089645547861,-21.223714785025926,135.0,168.0,124.0,151.0
pm2,ETH|sell|75-90|30-90d,ETH,sell,75-90,30-90d,518,5578.073267661812,0,16545.83912375433,14776651.495642813,2592662.182312022,2592662.182312022,1.0,True,11.197285886205814,63.817952206173956,45.0,65.0,20.0,-0.29504386866105275,22.570880996905654,-1.6772115364904214,128.58417362808515,26.0,112.0,56.0,110.0
pm2,ETH|sell|75-90|7-30d,ETH,sell,75-90,7-30d,951,5588.4251007257735,0,-54074.65850441956,14182737.66344718,2512668.672231534,2512668.672231534,1.0,True,-38.12709491467564,-215.20807379826624,174.0,163.0,-11.0,-86.91022692764383,17.06165351941,-487.1395467719081,97.51653828272958,35.0,179.0,62.0,174.0
pm2,ETH|sell|75-90|<=2d,ETH,sell,75-90,<=2d,1210,7473.00117981294,0,11207.01487005121,18748948.747183453,3216109.107843646,3216109.107843646,1.0,True,5.977409731697505,34.84650083145143,62.0,78.0,16.0,-18.075852781095318,20.352129663412725,-101.52102055335135,121.7239462511954,28.0,166.0,57.0,148.0
pm2,ETH|sell|75-90|>90d,ETH,sell,75-90,>90d,465,2999.0822662669934,0,-127157.43279494318,8280600.204539678,1766039.6996479575,1766039.6996479575,1.0,True,-153.5606473613248,-720.0145773636388,180.0,178.0,-2.0,-200.03057755542264,-104.19771921196912,-919.3860999569329,-502.67061927397134,179.0,181.0,173.0,179.0
pm2,ETH|sell|90-100|2-7d,ETH,sell,90-100,2-7d,458,2234.429108509112,0,-3221.3299977906836,6096168.092591504,1057909.4547208217,1057909.4547208217,1.0,True,-5.284188278380106,-30.44995943098722,144.0,129.0,-15.0,-23.493247760102733,16.5107683857183,-135.18643730890895,94.62703152438037,37.0,168.0,63.0,152.0
pm2,ETH|sell|90-100|30-90d,ETH,sell,90-100,30-90d,273,3038.168298974756,0,-39551.40184825859,9133693.341090983,1727729.283951084,1727729.283951084,1.0,True,-43.30274771797225,-228.92129117479487,176.0,166.0,-10.0,-74.15368929302807,-13.19855682340303,-386.48812278057665,-71.02206215979744,161.0,178.0,142.0,171.0
pm2,ETH|sell|90-100|7-30d,ETH,sell,90-100,7-30d,489,3663.1616539755287,0,6340.71311939082,9202210.997486243,1660591.4997951915,1660591.4997951915,1.0,True,6.890423530956751,38.183461255660106,59.0,75.0,16.0,-12.230593727371717,21.98251150851704,-67.28120976012507,122.90844370613594,27.0,159.0,58.0,141.0
pm2,ETH|sell|90-100|<=2d,ETH,sell,90-100,<=2d,1109,9176.693279676294,0,-11866.794955690217,21110222.628893092,3784571.3938946403,3784571.3938946403,1.0,True,-5.621349980197935,-31.355716990394235,145.0,130.0,-15.0,-13.04183194458795,4.528044447652408,-72.76700326999809,25.257013239921573,73.0,161.0,84.89999999999986,143.0
pm2,ETH|sell|90-100|>90d,ETH,sell,90-100,>90d,227,1825.1336398571682,0,-87077.76390284179,5149814.976383944,1071450.9623674303,1071450.9623674303,1.0,True,-169.0891115548104,-812.7088122674196,181.0,179.0,-2.0,-205.99749880360665,-127.66790070892569,-961.4417045612803,-629.94520104594,180.0,181.0,175.0,180.0
pm2,HYPE|buy|00-10|2-7d,HYPE,buy,00-10,2-7d,216,240778.839,0,32216.628831161343,16949389.909338817,46358.95733734491,46358.95733734491,1.0,True,19.00754481635386,6949.385983107287,32.0,1.0,-31.0,5.049211303286394,27.254381912676173,1926.7998547392508,9295.960649761184,20.0,69.0,1.0,6.0
pm2,HYPE|buy|00-10|30-90d,HYPE,buy,00-10,30-90d,186,926521.12,4,178413.99405237412,46836625.391097955,399395.5994636912,399395.5994636912,1.0,False,38.092837082640145,4467.099644862102,,,,,,,,,,,
pm2,HYPE|buy|00-10|7-30d,HYPE,buy,00-10,7-30d,485,238303.1686,0,12419.560068041335,13550367.099809268,60282.92741026355,60282.92741026355,1.0,True,9.16547867416533,2060.2118380081897,53.0,6.0,-47.0,5.540038069010335,12.610128446086547,944.521246762281,3476.361337231132,43.0,68.0,3.0,18.0
pm2,HYPE|buy|00-10|<=2d,HYPE,buy,00-10,<=2d,181,41723.0,0,-892.0788524002757,2240544.8994181277,4013.2280329951204,4013.2280329951204,1.0,False,-3.981526335990632,-2222.846160412436,,,,,,,,,,,
pm2,HYPE|buy|00-10|>90d,HYPE,buy,00-10,>90d,196,67615.44,1,31148.179656834505,5592061.689083756,38090.208671999884,38090.208671999884,1.0,False,55.70070823367124,8177.476769701064,,,,,,,,,,,
pm2,HYPE|buy|10-25|2-7d,HYPE,buy,10-25,2-7d,1329,840716.6448156161,0,114866.59957255353,48018849.47311279,514489.4479847114,514489.4479847114,1.0,True,23.921147806107022,2232.6327589903635,23.0,4.0,-19.0,18.575458586295095,29.24699211531,1743.055323501582,2756.433822987646,17.0,33.0,3.0,8.0
pm2,HYPE|buy|10-25|30-90d,HYPE,buy,10-25,30-90d,1554,1331089.4059496867,0,154401.76373642494,72712401.00495721,2117384.2808818785,2117384.2808818785,1.0,True,21.234584692905205,729.2099272226461,27.0,24.0,-3.0,12.087111794606574,31.239268500449302,410.61147797987286,1078.0854515140636,16.0,46.0,15.0,34.0
pm2,HYPE|buy|10-25|7-30d,HYPE,buy,10-25,7-30d,3225,1765183.4789893222,0,231581.24207121198,97121301.96090691,1688646.0681135796,1688646.0681135796,1.0,True,23.844536409162597,1371.401896727335,24.0,12.0,-12.0,17.56071047636665,30.3656953942749,950.4319389123245,1856.0544473629238,16.0,35.0,7.0,18.0
pm2,HYPE|buy|10-25|<=2d,HYPE,buy,10-25,<=2d,610,666964.7343000001,0,-13857.277246816118,43238338.69596843,250122.9753690175,250122.9753690175,1.0,True,-3.204858850904043,-554.0185673216091,134.0,177.0,43.0,-10.744615407032084,5.522140230527417,-1771.7906509542133,964.3527690898663,68.0,158.0,18.0,180.0
pm2,HYPE|buy|10-25|>90d,HYPE,buy,10-25,>90d,761,814098.5860000001,0,220869.3166618409,50312146.30953407,2352850.6932572164,2352850.6932572164,1.0,True,43.899800120430655,938.7306950449796,6.0,17.0,11.0,18.510903502772646,65.95381449275493,376.51799176686285,1464.540571080148,4.0,32.0,11.0,35.0
pm2,HYPE|buy|25-40|2-7d,HYPE,buy,25-40,2-7d,1522,1099165.3947580706,0,172594.7406684047,60125902.284704655,1178944.5270005988,1178944.5270005988,1.0,True,28.705555195021304,1463.9767751202855,14.0,11.0,-3.0,21.884524416420895,36.5902671525754,1094.7112986411303,1915.071759871706,11.0,27.0,6.0,16.0
pm2,HYPE|buy|25-40|30-90d,HYPE,buy,25-40,30-90d,1320,2221096.55,0,334407.1303539116,121168536.36473154,7693413.874757223,7693413.874757223,1.0,True,27.598511988896757,434.6667627633179,18.0,30.0,12.0,3.74256760784495,42.392244405533376,54.50811137954671,717.3127248943026,8.0,77.0,23.0,73.0
pm2,HYPE|buy|25-40|7-30d,HYPE,buy,25-40,7-30d,3682,3136372.274009669,0,455576.11329303245,159449466.58195916,5817663.96320852,5817663.96320852,1.0,True,28.571817959570296,783.0911447861903,15.0,23.0,8.0,14.229553022265291,42.45127003195065,378.6561083283764,1205.7638267721984,9.0,41.0,14.0,36.0
pm2,HYPE|buy|25-40|<=2d,HYPE,buy,25-40,<=2d,661,297105.3499,0,19211.728908989637,16224856.012202786,169093.73094648268,169093.73094648268,1.0,True,11.840924131801485,1136.158555462358,43.0,13.0,-30.0,3.921544099575518,21.598419654637723,353.87479889942864,2227.757104651802,27.0,75.0,5.0,37.0
pm2,HYPE|buy|25-40|>90d,HYPE,buy,25-40,>90d,641,707245.6252954319,0,108762.81500376835,38325208.09569437,3493250.859146566,3493250.859146566,1.0,True,28.378923535704757,311.3512867791583,16.0,38.0,22.0,-4.377614732924744,72.33467375304166,-46.74832325697733,844.884555439738,4.0,139.10000000000036,21.0,135.0
pm2,HYPE|buy|40-60|2-7d,HYPE,buy,40-60,2-7d,1594,747157.1891,0,120164.11541879136,37806932.730523944,1321277.202312088,1321277.202312088,1.0,True,31.783619230706655,909.4542402496428,12.0,18.0,6.0,22.87724254748274,40.910516803441276,651.2125371557058,1173.5557386405544,9.0,25.0,14.0,26.0
pm2,HYPE|buy|40-60|30-90d,HYPE,buy,40-60,30-90d,1229,712772.4800000001,0,74022.74044954445,35727953.87697373,3883202.398611713,3883202.398611713,1.0,True,20.718438202320698,190.62292626314917,29.0,53.0,24.0,0.3114608215075988,37.58715702286475,2.8802291272215887,346.37290376778685,11.0,106.0,37.0,106.0
pm2,HYPE|buy|40-60|7-30d,HYPE,buy,40-60,7-30d,2850,2387897.8559115394,0,257339.51685336806,130525092.8082182,8520640.417876018,8520640.417876018,1.0,True,19.715712229485217,302.01898476255184,31.0,39.0,8.0,7.811894257557664,33.11325997226122,113.92523903345331,537.9014079030534,14.0,58.0,29.0,59.0
pm2,HYPE|buy|40-60|<=2d,HYPE,buy,40-60,<=2d,631,312308.5,0,4330.9886041414165,16373270.56645216,291838.6202285479,291838.6202285479,1.0,True,2.6451579032813086,148.40354579355142,82.0,54.0,-28.0,-4.1589336982892595,14.492534747097595,-235.30620369379912,776.2742096260008,41.0,139.0,23.0,164.0
pm2,HYPE|buy|40-60|>90d,HYPE,buy,40-60,>90d,473,404024.9517235621,0,62826.74999553084,22352507.79022486,2680046.9088847646,2680046.9088847646,1.0,True,28.107248898043583,234.4240684267524,17.0,46.0,29.0,-3.0956809760608994,52.10606575593227,-25.483909180539676,469.0582833424846,6.0,132.0,32.0,126.0
pm2,HYPE|buy|60-75|2-7d,HYPE,buy,60-75,2-7d,598,340441.6061173347,0,-2372.2444233653564,19890644.380103793,1193424.747064646,1193424.747064646,1.0,True,-1.1926433241842402,-19.877620513569386,116.0,124.0,8.0,-20.349833208566093,58.47992378606983,-376.53364061375845,789.820569149801,6.0,168.0,22.0,171.0
pm2,HYPE|buy|60-75|30-90d,HYPE,buy,60-75,30-90d,288,323640.50000000006,0,-17384.63664816757,16086607.924065053,2499117.921278648,2499117.921278648,1.0,True,-10.806900205580758,-69.56309064148881,157.0,141.0,-16.0,-47.094773404719874,26.216397108931478,-310.9977101038124,169.40052414314476,22.0,175.0,53.0,168.0
pm2,HYPE|buy|60-75|7-30d,HYPE,buy,60-75,7-30d,1034,777642.4474711823,0,96971.34920737275,37148326.960239545,3898175.8324881266,3898175.8324881266,1.0,True,26.10382677829953,248.76083936285116,19.0,44.0,25.0,9.895382683837273,44.0086897608001,95.33968230845204,413.79254305160833,8.0,51.0,34.0,62.0
pm2,HYPE|buy|60-75|<=2d,HYPE,buy,60-75,<=2d,335,242733.0,0,14196.541091035242,12524345.505846024,361616.43462632765,361616.43462632765,1.0,True,11.335156064170125,392.58561646140555,44.0,33.0,-11.0,-11.601671961622124,80.12704001039194,-429.21855705125205,2348.826260192608,3.0,159.0,5.0,172.0
pm2,HYPE|buy|60-75|>90d,HYPE,buy,60-75,>90d,189,225064.1117235621,0,19465.10273330823,14639249.865616588,2504886.5772495368,2504886.5772495368,1.0,False,13.296516496399308,77.70851945991772,,,,,,,,,,,
pm2,HYPE|buy|75-90|2-7d,HYPE,buy,75-90,2-7d,203,188741.05574649255,0,16687.558831560844,13153096.572728217,1184236.0769469985,1184236.0769469985,1.0,True,12.687171221840659,140.9141230909123,42.0,57.0,15.0,8.089566895352739,57.8028321658697,91.11501102808649,562.5807886180972,5.0,58.0,29.0,64.0
pm2,HYPE|buy|75-90|30-90d,HYPE,buy,75-90,30-90d,218,97515.8,0,19382.345819161437,5547885.971085027,994446.3490175903,994446.3490175903,1.0,True,34.936453128597265,194.90589752085853,9.0,52.0,43.0,7.508974662278641,69.83722550079038,42.19773894880483,392.5047508750008,4.0,59.0,35.0,76.0
pm2,HYPE|buy|75-90|7-30d,HYPE,buy,75-90,7-30d,736,616316.6828295654,0,105810.5441870752,29994681.897750992,4138964.131916039,4138964.131916039,1.0,True,35.276434851942504,255.6449894580087,8.0,43.0,35.0,4.346203212477698,62.45910540260246,30.662097639244998,448.5359093343489,4.0,72.0,32.0,80.0
pm2,HYPE|buy|75-90|<=2d,HYPE,buy,75-90,<=2d,255,129417.43853381717,0,-8391.674711045516,4799263.329509262,392155.61264305393,392155.61264305393,1.0,True,-17.485339175801357,-213.98838727532754,166.0,162.0,-4.0,-38.46797335374881,27.663177410868627,-410.69507582154506,605.2330961538556,19.0,174.0,27.0,172.0
pm2,HYPE|buy|75-90|>90d,HYPE,buy,75-90,>90d,51,124303.0,0,86237.18904161266,8695822.927976971,1679504.3074004797,1679504.3074004797,1.0,False,99.17082000849251,513.4681028302317,,,,,,,,,,,
pm2,HYPE|buy|90-100|2-7d,HYPE,buy,90-100,2-7d,131,26348.177435110887,0,6711.044598912704,1742415.613524028,259687.59119118282,259687.59119118282,1.0,False,38.51575104598406,258.42761943800434,,,,,,,,,,,
pm2,HYPE|buy|90-100|30-90d,HYPE,buy,90-100,30-90d,25,29859.16,0,22647.108188593567,2003909.811793329,452815.40865902463,452815.40865902463,1.0,False,113.0146080193416,500.1399633387279,,,,,,,,,,,
pm2,HYPE|buy|90-100|7-30d,HYPE,buy,90-100,7-30d,99,92673.0,0,38070.68203396223,6996407.942538326,1402457.5105459807,1402457.5105459807,1.0,False,54.41461153585911,271.4569371812284,,,,,,,,,,,
pm2,HYPE|buy|90-100|<=2d,HYPE,buy,90-100,<=2d,146,30686.704319381675,0,-588.8540583127258,1553731.4057431093,177003.61541180676,177003.61541180676,1.0,False,-3.789934709024512,-33.267911332925635,,,,,,,,,,,
pm2,HYPE|buy|90-100|>90d,HYPE,buy,90-100,>90d,8,15820.0,0,7528.6933491091095,955641.2577610668,249733.6793394569,249733.6793394569,1.0,False,78.78158553710604,301.46888353314733,,,,,,,,,,,
pm2,HYPE|sell|00-10|2-7d,HYPE,sell,00-10,2-7d,439,257146.83544480367,0,9809.700606185052,17623298.023137182,3686699.777580796,3686699.777580796,1.0,True,5.566325096078012,26.608352179471893,69.0,85.0,16.0,2.1416871460988993,10.442268635046128,9.729815167816486,50.48202690877093,50.0,87.0,72.0,98.0
pm2,HYPE|sell|00-10|30-90d,HYPE,sell,00-10,30-90d,450,360342.00815227383,0,-17350.93894959654,20874509.31913908,4442087.2521806685,4442087.2521806685,1.0,True,-8.312022421378831,-39.060328995291066,152.0,132.0,-20.0,-12.920252060941374,-2.8150176327894165,-64.55511416548292,-16.05945913873059,132.0,161.0,120.0,142.0
pm2,HYPE|sell|00-10|7-30d,HYPE,sell,00-10,7-30d,685,262242.7688180837,0,1834.5903743642978,15678097.547881149,3167002.0708850008,3167002.0708850008,1.0,True,1.1701613469117862,5.792829727615656,93.0,101.0,8.0,-1.8546523815666627,4.6105052968669975,-8.904677717935039,22.76000655067394,70.0,126.0,84.0,117.0
pm2,HYPE|sell|00-10|<=2d,HYPE,sell,00-10,<=2d,506,272085.82325367164,0,7736.876631882691,12339266.906445906,3992185.143525117,3992185.143525117,1.0,True,6.270126653829838,19.380054666129524,61.0,89.0,28.0,4.334941817958812,8.706816752596696,13.113433340440931,27.55976395336845,54.0,74.0,80.0,96.0
pm2,HYPE|sell|00-10|>90d,HYPE,sell,00-10,>90d,149,220096.8434997073,0,-26006.52678361446,15172607.717670321,1616138.7699638943,1616138.7699638943,1.0,False,-17.140446301347882,-160.91765921929752,,,,,,,,,,,
pm2,HYPE|sell|10-25|2-7d,HYPE,sell,10-25,2-7d,806,276804.0565596901,0,9446.867588099085,16709187.952048501,4078840.406891608,4078840.406891608,1.0,True,5.653696406557522,23.16066981227718,68.0,86.0,18.0,-1.9577937482924728,13.354349546114047,-7.67254676196966,57.02823443151811,43.0,125.0,70.0,115.0
pm2,HYPE|sell|10-25|30-90d,HYPE,sell,10-25,30-90d,1187,1470086.94,0,-126820.08945055566,76135092.9082061,19540414.740413304,19540414.740413304,1.0,True,-16.657244984708825,-64.9014317942124,165.0,139.0,-26.0,-29.509833549070425,-4.083634453131275,-112.34811679881713,-17.247552404678657,138.0,172.0,122.0,151.0
pm2,HYPE|sell|10-25|7-30d,HYPE,sell,10-25,7-30d,1755,1320103.308729277,0,-9689.375757346996,74169416.58267108,19558178.80415394,19558178.80415394,1.0,True,-1.306384248896845,-4.954129857576043,119.0,111.0,-8.0,-11.217321529892937,7.651999642844808,-40.418859345141676,30.492021180977165,59.0,158.0,81.0,134.0
pm2,HYPE|sell|10-25|<=2d,HYPE,sell,10-25,<=2d,788,324095.0,0,6854.084427176393,15173703.749546627,5078203.352715625,5078203.352715625,1.0,True,4.517080694541162,13.49706569649499,74.0,93.0,19.0,-1.9573614567273425,10.734543263020598,-5.697232879001997,32.99777292401679,49.0,125.0,79.0,114.0
pm2,HYPE|sell|10-25|>90d,HYPE,sell,10-25,>90d,467,422184.0695248364,0,-105873.07581349298,27618956.914338212,4801476.207314442,4801476.207314442,1.0,True,-38.33348092828575,-220.50109433471468,175.0,164.0,-11.0,-77.88954403046553,-10.986174442843938,-444.381858497565,-62.91185006873123,158.0,178.0,140.0,173.0
pm2,HYPE|sell|25-40|2-7d,HYPE,sell,25-40,2-7d,826,583851.6068194897,1,33612.64487551172,36271323.17258655,10172622.930624492,10172622.930624492,1.0,True,9.267002671938853,33.0422597050378,52.0,79.0,27.0,-7.151828684661573,20.71385686973061,-26.88531927841935,74.55477826115732,28.0,149.0,65.0,128.0
pm2,HYPE|sell|25-40|30-90d,HYPE,sell,25-40,30-90d,980,1358125.6,0,-3195.75374757487,78852695.64756235,19781543.36490156,19781543.36490156,1.0,True,-0.4052814835726752,-1.61552295926773,110.0,109.0,-1.0,-24.168692654434565,31.03407021586557,-103.90359947697786,114.03050346527465,16.0,169.0,59.0,148.0
pm2,HYPE|sell|25-40|7-30d,HYPE,sell,25-40,7-30d,1635,1288531.3308535074,0,-102507.53270296573,77487524.64428084,19850026.084382307,19850026.084382307,1.0,True,-13.22890790143876,-51.64100654941561,160.0,136.0,-24.0,-28.303586814066886,1.5387384078427493,-110.32828879038362,6.0621101629610195,92.0,170.0,103.0,149.0
pm2,HYPE|sell|25-40|<=2d,HYPE,sell,25-40,<=2d,959,608938.0285338172,0,-17675.23366894707,28577138.18199381,9990432.15825107,9990432.15825107,1.0,True,-6.185095777044627,-17.692161248849622,146.0,121.0,-25.0,-13.250318043149012,3.1487029857880304,-40.25129075373244,9.155314332670914,79.0,161.0,98.0,134.0
pm2,HYPE|sell|25-40|>90d,HYPE,sell,25-40,>90d,496,939838.876408579,0,14853.278188689424,50675152.598963894,14478144.870159121,14478144.870159121,1.0,True,2.931077150617819,10.259103166803843,79.0,96.0,17.0,-20.7854449285443,26.675184742447758,-78.60596589815174,88.99036297648995,21.0,167.0,63.0,143.0
pm2,HYPE|sell|40-60|2-7d,HYPE,sell,40-60,2-7d,955,241685.2393999999,0,5787.26645945119,11730354.30138622,3696387.4500248185,3696387.4500248185,1.0,True,4.933581979503625,15.656547203709211,72.0,91.0,19.0,-5.792555168797415,16.89600149363456,-18.140169208125542,54.12888228247066,35.0,145.0,71.0,123.0
pm2,HYPE|sell|40-60|30-90d,HYPE,sell,40-60,30-90d,1142,1608187.63,0,114226.43810479007,81924997.88940117,25920539.61296006,25920539.61296006,1.0,True,13.942806353073806,44.0679244376833,40.0,72.0,32.0,-4.354414811601769,35.772419104243454,-14.141835406272339,106.77889910445145,12.0,139.0,60.0,120.0
pm2,HYPE|sell|40-60|7-30d,HYPE,sell,40-60,7-30d,1487,1845657.5632022247,0,166551.88626025335,93724842.42970918,30469120.744158693,30469120.744158693,1.0,True,17.77030314936643,54.66251804859955,34.0,68.0,34.0,-4.61374038980132,37.79423335141126,-14.015635411308493,118.55249262872653,10.0,141.0,57.0,121.0
pm2,HYPE|sell|40-60|<=2d,HYPE,sell,40-60,<=2d,1055,251157.9037,0,11500.421268437105,11131846.194635203,3829773.56134568,3829773.56134568,1.0,True,10.33109968226073,30.028984962745852,47.0,83.0,36.0,-0.05086801787531606,20.183724943215577,-0.1416913704373422,59.30954722707021,30.0,109.0,69.0,109.0
pm2,HYPE|sell|40-60|>90d,HYPE,sell,40-60,>90d,582,446882.04,0,65566.06091875226,26434748.325285982,8101931.54126337,8101931.54126337,1.0,True,24.802982843621585,80.92645634540656,21.0,63.0,42.0,-0.14159141059431105,56.87483262947791,-0.46981032939824513,189.27842091823072,5.0,110.0,50.0,109.0
pm2,HYPE|sell|60-75|2-7d,HYPE,sell,60-75,2-7d,263,69056.019,0,-22809.7368447181,2864158.4692782513,1026191.6670593922,1026191.6670593922,1.0,True,-79.63852939486969,-222.27559993817368,179.0,165.0,-14.0,-153.51697737806782,-18.233775339031457,-418.76168885920396,-51.13524566151489,167.0,180.0,138.0,172.0
pm2,HYPE|sell|60-75|30-90d,HYPE,sell,60-75,30-90d,160,90205.765,0,-26401.274343311037,4703422.652323902,1620479.2438475173,1620479.2438475173,1.0,False,-56.132047436278135,-162.9226319531639,,,,,,,,,,,
pm2,HYPE|sell|60-75|7-30d,HYPE,sell,60-75,7-30d,255,244720.57349999997,0,-12128.110138488046,14217196.63898505,4817122.807248911,4817122.807248911,1.0,True,-8.530591822322757,-25.177083134018094,153.0,127.0,-26.0,-84.89358327126243,90.83387452659473,-228.20050702447855,305.47805251064403,3.0,178.0,40.0,163.0
pm2,HYPE|sell|60-75|<=2d,HYPE,sell,60-75,<=2d,197,45060.3,0,-2270.6951016751245,1961438.714600365,708627.9871792325,708627.9871792325,1.0,False,-11.576681365432156,-32.043542489958135,,,,,,,,,,,
pm2,HYPE|sell|60-75|>90d,HYPE,sell,60-75,>90d,204,196799.48313556152,0,56642.38159611183,11264975.545602487,3889493.558290228,3889493.558290228,1.0,True,50.2818504725679,145.6291950281854,5.0,55.0,50.0,-16.569464620854117,140.75484277099739,-43.52952050902346,451.44382439542983,2.0,163.0,32.0,133.0
pm2,HYPE|sell|75-90|2-7d,HYPE,sell,75-90,2-7d,162,26282.446781150546,0,1371.5907403457193,1589919.8805116126,477770.8330479762,477770.8330479762,1.0,False,8.626791558228467,28.708130456510904,,,,,,,,,,,
pm2,HYPE|sell|75-90|30-90d,HYPE,sell,75-90,30-90d,104,34505.37247765609,0,-7145.005816873126,2038720.8735607064,628852.0981425565,628852.0981425565,1.0,False,-35.046513279643285,-113.61981359332924,,,,,,,,,,,
pm2,HYPE|sell|75-90|7-30d,HYPE,sell,75-90,7-30d,269,166704.45947260284,0,-66042.78085671061,8890662.225416668,3124403.965617558,3124403.965617558,1.0,True,-74.28330891697493,-211.37721492955808,178.0,161.0,-17.0,-130.2716477587919,57.71058953678729,-345.0197980380689,194.50679741904798,6.0,179.0,51.0,170.0
pm2,HYPE|sell|75-90|<=2d,HYPE,sell,75-90,<=2d,240,112302.0,0,-23668.579253935015,3843216.7041143994,1481940.8805460096,1481940.8805460096,1.0,True,-61.58533612896808,-159.7133837431795,177.0,155.0,-22.0,-84.34805923941578,5.755450312607196,-213.4627781639147,17.201753275083057,67.0,178.0,91.0,163.0
pm2,HYPE|sell|75-90|>90d,HYPE,sell,75-90,>90d,47,21457.0,0,12927.603901824246,1221473.3313136173,421742.4497836105,421742.4497836105,1.0,False,105.83615352388763,306.5284015981128,,,,,,,,,,,
pm2,HYPE|sell|90-100|2-7d,HYPE,sell,90-100,2-7d,76,168351.759,0,5133.1139176080615,12111354.13446895,3700925.1432925733,3700925.1432925733,1.0,False,4.238265895470106,13.869812868036894,,,,,,,,,,,
pm2,HYPE|sell|90-100|30-90d,HYPE,sell,90-100,30-90d,44,9009.0,0,-2792.942111472703,671023.2055382706,201047.96379252942,201047.96379252942,1.0,False,-41.62213897256065,-138.91919414587394,,,,,,,,,,,
pm2,HYPE|sell|90-100|7-30d,HYPE,sell,90-100,7-30d,94,76307.09000168307,0,81861.97913695022,4170685.1889897296,1502746.9868599183,1502746.9868599183,1.0,False,196.27944912519217,544.7489155044378,,,,,,,,,,,
pm2,HYPE|sell|90-100|<=2d,HYPE,sell,90-100,<=2d,175,40780.90613262388,0,-8821.522820873002,2191114.9678887525,737540.1413598892,737540.1413598892,1.0,False,-40.26042882347235,-119.60735865315381,,,,,,,,,,,
pm2,HYPE|sell|90-100|>90d,HYPE,sell,90-100,>90d,27,12329.467658247022,0,509.20787895713653,586641.1587163773,244790.99366719596,244790.99366719596,1.0,False,8.680057159155494,20.801740755602587,,,,,,,,,,,
sm_all,BTC|buy|00-10|2-7d,BTC,buy,00-10,2-7d,2930,4360.315004508309,0,80817.2449667462,324955684.0029542,392368.97146084014,392368.97146084014,1.0,True,2.4870235833761103,2059.725687937382,87.0,8.0,-79.0,1.375364491119391,3.648581290776024,1123.022593130415,3246.1995867517626,79.0,102.0,4.0,16.0
sm_all,BTC|buy|00-10|30-90d,BTC,buy,00-10,30-90d,1279,3841.990900016552,0,189933.2674567905,281706287.3955726,1190089.2746901845,1190089.2746901845,1.0,True,6.742244527545307,1595.9581478140433,68.0,11.0,-57.0,5.238339535565427,8.100904672463624,1189.920636084933,2136.9053940873087,62.0,77.0,6.0,16.0
sm_all,BTC|buy|00-10|7-30d,BTC,buy,00-10,7-30d,2677,4792.656889421988,0,92264.05061534166,349121599.91898954,689211.7307688922,689211.7307688922,1.0,True,2.6427482755793594,1338.6894983985671,83.0,14.0,-69.0,1.7289360483143008,3.6315092341005437,873.9235841657546,1809.6428690061864,79.0,99.0,9.0,21.0
sm_all,BTC|buy|00-10|<=2d,BTC,buy,00-10,<=2d,3874,2842.8151852853302,0,-29282.619963794903,220446303.55520687,156576.33223151867,156576.33223151867,1.0,True,-1.3283334531604696,-1870.1817539381818,131.0,182.0,51.0,-2.2963708112893477,-0.4658918889542701,-2882.605303312219,-733.6896332314616,118.0,136.0,177.0,182.0
sm_all,BTC|buy|00-10|>90d,BTC,buy,00-10,>90d,479,1743.8113264190542,0,168643.28393404026,121469111.87299989,564628.7790618261,564628.7790618261,1.0,True,13.883635216692996,2986.799295180348,47.0,4.0,-43.0,5.490103966372494,19.022254584851765,848.7076742461168,7840.82942064084,38.0,73.0,1.0,21.0
sm_all,BTC|buy|10-25|2-7d,BTC,buy,10-25,2-7d,4858,6843.934610000058,0,82672.59984206394,516637524.04876584,2189852.0106253843,2189852.0106253843,1.0,True,1.6002050953283138,377.5259672385535,95.0,34.0,-61.0,-1.193151851621208,4.423388968570674,-251.95638158600147,1161.1683374586373,76.0,127.0,16.0,166.0
sm_all,BTC|buy|10-25|30-90d,BTC,buy,10-25,30-90d,2649,4433.794021976467,0,352373.241491441,324422239.7194534,4019297.6112298807,4019297.6112298807,1.0,True,10.861562443935977,876.7035327439137,56.0,20.0,-36.0,6.292064630326626,16.44849969869633,472.74133825600893,1360.4668464196545,44.0,72.0,13.0,31.0
sm_all,BTC|buy|10-25|7-30d,BTC,buy,10-25,7-30d,5202,5807.745682511177,0,112021.30330991502,434630182.3528091,3298246.0225626985,3298246.0225626985,1.0,True,2.577393560279305,339.63901583932113,86.0,39.0,-47.0,1.408798903335859,3.753993893876353,178.41611489294496,514.0460700607354,79.0,101.0,29.0,56.0
sm_all,BTC|buy|10-25|<=2d,BTC,buy,10-25,<=2d,5025,2907.8915419999985,0,12120.527900589996,229703775.2553214,497570.6090713507,497570.6090713507,1.0,True,0.5276590638145903,243.594128745091,108.0,48.0,-60.0,-0.22459822359881945,1.2726574428635544,-102.30467443839247,595.5993398618128,100.0,119.0,28.0,152.0
sm_all,BTC|buy|10-25|>90d,BTC,buy,10-25,>90d,871,1974.9461707965859,0,287218.33112135745,151787930.1784825,3462326.5913791168,3462326.5913791168,1.0,True,18.922343218174642,829.5529712202926,41.0,23.0,-18.0,15.074987963274376,21.650007895205533,565.788628903898,997.6233681154629,33.0,49.0,17.0,29.0
sm_all,BTC|buy|25-40|2-7d,BTC,buy,25-40,2-7d,3145,2562.464921913281,0,-17627.685736371554,189261673.78203598,1943504.6233950541,1943504.6233950541,1.0,True,-0.9313922562405611,-90.70050837120336,124.0,150.0,26.0,-3.7810524766315696,0.9387283861072935,-363.17882945302466,92.18326558839706,104.0,143.0,69.0,172.0
sm_all,BTC|buy|25-40|30-90d,BTC,buy,25-40,30-90d,2575,1685.853366578359,0,-2284.591029743324,136030182.5274816,4556918.078875249,4556918.078875249,1.0,True,-0.1679473619232833,-5.013456441830995,113.0,118.0,5.0,-3.026423668009334,2.8385677735338177,-89.97865490694264,84.28911368462263,86.0,139.0,70.0,150.0
sm_all,BTC|buy|25-40|7-30d,BTC,buy,25-40,7-30d,4588,6607.781091060736,0,1502133.944150623,495572460.6894534,8215331.79882255,8215331.79882255,1.0,True,30.311085932031308,1828.4519492760037,17.0,9.0,-8.0,2.73553640208308,63.341251761806895,147.85500960241336,4537.576577525305,7.0,87.0,4.0,59.0
sm_all,BTC|buy|25-40|<=2d,BTC,buy,25-40,<=2d,3698,1728.7922769999732,0,-12460.297999356648,138481340.9933685,735155.8385774525,735155.8385774525,1.0,True,-0.8997817258249498,-169.49192736423996,123.0,161.0,38.0,-2.21334089303582,0.47318858174040634,-419.32678127992693,88.3365765985604,109.0,136.0,70.0,174.0
sm_all,BTC|buy|25-40|>90d,BTC,buy,25-40,>90d,777,835.8099079120286,0,93409.73214457341,70342470.95840627,3643439.6214108723,3643439.6214108723,1.0,True,13.279279341751712,256.37787873756986,48.0,47.0,-1.0,6.422027515901414,23.51083377482699,125.09425532207194,423.7228497761249,32.0,70.0,34.0,62.0
sm_all,BTC|buy|40-60|2-7d,BTC,buy,40-60,2-7d,3562,2898.208669284045,0,-151836.34882515922,227823159.6861179,4091714.2072799318,4091714.2072799318,1.0,True,-6.664658195169926,-371.0824880071382,151.0,174.0,23.0,-9.403464760417537,-3.4429373440275386,-523.8274112270766,-191.19516282448294,139.0,158.0,162.0,176.0
sm_all,BTC|buy|40-60|30-90d,BTC,buy,40-60,30-90d,2800,2946.4746836504223,0,-241215.75421395726,243800424.3008049,15390040.82714078,15390040.82714078,1.0,True,-9.893984184225264,-156.73496706296342,159.0,158.0,-1.0,-26.29598808240104,2.324346534458167,-401.26570172451085,36.722366083427225,92.0,169.0,84.89999999999986,173.0
sm_all,BTC|buy|40-60|7-30d,BTC,buy,40-60,7-30d,4747,4080.260495700253,0,2944333.6082779495,310255281.4996449,7953270.733744931,7953270.733744931,1.0,True,94.9003541227813,3702.041219074106,4.0,3.0,-1.0,32.77080445984435,153.11680051703968,1068.8457706328245,7359.799749325716,2.0,18.0,1.0,16.0
sm_all,BTC|buy|40-60|<=2d,BTC,buy,40-60,<=2d,3994,1874.172832522465,0,-27774.81040810782,151178590.16765752,1369254.4958290597,1369254.4958290597,1.0,True,-1.837218509400403,-202.84622393217452,133.0,165.0,32.0,-4.0182832788034615,0.33647774010477516,-454.509845095173,36.76156218549182,111.0,143.0,85.0,174.0
sm_all,BTC|buy|40-60|>90d,BTC,buy,40-60,>90d,751,682.7770583570241,0,174875.57582035902,57801999.84731123,5955408.3829601025,5955408.3829601025,1.0,True,30.254243154615295,293.6416188027026,18.0,42.0,24.0,10.318899202504364,47.87817952058267,97.01951278244691,475.0897037651581,10.0,57.0,31.0,68.0
sm_all,BTC|buy|60-75|2-7d,BTC,buy,60-75,2-7d,1436,1070.6787747479125,0,-28926.602118602586,84290959.21198905,2475231.237350398,2475231.237350398,1.0,True,-3.4317561917705923,-116.86424153877016,140.0,152.0,12.0,-8.351932832603339,1.2028159080382372,-295.0406720844368,39.96246565267817,103.0,154.0,84.0,169.0
sm_all,BTC|buy|60-75|30-90d,BTC,buy,60-75,30-90d,870,1209.3866745889854,0,205974.9310574601,91877788.80149598,7310854.66190188,7310854.66190188,1.0,True,22.41835962143947,281.7385115461683,33.0,43.0,10.0,-0.7154314025672083,33.83915431451212,-7.986817136026441,468.96285192378116,18.0,122.10000000000036,31.0,121.0
sm_all,BTC|buy|60-75|7-30d,BTC,buy,60-75,7-30d,1724,2312.8978340026056,0,1989263.8992118062,172590470.76376167,8720104.701829212,8720104.701829212,1.0,True,115.25919654826541,2281.2385484253637,2.0,7.0,5.0,-5.758764814068466,304.88443804144976,-101.06542432389364,8528.57761296998,1.0,149.0,1.0,153.0
sm_all,BTC|buy|60-75|<=2d,BTC,buy,60-75,<=2d,1407,889.8601799999981,0,-38952.45690653967,68273905.5868103,1090056.9098423254,1090056.9098423254,1.0,True,-5.705321318847302,-357.3433327639203,147.0,173.0,26.0,-11.709069266974343,1.9986957209200802,-652.6236611830451,145.14545483104132,93.0,160.0,61.0,177.0
sm_all,BTC|buy|60-75|>90d,BTC,buy,60-75,>90d,203,62.95621366878161,0,10251.11210643089,4846382.720987948,746976.9827679128,746976.9827679128,1.0,True,21.152089499735535,137.23464501470363,35.0,62.0,27.0,2.051380330096122,42.5677907474545,13.977266977285495,274.6517982997965,12.0,93.0,46.0,99.0
sm_all,BTC|buy|75-90|2-7d,BTC,buy,75-90,2-7d,905,494.7238589062519,0,-22549.816656346084,37905055.51372149,1701683.577946764,1701683.577946764,1.0,True,-5.949026152509692,-132.5147456823582,148.0,153.0,5.0,-34.8017195200297,13.653183500550792,-711.0336637274178,309.7971796527405,49.0,171.0,42.0,177.0
sm_all,BTC|buy|75-90|30-90d,BTC,buy,75-90,30-90d,362,384.76703570272616,0,71733.29071985975,31057078.78722346,4437575.310163407,4437575.310163407,1.0,True,23.097243372860312,161.6497427222667,32.0,58.0,26.0,7.305377836710731,40.45021460268418,48.2321342850851,300.9702941758071,13.0,67.0,43.0,80.0
sm_all,BTC|buy|75-90|7-30d,BTC,buy,75-90,7-30d,1032,821.0361697639913,0,89687.88961462337,60726995.66256664,5900089.270760656,5900089.270760656,1.0,True,14.769031241555199,152.01107220376102,45.0,60.0,15.0,-2.0250518151957073,29.31568533409599,-20.69260919811913,303.7493848426988,23.0,133.0,43.0,128.0
sm_all,BTC|buy|75-90|<=2d,BTC,buy,75-90,<=2d,1038,493.22642966684805,0,9134.960335485133,39002422.87263038,868953.2675034426,868953.2675034426,1.0,True,2.3421520158675873,105.12602549652007,89.0,65.0,-24.0,-4.836901163176136,10.28639479432914,-212.0516901329292,467.2261778308143,57.0,145.0,32.0,163.0
sm_all,BTC|buy|75-90|>90d,BTC,buy,75-90,>90d,110,43.13100385325913,0,25151.671674103858,3706550.526264482,863203.5536141711,863203.5536141711,1.0,False,67.857355500431,291.3759051245285,,,,,,,,,,,
sm_all,BTC|buy|90-100|2-7d,BTC,buy,90-100,2-7d,456,643.0670778183209,0,6035.6590833087985,51328602.396087654,4446889.475841686,4446889.475841686,1.0,True,1.1758861144773438,13.572766123597884,101.0,96.0,-5.0,-14.373763846042685,11.39496724705563,-132.77808560115292,125.60676371779061,55.0,162.0,63.0,156.0
sm_all,BTC|buy|90-100|30-90d,BTC,buy,90-100,30-90d,83,19.98106645463951,0,-2016.021925580126,1630268.9002615525,385380.4040138387,385380.4040138387,1.0,False,-12.36619262783388,-52.31251782868888,,,,,,,,,,,
sm_all,BTC|buy|90-100|7-30d,BTC,buy,90-100,7-30d,386,430.6067952752809,0,-89230.29466834429,30191702.223153543,5443468.009283607,5443468.009283607,1.0,True,-29.554575627708388,-163.92177655157658,169.0,160.0,-9.0,-68.53748159488887,9.128725867885324,-360.1742006898091,48.29753700553112,61.0,177.0,80.0,172.0
sm_all,BTC|buy|90-100|<=2d,BTC,buy,90-100,<=2d,849,471.2395440217784,0,143525.1779713807,38003443.23386118,1516319.6809215108,1516319.6809215108,1.0,True,37.76636161312335,946.536405068332,11.0,19.0,8.0,12.275494845218969,96.18438286268673,307.4961473104359,2410.0645657471546,4.0,52.0,6.0,42.0
sm_all,BTC|buy|90-100|>90d,BTC,buy,90-100,>90d,49,18.861497400000005,0,18289.90335186221,1476765.1528304357,776884.8210524999,776884.8210524999,1.0,False,123.85113040355093,235.42619003784378,,,,,,,,,,,
sm_all,BTC|sell|00-10|2-7d,BTC,sell,00-10,2-7d,4466,6578.730099608015,0,22521.708144923054,488356754.1606403,63461757.09639068,63461757.09639068,1.0,True,0.46117327042260486,3.5488629964523866,109.0,109.0,0.0,-0.1482906382798646,1.1925758168171545,-1.1407360232589665,9.180945729330196,100.0,119.0,102.0,119.0
sm_all,BTC|sell|00-10|30-90d,BTC,sell,00-10,30-90d,2124,2330.616611709483,0,-8769.896544700092,186178623.34834966,24212565.650223322,24212565.650223322,1.0,True,-0.47104744825033806,-3.6220434758508144,117.0,114.0,-3.0,-1.5876973839195252,0.4104944162941457,-12.199080620582409,3.1578272702791805,109.0,131.0,109.0,126.0
sm_all,BTC|sell|00-10|7-30d,BTC,sell,00-10,7-30d,4498,5539.865003462421,1,25938.024801017815,421520204.6483649,54762354.565260224,54762354.565260224,1.0,True,0.615344757261529,4.736469972288629,106.0,106.0,0.0,-0.63707453216716,1.6954236129055602,-4.899014558367492,13.062335135574667,96.0,122.0,98.0,121.0
sm_all,BTC|sell|00-10|<=2d,BTC,sell,00-10,<=2d,7649,5584.180267626843,0,60397.602703940196,455079409.9218776,59382356.961760156,59382356.961760156,1.0,True,1.3271882090712148,10.170967572545802,97.0,99.0,2.0,1.1181421549163353,1.5307735705338605,8.569708862224658,11.731025721143583,94.0,107.0,97.0,110.0
sm_all,BTC|sell|00-10|>90d,BTC,sell,00-10,>90d,573,2160.381562097767,0,-139632.4162940151,154021195.26068613,20162567.475850776,20162567.475850776,1.0,True,-9.065792279931504,-69.25329150727278,156.0,146.0,-10.0,-11.044866022503513,-5.230269485860935,-84.24592276792784,-40.08017928757836,145.0,161.0,136.0,152.0
sm_all,BTC|sell|10-25|2-7d,BTC,sell,10-25,2-7d,4679,4802.963829999999,1,73864.29379622346,374649399.5932438,48632794.723621555,48632794.723621555,1.0,True,1.9715577784568132,15.188165561118094,93.0,93.0,0.0,0.7722805856664632,3.164804725519075,5.946704382608654,24.391556300604194,82.0,108.0,89.0,110.0
sm_all,BTC|sell|10-25|30-90d,BTC,sell,10-25,30-90d,3328,5227.9448091883705,0,-49726.13452137482,393316681.55503196,51098432.38457333,51098432.38457333,1.0,True,-1.2642772822341444,-9.731440320346733,129.0,122.0,-7.0,-3.0357078563642395,0.6514309162401493,-23.33563802406753,5.018311212718999,108.0,139.0,109.0,132.0
sm_all,BTC|sell|10-25|7-30d,BTC,sell,10-25,7-30d,5700,5990.494180630845,0,-12867.941977887636,457739941.8132698,59432780.33122057,59432780.33122057,1.0,True,-0.2811190547827915,-2.1651253577864322,114.0,113.0,-1.0,-2.0767338770363226,1.4748844215514731,-15.978267248135518,11.36630403669028,98.0,133.0,101.0,128.0
sm_all,BTC|sell|10-25|<=2d,BTC,sell,10-25,<=2d,6830,3800.826718000071,0,28791.098726370805,316370549.56096464,42008164.82688462,42008164.82688462,1.0,True,0.9100435791613642,6.8536911443331885,103.0,103.0,0.0,0.39208125110538716,1.39761077512557,2.9561630464378688,10.521370141737682,97.0,113.0,100.0,115.0
sm_all,BTC|sell|10-25|>90d,BTC,sell,10-25,>90d,791,1135.2184538823906,1,-82840.98610099651,88758516.31862026,11599625.496053262,11599625.496053262,1.0,True,-9.333300007361396,-71.41694887406744,158.0,147.0,-11.0,-15.389140660316839,1.7382966811223957,-117.35830761409538,13.397397742939475,97.0,164.0,101.0,155.0
sm_all,BTC|sell|25-40|2-7d,BTC,sell,25-40,2-7d,3583,4890.7996612860325,1,23080.921443132407,359468425.2266289,47804407.6226817,47804407.6226817,1.0,True,0.6420848069919051,4.828199446651281,105.0,105.0,0.0,-2.914569949874052,4.969493272366134,-21.90168468716466,37.450115914214244,75.0,138.0,83.0,130.0
sm_all,BTC|sell|25-40|30-90d,BTC,sell,25-40,30-90d,2852,3500.147512931782,0,38274.15978834048,266471499.69863963,34608320.50594096,34608320.50594096,1.0,True,1.4363322093216666,11.059236400035719,96.0,98.0,2.0,-7.895167155645447,8.596315480195976,-60.41123261756535,66.50262449273846,62.0,154.0,75.0,144.0
sm_all,BTC|sell|25-40|7-30d,BTC,sell,25-40,7-30d,5279,5849.053637002143,2,-387324.5702459557,428593923.669637,56163880.37164934,56163880.37164934,1.0,True,-9.037098961405436,-68.96328524363697,155.0,145.0,-10.0,-34.11137138274634,6.47994520800164,-255.4928401159578,49.96583772706447,68.0,171.0,77.0,167.0
sm_all,BTC|sell|25-40|<=2d,BTC,sell,25-40,<=2d,4677,1824.973359999963,0,38405.11529650593,148201080.66275212,20620113.55935785,20620113.55935785,1.0,True,2.591419382689995,18.625074583586304,85.0,89.0,4.0,1.3542893610434168,3.8014365286578315,9.721020780320131,27.355900165545165,78.0,101.0,87.0,105.0
sm_all,BTC|sell|25-40|>90d,BTC,sell,25-40,>90d,907,856.8978942441227,1,286626.99533724645,66312447.694751196,8334775.350766128,8334775.350766128,1.0,True,43.22370916794461,343.892886460221,9.0,38.0,29.0,22.31017165032279,82.49684476388799,174.59645242268027,677.1449521257142,4.0,34.0,25.0,56.0
sm_all,BTC|sell|40-60|2-7d,BTC,sell,40-60,2-7d,4663,2801.698050421827,0,126027.97856477374,221687896.25426427,32078265.854456186,32078265.854456186,1.0,True,5.684928256986405,39.28765324677501,70.0,79.0,9.0,-0.17551346481732563,10.962141981574637,-1.2042661556366385,76.00479365102633,55.0,116.0,71.0,116.0
sm_all,BTC|sell|40-60|30-90d,BTC,sell,40-60,30-90d,3653,3601.3058148083837,0,36131.67969117274,290074512.0179678,39467185.05269948,39467185.05269948,1.0,True,1.2455999474002277,9.154866161072059,100.0,101.0,1.0,-3.361181874109189,10.186449955611593,-24.894333682358848,74.99689020588293,57.0,139.0,72.0,131.0
sm_all,BTC|sell|40-60|7-30d,BTC,sell,40-60,7-30d,6340,5752.519804520993,1,-1769245.1283040645,434995487.47112346,62901205.85573817,62901205.85573817,1.0,True,-40.67272372386422,-281.27364241025356,173.0,171.0,-2.0,-73.11915622543124,-9.353208859936943,-495.43853759718695,-66.1870162645743,155.0,177.0,145.0,175.0
sm_all,BTC|sell|40-60|<=2d,BTC,sell,40-60,<=2d,5033,2014.4827215342898,0,1092.3730900047278,162486440.2305672,23959303.039557967,23959303.039557967,1.0,True,0.0672285692550503,0.45592857530169684,111.0,111.0,0.0,-3.445197344291686,3.390713585938315,-23.399268413204968,23.005064560972823,83.0,140.0,92.0,130.0
sm_all,BTC|sell|40-60|>90d,BTC,sell,40-60,>90d,1160,451.0321393999752,0,88840.03277009072,34718754.08170358,4535439.157300442,4535439.157300442,1.0,True,25.588485278309133,195.87967049913985,27.0,52.0,25.0,12.735466116259564,44.532756685055205,96.87753316587829,344.8720240909453,11.0,51.0,39.0,68.0
sm_all,BTC|sell|60-75|2-7d,BTC,sell,60-75,2-7d,1094,1096.6229644037624,0,-4654.288150927385,83210449.32603276,12444539.448477786,12444539.448477786,1.0,True,-0.5593393844913742,-3.7400244261322957,119.0,115.0,-4.0,-8.540523347811327,5.384014364987169,-57.03576455967609,35.9889061190007,74.0,155.0,85.0,143.0
sm_all,BTC|sell|60-75|30-90d,BTC,sell,60-75,30-90d,821,204.88493036451396,0,-6208.5310863827435,15522927.41711686,2327623.3841717653,2327623.3841717653,1.0,True,-3.9995877836397695,-26.67326307426627,144.0,131.0,-13.0,-14.838813678614802,7.380431305168774,-98.46005898315998,49.524573536507845,67.0,163.0,80.0,152.0
sm_all,BTC|sell|60-75|7-30d,BTC,sell,60-75,7-30d,1599,2947.859902580181,0,-4110175.785225323,218868833.91233486,36816965.88903207,36816965.88903207,1.0,True,-187.79173406075722,-1116.3809091747457,181.0,180.0,-1.0,-351.88767641538936,-31.3802594931701,-1905.505104725204,-206.45395163372734,171.0,182.0,164.0,182.0
sm_all,BTC|sell|60-75|<=2d,BTC,sell,60-75,<=2d,1282,501.0399009392376,0,-8734.779542832826,40430253.10607258,6041970.632649963,6041970.632649963,1.0,True,-2.160456309762966,-14.456838793011176,136.0,124.0,-12.0,-5.826387389998389,1.4450284405412475,-38.98397285438811,9.685349043633801,100.0,148.0,104.0,138.0
sm_all,BTC|sell|60-75|>90d,BTC,sell,60-75,>90d,307,92.44699903362762,0,-29295.044559583344,7341395.818991026,1107744.638617855,1107744.638617855,1.0,True,-39.903916478391906,-264.456658496087,171.0,169.0,-2.0,-113.7541293275415,46.47879546108745,-718.9409229135924,327.9181815752669,11.0,179.0,41.0,177.0
sm_all,BTC|sell|75-90|2-7d,BTC,sell,75-90,2-7d,602,310.66426000000007,0,-31244.154443353895,24834938.222939372,3733647.6637453465,3733647.6637453465,1.0,True,-12.580725654672458,-83.68265368674838,161.0,149.0,-12.0,-22.92657328232956,-1.878048126724949,-151.8488678488772,-12.532111867406913,133.0,168.0,125.0,159.0
sm_all,BTC|sell|75-90|30-90d,BTC,sell,75-90,30-90d,307,99.77411879997602,0,-17719.551633426876,7815666.486895977,1182784.0241336136,1182784.0241336136,1.0,True,-22.671836961231783,-149.81223344140452,166.0,156.0,-10.0,-43.629090019795754,-2.976680166535123,-284.8250320086491,-19.840624416565625,138.0,174.0,128.0,169.0
sm_all,BTC|sell|75-90|7-30d,BTC,sell,75-90,7-30d,756,525.738561488395,0,-13852.49138969369,39037153.152550474,5875458.220724181,5875458.220724181,1.0,True,-3.5485403701341998,-23.576869870051254,141.0,129.0,-12.0,-12.221980585481365,3.7210361547689517,-81.00305103286466,24.820185061815693,81.0,161.0,90.0,149.0
sm_all,BTC|sell|75-90|<=2d,BTC,sell,75-90,<=2d,801,423.75009982328635,0,52413.568134647474,31823008.337109465,4764254.498162606,4764254.498162606,1.0,True,16.47033730419727,110.01420716475458,44.0,64.0,20.0,-1.0243821199321916,33.67791688244088,-6.83087296488184,225.84892608366192,19.0,125.0,50.0,120.0
sm_all,BTC|sell|75-90|>90d,BTC,sell,75-90,>90d,132,53.2620726522192,0,-25124.805495585464,4017445.3777085664,626829.745033482,626829.745033482,1.0,False,-62.53925849246001,-400.82344041033707,,,,,,,,,,,
sm_all,BTC|sell|90-100|2-7d,BTC,sell,90-100,2-7d,300,100.60737520325875,0,6704.067071995338,8112200.662870249,1209879.0899068872,1209879.0899068872,1.0,True,8.264178057971403,55.41104997947593,65.0,75.0,10.0,-1.3960945179051445,18.933566797768115,-9.337068812273726,127.09855857263668,40.0,128.0,62.0,123.0
sm_all,BTC|sell|90-100|30-90d,BTC,sell,90-100,30-90d,112,34.27161114595515,0,-32494.85442911498,2495254.3941159593,387919.4878924268,387919.4878924268,1.0,False,-130.22661940097512,-837.6700692625699,,,,,,,,,,,
sm_all,BTC|sell|90-100|7-30d,BTC,sell,90-100,7-30d,265,108.61216609726984,0,-23645.297381922177,8345942.090058878,1269203.975080698,1269203.975080698,1.0,True,-28.331489874686355,-186.30021530163242,168.0,163.0,-5.0,-63.455357523422265,5.694252331845608,-407.6188886211587,38.11813487925812,74.0,176.0,84.0,174.0
sm_all,BTC|sell|90-100|<=2d,BTC,sell,90-100,<=2d,792,605.8111560591666,0,47518.67083416742,44668624.25190382,6691760.058093071,6691760.058093071,1.0,True,10.638042167180048,71.01072127757769,57.0,71.0,14.0,-16.818994678775816,48.692103050975206,-111.81513510518707,325.6133598730222,10.0,164.0,41.0,154.0
sm_all,BTC|sell|90-100|>90d,BTC,sell,90-100,>90d,121,36.207600000000035,0,-30730.42503554801,2673930.8514027945,438956.31197784253,438956.31197784253,1.0,False,-114.92602742298386,-700.0793517943356,,,,,,,,,,,
sm_all,ETH|buy|00-10|2-7d,ETH,buy,00-10,2-7d,8107,177620.7253105501,0,135616.70299015322,480803557.46493006,1109147.9192900686,1109147.9192900686,1.0,True,2.820626030830588,1222.710700994303,81.0,16.0,-65.0,1.8263550447892276,3.860811123239665,777.4895123210162,1707.093650944727,78.0,97.0,9.0,23.0
sm_all,ETH|buy|00-10|30-90d,ETH,buy,00-10,30-90d,2761,48437.16164118823,0,100208.50726938655,113811675.54455316,673332.4609732686,673332.4609732686,1.0,True,8.804765134149926,1488.2470856156278,62.0,13.0,-49.0,6.229792249089043,10.942838190073271,987.9682099380528,1960.4650493554045,54.0,72.0,7.0,19.0
sm_all,ETH|buy|00-10|7-30d,ETH,buy,00-10,7-30d,7358,73640.78548936895,0,-28289.31367918788,197537154.84731546,736392.470201088,736392.470201088,1.0,True,-1.4321008977300418,-384.1608221694997,132.0,175.0,43.0,-5.259752373991315,1.9027182699296001,-1305.9112229610291,552.0376518792468,95.0,147.0,29.0,180.0
sm_all,ETH|buy|00-10|<=2d,ETH,buy,00-10,<=2d,7859,74199.12269511336,0,-10661.940212220472,195523496.77634147,134463.09527723127,134463.09527723127,1.0,True,-0.5453022469425566,-792.9268763476,118.0,178.0,60.0,-1.0333569990793847,-0.05368386643259323,-1448.1091637550724,-79.03539196134072,113.0,128.0,149.0,181.0
sm_all,ETH|buy|00-10|>90d,ETH,buy,00-10,>90d,1404,103682.40619374825,0,503948.6354282521,256293482.84687153,1059206.9232853835,1059206.9232853835,1.0,True,19.662951622119394,4757.792121157356,39.0,2.0,-37.0,16.909740913480455,22.228764309854828,3495.194023193778,6069.851808971367,31.0,46.0,1.0,4.0
sm_all,ETH|buy|10-25|2-7d,ETH,buy,10-25,2-7d,11313,196874.17837838706,0,128856.42172439385,523497186.74640524,2471369.899105574,2471369.899105574,1.0,True,2.4614539483058393,521.3967434459282,88.0,28.0,-60.0,1.3239184903826395,3.8756880658386823,304.2069350490534,759.6871191359157,78.0,101.0,23.0,43.0
sm_all,ETH|buy|10-25|30-90d,ETH,buy,10-25,30-90d,6844,84368.97463752268,0,195073.16397708494,203878406.590093,4217325.415681447,4217325.415681447,1.0,True,9.56811303559423,462.55184210290423,59.0,29.0,-30.0,6.805384683098797,13.062705251138524,324.116575914763,641.3144534930872,50.0,71.0,25.0,42.0
sm_all,ETH|buy|10-25|7-30d,ETH,buy,10-25,7-30d,13225,120711.24997649161,0,146825.3807313342,315180935.128262,3465567.2863808516,3465567.2863808516,1.0,True,4.658447398526311,423.66910984050276,74.0,32.0,-42.0,0.3728302875885831,10.364611613494613,33.23143531704073,950.4725413468839,57.0,112.0,20.0,86.0
sm_all,ETH|buy|10-25|<=2d,ETH,buy,10-25,<=2d,12082,96755.34656267695,0,62447.82554707123,274271557.70237154,828868.14522156,828868.14522156,1.0,True,2.2768611543322,753.4108519803069,90.0,25.0,-65.0,1.3782115553377596,3.257786316061207,453.8210605563683,1083.058878897637,82.0,102.0,17.0,32.0
sm_all,ETH|buy|10-25|>90d,ETH,buy,10-25,>90d,1765,29016.296049023775,0,137965.8005718443,66113368.82195534,2255316.201708026,2255316.201708026,1.0,True,20.868063907526636,611.7359528892587,36.0,27.0,-9.0,16.16016348150884,25.9679144110808,448.6785644927445,767.5637186086049,27.0,47.0,22.0,33.0
sm_all,ETH|buy|25-40|2-7d,ETH,buy,25-40,2-7d,8465,65517.059123447456,0,-6016.562787098507,183839370.03790918,2535963.98520344,2535963.98520344,1.0,True,-0.3272728135359604,-23.724953596357352,115.0,130.0,15.0,-1.9514184823886866,1.4683705905093134,-142.12664481267893,106.004062359146,99.0,133.0,66.0,157.0
sm_all,ETH|buy|25-40|30-90d,ETH,buy,25-40,30-90d,6798,50664.296606683514,0,95024.31428000465,136564910.01912728,6548833.491666224,6548833.491666224,1.0,True,6.958179393718016,145.1011304546507,67.0,61.0,-6.0,2.3540293660971376,12.791053264315225,49.28244035038028,268.22178027960024,52.0,90.0,46.0,79.0
sm_all,ETH|buy|25-40|7-30d,ETH,buy,25-40,7-30d,12066,69606.48576513815,0,-19626.802743790027,190319976.76243943,4839067.5724828895,4839067.5724828895,1.0,True,-1.0312528972346675,-40.55905905384921,127.0,138.0,11.0,-2.7921619113743095,0.7915197664888902,-110.2315646335886,30.976923002748777,106.0,138.0,87.0,154.0
sm_all,ETH|buy|25-40|<=2d,ETH,buy,25-40,<=2d,9038,53428.10935331554,0,-1056.4742293022841,155545203.9832699,1118970.6847680348,1118970.6847680348,1.0,True,-0.06792072029529861,-9.441482638316781,112.0,121.0,9.0,-2.2143643967827353,2.3495197194887854,-308.1756213363043,327.71189009365077,90.0,135.0,42.0,169.0
sm_all,ETH|buy|25-40|>90d,ETH,buy,25-40,>90d,1993,29665.22671652148,0,248219.8199165426,73811612.46108125,5917940.215886384,5917940.215886384,1.0,True,33.628830429279915,419.4361735020745,14.0,33.0,19.0,25.545063880259082,41.44687670101172,324.29099655758137,509.7804292799397,12.0,29.0,29.0,42.0
sm_all,ETH|buy|40-60|2-7d,ETH,buy,40-60,2-7d,9906,80610.3976999988,0,-82786.91566911858,229061354.97289452,5591451.549865078,5591451.549865078,1.0,True,-3.614180824125265,-148.05979257947112,142.0,155.0,13.0,-5.295720987783348,-1.9549632193433912,-219.7507214522214,-79.6071898599164,131.0,149.0,148.0,165.0
sm_all,ETH|buy|40-60|30-90d,ETH,buy,40-60,30-90d,6691,36232.784629409405,0,46495.70447150834,101091607.17112482,9188674.511281572,9188674.511281572,1.0,True,4.5993634657328,50.60110075117183,75.0,78.0,3.0,-0.4748210192716142,10.456561011089965,-5.206359077091729,116.17440283879128,57.0,120.0,64.0,120.0
sm_all,ETH|buy|40-60|7-30d,ETH,buy,40-60,7-30d,13236,54365.841908597424,0,-53388.18558310186,145075225.92970014,6942684.709821048,6942684.709821048,1.0,True,-3.6800346331338787,-76.89847345016187,143.0,148.0,5.0,-8.177992537078596,1.8531359045093208,-170.35874055911478,39.032909946085596,95.0,155.0,83.0,161.0
sm_all,ETH|buy|40-60|<=2d,ETH,buy,40-60,<=2d,9810,46617.44829999866,0,-10445.6083375045,136285053.69892833,1645220.6004543062,1645220.6004543062,1.0,True,-0.766452964136495,-63.49062450725503,122.0,142.0,20.0,-2.8866875474943736,1.3877139706132795,-238.59567992633671,115.10585299179313,99.0,138.0,65.0,165.0
sm_all,ETH|buy|40-60|>90d,ETH,buy,40-60,>90d,2072,17249.486798690745,0,253275.04718714618,46376646.76728503,8449893.857216826,8449893.857216826,1.0,True,54.612626147393485,299.7375487395393,6.0,41.0,35.0,43.990888820052035,64.67495403592427,246.3640725543813,359.28544267227795,5.0,12.0,37.0,50.0
sm_all,ETH|buy|60-75|2-7d,ETH,buy,60-75,2-7d,3201,21138.09900725326,0,-5769.779897543785,59241027.9170099,2142297.0226895115,2142297.0226895115,1.0,True,-0.9739499972260115,-26.932679439101356,126.0,132.0,6.0,-5.499557677628932,3.971432484825746,-154.48905660864736,106.51138773523657,80.0,148.0,67.0,159.0
sm_all,ETH|buy|60-75|30-90d,ETH,buy,60-75,30-90d,2031,16446.14078844417,0,131538.78282258532,41269195.09951597,6394777.820491303,6394777.820491303,1.0,True,31.8733579623723,205.69718998068234,15.0,51.0,36.0,21.03786772170111,44.553518930017674,137.70154688840466,278.6921575434506,11.0,36.0,44.0,62.0
sm_all,ETH|buy|60-75|7-30d,ETH,buy,60-75,7-30d,5009,21500.680720085114,0,-12363.699454735977,54561678.25252194,4248717.958732745,4248717.958732745,1.0,True,-2.2660042452349796,-29.09983570296502,137.0,134.0,-3.0,-8.533560632038402,3.964675669026879,-112.92483303565032,48.94496597191165,80.0,155.0,79.0,154.0
sm_all,ETH|buy|60-75|<=2d,ETH,buy,60-75,<=2d,3156,15610.93793578716,0,51110.377418430886,41440956.14907084,770221.5105880355,770221.5105880355,1.0,True,12.333300716947106,663.5802391367909,52.0,26.0,-26.0,5.547108153712543,19.958311747169166,305.86580099358474,1049.0963620350117,38.0,74.0,18.0,42.0
sm_all,ETH|buy|60-75|>90d,ETH,buy,60-75,>90d,993,10799.590493390784,0,279958.4278386029,27709294.14951776,7917440.419680449,7917440.419680449,1.0,True,101.03412462546441,353.5971387201195,3.0,37.0,34.0,81.5406252497426,122.8945690579043,298.16584109767547,418.6835792206174,2.0,5.0,33.0,45.0
sm_all,ETH|buy|75-90|2-7d,ETH,buy,75-90,2-7d,2088,8432.01040058608,0,53064.13967790582,21847090.57290783,1497076.326760499,1497076.326760499,1.0,True,24.288881625139446,354.45179867836475,29.0,36.0,7.0,18.739699635244072,30.481351381655823,273.5455435740988,443.7094971512182,21.0,41.0,31.0,47.0
sm_all,ETH|buy|75-90|30-90d,ETH,buy,75-90,30-90d,936,11882.581780977585,0,122940.14913215562,30429099.00356834,5837287.671406043,5837287.671406043,1.0,True,40.402165413356066,210.61177048782096,10.0,49.0,39.0,29.367126344326895,57.2552138131175,164.28649982654838,258.17485234806685,7.0,24.0,45.0,59.0
sm_all,ETH|buy|75-90|7-30d,ETH,buy,75-90,7-30d,2422,15147.688115904768,0,95249.16264423695,37203223.99388126,5183400.203884336,5183400.203884336,1.0,True,25.602394744042176,183.7580717245393,26.0,53.0,27.0,14.253923453734604,38.32986192930201,108.81885265078124,252.95735753104435,14.0,48.0,46.0,66.0
sm_all,ETH|buy|75-90|<=2d,ETH,buy,75-90,<=2d,2275,9129.697459079916,0,68785.35234122806,23141893.695702296,686784.6039341522,686784.6039341522,1.0,True,29.72330322042844,1001.5564115328232,19.0,18.0,-1.0,21.699654387868605,37.03037375500907,709.0968582757152,1313.9755654742723,14.0,35.0,13.0,25.0
sm_all,ETH|buy|75-90|>90d,ETH,buy,75-90,>90d,478,2077.641215880703,0,88468.67935043699,5441667.408005768,2425650.30423741,2425650.30423741,1.0,True,162.57641769925533,364.72149013355113,1.0,35.0,34.0,135.9317422131458,196.07278208670888,322.55014351773264,426.1743369357608,1.0,2.0,32.0,43.0
sm_all,ETH|buy|90-100|2-7d,ETH,buy,90-100,2-7d,941,4328.304388911567,0,-2779.5997323349266,10637261.513865562,1592299.8106728413,1592299.8106728413,1.0,True,-2.6130783084647744,-17.456509846348474,138.0,126.0,-12.0,-25.07049915799989,18.77711532541145,-163.65996603261672,129.66980997028517,40.0,168.0,62.0,159.0
sm_all,ETH|buy|90-100|30-90d,ETH,buy,90-100,30-90d,338,2053.202459553377,0,34523.275352089375,6005374.0759534845,3973674.781558285,3973674.781558285,1.0,True,57.48730206553877,86.87997194010678,5.0,70.0,65.0,36.85938901243251,87.57120889482111,49.26611921414022,169.5164905315043,4.0,16.0,56.0,81.0
sm_all,ETH|buy|90-100|7-30d,ETH,buy,90-100,7-30d,884,7671.277445469257,0,-79716.65783761477,19663104.7670728,4594596.605284753,4594596.605284753,1.0,True,-40.54123638251966,-173.500885248389,172.0,162.0,-10.0,-139.4820906492648,40.155745998810794,-603.1684681317467,171.27520484892318,13.0,179.0,56.0,176.0
sm_all,ETH|buy|90-100|<=2d,ETH,buy,90-100,<=2d,2040,9826.143276283725,0,-16260.378084164402,24837377.249798745,1638534.9117725072,1638534.9117725072,1.0,True,-6.546737169801678,-99.23730014745013,150.0,151.0,1.0,-23.899880385011624,23.99960453351429,-395.62809782656586,322.28361332841547,31.0,168.0,41.0,173.0
sm_all,ETH|buy|90-100|>90d,ETH,buy,90-100,>90d,120,1067.4792341299021,0,35193.18837480752,2475313.7132427925,1317883.7412057791,1317883.7412057791,1.0,False,142.1766792084813,267.0431941334067,,,,,,,,,,,
sm_all,ETH|sell|00-10|2-7d,ETH,sell,00-10,2-7d,14085,222724.83693329355,0,-119429.53447777136,603646659.4822052,78536996.65886539,78536996.65886539,1.0,True,-1.97846757870267,-15.206786553925339,135.0,125.0,-10.0,-3.3257190125670584,-0.6668563521609717,-25.5422739400408,-5.129782139796986,120.0,142.0,116.0,134.0
sm_all,ETH|sell|00-10|30-90d,ETH,sell,00-10,30-90d,5124,79006.991555926,0,84200.72967088486,197600209.5100245,25589169.93882394,25589169.93882394,1.0,True,4.26116601190209,32.904830391991474,77.0,82.0,5.0,0.8081762690318179,7.847799217351374,6.223056062364073,60.76372091096183,65.0,106.0,75.0,108.0
sm_all,ETH|sell|00-10|7-30d,ETH,sell,00-10,7-30d,11829,123621.1388859383,0,84486.60397444924,325489740.2224095,42194428.94890372,42194428.94890372,1.0,True,2.595676408009633,20.023165635624594,84.0,88.0,4.0,-0.04577983295242855,6.377779486339416,-0.3524041046542056,49.35110162892117,70.0,117.0,79.0,117.0
sm_all,ETH|sell|00-10|<=2d,ETH,sell,00-10,<=2d,20538,195086.82839595323,0,99394.3191869427,536559765.0201198,69718428.34714676,69718428.34714676,1.0,True,1.852437056722202,14.25653468434941,94.0,95.0,1.0,1.6022692285599778,2.0717609042119847,12.328370856734622,15.946546154685128,89.0,102.0,92.0,106.0
sm_all,ETH|sell|00-10|>90d,ETH,sell,00-10,>90d,1528,89682.88476735984,0,-97613.50956206203,217921449.5999321,28450548.61922455,28450548.61922455,1.0,True,-4.479297918642904,-34.309886557373034,146.0,137.0,-9.0,-7.548957508061573,-0.9744562476524625,-57.71321436499896,-7.479966957478976,124.0,154.0,120.0,145.0
sm_all,ETH|sell|10-25|2-7d,ETH,sell,10-25,2-7d,12318,162979.64510799298,0,-194441.25926391632,437934137.1269265,56969476.00054019,56969476.00054019,1.0,True,-4.4399658026102085,-34.130778956449,145.0,136.0,-9.0,-6.386489965007267,-2.5183170435138336,-49.07393667238139,-19.36199727729028,134.0,152.0,125.0,143.0
sm_all,ETH|sell|10-25|30-90d,ETH,sell,10-25,30-90d,7645,77762.62560267467,0,24482.699391113678,195050763.83785933,25309288.82288411,25309288.82288411,1.0,True,1.25519628374619,9.673404718103717,99.0,100.0,1.0,-0.8296077275497844,3.2615285539928243,-6.383497049928438,25.178822613412112,82.0,123.0,89.0,121.0
sm_all,ETH|sell|10-25|7-30d,ETH,sell,10-25,7-30d,14118,115433.28209078172,0,18242.191779938534,306090167.94051045,39715835.23878038,39715835.23878038,1.0,True,0.5959744444808158,4.59317843128879,107.0,108.0,1.0,-0.268441131221445,1.4453596124593915,-2.06709530092205,11.143195187409797,98.0,119.0,100.0,119.0
sm_all,ETH|sell|10-25|<=2d,ETH,sell,10-25,<=2d,18564,124672.26921590268,0,-21728.418002732997,338306742.1495006,44270667.31899539,44270667.31899539,1.0,True,-0.6422697302654118,-4.908084589321269,120.0,116.0,-4.0,-3.4250694296188238,1.2288210853640198,-26.18013747869833,9.39752691251134,101.0,139.0,103.0,132.0
sm_all,ETH|sell|10-25|>90d,ETH,sell,10-25,>90d,2200,58661.16216454124,0,164645.34283827015,145977348.60124627,18807023.495684195,18807023.495684195,1.0,True,11.278828148058617,87.54460421451205,55.0,69.0,14.0,2.3264139756973687,15.856346885535029,17.949209870894975,123.52890880778081,44.0,91.0,61.0,97.0
sm_all,ETH|sell|25-40|2-7d,ETH,sell,25-40,2-7d,8898,85738.05531496592,0,204023.43907761047,234626657.04933995,30662525.79572458,30662525.79572458,1.0,True,8.695663214206139,66.53836687715349,63.0,72.0,9.0,2.296113458178351,14.159380823594914,17.506380288652853,108.86747330419566,47.0,92.0,64.0,97.0
sm_all,ETH|sell|25-40|30-90d,ETH,sell,25-40,30-90d,7787,61487.7578912973,0,33311.67777653677,154643454.00333348,19940198.200696696,19940198.200696696,1.0,True,2.1540955607353878,16.705790705416806,91.0,92.0,1.0,-8.009028240283522,10.185947285493315,-62.03805736261958,79.0775377966597,56.0,153.0,70.0,143.0
sm_all,ETH|sell|25-40|7-30d,ETH,sell,25-40,7-30d,12260,80867.27557160285,0,81637.87680996476,210764252.04680178,27216834.638595045,27216834.638595045,1.0,True,3.873421418345482,29.995360553132628,78.0,83.0,5.0,1.7677836286404278,6.099357766174279,13.672338187216788,47.27280664199587,70.0,97.0,78.0,101.0
sm_all,ETH|sell|25-40|<=2d,ETH,sell,25-40,<=2d,13879,71398.78198903947,0,-18776.827126584594,195884608.3652676,26762504.7896433,26762504.7896433,1.0,True,-0.9585657231205882,-7.0160948215321595,125.0,120.0,-5.0,-4.414302590083365,2.1303984090642896,-32.22369936568546,15.665035811851599,93.0,144.0,97.0,135.0
sm_all,ETH|sell|25-40|>90d,ETH,sell,25-40,>90d,2204,21820.739889134944,0,68630.68383395596,54038017.491377585,6955441.912170814,6955441.912170814,1.0,True,12.700444431535043,98.67192437315047,50.0,66.0,16.0,0.04114936691612381,32.423571898495815,0.3167727933056939,255.02025584745468,20.0,113.0,47.0,113.0
sm_all,ETH|sell|40-60|2-7d,ETH,sell,40-60,2-7d,11851,77805.44815756817,1,8560.456822888491,224822394.18824852,32393522.05909626,32393522.05909626,1.0,True,0.3807653082690971,2.642644664347226,110.0,110.0,0.0,-2.0079239281459635,2.8091193370743,-13.905265719100928,19.505443151848734,86.0,133.0,94.0,127.0
sm_all,ETH|sell|40-60|30-90d,ETH,sell,40-60,30-90d,9391,49977.9942474369,0,173057.3190910841,135702611.67404035,18376455.943041433,18376455.943041433,1.0,True,12.752688909685121,94.17339209882594,49.0,68.0,19.0,7.415243446922981,19.4828743707128,54.750244707757396,144.40395966123236,39.0,67.0,59.0,79.0
sm_all,ETH|sell|40-60|7-30d,ETH,sell,40-60,7-30d,15983,61757.92521582244,0,33858.97873718215,165544051.5308588,23047676.59427184,23047676.59427184,1.0,True,2.0453153359527723,14.690842523188348,92.0,94.0,2.0,-15.953493439665312,14.978861294837735,-114.3255898553226,108.03235950465391,46.0,163.0,64.0,153.0
sm_all,ETH|sell|40-60|<=2d,ETH,sell,40-60,<=2d,14109,56511.42410030238,0,11350.698127608395,155069008.0125853,22686914.909636457,22686914.909636457,1.0,True,0.7319772192446848,5.003191563427203,104.0,104.0,0.0,-1.0337675001333586,2.4870631845483806,-7.064726152571505,17.00791032655275,89.0,125.0,95.0,122.0
sm_all,ETH|sell|40-60|>90d,ETH,sell,40-60,>90d,3273,23065.093490471176,0,43280.4776125833,60655210.560923696,8076958.032154352,8076958.032154352,1.0,True,7.135492105680063,53.58512132944583,66.0,77.0,11.0,-8.522481475641552,26.332258854692473,-63.58514644145538,199.54109187039194,28.0,154.0,53.0,144.0
sm_all,ETH|sell|60-75|2-7d,ETH,sell,60-75,2-7d,3282,15320.291900000078,0,15304.102723733626,43461346.175454564,6474425.314105637,6474425.314105637,1.0,True,3.5213135511151843,23.637777843218043,79.0,85.0,6.0,-2.120875769920244,9.998471714486898,-14.22631655622968,67.16249026844574,58.0,133.0,74.0,125.0
sm_all,ETH|sell|60-75|30-90d,ETH,sell,60-75,30-90d,2250,10750.925023136695,0,25489.92466809635,29442363.184198014,4381117.657100835,4381117.657100835,1.0,True,8.657567501842728,58.18132874560616,64.0,74.0,10.0,-17.203431389793497,41.93712498707989,-113.79751376837326,288.5353652812679,12.0,165.0,44.0,155.0
sm_all,ETH|sell|60-75|7-30d,ETH,sell,60-75,7-30d,4265,18905.044277467783,0,-36191.84260029086,48787858.39254762,7281718.286376769,7281718.286376769,1.0,True,-7.418206863906776,-49.70233834505999,152.0,139.0,-13.0,-16.654149355880794,1.7734281443156594,-111.4963664501801,11.887952377103186,97.0,165.0,101.89999999999986,154.0
sm_all,ETH|sell|60-75|<=2d,ETH,sell,60-75,<=2d,3523,13719.197583271245,0,-6774.310596151396,36745759.75141734,5490633.723822297,5490633.723822297,1.0,True,-1.8435625340118598,-12.337939365285996,134.0,123.0,-11.0,-8.993745900607573,4.984733926872069,-60.20095065539074,33.373760176141225,76.0,156.0,86.0,144.0
sm_all,ETH|sell|60-75|>90d,ETH,sell,60-75,>90d,1544,8139.252438755013,0,-42466.76819475594,20087896.083580192,2991416.457722716,2991416.457722716,1.0,True,-21.140475845784664,-141.96207313469398,165.0,154.0,-11.0,-43.486892945606456,6.95304681485727,-284.5411734243219,48.149060022539246,69.0,173.0,81.0,169.0
sm_all,ETH|sell|75-90|2-7d,ETH,sell,75-90,2-7d,1848,6573.972977108554,0,-41922.388068395216,17724655.37563112,2672191.804650402,2672191.804650402,1.0,True,-23.652018716275034,-156.88390330154405,167.0,159.0,-8.0,-46.7606989722872,-4.785539371697312,-306.96828969881744,-31.98386875831574,144.0,174.0,134.0,170.0
sm_all,ETH|sell|75-90|30-90d,ETH,sell,75-90,30-90d,1070,8646.645393881077,0,-224300.74943343783,24354967.355672315,3889334.363102234,3889334.363102234,1.0,True,-92.09650998821716,-576.7072935702287,179.0,176.0,-3.0,-189.25454335348172,-18.333333470878557,-1118.557681431639,-120.41840822839598,165.0,181.0,155.0,180.0
sm_all,ETH|sell|75-90|7-30d,ETH,sell,75-90,7-30d,2111,13416.399635903072,0,62778.74744629662,37167887.83264233,5455106.218680448,5455106.218680448,1.0,True,16.890587845339386,115.08253905545833,43.0,63.0,20.0,-40.78117385077749,74.93592630147633,-269.44054582363873,529.9591582551209,5.0,173.0,29.0,168.0
sm_all,ETH|sell|75-90|<=2d,ETH,sell,75-90,<=2d,2326,10046.67527573207,0,-1964.4427963586727,26250248.40709468,3958886.2053173487,3958886.2053173487,1.0,True,-0.7483520787665159,-4.962109781584895,121.0,117.0,-4.0,-18.710467001503382,13.043849905034628,-123.3934827025938,86.76702524792064,51.0,166.0,69.0,156.0
sm_all,ETH|sell|75-90|>90d,ETH,sell,75-90,>90d,611,3161.64469151085,0,-148524.13717072987,8735921.619004546,1470309.779488683,1470309.779488683,1.0,True,-170.0154186910552,-1010.1554056341844,180.0,179.0,-1.0,-224.5545491613046,-121.68618588610504,-1262.6709087414526,-748.7277283911625,179.0,182.0,177.0,181.0
sm_all,ETH|sell|90-100|2-7d,ETH,sell,90-100,2-7d,936,3475.8228008166247,0,1234.3695177585294,9427316.428260729,1408366.3042664211,1408366.3042664211,1.0,True,1.309354074568028,8.764548782651245,98.0,102.0,4.0,-15.680793393401089,19.74415842958681,-104.52489405104332,133.1265524061404,38.0,162.0,61.0,152.0
sm_all,ETH|sell|90-100|30-90d,ETH,sell,90-100,30-90d,389,3498.498298974757,0,-51922.69977954548,10764342.118227243,1814763.3064781683,1814763.3064781683,1.0,True,-48.23583198050242,-286.11279274931775,175.0,172.0,-3.0,-76.28446807049963,-20.43773914534961,-441.7100696528284,-123.72187178411835,166.0,177.0,156.0,174.0
sm_all,ETH|sell|90-100|7-30d,ETH,sell,90-100,7-30d,900,6999.8213996772765,0,-81493.93330650979,18840956.456458148,2911918.8261584574,2911918.8261584574,1.0,True,-43.25360737117779,-279.8633415685577,174.0,170.0,-4.0,-103.6463871519563,12.820801849771142,-644.0012726747115,85.54970683971072,52.0,179.0,70.0,177.0
sm_all,ETH|sell|90-100|<=2d,ETH,sell,90-100,<=2d,2110,11855.453883991971,0,-26127.237867163225,28635272.72226992,4270021.928358312,4270021.928358312,1.0,True,-9.124144938505799,-61.1875964702793,157.0,141.0,-16.0,-15.867040194045101,-1.6318065145669696,-106.23249162258718,-10.947758204455353,131.0,164.0,124.0,154.0
sm_all,ETH|sell|90-100|>90d,ETH,sell,90-100,>90d,253,1893.0336398571685,0,-138525.85228813032,5318234.8697322775,1022704.0973512417,1022704.0973512417,1.0,True,-260.47336321403156,-1354.5056937476456,182.0,181.0,-1.0,-455.9193928294941,-142.8052621250173,-1844.3487901378624,-867.0522541527838,180.0,182.0,178.0,182.0
sm_all,HYPE|buy|00-10|2-7d,HYPE,buy,00-10,2-7d,216,240778.839,0,32216.628831161343,16949389.909338817,37908.66232959163,37908.66232959163,1.0,True,19.00754481635386,8498.48737764955,40.0,1.0,-39.0,5.161413620396742,27.11754489447115,2251.2531383956307,12523.081437367427,26.0,74.0,1.0,6.0
sm_all,HYPE|buy|00-10|30-90d,HYPE,buy,00-10,30-90d,186,926521.12,0,178413.99405237412,46836625.391097955,337121.064911111,337121.064911111,1.0,False,38.092837082640145,5292.282583985569,,,,,,,,,,,
sm_all,HYPE|buy|00-10|7-30d,HYPE,buy,00-10,7-30d,485,238303.1686,0,12419.560068041335,13550367.099809268,51431.22506901119,51431.22506901119,1.0,True,9.16547867416533,2414.789857985413,61.0,6.0,-55.0,5.653718681368267,12.62535330620735,1129.6585619248801,4169.212498269069,50.0,74.0,3.0,16.0
sm_all,HYPE|buy|00-10|<=2d,HYPE,buy,00-10,<=2d,181,41723.0,0,-892.0788524002757,2240544.8994181277,3392.896647563502,3392.896647563502,1.0,False,-3.981526335990632,-2629.254424949528,,,,,,,,,,,
sm_all,HYPE|buy|00-10|>90d,HYPE,buy,00-10,>90d,196,67615.44,0,31148.179656834505,5592061.689083756,41533.65890262474,41533.65890262474,1.0,False,55.70070823367124,7499.502928422731,,,,,,,,,,,
sm_all,HYPE|buy|10-25|2-7d,HYPE,buy,10-25,2-7d,1329,840716.6448156161,0,114866.59957255353,48018849.47311279,461828.22159214393,461828.22159214393,1.0,True,23.921147806107022,2487.214817157625,30.0,5.0,-25.0,18.646200977310855,28.98308833118187,1934.5547884378866,3083.4993004806574,22.0,41.0,4.0,9.0
sm_all,HYPE|buy|10-25|30-90d,HYPE,buy,10-25,30-90d,1554,1331089.4059496867,0,154401.76373642494,72712401.00495721,2000126.1823250798,2000126.1823250798,1.0,True,21.234584692905205,771.9601148210462,34.0,24.0,-10.0,11.889796756737244,31.266772171952642,423.66025104998545,1141.2401335238878,21.0,54.0,16.0,33.0
sm_all,HYPE|buy|10-25|7-30d,HYPE,buy,10-25,7-30d,3225,1765183.4789893222,0,231581.24207121198,97121301.96090691,1527572.902797416,1527572.902797416,1.0,True,23.844536409162597,1516.0077901822,31.0,12.0,-19.0,17.744378783841338,30.422728286282847,1055.5647314137163,2063.899417307622,21.0,43.0,7.0,17.0
sm_all,HYPE|buy|10-25|<=2d,HYPE,buy,10-25,<=2d,610,666964.7343000001,0,-13857.277246816118,43238338.69596843,229363.1421976622,229363.1421976622,1.0,True,-3.204858850904043,-604.1632109693586,139.0,177.0,38.0,-10.601304666171625,5.427003287631885,-1881.2927524260117,1058.6420743345905,74.0,159.0,17.0,182.0
sm_all,HYPE|buy|10-25|>90d,HYPE,buy,10-25,>90d,761,814098.5860000001,0,220869.3166618409,50312146.30953407,2575015.510667281,2575015.510667281,1.0,True,43.899800120430655,857.7397524281533,8.0,22.0,14.0,18.738451409737788,66.67709798399297,351.55647221065277,1349.979970987202,5.0,40.0,14.0,38.0
sm_all,HYPE|buy|25-40|2-7d,HYPE,buy,25-40,2-7d,1522,1099165.3947580706,0,172594.7406684047,60125902.284704655,1050193.5271328965,1050193.5271328965,1.0,True,28.705555195021304,1643.456526908909,20.0,10.0,-10.0,21.916952627748596,36.35697176966017,1239.9178071881993,2129.41292481075,15.0,35.0,6.0,15.0
sm_all,HYPE|buy|25-40|30-90d,HYPE,buy,25-40,30-90d,1320,2221096.55,0,334407.1303539116,121168536.36473154,7771700.495939367,7771700.495939367,1.0,True,27.598511988896757,430.2882368262079,24.0,31.0,7.0,3.8111330156450864,42.464550162421,55.693339250271244,696.6917522608351,11.0,82.0,25.0,79.0
sm_all,HYPE|buy|25-40|7-30d,HYPE,buy,25-40,7-30d,3682,3136372.274009669,0,455576.11329303245,159449466.58195916,5250036.146945471,5250036.146945471,1.0,True,28.571817959570296,867.7580506909303,21.0,21.0,0.0,14.037609502801134,42.681778664306826,412.6280440968772,1356.179843944056,12.0,48.0,13.0,34.0
sm_all,HYPE|buy|25-40|<=2d,HYPE,buy,25-40,<=2d,661,297105.3499,0,19211.728908989637,16224856.012202786,150998.9517194363,150998.9517194363,1.0,True,11.840924131801485,1272.3087604400064,53.0,15.0,-38.0,4.037078276486888,21.575910748840144,404.6068662621325,2501.767499662787,35.0,80.0,6.0,35.0
sm_all,HYPE|buy|25-40|>90d,HYPE,buy,25-40,>90d,641,707245.6252954319,0,108762.81500376835,38325208.09569437,4125410.7218716415,4125410.7218716415,1.0,True,28.378923535704757,263.6411798397231,22.0,46.0,24.0,-3.102781038534291,73.53435908623017,-28.815285095565873,717.1637753432869,5.0,139.0,25.0,132.10000000000036
sm_all,HYPE|buy|40-60|2-7d,HYPE,buy,40-60,2-7d,1594,747157.1891,0,120164.11541879136,37806932.730523944,1185924.029296772,1185924.029296772,1.0,True,31.783619230706655,1013.253062171665,16.0,17.0,1.0,22.7610177218783,40.86234698236813,715.4943268441924,1316.2091594908336,12.0,33.0,13.0,24.0
sm_all,HYPE|buy|40-60|30-90d,HYPE,buy,40-60,30-90d,1229,712772.4800000001,0,74022.74044954445,35727953.87697373,4028338.915059856,4028338.915059856,1.0,True,20.718438202320698,183.7549968122396,37.0,54.0,17.0,0.5656700882558422,37.49542747054203,4.849458046184744,334.42901240087593,15.0,109.0,40.0,109.0
sm_all,HYPE|buy|40-60|7-30d,HYPE,buy,40-60,7-30d,2850,2387897.8559115394,0,257339.51685336806,130525092.8082182,7902916.924611891,7902916.924611891,1.0,True,19.715712229485217,325.62599266600023,38.0,40.0,2.0,7.72540122756057,32.96362045445828,121.87152343318266,582.1965571394325,19.0,66.0,28.0,64.0
sm_all,HYPE|buy|40-60|<=2d,HYPE,buy,40-60,<=2d,631,312308.5,0,4330.9886041414165,16373270.56645216,261475.6910236819,261475.6910236819,1.0,True,2.6451579032813086,165.63637664310286,82.0,56.0,-26.0,-4.401729246887198,14.15347914097596,-276.21460455062044,866.2748478281326,48.0,144.0,22.0,168.0
sm_all,HYPE|buy|40-60|>90d,HYPE,buy,40-60,>90d,473,404024.9517235621,0,62826.74999553084,22352507.79022486,3013211.586343346,3013211.586343346,1.0,True,28.107248898043583,208.5042759037497,23.0,50.0,27.0,-3.236566026807852,51.78748039845137,-23.655927850573526,405.60477530117277,9.0,138.10000000000036,35.0,129.0
sm_all,HYPE|buy|60-75|2-7d,HYPE,buy,60-75,2-7d,598,340441.6061173347,0,-2372.2444233653564,19890644.380103793,1078796.9858700838,1078796.9858700838,1.0,True,-1.1926433241842402,-21.989720535343046,128.0,127.0,-1.0,-20.37404502067289,58.68633075779377,-411.3106970975029,888.6558449971986,7.0,167.0,21.0,173.0
sm_all,HYPE|buy|60-75|30-90d,HYPE,buy,60-75,30-90d,288,323640.50000000006,0,-17384.63664816757,16086607.924065053,2561045.3779902244,2561045.3779902244,1.0,True,-10.806900205580758,-67.8810176405782,160.0,144.0,-16.0,-48.081558686095825,26.444517553503402,-291.69664031198903,162.91682382294894,28.0,174.0,58.0,169.0
sm_all,HYPE|buy|60-75|7-30d,HYPE,buy,60-75,7-30d,1034,777642.4474711823,0,96971.34920737275,37148326.960239545,3576490.417881358,3576490.417881358,1.0,True,26.10382677829953,271.13549283550617,25.0,45.0,20.0,9.246635265519085,44.27570857923194,97.62036247389632,452.0629848463862,11.0,61.0,32.0,68.0
sm_all,HYPE|buy|60-75|<=2d,HYPE,buy,60-75,<=2d,335,242733.0,0,14196.541091035242,12524345.505846024,320904.6787395137,320904.6787395137,1.0,True,11.335156064170125,442.3912155721147,54.0,30.0,-24.0,-11.79188219653664,80.34626115004924,-483.6295730188571,2700.50754396465,5.0,159.0,5.0,175.0
sm_all,HYPE|buy|60-75|>90d,HYPE,buy,60-75,>90d,189,225064.1117235621,0,19465.10273330823,14639249.865616588,3272262.264010956,3272262.264010956,1.0,False,13.296516496399308,59.485154803725905,,,,,,,,,,,
sm_all,HYPE|buy|75-90|2-7d,HYPE,buy,75-90,2-7d,203,188741.05574649255,0,16687.558831560844,13153096.572728217,1080124.8023141094,1080124.8023141094,1.0,True,12.687171221840659,154.49658035635,51.0,59.0,8.0,8.106402271499555,58.05640874752693,100.2730872212203,625.5217453567981,7.0,65.0,27.0,68.0
sm_all,HYPE|buy|75-90|30-90d,HYPE,buy,75-90,30-90d,218,97515.8,0,19382.345819161437,5547885.971085027,1180151.522102092,1180151.522102092,1.0,True,34.936453128597265,164.23607864045715,13.0,57.0,44.0,7.503300014341254,69.83012484694221,36.097874812998015,320.4014090557073,5.0,65.0,41.0,84.0
sm_all,HYPE|buy|75-90|7-30d,HYPE,buy,75-90,7-30d,736,616316.6828295654,0,105810.5441870752,29994681.897750992,3857314.2995498623,3857314.2995498623,1.0,True,35.276434851942504,274.31144047407025,12.0,44.0,32.0,3.9851022398528793,62.82348172665987,30.471036728689636,490.0599819613089,6.0,79.10000000000036,30.0,87.0
sm_all,HYPE|buy|75-90|<=2d,HYPE,buy,75-90,<=2d,255,129417.43853381717,0,-8391.674711045516,4799263.329509262,345488.56504273316,345488.56504273316,1.0,True,-17.485339175801357,-242.89297997482367,164.0,166.0,2.0,-38.32026784309334,27.279561033461295,-464.3187620938711,665.3766915639368,26.0,172.0,26.0,175.0
sm_all,HYPE|buy|75-90|>90d,HYPE,buy,75-90,>90d,51,124303.0,0,86237.18904161266,8695822.927976971,2516080.596604082,2516080.596604082,1.0,False,99.17082000849251,342.74414403896986,,,,,,,,,,,
sm_all,HYPE|buy|90-100|2-7d,HYPE,buy,90-100,2-7d,131,26348.177435110887,0,6711.044598912704,1742415.613524028,267038.687266449,267038.687266449,1.0,False,38.51575104598406,251.31357061445107,,,,,,,,,,,
sm_all,HYPE|buy|90-100|30-90d,HYPE,buy,90-100,30-90d,25,29859.16,0,22647.108188593567,2003909.811793329,794863.2023067957,794863.2023067957,1.0,False,113.0146080193416,284.91831201732236,,,,,,,,,,,
sm_all,HYPE|buy|90-100|7-30d,HYPE,buy,90-100,7-30d,99,92673.0,0,38070.68203396223,6996407.942538326,2045324.2088249777,2045324.2088249777,1.0,False,54.41461153585911,186.1351949470814,,,,,,,,,,,
sm_all,HYPE|buy|90-100|<=2d,HYPE,buy,90-100,<=2d,146,30686.704319381675,0,-588.8540583127258,1553731.4057431093,172654.62015015393,172654.62015015393,1.0,False,-3.789934709024512,-34.10589637280557,,,,,,,,,,,
sm_all,HYPE|buy|90-100|>90d,HYPE,buy,90-100,>90d,8,15820.0,0,7528.6933491091095,955641.2577610668,602179.6,602179.6,1.0,False,78.78158553710604,125.02405177972003,,,,,,,,,,,
sm_all,HYPE|sell|00-10|2-7d,HYPE,sell,00-10,2-7d,439,257146.83544480367,0,9809.700606185052,17623298.023137182,4394876.90675096,4394876.90675096,1.0,True,5.566325096078012,22.32076304825829,72.0,87.0,15.0,2.1409194404141516,10.358402962815825,8.573694245499494,41.619441408394025,57.0,93.0,81.0,107.0
sm_all,HYPE|sell|00-10|30-90d,HYPE,sell,00-10,30-90d,450,360342.00815227383,0,-17350.93894959654,20874509.31913908,5220082.928151056,5220082.928151056,1.0,True,-8.312022421378831,-33.238818594290436,153.0,135.0,-18.0,-12.913351343335972,-2.5312288616177674,-51.605990605752204,-10.113439749488016,136.0,162.0,122.0,143.0
sm_all,HYPE|sell|00-10|7-30d,HYPE,sell,00-10,7-30d,685,262242.7688180837,0,1834.5903743642978,15678097.547881149,3913035.176231291,3913035.176231291,1.0,True,1.1701613469117862,4.688407570440555,102.0,107.0,5.0,-1.944106278516643,4.568839151377789,-7.781989799071518,18.331645293314068,76.0,133.0,94.0,123.0
sm_all,HYPE|sell|00-10|<=2d,HYPE,sell,00-10,<=2d,506,272085.82325367164,0,7736.876631882691,12339266.906445906,3090595.698810637,3090595.698810637,1.0,True,6.270126653829838,25.033609652857848,69.0,84.0,15.0,4.311153255597055,8.718502571906729,17.20986789214411,34.81337743082094,61.0,79.0,83.0,98.0
sm_all,HYPE|sell|00-10|>90d,HYPE,sell,00-10,>90d,149,220096.8434997073,0,-26006.52678361446,15172607.717670321,3808667.7548229937,3808667.7548229937,1.0,False,-17.140446301347882,-68.28247686000404,,,,,,,,,,,
sm_all,HYPE|sell|10-25|2-7d,HYPE,sell,10-25,2-7d,806,276804.0565596901,0,9446.867588099085,16709187.952048501,4164630.501823766,4164630.501823766,1.0,True,5.653696406557522,22.6835672071319,71.0,86.0,15.0,-1.8069843281491558,13.3816494382219,-7.223749967424923,53.864548339152066,50.0,131.0,78.0,121.0
sm_all,HYPE|sell|10-25|30-90d,HYPE,sell,10-25,30-90d,1187,1470086.94,0,-126820.08945055566,76135092.9082061,19141655.08944544,19141655.08944544,1.0,True,-16.657244984708825,-66.25346076812515,163.0,143.0,-20.0,-29.698738331678705,-4.337758393083341,-117.90608006529312,-17.28928135910037,143.0,170.0,127.0,155.0
sm_all,HYPE|sell|10-25|7-30d,HYPE,sell,10-25,7-30d,1755,1320103.308729277,0,-9689.375757346996,74169416.58267108,18562927.0403633,18562927.0403633,1.0,True,-1.306384248896845,-5.2197456447888735,130.0,119.0,-11.0,-11.289738285659768,7.2529371818698465,-44.96169073380233,29.053474010260608,67.0,159.0,88.0,139.0
sm_all,HYPE|sell|10-25|<=2d,HYPE,sell,10-25,<=2d,788,324095.0,0,6854.084427176393,15173703.749546627,3901467.0453984565,3901467.0453984565,1.0,True,4.517080694541162,17.567966991443306,76.0,90.0,14.0,-1.8786176479381287,10.819556770367333,-7.299212360030039,42.185860146139134,56.0,132.0,81.0,121.0
sm_all,HYPE|sell|10-25|>90d,HYPE,sell,10-25,>90d,467,422184.0695248364,0,-105873.07581349298,27618956.914338212,6952811.536378371,6952811.536378371,1.0,True,-38.33348092828575,-152.2737604198616,170.0,157.0,-13.0,-79.40286420839523,-11.173964081236457,-313.0544196612111,-44.6568694470711,159.0,178.0,139.0,170.0
sm_all,HYPE|sell|25-40|2-7d,HYPE,sell,25-40,2-7d,826,583851.6068194897,1,33612.64487551172,36271323.17258655,9647557.222209474,9647557.222209474,1.0,True,9.267002671938853,34.840575807244385,60.0,81.0,21.0,-7.114491849082898,20.43407590029665,-27.221147970021363,76.12728829865736,36.0,151.0,71.0,133.0
sm_all,HYPE|sell|25-40|30-90d,HYPE,sell,25-40,30-90d,980,1358125.6,0,-3195.75374757487,78852695.64756235,19715549.47914577,19715549.47914577,1.0,True,-0.4052814835726752,-1.6209306014804183,116.0,112.0,-4.0,-23.643896771286922,30.958053799423883,-93.77176561664946,125.04936291366373,21.0,168.0,62.0,151.0
sm_all,HYPE|sell|25-40|7-30d,HYPE,sell,25-40,7-30d,1635,1288531.3308535074,0,-102507.53270296573,77487524.64428084,19553266.811328296,19553266.811328296,1.0,True,-13.22890790143876,-52.42476036974927,162.0,140.0,-22.0,-28.732215398589545,1.1408722707867278,-113.45178109747069,4.540163575763162,103.0,169.0,110.0,154.0
sm_all,HYPE|sell|25-40|<=2d,HYPE,sell,25-40,<=2d,959,608938.0285338172,0,-17675.23366894707,28577138.18199381,7859763.333250629,7859763.333250629,1.0,True,-6.185095777044627,-22.48825176983665,149.0,128.0,-21.0,-13.202415822376635,3.017919972832097,-47.760842481404694,10.956821862330496,86.0,161.0,103.0,140.0
sm_all,HYPE|sell|25-40|>90d,HYPE,sell,25-40,>90d,496,939838.876408579,0,14853.278188689424,50675152.598963894,12608106.20325059,12608106.20325059,1.0,True,2.931077150617819,11.780736892000474,80.0,97.0,17.0,-20.73823503287353,26.462097301121204,-82.90311991106364,107.08837964984163,27.0,166.0,65.0,148.0
sm_all,HYPE|sell|40-60|2-7d,HYPE,sell,40-60,2-7d,955,241685.2393999999,0,5787.26645945119,11730354.30138622,3388750.412151968,3388750.412151968,1.0,True,4.933581979503625,17.07787755244,73.0,91.0,18.0,-5.551927936009318,16.98017838592114,-19.22135332702649,58.86767674281014,43.0,147.0,76.0,128.0
sm_all,HYPE|sell|40-60|30-90d,HYPE,sell,40-60,30-90d,1142,1608187.63,0,114226.43810479007,81924997.88940117,20793846.78928669,20793846.78928669,1.0,True,13.942806353073806,54.932807412835835,46.0,76.0,30.0,-5.026939232039513,36.077925190890824,-19.559170245813423,142.68619503096807,16.0,144.0,60.0,128.0
sm_all,HYPE|sell|40-60|7-30d,HYPE,sell,40-60,7-30d,1487,1845657.5632022247,0,166551.88626025335,93724842.42970918,26092414.3997228,26092414.3997228,1.0,True,17.77030314936643,63.83153498513452,42.0,73.0,31.0,-4.848679459247195,37.86761799130131,-17.368076273200867,135.170118013358,14.0,145.0,60.0,128.0
sm_all,HYPE|sell|40-60|<=2d,HYPE,sell,40-60,<=2d,1055,251157.9037,0,11500.421268437105,11131846.194635203,3280257.900663391,3280257.900663391,1.0,True,10.33109968226073,35.05950329732089,58.0,80.0,22.0,-0.3430382697077591,19.99074188806974,-1.1628591502873262,67.89350633688571,38.0,118.0,73.0,115.0
sm_all,HYPE|sell|40-60|>90d,HYPE,sell,40-60,>90d,582,446882.04,0,65566.06091875226,26434748.325285982,6769174.828353441,6769174.828353441,1.0,True,24.802982843621585,96.85975407832802,28.0,67.0,39.0,-0.006032961750808201,56.726695599138274,-0.02312743727023304,223.57718481379288,7.0,115.0,50.0,115.0
sm_all,HYPE|sell|60-75|2-7d,HYPE,sell,60-75,2-7d,263,69056.019,0,-22809.7368447181,2864158.4692782513,872063.7789419248,872063.7789419248,1.0,True,-79.63852939486969,-261.5604201838673,178.0,168.0,-10.0,-154.84626765815034,-18.488643034986517,-497.8908348674777,-61.75093780526111,166.0,180.0,145.0,175.0
sm_all,HYPE|sell|60-75|30-90d,HYPE,sell,60-75,30-90d,160,90205.765,0,-26401.274343311037,4703422.652323902,1418938.8692243614,1418938.8692243614,1.0,False,-56.132047436278135,-186.06350785036176,,,,,,,,,,,
sm_all,HYPE|sell|60-75|7-30d,HYPE,sell,60-75,7-30d,255,244720.57349999997,0,-12128.110138488046,14217196.63898505,4251006.607215544,4251006.607215544,1.0,True,-8.530591822322757,-28.529972449118564,154.0,133.0,-21.0,-84.87257171663845,90.71248806086527,-280.5604354219912,307.972808960412,4.0,177.0,42.0,168.0
sm_all,HYPE|sell|60-75|<=2d,HYPE,sell,60-75,<=2d,197,45060.3,0,-2270.6951016751245,1961438.714600365,591060.8572721052,591060.8572721052,1.0,False,-11.576681365432156,-38.417280957411975,,,,,,,,,,,
sm_all,HYPE|sell|60-75|>90d,HYPE,sell,60-75,>90d,204,196799.48313556152,0,56642.38159611183,11264975.545602487,3311951.733784375,3311951.733784375,1.0,True,50.2818504725679,171.02417592115654,7.0,55.0,48.0,-17.452891838638283,142.07184580230816,-58.84093480760204,495.5591463093861,2.0,163.0,30.0,142.0
sm_all,HYPE|sell|75-90|2-7d,HYPE,sell,75-90,2-7d,162,26282.446781150546,0,1371.5907403457193,1589919.8805116126,471539.31246293895,471539.31246293895,1.0,False,8.626791558228467,29.0875162281092,,,,,,,,,,,
sm_all,HYPE|sell|75-90|30-90d,HYPE,sell,75-90,30-90d,104,34505.37247765609,0,-7145.005816873126,2038720.8735607064,612140.6888722918,612140.6888722918,1.0,False,-35.046513279643285,-116.72162865102007,,,,,,,,,,,
sm_all,HYPE|sell|75-90|7-30d,HYPE,sell,75-90,7-30d,269,166704.45947260284,0,-66042.78085671061,8890662.225416668,2669951.9281510985,2669951.9281510985,1.0,True,-74.28330891697493,-247.35569266389092,177.0,167.0,-10.0,-131.4853197254098,57.894955204602226,-434.26167373485,196.79914968168205,8.0,180.0,54.0,174.0
sm_all,HYPE|sell|75-90|<=2d,HYPE,sell,75-90,<=2d,240,112302.0,0,-23668.579253935015,3843216.7041143994,1181136.5107357646,1181136.5107357646,1.0,True,-61.58533612896808,-200.38817730891378,176.0,164.0,-12.0,-84.3179806724033,5.726578364806577,-271.94038811661727,19.119811039257833,73.0,178.0,95.0,168.0
sm_all,HYPE|sell|75-90|>90d,HYPE,sell,75-90,>90d,47,21457.0,0,12927.603901824246,1221473.3313136173,352961.58179573173,352961.58179573173,1.0,False,105.83615352388763,366.26093514352493,,,,,,,,,,,
sm_all,HYPE|sell|90-100|2-7d,HYPE,sell,90-100,2-7d,76,168351.759,0,5133.1139176080615,12111354.13446895,3608526.478415108,3608526.478415108,1.0,False,4.238265895470106,14.22495843750207,,,,,,,,,,,
sm_all,HYPE|sell|90-100|30-90d,HYPE,sell,90-100,30-90d,44,9009.0,0,-2792.942111472703,671023.2055382706,203436.9737277427,203436.9737277427,1.0,False,-41.62213897256065,-137.2878322113887,,,,,,,,,,,
sm_all,HYPE|sell|90-100|7-30d,HYPE,sell,90-100,7-30d,94,76307.09000168307,0,81861.97913695022,4170685.1889897296,1178876.8932487797,1178876.8932487797,1.0,False,196.27944912519217,694.4065118737958,,,,,,,,,,,
sm_all,HYPE|sell|90-100|<=2d,HYPE,sell,90-100,<=2d,175,40780.90613262388,0,-8821.522820873002,2191114.9678887525,661384.9327520663,661384.9327520663,1.0,False,-40.26042882347235,-133.3795552941623,,,,,,,,,,,
sm_all,HYPE|sell|90-100|>90d,HYPE,sell,90-100,>90d,27,12329.467658247022,0,509.20787895713653,586641.1587163773,176468.04900673346,176468.04900673346,1.0,False,8.680057159155494,28.855528342000696,,,,,,,,,,,
pm_all,BTC|buy|00-10|2-7d,BTC,buy,00-10,2-7d,2930,4360.315004508309,0,80817.2449667462,324955684.0029542,510653.80395363807,510653.80395363807,1.0,True,2.4870235833761103,1582.6229892156753,54.0,5.0,-49.0,1.375364491119391,3.648581290776024,871.6518541591018,2466.792821664008,49.0,68.0,3.0,10.0
pm_all,BTC|buy|00-10|30-90d,BTC,buy,00-10,30-90d,1279,3841.990900016552,0,189933.2674567905,281706287.3955726,1495921.5553599033,1495921.5553599033,1.0,True,6.742244527545307,1269.6739797368218,42.0,7.0,-35.0,5.238339535565427,8.100904672463624,955.4846822963761,1671.5933466650188,36.0,47.0,3.0,10.0
pm_all,BTC|buy|00-10|7-30d,BTC,buy,00-10,7-30d,2677,4792.656889421988,0,92264.05061534166,349121599.91898954,885026.0021613507,885026.0021613507,1.0,True,2.6427482755793594,1042.5010156766089,50.0,9.0,-41.0,1.7289360483143008,3.6315092341005437,684.673511285275,1399.0773021440575,48.0,65.0,5.0,14.0
pm_all,BTC|buy|00-10|<=2d,BTC,buy,00-10,<=2d,3874,2842.8151852853302,0,-29282.619963794903,220446303.55520687,189807.1749651922,189807.1749651922,1.0,True,-1.3283334531604696,-1542.7562192612004,94.0,133.0,39.0,-2.2963708112893477,-0.4658918889542701,-2424.0057758975972,-591.563919556868,83.0,99.0,130.0,133.0
pm_all,BTC|buy|00-10|>90d,BTC,buy,00-10,>90d,479,1743.8113264190542,0,168643.28393404026,121469111.87299989,718315.645058125,718315.645058125,1.0,True,13.883635216692996,2347.760139908882,27.0,3.0,-24.0,5.490103966372494,19.022254584851765,694.8955885458164,5684.389800449842,22.0,44.0,1.0,14.0
pm_all,BTC|buy|10-25|2-7d,BTC,buy,10-25,2-7d,4858,6843.934610000058,0,82672.59984206394,516637524.04876584,2787673.7198024374,2787673.7198024374,1.0,True,1.6002050953283138,296.5648356003548,62.0,26.0,-36.0,-1.193151851621208,4.423388968570674,-198.9569202394312,904.4833248373363,46.0,91.0,10.0,120.0
pm_all,BTC|buy|10-25|30-90d,BTC,buy,10-25,30-90d,2649,4433.794021976467,0,352373.241491441,324422239.7194534,4989850.061237763,4989850.061237763,1.0,True,10.861562443935977,706.1800197740464,33.0,15.0,-18.0,6.292064630326626,16.44849969869633,384.3142761976395,1085.6914314713888,25.0,43.0,8.0,23.0
pm_all,BTC|buy|10-25|7-30d,BTC,buy,10-25,7-30d,5202,5807.745682511177,0,112021.30330991502,434630182.3528091,4158411.1005648933,4158411.1005648933,1.0,True,2.577393560279305,269.38486984775903,53.0,30.0,-23.0,1.408798903335859,3.753993893876353,141.79912913951637,407.133651361108,48.0,67.0,22.0,39.0
pm_all,BTC|buy|10-25|<=2d,BTC,buy,10-25,<=2d,5025,2907.8915419999985,0,12120.527900589996,229703775.2553214,630936.9409168164,630936.9409168164,1.0,True,0.5276590638145903,192.10363373204333,74.0,36.0,-38.0,-0.22459822359881945,1.2726574428635544,-80.98004106920693,468.64082511704623,67.0,84.0,20.0,109.0
pm_all,BTC|buy|10-25|>90d,BTC,buy,10-25,>90d,871,1974.9461707965859,0,287218.33112135745,151787930.1784825,4004907.094979945,4004907.094979945,1.0,True,18.922343218174642,717.1660273502442,23.0,14.0,-9.0,15.074987963274376,21.650007895205533,502.722608840431,852.7670894281478,18.0,29.0,10.0,19.0
pm_all,BTC|buy|25-40|2-7d,BTC,buy,25-40,2-7d,3145,2562.464921913281,0,-17627.685736371554,189261673.78203598,2433143.167164039,2433143.167164039,1.0,True,-0.9313922562405611,-72.44820598418622,89.0,106.0,17.0,-3.7810524766315696,0.9387283861072935,-290.7847033960255,73.4979064389571,71.0,105.0,46.0,125.0
pm_all,BTC|buy|25-40|30-90d,BTC,buy,25-40,30-90d,2575,1685.853366578359,0,-2284.591029743324,136030182.5274816,5399974.97373105,5399974.97373105,1.0,True,-0.1679473619232833,-4.2307437365118234,79.0,83.0,4.0,-3.026423668009334,2.8385677735338177,-75.98849034114632,71.35311486892427,54.0,102.0,46.0,109.0
pm_all,BTC|buy|25-40|7-30d,BTC,buy,25-40,7-30d,4588,6607.781091060736,0,1502133.944150623,495572460.6894534,10591476.836459521,10591476.836459521,1.0,True,30.311085932031308,1418.2478679269345,12.0,6.0,-6.0,2.73553640208308,63.341251761806895,118.09608548002363,3349.1763729252825,6.0,55.0,3.0,40.0
pm_all,BTC|buy|25-40|<=2d,BTC,buy,25-40,<=2d,3698,1728.7922769999732,0,-12460.297999356648,138481340.9933685,920713.2413665075,920713.2413665075,1.0,True,-0.8997817258249498,-135.33310307195407,88.0,116.0,28.0,-2.21334089303582,0.47318858174040634,-334.97813514613284,70.51290600672614,75.0,99.0,47.0,126.0
pm_all,BTC|buy|25-40|>90d,BTC,buy,25-40,>90d,777,835.8099079120286,1,93409.73214457341,70342470.95840627,3793477.41519355,3793477.41519355,1.0,True,13.279279341751712,246.23774421445313,28.0,33.0,5.0,6.422027515901414,23.51083377482699,120.00234988016379,410.0707205789714,18.0,42.0,22.0,40.0
pm_all,BTC|buy|40-60|2-7d,BTC,buy,40-60,2-7d,3562,2898.208669284045,0,-151836.34882515922,227823159.6861179,5109550.242646594,5109550.242646594,1.0,True,-6.664658195169926,-297.16186672921833,112.0,126.0,14.0,-9.403464760417537,-3.4429373440275386,-419.7251949475241,-153.1739201456168,102.0,117.0,118.0,128.0
pm_all,BTC|buy|40-60|30-90d,BTC,buy,40-60,30-90d,2800,2946.4746836504223,0,-241215.75421395726,243800424.3008049,17206478.850484785,17206478.850484785,1.0,True,-9.893984184225264,-140.1889115780136,118.0,117.0,-1.0,-26.29598808240104,2.324346534458167,-361.6252080863087,33.15568421349911,59.899999999999864,124.0,56.0,127.0
pm_all,BTC|buy|40-60|7-30d,BTC,buy,40-60,7-30d,4747,4080.260495700253,0,2944333.6082779495,310255281.4996449,10479446.490401354,10479446.490401354,1.0,True,94.9003541227813,2809.627026556041,4.0,2.0,-2.0,32.77080445984435,153.11680051703968,853.6523732802782,5196.581153434707,2.0,11.0,1.0,10.0
pm_all,BTC|buy|40-60|<=2d,BTC,buy,40-60,<=2d,3994,1874.172832522465,0,-27774.81040810782,151178590.16765752,1713352.1697625304,1713352.1697625304,1.0,True,-1.837218509400403,-162.10800615472644,96.0,119.0,23.0,-4.0182832788034615,0.33647774010477516,-363.56079948720134,29.318814159913764,77.0,105.0,57.0,127.0
pm_all,BTC|buy|40-60|>90d,BTC,buy,40-60,>90d,751,682.7770583570241,0,174875.57582035902,57801999.84731123,5480199.923639568,5480199.923639568,1.0,True,30.254243154615295,319.1043725722671,13.0,25.0,12.0,10.318899202504364,47.87817952058267,109.25961717898319,498.69882885970577,7.0,33.0,19.0,42.0
pm_all,BTC|buy|60-75|2-7d,BTC,buy,60-75,2-7d,1436,1070.6787747479125,0,-28926.602118602586,84290959.21198905,3103713.7801438053,3103713.7801438053,1.0,True,-3.4317561917705923,-93.19996677419888,102.0,111.0,9.0,-8.351932832603339,1.2028159080382372,-235.45891222849437,31.854467873927028,69.0,114.0,56.0,123.0
pm_all,BTC|buy|60-75|30-90d,BTC,buy,60-75,30-90d,870,1209.3866745889854,0,205974.9310574601,91877788.80149598,8027688.158996061,8027688.158996061,1.0,True,22.41835962143947,256.5806331510755,19.0,31.0,12.0,-0.7154314025672083,33.83915431451212,-7.518907511212596,415.5359107238837,12.0,87.0,22.0,87.0
pm_all,BTC|buy|60-75|7-30d,BTC,buy,60-75,7-30d,1724,2312.8978340026056,0,1989263.8992118062,172590470.76376167,10882811.78682632,10882811.78682632,1.0,True,115.25919654826541,1827.8951599804534,2.0,4.0,2.0,-5.758764814068466,304.88443804144976,-83.15924608694792,6355.610196994029,1.0,110.0,1.0,111.0
pm_all,BTC|buy|60-75|<=2d,BTC,buy,60-75,<=2d,1407,889.8601799999981,0,-38952.45690653967,68273905.5868103,1370810.3121274153,1370810.3121274153,1.0,True,-5.705321318847302,-284.1564333294794,109.0,125.0,16.0,-11.709069266974343,1.9986957209200802,-519.8768161799262,114.86078906044631,61.0,118.0,41.0,129.0
pm_all,BTC|buy|60-75|>90d,BTC,buy,60-75,>90d,203,62.95621366878161,0,10251.11210643089,4846382.720987948,628186.4368812024,628186.4368812024,1.0,True,21.152089499735535,163.1858235801022,20.0,38.0,18.0,2.051380330096122,42.5677907474545,16.25715905647198,326.89381875203975,8.0,60.100000000000364,26.0,62.0
pm_all,BTC|buy|75-90|2-7d,BTC,buy,75-90,2-7d,905,494.7238589062519,0,-22549.816656346084,37905055.51372149,2117672.715477564,2117672.715477564,1.0,True,-5.949026152509692,-106.48395520013484,110.0,113.0,3.0,-34.8017195200297,13.653183500550792,-581.089745280781,246.16881223521466,28.0,125.0,31.0,129.0
pm_all,BTC|buy|75-90|30-90d,BTC,buy,75-90,30-90d,362,384.76703570272616,0,71733.29071985975,31057078.78722346,4130487.182885719,4130487.182885719,1.0,True,23.097243372860312,173.66786905205717,18.0,37.0,19.0,7.305377836710731,40.45021460268418,53.77840920173328,312.5950041550397,9.0,40.0,27.0,50.0
pm_all,BTC|buy|75-90|7-30d,BTC,buy,75-90,7-30d,1032,821.0361697639913,0,89687.88961462337,60726995.66256664,6545435.3153392775,6545435.3153392775,1.0,True,14.769031241555199,137.02356725524294,26.0,39.0,13.0,-2.0250518151957073,29.31568533409599,-18.622924532546595,274.2870759909077,14.0,96.0,29.0,92.0
pm_all,BTC|buy|75-90|<=2d,BTC,buy,75-90,<=2d,1038,493.22642966684805,0,9134.960335485133,39002422.87263038,1099085.7209092577,1099085.7209092577,1.0,True,2.3421520158675873,83.11417537048806,56.0,42.0,-14.0,-4.836901163176136,10.28639479432914,-167.78776432561688,368.31664772918725,33.0,107.0,24.0,119.0
pm_all,BTC|buy|75-90|>90d,BTC,buy,75-90,>90d,110,43.13100385325913,0,25151.671674103858,3706550.526264482,601598.9031463478,601598.9031463478,1.0,False,67.857355500431,418.08041109385704,,,,,,,,,,,
pm_all,BTC|buy|90-100|2-7d,BTC,buy,90-100,2-7d,456,643.0670778183209,0,6035.6590833087985,51328602.396087654,5261419.307579367,5261419.307579367,1.0,True,1.1758861144773438,11.471541670541438,68.0,59.0,-9.0,-14.373763846042685,11.39496724705563,-118.29380510367601,108.37692476581094,32.0,119.0,42.0,114.0
pm_all,BTC|buy|90-100|30-90d,BTC,buy,90-100,30-90d,83,19.98106645463951,0,-2016.021925580126,1630268.9002615525,284011.8836666733,284011.8836666733,1.0,False,-12.36619262783388,-70.98371728509089,,,,,,,,,,,
pm_all,BTC|buy|90-100|7-30d,BTC,buy,90-100,7-30d,386,430.6067952752809,0,-89230.29466834429,30191702.223153543,4558114.653289542,4558114.653289542,1.0,True,-29.554575627708388,-195.76140894996522,124.0,123.0,-1.0,-68.53748159488887,9.128725867885324,-441.17617636071526,59.22189476133959,36.0,129.0,49.0,128.0
pm_all,BTC|buy|90-100|<=2d,BTC,buy,90-100,<=2d,849,471.2395440217784,0,143525.1779713807,38003443.23386118,1912382.94714842,1912382.94714842,1.0,True,37.76636161312335,750.5043808584104,9.0,13.0,4.0,12.275494845218969,96.18438286268673,246.52129454813567,1869.0873678294208,3.0,30.0,4.0,31.0
pm_all,BTC|buy|90-100|>90d,BTC,buy,90-100,>90d,49,18.861497400000005,0,18289.90335186221,1476765.1528304357,324726.7429181118,324726.7429181118,1.0,False,123.85113040355093,563.2398239671464,,,,,,,,,,,
pm_all,BTC|sell|00-10|2-7d,BTC,sell,00-10,2-7d,4466,6578.730099608015,0,22521.708144923054,488356754.1606403,66368107.67568172,66368107.67568172,1.0,True,0.46117327042260486,3.393453412138696,75.0,73.0,-2.0,-0.1482906382798646,1.1925758168171545,-1.0746359404606518,8.657357713406313,67.0,84.0,67.0,84.0
pm_all,BTC|sell|00-10|30-90d,BTC,sell,00-10,30-90d,2124,2330.616611709483,0,-8769.896544700092,186178623.34834966,15259249.18110264,15259249.18110264,1.0,True,-0.47104744825033806,-5.7472660945604765,82.0,84.0,2.0,-1.5876973839195252,0.4104944162941457,-18.466869239624252,4.896801363517233,75.0,95.0,73.0,94.0
pm_all,BTC|sell|00-10|7-30d,BTC,sell,00-10,7-30d,4498,5539.865003462421,1,25938.024801017815,421520204.6483649,47526102.744084574,47526102.744084574,1.0,True,0.615344757261529,5.4576376566551605,72.0,69.0,-3.0,-0.63707453216716,1.6954236129055602,-5.656228278868895,15.378192675110467,63.0,87.0,62.0,86.0
pm_all,BTC|sell|00-10|<=2d,BTC,sell,00-10,<=2d,7649,5584.180267626843,0,60397.602703940196,455079409.9218776,86684380.97675194,86684380.97675194,1.0,True,1.3271882090712148,6.967530023677317,64.0,67.0,3.0,1.1181421549163353,1.5307735705338605,5.890672047872652,8.017554516679088,62.0,73.0,65.0,77.0
pm_all,BTC|sell|00-10|>90d,BTC,sell,00-10,>90d,573,2160.381562097767,0,-139632.4162940151,154021195.26068613,15330628.76148823,15330628.76148823,1.0,True,-9.065792279931504,-91.08068459969687,115.0,109.0,-6.0,-11.044866022503513,-5.230269485860935,-107.4833159123112,-56.10654181175474,107.0,119.0,104.0,116.0
pm_all,BTC|sell|10-25|2-7d,BTC,sell,10-25,2-7d,4679,4802.963829999999,1,73864.29379622346,374649399.5932438,70958754.12515263,70958754.12515263,1.0,True,1.9715577784568132,10.409468811409262,60.0,63.0,3.0,0.7722805856664632,3.164804725519075,4.036515169220417,16.781681830352596,51.0,73.0,60.0,76.0
pm_all,BTC|sell|10-25|30-90d,BTC,sell,10-25,30-90d,3328,5227.9448091883705,0,-49726.13452137482,393316681.55503196,54963397.39556868,54963397.39556868,1.0,True,-1.2642772822341444,-9.047136253877913,93.0,88.0,-5.0,-3.0357078563642395,0.6514309162401493,-21.79937754544664,4.665689079805816,74.0,102.0,74.0,96.0
pm_all,BTC|sell|10-25|7-30d,BTC,sell,10-25,7-30d,5700,5990.494180630845,0,-12867.941977887636,457739941.8132698,74255766.40037447,74255766.40037447,1.0,True,-0.2811190547827915,-1.7329215765555337,80.0,78.0,-2.0,-2.0767338770363226,1.4748844215514731,-12.793186155178159,9.08177207943339,65.0,97.0,67.0,91.0
pm_all,BTC|sell|10-25|<=2d,BTC,sell,10-25,<=2d,6830,3800.826718000071,0,28791.098726370805,316370549.56096464,70588350.12664688,70588350.12664688,1.0,True,0.9100435791613642,4.078732350977878,69.0,71.0,2.0,0.39208125110538716,1.39761077512557,1.7559407017176494,6.268213723959541,65.0,78.0,69.0,81.0
pm_all,BTC|sell|10-25|>90d,BTC,sell,10-25,>90d,791,1135.2184538823906,1,-82840.98610099651,88758516.31862026,12627621.471881567,12627621.471881567,1.0,True,-9.333300007361396,-65.60300075945567,117.0,105.0,-12.0,-15.389140660316839,1.7382966811223957,-105.65738412172603,12.28887935566237,64.0,121.0,66.0,114.0
pm_all,BTC|sell|25-40|2-7d,BTC,sell,25-40,2-7d,3583,4890.7996612860325,1,23080.921443132407,359468425.2266289,75225756.91475101,75225756.91475101,1.0,True,0.6420848069919051,3.068220565635342,71.0,74.0,3.0,-2.914569949874052,4.969493272366134,-13.921442360890664,23.6970813958933,45.0,101.0,57.0,92.0
pm_all,BTC|sell|25-40|30-90d,BTC,sell,25-40,30-90d,2852,3500.147512931782,0,38274.15978834048,266471499.69863963,47568429.78286261,47568429.78286261,1.0,True,1.4363322093216666,8.046126383202466,63.0,66.0,3.0,-7.895167155645447,8.596315480195976,-43.79754513876711,48.17118478201705,36.0,114.0,50.0,102.0
pm_all,BTC|sell|25-40|7-30d,BTC,sell,25-40,7-30d,5279,5849.053637002143,2,-387324.5702459557,428593923.669637,84258412.85991432,84258412.85991432,1.0,True,-9.037098961405436,-45.96865251780979,114.0,101.0,-13.0,-34.11137138274634,6.47994520800164,-168.88503271801721,33.66750008165806,40.0,125.0,53.0,119.0
pm_all,BTC|sell|25-40|<=2d,BTC,sell,25-40,<=2d,4677,1824.973359999963,0,38405.11529650593,148201080.66275212,34355955.83454238,34355955.83454238,1.0,True,2.591419382689995,11.178590251269451,52.0,61.0,9.0,1.3542893610434168,3.8014365286578315,5.823835482084982,16.431672475365822,48.0,68.0,60.0,74.0
pm_all,BTC|sell|25-40|>90d,BTC,sell,25-40,>90d,907,856.8978942441227,1,286626.99533724645,66312447.694751196,12698960.864695994,12698960.864695994,1.0,True,43.22370916794461,225.70901539990544,7.0,34.0,27.0,22.31017165032279,82.49684476388799,119.82555881047604,408.60579084087044,4.0,19.0,22.0,41.0
pm_all,BTC|sell|40-60|2-7d,BTC,sell,40-60,2-7d,4663,2801.698050421827,0,126027.97856477374,221687896.25426427,49896548.89986958,49896548.89986958,1.0,True,5.684928256986405,25.257854770213008,43.0,55.0,12.0,-0.17551346481732563,10.962141981574637,-0.7669689610461816,49.10573505356336,32.0,81.0,50.0,81.0
pm_all,BTC|sell|40-60|30-90d,BTC,sell,40-60,30-90d,3653,3601.3058148083837,0,36131.67969117274,290074512.0179678,58449249.81731023,58449249.81731023,1.0,True,1.2455999474002277,6.18171829477819,67.0,68.0,1.0,-3.361181874109189,10.186449955611593,-16.840584951032728,49.24992204709271,34.0,102.0,50.0,92.0
pm_all,BTC|sell|40-60|7-30d,BTC,sell,40-60,7-30d,6340,5752.519804520993,1,-1769245.1283040645,434995487.47112346,95841666.2988801,95841666.2988801,1.0,True,-40.67272372386422,-184.6008314157136,127.0,121.0,-6.0,-73.11915622543124,-9.353208859936943,-321.80966048282846,-43.87871991820582,115.0,129.0,102.0,126.0
pm_all,BTC|sell|40-60|<=2d,BTC,sell,40-60,<=2d,5033,2014.4827215342898,0,1092.3730900047278,162486440.2305672,38643476.8470089,38643476.8470089,1.0,True,0.0672285692550503,0.28267981536171743,77.0,77.0,0.0,-3.445197344291686,3.390713585938315,-14.522938365691466,14.238210948412776,51.0,103.0,63.0,91.0
pm_all,BTC|sell|40-60|>90d,BTC,sell,40-60,>90d,1160,451.0321393999752,0,88840.03277009072,34718754.08170358,7613373.774429016,7613373.774429016,1.0,True,25.588485278309133,116.6894407161213,16.0,41.0,25.0,12.735466116259564,44.532756685055205,57.964124557988846,201.717152054487,8.0,30.0,34.0,49.0
pm_all,BTC|sell|60-75|2-7d,BTC,sell,60-75,2-7d,1094,1096.6229644037624,0,-4654.288150927385,83210449.32603276,19548799.708047055,19548799.708047055,1.0,True,-0.5593393844913742,-2.380856226692781,84.0,79.0,-5.0,-8.540523347811327,5.384014364987169,-36.312270181643775,22.933114319921426,45.0,114.0,59.0,100.0
pm_all,BTC|sell|60-75|30-90d,BTC,sell,60-75,30-90d,821,204.88493036451396,0,-6208.5310863827435,15522927.41711686,3684809.6253192434,3684809.6253192434,1.0,True,-3.9995877836397695,-16.848987377047603,106.0,91.0,-15.0,-14.838813678614802,7.380431305168774,-62.57727697321673,31.227832851621258,40.0,120.0,56.0,107.0
pm_all,BTC|sell|60-75|7-30d,BTC,sell,60-75,7-30d,1599,2947.859902580181,0,-4110175.785225323,218868833.91233486,56538472.31745378,56538472.31745378,1.0,True,-187.79173406075722,-726.9697281786098,132.0,131.0,-1.0,-351.88767641538936,-31.3802594931701,-1262.2245959317675,-132.29529421894748,125.0,133.0,117.0,133.0
pm_all,BTC|sell|60-75|<=2d,BTC,sell,60-75,<=2d,1282,501.0399009392376,0,-8734.779542832826,40430253.10607258,9801961.494263096,9801961.494263096,1.0,True,-2.160456309762966,-8.911256739730236,99.0,87.0,-12.0,-5.826387389998389,1.4450284405412475,-24.093039293204573,5.9511096199751865,66.0,109.0,72.0,96.0
pm_all,BTC|sell|60-75|>90d,BTC,sell,60-75,>90d,307,92.44699903362762,0,-29295.044559583344,7341395.818991026,1900454.264940585,1900454.264940585,1.0,True,-39.903916478391906,-154.1475903946534,125.0,118.0,-7.0,-113.7541293275415,46.47879546108745,-423.16032000589985,185.09544343015733,8.0,130.0,36.0,127.0
pm_all,BTC|sell|75-90|2-7d,BTC,sell,75-90,2-7d,602,310.66426000000007,0,-31244.154443353895,24834938.222939372,6026194.043982114,6026194.043982114,1.0,True,-12.580725654672458,-51.84724258017376,119.0,103.0,-16.0,-22.92657328232956,-1.878048126724949,-94.21752764000816,-7.747536691093244,97.0,123.0,87.0,112.0
pm_all,BTC|sell|75-90|30-90d,BTC,sell,75-90,30-90d,307,99.77411879997602,0,-17719.551633426876,7815666.486895977,1940661.5445159015,1940661.5445159015,1.0,True,-22.671836961231783,-91.30675920023458,121.0,110.0,-11.0,-43.629090019795754,-2.976680166535123,-174.1706953709013,-12.03400760668605,101.0,127.0,90.0,120.0
pm_all,BTC|sell|75-90|7-30d,BTC,sell,75-90,7-30d,756,525.738561488395,0,-13852.49138969369,39037153.152550474,9455222.216342686,9455222.216342686,1.0,True,-3.5485403701341998,-14.650624885103847,103.0,90.0,-13.0,-12.221980585481365,3.7210361547689517,-49.35821315935046,15.634255862338334,49.0,118.0,62.0,104.0
pm_all,BTC|sell|75-90|<=2d,BTC,sell,75-90,<=2d,801,423.75009982328635,0,52413.568134647474,31823008.337109465,7798676.3056503795,7798676.3056503795,1.0,True,16.47033730419727,67.20828776631265,25.0,44.0,19.0,-1.0243821199321916,33.67791688244088,-4.1837172278702175,135.7916673007688,12.0,89.0,39.0,83.0
pm_all,BTC|sell|75-90|>90d,BTC,sell,75-90,>90d,132,53.2620726522192,0,-25124.805495585464,4017445.3777085664,1022551.3568887275,1022551.3568887275,1.0,False,-62.53925849246001,-245.70702807565203,,,,,,,,,,,
pm_all,BTC|sell|90-100|2-7d,BTC,sell,90-100,2-7d,300,100.60737520325875,0,6704.067071995338,8112200.662870249,1976308.670570921,1976308.670570921,1.0,True,8.264178057971403,33.92216596438172,39.0,53.0,14.0,-1.3960945179051445,18.933566797768115,-5.720966302484677,77.7509813688473,23.0,92.0,45.0,86.0
pm_all,BTC|sell|90-100|30-90d,BTC,sell,90-100,30-90d,112,34.27161114595515,0,-32494.85442911498,2495254.3941159593,662897.9317489108,662897.9317489108,1.0,False,-130.22661940097512,-490.1939329239485,,,,,,,,,,,
pm_all,BTC|sell|90-100|7-30d,BTC,sell,90-100,7-30d,265,108.61216609726984,0,-23645.297381922177,8345942.090058878,2110309.2317233705,2110309.2317233705,1.0,True,-28.331489874686355,-112.04659974222069,123.0,114.0,-9.0,-63.455357523422265,5.694252331845608,-249.8068404443346,22.68690779581942,45.0,129.0,60.0,124.0
pm_all,BTC|sell|90-100|<=2d,BTC,sell,90-100,<=2d,792,605.8111560591666,0,47518.67083416742,44668624.25190382,11055439.707269391,11055439.707269391,1.0,True,10.638042167180048,42.98216271119637,34.0,50.0,16.0,-16.818994678775816,48.692103050975206,-68.52699896154488,192.22885950936453,8.0,120.0,35.0,108.0
pm_all,BTC|sell|90-100|>90d,BTC,sell,90-100,>90d,121,36.207600000000035,0,-30730.42503554801,2673930.8514027945,731237.0503711604,731237.0503711604,1.0,False,-114.92602742298386,-420.2525708995449,,,,,,,,,,,
pm_all,ETH|buy|00-10|2-7d,ETH,buy,00-10,2-7d,8107,177620.7253105501,0,135616.70299015322,480803557.46493006,1442604.1549198863,1442604.1549198863,1.0,True,2.820626030830588,940.0825758586878,49.0,10.0,-39.0,1.8263550447892276,3.860811123239665,600.4203323212524,1307.3140399737085,47.0,64.0,6.0,16.0
pm_all,ETH|buy|00-10|30-90d,ETH,buy,00-10,30-90d,2761,48437.16164118823,0,100208.50726938655,113811675.54455316,839266.4569502522,839266.4569502522,1.0,True,8.804765134149926,1194.001099883424,36.0,8.0,-28.0,6.229792249089043,10.942838190073271,802.9328512590307,1550.4124272680558,31.0,44.0,4.0,12.0
pm_all,ETH|buy|00-10|7-30d,ETH,buy,00-10,7-30d,7358,73640.78548936895,0,-28289.31367918788,197537154.84731546,916191.3920700301,916191.3920700301,1.0,True,-1.4321008977300418,-308.7707865850103,95.0,127.0,32.0,-5.259752373991315,1.9027182699296001,-1069.0636080637214,435.219312354141,62.0,109.0,21.0,132.0
pm_all,ETH|buy|00-10|<=2d,ETH,buy,00-10,<=2d,7859,74199.12269511336,0,-10661.940212220472,195523496.77634147,167760.24975669853,167760.24975669853,1.0,True,-0.5453022469425566,-635.5462767660042,83.0,130.0,47.0,-1.0333569990793847,-0.05368386643259323,-1174.9471760180966,-62.5701656013783,79.0,92.0,107.89999999999986,132.0
pm_all,ETH|buy|00-10|>90d,ETH,buy,00-10,>90d,1404,103682.40619374825,0,503948.6354282521,256293482.84687153,1368453.4877342219,1368453.4877342219,1.0,True,19.662951622119394,3682.614279149895,22.0,1.0,-21.0,16.909740913480455,22.228764309854828,2775.4995090099246,4589.839421674121,17.0,27.0,1.0,3.0
pm_all,ETH|buy|10-25|2-7d,ETH,buy,10-25,2-7d,11313,196874.17837838706,0,128856.42172439385,523497186.74640524,3149337.9925025078,3149337.9925025078,1.0,True,2.4614539483058393,409.1539937318787,55.0,22.0,-33.0,1.3239184903826395,3.8756880658386823,238.82197544256624,595.7339993672113,48.0,67.0,16.0,31.0
pm_all,ETH|buy|10-25|30-90d,ETH,buy,10-25,30-90d,6844,84368.97463752268,0,195073.16397708494,203878406.590093,4967982.07186295,4967982.07186295,1.0,True,9.56811303559423,392.66076478398844,35.0,23.0,-12.0,6.805384683098797,13.062705251138524,275.214414455666,545.3003227509712,29.0,43.0,17.0,30.0
pm_all,ETH|buy|10-25|7-30d,ETH,buy,10-25,7-30d,13225,120711.24997649161,0,146825.3807313342,315180935.128262,4324455.329957942,4324455.329957942,1.0,True,4.658447398526311,339.5234070616754,44.0,24.0,-20.0,0.3728302875885831,10.364611613494613,26.703863653717715,761.5889862219723,33.0,77.0,13.0,58.0
pm_all,ETH|buy|10-25|<=2d,ETH,buy,10-25,<=2d,12082,96755.34656267695,0,62447.82554707123,274271557.70237154,1060332.8689441714,1060332.8689441714,1.0,True,2.2768611543322,588.9454847255068,57.0,17.0,-40.0,1.3782115553377596,3.257786316061207,355.97733868470004,843.5890111109849,51.0,67.0,11.0,24.0
pm_all,ETH|buy|10-25|>90d,ETH,buy,10-25,>90d,1765,29016.296049023775,0,137965.8005718443,66113368.82195534,2435711.1397257284,2435711.1397257284,1.0,True,20.868063907526636,566.4292383512268,21.0,18.0,-3.0,16.16016348150884,25.9679144110808,419.3335901873147,709.1746726797655,16.0,27.0,13.0,22.0
pm_all,ETH|buy|25-40|2-7d,ETH,buy,25-40,2-7d,8465,65517.059123447456,0,-6016.562787098507,183839370.03790918,3174802.7127304343,3174802.7127304343,1.0,True,-0.3272728135359604,-18.950981624694617,81.0,93.0,12.0,-1.9514184823886866,1.4683705905093134,-113.58880768135857,84.56013515905639,66.0,97.0,44.0,114.0
pm_all,ETH|buy|25-40|30-90d,ETH,buy,25-40,30-90d,6798,50664.296606683514,0,95024.31428000465,136564910.01912728,7164434.132218427,7164434.132218427,1.0,True,6.958179393718016,132.6333839160873,41.0,40.0,-1.0,2.3540293660971376,12.791053264315225,44.92118174741626,245.51110383333503,30.0,57.0,31.0,52.0
pm_all,ETH|buy|25-40|7-30d,ETH,buy,25-40,7-30d,12066,69606.48576513815,0,-19626.802743790027,190319976.76243943,5953361.9471018305,5953361.9471018305,1.0,True,-1.0312528972346675,-32.96759531535722,92.0,98.0,6.0,-2.7921619113743095,0.7915197664888902,-89.54247427473645,25.183131980631817,72.0,101.0,58.0,111.0
pm_all,ETH|buy|25-40|<=2d,ETH,buy,25-40,<=2d,9038,53428.10935331554,0,-1056.4742293022841,155545203.9832699,1401642.761595863,1401642.761595863,1.0,True,-0.06792072029529861,-7.537400101145733,78.0,86.0,8.0,-2.2143643967827353,2.3495197194887854,-246.7068367963798,260.79771774377883,57.0,99.0,31.0,123.0
pm_all,ETH|buy|25-40|>90d,ETH,buy,25-40,>90d,1993,29665.22671652148,0,248219.8199165426,73811612.46108125,5547117.329596675,5547117.329596675,1.0,True,33.628830429279915,447.47533749135675,10.0,20.0,10.0,25.545063880259082,41.44687670101172,346.05721351968367,542.6669216085658,8.0,17.0,17.0,25.0
pm_all,ETH|buy|40-60|2-7d,ETH,buy,40-60,2-7d,9906,80610.3976999988,0,-82786.91566911858,229061354.97289452,6984537.880694948,6984537.880694948,1.0,True,-3.614180824125265,-118.52883767434223,104.0,115.0,11.0,-5.295720987783348,-1.9549632193433912,-176.03078413324528,-63.673341904543825,95.0,109.0,106.0,121.0
pm_all,ETH|buy|40-60|30-90d,ETH,buy,40-60,30-90d,6691,36232.784629409405,0,46495.70447150834,101091607.17112482,9023947.18415289,9023947.18415289,1.0,True,4.5993634657328,51.52479676871364,45.0,48.0,3.0,-0.4748210192716142,10.456561011089965,-5.262283111326809,117.96222874257143,33.0,85.0,40.0,85.0
pm_all,ETH|buy|40-60|7-30d,ETH,buy,40-60,7-30d,13236,54365.841908597424,0,-53388.18558310186,145075225.92970014,8205841.172245088,8205841.172245088,1.0,True,-3.6800346331338787,-65.06119782537182,105.0,104.0,-1.0,-8.177992537078596,1.8531359045093208,-144.1784403762768,32.960172537209836,62.0,115.0,55.0,118.0
pm_all,ETH|buy|40-60|<=2d,ETH,buy,40-60,<=2d,9810,46617.44829999866,0,-10445.6083375045,136285053.69892833,2062161.8111436432,2062161.8111436432,1.0,True,-0.766452964136495,-50.653679459380186,87.0,102.0,15.0,-2.8866875474943736,1.3877139706132795,-190.41758331934466,91.75695525850132,66.0,101.0,43.0,121.0
pm_all,ETH|buy|40-60|>90d,ETH,buy,40-60,>90d,2072,17249.486798690745,0,253275.04718714618,46376646.76728503,5751675.512334645,5751675.512334645,1.0,True,54.612626147393485,440.3500278205717,6.0,21.0,15.0,43.990888820052035,64.67495403592427,359.2838035575165,519.2864488838648,4.0,9.0,17.0,25.0
pm_all,ETH|buy|60-75|2-7d,ETH,buy,60-75,2-7d,3201,21138.09900725326,0,-5769.779897543785,59241027.9170099,2674705.492088541,2674705.492088541,1.0,True,-0.9739499972260115,-21.571645605881113,91.0,94.0,3.0,-5.499557677628932,3.971432484825746,-123.74021318378014,85.37033032889698,49.0,109.0,44.0,116.0
pm_all,ETH|buy|60-75|30-90d,ETH,buy,60-75,30-90d,2031,16446.14078844417,0,131538.78282258532,41269195.09951597,5206000.6526143085,5206000.6526143085,1.0,True,31.8733579623723,252.66762645627063,11.0,32.0,21.0,21.03786772170111,44.553518930017674,167.99281184519282,347.67375434219593,7.0,21.0,24.0,37.0
pm_all,ETH|buy|60-75|7-30d,ETH,buy,60-75,7-30d,5009,21500.680720085114,0,-12363.699454735977,54561678.25252194,4748723.918024906,4748723.918024906,1.0,True,-2.2660042452349796,-26.035835454250414,100.0,96.0,-4.0,-8.533560632038402,3.964675669026879,-100.04011259603715,44.20085484002199,49.0,114.0,51.0,113.0
pm_all,ETH|buy|60-75|<=2d,ETH,buy,60-75,<=2d,3156,15610.93793578716,0,51110.377418430886,41440956.14907084,971836.3873357502,971836.3873357502,1.0,True,12.333300716947106,525.9154533053439,31.0,19.0,-12.0,5.547108153712543,19.958311747169166,242.27206196903597,830.8035655250158,22.0,44.0,11.0,31.0
pm_all,ETH|buy|60-75|>90d,ETH,buy,60-75,>90d,993,10799.590493390784,0,279958.4278386029,27709294.14951776,4540563.760689948,4540563.760689948,1.0,True,101.03412462546441,616.571955805027,3.0,16.0,13.0,81.5406252497426,122.8945690579043,518.6151282045873,728.8660268948213,2.0,4.0,12.0,19.0
pm_all,ETH|buy|75-90|2-7d,ETH,buy,75-90,2-7d,2088,8432.01040058608,0,53064.13967790582,21847090.57290783,1841747.7141902668,1841747.7141902668,1.0,True,24.288881625139446,288.118395744749,17.0,27.0,10.0,18.739699635244072,30.481351381655823,222.15743731487646,361.20331575520515,13.0,24.0,23.0,34.0
pm_all,ETH|buy|75-90|30-90d,ETH,buy,75-90,30-90d,936,11882.581780977585,0,122940.14913215562,30429099.00356834,4468428.562421555,4468428.562421555,1.0,True,40.402165413356066,275.13061340188744,8.0,28.0,20.0,29.367126344326895,57.2552138131175,207.09936575066462,365.41365011414337,6.0,14.0,23.0,35.0
pm_all,ETH|buy|75-90|7-30d,ETH,buy,75-90,7-30d,2422,15147.688115904768,0,95249.16264423695,37203223.99388126,4936422.044834147,4936422.044834147,1.0,True,25.602394744042176,192.95182174286134,15.0,35.0,20.0,14.253923453734604,38.32986192930201,109.5566564935441,279.86890565950796,9.0,28.0,28.0,42.0
pm_all,ETH|buy|75-90|<=2d,ETH,buy,75-90,<=2d,2275,9129.697459079916,0,68785.35234122806,23141893.695702296,875262.8852782825,875262.8852782825,1.0,True,29.72330322042844,785.8822017725377,14.0,12.0,-2.0,21.699654387868605,37.03037375500907,558.7385760187931,1025.9081288644732,9.0,20.0,8.0,17.0
pm_all,ETH|buy|75-90|>90d,ETH,buy,75-90,>90d,478,2077.641215880703,0,88468.67935043699,5441667.408005768,1071888.7507628931,1071888.7507628931,1.0,True,162.57641769925533,825.3531841571372,1.0,11.0,10.0,135.9317422131458,196.07278208670888,718.3883544883519,946.8578026961795,1.0,2.0,8.0,14.0
pm_all,ETH|buy|90-100|2-7d,ETH,buy,90-100,2-7d,941,4328.304388911567,0,-2779.5997323349266,10637261.513865562,1548396.1224418196,1548396.1224418196,1.0,True,-2.6130783084647744,-17.95147696412143,101.0,92.0,-9.0,-25.07049915799989,18.77711532541145,-169.85481667067168,130.1889692409043,23.0,123.0,40.0,119.0
pm_all,ETH|buy|90-100|30-90d,ETH,buy,90-100,30-90d,338,2053.202459553377,0,34523.275352089375,6005374.0759534845,1256681.660019424,1256681.660019424,1.0,True,57.48730206553877,274.7177463507804,5.0,29.0,24.0,36.85938901243251,87.57120889482111,181.1431654563803,415.88222285884586,3.0,10.0,22.0,37.0
pm_all,ETH|buy|90-100|7-30d,ETH,buy,90-100,7-30d,884,7671.277445469257,0,-79716.65783761477,19663104.7670728,3451592.5025504865,3451592.5025504865,1.0,True,-40.54123638251966,-230.95616814183512,126.0,124.0,-2.0,-139.4820906492648,40.155745998810794,-751.0949335485233,239.59011777844574,9.0,131.0,31.0,131.0
pm_all,ETH|buy|90-100|<=2d,ETH,buy,90-100,<=2d,2040,9826.143276283725,0,-16260.378084164402,24837377.249798745,1954264.9131186334,1954264.9131186334,1.0,True,-6.546737169801678,-83.20457464600305,111.0,108.0,-3.0,-23.899880385011624,23.99960453351429,-326.8818517226047,275.244828685802,18.0,123.0,29.0,126.0
pm_all,ETH|buy|90-100|>90d,ETH,buy,90-100,>90d,120,1067.4792341299021,0,35193.18837480752,2475313.7132427925,551177.2149654332,551177.2149654332,1.0,False,142.1766792084813,638.5094923964634,,,,,,,,,,,
pm_all,ETH|sell|00-10|2-7d,ETH,sell,00-10,2-7d,14085,222724.83693329355,0,-119429.53447777136,603646659.4822052,85068496.27411547,85068496.27411547,1.0,True,-1.97846757870267,-14.039220123620689,98.0,89.0,-9.0,-3.3257190125670584,-0.6668563521609717,-23.19815732764187,-4.843197962294251,85.0,104.0,82.0,97.0
pm_all,ETH|sell|00-10|30-90d,ETH,sell,00-10,30-90d,5124,79006.991555926,0,84200.72967088486,197600209.5100245,19193547.883986067,19193547.883986067,1.0,True,4.26116601190209,43.86928887761123,46.0,49.0,3.0,0.8081762690318179,7.847799217351374,8.60361445787163,78.73162839684063,39.0,72.0,45.0,68.0
pm_all,ETH|sell|00-10|7-30d,ETH,sell,00-10,7-30d,11829,123621.1388859383,0,84486.60397444924,325489740.2224095,35152517.92710869,35152517.92710869,1.0,True,2.595676408009633,24.03429653307862,51.0,56.0,5.0,-0.04577983295242855,6.377779486339416,-0.4192278212933617,58.529954114252945,42.0,82.0,48.0,82.0
pm_all,ETH|sell|00-10|<=2d,ETH,sell,00-10,<=2d,20538,195086.82839595323,0,99394.3191869427,536559765.0201198,94449085.15414272,94449085.15414272,1.0,True,1.852437056722202,10.523587287767716,61.0,62.0,1.0,1.6022692285599778,2.0717609042119847,9.107319524634658,11.750791830015595,57.0,68.0,61.0,72.0
pm_all,ETH|sell|00-10|>90d,ETH,sell,00-10,>90d,1528,89682.88476735984,0,-97613.50956206203,217921449.5999321,26570487.855873592,26570487.855873592,1.0,True,-4.479297918642904,-36.73756766964438,108.0,100.0,-8.0,-7.548957508061573,-0.9744562476524625,-61.11533827329767,-8.163384821369227,89.0,114.0,87.0,107.0
pm_all,ETH|sell|10-25|2-7d,ETH,sell,10-25,2-7d,12318,162979.64510799298,0,-194441.25926391632,437934137.1269265,78563878.63480698,78563878.63480698,1.0,True,-4.4399658026102085,-24.749447537811733,107.0,95.0,-12.0,-6.386489965007267,-2.5183170435138336,-35.72449997896262,-14.018837554567131,98.0,112.0,89.0,102.0
pm_all,ETH|sell|10-25|30-90d,ETH,sell,10-25,30-90d,7645,77762.62560267467,0,24482.699391113678,195050763.83785933,29976323.093957193,29976323.093957193,1.0,True,1.25519628374619,8.167345712940039,66.0,65.0,-1.0,-0.8296077275497844,3.2615285539928243,-5.400897980349947,21.22553945680663,51.0,88.0,58.0,85.0
pm_all,ETH|sell|10-25|7-30d,ETH,sell,10-25,7-30d,14118,115433.28209078172,0,18242.191779938534,306090167.94051045,49618994.57791842,49618994.57791842,1.0,True,0.5959744444808158,3.676453329035555,73.0,72.0,-1.0,-0.268441131221445,1.4453596124593915,-1.6525699900021011,8.91390336489002,65.0,84.0,67.0,84.0
pm_all,ETH|sell|10-25|<=2d,ETH,sell,10-25,<=2d,18564,124672.26921590268,0,-21728.418002732997,338306742.1495006,72954331.15616393,72954331.15616393,1.0,True,-0.6422697302654118,-2.978358879916502,85.0,80.0,-5.0,-3.4250694296188238,1.2288210853640198,-15.89879045707698,5.686202400746408,68.0,102.0,72.0,93.0
pm_all,ETH|sell|10-25|>90d,ETH,sell,10-25,>90d,2200,58661.16216454124,0,164645.34283827015,145977348.60124627,22054967.408502966,22054967.408502966,1.0,True,11.278828148058617,74.65227211117691,32.0,43.0,11.0,2.3264139756973687,15.856346885535029,15.01034419750439,106.54588980895811,25.0,59.0,40.0,64.0
pm_all,ETH|sell|25-40|2-7d,ETH,sell,25-40,2-7d,8898,85738.05531496592,0,204023.43907761047,234626657.04933995,49061304.2662796,49061304.2662796,1.0,True,8.695663214206139,41.58540873073326,37.0,51.0,14.0,2.296113458178351,14.159380823594914,10.952656796577372,68.22116292238995,27.0,59.0,45.0,67.0
pm_all,ETH|sell|25-40|30-90d,ETH,sell,25-40,30-90d,7787,61487.7578912973,0,33311.67777653677,154643454.00333348,29288747.605457738,29288747.605457738,1.0,True,2.1540955607353878,11.373541206087417,58.0,60.0,2.0,-8.009028240283522,10.185947285493315,-42.72631682687202,53.12824789073487,32.0,113.0,48.0,101.0
pm_all,ETH|sell|25-40|7-30d,ETH,sell,25-40,7-30d,12260,80867.27557160285,0,81637.87680996476,210764252.04680178,40898333.05903102,40898333.05903102,1.0,True,3.873421418345482,19.9611746259027,47.0,57.0,10.0,1.7677836286404278,6.099357766174279,9.110790655280304,31.34592746551483,42.0,63.0,54.0,69.0
pm_all,ETH|sell|25-40|<=2d,ETH,sell,25-40,<=2d,13879,71398.78198903947,0,-18776.827126584594,195884608.3652676,45667731.23053876,45667731.23053876,1.0,True,-0.9585657231205882,-4.11161812085559,90.0,82.0,-8.0,-4.414302590083365,2.1303984090642896,-18.967763420133313,9.130840194958504,60.0,106.0,68.0,94.0
pm_all,ETH|sell|25-40|>90d,ETH,sell,25-40,>90d,2204,21820.739889134944,0,68630.68383395596,54038017.491377585,10944929.298211832,10944929.298211832,1.0,True,12.700444431535043,62.70546109892986,30.0,46.0,16.0,0.04114936691612381,32.423571898495815,0.20606769070512576,157.9884767638017,13.0,79.0,37.0,79.0
pm_all,ETH|sell|40-60|2-7d,ETH,sell,40-60,2-7d,11851,77805.44815756817,0,8560.456822888491,224822394.18824852,50271766.43157843,50271766.43157843,1.0,True,0.3807653082690971,1.7028358918995936,76.0,76.0,0.0,-2.0079239281459635,2.8091193370743,-8.970940441986599,12.536353805948885,54.0,97.0,64.0,89.0
pm_all,ETH|sell|40-60|30-90d,ETH,sell,40-60,30-90d,9391,49977.9942474369,0,173057.3190910841,135702611.67404035,29974508.43126714,29974508.43126714,1.0,True,12.752688909685121,57.7348314111346,29.0,47.0,18.0,7.415243446922981,19.4828743707128,33.698335709667774,87.98896007070414,22.0,40.0,43.0,56.0
pm_all,ETH|sell|40-60|7-30d,ETH,sell,40-60,7-30d,15983,61757.92521582244,0,33858.97873718215,165544051.5308588,36067026.802563064,36067026.802563064,1.0,True,2.0453153359527723,9.387793155929337,59.0,64.0,5.0,-15.953493439665312,14.978861294837735,-73.4550159732389,68.69746922278298,26.0,120.0,45.0,107.0
pm_all,ETH|sell|40-60|<=2d,ETH,sell,40-60,<=2d,14109,56511.42410030238,0,11350.698127608395,155069008.0125853,37318192.56388429,37318192.56388429,1.0,True,0.7319772192446848,3.0415991096507033,70.0,75.0,5.0,-1.0337675001333586,2.4870631845483806,-4.298164380165629,10.321878635791318,57.0,90.0,66.0,85.0
pm_all,ETH|sell|40-60|>90d,ETH,sell,40-60,>90d,3273,23065.093490471176,0,43280.4776125833,60655210.560923696,14565553.62571072,14565553.62571072,1.0,True,7.135492105680063,29.714268832312545,40.0,54.0,14.0,-8.522481475641552,26.332258854692473,-35.05209599068259,109.96848347811522,17.0,114.0,41.0,99.0
pm_all,ETH|sell|60-75|2-7d,ETH,sell,60-75,2-7d,3282,15320.291900000078,0,15304.102723733626,43461346.175454564,10511578.542808624,10511578.542808624,1.0,True,3.5213135511151843,14.559281140703412,48.0,58.0,10.0,-2.120875769920244,9.998471714486898,-8.822020582942972,40.97542413641065,34.0,96.0,52.0,87.0
pm_all,ETH|sell|60-75|30-90d,ETH,sell,60-75,30-90d,2250,10750.925023136695,0,25489.92466809635,29442363.184198014,7276823.233970278,7276823.233970278,1.0,True,8.657567501842728,35.02891831850764,38.0,52.0,14.0,-17.203431389793497,41.93712498707989,-68.56486044635952,171.54249640988635,9.0,121.0,37.0,108.0
pm_all,ETH|sell|60-75|7-30d,ETH,sell,60-75,7-30d,4265,18905.044277467783,0,-36191.84260029086,48787858.39254762,11577793.427334858,11577793.427334858,1.0,True,-7.418206863906776,-31.259706633599883,113.0,97.0,-16.0,-16.654149355880794,1.7734281443156594,-70.25117946466246,7.39975949450256,64.0,121.0,70.0,108.0
pm_all,ETH|sell|60-75|<=2d,ETH,sell,60-75,<=2d,3523,13719.197583271245,0,-6774.310596151396,36745759.75141734,9056953.125534989,9056953.125534989,1.0,True,-1.8435625340118598,-7.479679426684943,97.0,85.0,-12.0,-8.993745900607573,4.984733926872069,-36.44949590795749,20.235570761031394,46.0,115.0,60.0,100.0
pm_all,ETH|sell|60-75|>90d,ETH,sell,60-75,>90d,1544,8139.252438755013,0,-42466.76819475594,20087896.083580192,5426835.744505976,5426835.744505976,1.0,True,-21.140475845784664,-78.25327722098181,120.0,107.0,-13.0,-43.486892945606456,6.95304681485727,-160.828214055283,25.660041630235163,41.899999999999864,127.0,58.0,119.0
pm_all,ETH|sell|75-90|2-7d,ETH,sell,75-90,2-7d,1848,6573.972977108554,0,-41922.388068395216,17724655.37563112,4453254.823476568,4453254.823476568,1.0,True,-23.652018716275034,-94.13875857134813,122.0,112.0,-10.0,-46.7606989722872,-4.785539371697312,-181.44523717527235,-19.31028283294718,107.0,127.0,94.0,120.0
pm_all,ETH|sell|75-90|30-90d,ETH,sell,75-90,30-90d,1070,8646.645393881077,0,-224300.74943343783,24354967.355672315,6550174.001854336,6550174.001854336,1.0,True,-92.09650998821716,-342.43479542671525,130.0,128.0,-2.0,-189.25454335348172,-18.333333470878557,-673.316462045527,-70.81069068901357,121.0,132.0,108.0,130.0
pm_all,ETH|sell|75-90|7-30d,ETH,sell,75-90,7-30d,2111,13416.399635903072,0,62778.74744629662,37167887.83264233,9471755.519226769,9471755.519226769,1.0,True,16.890587845339386,66.27994918034116,24.0,45.0,21.0,-40.78117385077749,74.93592630147633,-157.66161064071596,300.7605404027808,4.0,127.0,27.0,119.0
pm_all,ETH|sell|75-90|<=2d,ETH,sell,75-90,<=2d,2326,10046.67527573207,0,-1964.4427963586727,26250248.40709468,6548981.611338914,6548981.611338914,1.0,True,-0.7483520787665159,-2.9996156852195677,86.0,81.0,-5.0,-18.710467001503382,13.043849905034628,-74.29499283505224,52.7360303745143,29.0,122.0,49.0,110.0
pm_all,ETH|sell|75-90|>90d,ETH,sell,75-90,>90d,611,3161.64469151085,0,-148524.13717072987,8735921.619004546,2476841.033847267,2476841.033847267,1.0,True,-170.0154186910552,-599.6514719397553,131.0,129.0,-2.0,-224.5545491613046,-121.68618588610504,-772.3515082569121,-436.0310855199731,130.0,133.0,127.0,132.0
pm_all,ETH|sell|90-100|2-7d,ETH,sell,90-100,2-7d,936,3475.8228008166247,0,1234.3695177585294,9427316.428260729,2368480.78171263,2368480.78171263,1.0,True,1.309354074568028,5.211650975972735,65.0,70.0,5.0,-15.680793393401089,19.74415842958681,-62.74782483614709,78.19686033189933,22.0,120.0,45.0,106.0
pm_all,ETH|sell|90-100|30-90d,ETH,sell,90-100,30-90d,389,3498.498298974757,0,-51922.69977954548,10764342.118227243,2804439.565314064,2804439.565314064,1.0,True,-48.23583198050242,-185.1446557156626,129.0,122.0,-7.0,-76.28446807049963,-20.43773914534961,-286.69804187410836,-79.83382403910397,122.0,130.0,109.0,125.0
pm_all,ETH|sell|90-100|7-30d,ETH,sell,90-100,7-30d,900,6999.8213996772765,0,-81493.93330650979,18840956.456458148,4987720.010764715,4987720.010764715,1.0,True,-43.25360737117779,-163.38915001368565,128.0,120.0,-8.0,-103.6463871519563,12.820801849771142,-380.2593752723058,49.44200578273044,30.899999999999864,130.0,51.0,127.0
pm_all,ETH|sell|90-100|<=2d,ETH,sell,90-100,<=2d,2110,11855.453883991971,0,-26127.237867163225,28635272.72226992,7150944.588890293,7150944.588890293,1.0,True,-9.124144938505799,-36.53676453842826,116.0,99.0,-17.0,-15.867040194045101,-1.6318065145669696,-63.33384542313462,-6.507719525374499,95.0,121.0,86.0,108.0
pm_all,ETH|sell|90-100|>90d,ETH,sell,90-100,>90d,253,1893.0336398571685,0,-138525.85228813032,5318234.8697322775,1576988.9410158887,1576988.9410158887,1.0,True,-260.47336321403156,-878.4199348848487,133.0,132.0,-1.0,-455.9193928294941,-142.8052621250173,-1430.4677692776552,-501.86036344244457,131.0,133.0,128.0,133.0
sm_pm2win,BTC|buy|00-10|2-7d,BTC,buy,00-10,2-7d,2259,3724.674916955914,0,68127.87167872435,275494476.7852959,305840.53004650975,305840.53004650975,1.0,True,2.4729305819012546,2227.561914974579,85.0,6.0,-79.0,1.1515663108331504,3.81123876214118,1042.5624188354939,3660.7511422092934,73.0,98.0,3.0,15.0
sm_pm2win,BTC|buy|00-10|30-90d,BTC,buy,00-10,30-90d,1061,3691.3077370665183,0,182379.86144893864,268896760.6410184,1123274.7600981686,1123274.7600981686,1.0,True,6.782523560870216,1623.6442580887292,60.0,8.0,-52.0,5.204047005065262,8.194419975737297,1192.0112338679307,2191.7455682151913,55.0,71.0,5.0,15.0
sm_pm2win,BTC|buy|00-10|7-30d,BTC,buy,00-10,7-30d,2003,4213.8085279094985,0,88280.0253567816,305339501.18033373,577812.0510642728,577812.0510642728,1.0,True,2.891208802514004,1527.8328860427628,80.0,10.0,-70.0,1.931144338612762,3.9920248781829617,1037.9877948735525,2037.829919084284,72.0,90.0,6.0,16.0
sm_pm2win,BTC|buy|00-10|<=2d,BTC,buy,00-10,<=2d,2209,2196.407384557396,0,-29564.44948030354,166832040.98966768,121266.88889218423,121266.88889218423,1.0,True,-1.7721086012569098,-2437.965527967709,122.0,181.0,59.0,-3.0666277602763667,-0.6641050199389604,-3641.2771857671937,-1060.0538035433315,114.0,134.0,179.0,181.0
sm_pm2win,BTC|buy|00-10|>90d,BTC,buy,00-10,>90d,423,1694.2726089303912,0,152334.16823279145,117117563.05310363,521975.1196588411,521975.1196588411,1.0,True,13.006944839154471,2918.4181869119716,41.0,3.0,-38.0,3.6720145491472946,18.27689877812377,592.220112684776,8637.225688761748,32.0,76.0,1.0,24.0
sm_pm2win,BTC|buy|10-25|2-7d,BTC,buy,10-25,2-7d,3418,5924.722609999993,0,64528.10715373823,440901313.04863405,1817234.2972326772,1817234.2972326772,1.0,True,1.4635498975395518,355.0896395253105,90.0,31.0,-59.0,-1.8435689514808746,4.768895727561433,-389.5367397109326,1328.7027802181926,69.0,126.0,13.0,171.0
sm_pm2win,BTC|buy|10-25|30-90d,BTC,buy,10-25,30-90d,1961,3754.4555819764687,0,220211.06749440214,275977039.4202416,3340860.8917566407,3340860.8917566407,1.0,True,7.979325669882185,659.1446774625031,56.0,23.0,-33.0,5.726126371139343,9.925402104109692,443.65129494239284,856.6677422003916,50.0,68.0,18.0,29.0
sm_pm2win,BTC|buy|10-25|7-30d,BTC,buy,10-25,7-30d,3444,5084.8181825111515,0,107556.23430528959,378462278.6703313,2741590.221480277,2741590.221480277,1.0,True,2.8419274619169914,392.31331313698786,81.0,30.0,-51.0,1.5342116106824728,4.134916868508419,200.82083585932367,596.295970402325,71.0,93.0,23.0,46.0
sm_pm2win,BTC|buy|10-25|<=2d,BTC,buy,10-25,<=2d,2872,1681.7235419999727,0,-11369.225317826103,128269907.61394277,265053.1955102544,265053.1955102544,1.0,True,-0.8863517195353686,-428.941265768903,114.0,173.0,59.0,-2.037659757913748,0.22547836805206864,-959.7985315300152,111.63801319063109,105.0,129.0,59.0,178.0
sm_pm2win,BTC|buy|10-25|>90d,BTC,buy,10-25,>90d,625,1851.8525112313132,0,242724.43733266953,141349254.55823362,3129145.527920414,3129145.527920414,1.0,True,17.171964443057675,775.6891942765627,35.0,21.0,-14.0,11.978022000626437,19.67145148526695,449.82488247022644,956.7646483292419,29.0,47.0,16.0,29.0
sm_pm2win,BTC|buy|25-40|2-7d,BTC,buy,25-40,2-7d,1724,1899.9409219132874,0,-16616.329336433017,133827552.6527516,1252125.9678620005,1252125.9678620005,1.0,True,-1.2416224467280037,-132.70493355237514,117.0,155.0,38.0,-6.1103324067551315,1.1774485454119683,-670.6583043436954,123.36192904534289,96.0,147.0,57.0,176.0
sm_pm2win,BTC|buy|25-40|30-90d,BTC,buy,25-40,30-90d,1842,1392.6729665783673,0,10417.17129486432,111069968.91094509,3491841.2398076183,3491841.2398076183,1.0,True,0.9378926992602937,29.832889239369454,99.0,83.0,-16.0,-2.2868625589712455,4.4232565495913025,-72.93743665035291,139.27169172316144,71.0,128.0,53.0,142.0
sm_pm2win,BTC|buy|25-40|7-30d,BTC,buy,25-40,7-30d,2690,4536.390241060661,0,32772.29887960242,338134097.1451472,6196535.2879395215,6196535.2879395215,1.0,True,0.9692101197808101,52.88810174838833,98.0,71.0,-27.0,-2.3264236770274627,3.3902638917449566,-139.92838736321096,174.6634473631683,76.0,129.0,48.0,154.0
sm_pm2win,BTC|buy|25-40|<=2d,BTC,buy,25-40,<=2d,2174,1052.1942770000005,0,-18624.69166470446,82702907.66400895,411154.7613502169,411154.7613502169,1.0,True,-2.2519996201789705,-452.98494424682485,128.0,175.0,47.0,-4.064415294890217,-0.3224424983495336,-826.6847711657118,-64.27108651576462,111.0,140.0,140.89999999999986,177.0
sm_pm2win,BTC|buy|25-40|>90d,BTC,buy,25-40,>90d,542,610.9403282354809,0,51955.66328836472,51397764.859522216,2457031.142012642,2457031.142012642,1.0,True,10.108545270473789,211.45708086469745,48.0,43.0,-5.0,5.499419761238951,17.208633568744467,129.67787379072706,295.59207570549563,35.0,68.0,37.0,56.0
sm_pm2win,BTC|buy|40-60|2-7d,BTC,buy,40-60,2-7d,2085,2462.631527725737,0,-140977.92638966074,191229795.91991636,3404655.4894926143,3404655.4894926143,1.0,True,-7.372173656907514,-414.0739843568439,151.0,172.0,21.0,-10.478200282047164,-3.691954740481898,-593.5906802732571,-207.54646106382916,135.0,159.0,161.0,176.0
sm_pm2win,BTC|buy|40-60|30-90d,BTC,buy,40-60,30-90d,1968,2656.1469040851057,0,-285686.3793151727,218884824.5583354,13427288.256461073,13427288.256461073,1.0,True,-13.051904347029497,-212.7655069724919,159.0,160.0,1.0,-31.05024624371257,-1.8613355501750641,-481.3296880253608,-31.52998303600119,126.0,172.0,130.0,173.0
sm_pm2win,BTC|buy|40-60|7-30d,BTC,buy,40-60,7-30d,2595,2317.112974460847,0,-69960.79848304378,181338842.68358234,6135841.127626184,6135841.127626184,1.0,True,-3.8580150533506044,-114.01989886610706,139.0,150.0,11.0,-7.689221242603771,-0.4492785415998924,-239.7047771903382,-13.043326522155368,113.0,151.0,120.0,164.0
sm_pm2win,BTC|buy|40-60|<=2d,BTC,buy,40-60,<=2d,2355,1181.472832522489,0,-33989.29965669814,94474957.04452208,834158.9704184206,834158.9704184206,1.0,True,-3.5977046955078698,-407.46789115807076,138.0,171.0,33.0,-6.579589655928893,-0.5081157054617512,-774.8705396069558,-56.25717636810508,113.0,149.0,138.0,177.0
sm_pm2win,BTC|buy|40-60|>90d,BTC,buy,40-60,>90d,617,424.9740583570257,0,53607.90746759576,34239996.33974138,3639080.4065446663,3639080.4065446663,1.0,True,15.65651670510683,147.31168723610827,38.0,54.0,16.0,11.386715483152498,20.6719632798914,103.26260588702303,194.94738290973692,28.0,48.0,45.0,61.0
sm_pm2win,BTC|buy|60-75|2-7d,BTC,buy,60-75,2-7d,942,977.942774747913,0,-27339.42229389856,77082232.24172649,2197509.3690284584,2197509.3690284584,1.0,True,-3.5467865289841805,-124.41094759011472,137.0,152.0,15.0,-8.903437311732993,1.5693711732019682,-325.85974843062513,53.79573910292553,92.0,154.0,73.0,168.0
sm_pm2win,BTC|buy|60-75|30-90d,BTC,buy,60-75,30-90d,566,1121.7226745889857,0,195470.0379779214,84834145.49823053,6387377.51785256,6387377.51785256,1.0,True,23.041434180768462,306.0254970550708,25.0,36.0,11.0,-2.9616691040793994,34.685114090863216,-34.48415444164878,502.5810004506931,12.0,133.0,27.0,131.0
sm_pm2win,BTC|buy|60-75|7-30d,BTC,buy,60-75,7-30d,903,1270.7951439006624,0,-60210.55196681071,96058141.2712208,4823169.452812123,4823169.452812123,1.0,True,-6.2681362735102075,-124.83607004872131,147.0,153.0,6.0,-12.626491574111359,-3.022339200342947,-268.7802616404085,-57.74145472955172,132.0,161.0,138.0,166.0
sm_pm2win,BTC|buy|60-75|<=2d,BTC,buy,60-75,<=2d,887,744.0871800000008,0,-50097.862643657405,56717510.89249681,913040.7862140012,913040.7862140012,1.0,True,-8.832873984652398,-548.6924943560551,154.0,176.0,22.0,-14.680754577200512,-0.8575261600980926,-807.4356956822987,-62.64714418344668,116.0,164.0,139.0,178.0
sm_pm2win,BTC|buy|60-75|>90d,BTC,buy,60-75,>90d,161,53.19105999999998,0,7299.3511260368805,3943112.0672782,573580.6658565494,573580.6658565494,1.0,False,18.51165019277624,127.2593649079243,,,,,,,,,,,
sm_pm2win,BTC|buy|75-90|2-7d,BTC,buy,75-90,2-7d,592,439.9981589062513,0,14286.958428348475,33745092.016397215,1373257.6445247524,1373257.6445247524,1.0,True,4.233788552541579,104.03698450404627,75.0,58.0,-17.0,-8.818510601420144,16.499521127198093,-224.69172448717444,385.1036956384751,36.0,153.0,32.0,162.0
sm_pm2win,BTC|buy|75-90|30-90d,BTC,buy,75-90,30-90d,278,376.41903570272615,0,64425.04181258441,30358977.235954348,4294165.59544643,4294165.59544643,1.0,True,21.22108439683712,150.0292440536091,28.0,53.0,25.0,4.195601581492363,38.13276780692007,27.720109604132254,288.35737873021753,11.0,73.0,38.0,83.0
sm_pm2win,BTC|buy|75-90|7-30d,BTC,buy,75-90,7-30d,750,728.8422936902381,0,91162.59183861875,53777669.26767247,5276093.715361127,5276093.715361127,1.0,True,16.951755827287144,172.78425433043896,36.0,47.0,11.0,-1.8638296769381928,32.171029969566675,-18.97393070255733,334.29701053315785,15.0,125.0,35.0,122.0
sm_pm2win,BTC|buy|75-90|<=2d,BTC,buy,75-90,<=2d,681,410.72342966684874,0,6508.528222288825,32495970.96336355,675421.5920812633,675421.5920812633,1.0,True,2.002872365200793,96.3624541855889,87.0,60.0,-27.0,-6.26273354108454,11.597777802287272,-292.28067325167467,566.9053896971403,47.0,147.0,25.0,167.0
sm_pm2win,BTC|buy|75-90|>90d,BTC,buy,75-90,>90d,100,42.97400385325913,0,24713.963649545312,3691137.9216785305,859586.936614171,859586.936614171,1.0,False,66.95486371397017,287.50976308331536,,,,,,,,,,,
sm_pm2win,BTC|buy|90-100|2-7d,BTC,buy,90-100,2-7d,328,603.8020778183214,0,26095.178269503223,48768348.55964007,3963141.1696436703,3963141.1696436703,1.0,True,5.350843126785554,65.84468519411703,70.0,65.0,-5.0,-0.5556893642052647,14.796919807470603,-5.7161107741095565,173.95336508816138,40.0,114.0,49.0,113.0
sm_pm2win,BTC|buy|90-100|30-90d,BTC,buy,90-100,30-90d,73,19.79606645463951,0,-2196.0007824636587,1614251.9201649087,380052.36101383873,380052.36101383873,1.0,False,-13.603829458287525,-57.781532434255716,,,,,,,,,,,
sm_pm2win,BTC|buy|90-100|7-30d,BTC,buy,90-100,7-30d,313,400.00955895581995,0,-102478.2579147689,27558285.449235346,4616891.5832797075,4616891.5832797075,1.0,True,-37.18600640215531,-221.9637521615166,173.0,161.0,-12.0,-79.97568434349509,2.1469220165299157,-436.11051345167056,13.570885429154336,86.0,178.0,92.0,173.0
sm_pm2win,BTC|buy|90-100|<=2d,BTC,buy,90-100,<=2d,595,426.1481808426069,0,135188.21918718633,34765479.40087664,1350934.2236819835,1350934.2236819835,1.0,True,38.885762980094974,1000.7017130614222,7.0,15.0,8.0,11.524617517211398,109.60651651169258,291.22714390713514,2933.768291789789,2.0,47.0,4.0,38.0
sm_pm2win,BTC|buy|90-100|>90d,BTC,buy,90-100,>90d,48,18.851497400000007,0,18220.82720731041,1475650.7418919094,776374.6910525,776374.6910525,1.0,False,123.47655641029098,234.69115386295198,,,,,,,,,,,
sm_pm2win,BTC|sell|00-10|2-7d,BTC,sell,00-10,2-7d,2895,5293.336099607965,0,24842.414255320706,388125710.3037293,50438116.3635806,50438116.3635806,1.0,True,0.6400610316662655,4.925325536791546,100.0,100.0,0.0,-0.11616318888599557,1.5641647700906407,-0.8934490735301996,12.042205603619367,90.0,112.0,93.0,112.0
sm_pm2win,BTC|sell|00-10|30-90d,BTC,sell,00-10,30-90d,1426,2096.0194487594563,0,-15184.717769852408,166284562.14745885,21634149.81622783,21634149.81622783,1.0,True,-0.9131766397163683,-7.018865034604833,115.0,112.0,-3.0,-2.3558081683667202,0.002124658675514034,-18.083512656834095,0.016337076642469188,107.0,130.0,106.0,125.0
sm_pm2win,BTC|sell|00-10|7-30d,BTC,sell,00-10,7-30d,3100,4289.559623811595,1,12240.445360945065,319283122.56801647,41494312.59372165,41494312.59372165,1.0,True,0.38337276529038894,2.9499091793117502,102.0,103.0,1.0,-1.140022421352509,1.746692455696494,-8.762078353129798,13.454868763189237,89.0,120.0,92.0,117.0
sm_pm2win,BTC|sell|00-10|<=2d,BTC,sell,00-10,<=2d,4909,3455.342891529434,0,28815.43548961563,279393793.2898307,36496999.0405454,36496999.0405454,1.0,True,1.0313556056602797,7.895288995570257,96.0,98.0,2.0,0.7747903643005123,1.2835182331443054,5.929163246887512,9.826102853857964,91.0,105.0,93.0,106.0
sm_pm2win,BTC|sell|00-10|>90d,BTC,sell,00-10,>90d,526,2155.946268352503,0,-141106.9188581386,153654975.279863,20116480.79663375,20116480.79663375,1.0,True,-9.183361528068342,-70.14493254791918,156.0,142.0,-14.0,-11.112522887575738,-5.490506493270616,-84.763875934814,-42.071732312578824,143.0,161.0,132.0,148.0
sm_pm2win,BTC|sell|10-25|2-7d,BTC,sell,10-25,2-7d,3268,3919.0878299999717,1,73221.1426965983,302188110.6033557,39233089.982875824,39233089.982875824,1.0,True,2.4230318840275773,18.663108801411596,86.0,89.0,3.0,0.9608280436125007,3.8812995338149765,7.3984296090125525,29.914350040757565,73.0,99.0,80.0,101.0
sm_pm2win,BTC|sell|10-25|30-90d,BTC,sell,10-25,30-90d,2587,4773.868689623045,0,-71888.54423657838,355082443.3998312,46161467.622141145,46161467.622141145,1.0,True,-2.024559241742915,-15.573279607361824,127.0,119.0,-8.0,-3.8413438744677637,-0.07543677237240859,-29.506950083814196,-0.580948976353869,109.0,138.0,108.0,130.0
sm_pm2win,BTC|sell|10-25|7-30d,BTC,sell,10-25,7-30d,3990,5099.532344316922,0,-49727.39633770144,389255858.8437627,50576858.06718756,50576858.06718756,1.0,True,-1.277498981914123,-9.832045373724545,118.0,113.0,-5.0,-3.1472501957746797,0.39964304505970333,-24.201335233078225,3.07806825795049,104.0,134.0,104.0,127.0
sm_pm2win,BTC|sell|10-25|<=2d,BTC,sell,10-25,<=2d,4040,1897.581717999957,0,20342.352439567905,158920283.637743,21173825.844543442,21173825.844543442,1.0,True,1.280034994522038,9.607310737757008,91.0,96.0,5.0,0.6821534095896793,1.8375979311197146,5.121419222337443,13.795049490749944,87.0,104.0,90.0,106.0
sm_pm2win,BTC|sell|10-25|>90d,BTC,sell,10-25,>90d,624,1049.4002299999993,1,-119039.41135024645,80911204.38215585,10618330.719922207,10618330.719922207,1.0,True,-14.71235192446343,-112.10746254767112,161.0,149.0,-12.0,-19.2701858259435,-7.639619714597499,-146.50271908469767,-58.474642977693094,150.0,168.0,138.0,157.0
sm_pm2win,BTC|sell|25-40|2-7d,BTC,sell,25-40,2-7d,2396,4495.765661286037,1,6051.186734562044,328158489.2837172,43708909.911077105,43708909.911077105,1.0,True,0.18439829936352328,1.3844286546776812,105.0,105.0,0.0,-3.6826009536465723,4.836215941379056,-27.580030987327618,36.39952698146003,70.0,137.0,78.0,129.0
sm_pm2win,BTC|sell|25-40|30-90d,BTC,sell,25-40,30-90d,2049,3136.337195931783,0,109758.21412371132,239959672.14907622,31094876.10008902,31094876.10008902,1.0,True,4.574027508069083,35.297845783472056,73.0,78.0,5.0,-0.8331215080490507,9.698652678157453,-6.425985823698912,75.01028821505004,52.0,117.0,66.0,115.0
sm_pm2win,BTC|sell|25-40|7-30d,BTC,sell,25-40,7-30d,3341,4496.704664920501,2,188264.6984148691,327481499.81543595,42465709.95643985,42465709.95643985,1.0,True,5.748865157908844,44.333345329204626,67.0,74.0,7.0,4.034769152199295,7.511159320839043,31.100249619677236,57.942835960865246,58.0,76.0,68.0,83.0
sm_pm2win,BTC|sell|25-40|<=2d,BTC,sell,25-40,<=2d,2868,1190.5813599999917,0,24057.7245436196,96021861.97560944,13443230.00431764,13443230.00431764,1.0,True,2.505442411617733,17.89579181185834,84.0,90.0,6.0,1.0844967102185938,3.860233228599003,7.743638227611988,27.615517918090216,73.0,98.0,81.0,101.0
sm_pm2win,BTC|sell|25-40|>90d,BTC,sell,25-40,>90d,643,718.2221812537126,1,90792.88042316925,54352227.22545933,6974150.941340059,6974150.941340059,1.0,True,16.704537248593304,130.1848514418928,37.0,55.0,18.0,11.009426383700418,28.307647954822194,85.36389799103327,223.05906339442635,18.0,49.0,42.0,64.0
sm_pm2win,BTC|sell|40-60|2-7d,BTC,sell,40-60,2-7d,2597,2275.579050421831,0,90015.02786360598,180069613.45295286,26177720.87654629,26177720.87654629,1.0,True,4.998901599082089,34.38612104090933,71.0,81.0,10.0,-2.774248700486926,11.447367919741621,-18.933364908212162,79.22342101136793,47.0,131.0,64.0,123.0
sm_pm2win,BTC|sell|40-60|30-90d,BTC,sell,40-60,30-90d,2450,3288.076955102535,0,-65858.7197980325,264362453.60933858,36069447.66319178,36069447.66319178,1.0,True,-2.491228194430181,-18.25886562306307,130.0,122.0,-8.0,-6.0928393112236785,3.594289355107274,-45.02488828897367,26.207336996083708,75.0,146.0,83.0,135.0
sm_pm2win,BTC|sell|40-60|7-30d,BTC,sell,40-60,7-30d,3428,3909.735684520923,1,122345.33491724735,300635616.5041212,42129820.07533749,42129820.07533749,1.0,True,4.069555574948659,29.04008009017524,76.0,84.0,8.0,-0.26734490029685193,9.362220713015127,-1.9120162094539914,66.3910962028077,52.0,112.0,67.0,111.0
sm_pm2win,BTC|sell|40-60|<=2d,BTC,sell,40-60,<=2d,2794,1473.0003182919465,0,-23092.7583576986,117865276.31359254,17432791.289371636,17432791.289371636,1.0,True,-1.9592503475118463,-13.246735978407377,125.0,116.0,-9.0,-6.681586982617865,2.42980053756612,-45.14809688794182,16.442927364211712,85.0,148.0,91.0,135.0
sm_pm2win,BTC|sell|40-60|>90d,BTC,sell,40-60,>90d,948,361.98279205629035,0,19775.23829610231,27561710.80748821,3660474.7915892615,3660474.7915892615,1.0,True,7.174895068824827,54.023697531096865,57.0,70.0,13.0,-2.451432918726361,17.094516137907863,-18.31676931493649,129.21277368021327,35.0,129.0,55.0,123.0
sm_pm2win,BTC|sell|60-75|2-7d,BTC,sell,60-75,2-7d,727,991.7929644037631,0,-14963.297422129162,74575469.41817118,11163398.441143015,11163398.441143015,1.0,True,-2.0064637257895934,-13.40389085010306,126.0,117.0,-9.0,-11.378400683269406,4.650359684874686,-76.02470701480429,31.07207013039827,71.0,159.0,81.0,144.0
sm_pm2win,BTC|sell|60-75|30-90d,BTC,sell,60-75,30-90d,595,118.1542091023209,0,-2399.305374848173,9264842.83335131,1389052.4328019386,1389052.4328019386,1.0,True,-2.589688155541315,-17.272964779366852,131.0,121.0,-10.0,-15.252261498489325,10.378856650967808,-100.9460803530403,69.59347675479468,50.0,163.0,68.0,148.0
sm_pm2win,BTC|sell|60-75|7-30d,BTC,sell,60-75,7-30d,1011,1413.382646653485,0,-37433.00825326357,106478382.94172636,15943522.094101634,15943522.094101634,1.0,True,-3.515550031760903,-23.478506212320582,136.0,126.0,-10.0,-11.23364762731043,0.9479713110021312,-75.20684532446504,6.322087822175883,98.89999999999986,158.0,101.0,144.0
sm_pm2win,BTC|sell|60-75|<=2d,BTC,sell,60-75,<=2d,823,367.1864900000007,0,-9696.338117558362,29127108.583138335,4354947.705272635,4354947.705272635,1.0,True,-3.3289737942514366,-22.265108042098372,135.0,124.0,-11.0,-7.730231157203484,1.013644799056756,-51.72644193730384,6.782637574179808,98.0,151.0,101.0,138.0
sm_pm2win,BTC|sell|60-75|>90d,BTC,sell,60-75,>90d,222,55.72799903362769,0,-12880.633270926195,4360492.192116393,663356.6417851151,663356.6417851151,1.0,True,-29.539402212928852,-194.17357812629984,170.0,158.0,-12.0,-48.67854042636337,-15.858249963378645,-318.77278404493296,-104.55767208409429,163.0,176.0,148.0,169.0
sm_pm2win,BTC|sell|75-90|2-7d,BTC,sell,75-90,2-7d,387,271.3812600000003,0,-41577.01477073141,21696639.84761402,3270192.675450767,3270192.675450767,1.0,True,-19.162881931371338,-127.13934283704059,168.0,154.0,-14.0,-30.513185530637998,-7.940319053239521,-201.47774475928952,-52.84998356861387,152.0,172.0,138.0,161.0
sm_pm2win,BTC|sell|75-90|30-90d,BTC,sell,75-90,30-90d,225,76.90011879997597,0,-10311.038436518013,5835832.071201645,880081.7080785427,880081.7080785427,1.0,True,-17.668497500811203,-117.16001300640377,167.0,151.0,-16.0,-38.24267716004537,1.656473799279311,-250.92701027642363,11.130839354900676,92.89999999999986,174.0,97.0,165.0
sm_pm2win,BTC|sell|75-90|7-30d,BTC,sell,75-90,7-30d,554,439.75651335841866,0,-4879.48080028481,32670054.44108048,4916515.977248172,4916515.977248172,1.0,True,-1.493563718751928,-9.924671907637956,120.0,114.0,-6.0,-8.357106082519445,3.4643445248969695,-55.47505619222521,23.023773484051024,77.0,153.0,85.0,138.0
sm_pm2win,BTC|sell|75-90|<=2d,BTC,sell,75-90,<=2d,512,322.5790998232866,0,14677.072698759683,24721032.115435597,3713649.5209637024,3713649.5209637024,1.0,True,5.937079257138074,39.52196516097443,64.0,77.0,13.0,-12.22511495547739,13.542879845910889,-81.33985941163138,90.2474844535793,42.0,159.0,61.0,145.0
sm_pm2win,BTC|sell|75-90|>90d,BTC,sell,75-90,>90d,118,53.02491222930619,0,-24869.292382644733,3993911.550489693,623077.0404509325,623077.0404509325,1.0,False,-62.26800986515466,-399.1367161378048,,,,,,,,,,,
sm_pm2win,BTC|sell|90-100|2-7d,BTC,sell,90-100,2-7d,221,84.5426752032587,0,6526.2497483971365,6791619.979816204,1012611.725554633,1012611.725554633,1.0,True,9.609268138959905,64.44967585994074,50.0,66.0,16.0,-0.26817685684527065,21.3981404941316,-1.7933684444933748,143.91363497943613,28.0,112.0,52.0,111.0
sm_pm2win,BTC|sell|90-100|30-90d,BTC,sell,90-100,30-90d,68,25.61661114595518,0,-24230.500671545822,1643552.4200825044,254688.65046956195,254688.65046956195,1.0,False,-147.4276109205539,-951.3773239157993,,,,,,,,,,,
sm_pm2win,BTC|sell|90-100|7-30d,BTC,sell,90-100,7-30d,203,83.0738139497629,0,-21400.023990220583,6133938.141129799,936936.9422780921,936936.9422780921,1.0,True,-34.887903167342586,-228.4041009012626,172.0,163.0,-9.0,-79.35355631099958,11.661350856824761,-504.64165124025635,78.34207036257499,47.0,179.0,65.0,174.0
sm_pm2win,BTC|sell|90-100|<=2d,BTC,sell,90-100,<=2d,523,484.62115605916546,0,-27308.881829151407,37756148.17580494,5651373.299955105,5651373.299955105,1.0,True,-7.232962881169008,-48.32255874756734,150.0,135.0,-15.0,-26.369396010402276,7.066790336194962,-174.93722032327852,47.56155493633567,61.0,170.0,74.0,158.10000000000036
sm_pm2win,BTC|sell|90-100|>90d,BTC,sell,90-100,>90d,118,36.14760000000003,0,-30681.85677611186,2669079.9888873994,438185.41469280905,438185.41469280905,1.0,False,-114.95293098691107,-700.2026025357655,,,,,,,,,,,
sm_pm2win,ETH|buy|00-10|2-7d,ETH,buy,00-10,2-7d,3038,65094.48262454078,0,41745.66171496377,161706338.58158225,280933.02261784876,280933.02261784876,1.0,True,2.581572378741525,1485.9649223847246,83.0,12.0,-71.0,2.0281393176821982,3.1966658878660614,1130.8898593230817,1827.9656031307072,76.0,90.0,7.0,15.0
sm_pm2win,ETH|buy|00-10|30-90d,ETH,buy,00-10,30-90d,1745,42042.86513073237,0,86659.9884065096,95994265.96801236,554199.989808838,554199.989808838,1.0,True,9.027621340985807,1563.6952363785051,54.0,9.0,-45.0,6.006901327574202,11.406531089750173,966.568289332928,2095.363648874835,46.0,66.0,5.0,17.0
sm_pm2win,ETH|buy|00-10|7-30d,ETH,buy,00-10,7-30d,3057,48072.419289181,0,36598.031875193636,124298542.01076931,400263.8709243005,400263.8709243005,1.0,True,2.9443653387360538,914.3476224991389,78.0,17.0,-61.0,0.6337652637364423,4.867527691802669,191.17474941076156,1606.6118429809028,69.0,103.0,9.0,46.0
sm_pm2win,ETH|buy|00-10|<=2d,ETH,buy,00-10,<=2d,3128,36466.054138022555,0,-7369.804760598173,88263053.0314996,64875.29405597674,64875.29405597674,1.0,True,-0.8349818533886442,-1135.9955847351134,113.0,180.0,67.0,-1.6317717549961737,-0.022216851361799572,-2049.187781330459,-32.638759112513156,107.0,125.0,131.0,181.0
sm_pm2win,ETH|buy|00-10|>90d,ETH,buy,00-10,>90d,1292,102496.25722457729,0,505561.73082172073,252799927.381651,1015744.8969898244,1015744.8969898244,1.0,True,19.99849193225741,4977.251003868793,30.0,2.0,-28.0,17.27137915822607,22.7687667688523,3660.7864396309765,6469.266855075008,23.0,37.0,1.0,3.0
sm_pm2win,ETH|buy|10-25|2-7d,ETH,buy,10-25,2-7d,5721,116094.34337838397,0,35414.95093852402,294953011.2399991,1259976.5940597896,1259976.5940597896,1.0,True,1.2006980633843192,281.076260507451,92.0,37.0,-55.0,0.2914519397500863,2.710748928549306,77.86445067941038,545.5253253112152,80.0,107.0,25.0,65.0
sm_pm2win,ETH|buy|10-25|30-90d,ETH,buy,10-25,30-90d,4120,66739.59899754533,0,169880.03738351635,152412662.187345,2993699.001262159,2993699.001262159,1.0,True,11.146058007614915,567.4586433435494,46.0,24.0,-22.0,7.857489869517585,15.5461860187676,394.06196107124197,799.2834017937893,38.0,59.0,19.0,32.0
sm_pm2win,ETH|buy|10-25|7-30d,ETH,buy,10-25,7-30d,6280,73728.44586878059,0,172034.5865606846,179985231.6470422,1841166.396563714,1841166.396563714,1.0,True,9.558261252126002,934.378266308595,51.0,16.0,-35.0,3.2781905483640728,18.522885308106655,312.3747597892526,1811.5922398009725,33.0,79.0,8.0,37.0
sm_pm2win,ETH|buy|10-25|<=2d,ETH,buy,10-25,<=2d,4897,38138.296562677824,0,-7244.745870221661,94059233.05256988,263494.46453314304,263494.46453314304,1.0,True,-0.7702322924717618,-274.9486932508367,112.0,169.0,57.0,-2.360694466048668,0.9515797955645906,-814.3176362979352,350.9980321605545,98.0,131.0,35.0,177.0
sm_pm2win,ETH|buy|10-25|>90d,ETH,buy,10-25,>90d,1373,26440.17674022586,0,110232.42631777491,60353000.416180015,2012227.162304996,2012227.162304996,1.0,True,18.264614113240135,547.8130321603662,33.0,25.0,-8.0,14.851275495952867,21.061738802693295,412.2101434221517,668.4995995312036,26.0,41.0,21.0,31.0
sm_pm2win,ETH|buy|25-40|2-7d,ETH,buy,25-40,2-7d,4222,40068.4791234486,0,2747.472758361602,107235592.2795228,1316621.3684241006,1316621.3684241006,1.0,True,0.25620903470183437,20.867599632308306,104.0,88.0,-16.0,-1.3454806422136296,1.9329688653376391,-110.8443883839048,157.15521592466095,88.0,122.0,51.0,149.0
sm_pm2win,ETH|buy|25-40|30-90d,ETH,buy,25-40,30-90d,3796,37094.3372475582,0,56558.331727399236,96058926.92395957,4516322.181953131,4516322.181953131,1.0,True,5.8878787780099735,125.23094998271358,65.0,56.0,-9.0,2.4919058212296923,9.60981319040819,53.06353554447703,204.895018645543,52.0,83.0,45.0,72.0
sm_pm2win,ETH|buy|25-40|7-30d,ETH,buy,25-40,7-30d,6316,44696.17146384616,0,13089.524382229387,118866335.99377482,2914386.299095142,2914386.299095142,1.0,True,1.1011969261772232,44.913484483142874,94.0,73.0,-21.0,-1.390141954468136,3.5801237109855895,-57.441956350382554,144.14627718213393,75.0,122.0,53.0,138.0
sm_pm2win,ETH|buy|25-40|<=2d,ETH,buy,25-40,<=2d,3933,24255.50935331657,0,-19254.8704856842,67031965.227903135,439299.77168605675,439299.77168605675,1.0,True,-2.872490821389353,-438.30822883842956,132.0,174.0,42.0,-7.379703763190893,2.20117463861348,-1118.6180628788256,333.0403760925461,86.0,152.0,37.0,179.0
sm_pm2win,ETH|buy|25-40|>90d,ETH,buy,25-40,>90d,1466,26850.324672206105,0,211996.9405869498,66021769.17488339,5203119.066551763,5203119.066551763,1.0,True,32.11015748841817,407.4420321260214,10.0,29.0,19.0,24.233981674979773,39.61717605772463,314.00655786028767,493.380194628425,9.0,24.0,26.0,37.0
sm_pm2win,ETH|buy|40-60|2-7d,ETH,buy,40-60,2-7d,5252,63505.747699999636,0,-78080.94313440874,180976805.43026215,4231286.195013206,4231286.195013206,1.0,True,-4.314417140294619,-184.53240819879127,141.0,157.0,16.0,-6.078457313364107,-2.777693960251883,-266.24821404076164,-117.69902499194515,129.0,148.0,150.0,167.0
sm_pm2win,ETH|buy|40-60|30-90d,ETH,buy,40-60,30-90d,3840,25033.348544787703,0,38984.96938962649,67446815.32127503,6113594.205186601,6113594.205186601,1.0,True,5.7801052879852275,63.76767590585705,66.0,68.0,2.0,2.4122164739937424,9.433615944597625,26.70469574145216,103.35329471461444,52.0,84.0,59.0,84.0
sm_pm2win,ETH|buy|40-60|7-30d,ETH,buy,40-60,7-30d,6636,33696.450683325944,0,-33987.71270237317,86480545.90282813,4149329.146605759,4149329.146605759,1.0,True,-3.930099231862236,-81.91134398237809,140.0,144.0,4.0,-8.211896563146132,-0.3463955424800257,-168.18744938122623,-7.26876472657747,111.0,153.0,114.0,158.0
sm_pm2win,ETH|buy|40-60|<=2d,ETH,buy,40-60,<=2d,4381,20821.978299999944,0,-4024.025569723298,58341894.16995415,646300.3148094313,646300.3148094313,1.0,True,-0.689731731712553,-62.262472685160695,111.0,138.0,27.0,-4.440956241188356,3.39689225458996,-398.9051559774172,305.9932273686283,77.0,140.0,37.0,171.0
sm_pm2win,ETH|buy|40-60|>90d,ETH,buy,40-60,>90d,1569,15542.433658690758,0,247103.2835663599,41735251.166987635,7693599.3953782115,7693599.3953782115,1.0,True,59.207331130624006,321.18033558493136,3.0,35.0,32.0,48.18836293286712,69.76932271364488,266.22757373319604,384.384133542398,3.0,8.0,30.0,42.0
sm_pm2win,ETH|buy|60-75|2-7d,ETH,buy,60-75,2-7d,1539,16178.1310803239,0,-14521.296182247926,45686278.5317392,1509924.2077237258,1509924.2077237258,1.0,True,-3.1784808587899502,-96.17235161849212,133.0,145.0,12.0,-9.003186343131809,2.7849350010254534,-274.82343102184615,81.56708086083717,82.0,155.0,66.0,166.0
sm_pm2win,ETH|buy|60-75|30-90d,ETH,buy,60-75,30-90d,1101,13260.588559267413,0,101895.92498082739,31856046.792375322,4814979.414325185,4814979.414325185,1.0,True,31.986368442055394,211.62276349027343,11.0,42.0,31.0,18.892314001532647,48.21060966421241,128.324302424336,303.66348042434277,7.0,32.0,37.0,55.100000000000364
sm_pm2win,ETH|buy|60-75|7-30d,ETH,buy,60-75,7-30d,2441,13953.437307403738,0,-6305.245890866424,33823436.00919921,2482845.5365861896,2482845.5365861896,1.0,True,-1.8641648025208142,-25.395240251376563,123.0,127.0,4.0,-11.167320884931744,7.815933497602116,-160.21242303361512,102.03575377351424,58.0,158.0,59.0,157.0
sm_pm2win,ETH|buy|60-75|<=2d,ETH,buy,60-75,<=2d,1462,8201.225935787113,0,14649.11257791993,21188451.092517655,359320.5041829396,359320.5041829396,1.0,True,6.9137250825724665,407.68930265281153,58.0,28.0,-30.0,-3.872141252945086,19.18968619057422,-236.68149256630235,1103.538660596207,32.0,138.0,15.0,163.0
sm_pm2win,ETH|buy|60-75|>90d,ETH,buy,60-75,>90d,750,10414.979219657205,0,265730.26531250065,26644425.750061244,7621612.833766608,7621612.833766608,1.0,True,99.73202943279416,348.65358698780364,2.0,32.0,30.0,79.57598415818673,122.44526487666653,291.99047827762416,417.1857659441513,2.0,3.0,29.0,40.0
sm_pm2win,ETH|buy|75-90|2-7d,ETH,buy,75-90,2-7d,899,5479.166983177723,0,20800.15662188219,13823269.072298944,908844.2326494926,908844.2326494926,1.0,True,15.047205196609056,228.86382368565944,39.0,41.0,2.0,8.827848111976548,21.26324759243408,135.22584873724307,324.2307644097824,27.0,55.0,35.0,55.0
sm_pm2win,ETH|buy|75-90|30-90d,ETH,buy,75-90,30-90d,540,9840.630718183495,0,79560.76206748885,25052029.487118468,4510637.245666498,4510637.245666498,1.0,True,31.75821029126534,176.38474950280076,13.0,46.0,33.0,22.630248945477792,45.789229723579005,130.98059046156163,220.2007231681032,7.0,26.0,41.0,56.0
sm_pm2win,ETH|buy|75-90|7-30d,ETH,buy,75-90,7-30d,1099,11646.41575326142,0,65632.31033142252,27386446.178037934,3819148.232691147,3819148.232691147,1.0,True,23.965252703746266,171.8506492354055,22.0,48.0,26.0,8.533848394630413,40.53974086451048,67.0063112259487,259.2280854961633,9.0,56.0,40.0,68.0
sm_pm2win,ETH|buy|75-90|<=2d,ETH,buy,75-90,<=2d,1061,5413.8154590799195,0,27689.443510860794,12888955.206285147,348485.8462228296,348485.8462228296,1.0,True,21.483078393629892,794.564364980136,26.0,20.0,-6.0,6.823832679479853,33.95958982089461,239.41383337919268,1368.9326638293812,13.0,61.0,12.0,41.0
sm_pm2win,ETH|buy|75-90|>90d,ETH,buy,75-90,>90d,333,1902.036182683302,0,75529.4940138134,4988573.802389307,2246588.1823558537,2246588.1823558537,1.0,True,151.40498468247196,336.1964360313266,1.0,33.0,32.0,123.11726445409326,184.7540641261137,295.47488482767847,393.0767596033656,1.0,2.0,29.0,40.0
sm_pm2win,ETH|buy|90-100|2-7d,ETH,buy,90-100,2-7d,473,3480.289862472201,0,-12667.38022617257,8322117.940985399,1144295.0714876817,1144295.0714876817,1.0,True,-15.2213418699431,-110.70029524556014,163.0,148.0,-15.0,-42.128947540095545,9.46377782958316,-295.15069502995897,72.10012007993318,54.0,174.0,67.0,167.0
sm_pm2win,ETH|buy|90-100|30-90d,ETH,buy,90-100,30-90d,246,1738.7046452401582,0,27098.13358338228,5255813.031246547,3514252.0966046606,3514252.0966046606,1.0,True,51.55840480298684,77.10924782420557,4.0,61.0,57.0,29.458836336417573,85.60148851672517,40.568848149558455,170.2251282699015,3.0,17.0,49.0,78.0
sm_pm2win,ETH|buy|90-100|7-30d,ETH,buy,90-100,7-30d,390,5103.651350228187,0,31400.171467237382,12332363.874443773,2723102.9838800672,2723102.9838800672,1.0,True,25.461599890275394,115.31026058550393,20.0,57.0,37.0,6.220984155434323,46.86881553437343,25.98913426405592,220.63126840905517,7.0,64.0,43.0,84.0
sm_pm2win,ETH|buy|90-100|<=2d,ETH,buy,90-100,<=2d,1022,8058.899286115168,0,-47459.34305895321,19863799.35841931,1237866.505793678,1237866.505793678,1.0,True,-23.892379399632564,-383.3962938396486,169.0,170.0,1.0,-37.79087873231899,5.798182013210796,-649.868840832729,82.50698341733671,67.0,174.0,65.0,176.0
sm_pm2win,ETH|buy|90-100|>90d,ETH,buy,90-100,>90d,95,1045.379234129902,0,32014.880350650084,2416691.756695751,1292187.911205779,1292187.911205779,1.0,False,132.47399161249587,247.75715724484718,,,,,,,,,,,
sm_pm2win,ETH|sell|00-10|2-7d,ETH,sell,00-10,2-7d,4955,116801.23514681435,0,29536.163264975745,298842718.7646538,38821751.29460594,38821751.29460594,1.0,True,0.9883514440998049,7.6081480819438525,97.0,99.0,2.0,0.31699454544459177,1.5001712821959907,2.4391976539332783,11.55068810231665,90.0,108.0,92.0,109.0
sm_pm2win,ETH|sell|00-10|30-90d,ETH,sell,00-10,30-90d,2973,53970.7263741304,0,-14.615092505696119,125437863.32788897,16307898.76460359,16307898.76460359,1.0,True,-0.0011651260726191518,-0.008961971567678775,107.0,107.0,0.0,-1.3723890512999657,1.2283060866552522,-10.547820141931771,9.455383172254379,94.0,122.0,96.0,119.0
sm_pm2win,ETH|sell|00-10|7-30d,ETH,sell,00-10,7-30d,4306,70174.98542272062,0,17911.26567002202,173359713.66871172,22520116.636370692,22520116.636370692,1.0,True,1.0331850053842515,7.953451555883493,95.0,97.0,2.0,0.13949383834084594,2.0693613699359243,1.0732066833129452,15.938932293565959,86.0,110.0,90.0,110.0
sm_pm2win,ETH|sell|00-10|<=2d,ETH,sell,00-10,<=2d,9698,122416.78596230787,0,64666.67012861957,327455248.9452137,42552965.76115311,42552965.76115311,1.0,True,1.9748246619017826,15.1967480930916,88.0,93.0,5.0,1.7293716126060985,2.211366363840397,13.305705776371592,17.022724730359318,82.0,94.0,85.0,98.0
sm_pm2win,ETH|sell|00-10|>90d,ETH,sell,00-10,>90d,1259,87909.56937801171,0,-110983.98560047937,212628915.66856965,27774280.465891413,27774280.465891413,1.0,True,-5.219609254532109,-39.95926581672378,143.0,133.0,-10.0,-8.450670048789462,-1.7312364703462937,-64.55405557483155,-13.281544007084461,123.0,155.0,118.0,143.0
sm_pm2win,ETH|sell|10-25|2-7d,ETH,sell,10-25,2-7d,5732,63660.02718268499,0,-3008.073502930127,162099915.07622895,21045258.664638814,21045258.664638814,1.0,True,-0.18556909801683444,-1.429335486374623,108.0,108.0,0.0,-1.6047051211373815,1.1355825839327045,-12.34791821854323,8.75034220346419,96.0,124.0,97.0,120.0
sm_pm2win,ETH|sell|10-25|30-90d,ETH,sell,10-25,30-90d,4615,54288.409561230364,0,7620.21943054683,127399032.65715903,16542153.242025696,16542153.242025696,1.0,True,0.5981379349287094,4.606546269434562,101.0,102.0,1.0,-1.1176681441530316,2.695932591039106,-8.598674972827105,20.796052885700142,82.0,120.0,86.0,118.0
sm_pm2win,ETH|sell|10-25|7-30d,ETH,sell,10-25,7-30d,6458,56041.005098997965,0,4013.410619832418,141383699.7665938,18359778.29729176,18359778.29729176,1.0,True,0.2838665720629775,2.1859798930275938,103.0,104.0,1.0,-1.1295357706904432,1.4874275538931463,-8.695987527390008,11.462034606233487,92.0,120.0,94.0,118.0
sm_pm2win,ETH|sell|10-25|<=2d,ETH,sell,10-25,<=2d,8045,55493.599782125704,0,-27105.72798424822,144205240.51639396,18894285.31864543,18894285.31864543,1.0,True,-1.8796631722386474,-14.34599273119873,124.0,118.0,-6.0,-8.309665616807216,2.2205231047060994,-63.39592574467573,16.931387108380765,85.0,151.0,89.0,140.0
sm_pm2win,ETH|sell|10-25|>90d,ETH,sell,10-25,>90d,1692,55488.25843371025,0,132932.753598892,138284517.90351763,17843423.07294012,17843423.07294012,1.0,True,9.612988902462705,74.49958063287028,49.0,62.0,13.0,-1.8963612626251323,14.768060081942457,-14.572713148788141,114.90579270390154,39.0,126.0,56.0,121.0
sm_pm2win,ETH|sell|25-40|2-7d,ETH,sell,25-40,2-7d,4643,64114.624462662694,0,157048.26509700686,174752428.14976662,22922938.973447688,22922938.973447688,1.0,True,8.986900311474534,68.51140042684774,55.0,64.0,9.0,-0.6315737844159982,15.76400258599161,-4.776427984812493,121.03393794669033,38.0,115.0,55.0,113.0
sm_pm2win,ETH|sell|25-40|30-90d,ETH,sell,25-40,30-90d,4389,45504.03556657938,0,-53006.94608548793,106197634.01759343,13742871.692881092,13742871.692881092,1.0,True,-4.991349061195321,-38.57050205376356,142.0,132.0,-10.0,-18.230127719756215,5.402380575746737,-140.84684994625073,41.7515021385148,67.0,166.0,76.0,154.0
sm_pm2win,ETH|sell|25-40|7-30d,ETH,sell,25-40,7-30d,5791,49786.492339907665,0,-3662.0399833367205,124780998.63317566,16155401.121758334,16155401.121758334,1.0,True,-0.2934773742356547,-2.266758934511772,109.0,110.0,1.0,-2.7538195965674714,2.43071099386958,-21.25664649302349,18.79553474939099,84.0,132.0,88.0,125.0
sm_pm2win,ETH|sell|25-40|<=2d,ETH,sell,25-40,<=2d,6415,32744.8752651837,0,-57892.04545364032,86322337.3978642,11860503.26652276,11860503.26652276,1.0,True,-6.706496510493319,-48.810783280204774,149.0,136.0,-13.0,-13.399550545700341,-0.2664891154114878,-97.35934186955485,-1.9460870110568715,112.0,161.0,111.0,149.0
sm_pm2win,ETH|sell|25-40|>90d,ETH,sell,25-40,>90d,1507,18607.14768940686,0,18165.50276098497,45517943.13919433,5896970.457789073,5896970.457789073,1.0,True,3.990844380958665,30.804805435290735,77.0,82.0,5.0,-7.640304012800939,24.221752463538476,-58.51182406108179,189.8425702807936,24.0,150.0,47.0,139.0
sm_pm2win,ETH|sell|40-60|2-7d,ETH,sell,40-60,2-7d,6033,56566.165699999656,1,-27161.267034740922,163399500.16431835,23582881.617011312,23582881.617011312,1.0,True,-1.6622613292835609,-11.517365636584621,121.0,115.0,-6.0,-4.264250405655011,0.6681320560796802,-29.52820130563283,4.637831870923282,101.0,140.0,103.0,130.10000000000036
sm_pm2win,ETH|sell|40-60|30-90d,ETH,sell,40-60,30-90d,5287,34248.08263752955,0,16208.268512072847,88825623.78958902,12163568.235047862,12163568.235047862,1.0,True,1.8247289262462312,13.325258015465122,89.0,94.0,5.0,-1.322592196894547,5.481086198547246,-9.719022991209762,39.98807064649525,67.0,120.0,77.0,117.0
sm_pm2win,ETH|sell|40-60|7-30d,ETH,sell,40-60,7-30d,6849,34317.020053039465,0,-133399.33024724544,88973976.97795025,12512550.48179312,12512550.48179312,1.0,True,-14.99307266891136,-106.6124212176833,162.0,146.0,-16.0,-44.56551900314404,4.647009416325049,-315.17394752730394,33.087929311879876,70.0,175.0,79.0,168.0
sm_pm2win,ETH|sell|40-60|<=2d,ETH,sell,40-60,<=2d,6678,28659.097525094636,0,-17781.743008396363,74675108.248224,10961834.574935952,10961834.574935952,1.0,True,-2.3812142259357576,-16.221502784811236,129.0,120.0,-9.0,-5.1850540149576405,0.43953670807796635,-35.346826218523596,2.987484407925086,105.0,143.0,105.0,132.0
sm_pm2win,ETH|sell|40-60|>90d,ETH,sell,40-60,>90d,2296,19862.186400749655,0,-46323.112716152595,51693041.81900491,6968296.929494025,6968296.929494025,1.0,True,-8.961189182549118,-66.47695008530034,155.0,140.0,-15.0,-23.90798222784947,8.402583859050303,-176.3967348943317,62.22461524503297,57.0,170.0,70.0,159.0
sm_pm2win,ETH|sell|60-75|2-7d,ETH,sell,60-75,2-7d,1639,8265.549900000005,0,-15259.750135092088,23237325.361946616,3472480.3788566818,3472480.3788566818,1.0,True,-6.566913316143267,-43.94481313128796,148.0,134.0,-14.0,-13.696129479935543,0.03538493310835327,-91.63620560812029,0.23795646341075113,109.0,162.0,109.0,147.0
sm_pm2win,ETH|sell|60-75|30-90d,ETH,sell,60-75,30-90d,1080,6021.012004476628,0,8886.813398292777,14947044.623725224,2232106.8978198357,2232106.8978198357,1.0,True,5.945532124917102,39.8135654120006,63.0,75.0,12.0,-0.09437724278520193,12.016902148699646,-0.6305822707640035,80.55244417472937,45.0,109.10000000000036,63.0,109.0
sm_pm2win,ETH|sell|60-75|7-30d,ETH,sell,60-75,7-30d,1794,12111.82634221975,0,-47931.07942161157,29331556.39922435,4393038.447107884,4393038.447107884,1.0,True,-16.34113061347098,-109.10689719359625,164.0,147.0,-17.0,-29.3034458461329,-4.417626372258182,-195.6591122678071,-29.496307665238785,140.0,172.0,128.0,161.0
sm_pm2win,ETH|sell|60-75|<=2d,ETH,sell,60-75,<=2d,1771,7940.423000760263,0,85.52624675321815,19961076.499034915,2990592.92935723,2990592.92935723,1.0,True,0.04284651018563713,0.2859842471827162,106.0,106.0,0.0,-10.52496630997621,9.96632261292614,-70.16108412699478,66.63925254781378,52.0,157.0,68.0,142.0
sm_pm2win,ETH|sell|60-75|>90d,ETH,sell,60-75,>90d,1083,7267.236724452421,0,-60203.39735323743,17623755.294760212,2663730.635407335,2663730.635407335,1.0,True,-34.160368404080565,-226.01158147520866,171.0,162.0,-9.0,-55.30109912046906,-8.032552490441956,-358.1356109054072,-54.625007289437704,152.0,177.0,137.0,171.0
sm_pm2win,ETH|sell|75-90|2-7d,ETH,sell,75-90,2-7d,856,3907.230460304174,0,-11958.955140230259,10162867.218966423,1520856.962225772,1520856.962225772,1.0,True,-11.767304327180318,-78.63300387387086,158.0,143.0,-15.0,-20.372160718828205,-3.6663379983986264,-135.55408323850526,-24.540611589004303,135.0,168.0,125.0,154.0
sm_pm2win,ETH|sell|75-90|30-90d,ETH,sell,75-90,30-90d,518,5578.073267661812,0,16545.83912375433,14776651.495642813,2223940.7195802927,2223940.7195802927,1.0,True,11.197285886205814,74.39874173838994,45.0,63.0,18.0,-0.29504386866105275,22.570880996905654,-1.9582303345945333,150.39900614713832,26.0,112.0,51.0,111.0
sm_pm2win,ETH|sell|75-90|7-30d,ETH,sell,75-90,7-30d,951,5588.4251007257735,0,-54074.65850441956,14182737.66344718,2125971.2397259553,2125971.2397259553,1.0,True,-38.12709491467564,-254.35272826828066,174.0,167.0,-7.0,-86.91022692764383,17.06165351941,-576.814745531019,114.51465207136927,35.0,179.0,57.0,176.0
sm_pm2win,ETH|sell|75-90|<=2d,ETH,sell,75-90,<=2d,1210,7473.00117981294,0,11207.01487005121,18748948.747183453,2821515.936894533,2821515.936894533,1.0,True,5.977409731697505,39.71983543848444,62.0,76.0,14.0,-18.075852781095318,20.352129663412725,-119.36244484910868,135.5777292834364,28.0,166.0,53.0,152.0
sm_pm2win,ETH|sell|75-90|>90d,ETH,sell,75-90,>90d,465,2999.0822662669934,0,-127157.43279494318,8280600.204539678,1366168.281328554,1366168.281328554,1.0,True,-153.5606473613248,-930.7596621353756,180.0,178.0,-2.0,-200.03057755542264,-104.19771921196912,-1165.1285652499282,-650.5353077542272,179.0,181.0,175.0,180.0
sm_pm2win,ETH|sell|90-100|2-7d,ETH,sell,90-100,2-7d,458,2234.429108509112,0,-3221.3299977906836,6096168.092591504,910463.243836097,910463.243836097,1.0,True,-5.284188278380106,-35.38121961099829,144.0,130.0,-14.0,-23.493247760102733,16.5107683857183,-156.38202317430995,111.5121249612743,37.0,168.0,59.0,156.0
sm_pm2win,ETH|sell|90-100|30-90d,ETH,sell,90-100,30-90d,273,3038.168298974756,0,-39551.40184825859,9133693.341090983,1558149.8901331841,1558149.8901331841,1.0,True,-43.30274771797225,-253.83566817745566,176.0,166.0,-10.0,-74.15368929302807,-13.19855682340303,-426.13451548419414,-80.04359351627551,161.0,178.0,145.0,172.0
sm_pm2win,ETH|sell|90-100|7-30d,ETH,sell,90-100,7-30d,489,3663.1616539755287,0,6340.71311939082,9202210.997486243,1378521.522990688,1378521.522990688,1.0,True,6.890423530956751,45.99647530808739,59.0,72.0,13.0,-12.230593727371717,21.98251150851704,-81.21145964441627,147.44943655484732,27.0,159.0,52.0,144.0
sm_pm2win,ETH|sell|90-100|<=2d,ETH,sell,90-100,<=2d,1109,9176.693279676294,0,-11866.794955690217,21110222.628893092,3137138.4080797844,3137138.4080797844,1.0,True,-5.621349980197935,-37.82681352256237,145.0,131.0,-14.0,-13.04183194458795,4.528044447652408,-87.7303800870301,30.284136730164274,73.0,161.0,83.0,147.0
sm_pm2win,ETH|sell|90-100|>90d,ETH,sell,90-100,>90d,227,1825.1336398571682,0,-87077.76390284179,5149814.976383944,858464.7345396081,858464.7345396081,1.0,True,-169.0891115548104,-1014.342935700688,181.0,179.0,-2.0,-205.99749880360665,-127.66790070892569,-1216.415992111734,-782.1519834719346,180.0,181.0,177.0,180.0
sm_pm2win,HYPE|buy|00-10|2-7d,HYPE,buy,00-10,2-7d,216,240778.839,0,32216.628831161343,16949389.909338817,37908.66232959163,37908.66232959163,1.0,True,19.00754481635386,8498.48737764955,32.0,1.0,-31.0,5.049211303286394,27.254381912676173,2189.104753440948,12378.38260438898,20.0,69.0,1.0,5.0
sm_pm2win,HYPE|buy|00-10|30-90d,HYPE,buy,00-10,30-90d,186,926521.12,0,178413.99405237412,46836625.391097955,337121.064911111,337121.064911111,1.0,False,38.092837082640145,5292.282583985569,,,,,,,,,,,
sm_pm2win,HYPE|buy|00-10|7-30d,HYPE,buy,00-10,7-30d,485,238303.1686,0,12419.560068041335,13550367.099809268,51431.22506901119,51431.22506901119,1.0,True,9.16547867416533,2414.789857985413,53.0,5.0,-48.0,5.540038069010335,12.610128446086547,1090.039976161943,4162.9892712154815,43.0,68.0,3.0,15.0
sm_pm2win,HYPE|buy|00-10|<=2d,HYPE,buy,00-10,<=2d,181,41723.0,0,-892.0788524002757,2240544.8994181277,3392.896647563502,3392.896647563502,1.0,False,-3.981526335990632,-2629.254424949528,,,,,,,,,,,
sm_pm2win,HYPE|buy|00-10|>90d,HYPE,buy,00-10,>90d,196,67615.44,0,31148.179656834505,5592061.689083756,41533.65890262474,41533.65890262474,1.0,False,55.70070823367124,7499.502928422731,,,,,,,,,,,
sm_pm2win,HYPE|buy|10-25|2-7d,HYPE,buy,10-25,2-7d,1329,840716.6448156161,0,114866.59957255353,48018849.47311279,461828.22159214393,461828.22159214393,1.0,True,23.921147806107022,2487.214817157625,23.0,4.0,-19.0,18.575458586295095,29.24699211531,1930.43382086793,3101.7725156081237,17.0,33.0,3.0,7.0
sm_pm2win,HYPE|buy|10-25|30-90d,HYPE,buy,10-25,30-90d,1554,1331089.4059496867,0,154401.76373642494,72712401.00495721,2000126.1823250798,2000126.1823250798,1.0,True,21.234584692905205,771.9601148210462,27.0,22.0,-5.0,12.087111794606574,31.239268500449302,433.3704761745188,1136.3012044687068,16.0,46.0,14.0,29.0
sm_pm2win,HYPE|buy|10-25|7-30d,HYPE,buy,10-25,7-30d,3225,1765183.4789893222,0,231581.24207121198,97121301.96090691,1527572.902797416,1527572.902797416,1.0,True,23.844536409162597,1516.0077901822,24.0,11.0,-13.0,17.56071047636665,30.3656953942749,1044.6935941954202,2060.173462190688,16.0,35.0,6.0,16.0
sm_pm2win,HYPE|buy|10-25|<=2d,HYPE,buy,10-25,<=2d,610,666964.7343000001,0,-13857.277246816118,43238338.69596843,229363.1421976622,229363.1421976622,1.0,True,-3.204858850904043,-604.1632109693586,134.0,177.0,43.0,-10.744615407032084,5.522140230527417,-1907.1368400880328,1077.9468641994808,68.0,158.0,15.0,180.0
sm_pm2win,HYPE|buy|10-25|>90d,HYPE,buy,10-25,>90d,761,814098.5860000001,0,220869.3166618409,50312146.30953407,2575015.510667281,2575015.510667281,1.0,True,43.899800120430655,857.7397524281533,6.0,19.0,13.0,18.510903502772646,65.95381449275493,347.6365647808549,1338.0285948638268,4.0,32.0,12.899999999999864,33.0
sm_pm2win,HYPE|buy|25-40|2-7d,HYPE,buy,25-40,2-7d,1522,1099165.3947580706,0,172594.7406684047,60125902.284704655,1050193.5271328965,1050193.5271328965,1.0,True,28.705555195021304,1643.456526908909,14.0,7.0,-7.0,21.884524416420895,36.5902671525754,1236.0960939191787,2135.4800738753747,11.0,27.0,5.0,14.0
sm_pm2win,HYPE|buy|25-40|30-90d,HYPE,buy,25-40,30-90d,1320,2221096.55,0,334407.1303539116,121168536.36473154,7771700.495939367,7771700.495939367,1.0,True,27.598511988896757,430.2882368262079,18.0,27.0,9.0,3.74256760784495,42.392244405533376,55.00448117021885,697.2831020371153,8.0,77.0,21.0,73.0
sm_pm2win,HYPE|buy|25-40|7-30d,HYPE,buy,25-40,7-30d,3682,3136372.274009669,0,455576.11329303245,159449466.58195916,5250036.146945471,5250036.146945471,1.0,True,28.571817959570296,867.7580506909303,15.0,18.0,3.0,14.229553022265291,42.45127003195065,417.55131036271473,1342.8213221767742,9.0,41.0,12.0,30.0
sm_pm2win,HYPE|buy|25-40|<=2d,HYPE,buy,25-40,<=2d,661,297105.3499,0,19211.728908989637,16224856.012202786,150998.9517194363,150998.9517194363,1.0,True,11.840924131801485,1272.3087604400064,43.0,13.0,-30.0,3.921544099575518,21.598419654637723,392.86015715110113,2508.9774261016187,27.0,75.0,4.0,31.0
sm_pm2win,HYPE|buy|25-40|>90d,HYPE,buy,25-40,>90d,641,707245.6252954319,0,108762.81500376835,38325208.09569437,4125410.7218716415,4125410.7218716415,1.0,True,28.378923535704757,263.6411798397231,16.0,40.0,24.0,-4.377614732924744,72.33467375304166,-39.84404874379043,712.5853843278594,4.0,139.10000000000036,22.0,133.0
sm_pm2win,HYPE|buy|40-60|2-7d,HYPE,buy,40-60,2-7d,1594,747157.1891,0,120164.11541879136,37806932.730523944,1185924.029296772,1185924.029296772,1.0,True,31.783619230706655,1013.253062171665,12.0,14.0,2.0,22.87724254748274,40.910516803441276,721.2735076526803,1319.1344081464865,9.0,25.0,12.0,21.0
sm_pm2win,HYPE|buy|40-60|30-90d,HYPE,buy,40-60,30-90d,1229,712772.4800000001,0,74022.74044954445,35727953.87697373,4028338.915059856,4028338.915059856,1.0,True,20.718438202320698,183.7549968122396,29.0,45.0,16.0,0.3114608215075988,37.58715702286475,2.7006245483719655,336.62421943897203,11.0,106.0,34.0,106.0
sm_pm2win,HYPE|buy|40-60|7-30d,HYPE,buy,40-60,7-30d,2850,2387897.8559115394,0,257339.51685336806,130525092.8082182,7902916.924611891,7902916.924611891,1.0,True,19.715712229485217,325.62599266600023,31.0,34.0,3.0,7.811894257557664,33.11325997226122,121.8791818021064,583.0841432691948,14.0,58.0,24.0,56.0
sm_pm2win,HYPE|buy|40-60|<=2d,HYPE,buy,40-60,<=2d,631,312308.5,0,4330.9886041414165,16373270.56645216,261475.6910236819,261475.6910236819,1.0,True,2.6451579032813086,165.63637664310286,82.0,50.0,-32.0,-4.1589336982892595,14.492534747097595,-261.7210327971127,877.4879224549326,41.0,139.0,19.0,165.0
sm_pm2win,HYPE|buy|40-60|>90d,HYPE,buy,40-60,>90d,473,404024.9517235621,0,62826.74999553084,22352507.79022486,3013211.586343346,3013211.586343346,1.0,True,28.107248898043583,208.5042759037497,17.0,44.0,27.0,-3.0956809760608994,52.10606575593227,-21.47642823645973,406.45341991813706,6.0,132.0,30.0,124.0
sm_pm2win,HYPE|buy|60-75|2-7d,HYPE,buy,60-75,2-7d,598,340441.6061173347,0,-2372.2444233653564,19890644.380103793,1078796.9858700838,1078796.9858700838,1.0,True,-1.1926433241842402,-21.989720535343046,116.0,123.0,7.0,-20.349833208566093,58.47992378606983,-413.55518971040595,884.5536284389004,6.0,168.0,18.0,172.0
sm_pm2win,HYPE|buy|60-75|30-90d,HYPE,buy,60-75,30-90d,288,323640.50000000006,0,-17384.63664816757,16086607.924065053,2561045.3779902244,2561045.3779902244,1.0,True,-10.806900205580758,-67.8810176405782,157.0,141.0,-16.0,-47.094773404719874,26.216397108931478,-285.43871933048655,160.88356392114673,22.0,175.0,51.0,167.0
sm_pm2win,HYPE|buy|60-75|7-30d,HYPE,buy,60-75,7-30d,1034,777642.4474711823,0,96971.34920737275,37148326.960239545,3576490.417881358,3576490.417881358,1.0,True,26.10382677829953,271.13549283550617,19.0,39.0,20.0,9.895382683837273,44.0086897608001,104.80749234160363,451.6104790951439,8.0,51.0,28.0,59.0
sm_pm2win,HYPE|buy|60-75|<=2d,HYPE,buy,60-75,<=2d,335,242733.0,0,14196.541091035242,12524345.505846024,320904.6787395137,320904.6787395137,1.0,True,11.335156064170125,442.3912155721147,44.0,26.0,-18.0,-11.601671961622124,80.12704001039194,-478.314890967158,2724.5441680434087,3.0,159.0,4.0,173.0
sm_pm2win,HYPE|buy|60-75|>90d,HYPE,buy,60-75,>90d,189,225064.1117235621,0,19465.10273330823,14639249.865616588,3272262.264010956,3272262.264010956,1.0,False,13.296516496399308,59.485154803725905,,,,,,,,,,,
sm_pm2win,HYPE|buy|75-90|2-7d,HYPE,buy,75-90,2-7d,203,188741.05574649255,0,16687.558831560844,13153096.572728217,1080124.8023141094,1080124.8023141094,1.0,True,12.687171221840659,154.49658035635,42.0,52.0,10.0,8.089566895352739,57.8028321658697,100.05453577036175,619.1170651644085,5.0,58.0,24.0,61.0
sm_pm2win,HYPE|buy|75-90|30-90d,HYPE,buy,75-90,30-90d,218,97515.8,0,19382.345819161437,5547885.971085027,1180151.522102092,1180151.522102092,1.0,True,34.936453128597265,164.23607864045715,9.0,51.0,42.0,7.508974662278641,69.83722550079038,35.6898433503363,320.02930591655524,4.0,59.0,36.0,79.0
sm_pm2win,HYPE|buy|75-90|7-30d,HYPE,buy,75-90,7-30d,736,616316.6828295654,0,105810.5441870752,29994681.897750992,3857314.2995498623,3857314.2995498623,1.0,True,35.276434851942504,274.31144047407025,8.0,38.0,30.0,4.346203212477698,62.45910540260246,33.08735701942784,485.1689439228511,4.0,72.0,27.0,80.0
sm_pm2win,HYPE|buy|75-90|<=2d,HYPE,buy,75-90,<=2d,255,129417.43853381717,0,-8391.674711045516,4799263.329509262,345488.56504273316,345488.56504273316,1.0,True,-17.485339175801357,-242.89297997482367,166.0,164.0,-2.0,-38.46797335374881,27.663177410868627,-463.92183837705517,674.8164593723909,19.0,174.0,22.0,173.0
sm_pm2win,HYPE|buy|75-90|>90d,HYPE,buy,75-90,>90d,51,124303.0,0,86237.18904161266,8695822.927976971,2516080.596604082,2516080.596604082,1.0,False,99.17082000849251,342.74414403896986,,,,,,,,,,,
sm_pm2win,HYPE|buy|90-100|2-7d,HYPE,buy,90-100,2-7d,131,26348.177435110887,0,6711.044598912704,1742415.613524028,267038.687266449,267038.687266449,1.0,False,38.51575104598406,251.31357061445107,,,,,,,,,,,
sm_pm2win,HYPE|buy|90-100|30-90d,HYPE,buy,90-100,30-90d,25,29859.16,0,22647.108188593567,2003909.811793329,794863.2023067957,794863.2023067957,1.0,False,113.0146080193416,284.91831201732236,,,,,,,,,,,
sm_pm2win,HYPE|buy|90-100|7-30d,HYPE,buy,90-100,7-30d,99,92673.0,0,38070.68203396223,6996407.942538326,2045324.2088249777,2045324.2088249777,1.0,False,54.41461153585911,186.1351949470814,,,,,,,,,,,
sm_pm2win,HYPE|buy|90-100|<=2d,HYPE,buy,90-100,<=2d,146,30686.704319381675,0,-588.8540583127258,1553731.4057431093,172654.62015015393,172654.62015015393,1.0,False,-3.789934709024512,-34.10589637280557,,,,,,,,,,,
sm_pm2win,HYPE|buy|90-100|>90d,HYPE,buy,90-100,>90d,8,15820.0,0,7528.6933491091095,955641.2577610668,602179.6,602179.6,1.0,False,78.78158553710604,125.02405177972003,,,,,,,,,,,
sm_pm2win,HYPE|sell|00-10|2-7d,HYPE,sell,00-10,2-7d,439,257146.83544480367,0,9809.700606185052,17623298.023137182,4394876.90675096,4394876.90675096,1.0,True,5.566325096078012,22.32076304825829,69.0,87.0,18.0,2.1416871460988993,10.442268635046128,8.57608436072047,41.95095338060876,50.0,87.0,75.0,100.0
sm_pm2win,HYPE|sell|00-10|30-90d,HYPE,sell,00-10,30-90d,450,360342.00815227383,0,-17350.93894959654,20874509.31913908,5220082.928151056,5220082.928151056,1.0,True,-8.312022421378831,-33.238818594290436,152.0,129.0,-23.0,-12.920252060941374,-2.8150176327894165,-51.63449536264356,-11.25018328921301,132.0,161.0,117.0,139.0
sm_pm2win,HYPE|sell|00-10|7-30d,HYPE,sell,00-10,7-30d,685,262242.7688180837,0,1834.5903743642978,15678097.547881149,3913035.176231291,3913035.176231291,1.0,True,1.1701613469117862,4.688407570440555,93.0,101.0,8.0,-1.8546523815666627,4.6105052968669975,-7.419820198271826,18.495605935341644,70.0,126.0,88.0,117.0
sm_pm2win,HYPE|sell|00-10|<=2d,HYPE,sell,00-10,<=2d,506,272085.82325367164,0,7736.876631882691,12339266.906445906,3090595.698810637,3090595.698810637,1.0,True,6.270126653829838,25.033609652857848,61.0,85.0,24.0,4.334941817958812,8.706816752596696,17.330140713310612,34.771446508996625,54.0,74.0,77.0,92.0
sm_pm2win,HYPE|sell|00-10|>90d,HYPE,sell,00-10,>90d,149,220096.8434997073,0,-26006.52678361446,15172607.717670321,3808667.7548229937,3808667.7548229937,1.0,False,-17.140446301347882,-68.28247686000404,,,,,,,,,,,
sm_pm2win,HYPE|sell|10-25|2-7d,HYPE,sell,10-25,2-7d,806,276804.0565596901,0,9446.867588099085,16709187.952048501,4164630.501823766,4164630.501823766,1.0,True,5.653696406557522,22.6835672071319,68.0,86.0,18.0,-1.9577937482924728,13.354349546114047,-7.8383665789668004,53.7755035515735,43.0,125.0,72.0,115.0
sm_pm2win,HYPE|sell|10-25|30-90d,HYPE,sell,10-25,30-90d,1187,1470086.94,0,-126820.08945055566,76135092.9082061,19141655.08944544,19141655.08944544,1.0,True,-16.657244984708825,-66.25346076812515,165.0,139.0,-26.0,-29.509833549070425,-4.083634453131275,-117.09054803844445,-16.296625116009167,138.0,172.0,121.0,152.0
sm_pm2win,HYPE|sell|10-25|7-30d,HYPE,sell,10-25,7-30d,1755,1320103.308729277,0,-9689.375757346996,74169416.58267108,18562927.0403633,18562927.0403633,1.0,True,-1.306384248896845,-5.2197456447888735,119.0,111.0,-8.0,-11.217321529892937,7.651999642844808,-44.62227680462902,30.683270395100486,59.0,158.0,81.0,135.0
sm_pm2win,HYPE|sell|10-25|<=2d,HYPE,sell,10-25,<=2d,788,324095.0,0,6854.084427176393,15173703.749546627,3901467.0453984565,3901467.0453984565,1.0,True,4.517080694541162,17.567966991443306,74.0,91.0,17.0,-1.9573614567273425,10.734543263020598,-7.564712212463098,41.74934648562486,49.0,125.0,76.0,115.0
sm_pm2win,HYPE|sell|10-25|>90d,HYPE,sell,10-25,>90d,467,422184.0695248364,0,-105873.07581349298,27618956.914338212,6952811.536378371,6952811.536378371,1.0,True,-38.33348092828575,-152.2737604198616,175.0,156.0,-19.0,-77.88954403046553,-10.986174442843938,-307.45510890515504,-43.97537058685377,158.0,178.0,135.0,169.0
sm_pm2win,HYPE|sell|25-40|2-7d,HYPE,sell,25-40,2-7d,826,583851.6068194897,1,33612.64487551172,36271323.17258655,9647557.222209474,9647557.222209474,1.0,True,9.267002671938853,34.840575807244385,52.0,80.0,28.0,-7.151828684661573,20.71385686973061,-27.46563901405,77.17065461878182,28.0,149.0,64.0,128.0
sm_pm2win,HYPE|sell|25-40|30-90d,HYPE,sell,25-40,30-90d,980,1358125.6,0,-3195.75374757487,78852695.64756235,19715549.47914577,19715549.47914577,1.0,True,-0.4052814835726752,-1.6209306014804183,110.0,109.0,-1.0,-24.168692654434565,31.03407021586557,-95.94184213929273,125.21082155650701,16.0,169.0,55.0,148.0
sm_pm2win,HYPE|sell|25-40|7-30d,HYPE,sell,25-40,7-30d,1635,1288531.3308535074,0,-102507.53270296573,77487524.64428084,19553266.811328296,19553266.811328296,1.0,True,-13.22890790143876,-52.42476036974927,160.0,137.0,-23.0,-28.303586814066886,1.5387384078427493,-111.68815763455207,6.133466413426657,92.0,170.0,102.0,151.0
sm_pm2win,HYPE|sell|25-40|<=2d,HYPE,sell,25-40,<=2d,959,608938.0285338172,0,-17675.23366894707,28577138.18199381,7859763.333250629,7859763.333250629,1.0,True,-6.185095777044627,-22.48825176983665,146.0,125.0,-21.0,-13.250318043149012,3.1487029857880304,-47.81145883450382,11.435621772662312,79.0,161.0,96.0,136.0
sm_pm2win,HYPE|sell|25-40|>90d,HYPE,sell,25-40,>90d,496,939838.876408579,0,14853.278188689424,50675152.598963894,12608106.20325059,12608106.20325059,1.0,True,2.931077150617819,11.780736892000474,79.0,95.0,16.0,-20.7854449285443,26.675184742447758,-82.8826472640673,107.95676865907434,21.0,167.0,58.0,144.0
sm_pm2win,HYPE|sell|40-60|2-7d,HYPE,sell,40-60,2-7d,955,241685.2393999999,0,5787.26645945119,11730354.30138622,3388750.412151968,3388750.412151968,1.0,True,4.933581979503625,17.07787755244,72.0,92.0,20.0,-5.792555168797415,16.89600149363456,-20.028100743205712,58.564182046109856,35.0,145.0,69.0,124.0
sm_pm2win,HYPE|sell|40-60|30-90d,HYPE,sell,40-60,30-90d,1142,1608187.63,0,114226.43810479007,81924997.88940117,20793846.78928669,20793846.78928669,1.0,True,13.942806353073806,54.932807412835835,40.0,69.0,29.0,-4.354414811601769,35.772419104243454,-16.946875014583334,141.36271466943336,12.0,139.0,53.0,122.0
sm_pm2win,HYPE|sell|40-60|7-30d,HYPE,sell,40-60,7-30d,1487,1845657.5632022247,0,166551.88626025335,93724842.42970918,26092414.3997228,26092414.3997228,1.0,True,17.77030314936643,63.83153498513452,34.0,67.0,33.0,-4.61374038980132,37.79423335141126,-16.581873613671274,135.06463414897132,10.0,141.0,53.0,123.0
sm_pm2win,HYPE|sell|40-60|<=2d,HYPE,sell,40-60,<=2d,1055,251157.9037,0,11500.421268437105,11131846.194635203,3280257.900663391,3280257.900663391,1.0,True,10.33109968226073,35.05950329732089,47.0,79.0,32.0,-0.05086801787531606,20.183724943215577,-0.1727464687546255,68.53778521230481,30.0,109.0,67.0,109.0
sm_pm2win,HYPE|sell|40-60|>90d,HYPE,sell,40-60,>90d,582,446882.04,0,65566.06091875226,26434748.325285982,6769174.828353441,6769174.828353441,1.0,True,24.802982843621585,96.85975407832802,21.0,59.0,38.0,-0.14159141059431105,56.87483262947791,-0.5452455234452233,223.69490615125503,5.0,110.0,42.0,109.0
sm_pm2win,HYPE|sell|60-75|2-7d,HYPE,sell,60-75,2-7d,263,69056.019,0,-22809.7368447181,2864158.4692782513,872063.7789419248,872063.7789419248,1.0,True,-79.63852939486969,-261.5604201838673,179.0,168.0,-11.0,-153.51697737806782,-18.233775339031457,-494.2638430237437,-60.81822585163348,167.0,180.0,141.0,174.0
sm_pm2win,HYPE|sell|60-75|30-90d,HYPE,sell,60-75,30-90d,160,90205.765,0,-26401.274343311037,4703422.652323902,1418938.8692243614,1418938.8692243614,1.0,False,-56.132047436278135,-186.06350785036176,,,,,,,,,,,
sm_pm2win,HYPE|sell|60-75|7-30d,HYPE,sell,60-75,7-30d,255,244720.57349999997,0,-12128.110138488046,14217196.63898505,4251006.607215544,4251006.607215544,1.0,True,-8.530591822322757,-28.529972449118564,153.0,128.0,-25.0,-84.89358327126243,90.83387452659473,-280.5922650885276,308.50766378418797,3.0,178.0,36.0,166.0
sm_pm2win,HYPE|sell|60-75|<=2d,HYPE,sell,60-75,<=2d,197,45060.3,0,-2270.6951016751245,1961438.714600365,591060.8572721052,591060.8572721052,1.0,False,-11.576681365432156,-38.417280957411975,,,,,,,,,,,
sm_pm2win,HYPE|sell|60-75|>90d,HYPE,sell,60-75,>90d,204,196799.48313556152,0,56642.38159611183,11264975.545602487,3311951.733784375,3311951.733784375,1.0,True,50.2818504725679,171.02417592115654,5.0,49.0,44.0,-16.569464620854117,140.75484277099739,-55.84655469445205,488.54167291245153,2.0,163.0,27.0,137.0
sm_pm2win,HYPE|sell|75-90|2-7d,HYPE,sell,75-90,2-7d,162,26282.446781150546,0,1371.5907403457193,1589919.8805116126,471539.31246293895,471539.31246293895,1.0,False,8.626791558228467,29.0875162281092,,,,,,,,,,,
sm_pm2win,HYPE|sell|75-90|30-90d,HYPE,sell,75-90,30-90d,104,34505.37247765609,0,-7145.005816873126,2038720.8735607064,612140.6888722918,612140.6888722918,1.0,False,-35.046513279643285,-116.72162865102007,,,,,,,,,,,
sm_pm2win,HYPE|sell|75-90|7-30d,HYPE,sell,75-90,7-30d,269,166704.45947260284,0,-66042.78085671061,8890662.225416668,2669951.9281510985,2669951.9281510985,1.0,True,-74.28330891697493,-247.35569266389092,178.0,165.0,-13.0,-130.2716477587919,57.71058953678729,-430.2618951376793,196.29827524652495,6.0,179.0,46.0,173.0
sm_pm2win,HYPE|sell|75-90|<=2d,HYPE,sell,75-90,<=2d,240,112302.0,0,-23668.579253935015,3843216.7041143994,1181136.5107357646,1181136.5107357646,1.0,True,-61.58533612896808,-200.38817730891378,177.0,159.0,-18.0,-84.34805923941578,5.755450312607196,-272.0527067963357,19.185315873063495,67.0,178.0,89.0,166.0
sm_pm2win,HYPE|sell|75-90|>90d,HYPE,sell,75-90,>90d,47,21457.0,0,12927.603901824246,1221473.3313136173,352961.58179573173,352961.58179573173,1.0,False,105.83615352388763,366.26093514352493,,,,,,,,,,,
sm_pm2win,HYPE|sell|90-100|2-7d,HYPE,sell,90-100,2-7d,76,168351.759,0,5133.1139176080615,12111354.13446895,3608526.478415108,3608526.478415108,1.0,False,4.238265895470106,14.22495843750207,,,,,,,,,,,
sm_pm2win,HYPE|sell|90-100|30-90d,HYPE,sell,90-100,30-90d,44,9009.0,0,-2792.942111472703,671023.2055382706,203436.9737277427,203436.9737277427,1.0,False,-41.62213897256065,-137.2878322113887,,,,,,,,,,,
sm_pm2win,HYPE|sell|90-100|7-30d,HYPE,sell,90-100,7-30d,94,76307.09000168307,0,81861.97913695022,4170685.1889897296,1178876.8932487797,1178876.8932487797,1.0,False,196.27944912519217,694.4065118737958,,,,,,,,,,,
sm_pm2win,HYPE|sell|90-100|<=2d,HYPE,sell,90-100,<=2d,175,40780.90613262388,0,-8821.522820873002,2191114.9678887525,661384.9327520663,661384.9327520663,1.0,False,-40.26042882347235,-133.3795552941623,,,,,,,,,,,
sm_pm2win,HYPE|sell|90-100|>90d,HYPE,sell,90-100,>90d,27,12329.467658247022,0,509.20787895713653,586641.1587163773,176468.04900673346,176468.04900673346,1.0,False,8.680057159155494,28.855528342000696,,,,,,,,,,,
pm_pm2win,BTC|buy|00-10|2-7d,BTC,buy,00-10,2-7d,2259,3724.674916955914,0,68127.87167872435,275494476.7852959,398519.71278181,398519.71278181,1.0,True,2.4729305819012546,1709.523255529004,52.0,3.0,-49.0,1.1515663108331504,3.81123876214118,809.6802026556846,2778.611224666034,43.0,63.0,2.0,9.0
pm_pm2win,BTC|buy|00-10|30-90d,BTC,buy,00-10,30-90d,1061,3691.3077370665183,0,182379.86144893864,268896760.6410184,1412509.1107616548,1412509.1107616548,1.0,True,6.782523560870216,1291.1765316019487,34.0,4.0,-30.0,5.204047005065262,8.194419975737297,958.0051435075683,1714.2338828165566,30.0,40.0,2.0,8.0
pm_pm2win,BTC|buy|00-10|7-30d,BTC,buy,00-10,7-30d,2003,4213.8085279094985,0,88280.0253567816,305339501.18033373,742430.1169885093,742430.1169885093,1.0,True,2.891208802514004,1189.0684838442232,48.0,6.0,-42.0,1.931144338612762,3.9920248781829617,813.6144277452427,1570.771580139458,42.0,56.0,3.0,9.0
pm_pm2win,BTC|buy|00-10|<=2d,BTC,buy,00-10,<=2d,2209,2196.407384557396,0,-29564.44948030354,166832040.98966768,144894.6729935854,144894.6729935854,1.0,True,-1.7721086012569098,-2040.4096899830392,85.0,132.0,47.0,-3.0666277602763667,-0.6641050199389604,-3118.6327045978796,-863.3095161676885,79.0,97.0,131.0,132.0
pm_pm2win,BTC|buy|00-10|>90d,BTC,buy,00-10,>90d,423,1694.2726089303912,0,152334.16823279145,117117563.05310363,664408.3614825344,664408.3614825344,1.0,True,13.006944839154471,2292.7792162771557,21.0,2.0,-19.0,3.6720145491472946,18.27689877812377,486.8861465779746,6188.734725032351,15.0,45.0,1.0,16.0
pm_pm2win,BTC|buy|10-25|2-7d,BTC,buy,10-25,2-7d,3418,5924.722609999993,0,64528.10715373823,440901313.04863405,2314748.1570221,2314748.1570221,1.0,True,1.4635498975395518,278.7694503956447,57.0,22.0,-35.0,-1.8435689514808746,4.768895727561433,-307.7773387203608,1032.3267805181358,40.0,89.10000000000036,7.0,123.0
pm_pm2win,BTC|buy|10-25|30-90d,BTC,buy,10-25,30-90d,1961,3754.4555819764687,0,220211.06749440214,275977039.4202416,4133492.3548821323,4133492.3548821323,1.0,True,7.979325669882185,532.7482152817033,30.0,15.0,-15.0,5.726126371139343,9.925402104109692,360.6570297942312,689.2481887392013,26.0,39.0,11.0,21.0
pm_pm2win,BTC|buy|10-25|7-30d,BTC,buy,10-25,7-30d,3444,5084.8181825111515,0,107556.23430528959,378462278.6703313,3461065.709866435,3461065.709866435,1.0,True,2.8419274619169914,310.7604516108429,49.0,21.0,-28.0,1.5342116106824728,4.134916868508419,159.44931654267518,471.36593605115627,41.0,59.0,16.0,31.0
pm_pm2win,BTC|buy|10-25|<=2d,BTC,buy,10-25,<=2d,2872,1681.7235419999727,0,-11369.225317826103,128269907.61394277,330812.6726469086,330812.6726469086,1.0,True,-0.8863517195353686,-343.67562847149435,79.0,125.0,46.0,-2.037659757913748,0.22547836805206864,-774.4715563334005,89.15604173776933,71.0,92.0,39.0,130.0
pm_pm2win,BTC|buy|10-25|>90d,BTC,buy,10-25,>90d,625,1851.8525112313132,0,242724.43733266953,141349254.55823362,3641881.610059963,3641881.610059963,1.0,True,17.171964443057675,666.480856110732,16.0,12.0,-4.0,11.978022000626437,19.67145148526695,398.723229387713,810.0911064369116,13.0,24.0,9.0,19.0
pm_pm2win,BTC|buy|25-40|2-7d,BTC,buy,25-40,2-7d,1724,1899.9409219132874,0,-16616.329336433017,133827552.6527516,1567080.6748799477,1567080.6748799477,1.0,True,-1.2416224467280037,-106.03365610201259,81.0,110.0,29.0,-6.1103324067551315,1.1774485454119683,-539.1042601201585,98.32629729919343,62.0,108.0,37.0,128.0
pm_pm2win,BTC|buy|25-40|30-90d,BTC,buy,25-40,30-90d,1842,1392.6729665783673,0,10417.17129486432,111069968.91094509,4168069.505069393,4168069.505069393,1.0,True,0.9378926992602937,24.992796502540298,65.0,52.0,-13.0,-2.2868625589712455,4.4232565495913025,-61.03330842516207,117.30819965904278,41.0,92.0,34.0,102.0
pm_pm2win,BTC|buy|25-40|7-30d,BTC,buy,25-40,7-30d,2690,4536.390241060661,0,32772.29887960242,338134097.1451472,7709480.992036738,7709480.992036738,1.0,True,0.9692101197808101,42.50908577821713,64.0,44.0,-20.0,-2.3264236770274627,3.3902638917449566,-112.54244152862056,140.33781235480888,45.0,92.0,33.0,111.0
pm_pm2win,BTC|buy|25-40|<=2d,BTC,buy,25-40,<=2d,2174,1052.1942770000005,0,-18624.69166470446,82702907.66400895,511339.3963979748,511339.3963979748,1.0,True,-2.2519996201789705,-364.2334581669683,91.0,127.0,36.0,-4.064415294890217,-0.3224424983495336,-663.0768706449879,-51.72933535489198,76.0,102.0,100.0,130.0
pm_pm2win,BTC|buy|25-40|>90d,BTC,buy,25-40,>90d,542,610.9403282354809,1,51955.66328836472,51397764.859522216,2563818.936808447,2563818.936808447,1.0,True,10.108545270473789,202.64950282737746,24.0,28.0,4.0,5.499419761238951,17.208633568744467,120.16075597290224,297.4349689098923,17.0,39.0,22.0,35.0
pm_pm2win,BTC|buy|40-60|2-7d,BTC,buy,40-60,2-7d,2085,2462.631527725737,0,-140977.92638966074,191229795.91991636,4250448.52055461,4250448.52055461,1.0,True,-7.372173656907514,-331.6777646121581,112.0,124.0,12.0,-10.478200282047164,-3.691954740481898,-475.59794356837614,-165.9830882036711,98.0,117.0,117.0,128.0
pm_pm2win,BTC|buy|40-60|30-90d,BTC,buy,40-60,30-90d,1968,2656.1469040851057,0,-285686.3793151727,218884824.5583354,15071742.827287287,15071742.827287287,1.0,True,-13.051904347029497,-189.5509912748375,117.0,119.0,2.0,-31.05024624371257,-1.8613355501750641,-433.7034324684544,-27.82252262373026,90.0,127.0,93.0,126.0
pm_pm2win,BTC|buy|40-60|7-30d,BTC,buy,40-60,7-30d,2595,2317.112974460847,0,-69960.79848304378,181338842.68358234,7509329.841870013,7509329.841870013,1.0,True,-3.8580150533506044,-93.16516913794503,101.0,107.0,6.0,-7.689221242603771,-0.4492785415998924,-195.56297120245617,-10.632722687960927,78.0,111.0,84.0,119.0
pm_pm2win,BTC|buy|40-60|<=2d,BTC,buy,40-60,<=2d,2355,1181.472832522489,0,-33989.29965669814,94474957.04452208,1038116.7350604658,1038116.7350604658,1.0,True,-3.5977046955078698,-327.41307898016316,100.0,123.0,23.0,-6.579589655928893,-0.5081157054617512,-624.2448009280283,-45.116845700893634,78.0,109.0,98.0,130.0
pm_pm2win,BTC|buy|40-60|>90d,BTC,buy,40-60,>90d,617,424.9740583570257,0,53607.90746759576,34239996.33974138,3203444.7046778263,3203444.7046778263,1.0,True,15.65651670510683,167.3445693921761,19.0,31.0,12.0,11.386715483152498,20.6719632798914,120.85713669858472,217.60790513704478,12.0,25.0,26.0,36.0
pm_pm2win,BTC|buy|60-75|2-7d,BTC,buy,60-75,2-7d,942,977.942774747913,0,-27339.42229389856,77082232.24172649,2754791.722077011,2754791.722077011,1.0,True,-3.5467865289841805,-99.24315538920541,99.0,108.0,9.0,-8.903437311732993,1.5693711732019682,-260.0894385934554,42.80845865588214,59.0,113.0,46.0,122.0
pm_pm2win,BTC|buy|60-75|30-90d,BTC,buy,60-75,30-90d,566,1121.7226745889857,0,195470.0379779214,84834145.49823053,7160182.624633386,7160182.624633386,1.0,True,23.041434180768462,272.9958832410784,11.0,23.0,12.0,-2.9616691040793994,34.685114090863216,-32.07950429153268,438.0600886171927,7.0,96.0,18.0,95.0
pm_pm2win,BTC|buy|60-75|7-30d,BTC,buy,60-75,7-30d,903,1270.7951439006624,0,-60210.55196681071,96058141.2712208,5951436.43299917,5951436.43299917,1.0,True,-6.2681362735102075,-101.16978084981102,108.0,109.0,1.0,-12.626491574111359,-3.022339200342947,-219.24555260655427,-46.673508138823095,96.0,118.0,98.0,120.0
pm_pm2win,BTC|buy|60-75|<=2d,BTC,buy,60-75,<=2d,887,744.0871800000008,0,-50097.862643657405,56717510.89249681,1145625.5318153345,1145625.5318153345,1.0,True,-8.832873984652398,-437.29701593044433,113.0,128.0,15.0,-14.680754577200512,-0.8575261600980926,-644.5510361086051,-49.73725732917276,80.0,121.0,99.0,130.0
pm_pm2win,BTC|buy|60-75|>90d,BTC,buy,60-75,>90d,161,53.19105999999998,0,7299.3511260368805,3943112.0672782,492912.51868567587,492912.51868567587,1.0,False,18.51165019277624,148.08613799260362,,,,,,,,,,,
pm_pm2win,BTC|buy|75-90|2-7d,BTC,buy,75-90,2-7d,592,439.9981589062513,0,14286.958428348475,33745092.016397215,1724956.2270887366,1724956.2270887366,1.0,True,4.233788552541579,82.82504914609358,44.0,37.0,-7.0,-8.818510601420144,16.499521127198093,-179.43961120490837,305.8057243075915,18.0,112.0,22.0,117.0
pm_pm2win,BTC|buy|75-90|30-90d,BTC,buy,75-90,30-90d,278,376.41903570272615,0,64425.04181258441,30358977.235954348,4024506.9077051603,4024506.9077051603,1.0,True,21.22108439683712,160.08182689223068,13.0,32.0,19.0,4.195601581492363,38.13276780692007,30.708847831603887,295.85407544591715,6.0,42.0,22.0,49.0
pm_pm2win,BTC|buy|75-90|7-30d,BTC,buy,75-90,7-30d,750,728.8422936902381,0,91162.59183861875,53777669.26767247,5804730.594341297,5804730.594341297,1.0,True,16.951755827287144,157.0487903908719,17.0,33.0,16.0,-1.8638296769381928,32.171029969566675,-17.309711840398233,303.5429537069787,7.0,89.0,22.0,88.0
pm_pm2win,BTC|buy|75-90|<=2d,BTC,buy,75-90,<=2d,681,410.72342966684874,0,6508.528222288825,32495970.96336355,853343.4599757463,853343.4599757463,1.0,True,2.002872365200793,76.27090998592537,54.0,38.0,-16.0,-6.26273354108454,11.597777802287272,-231.5927527049398,446.8264669931786,24.0,108.0,18.0,120.0
pm_pm2win,BTC|buy|75-90|>90d,BTC,buy,75-90,>90d,100,42.97400385325913,0,24713.963649545312,3691137.9216785305,599212.9940919103,599212.9940919103,1.0,False,66.95486371397017,412.44038252205456,,,,,,,,,,,
pm_pm2win,BTC|buy|90-100|2-7d,BTC,buy,90-100,2-7d,328,603.8020778183214,0,26095.178269503223,48768348.55964007,4799514.444157121,4799514.444157121,1.0,True,5.350843126785554,54.370454705623864,41.0,41.0,0.0,-0.5556893642052647,14.796919807470603,-4.952592104096662,147.42221315321873,20.0,78.0,33.0,78.0
pm_pm2win,BTC|buy|90-100|30-90d,BTC,buy,90-100,30-90d,73,19.79606645463951,0,-2196.0007824636587,1614251.9201649087,281042.6109104393,281042.6109104393,1.0,False,-13.603829458287525,-78.13764522574354,,,,,,,,,,,
pm_pm2win,BTC|buy|90-100|7-30d,BTC,buy,90-100,7-30d,313,400.00955895581995,0,-102478.2579147689,27558285.449235346,4044675.1797867483,4044675.1797867483,1.0,True,-37.18600640215531,-253.3658535224378,128.0,121.0,-7.0,-79.97568434349509,2.1469220165299157,-523.9649401728645,15.040064044069295,54.0,130.0,57.0,128.0
pm_pm2win,BTC|buy|90-100|<=2d,BTC,buy,90-100,<=2d,595,426.1481808426069,0,135188.21918718633,34765479.40087664,1703858.2117779118,1703858.2117779118,1.0,True,38.885762980094974,793.4241138886935,5.0,8.0,3.0,11.524617517211398,109.60651651169258,233.7768006799847,2253.1164392738974,2.0,24.0,2.0,25.0
pm_pm2win,BTC|buy|90-100|>90d,BTC,buy,90-100,>90d,48,18.851497400000007,0,18220.82720731041,1475650.7418919094,324535.04828331893,324535.04828331893,1.0,False,123.47655641029098,561.4440506100171,,,,,,,,,,,
pm_pm2win,BTC|sell|00-10|2-7d,BTC,sell,00-10,2-7d,2895,5293.336099607965,0,24842.414255320706,388125710.3037293,50818835.766107254,50818835.766107254,1.0,True,0.6400610316662655,4.888426482192047,66.0,67.0,1.0,-0.11616318888599557,1.5641647700906407,-0.8708725236708046,11.750401842286488,58.0,77.0,58.0,77.0
pm_pm2win,BTC|sell|00-10|30-90d,BTC,sell,00-10,30-90d,1426,2096.0194487594563,0,-15184.717769852408,166284562.14745885,13082068.776649095,13082068.776649095,1.0,True,-0.9131766397163683,-11.607275599220552,80.0,83.0,3.0,-2.3558081683667202,0.002124658675514034,-27.75471354511927,0.025590918561873833,72.0,94.0,73.0,94.0
pm_pm2win,BTC|sell|00-10|7-30d,BTC,sell,00-10,7-30d,3100,4289.559623811595,1,12240.445360945065,319283122.56801647,35356505.51520504,35356505.51520504,1.0,True,0.38337276529038894,3.4620065480399558,68.0,69.0,1.0,-1.140022421352509,1.746692455696494,-10.337463134973847,16.112546049768405,57.0,84.0,56.0,84.0
pm_pm2win,BTC|sell|00-10|<=2d,BTC,sell,00-10,<=2d,4909,3455.342891529434,0,28815.43548961563,279393793.2898307,50968527.9431026,50968527.9431026,1.0,True,1.0313556056602797,5.653574205985113,62.0,66.0,4.0,0.7747903643005123,1.2835182331443054,4.297701625795082,6.96876032959881,58.0,70.0,62.0,73.0
pm_pm2win,BTC|sell|00-10|>90d,BTC,sell,00-10,>90d,526,2155.946268352503,0,-141106.9188581386,153654975.279863,15290627.000056343,15290627.000056343,1.0,True,-9.183361528068342,-92.28327841469068,115.0,106.0,-9.0,-11.112522887575738,-5.490506493270616,-108.10651754450627,-58.94597501442887,104.0,118.0,100.0,113.0
pm_pm2win,BTC|sell|10-25|2-7d,BTC,sell,10-25,2-7d,3268,3919.0878299999717,1,73221.1426965983,302188110.6033557,56526619.68820239,56526619.68820239,1.0,True,2.4230318840275773,12.95339135799769,53.0,59.0,6.0,0.9608280436125007,3.8812995338149765,5.090516818663946,20.78965145656062,43.0,65.0,52.0,68.0
pm_pm2win,BTC|sell|10-25|30-90d,BTC,sell,10-25,30-90d,2587,4773.868689623045,0,-71888.54423657838,355082443.3998312,48620219.81068336,48620219.81068336,1.0,True,-2.024559241742915,-14.785729993919578,90.0,87.0,-3.0,-3.8413438744677637,-0.07543677237240859,-28.217548108200717,-0.5516249198571453,75.0,100.0,74.0,94.0
pm_pm2win,BTC|sell|10-25|7-30d,BTC,sell,10-25,7-30d,3990,5099.532344316922,0,-49727.39633770144,389255858.8437627,62102755.21013993,62102755.21013993,1.0,True,-1.277498981914123,-8.00727699913419,82.0,78.0,-4.0,-3.1472501957746797,0.39964304505970333,-19.65919288304657,2.5190303971509755,70.0,97.0,70.0,90.0
pm_pm2win,BTC|sell|10-25|<=2d,BTC,sell,10-25,<=2d,4040,1897.581717999957,0,20342.352439567905,158920283.637743,34199407.300201274,34199407.300201274,1.0,True,1.280034994522038,5.948159352881003,58.0,65.0,7.0,0.6821534095896793,1.8375979311197146,3.1756000593365634,8.533072821152166,54.0,69.0,60.0,73.0
pm_pm2win,BTC|sell|10-25|>90d,BTC,sell,10-25,>90d,624,1049.4002299999993,1,-119039.41135024645,80911204.38215585,11192742.662728919,11192742.662728919,1.0,True,-14.71235192446343,-106.35410366990719,118.0,111.0,-7.0,-19.2701858259435,-7.639619714597499,-132.99113429890673,-56.82519109852801,110.0,124.0,101.0,115.0
pm_pm2win,BTC|sell|25-40|2-7d,BTC,sell,25-40,2-7d,2396,4495.765661286037,1,6051.186734562044,328158489.2837172,68179536.34065203,68179536.34065203,1.0,True,0.18439829936352328,0.8875370909429352,71.0,71.0,0.0,-3.6826009536465723,4.836215941379056,-17.694588993912994,23.281903673875885,40.0,99.0,52.0,89.0
pm_pm2win,BTC|sell|25-40|30-90d,BTC,sell,25-40,30-90d,2049,3136.337195931783,0,109758.21412371132,239959672.14907622,42030193.96284199,42030193.96284199,1.0,True,4.574027508069083,26.114134572099825,43.0,50.0,7.0,-0.8331215080490507,9.698652678157453,-4.780939246259608,55.064058803831905,27.0,82.0,42.0,79.0
pm_pm2win,BTC|sell|25-40|7-30d,BTC,sell,25-40,7-30d,3341,4496.704664920501,2,188264.6984148691,327481499.81543595,61860236.60852149,61860236.60852149,1.0,True,5.748865157908844,30.433879457379074,40.0,48.0,8.0,4.034769152199295,7.511159320839043,21.389596726748096,39.65850677041637,32.0,44.0,45.0,55.0
pm_pm2win,BTC|sell|25-40|<=2d,BTC,sell,25-40,<=2d,2868,1190.5813599999917,0,24057.7245436196,96021861.97560944,21652297.576540392,21652297.576540392,1.0,True,2.505442411617733,11.1109338205685,51.0,61.0,10.0,1.0844967102185938,3.860233228599003,4.811692300319266,17.13336318801594,43.0,64.0,53.0,69.0
pm_pm2win,BTC|sell|25-40|>90d,BTC,sell,25-40,>90d,643,718.2221812537126,1,90792.88042316925,54352227.22545933,9790130.626304766,9790130.626304766,1.0,True,16.704537248593304,92.73919203817462,18.0,36.0,18.0,11.009426383700418,28.307647954822194,60.94421342836785,160.62691264280764,9.0,26.0,30.0,43.0
pm_pm2win,BTC|sell|40-60|2-7d,BTC,sell,40-60,2-7d,2597,2275.579050421831,0,90015.02786360598,180069613.45295286,39930067.49010865,39930067.49010865,1.0,True,4.998901599082089,22.543169476461372,42.0,55.0,13.0,-2.774248700486926,11.447367919741621,-12.388779759716629,51.995091964169134,25.0,94.0,43.0,85.0
pm_pm2win,BTC|sell|40-60|30-90d,BTC,sell,40-60,30-90d,2450,3288.076955102535,0,-65858.7197980325,264362453.60933858,52274774.64824033,52274774.64824033,1.0,True,-2.491228194430181,-12.598565989274798,93.0,85.0,-8.0,-6.0928393112236785,3.594289355107274,-30.954769836623523,17.98821930264802,45.0,107.0,55.0,94.0
pm_pm2win,BTC|sell|40-60|7-30d,BTC,sell,40-60,7-30d,3428,3909.735684520923,1,122345.33491724735,300635616.5041212,62068518.21163431,62068518.21163431,1.0,True,4.069555574948659,19.711334899294336,45.0,57.0,12.0,-0.26734490029685193,9.362220713015127,-1.3011039722355733,45.403342840961955,28.0,76.0,44.0,75.0
pm_pm2win,BTC|sell|40-60|<=2d,BTC,sell,40-60,<=2d,2794,1473.0003182919465,0,-23092.7583576986,117865276.31359254,27426981.201857083,27426981.201857083,1.0,True,-1.9592503475118463,-8.419722968321059,88.0,79.0,-9.0,-6.681586982617865,2.42980053756612,-28.698636599896155,10.457395122622124,52.0,109.0,61.0,93.0
pm_pm2win,BTC|sell|40-60|>90d,BTC,sell,40-60,>90d,948,361.98279205629035,0,19775.23829610231,27561710.80748821,5823124.361605669,5823124.361605669,1.0,True,7.174895068824827,33.959841947544255,31.0,47.0,16.0,-2.451432918726361,17.094516137907863,-11.355522948653494,81.5855639708095,17.0,92.0,38.0,84.0
pm_pm2win,BTC|sell|60-75|2-7d,BTC,sell,60-75,2-7d,727,991.7929644037631,0,-14963.297422129162,74575469.41817118,17433098.270576008,17433098.270576008,1.0,True,-2.0064637257895934,-8.583269129724673,89.0,80.0,-9.0,-11.378400683269406,4.650359684874686,-48.815120192667315,19.884939949229953,41.0,117.0,54.0,100.0
pm_pm2win,BTC|sell|60-75|30-90d,BTC,sell,60-75,30-90d,595,118.1542091023209,0,-2399.305374848173,9264842.83335131,2062614.9757871812,2062614.9757871812,1.0,True,-2.589688155541315,-11.632347301912207,94.0,84.0,-10.0,-15.252261498489325,10.378856650967808,-68.13994125800485,46.8100879108048,27.0,120.0,45.0,104.0
pm_pm2win,BTC|sell|60-75|7-30d,BTC,sell,60-75,7-30d,1011,1413.382646653485,0,-37433.00825326357,106478382.94172636,23925459.21345512,23925459.21345512,1.0,True,-3.515550031760903,-15.645680159907702,98.0,88.0,-10.0,-11.23364762731043,0.9479713110021312,-50.12850361518787,4.208143718894989,65.0,116.0,69.0,100.0
pm_pm2win,BTC|sell|60-75|<=2d,BTC,sell,60-75,<=2d,823,367.1864900000007,0,-9696.338117558362,29127108.583138335,6903980.41311582,6903980.41311582,1.0,True,-3.3289737942514366,-14.044562031401142,97.0,86.0,-11.0,-7.730231157203484,1.013644799056756,-32.62294482531562,4.27816270163235,65.0,111.0,69.0,95.0
pm_pm2win,BTC|sell|60-75|>90d,BTC,sell,60-75,>90d,222,55.72799903362769,0,-12880.633270926195,4360492.192116393,1044567.3985706273,1044567.3985706273,1.0,True,-29.539402212928852,-123.31069578231036,125.0,113.0,-12.0,-48.67854042636337,-15.858249963378645,-202.22545578207811,-66.31476099047752,120.0,129.0,102.0,120.0
pm_pm2win,BTC|sell|75-90|2-7d,BTC,sell,75-90,2-7d,387,271.3812600000003,0,-41577.01477073141,21696639.84761402,5209930.332550391,5209930.332550391,1.0,True,-19.162881931371338,-79.8033987344672,123.0,105.0,-18.0,-30.513185530637998,-7.940319053239521,-126.69227121456042,-33.145999048896165,112.0,127.0,95.0,114.0
pm_pm2win,BTC|sell|75-90|30-90d,BTC,sell,75-90,30-90d,225,76.90011879997597,0,-10311.038436518013,5835832.071201645,1388310.4036687915,1388310.4036687915,1.0,True,-17.668497500811203,-74.27041106419534,122.0,103.0,-19.0,-38.24267716004537,1.656473799279311,-159.5415950432946,7.025519970605351,59.0,128.0,66.0,117.0
pm_pm2win,BTC|sell|75-90|7-30d,BTC,sell,75-90,7-30d,554,439.75651335841866,0,-4879.48080028481,32670054.44108048,7748310.19194503,7748310.19194503,1.0,True,-1.493563718751928,-6.297477358814841,83.0,76.0,-7.0,-8.357106082519445,3.4643445248969695,-35.123856989775504,14.645173461721297,46.0,112.0,57.0,96.0
pm_pm2win,BTC|sell|75-90|<=2d,BTC,sell,75-90,<=2d,512,322.5790998232866,0,14677.072698759683,24721032.115435597,5950521.564269342,5950521.564269342,1.0,True,5.937079257138074,24.665186976029158,37.0,54.0,17.0,-12.22511495547739,13.542879845910889,-50.69035757701233,56.396335532376234,21.0,117.0,42.0,100.0
pm_pm2win,BTC|sell|75-90|>90d,BTC,sell,75-90,>90d,118,53.02491222930619,0,-24869.292382644733,3993911.550489693,1015808.655913302,1015808.655913302,1.0,False,-62.26800986515466,-244.8226074652321,,,,,,,,,,,
pm_pm2win,BTC|sell|90-100|2-7d,BTC,sell,90-100,2-7d,221,84.5426752032587,0,6526.2497483971365,6791619.979816204,1644569.4086407635,1644569.4086407635,1.0,True,9.609268138959905,39.68363824662823,26.0,45.0,19.0,-0.26817685684527065,21.3981404941316,-1.105529492988023,88.47958290148522,12.0,77.0,37.0,76.0
pm_pm2win,BTC|sell|90-100|30-90d,BTC,sell,90-100,30-90d,68,25.61661114595518,0,-24230.500671545822,1643552.4200825044,411175.5106140095,411175.5106140095,1.0,False,-147.4276109205539,-589.2982448142972,,,,,,,,,,,
pm_pm2win,BTC|sell|90-100|7-30d,BTC,sell,90-100,7-30d,203,83.0738139497629,0,-21400.023990220583,6133938.141129799,1508936.3325401784,1508936.3325401784,1.0,True,-34.887903167342586,-141.8219147404005,127.0,115.0,-12.0,-79.35355631099958,11.661350856824761,-316.669276557311,48.20064404786734,24.0,130.0,44.0,123.0
pm_pm2win,BTC|sell|90-100|<=2d,BTC,sell,90-100,<=2d,523,484.62115605916546,0,-27308.881829151407,37756148.17580494,9178665.490075022,9178665.490075022,1.0,True,-7.232962881169008,-29.752562459848615,111.0,94.0,-17.0,-26.369396010402276,7.066790336194962,-108.10768479735569,29.201511600072234,34.0,125.0,50.0,111.0
pm_pm2win,BTC|sell|90-100|>90d,BTC,sell,90-100,>90d,118,36.14760000000003,0,-30681.85677611186,2669079.9888873994,729819.259134594,729819.259134594,1.0,False,-114.95293098691107,-420.4034956886974,,,,,,,,,,,
pm_pm2win,ETH|buy|00-10|2-7d,ETH,buy,00-10,2-7d,3038,65094.48262454078,0,41745.66171496377,161706338.58158225,363219.9897021421,363219.9897021421,1.0,True,2.581572378741525,1149.3217030592734,50.0,7.0,-43.0,2.0281393176821982,3.1966658878660614,880.2634089225221,1404.3814427947957,45.0,56.0,3.0,9.0
pm_pm2win,ETH|buy|00-10|30-90d,ETH,buy,00-10,30-90d,1745,42042.86513073237,0,86659.9884065096,95994265.96801236,692223.3001941906,692223.3001941906,1.0,True,9.027621340985807,1251.9079953275009,28.0,5.0,-23.0,6.006901327574202,11.406531089750173,786.2667788419674,1654.5778004768251,23.0,37.0,2.0,10.0
pm_pm2win,ETH|buy|00-10|7-30d,ETH,buy,00-10,7-30d,3057,48072.419289181,0,36598.031875193636,124298542.01076931,509530.8777548284,509530.8777548284,1.0,True,2.9443653387360538,718.269166266378,47.0,11.0,-36.0,0.6337652637364423,4.867527691802669,151.96191407756282,1246.9282564228815,39.0,68.0,5.0,32.0
pm_pm2win,ETH|buy|00-10|<=2d,ETH,buy,00-10,<=2d,3128,36466.054138022555,0,-7369.804760598173,88263053.0314996,80013.29208613548,80013.29208613548,1.0,True,-0.8349818533886442,-921.0725578775673,78.0,131.0,53.0,-1.6317717549961737,-0.022216851361799572,-1691.8864687140447,-25.926431254095796,73.0,89.0,92.89999999999986,132.0
pm_pm2win,ETH|buy|00-10|>90d,ETH,buy,00-10,>90d,1292,102496.25722457729,0,505561.73082172073,252799927.381651,1319180.27660486,1319180.27660486,1.0,True,19.99849193225741,3832.3930382197022,14.0,1.0,-13.0,17.27137915822607,22.7687667688523,2884.711027137261,4848.836016156622,10.0,18.0,1.0,2.0
pm_pm2win,ETH|buy|10-25|2-7d,ETH,buy,10-25,2-7d,5721,116094.34337838397,0,35414.95093852402,294953011.2399991,1601124.3332899571,1601124.3332899571,1.0,True,1.2006980633843192,221.18801271200542,59.0,27.0,-32.0,0.2914519397500863,2.710748928549306,61.25174052897982,429.7097351923433,48.0,72.0,18.0,41.0
pm_pm2win,ETH|buy|10-25|30-90d,ETH,buy,10-25,30-90d,4120,66739.59899754533,0,169880.03738351635,152412662.187345,3519667.0476154443,3519667.0476154443,1.0,True,11.146058007614915,482.659396713701,23.0,17.0,-6.0,7.857489869517585,15.5461860187676,334.9826696116271,681.7909772857936,18.0,33.0,11.0,22.0
pm_pm2win,ETH|buy|10-25|7-30d,ETH,buy,10-25,7-30d,6280,73728.44586878059,0,172034.5865606846,179985231.6470422,2303288.2398883053,2303288.2398883053,1.0,True,9.558261252126002,746.9086308061347,27.0,10.0,-17.0,3.2781905483640728,18.522885308106655,249.9000905255569,1448.0043094742646,15.0,47.0,4.0,25.0
pm_pm2win,ETH|buy|10-25|<=2d,ETH,buy,10-25,<=2d,4897,38138.296562677824,0,-7244.745870221661,94059233.05256988,327797.6132566675,327797.6132566675,1.0,True,-0.7702322924717618,-221.01277060089456,77.0,120.0,43.0,-2.360694466048668,0.9515797955645906,-661.8448395166009,278.3950715928238,65.0,94.0,24.0,129.0
pm_pm2win,ETH|buy|10-25|>90d,ETH,buy,10-25,>90d,1373,26440.17674022586,0,110232.42631777491,60353000.416180015,2179223.4013259755,2179223.4013259755,1.0,True,18.264614113240135,505.83352881904,15.0,16.0,1.0,14.851275495952867,21.061738802693295,384.1015461661793,611.479211591325,12.0,20.0,12.0,20.0
pm_pm2win,ETH|buy|25-40|2-7d,ETH,buy,25-40,2-7d,4222,40068.4791234486,0,2747.472758361602,107235592.2795228,1648698.8988450335,1648698.8988450335,1.0,True,0.25620903470183437,16.664490770790803,70.0,58.0,-12.0,-1.3454806422136296,1.9329688653376391,-88.57792173401411,125.39667070315312,56.0,86.0,34.0,107.0
pm_pm2win,ETH|buy|25-40|30-90d,ETH,buy,25-40,30-90d,3796,37094.3372475582,0,56558.331727399236,96058926.92395957,4898001.611562811,4898001.611562811,1.0,True,5.8878787780099735,115.47226034773213,38.0,35.0,-3.0,2.4919058212296923,9.60981319040819,48.52213709496574,189.06746605655727,27.0,51.0,29.0,44.0
pm_pm2win,ETH|buy|25-40|7-30d,ETH,buy,25-40,7-30d,6316,44696.17146384616,0,13089.524382229387,118866335.99377482,3582846.6957179164,3582846.6957179164,1.0,True,1.1011969261772232,36.53386676542285,60.0,46.0,-14.0,-1.390141954468136,3.5801237109855895,-46.75222456314203,117.38682841808921,44.0,86.0,35.0,98.0
pm_pm2win,ETH|buy|25-40|<=2d,ETH,buy,25-40,<=2d,3933,24255.50935331657,0,-19254.8704856842,67031965.227903135,542937.397179732,542937.397179732,1.0,True,-2.872490821389353,-354.6425533717682,95.0,126.0,31.0,-7.379703763190893,2.20117463861348,-910.4221777566069,268.17089842928914,54.0,112.0,25.0,131.0
pm_pm2win,ETH|buy|25-40|>90d,ETH,buy,25-40,>90d,1466,26850.324672206105,0,211996.9405869498,66021769.17488339,4878186.015809832,4878186.015809832,1.0,True,32.11015748841817,434.58150201710987,6.0,19.0,13.0,24.233981674979773,39.61717605772463,335.63068000931696,524.9048534858402,5.0,11.0,14.0,22.0
pm_pm2win,ETH|buy|40-60|2-7d,ETH,buy,40-60,2-7d,5252,63505.747699999636,0,-78080.94313440874,180976805.43026215,5285079.712872126,5285079.712872126,1.0,True,-4.314417140294619,-147.73843986541576,103.0,116.0,13.0,-6.078457313364107,-2.777693960251883,-213.36436561474406,-94.1882896361285,93.0,109.0,108.0,121.0
pm_pm2win,ETH|buy|40-60|30-90d,ETH,buy,40-60,30-90d,3840,25033.348544787703,0,38984.96938962649,67446815.32127503,5879561.13006579,5879561.13006579,1.0,True,5.7801052879852275,66.30591727377832,39.0,39.0,0.0,2.4122164739937424,9.433615944597625,27.66482092493615,107.85846664624275,28.0,52.0,35.0,51.0
pm_pm2win,ETH|buy|40-60|7-30d,ETH,buy,40-60,7-30d,6636,33696.450683325944,0,-33987.71270237317,86480545.90282813,4831861.441806605,4831861.441806605,1.0,True,-3.930099231862236,-70.34082643244288,102.0,100.0,-2.0,-8.211896563146132,-0.3463955424800257,-144.98758191231397,-6.262050979657029,77.0,113.0,79.0,115.0
pm_pm2win,ETH|buy|40-60|<=2d,ETH,buy,40-60,<=2d,4381,20821.978299999944,0,-4024.025569723298,58341894.16995415,806383.6444895613,806383.6444895613,1.0,True,-0.689731731712553,-49.90212285704895,76.0,99.0,23.0,-4.440956241188356,3.39689225458996,-320.10865965387956,244.58911114551643,46.0,102.0,25.0,123.0
pm_pm2win,ETH|buy|40-60|>90d,ETH,buy,40-60,>90d,1569,15542.433658690758,0,247103.2835663599,41735251.166987635,5138189.667255517,5138189.667255517,1.0,True,59.207331130624006,480.91506847458635,3.0,18.0,15.0,48.18836293286712,69.76932271364488,398.6255492797045,564.8760769792269,3.0,5.0,13.0,20.0
pm_pm2win,ETH|buy|60-75|2-7d,ETH,buy,60-75,2-7d,1539,16178.1310803239,0,-14521.296182247926,45686278.5317392,1884586.6502118853,1884586.6502118853,1.0,True,-3.1784808587899502,-77.05295047386274,96.0,104.0,8.0,-9.003186343131809,2.7849350010254534,-219.84924414142756,65.35474984981391,50.0,114.0,42.0,120.0
pm_pm2win,ETH|buy|60-75|30-90d,ETH,buy,60-75,30-90d,1101,13260.588559267413,0,101895.92498082739,31856046.792375322,3914577.0297309235,3914577.0297309235,1.0,True,31.986368442055394,260.2986841411866,7.0,24.0,17.0,18.892314001532647,48.21060966421241,155.8323337036514,383.0289256687625,4.0,14.0,19.0,32.0
pm_pm2win,ETH|buy|60-75|7-30d,ETH,buy,60-75,7-30d,2441,13953.437307403738,0,-6305.245890866424,33823436.00919921,2766867.1402829145,2766867.1402829145,1.0,True,-1.8641648025208142,-22.788394133813405,86.0,90.0,4.0,-11.167320884931744,7.815933497602116,-140.87606128997598,92.68905830179246,32.0,116.0,36.0,116.0
pm_pm2win,ETH|buy|60-75|<=2d,ETH,buy,60-75,<=2d,1462,8201.225935787113,0,14649.11257791993,21188451.092517655,451605.5425926073,451605.5425926073,1.0,True,6.9137250825724665,324.37849397997473,32.0,20.0,-12.0,-3.872141252945086,19.18968619057422,-188.34984266193692,878.0278430572038,15.0,100.0,9.0,117.0
pm_pm2win,ETH|buy|60-75|>90d,ETH,buy,60-75,>90d,750,10414.979219657205,0,265730.26531250065,26644425.750061244,4357706.299548248,4357706.299548248,1.0,True,99.73202943279416,609.7938847784401,2.0,14.0,12.0,79.57598415818673,122.44526487666653,507.9813590326666,725.7052546244907,2.0,3.0,10.0,16.0
pm_pm2win,ETH|buy|75-90|2-7d,ETH,buy,75-90,2-7d,899,5479.166983177723,0,20800.15662188219,13823269.072298944,1122534.0369044393,1122534.0369044393,1.0,True,15.047205196609056,185.2964448119705,20.0,29.0,9.0,8.827848111976548,21.26324759243408,109.39703138131355,263.0620479750638,12.0,29.0,23.0,36.0
pm_pm2win,ETH|buy|75-90|30-90d,ETH,buy,75-90,30-90d,540,9840.630718183495,0,79560.76206748885,25052029.487118468,3567623.448839205,3567623.448839205,1.0,True,31.75821029126534,223.00773388339366,8.0,26.0,18.0,22.630248945477792,45.789229723579005,162.47374663362794,304.81946969286327,5.0,12.0,22.0,32.0
pm_pm2win,ETH|buy|75-90|7-30d,ETH,buy,75-90,7-30d,1099,11646.41575326142,0,65632.31033142252,27386446.178037934,3605941.456072541,3605941.456072541,1.0,True,23.965252703746266,182.01158041791066,10.0,30.0,20.0,8.533848394630413,40.53974086451048,66.8936918751261,294.96493322499975,5.0,30.0,22.0,41.0
pm_pm2win,ETH|buy|75-90|<=2d,ETH,buy,75-90,<=2d,1061,5413.8154590799195,0,27689.443510860794,12888955.206285147,442462.5353226181,442462.5353226181,1.0,True,21.483078393629892,625.8031200465651,12.0,13.0,1.0,6.823832679479853,33.95958982089461,189.6942672110084,1065.3840964405326,7.0,34.0,7.0,28.0
pm_pm2win,ETH|buy|75-90|>90d,ETH,buy,75-90,>90d,333,1902.036182683302,0,75529.4940138134,4988573.802389307,987571.4786731901,987571.4786731901,1.0,True,151.40498468247196,764.8002766876972,1.0,9.0,8.0,123.11726445409326,184.7540641261137,651.278100709179,880.3769505756695,1.0,1.0,8.0,13.0
pm_pm2win,ETH|buy|90-100|2-7d,ETH,buy,90-100,2-7d,473,3480.289862472201,0,-12667.38022617257,8322117.940985399,1158850.4269246422,1158850.4269246422,1.0,True,-15.2213418699431,-109.30988099809629,120.0,112.0,-8.0,-42.128947540095545,9.46377782958316,-297.9121369017792,69.56067419329007,29.0,128.0,41.0,123.0
pm_pm2win,ETH|buy|90-100|30-90d,ETH,buy,90-100,30-90d,246,1738.7046452401582,0,27098.13358338228,5255813.031246547,1100065.123876159,1100065.123876159,1.0,True,51.55840480298684,246.332085212374,4.0,25.0,21.0,29.458836336417573,85.60148851672517,146.04478263787755,401.6634934869614,3.0,8.0,19.0,32.0
pm_pm2win,ETH|buy|90-100|7-30d,ETH,buy,90-100,7-30d,390,5103.651350228187,0,31400.171467237382,12332363.874443773,2021246.6088341845,2021246.6088341845,1.0,True,25.461599890275394,155.35052145541206,9.0,34.0,25.0,6.220984155434323,46.86881553437343,36.99491808390141,288.7925738343234,5.0,36.0,23.0,48.0
pm_pm2win,ETH|buy|90-100|<=2d,ETH,buy,90-100,<=2d,1022,8058.899286115168,0,-47459.34305895321,19863799.35841931,1485107.7157676318,1485107.7157676318,1.0,True,-23.892379399632564,-319.56835558168336,124.0,122.0,-2.0,-37.79087873231899,5.798182013210796,-534.73493577949,70.84387503657919,38.0,128.0,41.0,128.0
pm_pm2win,ETH|buy|90-100|>90d,ETH,buy,90-100,>90d,95,1045.379234129902,0,32014.880350650084,2416691.756695751,540915.56026829,540915.56026829,1.0,False,132.47399161249587,591.8646587791068,,,,,,,,,,,
pm_pm2win,ETH|sell|00-10|2-7d,ETH,sell,00-10,2-7d,4955,116801.23514681435,0,29536.163264975745,298842718.7646538,38057668.32793315,38057668.32793315,1.0,True,0.9883514440998049,7.7608967029903715,63.0,64.0,1.0,0.31699454544459177,1.5001712821959907,2.5514609690253938,11.579776056340702,57.0,73.0,58.0,73.0
pm_pm2win,ETH|sell|00-10|30-90d,ETH,sell,00-10,30-90d,2973,53970.7263741304,0,-14.615092505696119,125437863.32788897,11018697.213813622,11018697.213813622,1.0,True,-0.0011651260726191518,-0.013263902457882105,73.0,73.0,0.0,-1.3723890512999657,1.2283060866552522,-15.456244108518394,14.23297544023017,61.0,86.0,57.0,87.0
pm_pm2win,ETH|sell|00-10|7-30d,ETH,sell,00-10,7-30d,4306,70174.98542272062,0,17911.26567002202,173359713.66871172,16415975.156058436,16415975.156058436,1.0,True,1.0331850053842515,10.910875229615426,61.0,62.0,1.0,0.13949383834084594,2.0693613699359243,1.4684741955259706,21.930317743595534,54.0,75.0,52.0,74.0
pm_pm2win,ETH|sell|00-10|<=2d,ETH,sell,00-10,<=2d,9698,122416.78596230787,0,64666.67012861957,327455248.9452137,54579363.03797531,54579363.03797531,1.0,True,1.9748246619017826,11.848190695011535,55.0,60.0,5.0,1.7293716126060985,2.211366363840397,10.44357229956611,13.172481532263197,50.0,60.0,54.0,65.0
pm_pm2win,ETH|sell|00-10|>90d,ETH,sell,00-10,>90d,1259,87909.56937801171,0,-110983.98560047937,212628915.66856965,25895231.856706336,25895231.856706336,1.0,True,-5.219609254532109,-42.858849928287775,105.0,97.0,-8.0,-8.450670048789462,-1.7312364703462937,-68.51602331671194,-14.437238744019261,88.0,114.0,86.0,105.0
pm_pm2win,ETH|sell|10-25|2-7d,ETH,sell,10-25,2-7d,5732,63660.02718268499,0,-3008.073502930127,162099915.07622895,27987456.039252862,27987456.039252862,1.0,True,-0.18556909801683444,-1.0747934713005907,74.0,74.0,0.0,-1.6047051211373815,1.1355825839327045,-9.316899400447548,6.518102130423589,63.0,88.0,65.0,83.0
pm_pm2win,ETH|sell|10-25|30-90d,ETH,sell,10-25,30-90d,4615,54288.409561230364,0,7620.21943054683,127399032.65715903,18247311.506841756,18247311.506841756,1.0,True,0.5981379349287094,4.176077899305692,67.0,68.0,1.0,-1.1176681441530316,2.695932591039106,-7.811240862137786,18.835712384924108,49.0,84.0,53.899999999999864,82.0
pm_pm2win,ETH|sell|10-25|7-30d,ETH,sell,10-25,7-30d,6458,56041.005098997965,0,4013.410619832418,141383699.7665938,21142830.752835095,21142830.752835095,1.0,True,0.2838665720629775,1.8982371219588228,69.0,70.0,1.0,-1.1295357706904432,1.4874275538931463,-7.532189007129528,9.958786762907318,59.0,84.0,60.0,82.0
pm_pm2win,ETH|sell|10-25|<=2d,ETH,sell,10-25,<=2d,8045,55493.599782125704,0,-27105.72798424822,144205240.51639396,29141971.42049561,29141971.42049561,1.0,True,-1.8796631722386474,-9.301267780801098,87.0,81.0,-6.0,-8.309665616807216,2.2205231047060994,-41.117890175999584,10.928332451821548,53.0,110.10000000000036,59.0,97.0
pm_pm2win,ETH|sell|10-25|>90d,ETH,sell,10-25,>90d,1692,55488.25843371025,0,132932.753598892,138284517.90351763,20581110.572227232,20581110.572227232,1.0,True,9.612988902462705,64.58968923585468,25.0,40.0,15.0,-1.8963612626251323,14.768060081942457,-12.443220755687634,100.77007543949323,20.0,90.0,35.0,86.0
pm_pm2win,ETH|sell|25-40|2-7d,ETH,sell,25-40,2-7d,4643,64114.624462662694,0,157048.26509700686,174752428.14976662,35939342.412500024,35939342.412500024,1.0,True,8.986900311474534,43.698146531023916,29.0,43.0,14.0,-0.6315737844159982,15.76400258599161,-3.086017675646031,76.95193079777923,18.0,79.0,38.0,77.0
pm_pm2win,ETH|sell|25-40|30-90d,ETH,sell,25-40,30-90d,4389,45504.03556657938,0,-53006.94608548793,106197634.01759343,18888423.7007752,18888423.7007752,1.0,True,-4.991349061195321,-28.063191998023886,104.0,92.0,-12.0,-18.230127719756215,5.402380575746737,-103.1534941461625,30.20913421239361,38.0,122.0,49.0,110.0
pm_pm2win,ETH|sell|25-40|7-30d,ETH,sell,25-40,7-30d,5791,49786.492339907665,0,-3662.0399833367205,124780998.63317566,23022393.24324571,23022393.24324571,1.0,True,-0.2934773742356547,-1.5906426167970555,75.0,75.0,0.0,-2.7538195965674714,2.43071099386958,-14.849055646587987,13.284618577589072,52.0,95.0,58.0,87.0
pm_pm2win,ETH|sell|25-40|<=2d,ETH,sell,25-40,<=2d,6415,32744.8752651837,0,-57892.04545364032,86322337.3978642,18985457.922991987,18985457.922991987,1.0,True,-6.706496510493319,-30.492835984499077,110.0,95.0,-15.0,-13.399550545700341,-0.2664891154114878,-60.73942322337596,-1.2131929052146693,77.0,119.0,75.0,104.0
pm_pm2win,ETH|sell|25-40|>90d,ETH,sell,25-40,>90d,1507,18607.14768940686,0,18165.50276098497,45517943.13919433,8945039.070515657,8945039.070515657,1.0,True,3.990844380958665,20.30790767685018,46.0,56.0,10.0,-7.640304012800939,24.221752463538476,-38.96180828624999,123.08385184660051,11.0,110.0,34.899999999999864,96.0
pm_pm2win,ETH|sell|40-60|2-7d,ETH,sell,40-60,2-7d,6033,56566.165699999656,0,-27161.267034740922,163399500.16431835,35472360.099555336,35472360.099555336,1.0,True,-1.6622613292835609,-7.657022808324898,84.0,77.0,-7.0,-4.264250405655011,0.6681320560796802,-19.617091370498553,3.078165706536485,67.0,102.0,69.0,91.0
pm_pm2win,ETH|sell|40-60|30-90d,ETH,sell,40-60,30-90d,5287,34248.08263752955,0,16208.268512072847,88825623.78958902,18455693.954105802,18455693.954105802,1.0,True,1.8247289262462312,8.782259042861417,56.0,63.0,7.0,-1.322592196894547,5.481086198547246,-6.3537760655576045,26.390246610405093,38.0,85.0,51.0,80.0
pm_pm2win,ETH|sell|40-60|7-30d,ETH,sell,40-60,7-30d,6849,34317.020053039465,0,-133399.33024724544,88973976.97795025,18394919.10259288,18394919.10259288,1.0,True,-14.99307266891136,-72.51966127344477,119.0,102.0,-17.0,-44.56551900314404,4.647009416325049,-215.46960018210387,22.528918896674853,40.0,128.0,52.0,120.0
pm_pm2win,ETH|sell|40-60|<=2d,ETH,sell,40-60,<=2d,6678,28659.097525094636,0,-17781.743008396363,74675108.248224,17002818.885696296,17002818.885696296,1.0,True,-2.3812142259357576,-10.458114697296072,92.0,82.0,-10.0,-5.1850540149576405,0.43953670807796635,-22.80273931042155,1.9245438072736374,70.0,104.0,72.0,92.0
pm_pm2win,ETH|sell|40-60|>90d,ETH,sell,40-60,>90d,2296,19862.186400749655,0,-46323.112716152595,51693041.81900491,12078845.57641724,12078845.57641724,1.0,True,-8.961189182549118,-38.3506125838664,114.0,96.0,-18.0,-23.90798222784947,8.402583859050303,-99.84573578212314,36.4493693510886,31.0,125.0,48.0,110.0
pm_pm2win,ETH|sell|60-75|2-7d,ETH,sell,60-75,2-7d,1639,8265.549900000005,0,-15259.750135092088,23237325.361946616,5327041.094291065,5327041.094291065,1.0,True,-6.566913316143267,-28.64582770244781,109.0,93.0,-16.0,-13.696129479935543,0.03538493310835327,-59.674038108196314,0.15491260146970726,74.0,119.0,74.0,102.0
pm_pm2win,ETH|sell|60-75|30-90d,ETH,sell,60-75,30-90d,1080,6021.012004476628,0,8886.813398292777,14947044.623725224,3411323.320045952,3411323.320045952,1.0,True,5.945532124917102,26.05092676519758,36.0,51.0,15.0,-0.09437724278520193,12.016902148699646,-0.4127864721018684,52.83848131960952,23.0,75.0,43.0,74.0
pm_pm2win,ETH|sell|60-75|7-30d,ETH,sell,60-75,7-30d,1794,12111.82634221975,0,-47931.07942161157,29331556.39922435,6671494.960202712,6671494.960202712,1.0,True,-16.34113061347098,-71.84458611980304,121.0,101.0,-20.0,-29.3034458461329,-4.417626372258182,-128.987715021276,-19.4300566124247,102.0,126.0,89.0,114.0
pm_pm2win,ETH|sell|60-75|<=2d,ETH,sell,60-75,<=2d,1771,7940.423000760263,0,85.52624675321815,19961076.499034915,4693659.337330424,4693659.337330424,1.0,True,0.04284651018563713,0.18221656197542072,72.0,72.0,0.0,-10.52496630997621,9.96632261292614,-44.71226878925531,42.4293351668679,28.0,115.0,46.0,98.0
pm_pm2win,ETH|sell|60-75|>90d,ETH,sell,60-75,>90d,1083,7267.236724452421,0,-60203.39735323743,17623755.294760212,4658357.840703138,4658357.840703138,1.0,True,-34.160368404080565,-129.2373823822651,126.0,114.0,-12.0,-55.30109912046906,-8.032552490441956,-208.0411482693579,-30.64588718715511,112.0,130.0,94.0,120.0
pm_pm2win,ETH|sell|75-90|2-7d,ETH,sell,75-90,2-7d,856,3907.230460304174,0,-11958.955140230259,10162867.218966423,2404951.39911413,2404951.39911413,1.0,True,-11.767304327180318,-49.72639008270758,116.0,98.0,-18.0,-20.372160718828205,-3.6663379983986264,-85.72084425309043,-15.48437187198765,99.0,123.0,87.0,107.0
pm_pm2win,ETH|sell|75-90|30-90d,ETH,sell,75-90,30-90d,518,5578.073267661812,0,16545.83912375433,14776651.495642813,3596114.192014724,3596114.192014724,1.0,True,11.197285886205814,46.010327370846134,22.0,42.0,20.0,-0.29504386866105275,22.570880996905654,-1.2110534191654654,92.97422554657915,12.0,76.0,36.0,75.0
pm_pm2win,ETH|sell|75-90|7-30d,ETH,sell,75-90,7-30d,951,5588.4251007257735,0,-54074.65850441956,14182737.66344718,3385005.664507925,3385005.664507925,1.0,True,-38.12709491467564,-159.74761599780172,129.0,117.0,-12.0,-86.91022692764383,17.06165351941,-363.3687274055639,71.82347999831104,17.0,130.0,40.0,125.0
pm_pm2win,ETH|sell|75-90|<=2d,ETH,sell,75-90,<=2d,1210,7473.00117981294,0,11207.01487005121,18748948.747183453,4540435.60490105,4540435.60490105,1.0,True,5.977409731697505,24.68268652010856,35.0,53.0,18.0,-18.075852781095318,20.352129663412725,-74.5682062848974,83.99910515767104,13.0,122.0,37.0,105.0
pm_pm2win,ETH|sell|75-90|>90d,ETH,sell,75-90,>90d,465,2999.0822662669934,0,-127157.43279494318,8280600.204539678,2311965.7841438567,2311965.7841438567,1.0,True,-153.5606473613248,-549.9970357131855,131.0,129.0,-2.0,-200.03057755542264,-104.19771921196912,-705.0837916313604,-379.8026328691941,131.0,132.0,124.0,131.0
pm_pm2win,ETH|sell|90-100|2-7d,ETH,sell,90-100,2-7d,458,2234.429108509112,0,-3221.3299977906836,6096168.092591504,1477796.809669771,1477796.809669771,1.0,True,-5.284188278380106,-21.798192936351803,106.0,89.0,-17.0,-23.493247760102733,16.5107683857183,-96.63425631938422,68.42517793940794,18.0,124.0,41.0,109.0
pm_pm2win,ETH|sell|90-100|30-90d,ETH,sell,90-100,30-90d,273,3038.168298974756,0,-39551.40184825859,9133693.341090983,2310249.384789189,2310249.384789189,1.0,True,-43.30274771797225,-171.1997073072164,130.0,118.0,-12.0,-74.15368929302807,-13.19855682340303,-289.530198178068,-52.88884534403849,119.0,130.0,100.0,123.0
pm_pm2win,ETH|sell|90-100|7-30d,ETH,sell,90-100,7-30d,489,3663.1616539755287,0,6340.71311939082,9202210.997486243,2242630.359005424,2242630.359005424,1.0,True,6.890423530956751,28.273554283831416,33.0,49.0,16.0,-12.230593727371717,21.98251150851704,-49.90543456953185,90.61847213326546,12.0,117.0,37.0,99.0
pm_pm2win,ETH|sell|90-100|<=2d,ETH,sell,90-100,<=2d,1109,9176.693279676294,0,-11866.794955690217,21110222.628893092,5124175.470989941,5124175.470989941,1.0,True,-5.621349980197935,-23.158447681725598,107.0,91.0,-16.0,-13.04183194458795,4.528044447652408,-53.73998119804213,18.648691239106853,42.0,118.0,55.0,101.0
pm_pm2win,ETH|sell|90-100|>90d,ETH,sell,90-100,>90d,227,1825.1336398571682,0,-87077.76390284179,5149814.976383944,1472532.7190131638,1472532.7190131638,1.0,True,-169.0891115548104,-591.3468867516781,132.0,130.0,-2.0,-205.99749880360665,-127.66790070892569,-718.0635808594606,-450.6737879333031,131.0,132.0,126.0,131.0
