ccy,day,ts,tenor_days,K_sm_pct,K_pm_pct,K_pm2_pct,legacy_thin,legacy_thin_below,drawn,printed
BTC,2024-01-11,1704960000,29.0,28.611733837071423,23.909140898866756,,False,0.05,True,
BTC,2024-01-12,1705046400,28.0,28.997035004858134,23.40995884982699,,False,0.05,True,
BTC,2024-01-13,1705132800,27.0,28.928177057861948,23.34821257454944,,False,0.05,True,
BTC,2024-01-14,1705219200,33.0,28.814475714588266,23.51224817680429,,False,0.05,True,
BTC,2024-01-15,1705305600,32.0,28.95785900103993,23.468701188588692,,False,0.05,True,
BTC,2024-01-16,1705392000,31.0,28.949411712505256,23.379250938368198,,False,0.05,True,
BTC,2024-01-17,1705478400,30.0,28.903433652079684,23.085818394417274,,False,0.05,True,
BTC,2024-01-18,1705564800,29.0,29.033339070922022,22.890390102997287,,False,0.05,True,
BTC,2024-01-19,1705651200,28.0,29.03777459683362,22.859734972083107,,False,0.05,True,
BTC,2024-01-20,1705737600,27.0,29.051489245663436,22.901592400889562,,False,0.05,True,
BTC,2024-01-21,1705824000,33.0,28.871689673641008,22.88103913636629,,False,0.05,True,
BTC,2024-01-22,1705910400,32.0,28.878800079246762,22.827998184401974,,False,0.05,True,
BTC,2024-01-23,1705996800,31.0,28.825643416062164,22.83705748741343,,False,0.05,True,
BTC,2024-01-24,1706083200,30.0,28.97508527377701,22.875799011038424,,False,0.05,True,
BTC,2024-01-25,1706169600,29.0,29.00217228822368,22.798152431487342,,False,0.05,True,
BTC,2024-01-26,1706256000,28.0,29.187020999007743,22.837967091496367,,False,0.05,True,
BTC,2024-01-27,1706342400,27.0,29.16543230701716,22.88913892774352,,False,0.05,True,
BTC,2024-01-28,1706428800,33.0,28.960587603944145,22.69947888514749,,False,0.05,True,
BTC,2024-01-29,1706515200,32.0,28.948338074327,22.72397827178993,,False,0.05,True,
BTC,2024-01-30,1706601600,31.0,28.892550964565352,22.775070235062792,,False,0.05,True,
BTC,2024-01-31,1706688000,30.0,28.96869823703971,22.831736391666855,,False,0.05,True,
BTC,2024-02-01,1706774400,29.0,29.133652269835295,22.806116444287277,,False,0.05,True,
BTC,2024-02-02,1706860800,28.0,29.118401064546592,22.82207202142904,,False,0.05,True,
BTC,2024-02-03,1706947200,27.0,29.127235791098144,22.86521386900258,,False,0.05,True,
BTC,2024-02-04,1707033600,33.0,29.066416048990206,22.68952980124281,,False,0.05,True,
BTC,2024-02-05,1707120000,32.0,29.055450358636495,22.70476941741106,,False,0.05,True,
BTC,2024-02-06,1707206400,31.0,29.011761339987984,22.727064879110195,,False,0.05,True,
BTC,2024-02-07,1707292800,30.0,29.03974163603064,22.74226663447564,,False,0.05,True,
BTC,2024-02-08,1707379200,29.0,28.97365469976322,22.809767987092513,,False,0.05,True,
BTC,2024-02-09,1707465600,28.0,28.99116158625976,22.892285235079814,,False,0.05,True,
BTC,2024-02-10,1707552000,27.0,29.15672888081243,22.92863039698102,,False,0.05,True,
BTC,2024-02-11,1707638400,33.0,28.69192111637381,23.121570945865678,,False,0.05,True,
BTC,2024-02-12,1707724800,32.0,28.73626944050591,23.173599108383065,,False,0.05,True,
BTC,2024-02-13,1707811200,31.0,28.42955119479955,23.371471412382807,,False,0.05,True,
BTC,2024-02-14,1707897600,30.0,28.673607187851857,23.204404859169298,,False,0.05,True,
BTC,2024-02-15,1707984000,29.0,28.33624400186574,23.497449990643872,,False,0.05,True,
BTC,2024-02-16,1708070400,28.0,28.54047101552772,23.451888015804897,,False,0.05,True,
BTC,2024-02-17,1708156800,27.0,28.660145885880844,23.409797183773563,,False,0.05,True,
BTC,2024-02-18,1708243200,33.0,28.337822601333446,23.680792286597548,,False,0.05,True,
BTC,2024-02-19,1708329600,32.0,28.23435351466867,23.65588318840253,,False,0.05,True,
BTC,2024-02-20,1708416000,31.0,28.149963909683304,23.676829982952032,,False,0.05,True,
BTC,2024-02-21,1708502400,30.0,28.41470864548524,23.51206531305225,,False,0.05,True,
BTC,2024-02-22,1708588800,29.0,28.585891650102663,23.48700146023234,,False,0.05,True,
BTC,2024-02-23,1708675200,28.0,28.599751144521175,23.3213987193348,,False,0.05,True,
BTC,2024-02-24,1708761600,27.0,28.61148063548836,23.20804757848789,,False,0.05,True,
BTC,2024-02-25,1708848000,33.0,28.152448882416966,23.572144123199088,,False,0.05,True,
BTC,2024-02-26,1708934400,32.0,28.231771328692663,23.56903318408497,,False,0.05,True,
BTC,2024-02-27,1709020800,31.0,28.04386941618361,23.791437516359228,,False,0.05,True,
BTC,2024-02-28,1709107200,30.0,28.108587446282716,23.54092991550946,,False,0.05,True,
BTC,2024-02-29,1709193600,29.0,28.004330187088556,25.181497829176635,,False,0.05,True,
BTC,2024-03-01,1709280000,28.0,27.99950330130225,24.212204807645293,,False,0.05,True,
BTC,2024-03-02,1709366400,27.0,28.38145139262247,24.285113331358627,,False,0.05,True,
BTC,2024-03-03,1709452800,33.0,27.810335413213124,25.149271215336178,,False,0.05,True,
BTC,2024-03-04,1709539200,32.0,27.41739804972548,25.751633191375493,,False,0.05,True,
BTC,2024-03-05,1709625600,31.0,27.411522372505118,25.825678245471078,,False,0.05,True,
BTC,2024-03-06,1709712000,30.0,27.592758130435588,25.669996701046625,,False,0.05,True,
BTC,2024-03-07,1709798400,29.0,27.880713075430418,25.044607628781883,,False,0.05,True,
BTC,2024-03-08,1709884800,28.0,27.66131221825756,24.823746259661622,,False,0.05,True,
BTC,2024-03-09,1709971200,27.0,27.904298747277483,25.102826986191786,,False,0.05,True,
BTC,2024-03-10,1710057600,33.0,27.388110993087494,26.116165396359122,,False,0.05,True,
BTC,2024-03-11,1710144000,32.0,27.242567057834176,26.50210621355356,,False,0.05,True,
BTC,2024-03-12,1710230400,31.0,27.2883511481599,26.330709922713844,,False,0.05,True,
BTC,2024-03-13,1710316800,30.0,27.245094841391758,26.27685197882467,,False,0.05,True,
BTC,2024-03-14,1710403200,29.0,27.341351790441585,25.492249872083573,,False,0.05,True,
BTC,2024-03-15,1710489600,28.0,27.347993793387083,25.356812916459504,,False,0.05,True,
BTC,2024-03-16,1710576000,27.0,27.450459762163437,25.39310541078163,,False,0.05,True,
BTC,2024-03-17,1710662400,26.0,27.62444079852267,25.938046989752948,,False,0.05,True,
BTC,2024-03-18,1710748800,25.0,27.675903057693667,25.536736269942406,,False,0.05,True,
BTC,2024-03-19,1710835200,24.0,28.3821869295656,24.991195502602544,,False,0.05,True,
BTC,2024-03-20,1710921600,23.0,28.81603877927453,25.802762527526937,,False,0.05,True,
BTC,2024-03-21,1711008000,36.0,27.419019232812133,26.999737683360518,,False,0.05,True,
BTC,2024-03-22,1711094400,35.0,27.43623715689789,26.28212378196176,,False,0.05,True,
BTC,2024-03-23,1711180800,27.0,28.128748343551514,25.538150756203713,,False,0.05,True,
BTC,2024-03-24,1711267200,33.0,27.593220088459407,26.1395546863628,,False,0.05,True,
BTC,2024-03-25,1711353600,32.0,27.693544813486458,26.322182565939162,,False,0.05,True,
BTC,2024-03-26,1711440000,31.0,27.461136964445323,26.301122117013946,,False,0.05,True,
BTC,2024-03-27,1711526400,30.0,27.638745978611443,25.821989543752203,,False,0.05,True,
BTC,2024-03-28,1711612800,29.0,27.482709856914465,26.042420773126167,,False,0.05,True,
BTC,2024-03-29,1711699200,28.0,27.47829872567224,25.50485358394422,,False,0.05,True,
BTC,2024-03-30,1711785600,27.0,27.440485497544792,25.349552842722538,,False,0.05,True,
BTC,2024-03-31,1711872000,26.0,27.354750624303435,25.69478847550175,,False,0.05,True,
BTC,2024-04-01,1711958400,25.0,27.436130599267145,25.677068885788486,,False,0.05,True,
BTC,2024-04-02,1712044800,24.0,28.072169251246738,25.26252791374593,,False,0.05,True,
BTC,2024-04-03,1712131200,23.0,28.447782825281074,24.983621731588077,,False,0.05,True,
BTC,2024-04-04,1712217600,22.0,28.58506327283297,24.627932956843136,,False,0.05,True,
BTC,2024-04-05,1712304000,21.0,28.80962282535967,24.872491582636133,,False,0.05,True,
BTC,2024-04-06,1712390400,27.0,28.42493663279987,25.1759928763502,,False,0.05,True,
BTC,2024-04-07,1712476800,26.0,28.52609212971189,25.310285565696276,,False,0.05,True,
BTC,2024-04-08,1712563200,25.0,28.223472642711318,25.57389726504183,,False,0.05,True,
BTC,2024-04-09,1712649600,24.0,28.464643653684966,25.62090251500559,,False,0.05,True,
BTC,2024-04-10,1712736000,23.0,28.63750031501548,25.265731315786685,,False,0.05,True,
BTC,2024-04-11,1712822400,22.0,28.57162878746487,24.944171627782545,,False,0.05,True,
BTC,2024-04-12,1712908800,21.0,28.8403612531167,24.407906010903073,,False,0.05,True,
BTC,2024-04-13,1712995200,27.0,29.140105051179805,24.779220324349335,,False,0.05,True,
BTC,2024-04-14,1713081600,26.0,29.466195051773276,25.36417631035307,,False,0.05,True,
BTC,2024-04-15,1713168000,25.0,29.215787432545227,25.2189276404265,,False,0.05,True,
BTC,2024-04-16,1713254400,24.0,29.26459830335275,25.21887209306822,,False,0.05,True,
BTC,2024-04-17,1713340800,23.0,29.3320589651741,24.814425757351884,,False,0.05,True,
BTC,2024-04-18,1713427200,22.0,28.954727659394038,24.835544530405976,,False,0.05,True,
BTC,2024-04-19,1713513600,21.0,29.37998143506205,25.04175322315034,,False,0.05,True,
BTC,2024-04-20,1713600000,27.0,29.574769340478053,24.85455108328827,,False,0.05,True,
BTC,2024-04-21,1713686400,26.0,29.353897425341188,25.203844618121096,,False,0.05,True,
BTC,2024-04-22,1713772800,25.0,29.277381016755193,25.008009429117397,,False,0.05,True,
BTC,2024-04-23,1713859200,24.0,29.390939932110086,24.700871223891696,,False,0.05,True,
BTC,2024-04-24,1713945600,23.0,29.399308371384805,24.300127978905632,,False,0.05,True,
BTC,2024-04-25,1714032000,36.0,29.046022358332692,24.20090099574206,,False,0.05,True,
BTC,2024-04-26,1714118400,35.0,29.193850073879332,23.75553980788379,,False,0.05,True,
BTC,2024-04-27,1714204800,27.0,29.448406535854986,23.32546749626205,,False,0.05,True,
BTC,2024-04-28,1714291200,33.0,29.216377952919885,23.33997667116888,,False,0.05,True,
BTC,2024-04-29,1714377600,32.0,29.3934000291447,23.482368397156147,,False,0.05,True,
BTC,2024-04-30,1714464000,31.0,29.379598035688026,23.140732680335276,,False,0.05,True,
BTC,2024-05-01,1714550400,30.0,29.39324906175899,23.857074838462136,,False,0.05,True,
BTC,2024-05-02,1714636800,29.0,29.53523282924854,23.712980188609322,,False,0.05,True,
BTC,2024-05-03,1714723200,28.0,29.420186668981398,23.292476683995034,,False,0.05,True,
BTC,2024-05-04,1714809600,27.0,29.135981973992237,23.417208938283643,,False,0.05,True,
BTC,2024-05-05,1714896000,26.0,29.236329304687498,23.503644039353347,,False,0.05,True,
BTC,2024-05-06,1714982400,25.0,29.174830614547364,23.54371204679575,,False,0.05,True,
BTC,2024-05-07,1715068800,24.0,29.26945905962164,23.308772562782444,,False,0.05,True,
BTC,2024-05-08,1715155200,23.0,29.411903710240534,23.22485760485222,,False,0.05,True,
BTC,2024-05-09,1715241600,22.0,29.481311107280337,23.29048735788045,,False,0.05,True,
BTC,2024-05-10,1715328000,21.0,29.352229043997713,23.19615751779432,,False,0.05,True,
BTC,2024-05-11,1715414400,27.0,29.3275266975805,23.126395042109763,,False,0.05,True,
BTC,2024-05-12,1715500800,26.0,29.320652218440255,23.237116986727514,,False,0.05,True,
BTC,2024-05-13,1715587200,25.0,29.314472912639708,23.30878110470166,,False,0.05,True,
BTC,2024-05-14,1715673600,24.0,29.17778926237833,23.345273242674047,,False,0.05,True,
BTC,2024-05-15,1715760000,23.0,29.35992287579012,23.38786830700553,,False,0.05,True,
BTC,2024-05-16,1715846400,22.0,29.188465522321444,23.32984479382095,,False,0.05,True,
BTC,2024-05-17,1715932800,21.0,29.297536713524355,23.368392002240963,,False,0.05,True,
BTC,2024-05-18,1716019200,27.0,28.944257874021748,23.431484760456478,,False,0.05,True,
BTC,2024-05-19,1716105600,26.0,28.98785473288935,23.47634678264357,,False,0.05,True,
BTC,2024-05-20,1716192000,25.0,29.010460230315136,23.41455603426949,,False,0.05,True,
BTC,2024-05-21,1716278400,24.0,28.81108981060333,23.600550700661262,,False,0.05,True,
BTC,2024-05-22,1716364800,23.0,28.877023434950058,23.475819981320974,,False,0.05,True,
BTC,2024-05-23,1716451200,36.0,28.350132074266103,23.978589178527713,,False,0.05,True,
BTC,2024-05-24,1716537600,35.0,28.351892797667464,23.325282112970918,,False,0.05,True,
BTC,2024-05-25,1716624000,27.0,28.927286035510296,23.09105095398611,,False,0.05,True,
BTC,2024-05-26,1716710400,33.0,28.527673485062547,23.13848356672094,,False,0.05,True,
BTC,2024-05-27,1716796800,32.0,28.524201765610208,23.193600176986763,,False,0.05,True,
BTC,2024-05-28,1716883200,31.0,28.663815931067397,23.25571926147926,,False,0.05,True,
BTC,2024-05-29,1716969600,30.0,28.3740266491922,23.15619304034277,,False,0.05,True,
BTC,2024-05-30,1717056000,29.0,28.802004167229608,23.19738353050681,,False,0.05,True,
BTC,2024-05-31,1717142400,28.0,28.847657062404092,23.041026742409564,,False,0.05,True,
BTC,2024-06-01,1717228800,27.0,28.7478549842354,22.974103957733757,,False,0.05,True,
BTC,2024-06-02,1717315200,26.0,28.743333925979325,23.07821303280336,,False,0.05,True,
BTC,2024-06-03,1717401600,25.0,28.635548207817486,23.14316263137085,,False,0.05,True,
BTC,2024-06-04,1717488000,24.0,28.809299525286757,23.176490001212578,,False,0.05,True,
BTC,2024-06-05,1717574400,23.0,28.588083452209236,23.470196349525494,,False,0.05,True,
BTC,2024-06-06,1717660800,22.0,28.933312643668618,23.471931916041754,,False,0.05,True,
BTC,2024-06-07,1717747200,21.0,28.97805536996331,23.320433003574966,,False,0.05,True,
BTC,2024-06-08,1717833600,27.0,28.66526840953074,23.06850218145273,,False,0.05,True,
BTC,2024-06-09,1717920000,26.0,28.804003642169945,23.113782979687983,,False,0.05,True,
BTC,2024-06-10,1718006400,25.0,28.84479036061506,23.247100690549274,,False,0.05,True,
BTC,2024-06-11,1718092800,24.0,29.148239252728413,23.283703894355174,,False,0.05,True,
BTC,2024-06-12,1718179200,23.0,29.026018390060575,23.31416547417962,,False,0.05,True,
BTC,2024-06-13,1718265600,22.0,29.082270172677944,23.19951860737288,,False,0.05,True,
BTC,2024-06-14,1718352000,21.0,29.06005550653519,23.19170852648395,,False,0.05,True,
BTC,2024-06-15,1718438400,27.0,28.949569941466507,23.034900849098406,,False,0.05,True,
BTC,2024-06-16,1718524800,26.0,29.022871703283027,23.02721267295045,,False,0.05,True,
BTC,2024-06-17,1718611200,25.0,28.970841935677733,23.067049326177766,,False,0.05,True,
BTC,2024-06-18,1718697600,24.0,29.160139896596924,23.15610528692632,,False,0.05,True,
BTC,2024-06-19,1718784000,23.0,29.154863555571776,23.234394699725758,,False,0.05,True,
BTC,2024-06-20,1718870400,36.0,28.650501524240152,23.20749482155343,,False,0.05,True,
BTC,2024-06-21,1718956800,35.0,28.87628803562172,22.912697505215135,,False,0.05,True,
BTC,2024-06-22,1719043200,27.0,29.259626982104923,22.905603707580678,,False,0.05,True,
BTC,2024-06-23,1719129600,33.0,29.071991565577417,22.868240362089885,,False,0.05,True,
BTC,2024-06-24,1719216000,32.0,29.05464305739727,22.940156682809715,,False,0.05,True,
BTC,2024-06-25,1719302400,31.0,28.936571813975725,23.0823394684853,,False,0.05,True,
BTC,2024-06-26,1719388800,30.0,28.979400707114326,22.847221498335223,,False,0.05,True,
BTC,2024-06-27,1719475200,29.0,29.050091125300035,22.913422243883513,,False,0.05,True,
BTC,2024-06-28,1719561600,28.0,29.070261957540673,22.871095564361962,,False,0.05,True,
BTC,2024-06-29,1719648000,27.0,29.039818968021333,22.877730051708138,,False,0.05,True,
BTC,2024-06-30,1719734400,26.0,29.119722547147894,22.911104398396017,,False,0.05,True,
BTC,2024-07-01,1719820800,25.0,28.97890181268658,22.963610967470682,,False,0.05,True,
BTC,2024-07-02,1719907200,24.0,29.15042630457646,23.014023414103978,,False,0.05,True,
BTC,2024-07-03,1719993600,23.0,29.401994065175195,23.158652413952733,,False,0.05,True,
BTC,2024-07-04,1720080000,22.0,29.661898300691984,23.157939877815434,,False,0.05,True,
BTC,2024-07-05,1720166400,21.0,29.5756551763451,23.39104173948155,,False,0.05,True,
BTC,2024-07-06,1720252800,27.0,29.423832106715793,23.06759280162155,,False,0.05,True,
BTC,2024-07-07,1720339200,26.0,29.47310667627876,23.076405258164908,,False,0.05,True,
BTC,2024-07-08,1720425600,25.0,29.3926752705637,23.322055478603804,,False,0.05,True,
BTC,2024-07-09,1720512000,24.0,29.251503608221306,23.27706726217852,,False,0.05,True,
BTC,2024-07-10,1720598400,23.0,29.19523028597547,23.174590787305053,,False,0.05,True,
BTC,2024-07-11,1720684800,22.0,29.22328712762275,23.205258505598795,,False,0.05,True,
BTC,2024-07-12,1720771200,21.0,29.30103188640685,23.211551934124095,,False,0.05,True,
BTC,2024-07-13,1720857600,27.0,29.10263133205377,22.950256237106274,,False,0.05,True,
BTC,2024-07-14,1720944000,26.0,28.93565148382694,23.186839921626795,,False,0.05,True,
BTC,2024-07-15,1721030400,25.0,28.962172380292586,23.2106574584837,,False,0.05,True,
BTC,2024-07-16,1721116800,24.0,28.950919054479417,23.502676831837988,,False,0.05,True,
BTC,2024-07-17,1721203200,23.0,28.897748957085316,24.08865049821491,,False,0.05,True,
BTC,2024-07-18,1721289600,22.0,29.07819029961502,23.62223788763422,,False,0.05,True,
BTC,2024-07-19,1721376000,21.0,29.05824288262971,23.604110383364034,,False,0.05,True,
BTC,2024-07-20,1721462400,27.0,28.824948800824515,23.808972033221398,,False,0.05,True,
BTC,2024-07-21,1721548800,26.0,28.806789307142758,24.129170035131313,,False,0.05,True,
BTC,2024-07-22,1721635200,25.0,28.80636128092728,24.346610140541724,,False,0.05,True,
BTC,2024-07-23,1721721600,24.0,28.904731788518383,24.774867236040016,,False,0.05,True,
BTC,2024-07-24,1721808000,23.0,29.1297051078462,24.151057145323822,,False,0.05,True,
BTC,2024-07-25,1721894400,36.0,28.837067147727254,24.289376446415417,,False,0.05,True,
BTC,2024-07-26,1721980800,35.0,28.55282837410904,24.40599804093684,,False,0.05,True,
BTC,2024-07-27,1722067200,27.0,28.84294397949,23.95649036284312,,False,0.05,True,
BTC,2024-07-28,1722153600,33.0,28.877770424018614,23.42556823244984,,False,0.05,True,
BTC,2024-07-29,1722240000,32.0,28.569121285333313,23.762635950999652,,False,0.05,True,
BTC,2024-07-30,1722326400,31.0,28.89758658641832,23.010616075200918,,False,0.05,True,
BTC,2024-07-31,1722412800,30.0,28.91629111870841,23.022646351022733,,False,0.05,True,
BTC,2024-08-01,1722499200,29.0,29.10095945492779,22.903669692063275,,False,0.05,True,
BTC,2024-08-02,1722585600,28.0,29.171961863342524,22.957927665754852,,False,0.05,True,
BTC,2024-08-03,1722672000,27.0,29.28629197532691,23.026627887795264,,False,0.05,True,
BTC,2024-08-04,1722758400,26.0,29.420961950330994,23.30003799788832,,False,0.05,True,
BTC,2024-08-05,1722844800,25.0,29.5211884566213,24.072021331793934,,False,0.05,True,
BTC,2024-08-06,1722931200,24.0,29.590099588141516,23.724898194325576,,False,0.05,True,
BTC,2024-08-07,1723017600,23.0,29.447277080121914,23.577617747000094,,False,0.05,True,
BTC,2024-08-08,1723104000,22.0,29.419587424163666,23.797789998109856,,False,0.05,True,
BTC,2024-08-09,1723190400,21.0,29.429920196185805,23.477063966612533,,False,0.05,True,
BTC,2024-08-10,1723276800,27.0,29.186797026661974,23.445577157083267,,False,0.05,True,
BTC,2024-08-11,1723363200,26.0,29.137938693880358,23.5228845228407,,False,0.05,True,
BTC,2024-08-12,1723449600,25.0,29.412776428613576,23.717053274988466,,False,0.05,True,
BTC,2024-08-13,1723536000,24.0,29.436399700027557,23.593596174091502,,False,0.05,True,
BTC,2024-08-14,1723622400,23.0,29.427699926697947,23.495683874828245,,False,0.05,True,
BTC,2024-08-15,1723708800,22.0,29.54619979643073,23.43082899720118,,False,0.05,True,
BTC,2024-08-16,1723795200,21.0,29.45433867497233,23.38950307923792,,False,0.05,True,
BTC,2024-08-17,1723881600,27.0,28.894437298301046,23.224965052745457,,False,0.05,True,
BTC,2024-08-18,1723968000,26.0,29.328917224743947,23.39175087758662,,False,0.05,True,
BTC,2024-08-19,1724054400,25.0,27.884552996243784,23.339903197283693,,False,0.05,True,
BTC,2024-08-20,1724140800,24.0,29.332725585886696,23.26038021889544,,False,0.05,True,
BTC,2024-08-21,1724227200,23.0,29.463088070307172,23.297469961014293,,False,0.05,True,
BTC,2024-08-22,1724313600,36.0,29.11401292161141,23.37856296443122,,False,0.05,True,
BTC,2024-08-23,1724400000,35.0,29.24648634910337,23.13130780424592,,False,0.05,True,
BTC,2024-08-24,1724486400,27.0,29.345971464261666,23.17145206904002,,False,0.05,True,
BTC,2024-08-25,1724572800,33.0,29.368804065849012,23.24458790567975,,False,0.05,True,
BTC,2024-08-26,1724659200,32.0,29.365861318569237,23.068417767268826,,False,0.05,True,
BTC,2024-08-27,1724745600,31.0,29.343947443825414,22.949513024615328,,False,0.05,True,
BTC,2024-08-28,1724832000,30.0,29.415293514963533,23.11670709386939,,False,0.05,True,
BTC,2024-08-29,1724918400,29.0,29.482531178709934,23.013583768409475,,False,0.05,True,
BTC,2024-08-30,1725004800,28.0,29.485529552202525,22.988016306128074,,False,0.05,True,
BTC,2024-08-31,1725091200,27.0,29.588112962807262,22.928658776338064,,False,0.05,True,
BTC,2024-09-01,1725177600,26.0,29.584349920102174,22.999149033210426,,False,0.05,True,
BTC,2024-09-02,1725264000,25.0,29.620270958784637,23.212262386069415,,False,0.05,True,
BTC,2024-09-03,1725350400,24.0,29.523064471613893,23.124492361376166,,False,0.05,True,
BTC,2024-09-04,1725436800,23.0,29.651249914864614,23.393692622182922,,False,0.05,True,
BTC,2024-09-05,1725523200,22.0,29.646727119099367,23.39197903606804,,False,0.05,True,
BTC,2024-09-06,1725609600,21.0,29.705432977916438,23.604216600683284,,False,0.05,True,
BTC,2024-09-07,1725696000,27.0,29.52002742354612,23.562051748418444,,False,0.05,True,
BTC,2024-09-08,1725782400,26.0,29.588194933128943,23.633601156233382,,False,0.05,True,
BTC,2024-09-09,1725868800,25.0,29.546378975535124,23.661971365285783,,False,0.05,True,
BTC,2024-09-10,1725955200,24.0,29.389304333806987,23.600604334614335,,False,0.05,True,
BTC,2024-09-11,1726041600,23.0,29.569340204964657,23.415864541411665,,False,0.05,True,
BTC,2024-09-12,1726128000,22.0,29.526255776351707,23.40842944013861,,False,0.05,True,
BTC,2024-09-13,1726214400,21.0,29.54783790978044,23.38313214626108,,False,0.05,True,
BTC,2024-09-14,1726300800,27.0,29.39662608145326,23.22199233760506,,False,0.05,True,
BTC,2024-09-15,1726387200,26.0,29.44452926819305,23.284482597424983,,False,0.05,True,
BTC,2024-09-16,1726473600,25.0,29.585491276053936,23.322770652175887,,False,0.05,True,
BTC,2024-09-17,1726560000,24.0,29.4540949064269,23.368794298448847,,False,0.05,True,
BTC,2024-09-18,1726646400,23.0,29.575280797939637,23.331835063892626,,False,0.05,True,
BTC,2024-09-19,1726732800,36.0,29.133917560505964,23.242868612980875,,False,0.05,True,
BTC,2024-09-20,1726819200,35.0,29.233145517247024,23.381295861589976,,False,0.05,True,
BTC,2024-09-21,1726905600,27.0,29.38166472196232,23.09507155640809,,False,0.05,True,
BTC,2024-09-22,1726992000,33.0,29.330453045209932,23.223030256490997,,False,0.05,True,
BTC,2024-09-23,1727078400,32.0,29.25073599742402,23.197298306348777,,False,0.05,True,
BTC,2024-09-24,1727164800,31.0,29.393609076527166,23.121120059218082,,False,0.05,True,
BTC,2024-09-25,1727251200,30.0,29.400589405626352,23.045155680847625,,False,0.05,True,
BTC,2024-09-26,1727337600,29.0,29.374368908358267,22.985879934516902,,False,0.05,True,
BTC,2024-09-27,1727424000,28.0,29.622871606587086,23.145530704226957,,False,0.05,True,
BTC,2024-09-28,1727510400,27.0,29.425484992574894,23.093925832454538,,False,0.05,True,
BTC,2024-09-29,1727596800,26.0,29.41511538096367,23.11102564028314,,False,0.05,True,
BTC,2024-09-30,1727683200,25.0,29.50026434461236,23.101818406233193,,False,0.05,True,
BTC,2024-10-01,1727769600,24.0,29.413347816182636,23.211830621097295,,False,0.05,True,
BTC,2024-10-02,1727856000,23.0,29.475811374232485,23.26426117161603,,False,0.05,True,
BTC,2024-10-03,1727942400,36.0,29.086077414229695,24.206205036473715,,False,0.05,True,
BTC,2024-10-04,1728028800,35.0,29.19696526976365,24.12442924725381,,False,0.05,True,
BTC,2024-10-05,1728115200,27.0,29.326294426707236,23.322097490396963,,False,0.05,True,
BTC,2024-10-06,1728201600,33.0,29.17602759596034,23.65656641426644,,False,0.05,True,
BTC,2024-10-07,1728288000,32.0,29.14765418393066,23.811154004746214,,False,0.05,True,
BTC,2024-10-08,1728374400,31.0,29.179682537440588,23.497075487462883,,False,0.05,True,
BTC,2024-10-09,1728460800,30.0,29.146645638012995,23.441702647494935,,False,0.05,True,
BTC,2024-10-10,1728547200,29.0,29.243459171019992,23.491466114304146,,False,0.05,True,
BTC,2024-10-11,1728633600,28.0,29.304353370239664,23.412965449583258,,False,0.05,True,
BTC,2024-10-12,1728720000,27.0,29.17192880068777,23.498944217221563,,False,0.05,True,
BTC,2024-10-13,1728806400,26.0,29.238743686766497,23.526949915133304,,False,0.05,True,
BTC,2024-10-14,1728892800,25.0,29.143808527487824,23.64255820630998,,False,0.05,True,
BTC,2024-10-15,1728979200,24.0,29.092532020941828,23.634100534444265,,False,0.05,True,
BTC,2024-10-16,1729065600,23.0,29.30950735869373,23.71085754849765,,False,0.05,True,
BTC,2024-10-17,1729152000,22.0,29.29722212671082,23.565736037418873,,False,0.05,True,
BTC,2024-10-18,1729238400,21.0,29.29575545187905,23.56491838702972,,False,0.05,True,
BTC,2024-10-19,1729324800,27.0,29.151155759373946,23.532381362073586,,False,0.05,True,
BTC,2024-10-20,1729411200,26.0,29.176503741182422,23.515125762866916,,False,0.05,True,
BTC,2024-10-21,1729497600,25.0,29.05901062114261,23.636010760776358,,False,0.05,True,
BTC,2024-10-22,1729584000,24.0,29.129628225978575,23.522286947862504,,False,0.05,True,
BTC,2024-10-23,1729670400,23.0,29.226214244181545,23.579972809207582,,False,0.05,True,
BTC,2024-10-24,1729756800,36.0,28.664005660403593,23.747067895305914,,False,0.05,True,
BTC,2024-10-25,1729843200,35.0,28.6514213686736,23.762473419255173,,False,0.05,True,
BTC,2024-10-26,1729929600,27.0,29.05221016849652,23.64486704410855,,False,0.05,True,
BTC,2024-10-27,1730016000,33.0,28.792469398606002,23.57858748201263,,False,0.05,True,
BTC,2024-10-28,1730102400,32.0,28.70960319992811,23.701182108851658,,False,0.05,True,
BTC,2024-10-29,1730188800,31.0,28.561754189406333,23.78820043566947,,False,0.05,True,
BTC,2024-10-30,1730275200,30.0,28.54638968643776,23.869480945207375,,False,0.05,True,
BTC,2024-10-31,1730361600,29.0,28.679454156426008,24.015744490279552,,False,0.05,True,
BTC,2024-11-01,1730448000,28.0,29.06322215979062,23.74481002592553,,False,0.05,True,
BTC,2024-11-02,1730534400,27.0,28.968112624739604,24.02759092084914,,False,0.05,True,
BTC,2024-11-03,1730620800,26.0,29.1301628396736,24.04217281640739,,False,0.05,True,
BTC,2024-11-04,1730707200,25.0,29.121931596942712,24.26224240905664,,False,0.05,True,
BTC,2024-11-05,1730793600,24.0,29.13926069319862,24.272654626008404,,False,0.05,True,
BTC,2024-11-06,1730880000,23.0,28.881966895668107,23.576848084760897,,False,0.05,True,
BTC,2024-11-07,1730966400,22.0,28.898474747253996,23.449139426966337,,False,0.05,True,
BTC,2024-11-08,1731052800,21.0,28.942361991093307,23.42027815231803,,False,0.05,True,
BTC,2024-11-09,1731139200,27.0,28.81315623409671,23.03009981415456,,False,0.05,True,
BTC,2024-11-10,1731225600,26.0,28.641761421816117,23.192238917082584,,False,0.05,True,
BTC,2024-11-11,1731312000,25.0,28.52410912258277,23.154634423445117,,False,0.05,True,
BTC,2024-11-12,1731398400,24.0,28.298930613177053,24.01569260315632,,False,0.05,True,
BTC,2024-11-13,1731484800,23.0,28.923378567978716,23.46296754887218,,False,0.05,True,
BTC,2024-11-14,1731571200,22.0,28.78993243450508,23.631194988141537,,False,0.05,True,
BTC,2024-11-15,1731657600,21.0,29.008030551285128,23.83387651141293,,False,0.05,True,
BTC,2024-11-16,1731744000,27.0,28.66277439727693,23.38898744679523,,False,0.05,True,
BTC,2024-11-17,1731830400,26.0,28.617312328134435,23.42462942066326,,False,0.05,True,
BTC,2024-11-18,1731916800,25.0,28.440275311971252,23.69378450326009,,False,0.05,True,
BTC,2024-11-19,1732003200,24.0,28.54712444890733,23.74141739458384,,False,0.05,True,
BTC,2024-11-20,1732089600,23.0,28.693369299935828,23.572988029826195,,False,0.05,True,
BTC,2024-11-21,1732176000,36.0,27.87438125748896,23.930690347092924,,False,0.05,True,
BTC,2024-11-22,1732262400,35.0,27.833433316571465,24.39191567943462,,False,0.05,True,
BTC,2024-11-23,1732348800,27.0,28.552950058579277,23.695355796961774,,False,0.05,True,
BTC,2024-11-24,1732435200,33.0,28.01742993854439,23.876444918565404,,False,0.05,True,
BTC,2024-11-25,1732521600,32.0,28.158161655134553,23.817002866614413,,False,0.05,True,
BTC,2024-11-26,1732608000,31.0,28.254146242731817,23.66838876346191,,False,0.05,True,
BTC,2024-11-27,1732694400,30.0,28.429001670408393,23.257436355031615,,False,0.05,True,
BTC,2024-11-28,1732780800,29.0,28.44937832504876,23.368805541839425,,False,0.05,True,
BTC,2024-11-29,1732867200,28.0,28.25329140743604,23.239370469954462,,False,0.05,True,
BTC,2024-11-30,1732953600,27.0,28.092619437249134,23.214460365159667,,False,0.05,True,
BTC,2024-12-01,1733040000,26.0,28.305589730660284,23.2562236139368,,False,0.05,True,
BTC,2024-12-02,1733126400,25.0,28.338435208203457,23.37709625992196,,False,0.05,True,
BTC,2024-12-03,1733212800,24.0,28.401347859213438,23.23149196069818,,False,0.05,True,
BTC,2024-12-04,1733299200,23.0,28.418349419681665,23.13455533536066,,False,0.05,True,
BTC,2024-12-05,1733385600,22.0,28.149827279402054,23.436793429228118,,False,0.05,True,
BTC,2024-12-06,1733472000,21.0,28.543862115523567,23.493936916319136,,False,0.05,True,
BTC,2024-12-07,1733558400,27.0,28.326483397973238,23.525948923643433,,False,0.05,True,
BTC,2024-12-08,1733644800,26.0,28.43469025189693,23.51139779152165,,False,0.05,True,
BTC,2024-12-09,1733731200,25.0,28.46523585900187,23.677837284433007,,False,0.05,True,
BTC,2024-12-10,1733817600,24.0,28.631442393072835,23.642680572341106,,False,0.05,True,
BTC,2024-12-11,1733904000,23.0,28.732693867206123,23.775000128459023,,False,0.05,True,
BTC,2024-12-12,1733990400,22.0,28.756118933664553,23.624913473783046,,False,0.05,True,
BTC,2024-12-13,1734076800,21.0,28.8891823823909,23.59515106128864,,False,0.05,True,
BTC,2024-12-14,1734163200,27.0,28.463129628909982,23.571507116740598,,False,0.05,True,
BTC,2024-12-15,1734249600,26.0,28.47073054386672,23.65804718305038,,False,0.05,True,
BTC,2024-12-16,1734336000,25.0,28.25438807595467,23.769244956684187,,False,0.05,True,
BTC,2024-12-17,1734422400,24.0,28.56874126482105,23.64045270224808,,False,0.05,True,
BTC,2024-12-18,1734508800,23.0,28.883907473784234,23.634089270074075,,False,0.05,True,
BTC,2024-12-19,1734595200,22.0,28.83062918515742,23.55623307119643,,False,0.05,True,
BTC,2024-12-20,1734681600,21.0,29.079086315634918,23.68283216782672,,False,0.05,True,
BTC,2024-12-21,1734768000,27.0,28.713654921099778,23.716135990550054,,False,0.05,True,
BTC,2024-12-22,1734854400,26.0,28.96788725677769,23.587934285181554,,False,0.05,True,
BTC,2024-12-23,1734940800,25.0,28.87344433761545,23.751676581492756,,False,0.05,True,
BTC,2024-12-24,1735027200,24.0,28.919494354621186,23.79151320618375,,False,0.05,True,
BTC,2024-12-25,1735113600,23.0,28.959004256705928,23.70711683942437,,False,0.05,True,
BTC,2024-12-26,1735200000,36.0,28.470038184151747,24.106015223496314,,False,0.05,True,
BTC,2024-12-27,1735286400,35.0,28.60945179333654,24.391651031003395,,False,0.05,True,
BTC,2024-12-28,1735372800,27.0,29.089834705410546,23.798338789075686,,False,0.05,True,
BTC,2024-12-29,1735459200,33.0,28.738150203936257,24.075966179324734,,False,0.05,True,
BTC,2024-12-30,1735545600,32.0,28.651342048191868,23.904789935673417,,False,0.05,True,
BTC,2024-12-31,1735632000,31.0,28.67708014049259,23.859806639725324,,False,0.05,True,
BTC,2025-01-01,1735718400,30.0,28.657523319452597,23.788079936470936,,False,0.05,True,
BTC,2025-01-02,1735804800,29.0,28.49999937251378,23.95494260463407,,False,0.05,True,
BTC,2025-01-03,1735891200,28.0,28.49285744547181,23.765780711334404,,False,0.05,True,
BTC,2025-01-04,1735977600,27.0,28.63759556049411,23.69331852941399,,False,0.05,True,
BTC,2025-01-05,1736064000,26.0,28.80489113860552,23.774039515300064,,False,0.05,True,
BTC,2025-01-06,1736150400,25.0,28.749845774031527,23.719095408551023,,False,0.05,True,
BTC,2025-01-07,1736236800,24.0,28.945582275730768,23.595933542292723,,False,0.05,True,
BTC,2025-01-08,1736323200,23.0,29.192789832307273,23.58180950059197,,False,0.05,True,
BTC,2025-01-09,1736409600,22.0,29.21051644651838,23.60616146250161,,False,0.05,True,
BTC,2025-01-10,1736496000,21.0,29.256757688612456,23.60761108878589,,False,0.05,True,
BTC,2025-01-11,1736582400,27.0,28.983483270901367,23.588529423153204,,False,0.05,True,
BTC,2025-01-12,1736668800,26.0,29.105315000806943,23.682567995988574,,False,0.05,True,
BTC,2025-01-13,1736755200,25.0,29.092840222094818,23.792500634091816,,False,0.05,True,
BTC,2025-01-14,1736841600,24.0,29.017954280435223,23.957673738100517,,False,0.05,True,
BTC,2025-01-15,1736928000,23.0,29.158883095502503,23.852049968479413,,False,0.05,True,
BTC,2025-01-16,1737014400,22.0,29.029638289699232,23.750518007053063,,False,0.05,True,
BTC,2025-01-17,1737100800,21.0,28.950189865032627,23.98184129138959,,False,0.05,True,
BTC,2025-01-18,1737187200,27.0,28.719025131638848,24.16361832548921,,False,0.05,True,
BTC,2025-01-19,1737273600,26.0,28.643606528868933,24.399161454407626,,False,0.05,True,
BTC,2025-01-20,1737360000,25.0,28.46664563678534,24.7157397999099,,False,0.05,True,
BTC,2025-01-21,1737446400,24.0,28.823023236095953,23.93482908062186,,False,0.05,True,
BTC,2025-01-22,1737532800,23.0,28.96453920665867,23.85098755500837,,False,0.05,True,
BTC,2025-01-23,1737619200,36.0,28.642569732297293,24.30234116114483,,False,0.05,True,
BTC,2025-01-24,1737705600,35.0,28.686771988452733,24.108750246588695,,False,0.05,True,
BTC,2025-01-25,1737792000,27.0,28.980751729324705,23.522246218180847,,False,0.05,True,
BTC,2025-01-26,1737878400,33.0,28.636306008301293,23.734162107820996,,False,0.05,True,
BTC,2025-01-27,1737964800,32.0,28.687252718640515,23.88184691286288,,False,0.05,True,
BTC,2025-01-28,1738051200,31.0,28.908857764405656,23.686726880843057,,False,0.05,True,
BTC,2025-01-29,1738137600,30.0,28.88902032110392,23.573127364097424,,False,0.05,True,
BTC,2025-01-30,1738224000,29.0,28.836266189900805,23.443968692472087,,False,0.05,True,
BTC,2025-01-31,1738310400,28.0,29.027779306389736,23.294499731201352,,False,0.05,True,
BTC,2025-02-01,1738396800,27.0,29.077627279845526,23.220049302229707,,False,0.05,True,
BTC,2025-02-02,1738483200,26.0,29.1646374596969,23.330728377212466,,False,0.05,True,
BTC,2025-02-03,1738569600,25.0,29.31749111377185,23.658777833581038,,False,0.05,True,
BTC,2025-02-04,1738656000,24.0,29.435456379292724,23.50911054988697,,False,0.05,True,
BTC,2025-02-05,1738742400,23.0,29.450855586147163,23.384617167384757,,False,0.05,True,
BTC,2025-02-06,1738828800,22.0,29.388277389549096,23.384531616785164,,False,0.05,True,
BTC,2025-02-07,1738915200,21.0,29.535749751632135,23.31806490573609,,False,0.05,True,
BTC,2025-02-08,1739001600,27.0,29.438084896345732,23.214053325260487,,False,0.05,True,
BTC,2025-02-09,1739088000,26.0,29.392163660661485,23.271198272521822,,False,0.05,True,
BTC,2025-02-10,1739174400,25.0,29.38240909974978,23.320931929186678,,False,0.05,True,
BTC,2025-02-11,1739260800,24.0,29.365030048879703,23.325988141862315,,False,0.05,True,
BTC,2025-02-12,1739347200,23.0,29.419838703013774,23.356414966101784,,False,0.05,True,
BTC,2025-02-13,1739433600,22.0,29.547558797318285,23.265440730339126,,False,0.05,True,
BTC,2025-02-14,1739520000,21.0,29.50675538354175,23.28474879669286,,False,0.05,True,
BTC,2025-02-15,1739606400,27.0,29.3014639992893,23.14597918411658,,False,0.05,True,
BTC,2025-02-16,1739692800,26.0,29.32612132216225,23.210573924029237,,False,0.05,True,
BTC,2025-02-17,1739779200,25.0,29.484331225821972,23.188773063770313,,False,0.05,True,
BTC,2025-02-18,1739865600,24.0,29.52144472906671,23.24757392061604,,False,0.05,True,
BTC,2025-02-19,1739952000,23.0,29.513348161084547,23.255493635188195,,False,0.05,True,
BTC,2025-02-20,1740038400,36.0,29.252892360523017,23.27209941422083,,False,0.05,True,
BTC,2025-02-21,1740124800,35.0,29.179641896594607,23.091414703635262,,False,0.05,True,
BTC,2025-02-22,1740211200,27.0,29.358583511594826,23.011612093836415,,False,0.05,True,
BTC,2025-02-23,1740297600,33.0,29.301995974275194,19.131241999667942,,False,0.05,True,
BTC,2025-02-24,1740384000,32.0,29.387846542756055,19.07932962220403,,False,0.05,True,
BTC,2025-02-25,1740470400,31.0,29.443150449004747,19.2350581373835,,False,0.05,True,
BTC,2025-02-26,1740556800,30.0,29.35626163623859,19.035048532643174,,False,0.05,True,
BTC,2025-02-27,1740643200,29.0,29.348703236280556,19.196145939374766,,False,0.05,True,
BTC,2025-02-28,1740729600,28.0,29.27819062758973,19.483696748545,,False,0.05,True,
BTC,2025-03-01,1740816000,27.0,29.250898585157078,19.24222568804954,,False,0.05,True,
BTC,2025-03-02,1740902400,26.0,29.421848642747516,19.25145287190558,,False,0.05,True,
BTC,2025-03-03,1740988800,25.0,29.519443839147254,19.411201087997988,,False,0.05,True,
BTC,2025-03-04,1741075200,24.0,29.477480240329452,19.653048066062667,,False,0.05,True,
BTC,2025-03-05,1741161600,23.0,29.61355124813725,19.644771273409642,,False,0.05,True,
BTC,2025-03-06,1741248000,22.0,29.630874614934207,19.698044321609558,,False,0.05,True,
BTC,2025-03-07,1741334400,21.0,29.61824763136541,19.537619167692288,,False,0.05,True,
BTC,2025-03-08,1741420800,27.0,29.540877629000363,19.297677615103623,,False,0.05,True,
BTC,2025-03-09,1741507200,26.0,29.615448886964987,19.339801875945074,,False,0.05,True,
BTC,2025-03-10,1741593600,25.0,29.67525881720439,19.524162721960145,,False,0.05,True,
BTC,2025-03-11,1741680000,24.0,29.592918965345334,19.838734010028983,,False,0.05,True,
BTC,2025-03-12,1741766400,23.0,29.683987315766988,19.782968317992427,,False,0.05,True,
BTC,2025-03-13,1741852800,22.0,29.69987335845354,19.586759714940793,,False,0.05,True,
BTC,2025-03-14,1741939200,21.0,29.633774558405495,19.569080208354176,,False,0.05,True,
BTC,2025-03-15,1742025600,27.0,29.663062834618167,19.353721631916418,,False,0.05,True,
BTC,2025-03-16,1742112000,26.0,29.716066159100812,19.479056738841763,,False,0.05,True,
BTC,2025-03-17,1742198400,25.0,29.677143687871077,19.510639053576774,,False,0.05,True,
BTC,2025-03-18,1742284800,24.0,29.779406663652658,19.423817505777052,,False,0.05,True,
BTC,2025-03-19,1742371200,23.0,29.86644599108703,19.406010362249503,,False,0.05,True,
BTC,2025-03-20,1742457600,36.0,29.58607505634187,19.368269243930992,,False,0.05,True,
BTC,2025-03-21,1742544000,35.0,29.57180687735029,19.19702900851345,,False,0.05,True,
BTC,2025-03-22,1742630400,27.0,29.67800552117162,19.14050484142239,,False,0.05,True,
BTC,2025-03-23,1742716800,33.0,29.561935457846708,19.12322907231098,,False,0.05,True,
BTC,2025-03-24,1742803200,32.0,29.55273735354721,19.118039620170084,,False,0.05,True,
BTC,2025-03-25,1742889600,31.0,29.51188366921977,19.097630189743,,False,0.05,True,
BTC,2025-03-26,1742976000,30.0,29.579338907654112,19.03604768666306,,False,0.05,True,
BTC,2025-03-27,1743062400,29.0,29.65039044198864,19.054333318955447,,False,0.05,True,
BTC,2025-03-28,1743148800,28.0,29.78125155701943,19.271810705341732,,False,0.05,True,
BTC,2025-03-29,1743235200,27.0,29.76112729796899,19.182754518359513,,False,0.05,True,
BTC,2025-03-30,1743321600,26.0,29.86770666389662,19.31881487861289,,False,0.05,True,
BTC,2025-03-31,1743408000,25.0,29.849855959446934,19.401759779505756,,False,0.05,True,
BTC,2025-04-01,1743494400,24.0,29.69777798094677,19.294254396718927,,False,0.05,True,
BTC,2025-04-02,1743580800,23.0,29.744297228449366,19.321986534107157,,False,0.05,True,
BTC,2025-04-03,1743667200,22.0,29.764433416883815,19.380858910960335,,False,0.05,True,
BTC,2025-04-04,1743753600,21.0,29.697623869449934,19.43522167256669,,False,0.05,True,
BTC,2025-04-05,1743840000,27.0,29.62379149577253,19.487924550512435,,False,0.05,True,
BTC,2025-04-06,1743926400,26.0,29.616629405752054,19.658316945372825,,False,0.05,True,
BTC,2025-04-07,1744012800,25.0,29.60885073068822,20.106916451971053,,False,0.05,True,
BTC,2025-04-08,1744099200,24.0,29.578133518919834,19.508908855914964,,False,0.05,True,
BTC,2025-04-09,1744185600,23.0,29.55652903376048,19.80465861440037,,False,0.05,True,
BTC,2025-04-10,1744272000,22.0,29.609131210001337,19.409693336558675,,False,0.05,True,
BTC,2025-04-11,1744358400,21.0,29.676138552022095,19.478907610732545,,False,0.05,True,
BTC,2025-04-12,1744444800,27.0,29.52367854730138,19.57280458222999,,False,0.05,True,
BTC,2025-04-13,1744531200,26.0,29.51965331341411,19.611220990417713,,False,0.05,True,
BTC,2025-04-14,1744617600,25.0,29.57508753041541,19.507153928972063,,False,0.05,True,
BTC,2025-04-15,1744704000,24.0,29.567373235573605,19.37731875447008,,False,0.05,True,
BTC,2025-04-16,1744790400,23.0,29.639396523333378,19.341181349456694,,False,0.05,True,
BTC,2025-04-17,1744876800,22.0,29.619042539743795,19.346451405438774,,False,0.05,True,
BTC,2025-04-18,1744963200,21.0,29.652887349020677,19.374981728097236,,False,0.05,True,
BTC,2025-04-19,1745049600,27.0,29.53400425685042,19.138072462953875,,False,0.05,True,
BTC,2025-04-20,1745136000,26.0,29.517466055068187,19.20194946972699,,False,0.05,True,
BTC,2025-04-21,1745222400,25.0,29.486192668514683,19.295759041378588,,False,0.05,True,
BTC,2025-04-22,1745308800,24.0,29.583042723679803,19.301453293750296,,False,0.05,True,
BTC,2025-04-23,1745395200,23.0,29.548491251803263,19.403983630180665,,False,0.05,True,
BTC,2025-04-24,1745481600,36.0,29.425318706151003,19.19408897648043,,False,0.05,True,
BTC,2025-04-25,1745568000,35.0,29.37336308144402,19.086250681868474,,False,0.05,True,
BTC,2025-04-26,1745654400,27.0,29.46597880944002,19.12425783492377,,False,0.05,True,
BTC,2025-04-27,1745740800,33.0,29.33726758818561,19.08030236635533,,False,0.05,True,
BTC,2025-04-28,1745827200,32.0,29.388317602882243,19.074376728094386,,False,0.05,True,
BTC,2025-04-29,1745913600,31.0,29.384461856293736,19.05137838886231,,False,0.05,True,
BTC,2025-04-30,1746000000,30.0,29.422470291932154,19.012847281998894,,False,0.05,True,
BTC,2025-05-01,1746086400,29.0,29.40862636525152,19.021242652176966,,False,0.05,True,
BTC,2025-05-02,1746172800,28.0,29.306486672057375,19.082720359364256,,False,0.05,True,
BTC,2025-05-03,1746259200,27.0,29.512475776080375,19.093606117491536,,False,0.05,True,
BTC,2025-05-04,1746345600,26.0,29.596100195054706,19.134766531445393,,False,0.05,True,
BTC,2025-05-05,1746432000,25.0,29.647862296616488,19.179603301019327,,False,0.05,True,
BTC,2025-05-06,1746518400,24.0,29.661807491461172,19.232528799185012,,False,0.05,True,
BTC,2025-05-07,1746604800,23.0,29.68749766066482,19.27643589695822,,False,0.05,True,
BTC,2025-05-08,1746691200,22.0,29.65408866968432,19.33313350469647,,False,0.05,True,
BTC,2025-05-09,1746777600,21.0,29.6698692987509,19.377464394275677,,False,0.05,True,
BTC,2025-05-10,1746864000,27.0,29.371004831909506,19.128674744373736,,False,0.05,True,
BTC,2025-05-11,1746950400,26.0,29.312607261186233,19.178390989702248,,False,0.05,True,
BTC,2025-05-12,1747036800,25.0,29.37173988631831,19.24392654601533,,False,0.05,True,
BTC,2025-05-13,1747123200,24.0,29.404418952067527,19.21758492404966,,False,0.05,True,
BTC,2025-05-14,1747209600,23.0,29.413491375695585,19.26647279631755,,False,0.05,True,
BTC,2025-05-15,1747296000,22.0,29.578344120358096,19.351781702979945,,False,0.05,True,
BTC,2025-05-16,1747382400,21.0,29.65333843200145,19.436055901782968,,False,0.05,True,
BTC,2025-05-17,1747468800,27.0,29.48770414816302,19.091073503854503,,False,0.05,True,
BTC,2025-05-18,1747555200,26.0,29.48058199787622,19.130751088029196,,False,0.05,True,
BTC,2025-05-19,1747641600,25.0,29.525561171761773,19.1774243452033,,False,0.05,True,
BTC,2025-05-20,1747728000,24.0,29.457916220377307,19.226054780262572,,False,0.05,True,
BTC,2025-05-21,1747814400,23.0,29.47066874226312,19.31164230522461,,False,0.05,True,
BTC,2025-05-22,1747900800,36.0,29.020985423616455,19.17218398831628,,False,0.05,True,
BTC,2025-05-23,1747987200,35.0,28.99667541463324,19.144555517777295,,False,0.05,True,
BTC,2025-05-24,1748073600,27.0,29.32090242763124,19.198714577576535,,False,0.05,True,
BTC,2025-05-25,1748160000,33.0,29.143877448463247,19.239034115905326,,False,0.05,True,
BTC,2025-05-26,1748246400,32.0,29.04504578592147,19.164187819405818,,False,0.05,True,
BTC,2025-05-27,1748332800,31.0,29.221053949788505,19.086110507935075,,False,0.05,True,
BTC,2025-05-28,1748419200,30.0,29.220413918574422,19.013616342588655,,False,0.05,True,
BTC,2025-05-29,1748505600,29.0,29.258035442457864,19.02142129347991,,False,0.05,True,
BTC,2025-05-30,1748592000,28.0,29.255047503759506,19.08547792057789,,False,0.05,True,
BTC,2025-05-31,1748678400,27.0,29.350608795859905,19.102552486025495,,False,0.05,True,
BTC,2025-06-01,1748764800,26.0,29.384099964706483,19.136370239945666,,False,0.05,True,
BTC,2025-06-02,1748851200,25.0,29.41695328193754,19.172849877334876,,False,0.05,True,
BTC,2025-06-03,1748937600,24.0,29.496124225808284,19.225885794103057,,False,0.05,True,
BTC,2025-06-04,1749024000,23.0,29.54890023018931,19.305654753043783,,False,0.05,True,
BTC,2025-06-05,1749110400,22.0,29.60475906056213,19.401058614597147,,False,0.05,True,
BTC,2025-06-06,1749196800,21.0,29.69601536458009,19.44924441590373,,False,0.05,True,
BTC,2025-06-07,1749283200,27.0,29.531612596371957,19.101038958369788,,False,0.05,True,
BTC,2025-06-08,1749369600,26.0,29.589652785510236,19.14014660558333,,False,0.05,True,
BTC,2025-06-09,1749456000,25.0,29.58183102274998,19.193148038055963,,False,0.05,True,
BTC,2025-06-10,1749542400,24.0,29.503763036088852,19.23668373434078,,False,0.05,True,
BTC,2025-06-11,1749628800,23.0,29.519132425620644,19.28371696052684,,False,0.05,True,
BTC,2025-06-12,1749715200,22.0,29.63328579888984,19.387236450024123,,False,0.05,True,
BTC,2025-06-13,1749801600,21.0,29.650554223037517,19.460823652664317,14.406505703891755,False,0.05,True,
BTC,2025-06-14,1749888000,27.0,29.546545027711222,19.100459568787755,14.380314764966178,False,0.05,True,
BTC,2025-06-15,1749974400,26.0,29.48804293251643,19.1431353911543,14.381847878866148,False,0.05,True,
BTC,2025-06-16,1750060800,25.0,29.558687753518495,19.191563368591773,14.384461756726962,False,0.05,True,
BTC,2025-06-17,1750147200,24.0,29.600400778942536,19.247611539268636,14.389239329098384,False,0.05,True,
BTC,2025-06-18,1750233600,23.0,29.62128816320936,19.312125240029527,14.395091949358061,False,0.05,True,
BTC,2025-06-19,1750320000,36.0,29.499167315610283,18.907355934341826,14.349047294777256,False,0.05,True,
BTC,2025-06-20,1750406400,35.0,29.524989507215924,18.923539559694056,14.348185022370364,False,0.05,True,
BTC,2025-06-21,1750492800,27.0,29.657991580055427,19.114709746914617,14.386199907595557,False,0.05,True,
BTC,2025-06-22,1750579200,33.0,29.63120853389729,18.939431532485177,14.356019523718581,False,0.05,True,
BTC,2025-06-23,1750665600,32.0,29.60543950601119,18.95604046150952,14.354029085599263,False,0.05,True,
BTC,2025-06-24,1750752000,31.0,29.57166740400829,18.958757055839808,14.363848495127876,False,0.05,True,
BTC,2025-06-25,1750838400,30.0,29.64761885410777,19.006170897533284,14.387532374492116,False,0.05,True,
BTC,2025-06-26,1750924800,29.0,29.56904957336221,19.04677822236936,14.389061733718771,False,0.05,True,
BTC,2025-06-27,1751011200,28.0,29.696162660890867,19.124561803907937,14.39905869573793,False,0.05,True,
BTC,2025-06-28,1751097600,27.0,29.64944826189499,19.20949753867971,14.4072358969923,False,0.05,True,
BTC,2025-06-29,1751184000,26.0,29.69463366655338,19.208442004073298,14.400399346965287,False,0.05,True,
BTC,2025-06-30,1751270400,25.0,29.70523843575078,19.265401296562924,14.403508253525638,False,0.05,True,
BTC,2025-07-01,1751356800,24.0,29.753719843696953,19.41096390194651,14.418369515174945,False,0.05,True,
BTC,2025-07-02,1751443200,23.0,29.746464197884055,19.470323684484928,14.420210364007778,False,0.05,True,
BTC,2025-07-03,1751529600,22.0,29.569338506158903,19.440734584901197,14.410297502847447,False,0.05,True,
BTC,2025-07-04,1751616000,21.0,29.656739556875575,19.679156291792236,14.43113581470115,False,0.05,True,
BTC,2025-07-05,1751702400,27.0,29.632412823148655,19.154743186747478,14.39731751903625,False,0.05,True,
BTC,2025-07-06,1751788800,26.0,29.641002469376282,19.207755268041065,14.400156389072627,False,0.05,True,
BTC,2025-07-07,1751875200,25.0,29.52929873550117,19.239947924514297,14.398241914265961,False,0.05,True,
BTC,2025-07-08,1751961600,24.0,29.601881843338226,19.35882144724113,14.411208996075612,False,0.05,True,
BTC,2025-07-09,1752048000,23.0,29.57287101790337,19.4736436109916,14.419783636496005,False,0.05,True,
BTC,2025-07-10,1752134400,22.0,29.45963000933124,19.43840720510405,14.409571915553672,False,0.05,True,
BTC,2025-07-11,1752220800,21.0,29.379275194007207,19.425154788006747,14.399296180419482,False,0.05,True,
BTC,2025-07-12,1752307200,27.0,29.38871116460767,19.14412560487435,14.394653742578699,False,0.05,True,
BTC,2025-07-13,1752393600,26.0,29.307909428056437,19.172479538669496,14.391961111470627,False,0.05,True,
BTC,2025-07-14,1752480000,25.0,29.280686671935367,19.204874720037605,14.389672018884307,False,0.05,True,
BTC,2025-07-15,1752566400,24.0,29.365207066774385,19.238682518158946,14.386681192812167,False,0.05,True,
BTC,2025-07-16,1752652800,23.0,29.369664345095742,19.388924458813168,14.408560652038794,False,0.05,True,
BTC,2025-07-17,1752739200,22.0,29.422246421117105,19.427208422786133,14.407823256268435,False,0.05,True,
BTC,2025-07-18,1752825600,21.0,29.441195405720904,19.477546728013145,14.408457913850741,False,0.05,True,
BTC,2025-07-19,1752912000,27.0,29.28614496855666,19.13141619049624,14.391578663666468,False,0.05,True,
BTC,2025-07-20,1752998400,26.0,29.22142165216178,19.175694274450485,14.392668969153252,False,0.05,True,
BTC,2025-07-21,1753084800,25.0,29.26331653740423,19.228427437708103,14.395385272765186,False,0.05,True,
BTC,2025-07-22,1753171200,24.0,29.318917501599913,19.33255424242661,14.406459452327939,False,0.05,True,
BTC,2025-07-23,1753257600,23.0,29.289208672816244,19.390221380039467,14.408448714319334,False,0.05,True,
BTC,2025-07-24,1753344000,36.0,29.027520727925033,18.88234101294424,14.350898776811444,False,0.05,True,
BTC,2025-07-25,1753430400,35.0,29.39665582033004,18.920730762544498,14.346837566728135,False,0.05,True,
BTC,2025-07-26,1753516800,27.0,29.213366845062797,19.143545382130508,14.394286047020017,False,0.05,True,
BTC,2025-07-27,1753603200,33.0,29.064088531876376,18.914801558432753,14.36877345982444,False,0.05,True,
BTC,2025-07-28,1753689600,32.0,28.994968017258977,18.92618132975587,14.364341267694996,False,0.05,True,
BTC,2025-07-29,1753776000,31.0,29.07717915522079,18.976785229364562,14.38451347580567,False,0.05,True,
BTC,2025-07-30,1753862400,30.0,29.16716252595454,19.07899272691677,14.402489107526279,False,0.05,True,
BTC,2025-07-31,1753948800,29.0,29.398438734840227,19.14837547912951,14.408306554780241,False,0.05,True,
BTC,2025-08-01,1754035200,28.0,29.486445972222732,19.131707798697082,14.400005757377725,False,0.05,True,
BTC,2025-08-02,1754121600,27.0,29.55103484741005,19.26883705029256,14.414913549765439,False,0.05,True,
BTC,2025-08-03,1754208000,26.0,29.59181776104969,19.291232515856144,14.413010986054184,False,0.05,True,
BTC,2025-08-04,1754294400,25.0,29.585981657646474,19.388769303873428,14.419745720891283,False,0.05,True,
BTC,2025-08-05,1754380800,24.0,29.528057872394648,19.48095092081622,14.42461354552106,False,0.05,True,
BTC,2025-08-06,1754467200,23.0,29.53133608207811,19.703122766974573,14.439190924411195,False,0.05,True,
BTC,2025-08-07,1754553600,22.0,29.502164629144804,19.94522160274263,14.451327976163473,False,0.05,True,
BTC,2025-08-08,1754640000,21.0,29.394110590965994,20.00070958350658,14.451119054359793,False,0.05,True,
BTC,2025-08-09,1754726400,27.0,29.240319919969384,19.363267745540625,14.423541107399721,False,0.05,True,
BTC,2025-08-10,1754812800,26.0,29.115364852681115,19.500194095139356,14.431232382904138,False,0.05,True,
BTC,2025-08-11,1754899200,25.0,29.16151620747578,19.424082788068635,14.421360228563032,False,0.05,True,
BTC,2025-08-12,1754985600,24.0,29.20251319010696,19.54246145747104,14.42843184348313,False,0.05,True,
BTC,2025-08-13,1755072000,23.0,29.17822354141017,19.600512764688997,14.429529670234098,False,0.05,True,
BTC,2025-08-14,1755158400,22.0,29.181697527669364,19.470000234391982,14.412595475877097,False,0.05,True,
BTC,2025-08-15,1755244800,21.0,29.324340125429863,19.762608177036977,14.435795147387234,False,0.05,True,
BTC,2025-08-16,1755331200,27.0,29.19924986776131,19.324656734656408,14.419560407311854,False,0.05,True,
BTC,2025-08-17,1755417600,26.0,29.247303635042773,19.33822583026146,14.41710185203645,False,0.05,True,
BTC,2025-08-18,1755504000,25.0,29.39373022504213,19.331175687673134,14.412216997660027,False,0.05,True,
BTC,2025-08-19,1755590400,24.0,29.55889274146886,19.43673872358681,14.420346616664899,False,0.05,True,
BTC,2025-08-20,1755676800,23.0,29.535491027452785,19.547061444019,14.426837223546555,False,0.05,True,
BTC,2025-08-21,1755763200,36.0,29.177956617381465,18.921058703048573,14.39197256954724,False,0.05,True,
BTC,2025-08-22,1755849600,35.0,29.187148986946962,18.916272676733964,14.385787901283514,False,0.05,True,
BTC,2025-08-23,1755936000,27.0,29.181742320036367,19.368634939227668,14.423750039008297,False,0.05,True,
BTC,2025-08-24,1756022400,33.0,28.871848555813987,19.05000050688408,14.405918652229936,False,0.05,True,
BTC,2025-08-25,1756108800,32.0,29.134214988768562,18.97455054196708,14.388788594755974,False,0.05,True,
BTC,2025-08-26,1756195200,31.0,29.23174793519948,18.990662365974934,14.388511495503762,False,0.05,True,
BTC,2025-08-27,1756281600,30.0,29.182934618076047,19.04738934858612,14.397075778203654,False,0.05,True,
BTC,2025-08-28,1756368000,29.0,29.14114266805881,19.067580093015287,14.393913115041164,False,0.05,True,
BTC,2025-08-29,1756454400,28.0,29.328020693114773,19.11808159094681,14.39703620375191,False,0.05,True,
BTC,2025-08-30,1756540800,27.0,29.47622083069871,19.193953683392362,14.404196665898475,False,0.05,True,
BTC,2025-08-31,1756627200,26.0,29.452815211077244,19.24258364080736,14.405652148989523,False,0.05,True,
BTC,2025-09-01,1756713600,25.0,29.415626091693102,19.304520159610703,14.408720486599352,False,0.05,True,
BTC,2025-09-02,1756800000,24.0,29.476957370300006,19.324428663935095,14.405705840693004,False,0.05,True,
BTC,2025-09-03,1756886400,23.0,29.501461705277286,19.427018198562408,14.41406818973036,False,0.05,True,
BTC,2025-09-04,1756972800,22.0,29.580583936777284,19.470549089263947,14.414284577867553,False,0.05,True,
BTC,2025-09-05,1757059200,21.0,29.5665686074142,19.55498955269933,14.418796560820736,False,0.05,True,
BTC,2025-09-06,1757145600,27.0,29.45309829404941,19.184112734399235,14.402533254999176,False,0.05,True,
BTC,2025-09-07,1757232000,26.0,29.505830253105987,19.230294880227653,14.403879334251657,False,0.05,True,
BTC,2025-09-08,1757318400,25.0,29.487552456929862,19.27497649700896,14.404536746241442,False,0.05,True,
BTC,2025-09-09,1757404800,24.0,29.42084867897327,19.36622700430203,14.4115010281938,False,0.05,True,
BTC,2025-09-10,1757491200,23.0,29.411154289820207,19.422413975212834,14.413154914227777,False,0.05,True,
BTC,2025-09-11,1757577600,22.0,29.408065433432835,19.58692241805771,14.425795152715395,False,0.05,True,
BTC,2025-09-12,1757664000,21.0,29.33562588536599,19.814960993267004,14.439501722094855,False,0.05,True,
BTC,2025-09-13,1757750400,27.0,29.23291183006357,19.320422989057715,14.419285203902495,False,0.05,True,
BTC,2025-09-14,1757836800,26.0,29.246177171966913,19.421599439284318,14.425319971087571,False,0.05,True,
BTC,2025-09-15,1757923200,25.0,29.232339522791314,19.445126098433548,14.423703005580732,False,0.05,True,
BTC,2025-09-16,1758009600,24.0,29.301379594175618,19.500647077298396,14.425326074877532,False,0.05,True,
BTC,2025-09-17,1758096000,23.0,29.397305873281027,19.550101175114595,14.426406247187975,False,0.05,True,
BTC,2025-09-18,1758182400,22.0,29.410388074257583,19.729376106100997,14.437196299395293,False,0.05,True,
BTC,2025-09-19,1758268800,21.0,29.47380244442164,19.98495153129517,14.45072710894468,False,0.05,True,
BTC,2025-09-20,1758355200,27.0,29.304998313507696,19.439398281933073,14.430566487384036,False,0.05,True,
BTC,2025-09-21,1758441600,26.0,29.32235940535883,19.508160122762792,14.432981019112647,False,0.05,True,
BTC,2025-09-22,1758528000,25.0,29.440083704578683,19.406288892383152,14.420935314779308,False,0.05,True,
BTC,2025-09-23,1758614400,24.0,29.480390543675576,19.526690341747006,14.428550036007422,False,0.05,True,
BTC,2025-09-24,1758700800,23.0,29.514511139746627,19.557057347719553,14.427626057034562,False,0.05,True,
BTC,2025-09-25,1758787200,36.0,29.35448959875668,18.895564020000943,14.38271840029609,False,0.05,True,
BTC,2025-09-26,1758873600,35.0,29.429206962416345,18.900974550442335,14.376725891993829,False,0.05,True,
BTC,2025-09-27,1758960000,27.0,29.40451274906891,19.243563772678453,14.411164659734759,False,0.05,True,
BTC,2025-09-28,1759046400,33.0,29.370484130492542,18.96486969551094,14.390704994765029,False,0.05,True,
BTC,2025-09-29,1759132800,32.0,29.384216534044906,18.99056259267599,14.392970446818701,False,0.05,True,
BTC,2025-09-30,1759219200,31.0,29.281926056284203,19.02301314297045,14.396108173071642,False,0.05,True,
BTC,2025-10-01,1759305600,30.0,29.291610652195043,19.083285762066406,14.403492209979222,False,0.05,True,
BTC,2025-10-02,1759392000,29.0,29.290397992220772,19.11374931751082,14.40274087628324,False,0.05,True,
BTC,2025-10-03,1759478400,28.0,29.23829698931263,19.18520181347455,14.407752638131722,False,0.05,True,
BTC,2025-10-04,1759564800,27.0,29.113354640391922,19.18406299764675,14.401524240628635,False,0.05,True,
BTC,2025-10-05,1759651200,26.0,29.112034547163848,19.208085357826324,14.398990603919264,False,0.05,True,
BTC,2025-10-06,1759737600,25.0,29.121273962108468,19.284008706967523,14.404757659873253,False,0.05,True,
BTC,2025-10-07,1759824000,24.0,29.20867988842466,19.321829005954285,14.404475450757714,False,0.05,True,
BTC,2025-10-08,1759910400,23.0,29.39955942076329,19.390718653074813,14.408921949225338,False,0.05,True,
BTC,2025-10-09,1759996800,22.0,29.44429518780856,19.45685672658937,14.41201462791674,False,0.05,True,
BTC,2025-10-10,1760083200,21.0,29.543028372914275,19.504619880414854,14.412605947700321,False,0.05,True,
BTC,2025-10-11,1760169600,27.0,29.581748481054234,19.130231441183376,14.34583815313916,False,0.05,True,
BTC,2025-10-12,1760256000,26.0,29.48601440797504,19.16087528721048,14.349057778645149,False,0.05,True,
BTC,2025-10-13,1760342400,25.0,29.392332699978443,19.17686801217291,14.361424551184497,False,0.05,True,
BTC,2025-10-14,1760428800,24.0,29.566018135055813,19.225532758974147,14.365411932084163,False,0.05,True,
BTC,2025-10-15,1760515200,23.0,29.546547840763175,19.269265379450097,14.37479938753222,False,0.05,True,
BTC,2025-10-16,1760601600,22.0,29.62654212981991,19.323032457437943,14.369281037420873,False,0.05,True,
BTC,2025-10-17,1760688000,21.0,29.7094436466713,19.44750861623738,14.346383636779306,False,0.05,True,
BTC,2025-10-18,1760774400,27.0,29.403011819235424,19.19163889964252,14.328537619407179,False,0.05,True,
BTC,2025-10-19,1760860800,26.0,29.459515063249565,19.221616122216574,14.333038443243456,False,0.05,True,
BTC,2025-10-20,1760947200,25.0,29.42891418315699,19.204337993586755,14.349306673797514,False,0.05,True,
BTC,2025-10-21,1761033600,24.0,29.568425798774957,19.24428222949249,14.355037121799114,False,0.05,True,
BTC,2025-10-22,1761120000,23.0,29.61705423281577,19.32192876312576,14.347712072305553,False,0.05,True,
BTC,2025-10-23,1761206400,36.0,29.293988095627437,19.166845434330504,14.294653004647362,False,0.05,True,
BTC,2025-10-24,1761292800,35.0,29.403485420340115,18.990260463552698,14.327440057672522,False,0.05,True,
BTC,2025-10-25,1761379200,27.0,29.518546756524156,19.089754864700744,14.369651369908913,False,0.05,True,
BTC,2025-10-26,1761465600,33.0,29.410438161602396,18.971440145949316,14.338955212978057,False,0.05,True,
BTC,2025-10-27,1761552000,32.0,29.22263770808287,18.941072294126908,14.353466436863227,False,0.05,True,
BTC,2025-10-28,1761638400,31.0,29.36713028457218,18.953666484346527,14.360717916736435,False,0.05,True,
BTC,2025-10-29,1761724800,30.0,29.412440299572154,18.96980439529444,14.362667816620895,False,0.05,True,
BTC,2025-10-30,1761811200,29.0,29.51871244778325,19.01756057133217,14.356684972939139,False,0.05,True,
BTC,2025-10-31,1761897600,28.0,29.560649714289294,19.052951146626306,14.362178510995175,False,0.05,True,
BTC,2025-11-01,1761984000,27.0,29.594258957191474,19.09357493724205,14.3739440047263,False,0.05,True,
BTC,2025-11-02,1762070400,26.0,29.545914775895234,19.133030334582532,14.372330107371306,False,0.05,True,
BTC,2025-11-03,1762156800,25.0,29.586841139190515,19.177426704370845,14.369984768054572,False,0.05,True,
BTC,2025-11-04,1762243200,24.0,29.78647789399031,19.231542480044503,14.367361393557854,False,0.05,True,
BTC,2025-11-05,1762329600,23.0,29.744824730850603,19.286555562050605,14.362177434181998,False,0.05,True,
BTC,2025-11-06,1762416000,22.0,29.660145461987053,19.34371479989896,14.390672347290646,False,0.05,True,
BTC,2025-11-07,1762502400,21.0,29.762762696105113,19.379193798299735,14.382613582897626,False,0.05,True,
BTC,2025-11-08,1762588800,27.0,29.5785065520637,19.09147990154817,14.368321844509033,False,0.05,True,
BTC,2025-11-09,1762675200,26.0,29.717917223252996,19.143211480999845,14.362408824906394,False,0.05,True,
BTC,2025-11-10,1762761600,25.0,29.554396006278868,19.178935062238335,14.365128800202394,False,0.05,True,
BTC,2025-11-11,1762848000,24.0,29.68319943540351,19.227243975545782,14.377385119923469,False,0.05,True,
BTC,2025-11-12,1762934400,23.0,29.698730966223497,19.273409832949174,14.37494450451203,False,0.05,True,
BTC,2025-11-13,1763020800,22.0,29.72570030152501,19.331919656827633,14.385189072857406,False,0.05,True,
BTC,2025-11-14,1763107200,21.0,29.8302598463844,19.387268237533977,14.367049776408372,False,0.05,True,
BTC,2025-11-15,1763193600,27.0,29.703083868708752,19.18901073376456,14.333112589476306,False,0.05,True,
BTC,2025-11-16,1763280000,26.0,29.730160004127775,19.232296639603156,14.334532038151918,False,0.05,True,
BTC,2025-11-17,1763366400,25.0,29.73226326040003,19.248397247539877,14.341905367482378,False,0.05,True,
BTC,2025-11-18,1763452800,24.0,29.788585406778,19.383324430599547,14.327177372036425,False,0.05,True,
BTC,2025-11-19,1763539200,23.0,29.665846091644966,19.37345355880869,14.337103542383895,False,0.05,True,
BTC,2025-11-20,1763625600,36.0,29.375846613723784,19.25479375368376,14.284224637635567,False,0.05,True,
BTC,2025-11-21,1763712000,35.0,29.65616903633363,19.80714953509375,14.233426283946088,False,0.05,True,
BTC,2025-11-22,1763798400,27.0,29.747991499595106,19.553707455875802,14.284010136737344,False,0.05,True,
BTC,2025-11-23,1763884800,33.0,29.586170969976166,19.695834227054956,14.245860223607192,False,0.05,True,
BTC,2025-11-24,1763971200,32.0,29.572601380041633,19.428391917059688,14.273644623835812,False,0.05,True,
BTC,2025-11-25,1764057600,31.0,29.552849573962778,19.302617961327222,14.289683732452842,False,0.05,True,
BTC,2025-11-26,1764144000,30.0,29.538748747670667,19.136662319097795,14.315054173141052,False,0.05,True,
BTC,2025-11-27,1764230400,29.0,29.568422917984652,19.119939436652846,14.326671776078808,False,0.05,True,
BTC,2025-11-28,1764316800,28.0,29.60193783890901,19.149644377788935,14.33022679721882,False,0.05,True,
BTC,2025-11-29,1764403200,32.0,29.515452339472603,19.107510561784547,14.314585559550634,False,0.05,True,
BTC,2025-11-30,1764489600,31.0,29.482608256937393,19.091222501174105,14.319624613949465,False,0.05,True,
BTC,2025-12-01,1764576000,30.0,29.65918699273633,19.18590212596736,14.308879558133281,False,0.05,True,
BTC,2025-12-02,1764662400,29.0,29.59630331925502,19.202264822440515,14.312719129849397,False,0.05,True,
BTC,2025-12-03,1764748800,28.0,29.541307679395523,19.142636600058903,14.330785834939531,False,0.05,True,
BTC,2025-12-04,1764835200,27.0,29.555515889451282,19.136044554774333,14.343589263534465,False,0.05,True,
BTC,2025-12-05,1764921600,26.0,29.69202565914703,19.170722566298416,14.34932995271981,False,0.05,True,
BTC,2025-12-06,1765008000,27.0,29.682963662502253,19.171931642450488,14.336508550795358,False,0.05,True,
BTC,2025-12-07,1765094400,26.0,29.713516807391763,19.24722459370371,14.33137882116634,False,0.05,True,
BTC,2025-12-08,1765180800,25.0,29.631141782365983,19.262393511938527,14.33735404331494,False,0.05,True,
BTC,2025-12-09,1765267200,24.0,29.670421689598353,19.254718102844677,14.353089863635535,False,0.05,True,
BTC,2025-12-10,1765353600,23.0,29.67433748600405,19.279856911141685,14.364357333639436,False,0.05,True,
BTC,2025-12-11,1765440000,22.0,29.740289941065477,19.3245500525047,14.378125454097775,False,0.05,True,
BTC,2025-12-12,1765526400,21.0,29.7232974689073,19.392049204906534,14.390256366318152,False,0.05,True,
BTC,2025-12-13,1765612800,27.0,29.63869783298597,19.099683236166666,14.360226095911806,False,0.05,True,
BTC,2025-12-14,1765699200,26.0,29.61570323550625,19.14084786348808,14.361182882857404,False,0.05,True,
BTC,2025-12-15,1765785600,25.0,29.664891830663038,19.179946312314684,14.369580837979004,False,0.05,True,
BTC,2025-12-16,1765872000,24.0,29.705678517803406,19.239169515942873,14.360096942087443,False,0.05,True,
BTC,2025-12-17,1765958400,23.0,29.694659796963073,19.273414830779235,14.375513750669061,False,0.05,True,
BTC,2025-12-18,1766044800,22.0,29.64396142888821,19.322126693201763,14.371362059507824,False,0.05,True,
BTC,2025-12-19,1766131200,21.0,29.672386231632068,19.374093104444253,14.373961592929641,False,0.05,True,
BTC,2025-12-20,1766217600,27.0,29.54959488486433,19.105148440777885,14.354796909936747,False,0.05,True,
BTC,2025-12-21,1766304000,26.0,29.538214464046685,19.149568587837418,14.354474357733487,False,0.05,True,
BTC,2025-12-22,1766390400,25.0,29.553912338499455,19.180040446603446,14.363964543130296,False,0.05,True,
BTC,2025-12-23,1766476800,24.0,29.663372924837432,19.225012433038458,14.372055103198855,False,0.05,True,
BTC,2025-12-24,1766563200,23.0,29.675618639114305,19.281233451945948,14.383891401912734,False,0.05,True,
BTC,2025-12-25,1766649600,36.0,29.369844059233074,18.927180368070523,14.339687256484753,False,0.05,True,
BTC,2025-12-26,1766736000,35.0,29.323337989534874,18.92985542418251,14.342112073171606,False,0.05,True,
BTC,2025-12-27,1766822400,27.0,29.43596079566504,19.101227324440043,14.38149799016325,False,0.05,True,
BTC,2025-12-28,1766908800,33.0,29.257343085626957,18.927907487775197,14.353556702382836,False,0.05,True,
BTC,2025-12-29,1766995200,32.0,29.325850989207975,18.939822057788295,14.357661749332005,False,0.05,True,
BTC,2025-12-30,1767081600,31.0,29.53178853340244,18.958414198381835,14.36205305792918,False,0.05,True,
BTC,2025-12-31,1767168000,30.0,29.50657815823203,18.973987402300295,14.360859561652804,False,0.05,True,
BTC,2026-01-01,1767254400,29.0,29.552796618044432,19.011244356003196,14.365827960435936,True,0.05,True,
BTC,2026-01-02,1767340800,28.0,29.62940908761363,19.05238865116975,14.368450579165998,True,0.05,True,
BTC,2026-01-03,1767427200,27.0,29.605165142071158,19.09254124883196,14.367185518062577,True,0.05,True,
BTC,2026-01-04,1767513600,26.0,29.514948077940566,19.136105235154936,14.361816750359411,True,0.05,True,
BTC,2026-01-05,1767600000,25.0,29.507248370122273,19.176442533458385,14.36624481047578,True,0.05,True,
BTC,2026-01-06,1767686400,24.0,29.564170087846197,19.22212837848549,14.3722387842723,True,0.05,True,
BTC,2026-01-07,1767772800,23.0,29.590604917099764,19.27123039598732,14.376668223915543,True,0.05,True,
BTC,2026-01-08,1767859200,22.0,29.705799740948578,19.324576579498157,14.379559454202523,True,0.05,True,
BTC,2026-01-09,1767945600,21.0,29.666348877528932,19.428085612180045,14.632337412756973,True,0.05,True,
BTC,2026-01-10,1768032000,27.0,29.588845156649892,19.110713500047908,14.603883759000999,True,0.05,True,
BTC,2026-01-11,1768118400,26.0,29.565116732271022,19.147145839468497,14.604461535537418,True,0.05,True,
BTC,2026-01-12,1768204800,25.0,29.55370853172136,19.200841908214702,14.611406749484159,True,0.05,True,
BTC,2026-01-13,1768291200,24.0,29.578720814282825,19.26730840058521,14.62039812131491,True,0.05,True,
BTC,2026-01-14,1768377600,23.0,29.518229493839716,19.30572076896463,14.621036285819503,True,0.05,True,
BTC,2026-01-15,1768464000,22.0,29.6720272102687,19.404365249184128,14.634724559156279,True,0.05,True,
BTC,2026-01-16,1768550400,21.0,29.70004678461627,19.490039494204776,14.643135931966155,True,0.05,True,
BTC,2026-01-17,1768636800,27.0,29.616626748929146,19.151830181037045,14.619149431160176,True,0.05,True,
BTC,2026-01-18,1768723200,26.0,29.609546709953058,19.180707118659807,14.618702077955403,True,0.05,True,
BTC,2026-01-19,1768809600,25.0,29.683782665649222,19.221701315199702,14.620737672129366,True,0.05,True,
BTC,2026-01-20,1768896000,24.0,29.705463196240686,19.270254519678694,14.624270864376685,True,0.05,True,
BTC,2026-01-21,1768982400,23.0,29.68466208296079,19.298186461629268,14.621640937334533,True,0.05,True,
BTC,2026-01-22,1769068800,36.0,29.49268721730668,18.88619930425754,14.567296878835554,True,0.05,True,
BTC,2026-01-23,1769155200,35.0,29.530278779634315,18.898483630224717,13.126013384493096,True,0.05,True,
BTC,2026-01-24,1769241600,27.0,29.61625169418408,19.16897604396211,13.341084655259168,True,0.05,True,
BTC,2026-01-25,1769328000,33.0,29.49335494853686,18.926748102792256,13.149193021487084,True,0.05,True,
BTC,2026-01-26,1769414400,32.0,29.53264831485408,18.94205761338184,13.160836116630795,True,0.05,True,
BTC,2026-01-27,1769500800,31.0,29.505925487993053,18.97816498700353,13.190133135941386,True,0.05,True,
BTC,2026-01-28,1769587200,30.0,29.474888323370685,19.002736020938965,13.210267457930092,True,0.05,True,
BTC,2026-01-29,1769673600,29.0,29.577270233947072,19.067172010319478,13.260241143117938,True,0.05,True,
BTC,2026-01-30,1769760000,28.0,29.715452644427785,19.054925509460002,13.248318059192187,True,0.05,True,
BTC,2026-01-31,1769846400,27.0,29.630277140073304,19.111091161544376,13.294560973234379,True,0.05,True,
BTC,2026-02-01,1769932800,26.0,29.730335950851057,19.1457313879837,13.320733788066173,True,0.05,True,
BTC,2026-02-02,1770019200,25.0,29.84168351610241,19.207885853724356,13.368744321193292,True,0.05,True,
BTC,2026-02-03,1770105600,24.0,29.77074567272602,19.235153924726678,13.391650129431707,True,0.05,True,
BTC,2026-02-04,1770192000,23.0,29.64120225562547,19.352120459827955,13.487216333160433,True,0.05,True,
BTC,2026-02-05,1770278400,22.0,29.831972228606816,19.682320343616112,13.748441317529702,True,0.05,True,
BTC,2026-02-06,1770364800,21.0,29.959777556634737,20.650426995066077,14.520960402873868,True,0.05,True,
BTC,2026-02-07,1770451200,27.0,29.820333665355868,19.675131678122614,13.742869439954147,True,0.05,True,
BTC,2026-02-08,1770537600,26.0,29.79452180569563,19.580300310622242,13.667401451487098,True,0.05,True,
BTC,2026-02-09,1770624000,25.0,29.74733758839842,19.51180395243332,13.61333027597129,True,0.05,True,
BTC,2026-02-10,1770710400,24.0,29.801201369666696,19.518454444489738,13.617821996058455,True,0.05,True,
BTC,2026-02-11,1770796800,23.0,29.927032440677376,19.597182835349773,13.678868846115556,True,0.05,True,
BTC,2026-02-12,1770883200,22.0,29.93946418020375,19.574652844380367,13.66065359580885,True,0.05,True,
BTC,2026-02-13,1770969600,21.0,29.895975473279464,19.517129010994136,13.615303586129476,True,0.05,True,
BTC,2026-02-14,1771056000,27.0,29.809182238806503,19.248280596996008,13.40156013546132,True,0.05,True,
BTC,2026-02-15,1771142400,26.0,29.77774280159375,19.22482290258287,13.38327766358024,True,0.05,True,
BTC,2026-02-16,1771228800,25.0,29.773240375168832,19.309180994368923,13.45083340510792,True,0.05,True,
BTC,2026-02-17,1771315200,24.0,29.768064802834285,19.37943331969988,13.507114889562454,True,0.05,True,
BTC,2026-02-18,1771401600,23.0,29.776475470871105,19.349974232032647,13.483418224535797,True,0.05,True,
BTC,2026-02-19,1771488000,36.0,29.71955784492957,19.326095973612922,13.465191273583734,True,0.05,True,
BTC,2026-02-20,1771574400,35.0,29.705173063008193,19.201249815189435,13.365535651182194,True,0.05,True,
BTC,2026-02-21,1771660800,27.0,29.69641465103541,19.184824555826207,13.35253018849119,True,0.05,True,
BTC,2026-02-22,1771747200,33.0,29.69428566294513,19.155689441981288,13.32925485107818,True,0.05,True,
BTC,2026-02-23,1771833600,32.0,29.752387840329362,19.255590468816738,13.40828179289448,True,0.05,True,
BTC,2026-02-24,1771920000,31.0,29.883835060906584,19.467204346211933,13.575550629878677,True,0.05,True,
BTC,2026-02-25,1772006400,30.0,29.818428164719435,19.263199324956403,13.413352872815592,True,0.05,True,
BTC,2026-02-26,1772092800,29.0,29.886448513531267,19.18837276914074,13.352445161258261,True,0.05,True,
BTC,2026-02-27,1772179200,28.0,29.928607205371197,19.219470739799903,13.376674942526519,True,0.05,True,
BTC,2026-02-28,1772265600,27.0,29.996278894774857,19.477626005386764,13.581994487017266,True,0.05,True,
BTC,2026-03-01,1772352000,26.0,29.84946626977157,19.365428964221675,13.49465907491932,True,0.05,True,
BTC,2026-03-02,1772438400,25.0,29.849642884647306,19.470720960872285,13.578889955087872,True,0.05,True,
BTC,2026-03-03,1772524800,24.0,29.756177391777857,19.4444622513801,13.559320918153649,True,0.05,True,
BTC,2026-03-04,1772611200,23.0,29.84307635480041,19.52859672259024,13.625291587998339,True,0.05,True,
BTC,2026-03-05,1772697600,22.0,29.804394415062294,19.559949460234726,13.650968884879134,True,0.05,True,
BTC,2026-03-06,1772784000,21.0,29.78055053417227,19.591843750186843,13.676851145777595,True,0.05,True,
BTC,2026-03-07,1772870400,27.0,29.85867473999228,19.543404088191384,13.636897505322459,True,0.05,True,
BTC,2026-03-08,1772956800,26.0,29.875711383332114,19.709388049942312,13.769422572517966,True,0.05,True,
BTC,2026-03-09,1773043200,25.0,29.871980913235067,19.820514536911528,13.858381153940995,True,0.05,True,
BTC,2026-03-10,1773129600,24.0,29.8165898508716,19.47223455278952,13.580609336833593,True,0.05,True,
BTC,2026-03-11,1773216000,23.0,29.823192628934496,19.495686120428775,13.599269009744031,True,0.05,True,
BTC,2026-03-12,1773302400,22.0,29.84642292183958,19.539707518952444,13.634128739441346,True,0.05,True,
BTC,2026-03-13,1773388800,21.0,29.807818423064276,19.555828066736236,13.647619093034153,True,0.05,True,
BTC,2026-03-14,1773475200,27.0,29.813325115401838,19.451692297107364,13.564225758987403,True,0.05,True,
BTC,2026-03-15,1773561600,26.0,29.84452623087423,19.436226401527794,13.551373025362626,True,0.05,True,
BTC,2026-03-16,1773648000,25.0,29.80898289341878,19.419154459927324,13.538262292658496,True,0.05,True,
BTC,2026-03-17,1773734400,24.0,29.81457109896033,19.419424737254413,13.538392542127218,True,0.05,True,
BTC,2026-03-18,1773820800,23.0,29.85173705795809,19.376647205255903,13.503598732543827,True,0.05,True,
BTC,2026-03-19,1773907200,36.0,29.801389255736492,19.554888924497348,13.64696668950962,True,0.05,True,
BTC,2026-03-20,1773993600,35.0,29.770480266549587,19.44004008283977,13.55556313909414,True,0.05,True,
BTC,2026-03-21,1774080000,27.0,29.694441970246363,19.353714340810296,13.487672365413687,True,0.05,True,
BTC,2026-03-22,1774166400,33.0,29.84245293204355,19.63561586197031,13.710916490621734,True,0.05,True,
BTC,2026-03-23,1774252800,32.0,29.833716217841996,19.623214325779177,13.701129672656545,True,0.05,True,
BTC,2026-03-24,1774339200,31.0,29.74030308979692,19.340370808446327,13.476291983837108,True,0.05,True,
BTC,2026-03-25,1774425600,30.0,29.81098069165016,19.24427671492091,13.398329361295957,True,0.05,True,
BTC,2026-03-26,1774512000,29.0,29.850785981209913,19.274181393513274,13.421640715099693,True,0.05,True,
BTC,2026-03-27,1774598400,28.0,29.876487430257157,19.352089415376234,13.483571725681657,True,0.05,True,
BTC,2026-03-28,1774684800,27.0,29.920812805802342,19.3827314137584,13.507403395532846,True,0.05,True,
BTC,2026-03-29,1774771200,26.0,29.897012715019446,19.4122309247769,13.531369159590456,True,0.05,True,
BTC,2026-03-30,1774857600,25.0,29.917979589676317,19.43469886118408,13.549020941413788,True,0.05,True,
BTC,2026-03-31,1774944000,24.0,29.875414695499387,19.531864366080935,13.627408189857062,True,0.05,True,
BTC,2026-04-01,1775030400,23.0,29.885547785179956,19.461266059052804,13.570773650547173,True,0.05,True,
BTC,2026-04-02,1775116800,22.0,29.950563137548308,19.455504821794523,13.56516442455026,True,0.05,True,
BTC,2026-04-03,1775203200,21.0,29.912041332699488,19.411266178911582,13.53036615339543,True,0.05,True,
BTC,2026-04-04,1775289600,27.0,29.789140137091334,19.158278509054274,13.329866805134317,True,0.05,True,
BTC,2026-04-05,1775376000,26.0,29.808115920602404,19.197427720466326,13.360894239133021,True,0.05,True,
BTC,2026-04-06,1775462400,25.0,29.804846425990707,19.21579775552157,13.375640567094317,True,0.05,True,
BTC,2026-04-07,1775548800,24.0,29.842375439540113,19.279146040765898,13.425741825850562,True,0.05,True,
BTC,2026-04-08,1775635200,23.0,29.786673846243787,19.275922813065733,13.4240201912796,True,0.05,True,
BTC,2026-04-09,1775721600,22.0,29.91988078886454,19.331055370796715,13.466076899885609,True,0.05,True,
BTC,2026-04-10,1775808000,21.0,29.876976162712847,19.383821252119027,13.508949676115023,True,0.05,True,
BTC,2026-04-11,1775894400,27.0,29.875940286362454,19.10657318528704,13.287167159208675,True,0.05,True,
BTC,2026-04-12,1775980800,26.0,29.924553747858205,19.169421242500327,13.33669770557168,True,0.05,True,
BTC,2026-04-13,1776067200,25.0,29.939129391713397,19.19688767060251,13.358446607378722,True,0.05,True,
BTC,2026-04-14,1776153600,24.0,29.848389413938506,19.231610530921756,13.387620895292201,True,0.05,True,
BTC,2026-04-15,1776240000,23.0,29.9525732651383,19.280660952670637,13.425258404211304,True,0.05,True,
BTC,2026-04-16,1776326400,22.0,29.882263531743884,19.328470657068497,13.464587855935662,True,0.05,True,
BTC,2026-04-17,1776412800,21.0,29.957596961891625,19.408761034369657,13.527661181928163,True,0.05,True,
BTC,2026-04-18,1776499200,27.0,29.86867372749454,19.100274646826044,13.282240121653224,True,0.05,True,
BTC,2026-04-19,1776585600,26.0,29.96383770063062,19.153327486823056,13.323218332525661,True,0.05,True,
BTC,2026-04-20,1776672000,25.0,29.912606510774577,19.18899096033987,13.352537283490756,True,0.05,True,
BTC,2026-04-21,1776758400,24.0,29.959652260764805,19.235175801464056,13.388761375621018,True,0.05,True,
BTC,2026-04-22,1776844800,23.0,29.999923724324166,19.28230365750384,13.425840746698054,True,0.05,True,
BTC,2026-04-23,1776931200,36.0,29.987106360665987,18.97619348320441,13.181153150245578,True,0.05,True,
BTC,2026-04-24,1777017600,35.0,29.944957883237855,18.95651814137549,13.166061314896739,True,0.05,True,
BTC,2026-04-25,1777104000,27.0,29.994300040852018,19.125982969207705,13.300623519390507,True,0.05,True,
BTC,2026-04-26,1777190400,33.0,29.957528246276954,18.944803485382597,13.156496199901818,True,0.05,True,
BTC,2026-04-27,1777276800,32.0,29.952663263129974,18.953722448456976,13.16370621625589,True,0.05,True,
BTC,2026-04-28,1777363200,31.0,29.999106931033726,18.97106018633717,13.176822632813554,True,0.05,True,
BTC,2026-04-29,1777449600,30.0,29.924211662593308,18.985877458645998,13.189867941338445,True,0.05,True,
BTC,2026-04-30,1777536000,29.0,29.990331675341547,19.03856970063554,13.230579522661047,True,0.05,True,
BTC,2026-05-01,1777622400,28.0,29.901580191546106,19.087157059701976,13.271239798660872,True,0.05,True,
BTC,2026-05-02,1777708800,27.0,29.966549592998817,19.14553955110222,13.316946262527944,True,0.05,True,
BTC,2026-05-03,1777795200,26.0,29.971839401870714,19.18399966299752,13.347632970369231,True,0.05,True,
BTC,2026-05-04,1777881600,25.0,29.90725236448953,19.235268462333995,13.389641656567356,True,0.05,True,
BTC,2026-05-05,1777968000,24.0,29.983090061098995,19.26819386053451,13.41481524133378,True,0.05,True,
BTC,2026-05-06,1778054400,23.0,29.9291733098712,19.35572167174841,13.48566697878532,True,0.05,True,
BTC,2026-05-07,1778140800,22.0,29.901830114958198,19.437888361166625,13.551820994857017,True,0.05,True,
BTC,2026-05-08,1778227200,21.0,29.959799962176863,19.551584406068187,13.64188598697491,True,0.05,True,
BTC,2026-05-09,1778313600,27.0,29.869676018754877,19.177365037853104,13.34389701460933,True,0.05,True,
BTC,2026-05-10,1778400000,26.0,29.89807515798558,19.207820925835666,13.367824815161063,True,0.05,True,
BTC,2026-05-11,1778486400,25.0,29.882763950081305,19.25576994609077,13.406419588409829,True,0.05,True,
BTC,2026-05-12,1778572800,24.0,29.963420470361495,19.316241072787708,13.453555620224607,True,0.05,True,
BTC,2026-05-13,1778659200,23.0,29.909153392020258,19.40913983172913,13.52870950550607,True,0.05,True,
BTC,2026-05-14,1778745600,22.0,29.954651859408553,19.445452108375818,13.557059350402067,True,0.05,True,
BTC,2026-05-15,1778832000,21.0,29.995008560193874,19.551926419369682,13.641398522929855,True,0.05,True,
BTC,2026-05-16,1778918400,27.0,29.87926417301918,19.12140427432441,13.298980893720778,True,0.05,True,
BTC,2026-05-17,1779004800,26.0,29.977950062282307,19.207504332786726,13.366342696040418,True,0.05,True,
BTC,2026-05-18,1779091200,25.0,29.928443627388937,19.21927402867686,13.376520090212429,True,0.05,True,
BTC,2026-05-19,1779177600,24.0,29.93643238828068,19.30840502883822,13.447701986327798,True,0.05,True,
BTC,2026-05-20,1779264000,23.0,29.93540676886629,19.370787241317654,13.497623535071565,True,0.05,True,
BTC,2026-05-21,1779350400,36.0,29.866642529286423,18.894798081471727,13.117890118572973,True,0.05,True,
BTC,2026-05-22,1779436800,35.0,29.817726447297414,18.9232665401244,13.141417440602643,True,0.05,True,
BTC,2026-05-23,1779523200,27.0,29.790380640282176,19.182492868298972,13.349219207865605,True,0.05,True,
BTC,2026-05-24,1779609600,33.0,29.85563599101895,18.98173073931126,12.193001026838353,True,0.05,True,
BTC,2026-05-25,1779696000,32.0,29.71417021109546,19.07186386466495,12.273052996902685,True,0.05,True,
BTC,2026-05-26,1779782400,31.0,29.764217118485465,19.1208027040395,12.312502784088077,True,0.05,True,
BTC,2026-05-27,1779868800,30.0,29.849741938551848,19.084715077703827,12.278951643884769,True,0.05,True,
BTC,2026-05-28,1779955200,29.0,29.757038385881323,19.09471470443532,12.285318423906892,True,0.05,True,
BTC,2026-05-29,1780041600,28.0,29.637004822953397,19.203841780570524,12.377832172747553,True,0.05,True,
BTC,2026-05-30,1780128000,27.0,29.794526042651807,19.309680614239817,12.4613151668811,True,0.05,True,
BTC,2026-05-31,1780214400,26.0,29.835970388739604,19.327532926673967,12.472858557993137,True,0.05,True,
BTC,2026-06-01,1780300800,25.0,29.785681873208677,19.340170173204122,12.48121249774288,True,0.05,True,
BTC,2026-06-02,1780387200,24.0,29.78914408933134,19.32615649590171,12.46502977539308,True,0.05,True,
BTC,2026-06-03,1780473600,23.0,29.89836566466239,19.285980547536216,12.416052812379323,True,0.05,True,
BTC,2026-06-04,1780560000,22.0,29.924723237661105,19.390468306057684,12.467393946848253,True,0.05,True,
BTC,2026-06-05,1780646400,21.0,29.87808075695451,19.389618737569858,12.48054456281775,True,0.05,True,
BTC,2026-06-06,1780732800,27.0,29.782871511263437,19.226644260171607,12.335041958719815,True,0.05,True,
BTC,2026-06-07,1780819200,26.0,29.74400341025454,19.22052564298288,12.3373636628817,True,0.05,True,
BTC,2026-06-08,1780905600,25.0,29.860569848784525,19.229762541062144,12.349338475092793,True,0.05,True,
BTC,2026-06-09,1780992000,24.0,29.86013417193818,19.23147712082699,12.366016261934304,True,0.05,True,
BTC,2026-06-10,1781078400,23.0,29.880706835535328,19.30047419171634,12.408333061907761,True,0.05,True,
BTC,2026-06-11,1781164800,22.0,29.887547631887927,19.32946926221689,12.439934019897283,True,0.05,True,
BTC,2026-06-12,1781251200,21.0,29.996659340479155,19.408194164979054,12.514048037894181,True,0.05,True,
BTC,2026-06-13,1781337600,27.0,29.830289658803366,19.11729376602111,12.291812751532158,True,0.05,True,
BTC,2026-06-14,1781424000,26.0,29.847904862411273,19.159455296345758,12.323752857323766,True,0.05,True,
BTC,2026-06-15,1781510400,25.0,29.85507280623402,19.24950036242793,12.401155890092376,True,0.05,True,
BTC,2026-06-16,1781596800,24.0,29.89445149435013,19.37945021635018,12.509206197374052,True,0.05,True,
BTC,2026-06-17,1781683200,23.0,29.785447641965725,19.482529283984505,12.594679556469925,True,0.05,True,
BTC,2026-06-18,1781769600,22.0,29.828274959515777,19.444784131380967,12.558007924433804,True,0.05,True,
BTC,2026-06-19,1781856000,21.0,29.949716206416216,19.431956402364193,12.5380830927124,True,0.05,True,
BTC,2026-06-20,1781942400,27.0,29.844260299318435,19.129521487570866,12.303698095905563,True,0.05,True,
BTC,2026-06-21,1782028800,26.0,29.839849762667043,19.207554763434725,12.369421197250867,True,0.05,True,
BTC,2026-06-22,1782115200,25.0,29.82844773789996,19.241386255174408,12.394282031455079,True,0.05,True,
BTC,2026-06-23,1782201600,24.0,29.82355722154532,19.240910614384642,12.384383408423043,True,0.05,True,
BTC,2026-06-24,1782288000,23.0,29.91956810831287,19.331230927081616,12.46120301980116,True,0.05,True,
BTC,2026-06-25,1782374400,36.0,29.76843059582865,18.932599578454937,12.125836767971592,True,0.05,True,
BTC,2026-06-26,1782460800,35.0,29.745414017068537,19.0818929603305,12.220915141236807,True,0.05,True,
BTC,2026-06-27,1782547200,27.0,29.801305289749124,19.102082407363877,12.2651975438738,True,0.05,True,
BTC,2026-06-28,1782633600,33.0,29.746296559743694,19.02244676661662,12.18627419960194,True,0.05,True,
BTC,2026-06-29,1782720000,32.0,29.794799929009486,19.039238929835786,12.198214523387632,True,0.05,True,
BTC,2026-06-30,1782806400,31.0,29.74685921867583,18.98022811462727,12.168003382008559,True,0.05,True,
BTC,2026-07-01,1782892800,30.0,29.789507687500492,19.003075349536736,12.183108995761593,True,0.05,True,
BTC,2026-07-02,1782979200,29.0,29.697109698995213,19.015326738331126,12.20633950722914,True,0.05,True,
BTC,2026-07-03,1783065600,28.0,29.79318689467592,19.07583083439421,12.260633251223041,True,0.05,True,
BTC,2026-07-04,1783152000,27.0,29.759883008935088,19.1318802704464,12.307654043507378,True,0.05,True,
BTC,2026-07-05,1783238400,26.0,29.74391258689292,19.178499842940937,12.344556319436204,True,0.05,True,
BTC,2026-07-06,1783324800,25.0,29.784672285672077,19.291476691282774,12.439486222248236,True,0.05,True,
BTC,2026-07-07,1783411200,24.0,29.804202623853,19.347112583802662,12.482996658526828,True,0.05,True,
BTC,2026-07-08,1783497600,23.0,29.755020424703524,19.400074312407728,12.52520794272935,True,0.05,True,
BTC,2026-07-09,1783584000,22.0,29.819270136609077,19.50469705894883,12.609400707967612,True,0.05,True,
BTC,2026-07-10,1783670400,21.0,29.78616635036586,19.683491092515897,12.755986206778003,True,0.05,True,
BTC,2026-07-11,1783756800,27.0,29.71536611829167,19.28815935913527,12.444639187232628,True,0.05,True,
BTC,2026-07-12,1783843200,26.0,29.768247719531427,19.312050277970044,12.46095823554287,True,0.05,True,
BTC,2026-07-13,1783929600,25.0,29.771350420115247,19.31584713229697,12.460723577392352,True,0.05,True,
BTC,2026-07-14,1784016000,24.0,29.765474110938356,19.38772939216482,12.518419893438288,True,0.05,True,
BTC,2026-07-15,1784102400,23.0,29.774224522953137,19.520423678657437,12.626488627784864,True,0.05,True,
BTC,2026-07-16,1784188800,22.0,29.696262722443656,19.61268171869229,12.701543003539152,True,0.05,True,
BTC,2026-07-17,1784275200,21.0,29.820847694306902,19.6160749556386,12.69950758892947,True,0.05,True,
BTC,2026-07-18,1784361600,27.0,29.715250517053136,19.248820572478795,12.411519244062724,True,0.05,True,
BTC,2026-07-19,1784448000,26.0,29.64717952771316,19.31053624774913,12.46169375056768,True,0.05,True,
BTC,2026-07-20,1784534400,25.0,29.725504674146542,19.35565349450485,12.495314650727906,True,0.05,True,
BTC,2026-07-21,1784620800,24.0,29.60402219080768,19.44279593129281,12.567409308898087,True,0.05,True,
BTC,2026-07-22,1784707200,23.0,29.681190680149975,19.418790075614957,12.542530321171647,True,0.05,True,
BTC,2026-07-23,1784793600,36.0,29.51870195487028,18.887054876873606,12.11430465546728,True,0.05,True,
BTC,2026-07-24,1784880000,35.0,29.585022063828266,18.91082551896427,12.135224639024003,True,0.05,True,
BTC,2026-07-25,1784966400,27.0,29.703174055918566,19.217964049390236,12.385413592805468,True,0.05,True,
BTC,2026-07-26,1785052800,33.0,29.594248527258248,18.960432020981504,12.178106717693712,True,0.05,True,
BTC,2026-07-27,1785139200,32.0,29.515166481189663,19.004621268835365,12.217960628663118,True,0.05,True,
BTC,2026-07-28,1785225600,31.0,29.661148191416004,19.004013307081134,12.212504090118557,True,0.05,True,
BTC,2026-07-29,1785312000,30.0,29.588749653818315,19.062334452613072,12.264029125794472,True,0.05,True,
BTC,2026-07-30,1785398400,29.0,29.621508934558733,19.124711621036045,12.313829277036513,True,0.05,True,
BTC,2026-07-31,1785484800,28.0,29.6710283363548,19.22997325010678,12.399305663479323,True,0.05,True,
BTC,2026-08-01,1785571200,27.0,29.677105821950427,19.295067204565058,12.451045036875593,True,0.05,True,
BTC,2026-08-02,1785657600,26.0,29.683390380715295,19.392488002093693,12.52944028793527,True,0.05,True,
BTC,2026-08-03,1785744000,25.0,29.709455238609163,19.442219252767096,12.56781165768149,True,0.05,True,
BTC,2026-08-04,1785830400,24.0,29.660496182683005,19.65838696064029,12.74359223184379,True,0.05,True,
BTC,2026-08-05,1785916800,23.0,29.64113788826751,19.770269195189567,12.833041198427534,True,0.05,True,
BTC,2026-08-06,1786003200,22.0,29.720651394166868,19.86135578759397,12.903989944964474,True,0.05,True,
BTC,2026-08-07,1786089600,21.0,29.7707039357808,19.93384048903722,12.960316407736178,True,0.05,True,
BTC,2026-08-08,1786176000,27.0,29.64368023529616,19.459198747201654,12.586746084076905,True,0.05,True,
BTC,2026-08-09,1786262400,26.0,29.656332885946476,19.478931460284702,12.600914964134617,True,0.05,True,
BTC,2026-08-10,1786348800,25.0,29.659821634008924,19.569928703430183,12.673332505941602,True,0.05,True,
BTC,2026-08-11,1786435200,24.0,29.708723465988687,19.55087964192241,12.655091715465973,True,0.05,True,
BTC,2026-08-12,1786521600,23.0,29.68868118683968,19.65552250018234,12.73904346237987,True,0.05,True,
BTC,2026-08-13,1786608000,22.0,29.68441569413975,19.785819170184794,12.84337117921585,True,0.05,True,
BTC,2026-08-14,1786694400,21.0,29.70411629054494,19.928959858847254,12.957411984716067,True,0.05,True,
BTC,2026-08-15,1786780800,27.0,29.64268786235112,19.384451652930085,12.525610661897034,True,0.05,True,
BTC,2026-08-16,1786867200,26.0,29.679430464483662,19.433841927585284,12.563593797197864,True,0.05,True,
BTC,2026-08-17,1786953600,25.0,29.622880980458774,19.64260402971809,12.732925914945074,True,0.05,True,
BTC,2026-08-18,1787040000,24.0,29.641260636933403,19.663995909685173,12.748449666807842,True,0.05,True,
BTC,2026-08-19,1787126400,23.0,29.64908590388742,19.7690347678988,12.831917548069951,True,0.05,True,
BTC,2026-08-20,1787212800,36.0,29.360645794118934,18.90773461369544,12.1403879491522,True,0.05,True,
BTC,2026-08-21,1787299200,35.0,29.544462167540928,18.933144016623128,9.34915987388921,True,0.05,True,
BTC,2026-08-22,1787385600,27.0,29.550116560245232,19.09331839121853,9.403800797546687,True,0.05,True,
BTC,2026-08-23,1787472000,33.0,29.52862175651685,18.938317534444153,9.337185845272108,True,0.05,True,
BTC,2026-08-24,1787558400,32.0,29.351085671698055,18.947403870931463,9.344905064072307,True,0.05,True,
BTC,2026-08-25,1787644800,31.0,29.442486952668634,18.968544310439288,9.359808549505985,True,0.05,True,
BTC,2026-08-26,1787731200,30.0,29.59730595468938,18.978519798902443,9.32764478731512,True,0.05,True,
BTC,2026-08-27,1787817600,29.0,29.60982574382544,19.032664459610597,9.346448029646034,True,0.05,True,
BTC,2026-08-28,1787904000,28.0,29.589354858801887,19.058643223990572,9.374321858191534,True,0.05,True,
BTC,2026-08-29,1787990400,27.0,29.61985713924475,19.19680923477954,9.511735745875434,True,0.05,True,
BTC,2026-08-30,1788076800,26.0,29.688937337682635,19.28868792922398,9.66252984417082,True,0.05,True,
BTC,2026-08-31,1788163200,25.0,29.62642433917902,19.38101405335135,9.784360937926097,True,0.05,True,
BTC,2026-09-01,1788249600,24.0,29.67778107899717,19.448385040719188,9.781128422459307,True,0.05,True,
BTC,2026-09-02,1788336000,23.0,29.716267293476633,19.517078737226047,9.774809682413418,True,0.05,True,
BTC,2026-09-03,1788422400,22.0,29.70490332352714,19.693281701419433,10.062554346241782,True,0.05,True,
BTC,2026-09-04,1788508800,21.0,29.84057322584299,19.576221607637013,9.636681442780384,True,0.05,True,
BTC,2026-09-05,1788595200,27.0,29.777952462865837,19.178562496342355,9.409368618546974,True,0.05,True,
BTC,2026-09-06,1788681600,26.0,29.69894918564533,19.19106742162223,9.428949585541782,True,0.05,True,
BTC,2026-09-07,1788768000,25.0,29.707911268194742,19.260235931525674,9.463936188638694,True,0.05,True,
BTC,2026-09-08,1788854400,24.0,29.686667931617617,19.331655724528176,9.502064842209965,True,0.05,True,
BTC,2026-09-09,1788940800,23.0,29.652644309742623,19.32466585458297,9.516621838002903,True,0.05,True,
BTC,2026-09-10,1789027200,22.0,29.70728408081606,19.39596693069053,9.554223571872898,True,0.05,True,
BTC,2026-09-11,1789113600,21.0,29.744752149794518,19.502208621304703,9.606542525790328,True,0.05,True,
BTC,2026-09-12,1789200000,27.0,29.654395765832387,19.199316720191554,9.51986423813401,True,0.05,True,
BTC,2026-09-13,1789286400,26.0,29.647179953853904,19.239043246178362,9.443267786111344,True,0.05,True,
BTC,2026-09-14,1789372800,25.0,29.651586483534867,19.28126021911611,9.47105849043707,True,0.05,True,
BTC,2026-09-15,1789459200,24.0,29.625978090850776,19.29400272447647,9.49033026658906,True,0.05,True,
BTC,2026-09-16,1789545600,23.0,29.57062642844794,19.41128264176436,9.545835408250403,True,0.05,True,
BTC,2026-09-17,1789632000,22.0,29.61088639637225,19.679443505897975,10.033886816480704,True,0.05,True,
BTC,2026-09-18,1789718400,21.0,29.60695434063431,19.857397753544404,10.256995456221489,True,0.05,True,
BTC,2026-09-19,1789804800,27.0,29.555244344644404,19.318151704750914,10.02916546915793,True,0.05,True,
BTC,2026-09-20,1789891200,26.0,29.502547165497518,19.32734353991754,9.837402541146512,True,0.05,True,
BTC,2026-09-21,1789977600,25.0,29.480767911091437,19.337426483359668,9.632194418189371,True,0.05,True,
BTC,2026-09-22,1790064000,24.0,29.552219790864864,19.31430018709931,9.496943063728082,True,0.05,True,
BTC,2026-09-23,1790150400,23.0,29.593226494231516,19.39493457740585,9.53932433625642,True,0.05,True,
BTC,2026-09-24,1790236800,36.0,29.33256733363391,18.888954379057868,9.600762811874038,True,0.05,True,
BTC,2026-09-25,1790323200,35.0,29.493608251204364,18.919333697088206,9.674369355721181,True,0.05,True,
BTC,2026-09-26,1790409600,27.0,29.607790943880246,19.3094667770874,9.99369523617381,True,0.05,True,
BTC,2026-09-27,1790496000,33.0,29.511476962443155,19.00000674361702,9.902073029390516,True,0.05,True,
BTC,2026-09-28,1790582400,32.0,29.62871998817223,18.994524448644682,9.6195385606163,True,0.05,True,
BTC,2026-09-29,1790668800,31.0,29.549806492794538,19.021097258875432,9.610769073795598,True,0.05,True,
BTC,2026-09-30,1790755200,30.0,29.578827349139907,19.096387348914348,9.843256976565316,True,0.05,True,SM 29.6 %; legacy PM 19.1 %; PM2 9.8 %
ETH,2024-01-11,1704960000,29.0,28.33497802759871,24.569908403245925,,True,0.05,False,
ETH,2024-01-12,1705046400,28.0,28.59042677008329,23.858364047086585,,True,0.05,False,
ETH,2024-01-13,1705132800,27.0,28.6114095094457,24.141064536121952,,True,0.05,False,
ETH,2024-01-14,1705219200,33.0,28.510754416893615,24.143174471648983,,True,0.05,False,
ETH,2024-01-15,1705305600,32.0,28.523004595810136,24.32669782971665,,True,0.05,False,
ETH,2024-01-16,1705392000,31.0,28.539630290988327,23.766471536937104,,True,0.05,False,
ETH,2024-01-17,1705478400,30.0,28.714430224822376,23.57935715223091,,True,0.05,False,
ETH,2024-01-18,1705564800,29.0,28.61160264053251,22.95634952354489,,True,0.05,False,
ETH,2024-01-19,1705651200,28.0,28.71315349475771,22.854093292265084,,True,0.05,False,
ETH,2024-01-20,1705737600,27.0,28.868928017659893,22.886352176061134,,True,0.05,False,
ETH,2024-01-21,1705824000,33.0,28.700080594513746,22.721517596175083,,True,0.05,False,
ETH,2024-01-22,1705910400,32.0,28.91891409814881,22.755850488803784,,True,0.05,False,
ETH,2024-01-23,1705996800,31.0,28.895421358349317,22.739229241436497,,True,0.05,False,
ETH,2024-01-24,1706083200,30.0,28.940478467536227,22.79183153167985,,True,0.05,False,
ETH,2024-01-25,1706169600,29.0,29.050144576075365,22.787984344352513,,True,0.05,False,
ETH,2024-01-26,1706256000,28.0,29.30055799509195,22.827860169925934,,True,0.05,False,
ETH,2024-01-27,1706342400,27.0,29.19275777635122,22.90336679706457,,True,0.05,False,
ETH,2024-01-28,1706428800,33.0,29.02010552747957,22.69902733634008,,True,0.05,False,
ETH,2024-01-29,1706515200,32.0,29.106618143694202,22.713641844653058,,True,0.05,False,
ETH,2024-01-30,1706601600,31.0,28.989149021896075,22.74299988138219,,True,0.05,False,
ETH,2024-01-31,1706688000,30.0,29.011825752476497,22.87051128794381,,True,0.05,False,
ETH,2024-02-01,1706774400,29.0,29.143120097192124,22.780707902249826,,False,0.05,False,
ETH,2024-02-02,1706860800,28.0,29.231265839941717,22.8254268892465,,False,0.05,False,
ETH,2024-02-03,1706947200,27.0,29.424297450369824,22.90542598672788,,False,0.05,False,
ETH,2024-02-04,1707033600,33.0,29.264187247314325,22.69361443546534,,False,0.05,False,
ETH,2024-02-05,1707120000,32.0,29.293723660389066,22.710420973200907,,False,0.05,False,
ETH,2024-02-06,1707206400,31.0,29.207801324305645,22.733654605470203,,False,0.05,False,
ETH,2024-02-07,1707292800,30.0,29.193905491042983,22.77762857611287,,False,0.05,False,
ETH,2024-02-08,1707379200,29.0,29.075741736470587,22.878658938299512,,False,0.05,False,
ETH,2024-02-09,1707465600,28.0,29.02727089895664,22.93241894701123,,False,0.05,False,
ETH,2024-02-10,1707552000,27.0,29.299701494988433,23.027670308954576,,False,0.05,False,
ETH,2024-02-11,1707638400,33.0,29.063138433005925,23.093901834799816,,False,0.05,False,
ETH,2024-02-12,1707724800,32.0,29.006861434961657,23.11557355972963,,False,0.05,False,
ETH,2024-02-13,1707811200,31.0,28.601334591394785,23.606501897519514,,False,0.05,False,
ETH,2024-02-14,1707897600,30.0,28.958402240672253,23.34067151800147,,False,0.05,False,
ETH,2024-02-15,1707984000,29.0,28.533229961473648,23.78758156867688,,False,0.05,False,
ETH,2024-02-16,1708070400,28.0,28.745022862923644,23.720577819446063,,False,0.05,False,
ETH,2024-02-17,1708156800,27.0,28.772904020091058,23.713581428387357,,False,0.05,False,
ETH,2024-02-18,1708243200,33.0,28.41282013788022,24.041350477300732,,False,0.05,False,
ETH,2024-02-19,1708329600,32.0,28.406707449875338,24.177337561132898,,False,0.05,False,
ETH,2024-02-20,1708416000,31.0,28.311128740532403,23.915706418722237,,False,0.05,False,
ETH,2024-02-21,1708502400,30.0,28.8352503091214,23.839849965801058,,False,0.05,False,
ETH,2024-02-22,1708588800,29.0,28.931965415896126,24.124555369009837,,False,0.05,False,
ETH,2024-02-23,1708675200,28.0,28.726297540475258,23.846350416238227,,False,0.05,False,
ETH,2024-02-24,1708761600,27.0,28.68065954561247,23.870169899952238,,False,0.05,False,
ETH,2024-02-25,1708848000,33.0,28.056313904087503,24.455982303805484,,False,0.05,False,
ETH,2024-02-26,1708934400,32.0,28.43960310756671,24.482653039221166,,False,0.05,False,
ETH,2024-02-27,1709020800,31.0,28.322727400893324,24.22082384971096,,False,0.05,False,
ETH,2024-02-28,1709107200,30.0,28.336566301598964,24.200951380022097,,False,0.05,False,
ETH,2024-02-29,1709193600,29.0,28.373896770101737,25.754257306586318,,False,0.05,False,
ETH,2024-03-01,1709280000,28.0,28.362808912261816,24.36059857139592,,False,0.05,False,
ETH,2024-03-02,1709366400,27.0,28.52402534985767,24.72239910138383,,False,0.05,False,
ETH,2024-03-03,1709452800,33.0,28.01061439822484,25.564604202528834,,False,0.05,False,
ETH,2024-03-04,1709539200,32.0,27.713433337226043,25.726637171619476,,False,0.05,False,
ETH,2024-03-05,1709625600,31.0,27.610564061585297,26.160072253966653,,False,0.05,False,
ETH,2024-03-06,1709712000,30.0,27.5151183100335,26.264586774715124,,False,0.05,False,
ETH,2024-03-07,1709798400,29.0,27.605553619906807,25.48143153315293,,False,0.05,False,
ETH,2024-03-08,1709884800,28.0,27.405244303848313,25.43679477332041,,False,0.05,False,
ETH,2024-03-09,1709971200,27.0,27.54046426750171,25.62196652841333,,False,0.05,False,
ETH,2024-03-10,1710057600,33.0,27.311924987027666,26.33109736054545,,False,0.05,False,
ETH,2024-03-11,1710144000,32.0,27.25939902785538,26.66637816616259,,False,0.05,False,
ETH,2024-03-12,1710230400,31.0,27.348060432137473,26.709150572371286,,False,0.05,False,
ETH,2024-03-13,1710316800,30.0,27.29298087655288,26.15836861659549,,False,0.05,False,
ETH,2024-03-14,1710403200,29.0,27.368932757543426,25.46460933640212,,False,0.05,False,
ETH,2024-03-15,1710489600,28.0,27.401510652846085,25.18078850745459,,False,0.05,False,
ETH,2024-03-16,1710576000,27.0,27.522515182469796,25.11690381572018,,False,0.05,False,
ETH,2024-03-17,1710662400,26.0,27.70269159767905,26.74085019872377,,False,0.05,False,
ETH,2024-03-18,1710748800,25.0,27.82109250390605,25.52949538127522,,False,0.05,False,
ETH,2024-03-19,1710835200,24.0,27.901209550763507,25.263715368640966,,False,0.05,False,
ETH,2024-03-20,1710921600,23.0,28.255434733092915,26.401246858827864,,False,0.05,False,
ETH,2024-03-21,1711008000,36.0,27.36716475692472,27.27179764475394,,False,0.05,False,
ETH,2024-03-22,1711094400,35.0,27.380794598449924,26.453306856050943,,False,0.05,False,
ETH,2024-03-23,1711180800,27.0,27.927357248762544,25.89194211759614,,False,0.05,False,
ETH,2024-03-24,1711267200,33.0,27.414020616768113,26.55326258394414,,False,0.05,False,
ETH,2024-03-25,1711353600,32.0,27.47646385613676,26.317064735979287,,False,0.05,False,
ETH,2024-03-26,1711440000,31.0,27.374691526503803,25.914017925620616,,False,0.05,False,
ETH,2024-03-27,1711526400,30.0,27.47491899727978,25.922668060456754,,False,0.05,False,
ETH,2024-03-28,1711612800,29.0,27.446383942254688,26.162213047010212,,False,0.05,False,
ETH,2024-03-29,1711699200,28.0,27.389218427949384,25.7019818478121,,False,0.05,False,
ETH,2024-03-30,1711785600,27.0,27.429719632924368,25.839274530399738,,False,0.05,False,
ETH,2024-03-31,1711872000,26.0,27.381264084810457,25.81489130356907,,False,0.05,False,
ETH,2024-04-01,1711958400,25.0,27.487821196186964,26.065114203943526,,False,0.05,False,
ETH,2024-04-02,1712044800,24.0,27.78506483210038,25.617015286613388,,False,0.05,False,
ETH,2024-04-03,1712131200,23.0,28.103962581045856,25.386598430532857,,False,0.05,False,
ETH,2024-04-04,1712217600,22.0,28.574591094461393,24.78798480030544,,False,0.05,False,
ETH,2024-04-05,1712304000,21.0,28.736273111809066,24.987449449549406,,False,0.05,False,
ETH,2024-04-06,1712390400,27.0,28.488701747987296,25.082183444144928,,False,0.05,False,
ETH,2024-04-07,1712476800,26.0,28.543424829063362,25.23277997704388,,False,0.05,False,
ETH,2024-04-08,1712563200,25.0,28.35689946450065,25.652060041778476,,False,0.05,False,
ETH,2024-04-09,1712649600,24.0,28.576967137561102,26.04865853696471,,False,0.05,False,
ETH,2024-04-10,1712736000,23.0,28.47168535596722,25.615458842971062,,False,0.05,False,
ETH,2024-04-11,1712822400,22.0,28.680498613314157,25.04379428797371,,False,0.05,False,
ETH,2024-04-12,1712908800,21.0,28.862951169778885,24.56428308741173,,False,0.05,False,
ETH,2024-04-13,1712995200,27.0,28.94174793716581,24.998741740533863,,False,0.05,False,
ETH,2024-04-14,1713081600,26.0,29.40531447018833,26.304378379599466,,False,0.05,False,
ETH,2024-04-15,1713168000,25.0,29.122260735610123,25.802999790356434,,False,0.05,False,
ETH,2024-04-16,1713254400,24.0,29.42843413027616,25.532461848105797,,False,0.05,False,
ETH,2024-04-17,1713340800,23.0,29.535261175348847,25.3944244419709,,False,0.05,False,
ETH,2024-04-18,1713427200,22.0,29.009412203339394,25.711784167711052,,False,0.05,False,
ETH,2024-04-19,1713513600,21.0,29.611885374645528,25.51427080022505,,False,0.05,False,
ETH,2024-04-20,1713600000,27.0,29.407099016768214,25.425372819174832,,False,0.05,False,
ETH,2024-04-21,1713686400,26.0,29.363320854866547,25.483392480744442,,False,0.05,False,
ETH,2024-04-22,1713772800,25.0,29.49722627797482,25.361842378272605,,False,0.05,False,
ETH,2024-04-23,1713859200,24.0,29.477182612216794,25.14638185903896,,False,0.05,False,
ETH,2024-04-24,1713945600,23.0,29.413205272405058,24.854695194314257,,False,0.05,False,
ETH,2024-04-25,1714032000,36.0,29.068549609943457,25.09087919671223,,False,0.05,False,
ETH,2024-04-26,1714118400,35.0,29.437122094108723,24.59961578524571,,False,0.05,False,
ETH,2024-04-27,1714204800,27.0,29.52051022373626,23.965468552506227,,False,0.05,False,
ETH,2024-04-28,1714291200,33.0,29.461836881513047,24.35462259146013,,False,0.05,False,
ETH,2024-04-29,1714377600,32.0,29.654203562275313,24.050375764104178,,False,0.05,False,
ETH,2024-04-30,1714464000,31.0,29.55456456334343,23.48568127233147,,False,0.05,False,
ETH,2024-05-01,1714550400,30.0,29.73972807794935,24.530883804767136,,False,0.05,False,
ETH,2024-05-02,1714636800,29.0,29.841510606635946,24.334099399870794,,False,0.05,False,
ETH,2024-05-03,1714723200,28.0,29.610901585321912,23.86680974459645,,False,0.05,False,
ETH,2024-05-04,1714809600,27.0,29.44089096697467,24.166796483040745,,False,0.05,False,
ETH,2024-05-05,1714896000,26.0,29.584722461158044,24.394134749165787,,False,0.05,False,
ETH,2024-05-06,1714982400,25.0,29.494560565104056,24.3382400990711,,False,0.05,False,
ETH,2024-05-07,1715068800,24.0,29.43574904268054,23.936035242399765,,False,0.05,False,
ETH,2024-05-08,1715155200,23.0,29.403211254900217,23.972012319556924,,False,0.05,False,
ETH,2024-05-09,1715241600,22.0,29.454721153056155,23.782282623321752,,False,0.05,False,
ETH,2024-05-10,1715328000,21.0,29.461375191416657,23.52569263246074,,False,0.05,False,
ETH,2024-05-11,1715414400,27.0,29.448252703241945,23.516954148714753,,False,0.05,False,
ETH,2024-05-12,1715500800,26.0,29.37430131039255,23.654351063519986,,False,0.05,False,
ETH,2024-05-13,1715587200,25.0,29.337263540954762,23.789698243541647,,False,0.05,False,
ETH,2024-05-14,1715673600,24.0,29.366394397830938,23.784871428416555,,False,0.05,False,
ETH,2024-05-15,1715760000,23.0,29.37196169588126,23.7785271712079,,False,0.05,False,
ETH,2024-05-16,1715846400,22.0,29.35652492022961,23.429102963332287,,False,0.05,False,
ETH,2024-05-17,1715932800,21.0,29.429831886305024,23.64893334447327,,False,0.05,False,
ETH,2024-05-18,1716019200,27.0,29.155766815959225,23.798794314985518,,False,0.05,False,
ETH,2024-05-19,1716105600,26.0,29.115937059350617,23.8754270746506,,False,0.05,False,
ETH,2024-05-20,1716192000,25.0,29.175365742700688,24.013098278965828,,False,0.05,False,
ETH,2024-05-21,1716278400,24.0,28.703284893620804,25.795257743874686,,False,0.05,False,
ETH,2024-05-22,1716364800,23.0,28.656649188482138,26.13421783394254,,False,0.05,False,
ETH,2024-05-23,1716451200,36.0,28.060409563859224,26.747782754230503,,False,0.05,False,
ETH,2024-05-24,1716537600,35.0,28.312744129102605,24.956181725675762,,False,0.05,False,
ETH,2024-05-25,1716624000,27.0,28.77395979762225,24.362713899661617,,False,0.05,False,
ETH,2024-05-26,1716710400,33.0,28.44046116068319,24.81105562029432,,False,0.05,False,
ETH,2024-05-27,1716796800,32.0,28.301559735762503,25.297520700701053,,False,0.05,False,
ETH,2024-05-28,1716883200,31.0,28.392849413767376,24.670217435910416,,False,0.05,False,
ETH,2024-05-29,1716969600,30.0,28.328876699359043,24.480070215417022,,False,0.05,False,
ETH,2024-05-30,1717056000,29.0,28.55332935686278,24.523815552471113,,False,0.05,False,
ETH,2024-05-31,1717142400,28.0,28.80081533565661,24.116816939353317,,False,0.05,False,
ETH,2024-06-01,1717228800,27.0,28.661429954704015,24.26474381092066,,False,0.05,False,
ETH,2024-06-02,1717315200,26.0,28.65694280361082,24.399011690419567,,False,0.05,False,
ETH,2024-06-03,1717401600,25.0,28.687739353152054,24.388673161867754,,False,0.05,False,
ETH,2024-06-04,1717488000,24.0,28.8891884239358,23.764036300597216,,False,0.05,False,
ETH,2024-06-05,1717574400,23.0,28.84874861835101,23.87055387602154,,False,0.05,False,
ETH,2024-06-06,1717660800,22.0,28.91783943295033,24.115323174090253,,False,0.05,False,
ETH,2024-06-07,1717747200,21.0,28.918701961287876,23.75750026676492,,False,0.05,False,
ETH,2024-06-08,1717833600,27.0,28.625137507848898,23.9025904012574,,False,0.05,False,
ETH,2024-06-09,1717920000,26.0,28.770743779282714,24.006488427611885,,False,0.05,False,
ETH,2024-06-10,1718006400,25.0,28.891819575796536,24.12706324634261,,False,0.05,False,
ETH,2024-06-11,1718092800,24.0,29.27265767891711,24.0477258314959,,False,0.05,False,
ETH,2024-06-12,1718179200,23.0,29.03882414008005,24.119014455658988,,False,0.05,False,
ETH,2024-06-13,1718265600,22.0,29.064412910704807,23.825265178265575,,False,0.05,False,
ETH,2024-06-14,1718352000,21.0,29.202695730194517,23.79009370726014,,False,0.05,False,
ETH,2024-06-15,1718438400,27.0,28.912983662616476,24.367724376339616,,False,0.05,False,
ETH,2024-06-16,1718524800,26.0,28.97548554999305,24.318058114899266,,False,0.05,False,
ETH,2024-06-17,1718611200,25.0,29.075499875575307,24.30528037845956,,False,0.05,False,
ETH,2024-06-18,1718697600,24.0,29.222175689820926,24.094109976642734,,False,0.05,False,
ETH,2024-06-19,1718784000,23.0,28.99562085250688,24.710146575637495,,False,0.05,False,
ETH,2024-06-20,1718870400,36.0,28.594688566088465,25.40525059630841,,False,0.05,False,
ETH,2024-06-21,1718956800,35.0,28.778575233350544,24.576265580778525,,False,0.05,False,
ETH,2024-06-22,1719043200,27.0,29.14658393534205,24.173867904140852,,False,0.05,False,
ETH,2024-06-23,1719129600,33.0,28.92917702904472,24.617353261360115,,False,0.05,False,
ETH,2024-06-24,1719216000,32.0,29.073079933699027,24.734723729193536,,False,0.05,False,
ETH,2024-06-25,1719302400,31.0,28.992183524141986,24.390399905795586,,False,0.05,False,
ETH,2024-06-26,1719388800,30.0,29.0460034615577,24.052182502581264,,False,0.05,False,
ETH,2024-06-27,1719475200,29.0,29.107188386548447,23.689450083602956,,False,0.05,False,
ETH,2024-06-28,1719561600,28.0,29.0433914918738,23.793095734425407,,False,0.05,False,
ETH,2024-06-29,1719648000,27.0,29.174581309740777,23.465161947041718,,False,0.05,False,
ETH,2024-06-30,1719734400,26.0,29.1917407425408,23.480410922506664,,False,0.05,False,
ETH,2024-07-01,1719820800,25.0,29.02902127738155,23.55372873311547,,False,0.05,False,
ETH,2024-07-02,1719907200,24.0,29.203235572483013,23.5160663775366,,False,0.05,False,
ETH,2024-07-03,1719993600,23.0,29.33524038727801,23.271574623797346,,False,0.05,False,
ETH,2024-07-04,1720080000,22.0,29.560295755130944,23.636879294112894,,False,0.05,False,
ETH,2024-07-05,1720166400,21.0,29.502472955280187,24.49480749140893,,False,0.05,False,
ETH,2024-07-06,1720252800,27.0,29.323446301937537,24.197726812531858,,False,0.05,False,
ETH,2024-07-07,1720339200,26.0,29.37453762815414,24.093885163843268,,False,0.05,False,
ETH,2024-07-08,1720425600,25.0,29.314201302224216,24.47822112810368,,False,0.05,False,
ETH,2024-07-09,1720512000,24.0,29.352901023975186,24.51372092743507,,False,0.05,False,
ETH,2024-07-10,1720598400,23.0,29.31834925537105,24.18551480786216,,False,0.05,False,
ETH,2024-07-11,1720684800,22.0,29.337499458293916,23.920832803629455,,False,0.05,False,
ETH,2024-07-12,1720771200,21.0,29.457550210585172,23.84089092001996,,False,0.05,False,
ETH,2024-07-13,1720857600,27.0,29.23398621499777,23.730397758205207,,False,0.05,False,
ETH,2024-07-14,1720944000,26.0,29.1519921084157,23.86594992302717,,False,0.05,False,
ETH,2024-07-15,1721030400,25.0,28.999953537194266,24.088215233728054,,False,0.05,False,
ETH,2024-07-16,1721116800,24.0,29.13709347541679,24.25179506175238,,False,0.05,False,
ETH,2024-07-17,1721203200,23.0,28.976872884982896,24.751700151991244,,False,0.05,False,
ETH,2024-07-18,1721289600,22.0,29.132913122445824,24.34944382753316,,False,0.05,False,
ETH,2024-07-19,1721376000,21.0,29.12768507660164,24.168655547923102,,False,0.05,False,
ETH,2024-07-20,1721462400,27.0,28.810203149329368,24.5227808007136,,False,0.05,False,
ETH,2024-07-21,1721548800,26.0,28.931007949885462,24.706724087238992,,False,0.05,False,
ETH,2024-07-22,1721635200,25.0,28.955494430545016,24.919291417612232,,False,0.05,False,
ETH,2024-07-23,1721721600,24.0,29.051687646061154,24.890994604244028,,False,0.05,False,
ETH,2024-07-24,1721808000,23.0,29.230226068129152,24.283086450954023,,False,0.05,False,
ETH,2024-07-25,1721894400,36.0,28.808254912814466,25.049330401312456,,False,0.05,False,
ETH,2024-07-26,1721980800,35.0,28.771209234766197,25.042710642184744,,False,0.05,False,
ETH,2024-07-27,1722067200,27.0,28.974534576672973,24.26053594202997,,False,0.05,False,
ETH,2024-07-28,1722153600,33.0,28.777525458958383,24.102013539934536,,False,0.05,False,
ETH,2024-07-29,1722240000,32.0,28.662388196593124,24.312106643155047,,False,0.05,False,
ETH,2024-07-30,1722326400,31.0,28.755380623438548,23.488106045950186,,False,0.05,False,
ETH,2024-07-31,1722412800,30.0,28.810757750935675,23.401530358414274,,False,0.05,False,
ETH,2024-08-01,1722499200,29.0,29.004776946925247,23.325767961719443,,False,0.05,False,
ETH,2024-08-02,1722585600,28.0,29.060768296450917,23.285232832870125,,False,0.05,False,
ETH,2024-08-03,1722672000,27.0,29.074705043938497,23.57419683338445,,False,0.05,False,
ETH,2024-08-04,1722758400,26.0,29.218111033061266,23.906187385836663,,False,0.05,False,
ETH,2024-08-05,1722844800,25.0,29.673973848975773,26.51304102977586,,False,0.05,False,
ETH,2024-08-06,1722931200,24.0,29.66396610126548,25.119439894523065,,False,0.05,False,
ETH,2024-08-07,1723017600,23.0,29.546449147204754,24.745222432757323,,False,0.05,False,
ETH,2024-08-08,1723104000,22.0,29.591951645339336,25.334302884093194,,False,0.05,False,
ETH,2024-08-09,1723190400,21.0,29.55996453878087,24.586972461985674,,False,0.05,False,
ETH,2024-08-10,1723276800,27.0,29.422683681037764,25.02054692342058,,False,0.05,False,
ETH,2024-08-11,1723363200,26.0,29.389364334661188,24.96715776671857,,False,0.05,False,
ETH,2024-08-12,1723449600,25.0,29.523463514123005,25.271147688718784,,False,0.05,False,
ETH,2024-08-13,1723536000,24.0,29.574006475072018,25.083385238302586,,False,0.05,False,
ETH,2024-08-14,1723622400,23.0,29.53932557138179,24.845084910112764,,False,0.05,False,
ETH,2024-08-15,1723708800,22.0,29.659949669305277,24.56921469405951,,False,0.05,False,
ETH,2024-08-16,1723795200,21.0,29.646177716873137,24.151992578280918,,False,0.05,False,
ETH,2024-08-17,1723881600,27.0,28.855346755558255,24.212279784856225,,False,0.05,False,
ETH,2024-08-18,1723968000,26.0,29.085700047716074,24.327858659093337,,False,0.05,False,
ETH,2024-08-19,1724054400,25.0,29.398342140379263,24.359057161109263,,False,0.05,False,
ETH,2024-08-20,1724140800,24.0,28.588820231094193,23.855629193193938,,False,0.05,False,
ETH,2024-08-21,1724227200,23.0,29.62106576962711,23.746285864358885,,False,0.05,False,
ETH,2024-08-22,1724313600,36.0,29.308131631472396,24.01864233917779,,False,0.05,False,
ETH,2024-08-23,1724400000,35.0,29.308942184101767,23.645119660353263,,False,0.05,False,
ETH,2024-08-24,1724486400,27.0,29.56596915301106,23.61055629375533,,False,0.05,False,
ETH,2024-08-25,1724572800,33.0,29.467737073841864,23.597541420739233,,False,0.05,False,
ETH,2024-08-26,1724659200,32.0,29.50354083310204,23.580863889518874,,False,0.05,False,
ETH,2024-08-27,1724745600,31.0,29.457317749025,23.317534011461568,,False,0.05,False,
ETH,2024-08-28,1724832000,30.0,29.628093939519754,23.640928120147287,,False,0.05,False,
ETH,2024-08-29,1724918400,29.0,29.592781394661596,23.50539220170055,,False,0.05,False,
ETH,2024-08-30,1725004800,28.0,29.50751056489039,23.638980927574668,,False,0.05,False,
ETH,2024-08-31,1725091200,27.0,29.51436032511976,23.468733443154758,,False,0.05,False,
ETH,2024-09-01,1725177600,26.0,29.5859568627769,23.497404898394983,,False,0.05,False,
ETH,2024-09-02,1725264000,25.0,29.622648412205685,23.687705708094104,,False,0.05,False,
ETH,2024-09-03,1725350400,24.0,29.5677027987742,23.715194577912996,,False,0.05,False,
ETH,2024-09-04,1725436800,23.0,29.625611404824994,24.351537564893672,,False,0.05,False,
ETH,2024-09-05,1725523200,22.0,29.649270921663955,24.089554536175413,,False,0.05,False,
ETH,2024-09-06,1725609600,21.0,29.65982475862715,24.48513710394572,,False,0.05,False,
ETH,2024-09-07,1725696000,27.0,29.500910681464962,24.671014771068076,,False,0.05,False,
ETH,2024-09-08,1725782400,26.0,29.502002620073142,24.632070108951677,,False,0.05,False,
ETH,2024-09-09,1725868800,25.0,29.524255653374826,24.530071686480465,,False,0.05,False,
ETH,2024-09-10,1725955200,24.0,29.426675239526322,24.386925974622258,,False,0.05,False,
ETH,2024-09-11,1726041600,23.0,29.555710400635636,23.880405180128676,,False,0.05,False,
ETH,2024-09-12,1726128000,22.0,29.52409594635231,23.912681324354885,,False,0.05,False,
ETH,2024-09-13,1726214400,21.0,29.56617391916139,23.96760066785271,,False,0.05,False,
ETH,2024-09-14,1726300800,27.0,29.499080358392607,23.980525460712617,,False,0.05,False,
ETH,2024-09-15,1726387200,26.0,29.534998071071108,23.982817797757306,,False,0.05,False,
ETH,2024-09-16,1726473600,25.0,29.661682401773504,24.182871277483482,,False,0.05,False,
ETH,2024-09-17,1726560000,24.0,29.55695515043817,24.083471321331107,,False,0.05,False,
ETH,2024-09-18,1726646400,23.0,29.62079771986748,23.96111380292104,,False,0.05,False,
ETH,2024-09-19,1726732800,36.0,29.28246606542056,24.160682665736466,,False,0.05,False,
ETH,2024-09-20,1726819200,35.0,29.282002830491397,24.489514481338308,,False,0.05,False,
ETH,2024-09-21,1726905600,27.0,29.409811298389332,23.83160884053984,,False,0.05,False,
ETH,2024-09-22,1726992000,33.0,29.340291266655438,24.14170516615167,,False,0.05,False,
ETH,2024-09-23,1727078400,32.0,29.299902743945236,24.04224732791268,,False,0.05,False,
ETH,2024-09-24,1727164800,31.0,29.440958294318733,23.882714166313324,,False,0.05,False,
ETH,2024-09-25,1727251200,30.0,29.480690719610305,23.72482706577462,,False,0.05,False,
ETH,2024-09-26,1727337600,29.0,29.461814177559802,23.466962479011503,,False,0.05,False,
ETH,2024-09-27,1727424000,28.0,29.54990900376554,23.5867298683858,,False,0.05,False,
ETH,2024-09-28,1727510400,27.0,29.356121610984054,23.530849398569657,,False,0.05,False,
ETH,2024-09-29,1727596800,26.0,29.32209585838212,23.540097970870207,,False,0.05,False,
ETH,2024-09-30,1727683200,25.0,29.43846196619543,23.591138076820275,,False,0.05,False,
ETH,2024-10-01,1727769600,24.0,29.394903809896462,23.69689050908121,,False,0.05,False,
ETH,2024-10-02,1727856000,23.0,29.56751512034468,23.76694844025246,,False,0.05,False,
ETH,2024-10-03,1727942400,36.0,29.257810736281524,25.080469565313027,,False,0.05,False,
ETH,2024-10-04,1728028800,35.0,29.1925835597641,25.161319326432206,,False,0.05,False,
ETH,2024-10-05,1728115200,27.0,29.404644520264885,24.121847881665985,,False,0.05,False,
ETH,2024-10-06,1728201600,33.0,29.320592217952083,24.65123593803442,,False,0.05,False,
ETH,2024-10-07,1728288000,32.0,29.241924881558326,24.586004615794263,,False,0.05,False,
ETH,2024-10-08,1728374400,31.0,29.310906261368856,24.254272137024586,,False,0.05,False,
ETH,2024-10-09,1728460800,30.0,29.327264223198025,24.071445858678462,,False,0.05,False,
ETH,2024-10-10,1728547200,29.0,29.336087509987856,24.105319383740433,,False,0.05,False,
ETH,2024-10-11,1728633600,28.0,29.355539756020782,23.932188333942626,,False,0.05,False,
ETH,2024-10-12,1728720000,27.0,29.290051263705852,23.988613909138806,,False,0.05,False,
ETH,2024-10-13,1728806400,26.0,29.27957253089846,23.99713497112622,,False,0.05,False,
ETH,2024-10-14,1728892800,25.0,29.283834276633527,24.128149184362453,,False,0.05,False,
ETH,2024-10-15,1728979200,24.0,29.201133331366908,24.05504526453484,,False,0.05,False,
ETH,2024-10-16,1729065600,23.0,29.39669519732609,24.016375247845637,,False,0.05,False,
ETH,2024-10-17,1729152000,22.0,29.410874303463206,23.882316192635464,,False,0.05,False,
ETH,2024-10-18,1729238400,21.0,29.462817545938396,23.774579441298567,,False,0.05,False,
ETH,2024-10-19,1729324800,27.0,29.291338458756293,23.90095743360828,,False,0.05,False,
ETH,2024-10-20,1729411200,26.0,29.294020423741873,23.936104874307755,,False,0.05,False,
ETH,2024-10-21,1729497600,25.0,29.180961425875275,24.11970903268144,,False,0.05,False,
ETH,2024-10-22,1729584000,24.0,29.20646967359501,23.963034521851068,,False,0.05,False,
ETH,2024-10-23,1729670400,23.0,29.334043191475544,23.945938224641264,,False,0.05,False,
ETH,2024-10-24,1729756800,36.0,28.878041898836027,24.26358782103082,,False,0.05,False,
ETH,2024-10-25,1729843200,35.0,28.902221228563263,24.31270000089599,,False,0.05,False,
ETH,2024-10-26,1729929600,27.0,29.16199994047111,24.306774766748855,,False,0.05,False,
ETH,2024-10-27,1730016000,33.0,28.93296482241438,24.22891221487214,,False,0.05,False,
ETH,2024-10-28,1730102400,32.0,28.928487705354197,24.23590618394323,,False,0.05,False,
ETH,2024-10-29,1730188800,31.0,28.852599085176756,24.21838025390014,,False,0.05,False,
ETH,2024-10-30,1730275200,30.0,28.796878868189502,24.358073251962896,,False,0.05,False,
ETH,2024-10-31,1730361600,29.0,28.914986802330727,24.286122943446763,,False,0.05,False,
ETH,2024-11-01,1730448000,28.0,29.097505838112344,24.136970199966093,,False,0.05,False,
ETH,2024-11-02,1730534400,27.0,29.098449253576987,24.207580283190293,,False,0.05,False,
ETH,2024-11-03,1730620800,26.0,29.218670278870665,24.327612137027504,,False,0.05,False,
ETH,2024-11-04,1730707200,25.0,29.2145490631428,24.440638989378563,,False,0.05,False,
ETH,2024-11-05,1730793600,24.0,29.32918128046049,24.373227542769904,,False,0.05,False,
ETH,2024-11-06,1730880000,23.0,29.219402234428127,23.483276569754416,,False,0.05,False,
ETH,2024-11-07,1730966400,22.0,29.11325969741611,23.974975184141694,,False,0.05,False,
ETH,2024-11-08,1731052800,21.0,29.079621030670737,23.83101941937355,,False,0.05,False,
ETH,2024-11-09,1731139200,27.0,28.82820648036712,23.791206813028804,,False,0.05,False,
ETH,2024-11-10,1731225600,26.0,28.866447270632598,23.90596843790082,,False,0.05,False,
ETH,2024-11-11,1731312000,25.0,28.856432869719583,23.963854409786737,,False,0.05,False,
ETH,2024-11-12,1731398400,24.0,28.672001269168682,24.70834265954621,,False,0.05,False,
ETH,2024-11-13,1731484800,23.0,28.93918338295292,23.875697075392804,,False,0.05,False,
ETH,2024-11-14,1731571200,22.0,29.03016913708571,24.046405876698056,,False,0.05,False,
ETH,2024-11-15,1731657600,21.0,29.196138453033303,24.262994671372635,,False,0.05,False,
ETH,2024-11-16,1731744000,27.0,28.670111179336192,24.01601430204624,,False,0.05,False,
ETH,2024-11-17,1731830400,26.0,28.62197024254675,24.301612226183767,,False,0.05,False,
ETH,2024-11-18,1731916800,25.0,28.523930458946722,24.203988616949626,,False,0.05,False,
ETH,2024-11-19,1732003200,24.0,28.540032605604445,24.173114097216114,,False,0.05,False,
ETH,2024-11-20,1732089600,23.0,28.694479892317748,24.04713449489333,,False,0.05,False,
ETH,2024-11-21,1732176000,36.0,27.863133101287122,24.651883826861976,,False,0.05,False,
ETH,2024-11-22,1732262400,35.0,27.836489644479652,25.105626096059563,,False,0.05,False,
ETH,2024-11-23,1732348800,27.0,28.40538319463529,24.893127486694226,,False,0.05,False,
ETH,2024-11-24,1732435200,33.0,27.7893226795284,25.40150077465304,,False,0.05,False,
ETH,2024-11-25,1732521600,32.0,28.016540346851773,25.407526404710342,,False,0.05,False,
ETH,2024-11-26,1732608000,31.0,28.08212343747005,25.211326777521055,,False,0.05,False,
ETH,2024-11-27,1732694400,30.0,28.10254658500252,24.95050818013513,,False,0.05,False,
ETH,2024-11-28,1732780800,29.0,28.156749003151806,25.13804903198414,,False,0.05,False,
ETH,2024-11-29,1732867200,28.0,28.08095655349047,24.71040928056908,,False,0.05,False,
ETH,2024-11-30,1732953600,27.0,28.127894589108045,24.668392317732888,,False,0.05,False,
ETH,2024-12-01,1733040000,26.0,28.152144715428584,26.01939259583959,,False,0.05,False,
ETH,2024-12-02,1733126400,25.0,28.287829267852317,24.900125226536424,,False,0.05,False,
ETH,2024-12-03,1733212800,24.0,28.366643413592357,24.35806237702877,,False,0.05,False,
ETH,2024-12-04,1733299200,23.0,28.328038898467938,24.623547667691316,,False,0.05,False,
ETH,2024-12-05,1733385600,22.0,28.213692053239814,24.014647854653305,,False,0.05,False,
ETH,2024-12-06,1733472000,21.0,28.395188367186353,24.839730384903955,,False,0.05,False,
ETH,2024-12-07,1733558400,27.0,28.02842238547251,24.96695276282738,,False,0.05,False,
ETH,2024-12-08,1733644800,26.0,28.0785920368158,25.135535092751496,,False,0.05,False,
ETH,2024-12-09,1733731200,25.0,28.36689311466995,25.224930149347557,,False,0.05,False,
ETH,2024-12-10,1733817600,24.0,28.469045248873787,25.25902586815284,,False,0.05,False,
ETH,2024-12-11,1733904000,23.0,28.755748367179976,25.103726102607286,,False,0.05,False,
ETH,2024-12-12,1733990400,22.0,28.762361395388265,24.95509525495924,,False,0.05,False,
ETH,2024-12-13,1734076800,21.0,28.95246531821745,24.77232521313737,,False,0.05,False,
ETH,2024-12-14,1734163200,27.0,28.5139860691405,25.17407480186061,,False,0.05,False,
ETH,2024-12-15,1734249600,26.0,28.690157214741085,25.192167171594846,,False,0.05,False,
ETH,2024-12-16,1734336000,25.0,28.403860932993258,25.138980771051774,,False,0.05,False,
ETH,2024-12-17,1734422400,24.0,28.573905733783988,24.746509003612523,,False,0.05,False,
ETH,2024-12-18,1734508800,23.0,28.829107102790257,24.818706777246437,,False,0.05,False,
ETH,2024-12-19,1734595200,22.0,28.799188541311803,25.122250863150903,,False,0.05,False,
ETH,2024-12-20,1734681600,21.0,29.013526460503126,25.014903368473902,,False,0.05,False,
ETH,2024-12-21,1734768000,27.0,28.78500623106236,25.38416576570438,,False,0.05,False,
ETH,2024-12-22,1734854400,26.0,28.829501728867864,25.293343722543717,,False,0.05,False,
ETH,2024-12-23,1734940800,25.0,28.875721211584032,25.545328333353847,,False,0.05,False,
ETH,2024-12-24,1735027200,24.0,28.85745031021522,25.396408182911564,,False,0.05,False,
ETH,2024-12-25,1735113600,23.0,28.944164802751875,25.0416502452794,,False,0.05,False,
ETH,2024-12-26,1735200000,36.0,28.58218594620171,25.924236602168836,,False,0.05,False,
ETH,2024-12-27,1735286400,35.0,28.74664167584174,26.13600803489887,,False,0.05,False,
ETH,2024-12-28,1735372800,27.0,28.982505196568443,25.26240641726879,,False,0.05,False,
ETH,2024-12-29,1735459200,33.0,28.770989793544814,25.84857954497692,,False,0.05,False,
ETH,2024-12-30,1735545600,32.0,28.73265688566988,25.65809387903372,,False,0.05,False,
ETH,2024-12-31,1735632000,31.0,28.87065260416539,25.300233357680213,,False,0.05,False,
ETH,2025-01-01,1735718400,30.0,28.840491103059197,24.85294778849177,,False,0.05,False,
ETH,2025-01-02,1735804800,29.0,28.59858861562882,25.353470366441584,,False,0.05,False,
ETH,2025-01-03,1735891200,28.0,28.666924995068232,24.99174971548253,,False,0.05,False,
ETH,2025-01-04,1735977600,27.0,28.842719303427078,24.810710145950736,,False,0.05,False,
ETH,2025-01-05,1736064000,26.0,28.87337623333785,24.98648058204674,,False,0.05,False,
ETH,2025-01-06,1736150400,25.0,28.986895136621644,24.91896677613436,,False,0.05,False,
ETH,2025-01-07,1736236800,24.0,29.091155060804006,24.535285613448846,,False,0.05,False,
ETH,2025-01-08,1736323200,23.0,29.31663059008373,24.742554826674144,,False,0.05,False,
ETH,2025-01-09,1736409600,22.0,29.262405628101,24.619226003072487,,False,0.05,False,
ETH,2025-01-10,1736496000,21.0,29.25978707913338,24.744768967192595,,False,0.05,False,
ETH,2025-01-11,1736582400,27.0,29.08537624066269,24.74603179039484,,False,0.05,False,
ETH,2025-01-12,1736668800,26.0,29.146911214495532,24.879595848150878,,False,0.05,False,
ETH,2025-01-13,1736755200,25.0,29.195580493856347,25.000651194853674,,False,0.05,False,
ETH,2025-01-14,1736841600,24.0,29.101685233340937,25.233789576563417,,False,0.05,False,
ETH,2025-01-15,1736928000,23.0,29.13403751731392,24.99496067661084,,False,0.05,False,
ETH,2025-01-16,1737014400,22.0,29.144280774145944,24.789705234504908,,False,0.05,False,
ETH,2025-01-17,1737100800,21.0,29.093304313774887,25.046840756031727,,False,0.05,False,
ETH,2025-01-18,1737187200,27.0,28.921807199934193,25.38430658692208,,False,0.05,False,
ETH,2025-01-19,1737273600,26.0,28.82500924812665,25.425915700182188,,False,0.05,False,
ETH,2025-01-20,1737360000,25.0,28.875080989604303,25.885140767289197,,False,0.05,False,
ETH,2025-01-21,1737446400,24.0,28.881174675293213,25.286239880170193,,False,0.05,False,
ETH,2025-01-22,1737532800,23.0,29.05798195780267,24.867073867603995,,False,0.05,False,
ETH,2025-01-23,1737619200,36.0,28.7956413117162,25.59544808719397,,False,0.05,False,
ETH,2025-01-24,1737705600,35.0,28.873619750173322,25.144781484356173,,False,0.05,False,
ETH,2025-01-25,1737792000,27.0,29.00822212572568,24.37965933063205,,False,0.05,False,
ETH,2025-01-26,1737878400,33.0,28.773723605997667,24.94873816514951,,False,0.05,False,
ETH,2025-01-27,1737964800,32.0,28.798782701832415,25.09471241422212,,False,0.05,False,
ETH,2025-01-28,1738051200,31.0,29.088134360164204,24.829984106161813,,False,0.05,False,
ETH,2025-01-29,1738137600,30.0,29.05444102344048,24.668232057785367,,False,0.05,False,
ETH,2025-01-30,1738224000,29.0,29.08607901809067,24.482669642047505,,False,0.05,False,
ETH,2025-01-31,1738310400,28.0,29.12585531963754,24.29978732087366,,False,0.05,False,
ETH,2025-02-01,1738396800,27.0,29.246125169256587,24.26514982495247,,False,0.05,False,
ETH,2025-02-02,1738483200,26.0,29.350091280160143,24.529168937990413,,False,0.05,False,
ETH,2025-02-03,1738569600,25.0,29.58460834668105,25.35108955417758,,False,0.05,False,
ETH,2025-02-04,1738656000,24.0,29.50595346302302,25.030983104911176,,False,0.05,False,
ETH,2025-02-05,1738742400,23.0,29.57402194528626,24.910921200325486,,False,0.05,False,
ETH,2025-02-06,1738828800,22.0,29.554630067979446,24.61312192905109,,False,0.05,False,
ETH,2025-02-07,1738915200,21.0,29.60359469743626,24.476522727524234,,False,0.05,False,
ETH,2025-02-08,1739001600,27.0,29.45471086514111,24.800381589707634,,False,0.05,False,
ETH,2025-02-09,1739088000,26.0,29.50887086544603,24.702198897868147,,False,0.05,False,
ETH,2025-02-10,1739174400,25.0,29.500006043745017,24.861897636511436,,False,0.05,False,
ETH,2025-02-11,1739260800,24.0,29.458447642718294,24.68824857943738,,False,0.05,False,
ETH,2025-02-12,1739347200,23.0,29.573614266677577,24.64598156570766,,False,0.05,False,
ETH,2025-02-13,1739433600,22.0,29.536982238199283,24.711442114291966,,False,0.05,False,
ETH,2025-02-14,1739520000,21.0,29.560826124345716,24.430147329317897,,False,0.05,False,
ETH,2025-02-15,1739606400,27.0,29.428342430782212,24.398025348988586,,False,0.05,False,
ETH,2025-02-16,1739692800,26.0,29.428026551401373,24.44647325784102,,False,0.05,False,
ETH,2025-02-17,1739779200,25.0,29.518175866132207,24.567394340523997,,False,0.05,False,
ETH,2025-02-18,1739865600,24.0,29.585890050179223,24.56342906260953,,False,0.05,False,
ETH,2025-02-19,1739952000,23.0,29.566151587775124,24.476020966596295,,False,0.05,False,
ETH,2025-02-20,1740038400,36.0,29.332082261495557,24.833195519316316,,False,0.05,False,
ETH,2025-02-21,1740124800,35.0,29.23292678107856,24.39299180095981,,False,0.05,False,
ETH,2025-02-22,1740211200,27.0,29.440566179282943,24.266435392581712,,False,0.05,False,
ETH,2025-02-23,1740297600,33.0,29.330957949270868,20.348722701996287,,False,0.05,False,
ETH,2025-02-24,1740384000,32.0,29.400853333020237,20.32656295029121,,False,0.05,False,
ETH,2025-02-25,1740470400,31.0,29.39357279012409,20.61540076107765,,False,0.05,False,
ETH,2025-02-26,1740556800,30.0,29.374449714497807,19.824239795696638,,False,0.05,False,
ETH,2025-02-27,1740643200,29.0,29.366228578903755,20.076854389064135,,False,0.05,False,
ETH,2025-02-28,1740729600,28.0,29.34716651031054,20.807711129141772,,False,0.05,False,
ETH,2025-03-01,1740816000,27.0,29.262296119491875,19.948540014227465,,False,0.05,False,
ETH,2025-03-02,1740902400,26.0,29.412393688609914,19.98694811240701,,False,0.05,False,
ETH,2025-03-03,1740988800,25.0,29.49457819889114,20.465622517199805,,False,0.05,False,
ETH,2025-03-04,1741075200,24.0,29.533772067714796,21.009853265717084,,False,0.05,False,
ETH,2025-03-05,1741161600,23.0,29.617935502518552,20.521762797389627,,False,0.05,False,
ETH,2025-03-06,1741248000,22.0,29.57689944180911,20.576979474032484,,False,0.05,False,
ETH,2025-03-07,1741334400,21.0,29.623380359215947,20.27459661860476,,False,0.05,False,
ETH,2025-03-08,1741420800,27.0,29.538580139933217,20.253378285354017,,False,0.05,False,
ETH,2025-03-09,1741507200,26.0,29.584828183853045,20.31714609278892,,False,0.05,False,
ETH,2025-03-10,1741593600,25.0,29.659211446492833,20.766821044410488,,False,0.05,False,
ETH,2025-03-11,1741680000,24.0,29.613424989552378,21.1803453265909,,False,0.05,False,
ETH,2025-03-12,1741766400,23.0,29.68732178297681,20.911958386972557,,False,0.05,False,
ETH,2025-03-13,1741852800,22.0,29.694806346437513,20.833502278512466,,False,0.05,False,
ETH,2025-03-14,1741939200,21.0,29.687429072220763,20.83760053959392,,False,0.05,False,
ETH,2025-03-15,1742025600,27.0,29.596885066889204,20.635618077024475,,False,0.05,False,
ETH,2025-03-16,1742112000,26.0,29.677463984484813,20.76268886888044,,False,0.05,False,
ETH,2025-03-17,1742198400,25.0,29.680546628483516,20.708175287016253,,False,0.05,False,
ETH,2025-03-18,1742284800,24.0,29.774740680961735,20.369346840336743,,False,0.05,False,
ETH,2025-03-19,1742371200,23.0,29.716761948470722,20.207681126769305,,False,0.05,False,
ETH,2025-03-20,1742457600,36.0,29.57532571498034,20.72842057561253,,False,0.05,False,
ETH,2025-03-21,1742544000,35.0,29.66059088327548,20.557160249569577,,False,0.05,False,
ETH,2025-03-22,1742630400,27.0,29.67926133804783,19.949694763001244,,False,0.05,False,
ETH,2025-03-23,1742716800,33.0,29.60452154619946,20.32366190633136,,False,0.05,False,
ETH,2025-03-24,1742803200,32.0,29.57140077507877,20.160466811692626,,False,0.05,False,
ETH,2025-03-25,1742889600,31.0,29.597464911821014,19.982932831219298,,False,0.05,False,
ETH,2025-03-26,1742976000,30.0,29.637661705130554,19.869635197254862,,False,0.05,False,
ETH,2025-03-27,1743062400,29.0,29.672923721720377,19.747751133883042,,False,0.05,False,
ETH,2025-03-28,1743148800,28.0,29.9132144867802,20.200337028525787,,False,0.05,False,
ETH,2025-03-29,1743235200,27.0,29.803094878802355,20.046390073717294,,False,0.05,False,
ETH,2025-03-30,1743321600,26.0,29.938203170781698,20.460834220381468,,False,0.05,False,
ETH,2025-03-31,1743408000,25.0,29.934593488875183,20.621109577578316,,False,0.05,False,
ETH,2025-04-01,1743494400,24.0,29.83934455012079,20.180454745002187,,False,0.05,False,
ETH,2025-04-02,1743580800,23.0,29.785767119650007,20.17446821210443,,False,0.05,False,
ETH,2025-04-03,1743667200,22.0,29.78224289025605,20.31896889629121,,False,0.05,False,
ETH,2025-04-04,1743753600,21.0,29.629344180064976,20.297484605688872,,False,0.05,False,
ETH,2025-04-05,1743840000,27.0,29.68677628094068,20.709500874556884,,False,0.05,False,
ETH,2025-04-06,1743926400,26.0,29.691941496115074,20.91496859591729,,False,0.05,False,
ETH,2025-04-07,1744012800,25.0,29.82133933750325,22.80389508228524,,False,0.05,False,
ETH,2025-04-08,1744099200,24.0,29.705358982571017,20.962898930581456,,False,0.05,False,
ETH,2025-04-09,1744185600,23.0,29.681714259324476,21.925535262773888,,False,0.05,False,
ETH,2025-04-10,1744272000,22.0,29.737614477958452,20.77449138999477,,False,0.05,False,
ETH,2025-04-11,1744358400,21.0,29.88715207054889,21.120735827934812,,False,0.05,False,
ETH,2025-04-12,1744444800,27.0,29.738565198187764,21.195245827679614,,False,0.05,False,
ETH,2025-04-13,1744531200,26.0,29.73827455595967,21.292617755674037,,False,0.05,False,
ETH,2025-04-14,1744617600,25.0,29.699133492123583,21.22364118793597,,False,0.05,False,
ETH,2025-04-15,1744704000,24.0,29.729141171972632,20.799956462829993,,False,0.05,False,
ETH,2025-04-16,1744790400,23.0,29.74135175801634,20.707939193103414,,False,0.05,False,
ETH,2025-04-17,1744876800,22.0,29.736599508144934,20.483420178395683,,False,0.05,False,
ETH,2025-04-18,1744963200,21.0,29.7489954930001,20.202239925808797,,False,0.05,False,
ETH,2025-04-19,1745049600,27.0,29.722330614394963,20.401812292683253,,False,0.05,False,
ETH,2025-04-20,1745136000,26.0,29.650136101100564,20.520337968424624,,False,0.05,False,
ETH,2025-04-21,1745222400,25.0,29.615777717287745,20.46735089684541,,False,0.05,False,
ETH,2025-04-22,1745308800,24.0,29.769497173027933,20.478187114782102,,False,0.05,False,
ETH,2025-04-23,1745395200,23.0,29.64392953593021,20.775437665537034,,False,0.05,False,
ETH,2025-04-24,1745481600,36.0,29.58991202281668,21.150321482404813,,False,0.05,False,
ETH,2025-04-25,1745568000,35.0,29.65119834682945,21.007405947279043,,False,0.05,False,
ETH,2025-04-26,1745654400,27.0,29.631706435731118,20.57640891493559,,False,0.05,False,
ETH,2025-04-27,1745740800,33.0,29.59103483543713,20.88016860589096,,False,0.05,False,
ETH,2025-04-28,1745827200,32.0,29.620664792948325,20.697810734063893,,False,0.05,False,
ETH,2025-04-29,1745913600,31.0,29.60475198571842,20.52077428627404,,False,0.05,False,
ETH,2025-04-30,1746000000,30.0,29.6040667526981,20.351658799055276,,False,0.05,False,
ETH,2025-05-01,1746086400,29.0,29.571932787698714,20.18240263019671,,False,0.05,False,
ETH,2025-05-02,1746172800,28.0,29.551479087909666,20.273023615786872,,False,0.05,False,
ETH,2025-05-03,1746259200,27.0,29.62832951542645,20.030051942303203,,False,0.05,False,
ETH,2025-05-04,1746345600,26.0,29.62804993358032,19.988694379776927,,False,0.05,False,
ETH,2025-05-05,1746432000,25.0,29.788863015179267,20.001535568292358,,False,0.05,False,
ETH,2025-05-06,1746518400,24.0,29.71483442715347,19.800825788298557,,False,0.05,False,
ETH,2025-05-07,1746604800,23.0,29.699956360581034,19.871639498749264,,False,0.05,False,
ETH,2025-05-08,1746691200,22.0,29.840439668756684,19.876611768665228,,False,0.05,False,
ETH,2025-05-09,1746777600,21.0,29.63604418069684,20.650866806028436,,False,0.05,False,
ETH,2025-05-10,1746864000,27.0,29.4759869316295,20.791381564633216,,False,0.05,False,
ETH,2025-05-11,1746950400,26.0,29.70391299598705,21.029993750125136,,False,0.05,False,
ETH,2025-05-12,1747036800,25.0,29.60047328401357,21.030701900923287,,False,0.05,False,
ETH,2025-05-13,1747123200,24.0,29.632638144255548,20.23626468170462,,False,0.05,False,
ETH,2025-05-14,1747209600,23.0,29.583032501272903,20.429998459857515,,False,0.05,False,
ETH,2025-05-15,1747296000,22.0,29.648808140005674,20.124560999775824,,False,0.05,False,
ETH,2025-05-16,1747382400,21.0,29.690302480813845,20.54402753924892,,False,0.05,False,
ETH,2025-05-17,1747468800,27.0,29.513773156329968,20.40587993339497,,False,0.05,False,
ETH,2025-05-18,1747555200,26.0,29.487805397060992,20.499717970082383,,False,0.05,False,
ETH,2025-05-19,1747641600,25.0,29.5400570195349,20.753338418554627,,False,0.05,False,
ETH,2025-05-20,1747728000,24.0,29.437416862155693,20.63142178124174,,False,0.05,False,
ETH,2025-05-21,1747814400,23.0,29.448092982341567,20.82734258703077,,False,0.05,False,
ETH,2025-05-22,1747900800,36.0,29.121984929159517,21.471052725448512,,False,0.05,False,
ETH,2025-05-23,1747987200,35.0,29.0714808087306,21.480357561049214,,False,0.05,False,
ETH,2025-05-24,1748073600,27.0,29.42969525945972,20.953365918047,,False,0.05,False,
ETH,2025-05-25,1748160000,33.0,29.228017096884034,21.374187756901737,,False,0.05,False,
ETH,2025-05-26,1748246400,32.0,29.20313357116506,21.174785281249562,,False,0.05,False,
ETH,2025-05-27,1748332800,31.0,29.26177249859576,20.882424031899273,,False,0.05,False,
ETH,2025-05-28,1748419200,30.0,29.353075319058117,20.58853557018616,,False,0.05,False,
ETH,2025-05-29,1748505600,29.0,29.304486636855376,20.77455367669363,,False,0.05,False,
ETH,2025-05-30,1748592000,28.0,29.321321997424977,20.880755506637197,,False,0.05,False,
ETH,2025-05-31,1748678400,27.0,29.4497601201827,20.715157039236573,,False,0.05,False,
ETH,2025-06-01,1748764800,26.0,29.5011413098073,20.68872579312459,,False,0.05,False,
ETH,2025-06-02,1748851200,25.0,29.514784446208246,20.581471612960268,,False,0.05,False,
ETH,2025-06-03,1748937600,24.0,29.570345865008992,20.44333980796963,,False,0.05,False,
ETH,2025-06-04,1749024000,23.0,29.585167264359118,20.236873165629426,,False,0.05,False,
ETH,2025-06-05,1749110400,22.0,29.602608210298314,20.09412253233361,,False,0.05,False,
ETH,2025-06-06,1749196800,21.0,29.677899556845418,20.42837873335369,,False,0.05,False,
ETH,2025-06-07,1749283200,27.0,29.53558654528833,20.363309592782393,,False,0.05,False,
ETH,2025-06-08,1749369600,26.0,29.56690479271131,20.483579874832927,,False,0.05,False,
ETH,2025-06-09,1749456000,25.0,29.593931690536767,20.34078460433999,,False,0.05,False,
ETH,2025-06-10,1749542400,24.0,29.53588582929733,20.52052250969788,,False,0.05,False,
ETH,2025-06-11,1749628800,23.0,29.441765731254964,20.968109658888263,,False,0.05,False,
ETH,2025-06-12,1749715200,22.0,29.60054794209767,20.60112279139917,,False,0.05,False,
ETH,2025-06-13,1749801600,21.0,29.663050643432808,20.897310443743386,14.26582986246041,False,0.05,False,
ETH,2025-06-14,1749888000,27.0,29.507385499753436,20.989554001356613,14.341854988812964,False,0.05,False,
ETH,2025-06-15,1749974400,26.0,29.482490196473663,20.81777218685629,14.211484671196658,False,0.05,False,
ETH,2025-06-16,1750060800,25.0,29.51045057548577,21.036456146035096,14.37494470292634,False,0.05,False,
ETH,2025-06-17,1750147200,24.0,29.530742117955885,21.03495644433905,14.37265500376063,False,0.05,False,
ETH,2025-06-18,1750233600,23.0,29.53549621939726,20.852336496660744,14.234393469791796,False,0.05,False,
ETH,2025-06-19,1750320000,36.0,29.424453109428313,21.3966637357825,14.677614461632404,False,0.05,False,
ETH,2025-06-20,1750406400,35.0,29.40409656061768,21.113991538406978,14.459565775901922,False,0.05,False,
ETH,2025-06-21,1750492800,27.0,29.598897587469857,20.679124108380616,14.192640959104642,False,0.05,False,
ETH,2025-06-22,1750579200,33.0,29.565107099969666,21.31276591502547,14.600689080220516,False,0.05,False,
ETH,2025-06-23,1750665600,32.0,29.594454733565797,21.06912593539611,14.412079781030965,False,0.05,False,
ETH,2025-06-24,1750752000,31.0,29.62603341083034,20.877837567327017,14.263573051932855,False,0.05,False,
ETH,2025-06-25,1750838400,30.0,29.654579954553718,20.54057961742319,14.18610419306493,False,0.05,False,
ETH,2025-06-26,1750924800,29.0,29.692760075899677,20.539781241509264,14.191909263727648,False,0.05,False,
ETH,2025-06-27,1751011200,28.0,29.75558198495381,20.388717902104524,14.208618370314996,False,0.05,False,
ETH,2025-06-28,1751097600,27.0,29.794580649242526,20.066512699283535,14.238729390979934,False,0.05,False,
ETH,2025-06-29,1751184000,26.0,29.72725639411806,20.094055865876168,14.241636341695527,False,0.05,False,
ETH,2025-06-30,1751270400,25.0,29.701672932983897,20.155197414401332,14.242554341698227,False,0.05,False,
ETH,2025-07-01,1751356800,24.0,29.813561405060966,19.935501719860117,14.26752254944787,False,0.05,False,
ETH,2025-07-02,1751443200,23.0,29.829837866804606,19.824533327758687,14.28406022944605,False,0.05,False,
ETH,2025-07-03,1751529600,22.0,29.82941166128234,20.20582695039745,14.258863916014805,False,0.05,False,
ETH,2025-07-04,1751616000,21.0,29.72294559070994,20.117241736211643,14.271544247606283,False,0.05,False,
ETH,2025-07-05,1751702400,27.0,29.633760708908365,20.07950279243397,14.236106871403452,False,0.05,False,
ETH,2025-07-06,1751788800,26.0,29.69995736615071,19.984635680982336,14.250106005752713,False,0.05,False,
ETH,2025-07-07,1751875200,25.0,29.67096672604241,20.072466005331204,14.248695804655432,False,0.05,False,
ETH,2025-07-08,1751961600,24.0,29.746480754482835,19.95321143769305,14.26534261761457,False,0.05,False,
ETH,2025-07-09,1752048000,23.0,29.625060219998943,20.065662760466875,14.261258800110669,False,0.05,False,
ETH,2025-07-10,1752134400,22.0,29.532740356378408,20.234337730349356,14.253769195556275,False,0.05,False,
ETH,2025-07-11,1752220800,21.0,29.526422574649356,20.59459459382663,14.234864453148125,False,0.05,False,
ETH,2025-07-12,1752307200,27.0,29.501550995146136,20.474089153850205,14.20571356231381,False,0.05,False,
ETH,2025-07-13,1752393600,26.0,29.418483072572297,20.64845788879249,14.198738303559008,False,0.05,False,
ETH,2025-07-14,1752480000,25.0,29.370441735578297,20.419910272370792,14.219871172847464,False,0.05,False,
ETH,2025-07-15,1752566400,24.0,29.439537680844655,20.4125761185933,14.227128629943069,False,0.05,False,
ETH,2025-07-16,1752652800,23.0,29.39410925293589,20.416012851805824,14.232704483238171,False,0.05,False,
ETH,2025-07-17,1752739200,22.0,29.57083873471792,20.893146480050333,14.264189113655128,False,0.05,False,
ETH,2025-07-18,1752825600,21.0,29.44109064614446,20.693938527452065,14.227465578376702,False,0.05,False,
ETH,2025-07-19,1752912000,27.0,29.376665498659623,20.50194719547723,14.202562442632905,False,0.05,False,
ETH,2025-07-20,1752998400,26.0,29.35862794730314,20.793825722140575,14.195182572706994,False,0.05,False,
ETH,2025-07-21,1753084800,25.0,29.416195919191573,20.6953452198733,14.201533515856552,False,0.05,False,
ETH,2025-07-22,1753171200,24.0,29.433861501523033,20.602525124731184,14.213990622191494,False,0.05,False,
ETH,2025-07-23,1753257600,23.0,29.390956205085494,20.42882073652699,14.231772119888458,False,0.05,False,
ETH,2025-07-24,1753344000,36.0,29.10637963198247,21.00522023258196,14.384844886613337,False,0.05,False,
ETH,2025-07-25,1753430400,35.0,29.296584410062376,21.17805535161525,14.509687543294906,False,0.05,False,
ETH,2025-07-26,1753516800,27.0,29.344619788871512,20.434890724267127,14.206939165254003,False,0.05,False,
ETH,2025-07-27,1753603200,33.0,29.154232911593553,20.828643667536134,14.239803866369655,False,0.05,False,
ETH,2025-07-28,1753689600,32.0,29.14281173065077,20.962162524828493,14.337513186055192,False,0.05,False,
ETH,2025-07-29,1753776000,31.0,29.146729803752695,20.777819962469316,14.1946959703333,False,0.05,False,
ETH,2025-07-30,1753862400,30.0,29.355178291605615,20.397306596078053,14.193328292043127,False,0.05,False,
ETH,2025-07-31,1753948800,29.0,29.543275532848675,20.33478508444184,14.204983957146583,False,0.05,False,
ETH,2025-08-01,1754035200,28.0,29.51883407437972,20.704416442975138,14.184494932278911,False,0.05,False,
ETH,2025-08-02,1754121600,27.0,29.621782013902756,20.64418231223978,14.19517096047603,False,0.05,False,
ETH,2025-08-03,1754208000,26.0,29.657623514441692,20.645113934372088,14.20122948464628,False,0.05,False,
ETH,2025-08-04,1754294400,25.0,29.72781029340831,20.203938888694235,14.239071551611113,False,0.05,False,
ETH,2025-08-05,1754380800,24.0,29.679490433934955,20.311692058239696,14.236678561164728,False,0.05,False,
ETH,2025-08-06,1754467200,23.0,29.656382786931555,20.170923961609148,14.253296274446454,False,0.05,False,
ETH,2025-08-07,1754553600,22.0,29.668878051460652,19.981509536079418,14.275294089804246,False,0.05,False,
ETH,2025-08-08,1754640000,21.0,29.43864272434168,20.07063295659769,14.272467132074562,False,0.05,False,
ETH,2025-08-09,1754726400,27.0,29.24520193813028,20.505816505895705,14.201020125647851,False,0.05,False,
ETH,2025-08-10,1754812800,26.0,29.106737723073675,20.650916558121228,14.195573956900649,False,0.05,False,
ETH,2025-08-11,1754899200,25.0,29.19293744351341,20.428444147209387,14.217544952900727,False,0.05,False,
ETH,2025-08-12,1754985600,24.0,29.252955554348024,20.478079998603228,14.220735525349463,False,0.05,False,
ETH,2025-08-13,1755072000,23.0,29.224640208080427,20.5359458475312,14.222750049922816,False,0.05,False,
ETH,2025-08-14,1755158400,22.0,29.310564652921197,20.665388087901743,14.221381545969482,False,0.05,False,
ETH,2025-08-15,1755244800,21.0,29.42864711236453,20.55320000217413,14.236715624729495,False,0.05,False,
ETH,2025-08-16,1755331200,27.0,29.43521875224982,20.796825550666107,14.197496720964859,False,0.05,False,
ETH,2025-08-17,1755417600,26.0,29.357423011559455,20.910153680324832,14.282873917597174,False,0.05,False,
ETH,2025-08-18,1755504000,25.0,29.527260513234303,20.897794873652668,14.270168178119084,False,0.05,False,
ETH,2025-08-19,1755590400,24.0,29.65683551327053,20.773197957117937,14.204859579832117,False,0.05,False,
ETH,2025-08-20,1755676800,23.0,29.57137183433245,20.757555922550893,14.21136349517966,False,0.05,False,
ETH,2025-08-21,1755763200,36.0,29.264857387869956,21.273895163189852,14.586629929922557,False,0.05,False,
ETH,2025-08-22,1755849600,35.0,29.226332764826925,21.22541430572461,14.54662048687953,False,0.05,False,
ETH,2025-08-23,1755936000,27.0,29.174385317328465,20.6598117397494,14.189848718329438,False,0.05,False,
ETH,2025-08-24,1756022400,33.0,29.021401230320716,21.04806279569116,14.407766794339258,False,0.05,False,
ETH,2025-08-25,1756108800,32.0,29.343328212087904,21.29943657173518,14.590095156459572,False,0.05,False,
ETH,2025-08-26,1756195200,31.0,29.328228348038905,21.52069620686539,14.754514922387264,False,0.05,False,
ETH,2025-08-27,1756281600,30.0,29.345414535186396,21.250100034327204,14.545708135136717,False,0.05,False,
ETH,2025-08-28,1756368000,29.0,29.44844698590609,20.87065222916135,14.255703048333878,False,0.05,False,
ETH,2025-08-29,1756454400,28.0,29.51099744429725,20.873044230088805,14.255161009902071,False,0.05,False,
ETH,2025-08-30,1756540800,27.0,29.58280848769705,20.81479631496175,14.208915990130647,False,0.05,False,
ETH,2025-08-31,1756627200,26.0,29.509198194508677,20.764717073978154,14.191863878156749,False,0.05,False,
ETH,2025-09-01,1756713600,25.0,29.574170754740486,20.665486083036548,14.204989239444393,False,0.05,False,
ETH,2025-09-02,1756800000,24.0,29.620189063249327,20.784779430139988,14.20371265396133,False,0.05,False,
ETH,2025-09-03,1756886400,23.0,29.660167471405245,20.753167454305075,14.212458602274102,False,0.05,False,
ETH,2025-09-04,1756972800,22.0,29.657963251141982,20.667540587750516,14.224536300871792,False,0.05,False,
ETH,2025-09-05,1757059200,21.0,29.75605556308895,20.53335801115098,14.241229791095916,False,0.05,False,
ETH,2025-09-06,1757145600,27.0,29.551746848009355,20.51075936316773,14.203648361956343,False,0.05,False,
ETH,2025-09-07,1757232000,26.0,29.6144702522058,20.53026028507336,14.208655316805649,False,0.05,False,
ETH,2025-09-08,1757318400,25.0,29.598106281577795,20.457971291032102,14.219411497529503,False,0.05,False,
ETH,2025-09-09,1757404800,24.0,29.582494249698318,20.307720076240315,14.236049285977746,False,0.05,False,
ETH,2025-09-10,1757491200,23.0,29.554087350538538,20.37521264069644,14.237160390239513,False,0.05,False,
ETH,2025-09-11,1757577600,22.0,29.50017767848979,20.238734430076263,14.253117217769372,False,0.05,False,
ETH,2025-09-12,1757664000,21.0,29.496788939512676,20.203761645877073,14.262508020039977,False,0.05,False,
ETH,2025-09-13,1757750400,27.0,29.32776294946471,20.086850639806283,14.232489503712088,False,0.05,False,
ETH,2025-09-14,1757836800,26.0,29.2846699904297,19.99627565110169,14.24499199910476,False,0.05,False,
ETH,2025-09-15,1757923200,25.0,29.256044224456826,20.079496089238106,14.244005736958602,False,0.05,False,
ETH,2025-09-16,1758009600,24.0,29.368398939855165,20.080935214168317,14.25113027197054,False,0.05,False,
ETH,2025-09-17,1758096000,23.0,29.515948181371783,20.097343984004887,14.257640438655525,False,0.05,False,
ETH,2025-09-18,1758182400,22.0,29.509216522480354,19.996444135780145,14.272414005311056,False,0.05,False,
ETH,2025-09-19,1758268800,21.0,29.550631345447368,19.85018211306277,14.292935852512072,False,0.05,False,
ETH,2025-09-20,1758355200,27.0,29.384464757523734,19.871249219793697,14.25057074056951,False,0.05,False,
ETH,2025-09-21,1758441600,26.0,29.41408685742184,19.84468910657206,14.258991746550945,False,0.05,False,
ETH,2025-09-22,1758528000,25.0,29.555178671065995,20.30302251071518,14.230055714023246,False,0.05,False,
ETH,2025-09-23,1758614400,24.0,29.616928095104317,20.085330452726005,14.253261425973085,False,0.05,False,
ETH,2025-09-24,1758700800,23.0,29.598209674037648,20.128916199347188,14.255975933626322,False,0.05,False,
ETH,2025-09-25,1758787200,36.0,29.652141458337386,20.83586552159186,14.248719797677465,False,0.05,False,
ETH,2025-09-26,1758873600,35.0,29.471292443435576,20.59890436829573,14.17076795895111,False,0.05,False,
ETH,2025-09-27,1758960000,27.0,29.505671846448802,20.162625490389487,14.2284203839574,False,0.05,False,
ETH,2025-09-28,1759046400,33.0,29.490130540810824,20.406311755311673,14.188243525450106,False,0.05,False,
ETH,2025-09-29,1759132800,32.0,29.500311300231512,20.276726054628558,14.19965718342409,False,0.05,False,
ETH,2025-09-30,1759219200,31.0,29.51885540302094,20.176783205964835,14.209192622676333,False,0.05,False,
ETH,2025-10-01,1759305600,30.0,29.512307009223463,20.024065474560622,14.222858953088835,False,0.05,False,
ETH,2025-10-02,1759392000,29.0,29.4301642101857,20.053352778277556,14.225114219592163,False,0.05,False,
ETH,2025-10-03,1759478400,28.0,29.439723171235244,20.081849527407346,14.228401419905703,False,0.05,False,
ETH,2025-10-04,1759564800,27.0,29.469587168571255,20.018730953437938,14.239260984128485,False,0.05,False,
ETH,2025-10-05,1759651200,26.0,29.40969093366421,20.035136618213397,14.24312301113408,False,0.05,False,
ETH,2025-10-06,1759737600,25.0,29.491831764590312,20.07942282555536,14.246360371771623,False,0.05,False,
ETH,2025-10-07,1759824000,24.0,29.429542172980025,20.14585418705839,14.246671754054464,False,0.05,False,
ETH,2025-10-08,1759910400,23.0,29.681037201717647,20.23015346240509,14.249036208880693,False,0.05,False,
ETH,2025-10-09,1759996800,22.0,29.694234703225796,20.072463718610052,14.26800510927397,False,0.05,False,
ETH,2025-10-10,1760083200,21.0,29.662150337617234,20.086565781197365,14.273412617285437,False,0.05,False,
ETH,2025-10-11,1760169600,27.0,29.56530352053889,20.746777622965478,14.18782058479038,False,0.05,False,
ETH,2025-10-12,1760256000,26.0,29.62881291985205,20.93587028297616,14.298450402618661,False,0.05,False,
ETH,2025-10-13,1760342400,25.0,29.629358277394807,20.7940019293561,14.19711544954141,False,0.05,False,
ETH,2025-10-14,1760428800,24.0,29.758895256503564,21.164329083506203,14.467025594936462,False,0.05,False,
ETH,2025-10-15,1760515200,23.0,29.67987865312362,20.888717795023744,14.259747651514111,False,0.05,False,
ETH,2025-10-16,1760601600,22.0,29.73786537880158,20.98486922178467,14.3308738815943,False,0.05,False,
ETH,2025-10-17,1760688000,21.0,29.864343030452332,21.467718459586088,14.692836103337338,False,0.05,False,
ETH,2025-10-18,1760774400,27.0,29.6084368388319,21.195010019534173,14.495608632190377,False,0.05,False,
ETH,2025-10-19,1760860800,26.0,29.580587021075523,21.053918945308105,14.388189605555302,False,0.05,False,
ETH,2025-10-20,1760947200,25.0,29.525876980832567,20.929903722430485,14.294385584939546,False,0.05,False,
ETH,2025-10-21,1761033600,24.0,29.62147618326202,20.903884551404072,14.272612061307964,False,0.05,False,
ETH,2025-10-22,1761120000,23.0,29.662915349958805,21.01076280885922,14.351887724871979,False,0.05,False,
ETH,2025-10-23,1761206400,36.0,29.475969615218716,21.7563838555224,14.950369546839225,False,0.05,False,
ETH,2025-10-24,1761292800,35.0,29.562452829630285,21.340775311455694,14.629379707569504,False,0.05,False,
ETH,2025-10-25,1761379200,27.0,29.680442388858932,20.659644291638216,14.194732375839086,False,0.05,False,
ETH,2025-10-26,1761465600,33.0,29.558404330647114,20.97383298673448,14.343928209155894,False,0.05,False,
ETH,2025-10-27,1761552000,32.0,29.40499130797517,20.902808594926913,14.288873284945188,False,0.05,False,
ETH,2025-10-28,1761638400,31.0,29.568890176286217,20.75906970628078,14.174552402688732,False,0.05,False,
ETH,2025-10-29,1761724800,30.0,29.57377596130643,20.76606111940388,14.176476722991367,False,0.05,False,
ETH,2025-10-30,1761811200,29.0,29.68985921537073,20.716231823006122,14.179719743633427,False,0.05,False,
ETH,2025-10-31,1761897600,28.0,29.71461832742924,20.648105699166997,14.190063494015657,False,0.05,False,
ETH,2025-11-01,1761984000,27.0,29.519649422846534,20.61887286559427,14.195796050604566,False,0.05,False,
ETH,2025-11-02,1762070400,26.0,29.634796819725146,20.545526809284382,14.20767274655478,False,0.05,False,
ETH,2025-11-03,1762156800,25.0,29.71463674160291,20.577615618846476,14.212170221771839,False,0.05,False,
ETH,2025-11-04,1762243200,24.0,29.830925704375307,20.798212647306496,14.20478357710264,False,0.05,False,
ETH,2025-11-05,1762329600,23.0,29.844115314529173,21.105525191678662,14.420759799618484,False,0.05,False,
ETH,2025-11-06,1762416000,22.0,29.718996520082822,20.79181533300068,14.217069161101858,False,0.05,False,
ETH,2025-11-07,1762502400,21.0,29.867125321298932,20.806794906449273,14.224247873452441,False,0.05,False,
ETH,2025-11-08,1762588800,27.0,29.6130103507503,20.846612093858077,14.23253123840614,False,0.05,False,
ETH,2025-11-09,1762675200,26.0,29.745938302646056,20.903557835307357,14.272439529687592,False,0.05,False,
ETH,2025-11-10,1762761600,25.0,29.64021195212797,21.073932491800658,14.40139100529829,False,0.05,False,
ETH,2025-11-11,1762848000,24.0,29.678737529881563,20.815967990120352,14.20561993903223,False,0.05,False,
ETH,2025-11-12,1762934400,23.0,29.80727459733685,20.932605728737585,14.290998396942161,False,0.05,False,
ETH,2025-11-13,1763020800,22.0,29.812747318769013,20.752924789033496,14.220472241087247,False,0.05,False,
ETH,2025-11-14,1763107200,21.0,29.969359708282738,21.09782235480922,14.412419612675686,False,0.05,False,
ETH,2025-11-15,1763193600,27.0,29.61243990697769,21.331604558566735,14.598821262630329,False,0.05,False,
ETH,2025-11-16,1763280000,26.0,29.70794592152949,21.22693440501276,14.517047776268617,False,0.05,False,
ETH,2025-11-17,1763366400,25.0,29.637349795021013,21.278651504518898,14.55598894312919,False,0.05,False,
ETH,2025-11-18,1763452800,24.0,29.69716546687033,21.490369484359313,14.714156361369877,False,0.05,False,
ETH,2025-11-19,1763539200,23.0,29.70585514096864,21.17467155254563,14.474846451718221,False,0.05,False,
ETH,2025-11-20,1763625600,36.0,29.491738302776987,21.869736335030847,15.036293006945835,False,0.05,False,
ETH,2025-11-21,1763712000,35.0,29.68871522675757,22.64603433687733,15.620588095126795,False,0.05,False,
ETH,2025-11-22,1763798400,27.0,29.670420070382114,21.71429179397405,14.887686054213258,False,0.05,False,
ETH,2025-11-23,1763884800,33.0,29.61785496380107,22.132729730935925,15.222590807089441,False,0.05,False,
ETH,2025-11-24,1763971200,32.0,29.6256929451583,21.90150539063674,15.042841320652219,False,0.05,False,
ETH,2025-11-25,1764057600,31.0,29.616221346622794,21.603671108139608,14.813162812846251,False,0.05,False,
ETH,2025-11-26,1764144000,30.0,29.661618456561985,21.21490634312372,14.514416651911317,False,0.05,False,
ETH,2025-11-27,1764230400,29.0,29.628162422192265,20.980075179110344,14.335840999862647,False,0.05,False,
ETH,2025-11-28,1764316800,28.0,29.660731823330444,20.829376726323815,14.220140645666461,False,0.05,False,
ETH,2025-11-29,1764403200,32.0,29.681048325720113,21.09086258851343,14.427330781322693,False,0.05,False,
ETH,2025-11-30,1764489600,31.0,29.719395389329353,21.07372149041368,14.410334200808133,False,0.05,False,
ETH,2025-12-01,1764576000,30.0,29.75671843588501,21.151374270873223,14.465127443854731,False,0.05,False,
ETH,2025-12-02,1764662400,29.0,29.740208054960895,20.991413641689945,14.342745277499128,False,0.05,False,
ETH,2025-12-03,1764748800,28.0,29.64866199961948,20.732544436459587,14.183804595203966,False,0.05,False,
ETH,2025-12-04,1764835200,27.0,29.641562649842037,20.60333580068015,14.198067334068021,False,0.05,False,
ETH,2025-12-05,1764921600,26.0,29.74033841766177,20.53984661438458,14.209213823046777,False,0.05,False,
ETH,2025-12-06,1765008000,27.0,29.77766589361135,20.86364072672023,14.243056752440449,False,0.05,False,
ETH,2025-12-07,1765094400,26.0,29.822430012695733,20.962132710114947,14.315534147051544,False,0.05,False,
ETH,2025-12-08,1765180800,25.0,29.750388559884332,20.95252966417914,14.308285608241762,False,0.05,False,
ETH,2025-12-09,1765267200,24.0,29.834523533254245,20.75502599791415,14.20774177727901,False,0.05,False,
ETH,2025-12-10,1765353600,23.0,29.722645885788225,20.61554354789662,14.222172656437882,False,0.05,False,
ETH,2025-12-11,1765440000,22.0,29.86826801858847,20.44011715315879,14.242088846686764,False,0.05,False,
ETH,2025-12-12,1765526400,21.0,29.88140613208253,20.29055780191804,14.259746709806326,False,0.05,False,
ETH,2025-12-13,1765612800,27.0,29.787534070420605,20.472607170525503,14.208594238441691,False,0.05,False,
ETH,2025-12-14,1765699200,26.0,29.82350301310448,20.546687723359867,14.209548319614942,False,0.05,False,
ETH,2025-12-15,1765785600,25.0,29.74320180624289,20.394088475178787,14.225329606105529,False,0.05,False,
ETH,2025-12-16,1765872000,24.0,29.891988749782985,20.58753660859924,14.219417956406815,False,0.05,False,
ETH,2025-12-17,1765958400,23.0,29.778782396379345,20.411274117369587,14.236783077249429,False,0.05,False,
ETH,2025-12-18,1766044800,22.0,29.80019253015802,20.46781776108738,14.239486913746862,False,0.05,False,
ETH,2025-12-19,1766131200,21.0,29.760294390069078,20.360624117070397,14.253418033274537,False,0.05,False,
ETH,2025-12-20,1766217600,27.0,29.689412898913776,20.45641006720127,14.208777131577225,False,0.05,False,
ETH,2025-12-21,1766304000,26.0,29.702422218445108,20.47365913725707,14.213431595722659,False,0.05,False,
ETH,2025-12-22,1766390400,25.0,29.69936582497628,20.411294871466534,14.22368065891207,False,0.05,False,
ETH,2025-12-23,1766476800,24.0,29.83678038036002,20.362587798745786,14.234562728337306,False,0.05,False,
ETH,2025-12-24,1766563200,23.0,29.82597486805091,20.20556594752371,14.252326181459605,False,0.05,False,
ETH,2025-12-25,1766649600,36.0,29.743791100281374,20.691657404267513,14.16509501926366,False,0.05,False,
ETH,2025-12-26,1766736000,35.0,29.63850215069752,20.546706426276025,14.175997874128338,False,0.05,False,
ETH,2025-12-27,1766822400,27.0,29.664597795183827,19.829336537138747,14.257026254453779,False,0.05,False,
ETH,2025-12-28,1766908800,33.0,29.67515322693057,20.177260842007318,14.207010353412588,False,0.05,False,
ETH,2025-12-29,1766995200,32.0,29.62980662714683,20.1157870043108,14.213197048183078,False,0.05,False,
ETH,2025-12-30,1767081600,31.0,29.804723331094664,20.03308533759262,14.223244798607354,False,0.05,False,
ETH,2025-12-31,1767168000,30.0,29.717462155179565,19.90944879330803,14.234252204786163,False,0.05,False,
ETH,2026-01-01,1767254400,29.0,29.737461482280278,19.854879435390206,14.244349512932892,False,0.05,False,
ETH,2026-01-02,1767340800,28.0,29.734318922439574,19.805074883074475,14.254110456910878,False,0.05,False,
ETH,2026-01-03,1767427200,27.0,29.716636807478352,19.814320856032946,14.258808640176593,False,0.05,False,
ETH,2026-01-04,1767513600,26.0,29.751640487114006,19.943672367975914,14.25394277391956,False,0.05,False,
ETH,2026-01-05,1767600000,25.0,29.752634475407017,19.957521331412103,14.25884433539519,False,0.05,False,
ETH,2026-01-06,1767686400,24.0,29.733464105065423,19.91031282181327,14.268866203690402,False,0.05,False,
ETH,2026-01-07,1767772800,23.0,29.731841465988108,19.84640581099504,14.281039337906742,False,0.05,False,
ETH,2026-01-08,1767859200,22.0,29.843200794004872,19.87538851017649,14.286414213913869,False,0.05,False,
ETH,2026-01-09,1767945600,21.0,29.79547691319043,19.73338341267471,14.539212511358228,False,0.05,False,
ETH,2026-01-10,1768032000,27.0,29.71864041111245,19.676475526503296,14.490477672469364,False,0.05,False,
ETH,2026-01-11,1768118400,26.0,29.71033839253622,19.703735452692097,14.495988032728485,False,0.05,False,
ETH,2026-01-12,1768204800,25.0,29.675909748201665,19.71604962481147,14.50286114199533,False,0.05,False,
ETH,2026-01-13,1768291200,24.0,29.656989797669358,19.682447324044144,14.514674625371645,False,0.05,False,
ETH,2026-01-14,1768377600,23.0,29.653049405771906,19.639019577864666,14.528341444549826,False,0.05,False,
ETH,2026-01-15,1768464000,22.0,29.750151573228575,19.602501428667576,14.543396304421641,False,0.05,False,
ETH,2026-01-16,1768550400,21.0,29.8010572429623,19.567209300110264,14.559336591601904,False,0.05,False,
ETH,2026-01-17,1768636800,27.0,29.73499746375608,19.44086724161211,14.520279065290342,False,0.05,False,
ETH,2026-01-18,1768723200,26.0,29.750132596881354,19.48762183391046,14.523592122454232,False,0.05,False,
ETH,2026-01-19,1768809600,25.0,29.797516960323968,19.55491200866609,14.52525413982826,False,0.05,False,
ETH,2026-01-20,1768896000,24.0,29.78081407590266,19.551051810283194,14.534425365573313,False,0.05,False,
ETH,2026-01-21,1768982400,23.0,29.80742395850357,19.653786334871683,14.532542975401304,False,0.05,False,
ETH,2026-01-22,1769068800,36.0,29.57581111601307,19.77056784611305,14.44200721268375,False,0.05,False,
ETH,2026-01-23,1769155200,35.0,29.726087350062567,19.70128435058135,13.765241521233348,False,0.05,False,
ETH,2026-01-24,1769241600,27.0,29.668201723197793,19.449321478786544,13.56456177190312,False,0.05,False,
ETH,2026-01-25,1769328000,33.0,29.628739784041972,19.65525526810752,13.729915910116139,False,0.05,False,
ETH,2026-01-26,1769414400,32.0,29.63213065073033,19.70190464050897,13.767183240857483,False,0.05,False,
ETH,2026-01-27,1769500800,31.0,29.604866696780405,19.51138884165391,13.615190047218816,False,0.05,False,
ETH,2026-01-28,1769587200,30.0,29.569671892315167,19.4627543578546,13.576823918709607,False,0.05,False,
ETH,2026-01-29,1769673600,29.0,29.626286056617868,19.36793021831486,13.50009361993469,False,0.05,False,
ETH,2026-01-30,1769760000,28.0,29.769330149552438,19.89061606001797,13.916041614944325,False,0.05,False,
ETH,2026-01-31,1769846400,27.0,29.632644015934012,19.57023082348485,13.661836289311971,False,0.05,False,
ETH,2026-02-01,1769932800,26.0,29.780272519797094,20.079879214388054,14.0672837942828,True,0.05,False,
ETH,2026-02-02,1770019200,25.0,29.82924715489424,20.846526593982297,14.679848242033618,True,0.05,False,
ETH,2026-02-03,1770105600,24.0,29.71944189210877,20.53356905874053,14.431171525575353,True,0.05,False,
ETH,2026-02-04,1770192000,23.0,29.67133888678251,20.703839904290774,14.568128248251353,True,0.05,False,
ETH,2026-02-05,1770278400,22.0,29.722566491415808,21.726306044716548,15.385313043597618,True,0.05,False,
ETH,2026-02-06,1770364800,21.0,29.851497279827772,22.354198444623563,15.885643412932279,True,0.05,False,
ETH,2026-02-07,1770451200,27.0,29.757059350632858,21.606719706464887,15.289113313623703,True,0.05,False,
ETH,2026-02-08,1770537600,26.0,29.601342328174557,21.685353951738694,15.354416356342115,True,0.05,False,
ETH,2026-02-09,1770624000,25.0,29.725387922473523,21.45680542716827,15.169669142927328,True,0.05,False,
ETH,2026-02-10,1770710400,24.0,29.743642233179198,21.338116319505673,15.074437021247924,True,0.05,False,
ETH,2026-02-11,1770796800,23.0,29.760327406045526,21.067892351265957,14.858001151688985,True,0.05,False,
ETH,2026-02-12,1770883200,22.0,29.797824107665228,20.68866025307278,14.554038600801826,True,0.05,False,
ETH,2026-02-13,1770969600,21.0,29.865678773093553,20.50336209405242,14.404756155655889,True,0.05,False,
ETH,2026-02-14,1771056000,27.0,29.749048972076405,20.449567980422746,14.363515169383179,True,0.05,False,
ETH,2026-02-15,1771142400,26.0,29.644134948283508,20.507303720852605,14.411317823631576,True,0.05,False,
ETH,2026-02-16,1771228800,25.0,29.70639684667179,20.71609579740684,14.577393609515134,True,0.05,False,
ETH,2026-02-17,1771315200,24.0,29.706251740789565,20.560914084885436,14.453250471896203,True,0.05,False,
ETH,2026-02-18,1771401600,23.0,29.714979133704315,20.424963847187794,14.344356014154778,True,0.05,False,
ETH,2026-02-19,1771488000,36.0,29.71073022094366,21.11158790704232,14.893720629927035,True,0.05,False,
ETH,2026-02-20,1771574400,35.0,29.697649504472107,20.975227873319053,14.784833844740286,True,0.05,False,
ETH,2026-02-21,1771660800,27.0,29.644663262914836,20.346786586038,14.28289598786248,True,0.05,False,
ETH,2026-02-22,1771747200,33.0,29.67891225405731,20.791005746016413,14.637744408289171,True,0.05,False,
ETH,2026-02-23,1771833600,32.0,29.74034693910069,20.865374542514303,14.696294296486814,True,0.05,False,
ETH,2026-02-24,1771920000,31.0,29.776466634585102,21.22787679007737,14.985740406914433,True,0.05,False,
ETH,2026-02-25,1772006400,30.0,29.766436864546435,20.615359335251448,14.495880747208133,True,0.05,False,
ETH,2026-02-26,1772092800,29.0,29.75283014169315,20.612895135603427,14.494118721687462,True,0.05,False,
ETH,2026-02-27,1772179200,28.0,29.795223785969718,20.601757966953997,14.484556776855985,True,0.05,False,
ETH,2026-02-28,1772265600,27.0,29.84467359726908,20.894461730463814,14.717959021336146,True,0.05,False,
ETH,2026-03-01,1772352000,26.0,29.77845369219991,20.730264545508877,14.587620041142493,True,0.05,False,
ETH,2026-03-02,1772438400,25.0,29.85417678587343,20.81134674950696,14.651320833669052,True,0.05,False,
ETH,2026-03-03,1772524800,24.0,29.77227719586714,20.99186315875474,14.796993954759687,True,0.05,False,
ETH,2026-03-04,1772611200,23.0,29.82158098002522,21.09837625525282,14.881445912201867,True,0.05,False,
ETH,2026-03-05,1772697600,22.0,29.77189104257626,20.96455076863448,14.77514998348334,True,0.05,False,
ETH,2026-03-06,1772784000,21.0,29.736798301183875,21.063453188477414,14.854811807686788,True,0.05,False,
ETH,2026-03-07,1772870400,27.0,29.833622702163346,21.263107059035136,15.013045297964052,True,0.05,False,
ETH,2026-03-08,1772956800,26.0,29.863285649516293,21.517877201295658,15.216405058736274,True,0.05,False,
ETH,2026-03-09,1773043200,25.0,29.844864014164052,21.52197469996524,15.219966467446604,True,0.05,False,
ETH,2026-03-10,1773129600,24.0,29.796891883711652,20.939009181277754,14.754332085272793,True,0.05,False,
ETH,2026-03-11,1773216000,23.0,29.747396663390074,20.994952477851992,14.799848187460215,True,0.05,False,
ETH,2026-03-12,1773302400,22.0,29.803910250447235,20.927934906473972,14.7453646905569,True,0.05,False,
ETH,2026-03-13,1773388800,21.0,29.736691282606785,20.95147829635061,14.765233540425,True,0.05,False,
ETH,2026-03-14,1773475200,27.0,29.736708280724653,21.211763197126373,14.97346119953611,True,0.05,False,
ETH,2026-03-15,1773561600,26.0,29.78878531212208,21.210103949111982,14.97133261602617,True,0.05,False,
ETH,2026-03-16,1773648000,25.0,29.74288785903664,21.17475966430978,14.943763302847254,True,0.05,False,
ETH,2026-03-17,1773734400,24.0,29.71868536086933,21.29184693445405,15.037805465088331,True,0.05,False,
ETH,2026-03-18,1773820800,23.0,29.75871172183979,21.08856061564076,14.874560619868914,True,0.05,False,
ETH,2026-03-19,1773907200,36.0,29.71505331088947,22.2544725801893,15.807961859368522,True,0.05,False,
ETH,2026-03-20,1773993600,35.0,29.637907454825037,22.181163823826985,15.750501713602734,True,0.05,False,
ETH,2026-03-21,1774080000,27.0,29.71989105497245,21.384854380176012,15.112192872525851,True,0.05,False,
ETH,2026-03-22,1774166400,33.0,29.70205281319648,22.247934544770118,15.80293143868999,True,0.05,False,
ETH,2026-03-23,1774252800,32.0,29.845948991800896,22.07642929389405,15.66351345062599,True,0.05,False,
ETH,2026-03-24,1774339200,31.0,29.666267745321747,21.412814581720593,15.135386007756138,True,0.05,False,
ETH,2026-03-25,1774425600,30.0,29.710349353122254,21.114919719528437,14.896391939420864,True,0.05,False,
ETH,2026-03-26,1774512000,29.0,29.867510083811208,21.078831429709886,14.865103450170801,True,0.05,False,
ETH,2026-03-27,1774598400,28.0,29.99407513521112,21.048448180267645,14.838589262363003,True,0.05,False,
ETH,2026-03-28,1774684800,27.0,29.97613534200471,20.965707309996215,14.77293299658152,True,0.05,False,
ETH,2026-03-29,1774771200,26.0,29.948633005997674,21.045628516613977,14.837293074737374,True,0.05,False,
ETH,2026-03-30,1774857600,25.0,29.938705775826385,21.071927270658712,14.858484804591178,True,0.05,False,
ETH,2026-03-31,1774944000,24.0,29.891988191770686,20.93167028139284,14.746997945240881,True,0.05,False,
ETH,2026-04-01,1775030400,23.0,29.804769302570474,20.880756400618083,14.707608669685689,True,0.05,False,
ETH,2026-04-02,1775116800,22.0,29.99683912852442,20.76984393901176,14.61592378000134,True,0.05,False,
ETH,2026-04-03,1775203200,21.0,29.911933349950054,20.510633706597254,14.409861836817031,True,0.05,False,
ETH,2026-04-04,1775289600,27.0,29.855805747057644,20.59983030365439,14.482082616045712,True,0.05,False,
ETH,2026-04-05,1775376000,26.0,29.892408645317097,20.68140005534794,14.54677529588885,True,0.05,False,
ETH,2026-04-06,1775462400,25.0,29.824079120313936,20.517860092739326,14.416994549263563,True,0.05,False,
ETH,2026-04-07,1775548800,24.0,29.895495254599815,20.435867946514715,14.350302122525626,True,0.05,False,
ETH,2026-04-08,1775635200,23.0,29.78005098758495,20.313106366420474,14.253868924096617,True,0.05,False,
ETH,2026-04-09,1775721600,22.0,29.946382901737135,20.1559354676952,14.125573252590979,True,0.05,False,
ETH,2026-04-10,1775808000,21.0,29.89344822282777,20.07824244249751,14.064233212108341,True,0.05,False,
ETH,2026-04-11,1775894400,27.0,29.84063406881419,20.239860676065106,14.194340324408797,True,0.05,False,
ETH,2026-04-12,1775980800,26.0,29.910119609095194,20.52497933520521,14.421366243408862,True,0.05,False,
ETH,2026-04-13,1776067200,25.0,29.965559333785738,20.322878737514916,14.258832846415226,True,0.05,False,
ETH,2026-04-14,1776153600,24.0,29.86798215540766,20.308832723022483,14.249097222180946,True,0.05,False,
ETH,2026-04-15,1776240000,23.0,29.902245029519307,20.253293394977643,14.204138638604894,True,0.05,False,
ETH,2026-04-16,1776326400,22.0,29.854581590851502,20.230784571914292,14.186864863826019,True,0.05,False,
ETH,2026-04-17,1776412800,21.0,29.917949840357185,20.099949024301207,14.08122152958931,True,0.05,False,
ETH,2026-04-18,1776499200,27.0,29.88542768999006,20.228721840395558,14.184740123239687,True,0.05,False,
ETH,2026-04-19,1776585600,26.0,29.955904030697052,20.472215460453217,14.378450767890312,True,0.05,False,
ETH,2026-04-20,1776672000,25.0,29.96748817935796,20.293550854268172,14.233911774253341,True,0.05,False,
ETH,2026-04-21,1776758400,24.0,29.976967987604674,20.244074155672966,14.19561366319061,True,0.05,False,
ETH,2026-04-22,1776844800,23.0,29.94658298053851,20.12025691481983,14.097027332155276,True,0.05,False,
ETH,2026-04-23,1776931200,36.0,29.9178128694012,20.638492715001362,14.512058589394917,True,0.05,False,
ETH,2026-04-24,1777017600,35.0,29.93920317666388,20.455373223282912,14.365233914369972,True,0.05,False,
ETH,2026-04-25,1777104000,27.0,29.962685879962656,19.846074781278762,13.877433888408198,True,0.05,False,
ETH,2026-04-26,1777190400,33.0,29.996219439016382,20.22273870621515,14.178082948944008,True,0.05,False,
ETH,2026-04-27,1777276800,32.0,29.991344662423533,20.02184646195052,14.017610328600059,True,0.05,False,
ETH,2026-04-28,1777363200,31.0,29.974585622054153,19.919961233412756,13.93524286164604,True,0.05,False,
ETH,2026-04-29,1777449600,30.0,29.92449380094047,19.61649461305361,13.694357324274577,True,0.05,False,
ETH,2026-04-30,1777536000,29.0,29.99214732691201,19.66350740147903,13.730581559094999,True,0.05,False,
ETH,2026-05-01,1777622400,28.0,29.92752397209844,19.52504341302691,13.621149746235396,True,0.05,False,
ETH,2026-05-02,1777708800,27.0,29.9485853691967,19.462375390133083,13.570691306426516,True,0.05,False,
ETH,2026-05-03,1777795200,26.0,29.939752880872952,19.482561804731656,13.586976322541123,True,0.05,False,
ETH,2026-05-04,1777881600,25.0,29.911667824276144,19.52514174127382,13.621472349568654,True,0.05,False,
ETH,2026-05-05,1777968000,24.0,29.96409758679513,19.556770297288477,13.645968582649319,True,0.05,False,
ETH,2026-05-06,1778054400,23.0,29.92486312937319,19.482959796723456,13.58752378923457,True,0.05,False,
ETH,2026-05-07,1778140800,22.0,29.986440491724327,19.566397337401394,13.653326477740746,True,0.05,False,
ETH,2026-05-08,1778227200,21.0,29.93398414556363,19.519084293889506,13.616283063641397,True,0.05,False,
ETH,2026-05-09,1778313600,27.0,29.843560754935364,19.404080293713452,13.525670992587145,True,0.05,False,
ETH,2026-05-10,1778400000,26.0,29.884274523154858,19.441248475099513,13.554779172031074,True,0.05,False,
ETH,2026-05-11,1778486400,25.0,29.794624075075696,19.449505276301146,13.56276385065514,True,0.05,False,
ETH,2026-05-12,1778572800,24.0,29.960014649923455,19.426236981301336,13.541604744273023,True,0.05,False,
ETH,2026-05-13,1778659200,23.0,29.857453580241895,19.413101847558423,13.532674499889174,True,0.05,False,
ETH,2026-05-14,1778745600,22.0,29.91898638700666,19.461873141631763,13.570744876582236,True,0.05,False,
ETH,2026-05-15,1778832000,21.0,29.94890838247411,19.474208499700502,13.580152824645419,True,0.05,False,
ETH,2026-05-16,1778918400,27.0,29.85986127742233,19.371129438990234,13.499059531539539,True,0.05,False,
ETH,2026-05-17,1779004800,26.0,29.879847204678043,19.380332024982426,13.506114124529356,True,0.05,False,
ETH,2026-05-18,1779091200,25.0,29.95989168787264,19.549756395612796,13.640422167446047,True,0.05,False,
ETH,2026-05-19,1779177600,24.0,29.95812402599194,19.368089477004364,13.495115827357463,True,0.05,False,
ETH,2026-05-20,1779264000,23.0,29.9531715987985,19.40204185073686,13.522353917531051,True,0.05,False,
ETH,2026-05-21,1779350400,36.0,29.892016938777903,19.387435051199294,13.511609318824386,True,0.05,False,
ETH,2026-05-22,1779436800,35.0,29.90696205843103,19.212099117084936,13.371110646615167,True,0.05,False,
ETH,2026-05-23,1779523200,27.0,29.79495237990599,19.25553353199585,13.40758140436736,True,0.05,False,
ETH,2026-05-24,1779609600,33.0,29.901215781430658,19.247613901450485,12.956877658272864,True,0.05,False,
ETH,2026-05-25,1779696000,32.0,29.87609002766636,19.1924188515376,12.931951912902752,True,0.05,False,
ETH,2026-05-26,1779782400,31.0,29.849624050211688,19.09281176231826,12.890387523105993,True,0.05,False,
ETH,2026-05-27,1779868800,30.0,29.857584877575977,19.11770068739243,12.906705592761881,True,0.05,False,
ETH,2026-05-28,1779955200,29.0,29.837452144311154,19.220171656091583,12.966287694428576,True,0.05,False,
ETH,2026-05-29,1780041600,28.0,29.690160230852737,19.123655224482622,12.94242717112696,True,0.05,False,
ETH,2026-05-30,1780128000,27.0,29.809362690138574,19.15026016177158,12.971345807580196,True,0.05,False,
ETH,2026-05-31,1780214400,26.0,29.81043487144837,19.182181456661564,13.003136830441862,True,0.05,False,
ETH,2026-06-01,1780300800,25.0,29.774968274271448,19.229450478583523,13.038498245466712,True,0.05,False,
ETH,2026-06-02,1780387200,24.0,29.874442974736436,19.27255019883366,13.074809890089389,True,0.05,False,
ETH,2026-06-03,1780473600,23.0,29.924767589488113,19.413663398108113,13.141770396611186,True,0.05,False,
ETH,2026-06-04,1780560000,22.0,29.921256675771467,19.96093673007471,13.450396976899093,True,0.05,False,
ETH,2026-06-05,1780646400,21.0,29.803570141721035,19.905913141620456,13.42890461876583,True,0.05,False,
ETH,2026-06-06,1780732800,27.0,29.927249760880077,20.443035669258776,13.721887366977986,True,0.05,False,
ETH,2026-06-07,1780819200,26.0,29.76770883713455,20.285554086943613,13.626510797401442,True,0.05,False,
ETH,2026-06-08,1780905600,25.0,29.94486225066949,20.220280797227566,13.588625529307084,True,0.05,False,
ETH,2026-06-09,1780992000,24.0,29.94329840162389,19.797888808242625,13.334472235447441,True,0.05,False,
ETH,2026-06-10,1781078400,23.0,29.82222715573913,19.886819574774332,13.397659006778557,True,0.05,False,
ETH,2026-06-11,1781164800,22.0,29.8986638289327,19.811440556172204,13.362381065306096,True,0.05,False,
ETH,2026-06-12,1781251200,21.0,29.94895224408016,19.630263556149878,13.275689625265132,True,0.05,False,
ETH,2026-06-13,1781337600,27.0,29.93141363302912,19.53787435843334,13.156149779939296,True,0.05,False,
ETH,2026-06-14,1781424000,26.0,29.909813148708334,19.53287946525905,13.162827967411218,True,0.05,False,
ETH,2026-06-15,1781510400,25.0,29.910265170815954,19.476524355033266,13.14285010005662,True,0.05,False,
ETH,2026-06-16,1781596800,24.0,29.93248187206732,19.507053070396527,13.170881858669341,True,0.05,False,
ETH,2026-06-17,1781683200,23.0,29.89296186263067,19.476715745236287,13.170026854405965,True,0.05,False,
ETH,2026-06-18,1781769600,22.0,29.963939539642233,19.552701835932258,13.221670748541838,True,0.05,False,
ETH,2026-06-19,1781856000,21.0,29.913887594931005,19.675195323674576,13.299026958172739,True,0.05,False,
ETH,2026-06-20,1781942400,27.0,29.966362044373707,19.501272201538917,13.135054616385242,True,0.05,False,
ETH,2026-06-21,1782028800,26.0,29.95213606170085,19.536501533262125,13.164499835007385,True,0.05,False,
ETH,2026-06-22,1782115200,25.0,29.94321001739696,19.500013237205444,13.155073498692287,True,0.05,False,
ETH,2026-06-23,1782201600,24.0,29.982785636136118,19.53224825160384,13.183338568861535,True,0.05,False,
ETH,2026-06-24,1782288000,23.0,29.988340661896896,19.525966491890394,13.193280628776845,True,0.05,False,
ETH,2026-06-25,1782374400,36.0,29.956249740829374,19.850105531690645,13.311581048887758,True,0.05,False,
ETH,2026-06-26,1782460800,35.0,29.925631323836612,20.150626449229023,13.505346000510526,True,0.05,False,
ETH,2026-06-27,1782547200,27.0,29.952362845606938,19.717966511957936,13.260696887735309,True,0.05,False,
ETH,2026-06-28,1782633600,33.0,29.98318950858383,19.97527960110358,13.396600751328165,True,0.05,False,
ETH,2026-06-29,1782720000,32.0,29.96545653253923,19.86861208116505,13.330267491717805,True,0.05,False,
ETH,2026-06-30,1782806400,31.0,29.982136030674603,19.709876537690413,13.23396133758135,True,0.05,False,
ETH,2026-07-01,1782892800,30.0,29.95633381750453,19.729167058542693,13.2474604772304,True,0.05,False,
ETH,2026-07-02,1782979200,29.0,29.976199905739506,19.4906665562903,13.11178584429655,True,0.05,False,
ETH,2026-07-03,1783065600,28.0,29.972822426774986,19.383465308955923,13.060290449569422,True,0.05,False,
ETH,2026-07-04,1783152000,27.0,29.947595887163853,19.306560040991442,13.031970583153102,True,0.05,False,
ETH,2026-07-05,1783238400,26.0,29.802212766756266,19.33682617673757,13.060556891356027,True,0.05,False,
ETH,2026-07-06,1783324800,25.0,29.895276946547913,19.37023560186938,13.089841808525575,True,0.05,False,
ETH,2026-07-07,1783411200,24.0,29.992891000809568,19.37920095312213,13.109155543515705,True,0.05,False,
ETH,2026-07-08,1783497600,23.0,29.917587920339432,19.407866703772306,13.139438201295858,True,0.05,False,
ETH,2026-07-09,1783584000,22.0,29.96194741052745,19.408705329873857,13.16136437942092,True,0.05,False,
ETH,2026-07-10,1783670400,21.0,29.94933118755555,19.408628717434922,13.193487015189392,True,0.05,False,
ETH,2026-07-11,1783756800,27.0,29.931542715297187,19.21370141969778,12.991046053457877,True,0.05,False,
ETH,2026-07-12,1783843200,26.0,29.975678655825465,19.25798785533341,13.02522110679013,True,0.05,False,
ETH,2026-07-13,1783929600,25.0,29.95953852586516,19.319207859716244,13.067038635823431,True,0.05,False,
ETH,2026-07-14,1784016000,24.0,29.93729106484325,19.33127557779397,13.090491443672368,True,0.05,False,
ETH,2026-07-15,1784102400,23.0,29.919100173919404,19.29533545840866,13.113604164185869,True,0.05,False,
ETH,2026-07-16,1784188800,22.0,29.834636776501576,19.34440100389549,13.15212745832595,True,0.05,False,
ETH,2026-07-17,1784275200,21.0,29.98552573961863,19.41936736206739,13.194072629982404,True,0.05,False,
ETH,2026-07-18,1784361600,27.0,29.89443615028525,19.2073560044833,12.988754528247439,True,0.05,False,
ETH,2026-07-19,1784448000,26.0,29.937922506865544,19.246576882208505,13.021050299243226,True,0.05,False,
ETH,2026-07-20,1784534400,25.0,29.986783261211325,19.290733234763326,13.055782550982286,True,0.05,False,
ETH,2026-07-21,1784620800,24.0,29.907010078940733,19.321152290438697,13.0870754719224,True,0.05,False,
ETH,2026-07-22,1784707200,23.0,29.937356535689947,19.384306706929422,13.130307029876631,True,0.05,False,
ETH,2026-07-23,1784793600,36.0,29.862865441258613,19.409606512160057,13.04029670540922,True,0.05,False,
ETH,2026-07-24,1784880000,35.0,29.963795024841346,19.39056999662758,13.030826330212339,True,0.05,False,
ETH,2026-07-25,1784966400,27.0,29.9586993576413,19.274183269813385,13.01664485287648,True,0.05,False,
ETH,2026-07-26,1785052800,33.0,29.938834141706423,19.316693014492742,12.99466481242118,True,0.05,False,
ETH,2026-07-27,1785139200,32.0,29.91430837573195,19.255775858659412,12.9648851814405,True,0.05,False,
ETH,2026-07-28,1785225600,31.0,29.98090505387749,19.30361340045151,12.994085518633149,True,0.05,False,
ETH,2026-07-29,1785312000,30.0,29.97182196461054,19.359512642466996,13.028824301911834,True,0.05,False,
ETH,2026-07-30,1785398400,29.0,29.97668713749421,19.324473203302187,13.01868019133972,True,0.05,False,
ETH,2026-07-31,1785484800,28.0,29.993340430121286,19.236264439792965,12.985385764190234,True,0.05,False,
ETH,2026-08-01,1785571200,27.0,29.943241350106007,19.236501636450377,13.000171106241613,True,0.05,False,
ETH,2026-08-02,1785657600,26.0,29.96741115195182,19.26682448553252,13.028718163964433,True,0.05,False,
ETH,2026-08-03,1785744000,25.0,29.961436156952207,19.297911538457413,13.05827770758884,True,0.05,False,
ETH,2026-08-04,1785830400,24.0,29.94133837558137,19.272766599851646,13.075108367959501,True,0.05,False,
ETH,2026-08-05,1785916800,23.0,29.91523322301923,19.292309303902563,13.11451039156797,True,0.05,False,
ETH,2026-08-06,1786003200,22.0,29.817348134065444,19.327390181374913,13.164844263678741,True,0.05,False,
ETH,2026-08-07,1786089600,21.0,29.86917390938158,19.38081864976088,13.226091332526785,True,0.05,False,
ETH,2026-08-08,1786176000,27.0,29.833604550248122,19.139852418241624,12.969592224681733,True,0.05,False,
ETH,2026-08-09,1786262400,26.0,29.824198848699698,19.186163995097367,13.003797765769836,True,0.05,False,
ETH,2026-08-10,1786348800,25.0,29.859031550384056,19.22296987146921,13.037897618146253,True,0.05,False,
ETH,2026-08-11,1786435200,24.0,29.87455473393447,19.270481160713288,13.074552331804561,True,0.05,False,
ETH,2026-08-12,1786521600,23.0,29.833141942323934,19.30389093783326,13.111495504859862,True,0.05,False,
ETH,2026-08-13,1786608000,22.0,29.866818541133764,19.343645220224438,13.152768727928335,True,0.05,False,
ETH,2026-08-14,1786694400,21.0,29.928828871247262,19.381788510259412,13.209033075079168,True,0.05,False,
ETH,2026-08-15,1786780800,27.0,29.86028349487964,19.13282760375542,12.968985263897128,True,0.05,False,
ETH,2026-08-16,1786867200,26.0,29.851184787134734,19.17573742472824,13.002604535717298,True,0.05,False,
ETH,2026-08-17,1786953600,25.0,29.844095816882504,19.186077571124883,13.050422398350094,True,0.05,False,
ETH,2026-08-18,1787040000,24.0,29.892791752169543,19.231609955752546,13.094775182428545,True,0.05,False,
ETH,2026-08-19,1787126400,23.0,29.809218053234943,19.27716597756632,13.140086221433734,True,0.05,False,
ETH,2026-08-20,1787212800,36.0,29.72812666373697,19.323269670518695,12.991110823116824,True,0.05,False,
ETH,2026-08-21,1787299200,35.0,29.7483047132753,19.46013010216128,10.88989420100462,True,0.05,False,
ETH,2026-08-22,1787385600,27.0,29.827657550906455,19.56161453888651,10.970799512724305,True,0.05,False,
ETH,2026-08-23,1787472000,33.0,29.765808223580716,19.661756404400496,11.010957869450472,True,0.05,False,
ETH,2026-08-24,1787558400,32.0,29.67351216185339,19.797762580379693,11.094477047666613,True,0.05,False,
ETH,2026-08-25,1787644800,31.0,29.647919592992057,19.751881506714103,11.06893134608445,True,0.05,False,
ETH,2026-08-26,1787731200,30.0,29.60604527935093,19.516782865079385,10.9331955475584,True,0.05,False,
ETH,2026-08-27,1787817600,29.0,29.541814301799576,19.401297109422956,10.87308666611324,True,0.05,False,
ETH,2026-08-28,1787904000,28.0,29.581835282618854,19.42453007733925,10.891161971038843,True,0.05,False,
ETH,2026-08-29,1787990400,27.0,29.613158132073863,19.1916757515953,10.77810333048841,True,0.05,False,
ETH,2026-08-30,1788076800,26.0,29.61712371824732,19.245402782038326,10.813248659791162,True,0.05,False,
ETH,2026-08-31,1788163200,25.0,29.5836196332872,19.26394540914237,10.833777109360241,True,0.05,False,
ETH,2026-09-01,1788249600,24.0,29.645935007792787,19.298839478149382,10.861526919257658,True,0.05,False,
ETH,2026-09-02,1788336000,23.0,29.673771225886934,19.359597838910844,10.900669323660564,True,0.05,False,
ETH,2026-09-03,1788422400,22.0,29.584373884678964,19.362753042270747,10.919905719696642,True,0.05,False,
ETH,2026-09-04,1788508800,21.0,29.677032421763144,19.453295782614855,10.970250461060452,True,0.05,False,
ETH,2026-09-05,1788595200,27.0,29.69442233848139,19.27595679217716,10.817422974779333,True,0.05,False,
ETH,2026-09-06,1788681600,26.0,29.66913579841739,19.341655659145804,10.859493100993852,True,0.05,False,
ETH,2026-09-07,1788768000,25.0,29.66716793962132,19.37186643649635,10.883660435345854,True,0.05,False,
ETH,2026-09-08,1788854400,24.0,29.68843839752801,19.404411552981408,10.909285473421185,True,0.05,False,
ETH,2026-09-09,1788940800,23.0,29.674083678748808,19.470295098451764,10.952381939199928,True,0.05,False,
ETH,2026-09-10,1789027200,22.0,29.722252374629843,19.49125548015022,10.973022523032773,True,0.05,False,
ETH,2026-09-11,1789113600,21.0,29.69650130908105,19.499534169512152,10.989820380265602,True,0.05,False,
ETH,2026-09-12,1789200000,27.0,29.62696024400685,19.31354137802997,10.837364312733456,True,0.05,False,
ETH,2026-09-13,1789286400,26.0,29.686804266552006,19.41102919745085,10.895605683012825,True,0.05,False,
ETH,2026-09-14,1789372800,25.0,29.647303283505842,19.451965190991626,10.925468283497757,True,0.05,False,
ETH,2026-09-15,1789459200,24.0,29.707891469213315,19.510162846310664,10.963708204552885,True,0.05,False,
ETH,2026-09-16,1789545600,23.0,29.738513547057778,19.464135154894752,10.948612441135275,True,0.05,False,
ETH,2026-09-17,1789632000,22.0,29.71423664477586,19.407655270918145,10.935243450269242,True,0.05,False,
ETH,2026-09-18,1789718400,21.0,29.690423123767083,19.394731542867692,10.952590812341152,True,0.05,False,
ETH,2026-09-19,1789804800,27.0,29.641505784840245,19.251420213296893,10.805796768999897,True,0.05,False,
ETH,2026-09-20,1789891200,26.0,29.627794568194354,19.274009835403895,10.826420036364018,True,0.05,False,
ETH,2026-09-21,1789977600,25.0,29.59605228897687,19.39388084995896,10.895640645604212,True,0.05,False,
ETH,2026-09-22,1790064000,24.0,29.593916315776035,19.400922086608226,10.908543903164768,True,0.05,False,
ETH,2026-09-23,1790150400,23.0,29.733120705624568,19.458097245492034,10.945663797485706,True,0.05,False,
ETH,2026-09-24,1790236800,36.0,29.47539619452934,19.495431346030117,10.912508422376838,True,0.05,False,
ETH,2026-09-25,1790323200,35.0,29.614660992908554,19.37069669814904,10.840011904627938,True,0.05,False,
ETH,2026-09-26,1790409600,27.0,29.696991942776634,19.187986151462358,10.775759333872331,True,0.05,False,
ETH,2026-09-27,1790496000,33.0,29.564811904422868,19.21993860248536,10.760093834439731,True,0.05,False,
ETH,2026-09-28,1790582400,32.0,29.600514267811583,19.246440770906403,10.776454225100608,True,0.05,False,
ETH,2026-09-29,1790668800,31.0,29.560960932333867,19.244242670973396,10.778148732178746,True,0.05,False,
ETH,2026-09-30,1790755200,30.0,29.698243753322224,19.21062524998331,10.7612344462828,True,0.05,False,
HYPE,2025-11-11,1762848000,24.0,59.64260590805568,,,True,0.05,False,
HYPE,2025-11-12,1762934400,23.0,59.77376122830454,,40.76309060862564,True,0.05,False,
HYPE,2025-11-13,1763020800,22.0,59.79864236967975,,40.82642199594666,True,0.05,False,
HYPE,2025-11-14,1763107200,21.0,59.98393264329287,,40.78956868368561,True,0.05,False,
HYPE,2025-11-15,1763193600,27.0,59.548300500659174,,40.604107865822925,True,0.05,False,
HYPE,2025-11-16,1763280000,26.0,59.65468859660115,,40.648992637448984,True,0.05,False,
HYPE,2025-11-17,1763366400,25.0,59.585378701075086,,40.66549797405285,True,0.05,False,
HYPE,2025-11-18,1763452800,24.0,59.61603760943775,,40.68733333566823,True,0.05,False,
HYPE,2025-11-19,1763539200,23.0,59.66604954294527,,40.76888436681257,True,0.05,False,
HYPE,2025-11-20,1763625600,36.0,59.5371731213085,,40.439239808228564,True,0.05,False,
HYPE,2025-11-21,1763712000,35.0,59.712061542895505,,40.37818892390794,True,0.05,False,
HYPE,2025-11-22,1763798400,27.0,59.63641178585642,,40.615943542753726,True,0.05,False,
HYPE,2025-11-23,1763884800,33.0,59.585206643277076,,40.42837543382885,True,0.05,False,
HYPE,2025-11-24,1763971200,32.0,59.538335363984935,,40.47290028096861,True,0.05,False,
HYPE,2025-11-25,1764057600,31.0,59.50967499842479,,40.55924706807559,True,0.05,False,
HYPE,2025-11-26,1764144000,30.0,59.58634178762309,,40.646204330360135,True,0.05,False,
HYPE,2025-11-27,1764230400,29.0,59.55839889563637,,40.70296227371457,True,0.05,False,
HYPE,2025-11-28,1764316800,28.0,59.55688344055682,,40.7545156629271,True,0.05,False,
HYPE,2025-11-29,1764403200,32.0,59.60930982671524,,40.66140412381108,True,0.05,False,
HYPE,2025-11-30,1764489600,31.0,59.6605302953558,,40.67054821768386,True,0.05,False,
HYPE,2025-12-01,1764576000,30.0,59.70857312493011,,40.64954560145208,True,0.05,False,
HYPE,2025-12-02,1764662400,29.0,59.694515630177236,,40.69805746261863,True,0.05,False,
HYPE,2025-12-03,1764748800,28.0,59.56803034718938,,40.7689531613511,True,0.05,False,
HYPE,2025-12-04,1764835200,27.0,59.57611427665413,,40.82998763947715,True,0.05,False,
HYPE,2025-12-05,1764921600,26.0,59.98028433743911,,40.492650447641296,True,0.05,False,
HYPE,2025-12-06,1765008000,27.0,59.20550069132023,,40.35571006904446,True,0.05,False,
HYPE,2025-12-07,1765094400,26.0,59.67647509295961,,40.261186312789256,True,0.05,False,
HYPE,2025-12-08,1765180800,25.0,59.91750622005047,,40.30101934874233,True,0.05,False,
HYPE,2025-12-09,1765267200,24.0,59.71882816948923,,40.3918592129153,True,0.05,False,
HYPE,2025-12-10,1765353600,23.0,59.93252932378759,,40.49424435479926,True,0.05,False,
HYPE,2025-12-11,1765440000,22.0,59.92773959277385,,40.58120865322706,True,0.05,False,
HYPE,2025-12-12,1765526400,21.0,59.96161853437563,,40.704087180819414,True,0.05,False,
HYPE,2025-12-13,1765612800,27.0,59.94365374604344,,40.5068943288242,True,0.05,False,
HYPE,2025-12-14,1765699200,26.0,59.90387244745122,,40.52341619714043,True,0.05,False,
HYPE,2025-12-15,1765785600,25.0,59.971389946031564,,40.58031992775307,True,0.05,False,
HYPE,2025-12-16,1765872000,24.0,59.50492758093537,,40.52274931488558,True,0.05,False,
HYPE,2025-12-17,1765958400,23.0,59.73506638492653,,40.653724346697956,True,0.05,False,
HYPE,2025-12-18,1766044800,22.0,59.12295187286654,,40.622720022057806,True,0.05,False,
HYPE,2025-12-19,1766131200,21.0,59.93211617882289,,40.7142950560034,True,0.05,False,
HYPE,2025-12-20,1766217600,27.0,59.884865477725214,,40.620497692809465,True,0.05,False,
HYPE,2025-12-21,1766304000,26.0,59.82637967801184,,40.56040406117179,True,0.05,False,
HYPE,2025-12-22,1766390400,25.0,59.92680994787978,,40.718215743335094,True,0.05,False,
HYPE,2025-12-23,1766476800,24.0,59.966974090707296,,40.7300323660606,True,0.05,False,
HYPE,2025-12-24,1766563200,23.0,59.98859212677384,,40.84709433860405,True,0.05,False,
HYPE,2025-12-25,1766649600,36.0,59.92217998372148,,40.60229892158064,True,0.05,False,
HYPE,2025-12-26,1766736000,35.0,59.999812755317066,,40.41165836936386,True,0.05,False,
HYPE,2025-12-27,1766822400,27.0,59.9700961313205,,40.91561855725971,True,0.05,False,
HYPE,2025-12-28,1766908800,33.0,59.98868230061205,,40.795517120386535,True,0.05,False,
HYPE,2025-12-29,1766995200,32.0,59.96416221599369,,40.81125471903924,True,0.05,False,
HYPE,2025-12-30,1767081600,31.0,59.987599610268994,,40.7113304571889,True,0.05,False,
HYPE,2025-12-31,1767168000,30.0,59.89042312367325,,40.73772028950451,True,0.05,False,
HYPE,2026-01-01,1767254400,29.0,59.84005339364734,,40.748009398784504,True,0.05,False,
HYPE,2026-01-02,1767340800,28.0,59.31205836363073,,40.80249519568276,True,0.05,False,
HYPE,2026-01-03,1767427200,27.0,59.99547927463453,,40.88439216583364,True,0.05,False,
HYPE,2026-01-04,1767513600,26.0,59.84264708875122,,40.79561764049504,True,0.05,False,
HYPE,2026-01-05,1767600000,25.0,59.98501260009433,,40.86376864386956,True,0.05,False,
HYPE,2026-01-06,1767686400,24.0,59.98540587945461,,40.57919049961401,True,0.05,False,
HYPE,2026-01-07,1767772800,23.0,59.92054429445688,,40.78913064913743,True,0.05,False,
HYPE,2026-01-08,1767859200,22.0,59.994588277445565,,40.94488284568853,True,0.05,False,
HYPE,2026-01-09,1767945600,21.0,59.9796822952001,,41.651109234600334,True,0.05,False,
HYPE,2026-01-10,1768032000,27.0,59.94867767824699,,41.601680775818565,True,0.05,False,
HYPE,2026-01-11,1768118400,26.0,59.955016061423535,,41.635528876994286,True,0.05,False,
HYPE,2026-01-12,1768204800,25.0,59.712387284723235,,41.5548074783141,True,0.05,False,
HYPE,2026-01-13,1768291200,24.0,59.99976653725433,,41.63952706044885,True,0.05,False,
HYPE,2026-01-14,1768377600,23.0,59.969480609300184,,41.659147734805934,True,0.05,False,
HYPE,2026-01-15,1768464000,22.0,59.9745622062735,,41.6300644350657,True,0.05,False,
HYPE,2026-01-16,1768550400,21.0,59.96305841907924,,41.713362455372014,True,0.05,False,
HYPE,2026-01-17,1768636800,27.0,59.95697493387216,,41.78123726599427,True,0.05,False,
HYPE,2026-01-18,1768723200,26.0,59.9870561100086,,41.52512277921552,True,0.05,False,
HYPE,2026-01-19,1768809600,25.0,59.97280103151433,,41.52685773106636,True,0.05,False,
HYPE,2026-01-20,1768896000,24.0,59.95291213539243,,41.59803219030271,True,0.05,False,
HYPE,2026-01-21,1768982400,23.0,59.90182566463073,,41.52282983762786,True,0.05,False,
HYPE,2026-01-22,1769068800,36.0,59.98882538807968,,41.1944991698436,True,0.05,False,
HYPE,2026-01-23,1769155200,35.0,59.97061545350382,,41.193498305406806,True,0.05,False,
HYPE,2026-01-24,1769241600,27.0,59.984609646114095,,41.43035522133329,True,0.05,False,
HYPE,2026-01-25,1769328000,33.0,59.93184288086906,,41.224591775458734,True,0.05,False,
HYPE,2026-01-26,1769414400,32.0,59.9975940506085,,41.23164529811275,True,0.05,False,
HYPE,2026-01-27,1769500800,31.0,59.44747220125633,,41.1989424848052,True,0.05,False,
HYPE,2026-01-28,1769587200,30.0,59.86130107776268,,41.16540750990615,True,0.05,False,
HYPE,2026-01-29,1769673600,29.0,59.96974699603354,,41.184056098565925,True,0.05,False,
HYPE,2026-01-30,1769760000,28.0,59.973089924033815,,41.076955888964754,True,0.05,False,
HYPE,2026-01-31,1769846400,27.0,59.53063026372107,,41.05195650218166,True,0.05,False,
HYPE,2026-02-01,1769932800,26.0,59.962377818095604,,40.90385435394464,True,0.05,False,
HYPE,2026-02-02,1770019200,25.0,59.96498885251574,,41.5067865713617,True,0.05,False,
HYPE,2026-02-03,1770105600,24.0,58.38597882057935,,41.85485474423488,True,0.05,False,
HYPE,2026-02-04,1770192000,23.0,59.952229118715,,41.74270305180661,True,0.05,False,
HYPE,2026-02-05,1770278400,22.0,59.958718791779845,,43.74872835939169,True,0.05,False,
HYPE,2026-02-06,1770364800,21.0,59.78801376257287,,41.12998991358376,True,0.05,False,
HYPE,2026-02-07,1770451200,27.0,59.669412492826694,,41.16751670379385,True,0.05,False,
HYPE,2026-02-08,1770537600,26.0,59.481023898866695,,41.14908700379005,True,0.05,False,
HYPE,2026-02-09,1770624000,25.0,59.64738486573817,,41.2287562429236,True,0.05,False,
HYPE,2026-02-10,1770710400,24.0,59.63308159081696,,41.27390137611964,True,0.05,False,
HYPE,2026-02-11,1770796800,23.0,59.69178917765513,,41.35602627616837,True,0.05,False,
HYPE,2026-02-12,1770883200,22.0,59.73290001749773,,41.4787783222507,True,0.05,False,
HYPE,2026-02-13,1770969600,21.0,59.802600087492785,,41.54818425137316,True,0.05,False,
HYPE,2026-02-14,1771056000,27.0,59.95202661671327,,41.168847393157854,True,0.05,False,
HYPE,2026-02-15,1771142400,26.0,59.99992253603217,,41.200607042553486,True,0.05,False,
HYPE,2026-02-16,1771228800,25.0,59.56391275157838,,41.172131809736975,True,0.05,False,
HYPE,2026-02-17,1771315200,24.0,59.80771934729342,,41.27484321425825,True,0.05,False,
HYPE,2026-02-18,1771401600,23.0,59.93459809166849,,41.30115348732449,True,0.05,False,
HYPE,2026-02-19,1771488000,36.0,59.665517492044984,,40.89739726187778,True,0.05,False,
HYPE,2026-02-20,1771574400,35.0,59.84972144785822,,40.94790435452043,True,0.05,False,
HYPE,2026-02-21,1771660800,27.0,59.96083894572099,,41.176761458116765,True,0.05,False,
HYPE,2026-02-22,1771747200,33.0,59.88132287552662,,40.95463650722451,True,0.05,False,
HYPE,2026-02-23,1771833600,32.0,59.70232072163771,,41.03045932600528,True,0.05,False,
HYPE,2026-02-24,1771920000,31.0,59.284085696591305,,40.986613915814424,True,0.05,False,
HYPE,2026-02-25,1772006400,30.0,59.66652698356078,,41.052946306198685,True,0.05,False,
HYPE,2026-02-26,1772092800,29.0,59.99173578905649,,41.115408562450654,True,0.05,False,
HYPE,2026-02-27,1772179200,28.0,59.98915835683935,,41.15321798600531,True,0.05,False,
HYPE,2026-02-28,1772265600,27.0,59.73824394986606,,41.136079233881304,True,0.05,False,
HYPE,2026-03-01,1772352000,26.0,59.96928976301498,,41.26132609625457,True,0.05,False,
HYPE,2026-03-02,1772438400,25.0,59.96516573706592,,41.249790992794345,True,0.05,False,
HYPE,2026-03-03,1772524800,24.0,59.950110723526464,,41.24394956901673,True,0.05,False,
HYPE,2026-03-04,1772611200,23.0,59.96502756534328,,41.27618049929374,True,0.05,False,
HYPE,2026-03-05,1772697600,22.0,59.75857602687535,,41.37485114007073,True,0.05,False,
HYPE,2026-03-06,1772784000,21.0,59.985731505387086,,41.42443993055311,True,0.05,False,
HYPE,2026-03-07,1772870400,27.0,59.995318341736976,,41.222613965888215,True,0.05,False,
HYPE,2026-03-08,1772956800,26.0,59.93949882318027,,41.16919007671509,True,0.05,False,
HYPE,2026-03-09,1773043200,25.0,59.96425042701058,,41.28718284843623,True,0.05,False,
HYPE,2026-03-10,1773129600,24.0,59.98306255560522,,41.351765934899205,True,0.05,False,
HYPE,2026-03-11,1773216000,23.0,59.98838263379771,,41.397189324074795,True,0.05,False,
HYPE,2026-03-12,1773302400,22.0,59.975266099412515,,41.40423325900033,True,0.05,False,
HYPE,2026-03-13,1773388800,21.0,59.983469905108905,,41.37898343440037,True,0.05,False,
HYPE,2026-03-14,1773475200,27.0,59.97542397318858,,41.18816456332945,True,0.05,False,
HYPE,2026-03-15,1773561600,26.0,59.76416203141139,,41.240635761718615,True,0.05,False,
HYPE,2026-03-16,1773648000,25.0,59.99196578254741,,41.20975298196807,True,0.05,False,
HYPE,2026-03-17,1773734400,24.0,59.97639935541137,,41.41776385306633,True,0.05,False,
HYPE,2026-03-18,1773820800,23.0,59.99995318612115,,41.48360303123962,True,0.05,False,
HYPE,2026-03-19,1773907200,36.0,59.96389170523444,,41.0821424706802,True,0.05,False,
HYPE,2026-03-20,1773993600,35.0,59.94365560278246,,41.000482361700506,True,0.05,False,
HYPE,2026-03-21,1774080000,27.0,59.995423582637834,,41.326235221678324,True,0.05,False,
HYPE,2026-03-22,1774166400,33.0,59.98570153637919,,41.16355409822287,True,0.05,False,
HYPE,2026-03-23,1774252800,32.0,59.9880366191294,,41.17718627756397,True,0.05,False,
HYPE,2026-03-24,1774339200,31.0,59.988525775365694,,41.21494513064622,True,0.05,False,
HYPE,2026-03-25,1774425600,30.0,59.9532506723351,,41.25626446560441,True,0.05,False,
HYPE,2026-03-26,1774512000,29.0,59.95688328002964,,41.297706514644936,True,0.05,False,
HYPE,2026-03-27,1774598400,28.0,59.94306781248346,,41.291970139917886,True,0.05,False,
HYPE,2026-03-28,1774684800,27.0,59.92839218410607,,41.376167962830586,True,0.05,False,
HYPE,2026-03-29,1774771200,32.0,59.94762696422014,,41.173646437778686,True,0.05,False,
HYPE,2026-03-30,1774857600,31.0,59.89275410539825,,41.15404418276449,True,0.05,False,
HYPE,2026-03-31,1774944000,30.0,59.95246456268756,,41.184180059582346,True,0.05,False,
HYPE,2026-04-01,1775030400,29.0,59.814453612647384,,41.22279249819511,True,0.05,False,
HYPE,2026-04-02,1775116800,28.0,59.977531640062864,,41.28542605348427,True,0.05,False,
HYPE,2026-04-03,1775203200,27.0,59.98454175749486,,41.30061244255759,True,0.05,False,
HYPE,2026-04-04,1775289600,27.0,59.955396507202146,,41.479037421177445,True,0.05,False,
HYPE,2026-04-05,1775376000,26.0,59.99267533573839,,41.49056142550761,True,0.05,False,
HYPE,2026-04-06,1775462400,25.0,59.91977998663491,,41.5519499533467,True,0.05,False,
HYPE,2026-04-07,1775548800,24.0,59.96314946279652,,41.54486918556705,True,0.05,False,
HYPE,2026-04-08,1775635200,23.0,59.994579650122304,,41.60318943273968,True,0.05,False,
HYPE,2026-04-09,1775721600,22.0,59.97962357226264,,41.62512904489491,True,0.05,False,
HYPE,2026-04-10,1775808000,21.0,59.99604406079091,,41.658579246880045,True,0.05,False,
HYPE,2026-04-11,1775894400,27.0,59.99963717476727,,41.58617888644608,True,0.05,False,
HYPE,2026-04-12,1775980800,26.0,59.97717132951146,,41.565231209086306,True,0.05,False,
HYPE,2026-04-13,1776067200,25.0,59.98939825536255,,41.61040840457527,True,0.05,False,
HYPE,2026-04-14,1776153600,24.0,57.495350275849496,,41.59886571134996,True,0.05,False,
HYPE,2026-04-15,1776240000,23.0,59.9276274162993,,41.70238245156189,True,0.05,False,
HYPE,2026-04-16,1776326400,22.0,59.9936336051139,,41.77286827626173,True,0.05,False,
HYPE,2026-04-17,1776412800,21.0,59.99932023208879,,41.83327344082088,True,0.05,False,
HYPE,2026-04-18,1776499200,27.0,59.915685421489485,,41.67744438662217,True,0.05,False,
HYPE,2026-04-19,1776585600,26.0,59.94694675342536,,41.70684779012557,True,0.05,False,
HYPE,2026-04-20,1776672000,25.0,59.99845160037599,,41.735419383705235,True,0.05,False,
HYPE,2026-04-21,1776758400,24.0,59.886579900527636,,41.75463048721312,True,0.05,False,
HYPE,2026-04-22,1776844800,23.0,59.98406619434447,,41.787029065534654,True,0.05,False,
HYPE,2026-04-23,1776931200,36.0,59.98811110354518,,41.46671864531256,True,0.05,False,
HYPE,2026-04-24,1777017600,35.0,59.94270951033679,,41.498536580957264,True,0.05,False,
HYPE,2026-04-25,1777104000,27.0,59.88956210429947,,41.67162999430585,True,0.05,False,
HYPE,2026-04-26,1777190400,33.0,59.994250997190214,,41.530980501168166,True,0.05,False,
HYPE,2026-04-27,1777276800,32.0,59.96094957646008,,41.55414250525851,True,0.05,False,
HYPE,2026-04-28,1777363200,31.0,59.99477578695746,,41.6012153168823,True,0.05,False,
HYPE,2026-04-29,1777449600,30.0,59.96086170512793,,41.62044878290116,True,0.05,False,
HYPE,2026-04-30,1777536000,29.0,59.819900786727686,,41.633664297063355,True,0.05,False,
HYPE,2026-05-01,1777622400,28.0,59.922019562783724,,41.90572957784479,True,0.05,False,
HYPE,2026-05-02,1777708800,27.0,59.933047183015105,,41.90165606887732,True,0.05,False,
HYPE,2026-05-03,1777795200,26.0,59.956724939416645,,41.931193420651695,True,0.05,False,
HYPE,2026-05-04,1777881600,25.0,59.91182614733473,,41.96628631941773,True,0.05,False,
HYPE,2026-05-05,1777968000,24.0,59.998489219261465,,42.00268383824631,True,0.05,False,
HYPE,2026-05-06,1778054400,23.0,59.925299465777705,,42.06429726990257,True,0.05,False,
HYPE,2026-05-07,1778140800,22.0,59.17696507306083,,42.08049187058793,True,0.05,False,
HYPE,2026-05-08,1778227200,21.0,59.95425651368796,,42.07812160145274,True,0.05,False,
HYPE,2026-05-09,1778313600,27.0,59.987178598559005,,38.92954530842556,True,0.05,False,
HYPE,2026-05-10,1778400000,26.0,59.90422363146817,,38.93804187117561,True,0.05,False,
HYPE,2026-05-11,1778486400,25.0,59.91318655145372,,38.94859075761414,True,0.05,False,
HYPE,2026-05-12,1778572800,24.0,59.94439658217447,,39.00991640948253,True,0.05,False,
HYPE,2026-05-13,1778659200,23.0,59.89033935009422,,39.018586859127446,True,0.05,False,
HYPE,2026-05-14,1778745600,22.0,59.699587988438914,,39.033653453779,True,0.05,False,
HYPE,2026-05-15,1778832000,21.0,59.92552447585166,,39.00625179310686,True,0.05,False,
HYPE,2026-05-16,1778918400,27.0,59.907946547663535,,38.74898195298998,True,0.05,False,
HYPE,2026-05-17,1779004800,26.0,59.93573856790785,,38.7438398470137,True,0.05,False,
HYPE,2026-05-18,1779091200,25.0,59.98178996712265,,38.7430851953301,True,0.05,False,
HYPE,2026-05-19,1779177600,24.0,59.86294008981684,,38.76647666866817,True,0.05,False,
HYPE,2026-05-20,1779264000,23.0,59.86794695130441,,38.77453544936054,True,0.05,False,
HYPE,2026-05-21,1779350400,36.0,59.98256875544576,,38.50577495280317,True,0.05,False,
HYPE,2026-05-22,1779436800,35.0,59.81145232756077,,38.27503093350783,True,0.05,False,
HYPE,2026-05-23,1779523200,27.0,59.98382900045202,,38.5031567351397,True,0.05,False,
HYPE,2026-05-24,1779609600,33.0,59.87404490358528,,26.38460309997487,True,0.05,False,
HYPE,2026-05-25,1779696000,32.0,59.82453178084178,,25.927045693091554,True,0.05,False,
HYPE,2026-05-26,1779782400,31.0,59.92840023835578,,26.033102885043064,True,0.05,False,
HYPE,2026-05-27,1779868800,30.0,59.91945347966102,,25.789930951402386,True,0.05,False,
HYPE,2026-05-28,1779955200,29.0,59.70703745166399,,25.938281319619627,True,0.05,False,
HYPE,2026-05-29,1780041600,28.0,59.90737215673026,,25.99070452234326,True,0.05,False,
HYPE,2026-05-30,1780128000,27.0,59.91341758432893,,24.95343012445088,True,0.05,False,
HYPE,2026-05-31,1780214400,26.0,59.98069477611674,,25.611105222934086,True,0.05,False,
HYPE,2026-06-01,1780300800,25.0,59.60563294088185,,25.00038963833978,True,0.05,False,
HYPE,2026-06-02,1780387200,24.0,59.678213958421956,,25.067282207414074,True,0.05,False,
HYPE,2026-06-03,1780473600,23.0,59.919363997398,,25.059463346793375,True,0.05,False,
HYPE,2026-06-04,1780560000,22.0,59.62890895972979,,25.123150317256673,True,0.05,False,
HYPE,2026-06-05,1780646400,21.0,59.9293198430439,,25.74242849796786,True,0.05,False,
HYPE,2026-06-06,1780732800,27.0,59.866026092030076,,25.861952913276514,True,0.05,False,
HYPE,2026-06-07,1780819200,26.0,59.98735449041406,,25.770180629979617,True,0.05,False,
HYPE,2026-06-08,1780905600,25.0,59.61184322794623,,25.763332600694607,True,0.05,False,
HYPE,2026-06-09,1780992000,24.0,59.86649907636404,,27.19126130884679,True,0.05,False,
HYPE,2026-06-10,1781078400,23.0,59.92925775653735,,27.1538910777789,True,0.05,False,
HYPE,2026-06-11,1781164800,22.0,59.91924009687061,,27.01168310551435,True,0.05,False,
HYPE,2026-06-12,1781251200,21.0,59.78829963789577,,26.93131104647074,True,0.05,False,
HYPE,2026-06-13,1781337600,27.0,59.61858149174287,,26.86000971038376,True,0.05,False,
HYPE,2026-06-14,1781424000,26.0,59.744667809102886,,26.762712918014437,True,0.05,False,
HYPE,2026-06-15,1781510400,25.0,59.97263953674072,,26.32953529614607,True,0.05,False,
HYPE,2026-06-16,1781596800,24.0,59.932551593948986,,25.99406130582585,True,0.05,False,
HYPE,2026-06-17,1781683200,23.0,59.925704056850215,,25.85010348418272,True,0.05,False,
HYPE,2026-06-18,1781769600,22.0,59.82302913701146,,26.10451519740075,True,0.05,False,
HYPE,2026-06-19,1781856000,21.0,59.72086148530478,,26.06029678198266,True,0.05,False,
HYPE,2026-06-20,1781942400,27.0,59.979126577454466,,25.76528111199135,True,0.05,False,
HYPE,2026-06-21,1782028800,26.0,59.93487825351696,,25.580307256704906,True,0.05,False,
HYPE,2026-06-22,1782115200,25.0,59.89654948465994,,25.582092044750407,True,0.05,False,
HYPE,2026-06-23,1782201600,24.0,59.77615162437302,,25.721870438012346,True,0.05,False,
HYPE,2026-06-24,1782288000,23.0,59.99022268026558,,26.404557031413628,True,0.05,False,
HYPE,2026-06-25,1782374400,36.0,59.710228440710594,,27.388923034940415,True,0.05,False,
HYPE,2026-06-26,1782460800,35.0,59.974964919544405,,27.213452982566142,True,0.05,False,
HYPE,2026-06-27,1782547200,27.0,59.88393269923221,,26.785694101799578,True,0.05,False,
HYPE,2026-06-28,1782633600,33.0,59.92277580465989,,27.423706602313164,True,0.05,False,
HYPE,2026-06-29,1782720000,32.0,59.915150002870774,,27.26528496004868,True,0.05,False,
HYPE,2026-06-30,1782806400,31.0,59.897725263552196,,26.876627622782678,True,0.05,False,
HYPE,2026-07-01,1782892800,30.0,59.72455433830316,,26.729920848300086,True,0.05,False,
HYPE,2026-07-02,1782979200,29.0,59.7396945526001,,26.518963448164033,True,0.05,False,
HYPE,2026-07-03,1783065600,28.0,59.63560214930362,,26.209676798201862,True,0.05,False,
HYPE,2026-07-04,1783152000,27.0,59.821272150155856,,26.75020413049357,True,0.05,False,
HYPE,2026-07-05,1783238400,26.0,59.84850803638342,,26.796004703698244,True,0.05,False,
HYPE,2026-07-06,1783324800,25.0,59.84374452737087,,26.922963833935075,True,0.05,False,
HYPE,2026-07-07,1783411200,24.0,59.80658659372289,,26.15077525362398,True,0.05,False,
HYPE,2026-07-08,1783497600,23.0,59.94527403744474,,25.986693410488037,True,0.05,False,
HYPE,2026-07-09,1783584000,22.0,59.89294388568528,,25.263749632970107,True,0.05,False,
HYPE,2026-07-10,1783670400,21.0,59.944523504050274,,25.048493761649638,True,0.05,False,
HYPE,2026-07-11,1783756800,27.0,59.83606261943451,,25.029843363326933,True,0.05,False,
HYPE,2026-07-12,1783843200,26.0,59.83910260911373,,25.021354606150204,True,0.05,False,
HYPE,2026-07-13,1783929600,25.0,59.83726149885719,,25.069353955096453,True,0.05,False,
HYPE,2026-07-14,1784016000,24.0,59.69230195067455,,25.10917060775776,True,0.05,False,
HYPE,2026-07-15,1784102400,23.0,59.832191447309626,,25.107892604648526,True,0.05,False,
HYPE,2026-07-16,1784188800,22.0,59.900487793841336,,25.11740508385738,True,0.05,False,
HYPE,2026-07-17,1784275200,21.0,59.61894714064949,,25.1362487870731,True,0.05,False,
HYPE,2026-07-18,1784361600,27.0,59.92872276380376,,25.06668181489155,True,0.05,False,
HYPE,2026-07-19,1784448000,26.0,59.957786242245476,,25.069657284917827,True,0.05,False,
HYPE,2026-07-20,1784534400,25.0,59.90818337367372,,25.080712766548796,True,0.05,False,
HYPE,2026-07-21,1784620800,24.0,59.90640962096668,,25.07386527029492,True,0.05,False,
HYPE,2026-07-22,1784707200,23.0,59.850642633232795,,25.103103739210418,True,0.05,False,
HYPE,2026-07-23,1784793600,36.0,59.90550621907783,,24.981380009875217,True,0.05,False,
HYPE,2026-07-24,1784880000,35.0,59.97340678512324,,25.213740711220105,True,0.05,False,
HYPE,2026-07-25,1784966400,27.0,59.94653915443664,,24.978549822167842,True,0.05,False,
HYPE,2026-07-26,1785052800,33.0,59.99238712639615,,24.91127180300213,True,0.05,False,
HYPE,2026-07-27,1785139200,32.0,59.987252655549774,,24.94263022690331,True,0.05,False,
HYPE,2026-07-28,1785225600,31.0,59.93330006299967,,24.962399414542755,True,0.05,False,
HYPE,2026-07-29,1785312000,30.0,59.99990055404028,,24.985234519536963,True,0.05,False,
HYPE,2026-07-30,1785398400,29.0,59.347302370712264,,24.987108642453535,True,0.05,False,
HYPE,2026-07-31,1785484800,28.0,58.91333341493764,,25.010078864350337,True,0.05,False,
HYPE,2026-08-01,1785571200,27.0,59.93559708049802,,25.060147595501103,True,0.05,False,
HYPE,2026-08-02,1785657600,26.0,59.73887609925572,,25.082138169712895,True,0.05,False,
HYPE,2026-08-03,1785744000,25.0,59.834893059572394,,25.116121404054454,True,0.05,False,
HYPE,2026-08-04,1785830400,24.0,59.497215752574235,,25.136284046038494,True,0.05,False,
HYPE,2026-08-05,1785916800,23.0,59.99227514696685,,25.148177424192966,True,0.05,False,
HYPE,2026-08-06,1786003200,22.0,59.88788980746791,,25.188683849067736,True,0.05,False,
HYPE,2026-08-07,1786089600,21.0,59.76301941879043,,25.20641381531562,True,0.05,False,
HYPE,2026-08-08,1786176000,27.0,59.81164306785595,,25.119610155915762,True,0.05,False,
HYPE,2026-08-09,1786262400,26.0,59.80941581439109,,25.138538527913408,True,0.05,False,
HYPE,2026-08-10,1786348800,25.0,59.83316266390488,,25.139205059301524,True,0.05,False,
HYPE,2026-08-11,1786435200,24.0,59.922698273255676,,25.157644659217905,True,0.05,False,
HYPE,2026-08-12,1786521600,23.0,59.83169951046974,,25.180834365005413,True,0.05,False,
HYPE,2026-08-13,1786608000,22.0,59.742422894436864,,25.197893153176715,True,0.05,False,
HYPE,2026-08-14,1786694400,21.0,59.766148433716864,,25.19944047966932,True,0.05,False,
HYPE,2026-08-15,1786780800,27.0,59.740833953789945,,25.12427882904384,True,0.05,False,
HYPE,2026-08-16,1786867200,26.0,59.82475068512963,,25.153724129227122,True,0.05,False,
HYPE,2026-08-17,1786953600,25.0,59.66707929654713,,25.171541255395393,True,0.05,False,
HYPE,2026-08-18,1787040000,24.0,59.79223161805149,,25.199701031980208,True,0.05,False,
HYPE,2026-08-19,1787126400,23.0,59.59175958163523,,25.20498187552236,True,0.05,False,
HYPE,2026-08-20,1787212800,36.0,59.21055660088578,,24.879411960239416,True,0.05,False,
HYPE,2026-08-21,1787299200,35.0,59.09806874267407,,20.51266153983628,True,0.05,False,
HYPE,2026-08-22,1787385600,27.0,58.89484767917318,,20.598798802358875,True,0.05,False,
HYPE,2026-08-23,1787472000,33.0,58.4657160957125,,20.86879561906107,True,0.05,False,
HYPE,2026-08-24,1787558400,32.0,59.29574301835675,,20.560716867737703,True,0.05,False,
HYPE,2026-08-25,1787644800,31.0,58.925053282076966,,20.484279001429268,True,0.05,False,
HYPE,2026-08-26,1787731200,30.0,59.386266496742195,,20.260905323174367,True,0.05,False,
HYPE,2026-08-27,1787817600,29.0,59.564945211572955,,20.485849364658367,True,0.05,False,
HYPE,2026-08-28,1787904000,28.0,59.129506598839036,,20.355700865638056,True,0.05,False,
HYPE,2026-08-29,1787990400,27.0,59.51960238014797,,20.255619152570855,True,0.05,False,
HYPE,2026-08-30,1788076800,26.0,59.41708476583853,,20.25537824905658,True,0.05,False,
HYPE,2026-08-31,1788163200,25.0,59.396787168241474,,20.213982024188418,True,0.05,False,
HYPE,2026-09-01,1788249600,24.0,59.53770323510141,,20.191674668457004,True,0.05,False,
HYPE,2026-09-02,1788336000,23.0,59.453211697264436,,20.175415190989547,True,0.05,False,
HYPE,2026-09-03,1788422400,22.0,59.66916365401109,,20.20479297733392,True,0.05,False,
HYPE,2026-09-04,1788508800,21.0,59.444153166704126,,20.256019964066606,True,0.05,False,
HYPE,2026-09-05,1788595200,27.0,59.345116998385436,,20.04785672915526,True,0.05,False,
HYPE,2026-09-06,1788681600,26.0,59.48653879896378,,20.056563224707766,True,0.05,False,
HYPE,2026-09-07,1788768000,25.0,59.478148429805124,,20.108263813902457,True,0.05,False,
HYPE,2026-09-08,1788854400,24.0,59.56989882334337,,20.115978273172676,True,0.05,False,
HYPE,2026-09-09,1788940800,23.0,59.4403241506041,,20.126778326763297,True,0.05,False,
HYPE,2026-09-10,1789027200,22.0,59.363289013122916,,20.17780219675252,True,0.05,False,
HYPE,2026-09-11,1789113600,21.0,59.36329588688049,,20.21831749300515,True,0.05,False,
HYPE,2026-09-12,1789200000,27.0,59.27183199529279,,19.96786090174548,True,0.05,False,
HYPE,2026-09-13,1789286400,26.0,59.30462641651681,,20.01783108755265,True,0.05,False,
HYPE,2026-09-14,1789372800,25.0,59.31495167095418,,20.067630232585344,True,0.05,False,
HYPE,2026-09-15,1789459200,24.0,59.291496715078914,,20.13467960077663,True,0.05,False,
HYPE,2026-09-16,1789545600,23.0,59.39917733448592,,20.148250903528847,True,0.05,False,
HYPE,2026-09-17,1789632000,22.0,59.36342713650889,,20.18654551327601,True,0.05,False,
HYPE,2026-09-18,1789718400,21.0,59.183914879821835,,20.237571018413302,True,0.05,False,
HYPE,2026-09-19,1789804800,27.0,58.912427366713054,,20.01440122361444,True,0.05,False,
HYPE,2026-09-20,1789891200,26.0,59.023954551333674,,20.054509813306534,True,0.05,False,
HYPE,2026-09-21,1789977600,25.0,59.12165227644181,,20.08775691733633,True,0.05,False,
HYPE,2026-09-22,1790064000,24.0,59.150459152306325,,20.083856480534724,True,0.05,False,
HYPE,2026-09-23,1790150400,23.0,59.234650581430614,,20.106384846758573,True,0.05,False,
HYPE,2026-09-24,1790236800,36.0,58.93642416830936,,19.87516747049775,True,0.05,False,
HYPE,2026-09-25,1790323200,35.0,59.48914725913391,,19.81380524966581,True,0.05,False,
HYPE,2026-09-26,1790409600,27.0,59.055288292075936,,19.90390755913466,True,0.05,False,
HYPE,2026-09-27,1790496000,33.0,58.924875667282514,,19.801525487231892,True,0.05,False,
HYPE,2026-09-28,1790582400,32.0,58.79475253912745,,19.790182252735285,True,0.05,False,
HYPE,2026-09-29,1790668800,31.0,58.55237792797992,,19.823671392391333,True,0.05,False,
HYPE,2026-09-30,1790755200,30.0,58.548426502989166,,19.806256561802147,True,0.05,False,
