manager,delta,tenor_days,iv,strike,forward,is_call,K_usdc,K_pct_forward,printed
pm2,0.05,1.0,0.4494816584102695,79358.72865484138,76325.21099349088,True,7856.9594730511635,10.294055359665126,
pm2,0.075,1.0,0.4191339098788411,78793.07178350062,76325.21099349088,True,8374.766305999836,10.972477110759703,
pm2,0.1,1.0,0.3971605920408499,78402.8833713016,76325.21099349088,True,8734.891041673887,11.444306446029753,
pm2,0.125,1.0,0.3800043275576356,78107.17725950887,76325.21099349088,True,9006.57132057692,11.80025735054308,
pm2,0.15,1.0,0.366044590865549,77870.29435358266,76325.21099349088,True,9221.724924436154,12.082147961860985,
pm2,0.175,1.0,0.3544042904763498,77673.35963577578,76325.21099349088,True,9397.743077239187,12.31276396738771,
pm2,0.2,1.0,0.3445553261830715,77505.15448798421,76325.21099349088,True,9545.151478642952,12.505895960716016,
pm2,0.2249999999999999,1.0,0.3361555942124491,77358.44636273813,76325.21099349088,True,9670.80415914228,12.67052397662814,
pm2,0.25,1.0,0.32897109753569,77228.27773468956,76325.21099349088,True,9779.414242969657,12.812823070746122,
pm2,0.2749999999999999,1.0,0.3228346529975051,77111.08054304466,76325.21099349088,True,9874.363693953885,12.937224234854698,
pm2,0.3,1.0,0.3176222271520972,77004.18067513278,76325.21099349088,True,9958.164370508272,13.047018463345639,
pm2,0.3249999999999999,1.0,0.3132385544966367,76905.50344730365,76325.21099349088,True,10032.735874054251,13.144720785521127,
pm2,0.35,1.0,0.3096080239199361,76813.38992997266,76325.21099349088,True,10099.580653124103,13.232299684026302,
pm2,0.3749999999999999,1.0,0.3066687595539323,76726.4777485415,76325.21099349088,True,10159.89839553824,13.311326969544428,
pm2,0.3999999999999999,1.0,0.3043687533690222,76643.62095052682,76325.21099349088,True,10214.663009823436,13.383078640548481,
pm2,0.4249999999999999,1.0,0.3026633767132376,76563.83423078839,76325.21099349088,True,10264.675779973371,13.448604525769024,
pm2,0.4499999999999999,1.0,0.3015138453273009,76486.25258674288,76325.21099349088,True,10310.60295613695,13.508777534878027,
pm2,0.475,1.0,0.3008863499563253,76410.10075804152,76325.21099349088,True,10353.002981409662,13.564329330570184,
pm2,0.4999999999999999,1.0,0.3007516487695576,76334.66874922704,76325.21099349088,True,10392.346709550742,13.61587681747387,
pm2,0.525,1.0,0.3010849766509852,76259.29091312407,76325.21099349088,False,10363.091895758078,13.577547655442258,
pm2,0.5499999999999999,1.0,0.3018661734848013,76183.32677762004,76325.21099349088,False,10321.496931135289,13.52305063659178,
pm2,0.575,1.0,0.3030799745934731,76106.14217695112,76325.21099349088,False,10276.649964767965,13.464292900080382,
pm2,0.6,1.0,0.3047164439464582,76027.08937142261,76325.21099349088,False,10228.148832586494,13.400747537348787,
pm2,0.625,1.0,0.3067715665680825,75945.48472693456,76325.21099349088,False,10175.51933546848,13.331793260730405,
pm2,0.65,1.0,0.3092480538861931,75860.58215060213,76325.21099349088,False,10118.194150913165,13.256686773884006,
pm2,0.675,1.0,0.3121564603122071,75771.53975041893,76325.21099349088,False,10055.48411089871,13.174525140528278,
pm2,0.7,1.0,0.3155167712366265,75677.3759090855,76325.21099349088,False,9986.538196062333,13.084193369493597,
pm2,0.725,1.0,0.3193607199208997,75576.90874249605,76325.21099349088,False,9910.286355211776,12.984289497813428,
pm2,0.75,1.0,0.3237352574171155,75468.66896595397,76325.21099349088,False,9825.355317762696,12.873014289604278,
pm2,0.775,1.0,0.3287079038096508,75350.76888502069,76325.21099349088,False,9729.940309843692,12.748003160677113,
pm2,0.7999999999999999,1.0,0.3343752975353755,75220.69599096285,76325.21099349088,False,9621.601491513908,12.606059474024189,
pm2,0.825,1.0,0.3408774734069653,75074.97008934637,76325.21099349088,False,9496.92476784812,12.442710140241905,
pm2,0.85,1.0,0.3484231046929202,74908.53658534294,76325.21099349088,False,9350.92140926552,12.251419010244176,
pm2,0.875,1.0,0.3573375854917064,74713.6044406941,76325.21099349088,False,9175.880164811826,12.022082933507194,
pm2,0.9,1.0,0.3681643413380269,74477.1755841485,76325.21099349088,False,8958.935683330947,11.737845944631555,
pm2,0.925,1.0,0.3819112203434544,74174.96248670519,76325.21099349088,False,8676.117890590225,11.367302857937904,
pm2,0.95,1.0,0.4007991926028637,73752.60534918154,76325.21099349088,False,8274.156120852636,10.84065934853199,
pm2,0.05,1.364135525486324,0.4236149127995776,79681.69405015306,76333.15376547743,True,7569.018146519084,9.915767622773451,
pm2,0.075,1.364135525486324,0.3988015267587612,79083.22499169508,76333.15376547743,True,8104.9236317598625,10.61782886196615,
pm2,0.1,1.364135525486324,0.3809293476718915,78666.93447718311,76333.15376547743,True,8481.914890633767,11.111705035394218,
pm2,0.125,1.364135525486324,0.367020240368499,78348.7424878463,76333.15376547743,True,8769.302735510324,11.488196547535212,
pm2,0.15,1.364135525486324,0.3557187924090918,78091.60838212563,76333.15376547743,True,8999.150011545777,11.789307224478584,
pm2,0.175,1.364135525486324,0.3462912377872622,77875.92388078445,76333.15376547743,True,9188.98460734935,12.03799941972943,
pm2,0.2,1.364135525486324,0.3382953307346784,77690.03986988855,76333.15376547743,True,9349.447390241989,12.248213166937674,
pm2,0.2249999999999999,1.364135525486324,0.3314442585951397,77526.45528683002,76333.15376547743,True,9487.485618463485,12.429049699181054,
pm2,0.25,1.364135525486324,0.3255418117540961,77380.03950867837,76333.15376547743,True,9607.885945837315,12.58677975674391,
pm2,0.2749999999999999,1.364135525486324,0.3204481570970407,77247.1116373042,76333.15376547743,True,9714.086854054016,12.725907911389516,
pm2,0.3,1.364135525486324,0.3160603253314908,77124.92460346254,76333.15376547743,True,9808.642323790731,12.849779997203271,
pm2,0.3249999999999999,1.364135525486324,0.3123004161347102,77011.3577676343,76333.15376547743,True,9893.502144347884,12.960950329321172,
pm2,0.35,1.364135525486324,0.309108150258536,76904.72439782768,76333.15376547743,True,9970.189335886074,13.061414135354655,
pm2,0.3749999999999999,1.364135525486324,0.3064360238355086,76803.64591509463,76333.15376547743,True,10039.916729352442,13.152760280544198,
pm2,0.3999999999999999,1.364135525486324,0.3042461053163591,76706.96660249063,76333.15376547743,True,10103.665993799812,13.236274797241922,
pm2,0.4249999999999999,1.364135525486324,0.3025079171632878,76613.69360889476,76333.15376547743,True,10162.242660402422,13.313012968944584,
pm2,0.4499999999999999,1.364135525486324,0.3011970603655451,76522.95307848688,76333.15376547743,True,10216.315359326236,13.383850732427991,
pm2,0.475,1.364135525486324,0.3002943622557216,76433.95661688084,76333.15376547743,True,10266.444426496517,13.449522153949879,
pm2,0.4999999999999999,1.364135525486324,0.2997854025843015,76345.97427534661,76333.15376547743,True,10313.103207969953,13.510647338973405,
pm2,0.525,1.364135525486324,0.2996603226753246,76258.31140029998,76333.15376547743,False,10281.74009939341,13.469560200515975,
pm2,0.5499999999999999,1.364135525486324,0.2999138597928671,76170.2873664759,76333.15376547743,False,10234.59963223748,13.407803984729632,
pm2,0.575,1.364135525486324,0.3005455799701552,76081.21454684433,76333.15376547743,False,10183.980512551108,13.341490571501755,
pm2,0.6,1.364135525486324,0.3015603113589764,75990.37594198852,76333.15376547743,False,10129.422355068458,13.270016834611136,
pm2,0.625,1.364135525486324,0.3029688100078903,75896.99970836607,76333.15376547743,False,10070.375973124914,13.192663313852702,
pm2,0.65,1.364135525486324,0.3047887251907736,75800.22834335401,76333.15376547743,False,10006.178021582584,13.108560996084504,
pm2,0.675,1.364135525486324,0.3070459787568141,75699.07938292624,76333.15376547743,False,9936.016294080213,13.016645853002727,
pm2,0.7,1.364135525486324,0.3097767440147713,75592.39289440033,76333.15376547743,False,9858.881196885606,12.915595269619793,
pm2,0.725,1.364135525486324,0.3130303252763685,75478.75831020258,76333.15376547743,False,9773.496190908068,12.803736920048816,
pm2,0.75,1.364135525486324,0.3168734392953191,75356.40827056662,76333.15376547743,False,9678.215189928167,12.67891435438798,
pm2,0.775,1.364135525486324,0.3213967654975914,75223.05809632574,76333.15376547743,False,9570.866066219982,12.538281983769572,
pm2,0.7999999999999999,1.364135525486324,0.3267253385226812,75075.65185619691,76333.15376547743,False,9448.502280985762,12.37797970461815,
pm2,0.825,1.364135525486324,0.3330358125033594,74909.93929271461,76333.15376547743,False,9306.989284921605,12.19259106405584,
pm2,0.85,1.364135525486324,0.3405868680237695,74719.72541720443,76333.15376547743,False,9140.273489523395,11.974185578137599,
pm2,0.875,1.364135525486324,0.3497769874804172,74495.43022786436,76333.15376547743,False,8938.988091556352,11.710492296728757,
pm2,0.9,1.364135525486324,0.361265989870104,74221.02019129042,76333.15376547743,False,8687.511515011023,11.381046224949836,
pm2,0.925,1.364135525486324,0.3762702815745631,73866.43697323828,76333.15376547743,False,8356.81341871774,10.947816258703051,
pm2,0.95,1.364135525486324,0.3974592479559269,73364.15801601268,76333.15376547743,False,7882.798176047402,10.326834130640218,
pm2,0.05,1.8608657318938489,0.4036012043908188,80083.1839345829,76343.98878291513,True,7228.848472797154,9.46878541197586,
pm2,0.075,1.8608657318938489,0.3832119050494745,79440.8169010517,76343.98878291513,True,7785.9232808508195,10.198475878684004,
pm2,0.1,1.8608657318938489,0.3685770209642292,78990.091119281,76343.98878291513,True,8183.094298766648,10.71871463519591,
pm2,0.125,1.8608657318938489,0.357202383384104,78642.65345284849,76343.98878291513,True,8489.429030399824,11.119970498973533,
pm2,0.15,1.8608657318938489,0.3479547165715324,78359.5465168658,76343.98878291513,True,8737.046354855784,11.444314731444882,
pm2,0.175,1.8608657318938489,0.3402209698794836,78120.13755652837,76343.98878291513,True,8943.585472913674,11.714852230664611,
pm2,0.2,1.8608657318938489,0.3336317436699065,77912.16886696832,76343.98878291513,True,9119.798488880511,11.945666756832354,
pm2,0.2249999999999999,1.8608657318938489,0.3279475518854738,77727.75224277905,76343.98878291513,True,9272.730158382536,12.145985959352522,
pm2,0.25,1.8608657318938489,0.3230047958811516,77561.49937796332,76343.98878291513,True,9407.248505227522,12.322186271897744,
pm2,0.2749999999999999,1.8608657318938489,0.3186873483966836,77409.5526805477,76343.98878291513,True,9526.858175851254,12.478858293533715,
pm2,0.3,1.8608657318938489,0.3149104288856886,77269.04152612579,76343.98878291513,True,9634.165972067603,12.619416571830493,
pm2,0.3249999999999999,1.8608657318938489,0.3116109056402086,77137.75759139674,76343.98878291513,True,9731.163219048956,12.746469465617801,
pm2,0.35,1.8608657318938489,0.3087411962699677,77013.95084152462,76343.98878291513,True,9819.405211701076,12.862054194761358,
pm2,0.3749999999999999,1.8608657318938489,0.3062653010821525,76896.19560982451,76343.98878291513,True,9900.12971226143,12.967792055524562,
pm2,0.3999999999999999,1.8608657318938489,0.3041561649063614,76783.29915956329,76343.98878291513,True,9974.337757046686,13.064994266161298,
pm2,0.4249999999999999,1.8608657318938489,0.3023939044414425,76674.23684167535,76343.98878291513,True,10042.850293814769,13.154736153977638,
pm2,0.4499999999999999,1.8608657318938489,0.3009646245923822,76568.10426805436,76343.98878291513,True,10106.34883637534,13.23791040721338,
pm2,0.475,1.8608657318938489,0.2998596544024349,76464.08045313114,76343.98878291513,True,10165.4052677853,13.315266113080272,
pm2,0.4999999999999999,1.8608657318938489,0.2990750983376711,76361.39791202865,76343.98878291513,True,10220.50410533744,13.387437921798329,
pm2,0.525,1.8608657318938489,0.2986116411792396,76259.31688406337,76343.98878291513,False,10186.91702760296,13.343443524505325,
pm2,0.5499999999999999,1.8608657318938489,0.2984745752428118,76157.10150740166,76343.98878291513,False,10133.15044231275,13.273016780831902,
pm2,0.575,1.8608657318938489,0.2986740434355878,76053.9960725924,76343.98878291513,False,10075.606448312115,13.197642157475164,
pm2,0.6,1.8608657318938489,0.2992255152579272,75949.19950208567,76343.98878291513,False,10013.758530470754,13.116629992893055,
pm2,0.625,1.8608657318938489,0.3001505393576125,75841.8359436819,76343.98878291513,False,9946.972846380151,13.02915004174653,
pm2,0.65,1.8608657318938489,0.3014778506430476,75730.91876453624,76343.98878291513,False,9874.478030672672,12.93419192276008,
pm2,0.675,1.8608657318938489,0.3032449597373765,75615.30413345771,76343.98878291513,False,9795.323822249338,12.830510926148275,
pm2,0.7,1.8608657318938489,0.3055004303419613,75493.6284732376,76343.98878291513,False,9708.32318694756,12.716552202365627,
pm2,0.725,1.8608657318938489,0.3083071788561358,75364.22075149663,76343.98878291513,False,9611.969393844529,12.590342143605117,
pm2,0.75,1.8608657318938489,0.3117473546797466,75224.97466862595,76343.98878291513,False,9504.313867174424,12.44932838680991,
pm2,0.775,1.8608657318938489,0.3159297693791569,75073.1548332443,76343.98878291513,False,9382.780310285005,12.290136341926061,
pm2,0.7999999999999999,1.8608657318938489,0.3210016343195229,74905.08959644819,76343.98878291513,False,9243.87068062829,12.10818406006179,
pm2,0.825,1.8608657318938489,0.3271679958930278,74715.65867383037,76343.98878291513,False,9082.677728135644,11.897043726602135,
pm2,0.85,1.8608657318938489,0.3347258833931255,74497.38356633745,76343.98878291513,False,8892.028380762786,11.647319615493702,
pm2,0.875,1.8608657318938489,0.3441290779351258,74238.68054405916,76343.98878291513,False,8660.862236143024,11.344524138986595,
pm2,0.9,1.8608657318938489,0.3561241778328912,73920.13615713066,76343.98878291513,False,8370.84353457074,10.964640003777266,
pm2,0.925,1.8608657318938489,0.3720807866580092,73505.31111257276,76343.98878291513,False,7988.227221962829,10.463465885542647,
pm2,0.95,1.8608657318938489,0.3949929121050872,72912.24978822198,76343.98878291513,False,7439.672819460488,9.744935964264677,
pm2,0.05,2.5384730530365083,0.3698338190977864,80374.38989210004,76362.28583014329,True,6992.047204459214,9.156414227845405,
pm2,0.075,2.5384730530365083,0.3527908807840965,79700.36481830715,76362.28583014329,True,7566.283434478112,9.908403542696718,
pm2,0.1,2.5384730530365083,0.3405291235547853,79224.54813566558,76362.28583014329,True,7979.133179108991,10.449049674675013,
pm2,0.125,2.5384730530365083,0.3309690291895954,78855.79563691582,76362.28583014329,True,8299.813332426136,10.868995397659853,
pm2,0.15,2.5384730530365083,0.3231667413269536,78553.85770176897,76362.28583014329,True,8560.630899160942,11.210548251793838,
pm2,0.175,2.5384730530365083,0.3166121445224448,78297.39083087028,76362.28583014329,True,8779.384186204205,11.497015955929685,
pm2,0.2,2.5384730530365083,0.310998158479879,78073.70241893273,76362.28583014329,True,8966.952870919244,11.742645958588664,
pm2,0.2249999999999999,2.5384730530365083,0.3061259500407495,77874.61806044227,76362.28583014329,True,9130.483623339553,11.956797159855817,
pm2,0.25,2.5384730530365083,0.3018599546730865,77694.55086353057,76362.28583014329,True,9274.92647933875,12.145951864208811,
pm2,0.2749999999999999,2.5384730530365083,0.298104250270551,77529.49971622892,76362.28583014329,True,9403.85269655232,12.314786801261832,
pm2,0.3,2.5384730530365083,0.2947891737160652,77376.48674899797,76362.28583014329,True,9519.923666321956,12.46678718798129,
pm2,0.3249999999999999,2.5384730530365083,0.2918632897725492,77233.22107188776,76362.28583014329,True,9625.17582747886,12.604619836667347,
pm2,0.35,2.5384730530365083,0.2892883540262438,77097.88716961279,76362.28583014329,True,9721.202065942682,12.730370706248989,
pm2,0.3749999999999999,2.5384730530365083,0.2870360484120234,76969.00572790722,76362.28583014329,True,9809.271744361604,12.845702086735448,
pm2,0.3999999999999999,2.5384730530365083,0.2850858196710996,76845.33836019629,76362.28583014329,True,9890.412734951064,12.951960025071589,
pm2,0.4249999999999999,2.5384730530365083,0.2834234368923805,76725.81981182465,76362.28583014329,True,9965.469052441327,13.050249798189716,
pm2,0.4499999999999999,2.5384730530365083,0.2820400409018457,76609.50772979115,76362.28583014329,True,10035.14232302519,13.14149021854439,
pm2,0.475,2.5384730530365083,0.2809315487543165,76495.54372809417,76362.28583014329,True,10100.022253990614,13.226453535527515,
pm2,0.4999999999999999,2.5384730530365083,0.2800983318968276,76383.12156897546,76362.28583014329,True,10160.609441961336,13.30579530393069,
pm2,0.525,2.5384730530365083,0.2795451228466282,76271.45948218247,76362.28583014329,False,10125.7013379812,13.260081502149292,
pm2,0.5499999999999999,2.5384730530365083,0.2792811314852804,76159.77430020738,76362.28583014329,False,10067.395725835218,13.183727564453301,
pm2,0.575,2.5384730530365083,0.2793203739207486,76047.25536961191,76362.28583014329,False,10005.068159330289,13.102106688614713,
pm2,0.6,2.5384730530365083,0.2796822384632341,75933.03617830899,76362.28583014329,False,9938.142434460286,13.014464308423435,
pm2,0.625,2.5384730530365083,0.280392338567394,75816.1613132388,76362.28583014329,False,9865.920767031908,12.919886642703705,
pm2,0.65,2.5384730530365083,0.2814837365697623,75695.5456546585,76362.28583014329,False,9787.549344963529,12.817255584431427,
pm2,0.675,2.5384730530365083,0.2829986722094428,75569.92144132582,76362.28583014329,False,9701.971135348078,12.705186899366385,
pm2,0.7,2.5384730530365083,0.2849910090462922,75437.76664926058,76362.28583014329,False,9607.859926155756,12.58194385056392,
pm2,0.725,2.5384730530365083,0.2875297433582808,75297.204328512,76362.28583014329,False,9503.525994133808,12.445313666058937,
pm2,0.75,2.5384730530365083,0.290704149124492,75145.8557778724,76362.28583014329,False,9386.777529244147,12.292426067658134,
pm2,0.775,2.5384730530365083,0.2946315516786043,74980.61789432303,76362.28583014329,False,9254.71053717107,12.119478138405674,
pm2,0.7999999999999999,2.5384730530365083,0.2994695321081731,74797.31055103996,76362.28583014329,False,9103.378065278104,11.921301158437338,
pm2,0.825,2.5384730530365083,0.3054360316523264,74590.0889567384,76362.28583014329,False,8927.245008929993,11.690646648251652,
pm2,0.85,2.5384730530365083,0.3128445354923268,74350.40155179812,76362.28583014329,False,8718.236825281341,11.416940614734584,
pm2,0.875,2.5384730530365083,0.3221706139543041,74064.99036368418,76362.28583014329,False,8463.954220551892,11.083945600291115,
pm2,0.9,2.5384730530365083,0.3341914263024761,73711.63127414482,76362.28583014329,False,8143.981616642198,10.66492644648864,
pm2,0.925,2.5384730530365083,0.35032373774016,73248.62272972235,76362.28583014329,False,7721.13822852931,10.111193168973294,
pm2,0.95,2.5384730530365083,0.3736476255719141,72582.23766983207,76362.28583014329,False,7115.89069490887,9.318593095467472,
pm2,0.05,3.46282127213683,0.3554526267052141,80904.85065644201,76380.43375055402,True,6591.096490803418,8.629299634941665,
pm2,0.075,3.46282127213683,0.340539242102518,80160.0172795243,76380.43375055402,True,7194.537140775246,9.419345750603389,
pm2,0.1,3.46282127213683,0.3298131406669944,79631.66168057735,76380.43375055402,True,7634.273102555853,9.995063824183218,
pm2,0.125,3.46282127213683,0.3214501646712798,79220.41960378324,76380.43375055402,True,7979.422508467111,10.446945790497342,
pm2,0.15,3.46282127213683,0.3146233084046363,78882.35855377105,76380.43375055402,True,8262.555641030645,10.817633830170168,
pm2,0.175,3.46282127213683,0.3088860600286223,78594.15732709842,76380.43375055402,True,8501.7568381908,11.13080460626362,
pm2,0.2,3.46282127213683,0.3039698928853324,78341.93368715359,76380.43375055402,True,8708.155656010773,11.401029332263525,
pm2,0.2249999999999999,3.46282127213683,0.2997011208380132,78116.73885627177,76380.43375055402,True,8889.107041168461,11.637937367832748,
pm2,0.25,3.46282127213683,0.295961469351067,77912.45128622917,76380.43375055402,True,9049.733135755532,11.848234804885342,
pm2,0.2749999999999999,3.46282127213683,0.2926673768760847,77724.68317985458,76380.43375055402,True,9193.747867968568,12.036784051258262,
pm2,0.3,3.46282127213683,0.2897582773801646,77550.16607847011,76380.43375055402,True,9323.931741508146,12.20722544200073,
pm2,0.3249999999999999,3.46282127213683,0.2871895744396291,77386.38338404975,76380.43375055402,True,9442.421458069352,12.362356423513845,
pm2,0.35,3.46282127213683,0.284928239331228,77231.33898142216,76380.43375055402,True,9550.894994749751,12.50437386352297,
pm2,0.3749999999999999,3.46282127213683,0.2829499627744321,77083.40497120647,76380.43375055402,True,9650.796865988334,12.635168972077661,
pm2,0.3999999999999999,3.46282127213683,0.2812372739260304,76941.21736692448,76380.43375055402,True,9743.373937484075,12.756374190416802,
pm2,0.4249999999999999,3.46282127213683,0.2797782908603222,76803.60181943035,76380.43375055402,True,9829.138682254425,12.868660466572868,
pm2,0.4499999999999999,3.46282127213683,0.2785659041535762,76669.51853663239,76380.43375055402,True,9908.871905587945,12.973050058800002,
pm2,0.475,3.46282127213683,0.2775972746625854,76538.0195414484,76380.43375055402,True,9983.228453961245,13.07040031556358,
pm2,0.4999999999999999,3.46282127213683,0.2768735753048724,76408.21369162727,76380.43375055402,True,10052.763182126911,13.161437672581945,
pm2,0.525,3.46282127213683,0.2763999387901253,76279.23619509749,76380.43375055402,False,10013.810908075182,13.110439960027783,
pm2,0.5499999999999999,3.46282127213683,0.2761855967800934,76150.22006696754,76380.43375055402,False,9946.612731534484,13.022461700097814,
pm2,0.575,3.46282127213683,0.2762442158596985,76020.26727654427,76380.43375055402,False,9874.873187065285,12.928537718592962,
pm2,0.6,3.46282127213683,0.2765944557478513,75888.41730143636,76380.43375055402,False,9797.95307216052,12.827831148693171,
pm2,0.625,3.46282127213683,0.2772607990438053,75753.61043603472,76380.43375055402,False,9715.077756618257,12.719327816788928,
pm2,0.65,3.46282127213683,0.2782747341771014,75614.6424055509,76380.43375055402,False,9625.298568354898,12.601785687404638,
pm2,0.675,3.46282127213683,0.2796764212781593,75470.10541134741,76380.43375055402,False,9527.439734658245,12.473665396786435,
pm2,0.7,3.46282127213683,0.2815170466654157,75318.30828015707,76380.43375055402,False,9420.02395900668,12.33303281540785,
pm2,0.725,3.46282127213683,0.2838621979897785,75157.16414082305,76380.43375055402,False,9301.217725742456,12.177487438888743,
pm2,0.75,3.46282127213683,0.2867968122075387,74984.02648805735,76380.43375055402,False,9168.841156818817,12.00417529280175,
pm2,0.775,3.46282127213683,0.2904326512055065,74795.44047164192,76380.43375055402,False,9019.564237089193,11.8087366020277,
pm2,0.7999999999999999,3.46282127213683,0.2949200377091011,74586.74889110435,76380.43375055402,False,8849.106497309725,11.585567222895666,
pm2,0.825,3.46282127213683,0.3004671858355259,74351.43551666889,76380.43375055402,False,8651.495147254107,11.326847364481424,
pm2,0.85,3.46282127213683,0.3073740251005963,74079.96061606487,76380.43375055402,False,8418.072648749596,11.021242267675042,
pm2,0.875,3.46282127213683,0.3160961588695477,73757.52697237606,76380.43375055402,False,8135.652436665733,10.651487609032754,
pm2,0.9,3.46282127213683,0.3273789379803904,73359.32268087883,76380.43375055402,False,7782.747986506489,10.189452460984535,
pm2,0.925,3.46282127213683,0.3425823253130747,72838.78838618715,76380.43375055402,False,7320.749921324075,9.58458804414812,
pm2,0.95,3.46282127213683,0.3646649737739559,72091.31293468218,76380.43375055402,False,6668.512152906786,8.730654992985578,
pm2,0.05,4.723757515731594,0.362131154295602,81819.74066094773,76394.23882939116,True,5995.66699437254,7.848323494344218,
pm2,0.075,4.723757515731594,0.3480352884390102,80938.26950766437,76394.23882939116,True,6636.170086658466,8.686741550601498,
pm2,0.1,4.723757515731594,0.3379698121882357,80312.05082364994,76394.23882939116,True,7111.863817344631,9.309424279005293,
pm2,0.125,4.723757515731594,0.330173502699721,79823.76148579839,76394.23882939116,True,7490.631079700876,9.805230334750066,
pm2,0.15,4.723757515731594,0.3238492259972157,79421.56734731955,76394.23882939116,True,7804.958095520397,10.21668415723202,
pm2,0.175,4.723757515731594,0.3185671277512965,79077.96711134503,76394.23882939116,True,8073.107002018105,10.567690870050448,
pm2,0.2,4.723757515731594,0.3140689147084713,78776.59668558081,76394.23882939116,True,8306.434849199037,10.87311684294615,
pm2,0.2249999999999999,4.723757515731594,0.3101875877810497,78506.91060419894,76394.23882939116,True,8512.515600143095,11.142876387778177,
pm2,0.25,4.723757515731594,0.3068094126361063,78261.696808636,76394.23882939116,True,8696.666817447796,11.383930189905795,
pm2,0.2749999999999999,4.723757515731594,0.3038539699207986,78035.78691721812,76394.23882939116,True,8862.772367605749,11.60136222758721,
pm2,0.3,4.723757515731594,0.3012628667877159,77825.3318159129,76394.23882939116,True,9013.75935005005,11.79900407173399,
pm2,0.3249999999999999,4.723757515731594,0.2989929687234564,77627.36857101857,76394.23882939116,True,9151.890827623893,11.979818069871108,
pm2,0.35,4.723757515731594,0.2970121569506167,77439.54788147497,76394.23882939116,True,9278.953955704575,12.146143607015931,
pm2,0.3749999999999999,4.723757515731594,0.2952965792372733,77259.95484727866,76394.23882939116,True,9396.385556074529,12.299861481778985,
pm2,0.3999999999999999,4.723757515731594,0.293828828752282,77086.98632881226,76394.23882939116,True,9505.92273575549,12.443245565918609,
pm2,0.4249999999999999,4.723757515731594,0.2925967271728298,76919.2637596841,76394.23882939116,True,9608.06088436104,12.576944324058804,
pm2,0.4499999999999999,4.723757515731594,0.2915925205394554,76755.56866033148,76394.23882939116,True,9703.28543230114,12.701593184233671,
pm2,0.475,4.723757515731594,0.2908123727705384,76594.79279304671,76394.23882939116,True,9792.334369128988,12.818158174201981,
pm2,0.4999999999999999,4.723757515731594,0.2902560884922267,76435.89759593176,76394.23882939116,True,9875.833629284532,12.927458641665268,
pm2,0.525,4.723757515731594,0.2899270275754965,76277.8790881939,76394.23882939116,False,9827.883177709327,12.864691537352222,
pm2,0.5499999999999999,4.723757515731594,0.2898321961626065,76119.73529354835,76394.23882939116,False,9745.946624376002,12.757436651919939,
pm2,0.575,4.723757515731594,0.2899825178049557,75960.43360518517,76394.23882939116,False,9658.643171700174,12.643156499367073,
pm2,0.6,4.723757515731594,0.2903933072233756,75798.87550822571,76394.23882939116,False,9565.25940371839,12.520917218744964,
pm2,0.625,4.723757515731594,0.2910849916474779,75633.85568285915,76394.23882939116,False,9464.93485505326,12.389592461534958,
pm2,0.65,4.723757515731594,0.2920841551385342,75464.01163787689,76394.23882939116,False,9356.62062055317,12.24780921169856,
pm2,0.675,4.723757515731594,0.2934250265421006,75287.75844466423,76394.23882939116,False,9239.022544449232,12.093873420327482,
pm2,0.7,4.723757515731594,0.2951516033365839,75103.20041114629,76394.23882939116,False,9110.666478044324,11.925855427908491,
pm2,0.725,4.723757515731594,0.2973207228275903,74908.0067948166,76394.23882939116,False,8970.063035000332,11.741805628868018,
pm2,0.75,4.723757515731594,0.3000065998456044,74699.23020433613,76394.23882939116,False,8814.303001907123,11.537915865084837,
pm2,0.775,4.723757515731594,0.3033077299961731,74473.03066642719,76394.23882939116,False,8640.093396896975,11.309875625821237,
pm2,0.7999999999999999,4.723757515731594,0.307357791157467,74224.2377459711,76394.23882939116,False,8443.0143188469,11.051899263899228,
pm2,0.825,4.723757515731594,0.312343686395348,73945.61953635198,76394.23882939116,False,8216.953935409987,10.755986395467136,
pm2,0.85,4.723757515731594,0.3185372329577516,73626.58454888819,76394.23882939116,False,7953.138350893792,10.410651997796958,
pm2,0.875,4.723757515731594,0.3263552497862897,73250.6887612503,76394.23882939116,False,7638.343619711173,9.998585936263654,
pm2,0.9,4.723757515731594,0.3364857782145144,72790.32375136572,76394.23882939116,False,7251.273614602647,9.491911596627972,
pm2,0.925,4.723757515731594,0.3501944596008828,72193.61406416392,76394.23882939116,False,6754.174426132077,8.841209140411701,
pm2,0.95,4.723757515731594,0.3702544026361224,71343.88687993374,76394.23882939116,False,6068.98312582112,7.944294254144985,
pm2,0.05,6.443845440992492,0.3689042598405874,82928.57027208377,76413.07650811745,True,5837.323905988499,7.6391688081926565,
pm2,0.075,6.443845440992492,0.354653579695107,81867.2287613183,76413.07650811745,True,6089.11972323306,7.968688085194693,
pm2,0.1,6.443845440992492,0.3446025693517829,81116.0470270312,76413.07650811745,True,6596.040462939661,8.632083361071002,
pm2,0.125,6.443845440992492,0.3369004869645786,80531.61571977209,76413.07650811745,True,7004.937948335264,9.16719790439418,
pm2,0.15,6.443845440992492,0.3307126464995215,80050.8397409342,76413.07650811745,True,7347.81541994891,9.615913605007572,
pm2,0.175,6.443845440992492,0.325590225173021,79640.35644626032,76413.07650811745,True,7642.88463780854,10.002063765874716,
pm2,0.2,6.443845440992492,0.3212641348097333,79280.37215563185,76413.07650811745,True,7901.585174495529,10.340619087174346,
pm2,0.2249999999999999,6.443845440992492,0.3175606734687353,78958.16493105757,76413.07650811745,True,8131.610853939224,10.641648295727753,
pm2,0.25,6.443845440992492,0.3143616400772282,78665.05562686975,76413.07650811745,True,8338.403034070361,10.912272368963661,
pm2,0.2749999999999999,6.443845440992492,0.3115834464229058,78394.83922933653,76413.07650811745,True,8525.961563008106,11.15772581424906,
pm2,0.3,6.443845440992492,0.3091653143207827,78142.90546418123,76413.07650811745,True,8697.318116815612,11.38197611490186,
pm2,0.3249999999999999,6.443845440992492,0.3070622062047096,77905.71402249642,76413.07650811745,True,8854.828504858902,11.58810626335434,
pm2,0.35,6.443845440992492,0.3052403956682887,77680.4649312625,76413.07650811745,True,9001.417048290039,11.779943250071618,
pm2,0.3749999999999999,6.443845440992492,0.3036745959494645,77464.88222152326,76413.07650811745,True,9138.711073582876,11.959616719020678,
pm2,0.3999999999999999,6.443845440992492,0.3023460542437989,77257.06624687467,76413.07650811745,True,9266.095769301312,12.126322080903213,
pm2,0.4249999999999999,6.443845440992492,0.3012412729093903,77055.38899595228,76413.07650811745,True,9384.73605770736,12.281583842145672,
pm2,0.4499999999999999,6.443845440992492,0.3003511570654557,76858.41694867783,76413.07650811745,True,9495.600928219856,12.42667009646069,
pm2,0.475,6.443845440992492,0.2996704679056847,76664.85173634777,76413.07650811745,True,9599.504934800889,12.56264683150288,
pm2,0.4999999999999999,6.443845440992492,0.2991975097445613,76473.48214823993,76413.07650811745,True,9697.139272630508,12.690418598183742,
pm2,0.525,6.443845440992492,0.2989340107121092,76283.14292474506,76413.07650811745,False,9633.160944929148,12.606691662134303,
pm2,0.5499999999999999,6.443845440992492,0.2988851801260789,76092.67682794337,76413.07650811745,False,9536.264976949677,12.479886182748611,
pm2,0.575,6.443845440992492,0.2990599449006659,75900.89695834764,76413.07650811745,False,9433.222501341475,12.34503691307256,
pm2,0.6,6.443845440992492,0.2994713866368767,75706.54630813676,76413.07650811745,False,9323.253182141994,12.201122645744508,
pm2,0.625,6.443845440992492,0.3001374239111113,75508.25111068969,76413.07650811745,False,9205.4185556275,12.046915235312635,
pm2,0.65,6.443845440992492,0.3010818153287116,75304.46355616914,76413.07650811745,False,9078.57780341532,11.880921719531726,
pm2,0.675,6.443845440992492,0.3023356051579934,75093.38763407338,76413.07650811745,False,8941.327100546505,11.701304945622308,
pm2,0.7,6.443845440992492,0.3039392067973377,74872.87872153684,76413.07650811745,False,8791.914719794822,11.505772469272124,
pm2,0.725,6.443845440992492,0.3059454419138048,74640.30206421932,76413.07650811745,False,8628.165071126972,11.291477146860318,
pm2,0.75,6.443845440992492,0.3084240673493422,74392.32551980288,76413.07650811745,False,8449.787296142995,11.058038338824593,
pm2,0.775,6.443845440992492,0.3114687147915834,74124.60376344752,76413.07650811745,False,8251.687444464373,10.798789711847013,
pm2,0.7999999999999999,6.443845440992492,0.3152079287487702,73831.27562832924,76413.07650811745,False,8029.349853713411,10.50782172454533,
pm2,0.825,6.443845440992492,0.3198235574562732,73504.1223071028,76413.07650811745,False,7776.5708071385325,10.177015718392674,
pm2,0.85,6.443845440992492,0.3255832496781868,73131.0678152862,76413.07650811745,False,7484.507801645457,9.794799717101261,
pm2,0.875,6.443845440992492,0.3329024080877676,72693.29053605803,76413.07650811745,False,7139.941112008052,9.343873376501948,
pm2,0.9,6.443845440992492,0.3424749439694518,72159.05149494826,76413.07650811745,False,6721.786378880942,8.796644090317288,
pm2,0.925,6.443845440992492,0.3555919445710405,71468.43332633816,76413.07650811745,False,6193.120775693223,8.104791821901479,
pm2,0.95,6.443845440992492,0.3751122223577718,70486.03777565676,76413.07650811745,False,5638.361770323024,7.378791730397158,
pm2,0.05,8.790278486800943,0.3732416571704374,84222.52150007697,76440.39928249821,True,5735.964769131589,7.5038393610862455,
pm2,0.075,8.790278486800943,0.3587757441068492,82947.71830912861,76440.39928249821,True,5835.030563871022,7.633438101633531,
pm2,0.1,8.790278486800943,0.3487440736037138,82050.42976930192,76440.39928249821,True,6113.722836905453,7.99802577471001,
pm2,0.125,8.790278486800943,0.3411692320429585,81354.6625336421,76440.39928249821,True,6544.962223313435,8.562176917895782,
pm2,0.15,8.790278486800943,0.3351648041736414,80783.45742721991,76440.39928249821,True,6910.170391783254,9.039945443306188,
pm2,0.175,8.790278486800943,0.3302566493280665,80296.31981333345,76440.39928249821,True,7227.113291506179,9.454572921312431,
pm2,0.2,8.790278486800943,0.3261618026884528,79869.324052104,76440.39928249821,True,7507.050308129428,9.820788978856424,
pm2,0.2249999999999999,8.790278486800943,0.3226983287878227,79487.14807613968,76440.39928249821,True,7757.610737560479,10.14857432768102,
pm2,0.25,8.790278486800943,0.3197428350458258,79139.3726842815,76440.39928249821,True,7984.224872246351,10.445032923937667,
pm2,0.2749999999999999,8.790278486800943,0.3172082886192428,78818.57079344323,76440.39928249821,True,8190.906698064719,10.715415899116199,
pm2,0.3,8.790278486800943,0.3150315157354849,78519.23922246862,76440.39928249821,True,8386.606882897551,10.971432595352425,
pm2,0.3249999999999999,8.790278486800943,0.3131657318311007,78237.16287670546,76440.39928249821,True,8567.185339365871,11.207666914067799,
pm2,0.35,8.790278486800943,0.311575869734487,77969.01635672759,76440.39928249821,True,8733.659896475796,11.425450388084844,
pm2,0.3749999999999999,8.790278486800943,0.3102355542519797,77712.10314528573,76440.39928249821,True,8887.882776254693,11.627206110486215,
pm2,0.3999999999999999,8.790278486800943,0.3091250940431804,77464.17802250659,76440.39928249821,True,9031.359333495557,11.814903399599816,
pm2,0.4249999999999999,8.790278486800943,0.3082301311300049,77223.32154414327,76440.39928249821,True,9165.329299033092,11.990164082164315,
pm2,0.4499999999999999,8.790278486800943,0.3075407353672988,76987.84785860665,76440.39928249821,True,9290.825530956932,12.154339352180962,
pm2,0.475,8.790278486800943,0.3070508156882816,76756.23409173412,76440.39928249821,True,9408.71736038945,12.308566476239838,
pm2,0.4999999999999999,8.790278486800943,0.306757771254704,76527.06352449523,76440.39928249821,True,9519.74314265751,12.453811377247932,
pm2,0.525,8.790278486800943,0.3066623390231226,76298.9771026937,76440.39928249821,False,9428.597572361694,12.334573943703177,
pm2,0.5499999999999999,8.790278486800943,0.3067686181718258,76070.62910834834,76440.39928249821,False,9315.672996553289,12.186845024351152,
pm2,0.575,8.790278486800943,0.307084271565648,75840.64342566016,76440.39928249821,False,9195.754565229216,12.029966681943636,
pm2,0.6,8.790278486800943,0.307620923836283,75607.56689710953,76440.39928249821,False,9067.996072458607,11.86283190246864,
pm2,0.625,8.790278486800943,0.3083947984135217,75369.81579958883,76440.39928249821,False,8931.384181761769,11.684115030266065,
pm2,0.65,8.790278486800943,0.3094276665678964,75125.6103582941,76440.39928249821,False,8784.692506483036,11.492211695569177,
pm2,0.675,8.790278486800943,0.3107482272215601,74872.89016365683,76440.39928249821,False,8626.41888090475,11.285156752026353,
pm2,0.7,8.790278486800943,0.3123941088978888,74609.1997768633,76440.39928249821,False,8454.697927732674,11.060509896719575,
pm2,0.725,8.790278486800943,0.3144148066037472,74331.52756277405,76440.39928249821,False,8267.176356657636,10.81519253465031,
pm2,0.75,8.790278486800943,0.3168760791139885,74036.06961391018,76440.39928249821,False,8060.909128338711,10.545351939552646,
pm2,0.775,8.790278486800943,0.319866722983739,73717.8698409244,76440.39928249821,False,7838.681503947156,10.254631814491187,
pm2,0.7999999999999999,8.790278486800943,0.3235093978212057,73370.24663198994,76440.39928249821,False,7591.361454805548,9.9310855595487,
pm2,0.825,8.790278486800943,0.3279787448304607,72983.83177412747,76440.39928249821,False,7312.885396468077,9.56678074043294,
pm2,0.85,8.790278486800943,0.3335335421899172,72544.85671034236,76440.39928249821,False,6994.693026996497,9.150518695155482,
pm2,0.875,8.790278486800943,0.3405782625365217,72031.84820492119,76440.39928249821,False,6624.118389269616,8.665729707649858,
pm2,0.9,8.790278486800943,0.3497935027140349,71408.56174154133,76440.39928249821,False,6181.190560943235,8.086287642349456,
pm2,0.925,8.790278486800943,0.3624550388947024,70606.49571307442,76440.39928249821,False,5643.754707700091,7.38320935091228,
pm2,0.95,8.790278486800943,0.3814090382819063,69470.67489116878,76440.39928249821,False,5510.774946201409,7.209244061946122,
pm2,0.05,11.991131162763333,0.3746455301280682,85717.40169386528,76482.0347511574,True,5620.527940317605,7.348821142905786,
pm2,0.075,11.991131162763333,0.3600475958741444,84194.39382748891,76482.0347511574,True,5738.97346072835,7.503688257511353,
pm2,0.1,11.991131162763333,0.350191844395345,83130.72210120443,76482.0347511574,True,5820.034897477064,7.609675810029348,
pm2,0.125,11.991131162763333,0.3429263704079662,82309.69723534225,76482.0347511574,True,6123.259041141855,8.006140345330174,
pm2,0.15,11.991131162763333,0.3372959829564921,81637.41951723376,76482.0347511574,True,6504.395734198342,8.504475273652302,
pm2,0.175,11.991131162763333,0.3327942951396105,81064.83768876888,76482.0347511574,True,6837.734073608624,8.940314017345296,
pm2,0.2,11.991131162763333,0.3291215725724193,80563.1459627664,76482.0347511574,True,7134.197429287473,9.32793884537638,
pm2,0.2249999999999999,11.991131162763333,0.326086559137249,80113.99258895661,76482.0347511574,True,7409.700310391974,9.688157924276256,
pm2,0.25,11.991131162763333,0.3235604521443428,79704.95412093183,76482.0347511574,True,7666.268267879633,10.023619655024437,
pm2,0.2749999999999999,11.991131162763333,0.3214529919937436,79327.20930555026,76482.0347511574,True,7898.87469672607,10.327751768668179,
pm2,0.3,11.991131162763333,0.3196990515331472,78974.24399008197,76482.0347511574,True,8111.415963014906,10.60564875059389,
pm2,0.3249999999999999,11.991131162763333,0.3182506571653605,78641.08316664465,76482.0347511574,True,8306.899764703645,10.861243155639158,
pm2,0.35,11.991131162763333,0.3170720178345196,78323.8114689397,76482.0347511574,True,8487.6960310837,11.09763365828242,
pm2,0.3749999999999999,11.991131162763333,0.3161363158744709,78019.26029870517,76482.0347511574,True,8655.705019586174,11.31730483864407,
pm2,0.3999999999999999,11.991131162763333,0.3154235811056985,77724.79547714465,76482.0347511574,True,8812.473400038856,11.52227896225721,
pm2,0.4249999999999999,11.991131162763333,0.31491926116359,77438.16763139825,76482.0347511574,True,8959.276527248596,11.71422355118895,
pm2,0.4499999999999999,11.991131162763333,0.3146132594870015,77157.40268239476,76482.0347511574,True,9097.178076722155,11.894529357542348,
pm2,0.475,11.991131162763333,0.3144993030257781,76880.71825444538,76482.0347511574,True,9227.07413260761,12.064368008289655,
pm2,0.4999999999999999,11.991131162763333,0.3145745563822101,76606.45668041776,76482.0347511574,True,9349.726355263932,12.224735371756626,
pm2,0.525,11.991131162763333,0.3148394342452981,76333.02808901851,76482.0347511574,False,9218.371309060783,12.052989096137093,
pm2,0.5499999999999999,11.991131162763333,0.3152975887002497,76058.85863924674,76482.0347511574,False,9087.77529846438,11.88223525698871,
pm2,0.575,11.991131162763333,0.3159560678252963,75782.33972443214,76482.0347511574,False,8949.197572333886,11.701045351958891,
pm2,0.6,11.991131162763333,0.3168256608716902,75501.77408949392,76482.0347511574,False,8801.728270081861,11.508229741427826,
pm2,0.625,11.991131162763333,0.3179214668741108,75215.31431606688,76482.0347511574,False,8644.284894748193,11.302373064306293,
pm2,0.65,11.991131162763333,0.3192637521182449,74920.8879062453,76482.0347511574,False,8475.566571604148,11.081774431316221,
pm2,0.675,11.991131162763333,0.3208792040010445,74616.10091397369,76482.0347511574,False,8293.992076619763,10.844366397422828,
pm2,0.7,11.991131162763333,0.3228027554624862,74298.10808269533,76482.0347511574,False,8097.61422360505,10.587603023313276,
pm2,0.725,11.991131162763333,0.3250802654739204,73963.43048271297,76482.0347511574,False,7883.998927162748,10.308301750619208,
pm2,0.75,11.991131162763333,0.327772536069247,73607.68918973778,76482.0347511574,False,7650.981619092551,10.003632413789528,
pm2,0.775,11.991131162763333,0.3309615051367556,73225.20040646686,76482.0347511574,False,7404.946594796828,9.681942457322988,
pm2,0.7999999999999999,11.991131162763333,0.3347601510970625,72808.3322074056,76482.0347511574,False,7133.660095402017,9.32723628315088,
pm2,0.825,11.991131162763333,0.3393290889374335,72346.42901463219,76482.0347511574,False,6831.468190461824,8.93212139646748,
pm2,0.85,11.991131162763333,0.3449060680923379,71823.8984695255,76482.0347511574,False,6490.481347148883,8.4862822599665,
pm2,0.875,11.991131162763333,0.3518625571935906,71216.5312974238,76482.0347511574,False,6099.163280062006,7.974635219769318,
pm2,0.9,11.991131162763333,0.3608239560892129,70483.6487474069,76482.0347511574,False,5639.539117674422,7.373678192562836,
pm2,0.925,11.991131162763333,0.3729646577591821,69548.71467196249,76482.0347511574,False,5508.467966154493,7.202303108274894,
pm2,0.95,11.991131162763333,0.3909138396513585,68239.35680073539,76482.0347511574,False,5355.595218627723,7.002422511446947,
pm2,0.05,16.357528009891592,0.3786729957969328,87602.23144486497,76534.07998753565,True,5474.941446195146,7.1535993469664705,
pm2,0.075,16.357528009891592,0.3641847458470215,85771.8417818082,76534.07998753565,True,5617.376816169331,7.3397064642106855,
pm2,0.1,16.357528009891592,0.3544425891507123,84496.5893288699,76534.07998753565,True,5714.63229228604,7.46678119501368,
pm2,0.125,16.357528009891592,0.3472898549006408,83513.82663957929,76534.07998753565,True,5787.949628771826,7.562578173951334,
pm2,0.15,16.357528009891592,0.3417703309709712,82710.0293385974,76534.07998753565,True,6113.609878029293,7.988088285669544,
pm2,0.175,16.357528009891592,0.337377638276416,82026.00831179654,76534.07998753565,True,6466.137505593507,8.44870351436456,
pm2,0.2,16.357528009891592,0.3338123748347362,81427.0576974666,76534.07998753565,True,6808.152134308226,8.895582380316068,
pm2,0.2249999999999999,16.357528009891592,0.3308837194607146,80891.09532740395,76534.07998753565,True,7113.125301196118,9.29406259584562,
pm2,0.25,16.357528009891592,0.328463330922505,80403.18893230503,76534.07998753565,True,7388.066470289285,9.653302778961354,
pm2,0.2749999999999999,16.357528009891592,0.3264614125350428,79952.74616997586,76534.07998753565,True,7638.14310730897,9.980054778933672,
pm2,0.3,16.357528009891592,0.3248132959007127,79531.95179299577,76534.07998753565,True,7867.275460434062,10.279440821285535,
pm2,0.3249999999999999,16.357528009891592,0.3234714643145771,79134.84180554897,76534.07998753565,True,8078.508577952878,10.55543958883225,
pm2,0.35,16.357528009891592,0.3224005874896614,78756.72587393237,76534.07998753565,True,8274.254907378006,10.811203203495163,
pm2,0.3749999999999999,16.357528009891592,0.321574319853453,78393.81075459886,76534.07998753565,True,8456.45808877315,11.049271239884728,
pm2,0.3999999999999999,16.357528009891592,0.3209731832216491,78042.94491012252,76534.07998753565,True,8626.706840014696,11.271719528633053,
pm2,0.4249999999999999,16.357528009891592,0.3205831467823021,77701.4387122207,76534.07998753565,True,8786.316164165733,11.48026626255477,
pm2,0.4499999999999999,16.357528009891592,0.3203946760542348,77366.93294067784,76534.07998753565,True,8936.386539121713,11.676349334279701,
pm2,0.475,16.357528009891592,0.320402113310726,77037.29849444868,76534.07998753565,True,9077.847898978507,11.861183802636587,
pm2,0.4999999999999999,16.357528009891592,0.320603306803283,76710.55608931714,76534.07998753565,True,9211.492880308617,12.035805332485607,
pm2,0.525,16.357528009891592,0.3209994414894332,76384.80811159033,76534.07998753565,False,9028.815527474975,11.797117740156295,
pm2,0.5499999999999999,16.357528009891592,0.3215950489972775,76058.17670483282,76534.07998753565,False,8882.778742785156,11.606304987571297,
pm2,0.575,16.357528009891592,0.3223981948260406,75728.74308642386,76534.07998753565,False,8727.91367258947,11.403957131268708,
pm2,0.6,16.357528009891592,0.3234208603093232,75394.48324786127,76534.07998753565,False,8563.246027526024,11.188801157498249,
pm2,0.625,16.357528009891592,0.3246795593891157,75053.19462137173,76534.07998753565,False,8387.620889004678,10.95932804101217,
pm2,0.65,16.357528009891592,0.3261962603227645,74702.40685004588,76534.07998753565,False,8199.656111432616,10.713731860065495,
pm2,0.675,16.357528009891592,0.3279997269139634,74339.26709880348,76534.07998753565,False,7997.679635117493,10.449827888987489,
pm2,0.7,16.357528009891592,0.3301274643348152,73960.38562068177,76534.07998753565,False,7779.643572118997,10.164940342114248,
pm2,0.725,16.357528009891592,0.3326285723396617,73561.6190528692,76534.07998753565,False,7543.003937890424,9.855745230254128,
pm2,0.75,16.357528009891592,0.3355680148612737,73137.75419641408,76534.07998753565,False,7284.548140151045,9.51804495636115,
pm2,0.775,16.357528009891592,0.3390331940593898,72682.02770344712,76534.07998753565,False,7006.577235177782,9.154846097736948,
pm2,0.7999999999999999,16.357528009891592,0.3431444527731272,72185.36374198711,76534.07998753565,False,6715.4828103818245,8.774499950186256,
pm2,0.825,16.357528009891592,0.3480726521373306,71635.10085418966,76534.07998753565,False,6393.788960342034,8.354172365282666,
pm2,0.85,16.357528009891592,0.3540703770978459,71012.73040559496,76534.07998753565,False,6034.128122456644,7.884236830754826,
pm2,0.875,16.357528009891592,0.3615317215100873,70289.55328833459,76534.07998753565,False,5625.853081990355,7.350781616381333,
pm2,0.9,16.357528009891592,0.3711191286151319,69417.4305143751,76534.07998753565,False,5475.766663989758,7.154677582694588,
pm2,0.925,16.357528009891592,0.3840742773945501,68306.00198669046,76534.07998753565,False,5349.188398745654,6.989289476814543,
pm2,0.95,16.357528009891592,0.4031709923880881,66752.43332452391,76534.07998753565,False,5167.988181770175,6.752531921219716,
pm2,0.05,22.313885067430725,0.3881005781178234,90099.83658887864,76590.71666028489,True,5280.0968586730705,6.893912328948079,
pm2,0.075,22.313885067430725,0.3741559326560729,87876.0811935582,76590.71666028489,True,5453.175925703924,7.119891500547347,
pm2,0.1,22.313885067430725,0.3644800967131595,86317.15365382026,76590.71666028489,True,5572.16519908603,7.275248805675954,
pm2,0.125,22.313885067430725,0.3571789806734058,85111.90194438753,76590.71666028489,True,5662.226135591188,7.39283608052105,
pm2,0.15,22.313885067430725,0.3514023563942252,84124.77594299991,76590.71666028489,True,5742.630182850724,7.497814922299179,
pm2,0.175,22.313885067430725,0.3466949852723624,83284.6410947294,76590.71666028489,True,6117.3603472367295,7.987078087243969,
pm2,0.2,22.313885067430725,0.3427850547072327,82549.55472717827,76590.71666028489,True,6485.605467683609,8.46787411123238,
pm2,0.2249999999999999,22.313885067430725,0.3394978438114776,81892.70146875086,76590.71666028489,True,6816.067328453271,8.899338752352547,
pm2,0.25,22.313885067430725,0.3367150017138469,81295.87246379854,76590.71666028489,True,7115.400784216597,9.290160863459048,
pm2,0.2749999999999999,22.313885067430725,0.3343532731827128,80746.10424465095,76590.71666028489,True,7388.599063481352,9.646859809724972,
pm2,0.3,22.313885067430725,0.3323525071818894,80233.80232962397,76590.71666028489,True,7639.509034799897,9.974458221463884,
pm2,0.3249999999999999,22.313885067430725,0.3306684941007315,79751.62571981816,76590.71666028489,True,7871.1596017758275,10.276910760200936,
pm2,0.35,22.313885067430725,0.329268492723394,79293.7886818341,76590.71666028489,True,8085.97948386353,10.557388462270922,
pm2,0.3749999999999999,22.313885067430725,0.3281283435284111,78855.60407307369,76590.71666028489,True,8285.946501451426,10.81847365158289,
pm2,0.3999999999999999,22.313885067430725,0.3272305658493621,78433.17264923603,76590.71666028489,True,8472.692817584431,11.062297347555484,
pm2,0.4249999999999999,22.313885067430725,0.3265630951176632,78023.16361008109,76590.71666028489,True,8647.580939715097,11.290638496139293,
pm2,0.4499999999999999,22.313885067430725,0.3261184578835474,77622.6535201082,76590.71666028489,True,8811.75976996097,11.50499715134562,
pm2,0.475,22.313885067430725,0.3258932640547968,77229.00295892474,76590.71666028489,True,8966.206715928492,11.706649456875759,
pm2,0.4999999999999999,22.313885067430725,0.3258879459761454,76839.7572723941,76590.71666028489,True,9111.759861910492,11.896689650163928,
pm2,0.525,22.313885067430725,0.3261067073053822,76452.5618549487,76590.71666028489,False,8869.239002884598,11.58004440959047,
pm2,0.5499999999999999,22.313885067430725,0.3265576694276437,76065.0846560151,76590.71666028489,False,8711.204461931025,11.373707992013223,
pm2,0.575,22.313885067430725,0.3272532246746084,75674.93966072166,76590.71666028489,False,8543.539311566663,11.154797453405738,
pm2,0.6,22.313885067430725,0.3282106279887768,75279.60520669099,76590.71666028489,False,8365.153468743723,10.921889536361219,
pm2,0.625,22.313885067430725,0.3294528860724343,74876.33018993416,76590.71666028489,False,8174.75337975776,10.67329532378781,
pm2,0.65,22.313885067430725,0.3310100409602332,74462.01928324439,76590.71666028489,False,7970.79001775004,10.40699234230196,
pm2,0.675,22.313885067430725,0.3329210018635715,74033.0847394272,76590.71666028489,False,7751.389431677477,10.120533884097808,
pm2,0.7,22.313885067430725,0.3352361696808844,73585.24618024481,76590.71666028489,False,7514.258448836235,9.810925888271072,
pm2,0.725,22.313885067430725,0.3380212496000954,73113.24904685201,76590.71666028489,False,7256.55424609028,9.474456647633213,
pm2,0.75,22.313885067430725,0.3413629107948414,72610.45328665896,76590.71666028489,False,6974.700112480112,9.106456260771289,
pm2,0.775,22.313885067430725,0.3453774349614135,72068.20848611154,76590.71666028489,False,6664.118856873579,8.700948558076583,
pm2,0.7999999999999999,22.313885067430725,0.3502244294259805,71474.86279491126,76590.71666028489,False,6336.904754587475,8.273724324443348,
pm2,0.825,22.313885067430725,0.3561296077299243,70814.1102580653,76590.71666028489,False,5998.021964236417,7.831264970192677,
pm2,0.85,22.313885067430725,0.3634249386670899,70062.06161173232,76590.71666028489,False,5621.576122536482,7.3397617461535996,
pm2,0.875,22.313885067430725,0.3726250269900465,69181.6350365519,76590.71666028489,False,5424.187175296567,7.082042591865717,
pm2,0.9,22.313885067430725,0.384588040866835,68110.65413522221,76590.71666028489,False,5304.952067686306,6.926364315425083,
pm2,0.925,22.313885067430725,0.400907265249066,66732.66909324775,76590.71666028489,False,5147.626197533373,6.720953167686714,
pm2,0.95,22.313885067430725,0.4251012460530767,64787.538584467606,76590.71666028489,False,4920.36365282779,6.424229811886825,
pm2,0.05,30.43916333210104,0.3945516686067791,93073.58736732666,76668.10409122027,True,5050.118602230706,6.586987720763301,
pm2,0.075,30.43916333210104,0.3815383475508188,90392.85856049968,76668.10409122027,True,5258.560957005396,6.8588639556662585,
pm2,0.1,30.43916333210104,0.3722923344720751,88503.87627562386,76668.10409122027,True,5402.750792226745,7.046934127650414,
pm2,0.125,30.43916333210104,0.3651578160348747,87038.55347898441,76668.10409122027,True,5512.33555594637,7.18986809610911,
pm2,0.15,30.43916333210104,0.3593885506325577,85835.91894493501,76668.10409122027,True,5600.307437002384,7.3046118765883365,
pm2,0.175,30.43916333210104,0.3545838014604447,84811.22194854025,76668.10409122027,True,5842.667649704287,7.620727966290438,
pm2,0.2,30.43916333210104,0.3505038763405328,83914.34925448819,76668.10409122027,True,6232.425067452474,8.129097675399784,
pm2,0.2249999999999999,30.43916333210104,0.3469946676410126,83113.18143049668,76668.10409122027,True,6584.78149869678,8.588684403702167,
pm2,0.25,30.43916333210104,0.3439519906542514,82385.85960363218,76668.10409122027,True,6905.821574536158,9.00742447774574,
pm2,0.2749999999999999,30.43916333210104,0.3413029309824474,81716.79133800056,76668.10409122027,True,7200.173763043236,9.391354916610975,
pm2,0.3,30.43916333210104,0.3389953320687191,81094.41652352884,76668.10409122027,True,7471.447004402991,9.745182945326793,
pm2,0.3249999999999999,30.43916333210104,0.3369915307340378,80509.87661338763,76668.10409122027,True,7722.512803678557,10.072653935057865,
pm2,0.35,30.43916333210104,0.3352644701773349,79956.17990461856,76668.10409122027,True,7955.694598664139,10.376798400020945,
pm2,0.3749999999999999,30.43916333210104,0.3337952259155745,79427.65421086294,76668.10409122027,True,8172.898995055148,10.660103170584437,
pm2,0.3999999999999999,30.43916333210104,0.3325714196771241,78919.57326868738,76668.10409122027,True,8375.709192604683,10.924633251187748,
pm2,0.4249999999999999,30.43916333210104,0.331586224336494,78427.89161166827,76668.10409122027,True,8565.45304275771,11.172120589504173,
pm2,0.4499999999999999,30.43916333210104,0.3308377888746253,77949.04859012367,76668.10409122027,True,8743.253625986286,11.404030045641274,
pm2,0.475,30.43916333210104,0.3303289864659771,77479.81667929143,76668.10409122027,True,8910.067508494163,11.621609291254808,
pm2,0.4999999999999999,30.43916333210104,0.3300674359876005,77017.17748197033,76668.10409122027,True,9066.714151199434,11.82592716837212,11.8
pm2,0.525,30.43916333210104,0.3300657806762015,76558.21354454773,76668.10409122027,False,8755.475366538474,11.419971147481549,
pm2,0.5499999999999999,30.43916333210104,0.3303422349758347,76100.00663003256,76668.10409122027,False,8587.735014799335,11.201183486396879,
pm2,0.575,30.43916333210104,0.3309214369564114,75639.53410939008,76668.10409122027,False,8409.330078087969,10.968485757887645,
pm2,0.6,30.43916333210104,0.3318356733118647,75173.55492186018,76668.10409122027,False,8218.923906454824,10.720134538185382,
pm2,0.625,30.43916333210104,0.333126581426563,74698.47510393905,76668.10409122027,False,8014.910481511439,10.454035059971277,
pm2,0.65,30.43916333210104,0.3348474843612735,74210.17989850667,76668.10409122027,False,7795.344653547487,10.167650219017451,
pm2,0.675,30.43916333210104,0.3370665891153794,73703.81425379001,76668.10409122027,False,7557.850732860728,9.85788134772231,
pm2,0.7,30.43916333210104,0.3398713919428555,73173.48480478536,76668.10409122027,False,7299.501951319838,9.52091099400976,
pm2,0.725,30.43916333210104,0.3433748160503562,72611.8417303121,76668.10409122027,False,7016.660629948094,9.151994448173152,
pm2,0.75,30.43916333210104,0.3477239150121997,72009.47337056966,76668.10409122027,False,6704.765309817115,8.745182092724944,
pm2,0.775,30.43916333210104,0.3531125343766613,71354.00022474531,76668.10409122027,False,6358.046415114684,8.292948535090726,
pm2,0.7999999999999999,30.43916333210104,0.3598004178123026,70628.66607382306,76668.10409122027,False,5993.308989045008,7.817212985877576,
pm2,0.825,30.43916333210104,0.3681435576846424,69810.04089232479,76668.10409122027,False,5637.878711476562,7.3536169679748085,
pm2,0.85,30.43916333210104,0.3786458922384768,68864.0405529272,76668.10409122027,False,5353.047811181407,6.9821053678493366,
pm2,0.875,30.43916333210104,0.3920557376380656,67738.45640421603,76668.10409122027,False,5229.855929408686,6.8214233172978505,
pm2,0.9,30.43916333210104,0.4095676570664787,66347.35630964985,76668.10409122027,False,5073.665433010585,6.6177004024697155,
pm2,0.925,30.43916333210104,0.4333140386184483,64533.321220547696,76668.10409122027,False,4865.299093286357,6.345923315773648,
pm2,0.95,30.43916333210104,0.4678607228010686,61953.085519101856,76668.10409122027,False,4562.821602431496,5.95139485515726,
pm2,0.05,41.52314406739971,0.3992145229953391,96679.93345843905,76773.67103498534,True,4776.271647787997,6.221236503867941,
pm2,0.075,41.52314406739971,0.386860658822645,93429.64802766964,76773.67103498534,True,5027.145522764141,6.548007220435373,
pm2,0.1,41.52314406739971,0.3779166418001277,91134.8192402772,76773.67103498534,True,5201.755305180914,6.7754416781900435,
pm2,0.125,41.52314406739971,0.3708978054245382,89352.91501769506,76773.67103498534,True,5334.8885098205665,6.9488516543509915,
pm2,0.15,41.52314406739971,0.3651320092848112,87890.01032883568,76773.67103498534,True,5441.956191240853,7.088310507857548,
pm2,0.175,41.52314406739971,0.3602570998492987,86643.83001886643,76773.67103498534,True,5660.259818800308,7.372657504186505,
pm2,0.2,41.52314406739971,0.3560559955707721,85553.81141028069,76773.67103498534,True,6069.51720182809,7.9057274714169194,
pm2,0.2249999999999999,41.52314406739971,0.3523890296201393,84581.09071538734,76773.67103498534,True,6441.677237052605,8.390477034916266,
pm2,0.25,41.52314406739971,0.3491619037090012,83699.19310474808,76773.67103498534,True,6782.329938743973,8.834187355263111,
pm2,0.2749999999999999,41.52314406739971,0.3463089019731929,82889.21901973462,76773.67103498534,True,7095.7774502590755,9.242462102698683,
pm2,0.3,41.52314406739971,0.3437834283795899,82137.1488475913,76773.67103498534,True,7385.407877953483,9.619714386964763,
pm2,0.3249999999999999,41.52314406739971,0.3415523787098558,81432.23578035548,76773.67103498534,True,7653.939730124484,9.969485146329172,
pm2,0.35,41.52314406739971,0.3395926685149078,80765.99663704795,76773.67103498534,True,7903.587748156569,10.29465914760667,
pm2,0.3749999999999999,41.52314406739971,0.3378890515669407,80131.54930555429,76773.67103498534,True,8136.17888813681,10.597616055677731,
pm2,0.3999999999999999,41.52314406739971,0.3364327589361266,79523.15975660516,76773.67103498534,True,8353.235530951553,10.880338817125248,
pm2,0.4249999999999999,41.52314406739971,0.3352206950194207,78935.9198342625,76773.67103498534,True,8556.036477971278,11.144493108936187,
pm2,0.4499999999999999,41.52314406739971,0.3342550416020377,78365.5082593572,76773.67103498534,True,8745.662488950567,11.391486652976667,
pm2,0.475,41.52314406739971,0.3335431896405836,77808.00468380823,76773.67103498534,True,8923.0308236161,11.622514207442189,
pm2,0.4999999999999999,41.52314406739971,0.3330979633762628,77259.73655056774,76773.67103498534,True,9088.921823399383,11.83859219035861,
pm2,0.525,41.52314406739971,0.3329381346256602,76717.14413325884,76773.67103498534,False,8699.619672309002,11.331514508853736,
pm2,0.5499999999999999,41.52314406739971,0.3330892537670778,76176.65208617144,76773.67103498534,False,8523.74152854089,11.102427972548908,
pm2,0.575,41.52314406739971,0.3335848529551038,75634.53694327184,76773.67103498534,False,8336.096438631936,10.858014637379034,
pm2,0.6,41.52314406739971,0.334468110659609,75086.77959353715,76773.67103498534,False,8135.1312475880595,10.596251472566586,
pm2,0.625,41.52314406739971,0.3357941092859015,74528.88981031087,76773.67103498534,False,7918.971818277685,10.314697358511166,
pm2,0.65,41.52314406739971,0.3376328753823024,73955.68606990507,76773.67103498534,False,7685.342060215611,10.010387619361648,
pm2,0.675,41.52314406739971,0.3400734739204202,73361.00736554683,76773.67103498534,False,7431.460380413776,9.679699147155931,
pm2,0.7,41.52314406739971,0.3432295499972295,72737.3229985445,76773.67103498534,False,7153.907719134443,9.318178514447284,
pm2,0.725,41.52314406739971,0.3472469027066215,72075.18857207858,76773.67103498534,False,6848.460799140532,8.920324776471515,
pm2,0.75,41.52314406739971,0.3523139981299676,71362.46608105167,76773.67103498534,False,6509.884862676635,8.479319504873118,
pm2,0.775,41.52314406739971,0.3586769172697595,70583.17160265917,76773.67103498534,False,6131.683690746014,7.98670118034585,
pm2,0.7999999999999999,41.52314406739971,0.3666614086647813,69715.7102135441,76773.67103498534,False,5768.532233914362,7.513685559318472,
pm2,0.825,41.52314406739971,0.3767072567428421,68730.04385833057,76773.67103498534,False,5408.329078452049,7.0445101888999195,
pm2,0.85,41.52314406739971,0.3894261157433235,67582.85808312955,76773.67103498534,False,5172.270111822276,6.737036333022685,
pm2,0.875,41.52314406739971,0.405709001836422,66208.6061309473,76773.67103498534,False,5021.347503564555,6.540455127222398,
pm2,0.9,41.52314406739971,0.4269519791038501,64500.99108970946,76773.67103498534,False,4829.145047888113,6.290105686997172,
pm2,0.925,41.52314406739971,0.4556084322324124,62268.49363556627,76773.67103498534,False,4572.390998986952,5.955675868232663,
pm2,0.95,41.52314406739971,0.4968742028856088,59100.869308996975,76773.67103498534,False,4201.083275864709,5.472036466707837,
pm2,0.05,56.643195952226634,0.4091929992546639,101590.74615906282,76923.82347516104,True,4421.6669813031,5.7481112892560144,
pm2,0.075,56.643195952226634,0.3955140437979828,97440.69949965326,76923.82347516104,True,4732.033394487202,6.151583710624045,
pm2,0.1,56.643195952226634,0.3860655858249255,94564.90268740695,76923.82347516104,True,4946.918161104029,6.430931196109103,
pm2,0.125,56.643195952226634,0.3789613669986633,92359.7532640696,76923.82347516104,True,5109.818861579168,6.642700051472539,
pm2,0.15,56.643195952226634,0.3733585045307229,90565.23869011618,76923.82347516104,True,5240.148785065548,6.812127307683307,
pm2,0.175,56.643195952226634,0.3688076614071894,89046.0526433375,76923.82347516104,True,5545.489970921971,7.209066996926677,
pm2,0.2,56.643195952226634,0.3650417835562493,87722.95528614594,76923.82347516104,True,5901.484545947166,7.6718554530155085,
pm2,0.2249999999999999,56.643195952226634,0.3618901133895946,86545.57709910246,76923.82347516104,True,6282.989619462979,8.167807235286187,
pm2,0.25,56.643195952226634,0.3592377355862101,85479.88887723947,76923.82347516104,True,6631.970676542536,8.621478206532494,
pm2,0.2749999999999999,56.643195952226634,0.3570045000951174,84501.77739862811,76923.82347516104,True,6952.898788137092,9.038680702581308,
pm2,0.3,56.643195952226634,0.3551331807335827,83593.47550892917,76923.82347516104,True,7249.305678522795,9.424005920433244,
pm2,0.3249999999999999,56.643195952226634,0.3535824332492843,82741.4486052141,76923.82347516104,True,7524.030784027119,9.781145091489964,
pm2,0.35,56.643195952226634,0.3523224269133499,81935.07675234522,76923.82347516104,True,7779.390769754258,10.113109851158464,
pm2,0.3749999999999999,56.643195952226634,0.3513320557861908,81165.79578949157,76923.82347516104,True,8017.299163491922,10.422387761420534,
pm2,0.3999999999999999,56.643195952226634,0.3505971347815886,80426.51502042975,76923.82347516104,True,8239.352840596213,10.711054740091967,
pm2,0.4249999999999999,56.643195952226634,0.3501092434949184,79711.20733005316,76923.82347516104,True,8446.895858464006,10.980858044831244,
pm2,0.4499999999999999,56.643195952226634,0.34986502223011,79014.60939046978,76923.82347516104,True,8641.06744064665,11.233278651881987,
pm2,0.475,56.643195952226634,0.3498658071198328,78331.99291130909,76923.82347516104,True,8822.838644030013,11.469578922944379,
pm2,0.4999999999999999,56.643195952226634,0.3501175428505677,77658.98123535716,76923.82347516104,True,8993.04081622018,11.69083959941755,
pm2,0.525,56.643195952226634,0.3506309470818868,76991.39329348033,76923.82347516104,True,9152.388036197604,11.897988974966825,
pm2,0.5499999999999999,56.643195952226634,0.3514219286794325,76325.10123930534,76923.82347516104,False,8333.37010261713,10.833275994540237,
pm2,0.575,56.643195952226634,0.3525122879485876,75655.89012562981,76923.82347516104,False,8122.110408295621,10.55864105730298,
pm2,0.6,56.643195952226634,0.3539307557005064,74979.30827856147,76923.82347516104,False,7896.874147965038,10.265836760590771,
pm2,0.625,56.643195952226634,0.3557144639929589,74290.49566285063,76923.82347516104,False,7656.10294081933,9.95283722901724,
pm2,0.65,56.643195952226634,0.3579109911141527,73583.9742154039,76923.82347516104,False,7397.946655806254,9.617237315556832,
pm2,0.675,56.643195952226634,0.3605811966416265,72853.37806691491,76923.82347516104,False,7120.195081131616,9.25616377276248,
pm2,0.7,56.643195952226634,0.3638031760033233,72091.09120361178,76923.82347516104,False,6820.191228725769,8.866162549665814,
pm2,0.725,56.643195952226634,0.3676778488236413,71287.74242957299,76923.82347516104,False,6525.574791923525,8.483164898882924,
pm2,0.75,56.643195952226634,0.3723370123001265,70431.47656709257,76923.82347516104,False,6235.97851747275,8.106693395819526,
pm2,0.775,56.643195952226634,0.3779552674427581,69506.86454169295,76923.82347516104,False,5927.269152041661,7.70537511562409,
pm2,0.7999999999999999,56.643195952226634,0.3847683467707829,68493.20686291473,76923.82347516104,False,5596.43538703865,7.275295395120028,
pm2,0.825,56.643195952226634,0.3931027149570073,67361.76303151184,76923.82347516104,False,5239.573377330713,6.811379284887716,
pm2,0.85,56.643195952226634,0.4034266200652782,66070.9457691555,76923.82347516104,False,4955.2641006129725,6.441780812173285,
pm2,0.875,56.643195952226634,0.4164459646006257,64557.30870500818,76923.82347516104,False,4792.558720025189,6.230265870199136,
pm2,0.9,56.643195952226634,0.4333053237412496,62716.795479594955,76923.82347516104,False,4589.051622556102,5.965709211058551,
pm2,0.925,56.643195952226634,0.4560770068555902,60359.650669711606,76923.82347516104,False,4321.666695514093,5.6181121793946875,
pm2,0.95,56.643195952226634,0.4892482715232772,57075.25334825398,76923.82347516104,False,3940.5407588012304,5.122653270184424,
pm2,0.05,77.26899587551549,0.4252385340568865,108474.1822471232,77134.4257460737,True,3986.165310290242,5.16781614918958,
pm2,0.075,77.26899587551549,0.4093545072274318,102967.80343262332,77134.4257460737,True,4361.802568280413,5.6548065615208625,
pm2,0.1,77.26899587551549,0.3984823895328648,99218.16819454952,77134.4257460737,True,4625.354185654637,5.996484891041115,
pm2,0.125,77.26899587551549,0.3903880525208232,96380.70556322463,77134.4257460737,True,4826.226624321011,6.256903552000159,
pm2,0.15,77.26899587551549,0.384072240862038,94095.94857409855,77134.4257460737,True,5137.167076165462,6.660018566906819,
pm2,0.175,77.26899587551549,0.3790017754557585,92178.59135344852,77134.4257460737,True,5524.681735138126,7.162407293113663,
pm2,0.2,77.26899587551549,0.3748594292034368,90520.96802674612,77134.4257460737,True,5881.036498302187,7.624399146578911,
pm2,0.2249999999999999,77.26899587551549,0.3714420605829794,89055.11290150225,77134.4257460737,True,6211.642526657682,8.053009362001852,
pm2,0.25,77.26899587551549,0.3686126582406195,87735.39657858771,77134.4257460737,True,6536.575711113075,8.474265087072098,
pm2,0.2749999999999999,77.26899587551549,0.3662753359604646,86529.67471509801,77134.4257460737,True,6876.674650938635,8.91518227357604,
pm2,0.3,77.26899587551549,0.3643612674417443,85414.39515892102,77134.4257460737,True,7190.11098836438,9.321533049373055,
pm2,0.3249999999999999,77.26899587551549,0.3628203046636635,84371.7152993839,77134.4257460737,True,7479.869714826122,9.697187270765236,
pm2,0.35,77.26899587551549,0.3616157592170058,83387.71312164437,77134.4257460737,True,7748.408122568035,10.04533066477447,
pm2,0.3749999999999999,77.26899587551549,0.3607210481810217,82451.22703247129,77134.4257460737,True,7997.770960492793,10.368614121561533,
pm2,0.3999999999999999,77.26899587551549,0.3601174968186392,81553.0735876249,77134.4257460737,True,8229.67539965902,10.66926384692496,
pm2,0.4249999999999999,77.26899587551549,0.3597928951962624,80685.50049506068,77134.4257460737,True,8445.574873599664,10.949164127315179,
pm2,0.4499999999999999,77.26899587551549,0.3597405725171344,79841.78997590776,77134.4257460737,True,8646.707854711141,11.209920565398486,
pm2,0.475,77.26899587551549,0.3599588493529778,79015.95967004861,77134.4257460737,True,8834.13571988128,11.452909170495712,
pm2,0.4999999999999999,77.26899587551549,0.3604507873160399,78202.5267066019,77134.4257460737,True,9008.772623135,11.679315086614961,
pm2,0.525,77.26899587551549,0.3612241954058203,77396.31130927458,77134.4257460737,True,9171.409483473057,11.890163691197115,
pm2,0.5499999999999999,77.26899587551549,0.3622918821271648,76592.26247716995,77134.4257460737,False,8254.400427827812,10.701318312787174,
pm2,0.575,77.26899587551549,0.363672168821331,75785.29148979543,77134.4257460737,False,8025.735667269709,10.404868629852,
pm2,0.6,77.26899587551549,0.3653897074517671,74970.10000984369,77134.4257460737,False,7781.883529497622,10.08872945410336,
pm2,0.625,77.26899587551549,0.3674766804772171,74140.98862834908,77134.4257460737,False,7521.382603242817,9.75100615645106,
pm2,0.65,77.26899587551549,0.3699745082256797,73291.6285719679,77134.4257460737,False,7252.222001958966,9.402056127095909,
pm2,0.675,77.26899587551549,0.3729362609666231,72414.77316352005,77134.4257460737,False,7000.315558889861,9.075475043964,
pm2,0.7,77.26899587551549,0.3764300869083677,71501.87480212607,77134.4257460737,False,6735.53077621259,8.732197992094916,
pm2,0.725,77.26899587551549,0.3805441570485689,70542.55440494734,77134.4257460737,False,6456.410507539051,8.370335871551745,
pm2,0.75,77.26899587551549,0.3853939578111335,69523.83692017799,77134.4257460737,False,6161.172029451736,7.98757749196746,
pm2,0.775,77.26899587551549,0.39113336470654,68429.00535127337,77134.4257460737,False,5847.5960943146165,7.58104573639387,
pm2,0.7999999999999999,77.26899587551549,0.3979720913610463,67235.80788833402,77134.4257460737,False,5512.860379621725,7.147081638709601,
pm2,0.825,77.26899587551549,0.4062044959926716,65913.5114060894,77134.4257460737,False,5153.278455905898,6.6809059716999455,
pm2,0.85,77.26899587551549,0.4162600379483098,64417.76130179067,77134.4257460737,False,4763.868145006318,6.176059650316135,
pm2,0.875,77.26899587551549,0.4287987035181915,62680.910462969165,77134.4257460737,False,4527.810611089448,5.870025695135123,
pm2,0.9,77.26899587551549,0.4449110100066262,60591.90387818704,77134.4257460737,False,4299.791497385335,5.574413053310639,
pm2,0.925,77.26899587551549,0.4666025958494052,57948.0952071589,77134.4257460737,False,4003.4879972466815,5.190273938677072,
pm2,0.95,77.26899587551549,0.4982625667535955,54311.76939194812,77134.4257460737,False,3587.183793612529,4.650561353009261,
pm2,0.05,105.40538229244686,0.4505344639680883,118748.34251706942,77436.79708111743,True,3490.177998161733,4.507131144003366,
pm2,0.075,105.40538229244686,0.4313392564358058,111052.4526774217,77436.79708111743,True,3922.0580614616943,5.064850574014855,
pm2,0.1,105.40538229244686,0.4178610391648583,105895.07895123512,77436.79708111743,True,4276.415688963021,5.522459412265391,
pm2,0.125,105.40538229244686,0.4075952382992072,102045.35808505994,77436.79708111743,True,4761.380565344479,6.148731281275471,
pm2,0.15,105.40538229244686,0.3994105355783867,98983.53146795165,77436.79708111743,True,5195.09376996567,6.708817985490345,
pm2,0.175,105.40538229244686,0.3926982043812566,96443.2846264196,77436.79708111743,True,5589.441674567692,7.2180692968390465,
pm2,0.2,105.40538229244686,0.3870934188844753,94270.66956628776,77436.79708111743,True,5952.23921651997,7.686577235735635,
pm2,0.2249999999999999,105.40538229244686,0.3823610727624935,92368.94329101514,77436.79708111743,True,6288.956014260071,8.121405134657358,
pm2,0.25,105.40538229244686,0.3783417403212443,90673.4306205106,77436.79708111743,True,6603.600287731424,8.527729111541055,
pm2,0.2749999999999999,105.40538229244686,0.3749233658315302,89138.757515873,77436.79708111743,True,6899.214695283821,8.909478381520199,
pm2,0.3,105.40538229244686,0.3720252730847531,87731.8166732987,77436.79708111743,True,7207.942485323178,9.308161955320333,
pm2,0.3249999999999999,105.40538229244686,0.3695886043532355,86427.6354489834,77436.79708111743,True,7532.23470475435,9.726945055416099,
pm2,0.35,105.40538229244686,0.3675703537527781,85206.81873388148,77436.79708111743,True,7831.473021158181,10.113374153316894,
pm2,0.3749999999999999,105.40538229244686,0.3659395300791151,84053.89522282212,77436.79708111743,True,8107.785724673402,10.47019767124439,
pm2,0.3999999999999999,105.40538229244686,0.3646746486598293,82956.20561852102,77436.79708111743,True,8362.983941569586,10.799754453698677,
pm2,0.4249999999999999,105.40538229244686,0.3637620959285564,81903.12776875698,77436.79708111743,True,8598.614921930794,11.10404258187936,
pm2,0.4499999999999999,105.40538229244686,0.3631950994249387,80885.51699146138,77436.79708111743,True,8816.004354021023,11.384774017429965,
pm2,0.475,105.40538229244686,0.3629731458468505,79895.28609931775,77436.79708111743,True,9016.290326163227,11.643418459984064,
pm2,0.4999999999999999,105.40538229244686,0.3631017580393915,78925.0761862308,77436.79708111743,True,9200.450954719088,11.881239025267707,
pm2,0.525,105.40538229244686,0.3635925880350502,77967.98475259783,77436.79708111743,True,9369.32727732297,12.099321808866025,
pm2,0.5499999999999999,105.40538229244686,0.3644638186610511,77017.32672451051,77436.79708111743,False,8346.505504014956,10.778474599448806,
pm2,0.575,105.40538229244686,0.3657408980793232,76066.40872252022,77436.79708111743,False,8109.314815586214,10.472172302131062,
pm2,0.6,105.40538229244686,0.3674576657495936,75108.29872716841,77436.79708111743,False,7854.174272347452,10.142689998037964,
pm2,0.625,105.40538229244686,0.3696579708133272,74135.57248142552,77436.79708111743,False,7579.309152244648,9.787735854189693,
pm2,0.65,105.40538229244686,0.3723979429230132,73140.0143569063,77436.79708111743,False,7282.658649200519,9.404648595643373,
pm2,0.675,105.40538229244686,0.3757491637865247,72112.24308334076,77436.79708111743,False,7009.697190556788,9.052152793992647,
pm2,0.7,105.40538229244686,0.3798031269220251,71041.2197378738,77436.79708111743,False,6739.384956072137,8.703078136111987,
pm2,0.725,105.40538229244686,0.3846776030589381,69913.5728714378,77436.79708111743,False,6455.063368696954,8.335912139980527,
pm2,0.75,105.40538229244686,0.3905259258681393,68712.63607614602,77436.79708111743,False,6155.009344318383,7.948429656602173,
pm2,0.775,105.40538229244686,0.3975509333085734,67417.02132872761,77436.79708111743,False,5837.075290185892,7.537857336830934,
pm2,0.7999999999999999,105.40538229244686,0.4060266819831888,65998.4141131264,77436.79708111743,False,5498.52467897868,7.10066129571295,
pm2,0.825,105.40538229244686,0.4163338827283839,64417.99776761653,77436.79708111743,False,5135.772361425748,6.632211758507868,
pm2,0.85,105.40538229244686,0.4290212826559135,62620.3048114126,77436.79708111743,False,4743.951991593447,6.126224444205784,
pm2,0.875,105.40538229244686,0.4449205804511763,60521.82418426037,77436.79708111743,False,4316.145293574942,5.5737652592392815,
pm2,0.9,105.40538229244686,0.4653851702190614,57987.68480742121,77436.79708111743,False,3943.059255783527,5.091971006565588,
pm2,0.925,105.40538229244686,0.4928643984784972,54776.76056252761,77436.79708111743,False,3589.443256333665,4.635319888777957,
pm2,0.95,105.40538229244686,0.5326330284863532,50381.36230982706,77436.79708111743,False,3103.421807040623,4.0076835871577865,
pm2,0.05,143.7872265625939,0.461945784560931,130808.66886044834,77851.1482971451,True,3120.837936827917,4.008724347797914,
pm2,0.075,143.7872265625939,0.4401065971997472,120372.69946386304,77851.1482971451,True,3799.1666893014576,4.880039373087548,
pm2,0.1,143.7872265625939,0.425238300599682,113574.63607879472,77851.1482971451,True,4367.19840764725,5.609677574668992,
pm2,0.125,143.7872265625939,0.4142207190151921,108599.4136481453,77851.1482971451,True,4863.512759660878,6.247194634943141,
pm2,0.15,143.7872265625939,0.4056550578751522,104699.50772059898,77851.1482971451,True,5308.11268061846,6.81828437566298,
pm2,0.175,143.7872265625939,0.3987943402182147,101499.37709473255,77851.1482971451,True,5712.980355358799,7.338337944038136,
pm2,0.2,143.7872265625939,0.3931940787218299,98785.49250075562,77851.1482971451,True,6085.975250472404,7.817450845096378,
pm2,0.2249999999999999,143.7872265625939,0.3885696377891267,96425.5860741378,77851.1482971451,True,6432.5862498326915,8.262673564274943,
pm2,0.25,143.7872265625939,0.3847289658812196,94332.36380278356,77851.1482971451,True,6756.827030964518,8.679161680666306,
pm2,0.2749999999999999,143.7872265625939,0.3815374771952554,92445.30004770892,77851.1482971451,True,7061.7373888862785,9.070819818781326,
pm2,0.3,143.7872265625939,0.3788982776967006,90720.71637219004,77851.1482971451,True,7349.68389042747,9.440687839792586,
pm2,0.3249999999999999,143.7872265625939,0.3767403678155741,89126.01281611565,77851.1482971451,True,7630.009698335458,9.800767060253188,
pm2,0.35,143.7872265625939,0.3750112833500602,87636.13233476358,77851.1482971451,True,7939.237960708831,10.197971557729705,
pm2,0.3749999999999999,143.7872265625939,0.3736723492817144,86231.29603473465,77851.1482971451,True,8223.860714301347,10.563570215961638,
pm2,0.3999999999999999,143.7872265625939,0.3726955498914145,84895.49557666984,77851.1482971451,True,8485.86683477767,10.900117750849995,
pm2,0.4249999999999999,143.7872265625939,0.3720614462529318,83615.45384976476,77851.1482971451,True,8726.952162312835,11.209792473456508,
pm2,0.4499999999999999,143.7872265625939,0.3717578057376161,82379.8838436804,77851.1482971451,True,8948.567279480241,11.494457660823475,
pm2,0.475,143.7872265625939,0.3717787426875122,81178.94132887288,77851.1482971451,True,9151.95607431022,11.755711090321624,
pm2,0.4999999999999999,143.7872265625939,0.3721242514622023,80003.80456818594,77851.1482971451,True,9338.18720209808,11.994925452423315,
pm2,0.525,143.7872265625939,0.372800066864382,78846.33632899025,77851.1482971451,True,9508.180151627148,12.213281832833061,
pm2,0.5499999999999999,143.7872265625939,0.3738178260495469,77698.7964320712,77851.1482971451,False,8380.476660817845,10.764743801634031,
pm2,0.575,143.7872265625939,0.3751955388688829,76553.58038988599,77851.1482971451,False,8127.988435702361,10.440422027789698,
pm2,0.6,143.7872265625939,0.3769584064822575,75402.96311996836,77851.1482971451,False,7857.1073926459085,10.092474632046036,
pm2,0.625,143.7872265625939,0.3791400670993256,74238.82702567053,77851.1482971451,False,7613.317973873237,9.779326497297697,
pm2,0.65,143.7872265625939,0.3817844005195643,73052.35091506512,77851.1482971451,False,7359.683735364455,9.453532666305376,
pm2,0.675,143.7872265625939,0.3849481013747112,71833.62949779458,77851.1482971451,False,7094.43276842206,9.112817117794808,
pm2,0.7,143.7872265625939,0.3887043543742322,70571.18067348344,77851.1482971451,False,6816.42079506742,8.7557100237626,
pm2,0.725,143.7872265625939,0.3931481494032063,69251.27570230511,77851.1482971451,False,6524.260285504195,8.380429098620562,
pm2,0.75,143.7872265625939,0.3984041294256696,67856.9880935052,77851.1482971451,False,6216.244532766123,7.984782072885724,
pm2,0.775,143.7872265625939,0.4046385113029559,66366.78527259524,77851.1482971451,False,5890.236999961151,7.566024559431133,
pm2,0.7999999999999999,143.7872265625939,0.4120778655719812,64752.34970170145,77851.1482971451,False,5543.504406230943,7.1206456519720085,
pm2,0.825,143.7872265625939,0.4210401000759639,62975.0370376394,77851.1482971451,False,5172.454128994823,6.6440306175734385,
pm2,0.85,143.7872265625939,0.4319886761946727,60979.76793661947,77851.1482971451,False,4772.198889319833,6.12990173388982,
pm2,0.875,143.7872265625939,0.4456350123013758,58683.67961585668,77851.1482971451,False,4335.785268051817,5.569327316153172,
pm2,0.9,143.7872265625939,0.4631527845829943,55952.85809284063,77851.1482971451,False,3852.699708190084,4.948802673385059,
pm2,0.925,143.7872265625939,0.4866963055269578,52547.54469896036,77851.1482971451,False,3305.592226008353,4.246041706914132,
pm2,0.95,143.7872265625939,0.5209686992874146,47962.441662483136,77851.1482971451,False,2817.3301842547517,3.618867859856688,
pm2,0.05,196.1452638651852,0.4691997599049932,146485.39345992135,78415.35164343454,True,3227.35183492953,4.115714292278821,
pm2,0.075,196.1452638651852,0.4465150772487589,132526.73922961118,78415.35164343454,True,3928.3376076275154,5.009653754395199,
pm2,0.1,196.1452638651852,0.4312595824416462,123611.52233169986,78415.35164343454,True,4515.682039979896,5.758670904790847,
pm2,0.125,196.1452638651852,0.4200801103251086,117176.41429824827,78415.35164343454,True,5029.201707248889,6.413542248866479,
pm2,0.15,196.1452638651852,0.4114774641817849,112184.23372453023,78415.35164343454,True,5489.481423121382,7.00051878627391,
pm2,0.175,196.1452638651852,0.4046533553373789,108120.9487170852,78415.35164343454,True,5908.821862647885,7.535287081942979,
pm2,0.2,196.1452638651852,0.3991341317161123,104697.5334608906,78415.35164343454,True,6295.2739295732645,8.028114135352917,
pm2,0.2249999999999999,196.1452638651852,0.3946172996968196,101736.66629207766,78415.35164343454,True,6654.448811697966,8.486155672624752,
pm2,0.25,196.1452638651852,0.3908992292825113,99122.3130760404,78415.35164343454,True,6990.4413801925675,8.914633721186474,
pm2,0.2749999999999999,196.1452638651852,0.3878374573853339,96774.64664447974,78415.35164343454,True,7306.346380834631,9.317494888064266,
pm2,0.3,196.1452638651852,0.3853294864732695,94636.4813731205,78415.35164343454,True,7604.567531745006,9.697804540014088,
pm2,0.3249999999999999,196.1452638651852,0.3833001469467871,92665.43933360033,78415.35164343454,True,7887.012808011754,10.05799584228748,
pm2,0.35,196.1452638651852,0.3816937164109921,90829.17984203802,78415.35164343454,True,8155.223223224991,10.400033988635185,
pm2,0.3749999999999999,196.1452638651852,0.3804688332048415,89102.3627967946,78415.35164343454,True,8418.30172596551,10.735527609752607,
pm2,0.3999999999999999,196.1452638651852,0.3795951328720031,87464.64025470127,78415.35164343454,True,8690.654577981484,11.082848442099825,
pm2,0.4249999999999999,196.1452638651852,0.3790509957281426,85899.28161025136,78415.35164343454,True,8940.32900721203,11.401248377823956,
pm2,0.4499999999999999,196.1452638651852,0.3788220441169028,84392.20138339889,78415.35164343454,True,9168.851776485226,11.692674437241912,
pm2,0.475,196.1452638651852,0.3789001717087625,82931.24875783105,78415.35164343454,True,9377.531813622105,11.958795844292121,
pm2,0.4999999999999999,196.1452638651852,0.3792829743265556,81505.66951987494,78415.35164343454,True,9567.493015384262,12.201045860112924,
pm2,0.525,196.1452638651852,0.3799735082447334,80105.68127778178,78415.35164343454,True,9739.701526066608,12.420656570354208,
pm2,0.5499999999999999,196.1452638651852,0.3809803421299913,78722.12077738743,78415.35164343454,True,9903.30990013605,12.629299866138165,
pm2,0.575,196.1452638651852,0.3823179016231404,77346.13254473983,78415.35164343454,False,8276.26319094354,10.554391477547481,
pm2,0.6,196.1452638651852,0.3840071374362339,75968.87349225466,78415.35164343454,False,8035.44664453957,10.247287649844203,
pm2,0.625,196.1452638651852,0.3860765847575206,74581.20970390146,78415.35164343454,False,7784.325300435122,9.927042520744568,
pm2,0.65,196.1452638651852,0.3885639310657086,73173.37961075795,78415.35164343454,False,7522.097931503036,9.592634316947347,
pm2,0.675,196.1452638651852,0.3915182821563061,71734.59153632582,78415.35164343454,False,7247.809474659317,9.242845084233135,
pm2,0.7,196.1452638651852,0.3950034308712319,70252.51131067707,78415.35164343454,False,6960.311851330465,8.876210723354232,
pm2,0.725,196.1452638651852,0.3991026235624247,68712.57352656119,78415.35164343454,False,6658.2097289215335,8.490951821777623,
pm2,0.75,196.1452638651852,0.4039256510423665,67097.01044054859,78415.35164343454,False,6339.783699804774,8.084875686884182,
pm2,0.775,196.1452638651852,0.4096196969416169,65383.41995681306,78415.35164343454,False,6002.878386718422,7.655233651204347,
pm2,0.7999999999999999,196.1452638651852,0.4163865459878869,63542.55515258767,78415.35164343454,False,5644.733811097176,7.19850602311211,
pm2,0.825,196.1452638651852,0.4245111607668747,61534.73572038059,78415.35164343454,False,5261.720413484124,6.71006416882487,
pm2,0.85,196.1452638651852,0.4344119864362871,59303.66535295872,78415.35164343454,False,4848.900425482246,6.1836111473820425,
pm2,0.875,196.1452638651852,0.4467364656590871,56764.95987302175,78415.35164343454,False,4399.251805106474,5.610192026059491,
pm2,0.9,196.1452638651852,0.4625618014979006,53782.677017044574,78415.35164343454,False,3902.168222808389,4.9762809718077765,
pm2,0.925,196.1452638651852,0.4838823226480481,50114.24516545659,78415.35164343454,False,3340.1769705261463,4.25959573032892,
pm2,0.95,196.1452638651852,0.5150883008080823,45250.896651351635,78415.35164343454,False,2680.256983471018,3.4180258422592016,
pm2,0.05,267.5687225943879,0.4674320387311559,165674.99121747847,79174.45721037732,True,3355.06437943903,4.237559053324693,
pm2,0.075,267.5687225943879,0.4518303909759934,148914.09296704127,79174.45721037732,True,4112.267234969703,5.193931704568366,
pm2,0.1,267.5687225943879,0.4407497266392545,137892.03565345358,79174.45721037732,True,4745.6922749457435,5.993968815391803,
pm2,0.125,267.5687225943879,0.4321995601705342,129775.07328038973,79174.45721037732,True,5297.625573999704,6.6910791190183865,
pm2,0.15,267.5687225943879,0.4252831172038682,123388.41725355244,79174.45721037732,True,5790.228362073839,7.31325299356131,
pm2,0.175,267.5687225943879,0.4195190183273233,118138.32163821718,79174.45721037732,True,6236.8864087041975,7.877397115754062,
pm2,0.2,267.5687225943879,0.4146194147523788,113685.3403753556,79174.45721037732,True,6646.4393013022855,8.39467618153894,
pm2,0.2249999999999999,267.5687225943879,0.4103992245033046,109818.1787453124,79174.45721037732,True,7025.095416832541,8.872931579645574,
pm2,0.25,267.5687225943879,0.4067332390398123,106396.7937648411,79174.45721037732,True,7377.41656617986,9.317925030514651,
pm2,0.2749999999999999,267.5687225943879,0.4035336857896389,103323.74598910451,79174.45721037732,True,7706.872258463696,9.734038640751884,
pm2,0.3,267.5687225943879,0.400737576652341,100528.5348016835,79174.45721037732,True,8016.173681336271,10.124696731467582,
pm2,0.3249999999999999,267.5687225943879,0.3982991594120643,97958.4614478093,79174.45721037732,True,8307.485927420335,10.492633887399078,
pm2,0.35,267.5687225943879,0.3961852208222555,95573.01337772956,79174.45721037732,True,8582.568716025471,10.840072693167212,
pm2,0.3749999999999999,267.5687225943879,0.3943720797160776,93340.25869176496,79174.45721037732,True,8842.872994360587,11.168845743853817,
pm2,0.3999999999999999,267.5687225943879,0.3928436367301859,91234.4422592026,79174.45721037732,True,9089.609166579548,11.480481820579097,
pm2,0.4249999999999999,267.5687225943879,0.3915901208986507,89234.32786683891,79174.45721037732,True,9323.796417159652,11.776268187586124,
pm2,0.4499999999999999,267.5687225943879,0.3906073239188128,87322.01773495832,79174.45721037732,True,9546.299030288546,12.0572964648469,
pm2,0.475,267.5687225943879,0.3898962008932748,85482.0844006316,79174.45721037732,True,9757.853493842593,12.32449686129789,
pm2,0.4999999999999999,267.5687225943879,0.3894627716492905,83700.90955499407,79174.45721037732,True,9959.088872554184,12.578663906834912,
pm2,0.525,267.5687225943879,0.3893182950886596,81966.15956928075,79174.45721037732,True,10150.542096683334,12.820475762419138,
pm2,0.5499999999999999,267.5687225943879,0.3894797195671384,80266.34837785726,79174.45721037732,True,10332.66924702313,13.050508473418166,
pm2,0.575,267.5687225943879,0.389970441198802,78590.4505592862,79174.45721037732,False,8550.973234770336,10.800166538621456,
pm2,0.6,267.5687225943879,0.390821434449752,76927.5337510924,79174.45721037732,False,8297.438414457232,10.479943540894517,
pm2,0.625,267.5687225943879,0.3920728612239491,75266.38130994946,79174.45721037732,False,8033.306987402755,10.146336672769557,
pm2,0.65,267.5687225943879,0.3937763238545479,73595.07367403175,79174.45721037732,False,7757.862981611142,9.798441637556722,
pm2,0.675,267.5687225943879,0.3959980166467104,71900.48948108828,79174.45721037732,False,7470.235279235803,9.435158184143113,
pm2,0.7,267.5687225943879,0.398823171553445,70167.67312428441,79174.45721037732,False,7169.358208530708,9.055140333303132,
pm2,0.725,267.5687225943879,0.4023624255853617,68378.98992290797,79174.45721037732,False,6853.916218268091,8.656726499628915,
pm2,0.75,267.5687225943879,0.4067611360641368,66512.94522822693,79174.45721037732,False,6522.264506564367,8.237839243070303,
pm2,0.775,267.5687225943879,0.4122133875062478,64542.46299791595,79174.45721037732,False,6172.312026244211,7.795837500778232,
pm2,0.7999999999999999,267.5687225943879,0.4189838000963249,62432.26751436809,79174.45721037732,False,5801.343227757959,7.327291442419363,
pm2,0.825,267.5687225943879,0.4274430292343718,60134.709319904454,79174.45721037732,False,5405.735263142241,6.827625289275385,
pm2,0.85,267.5687225943879,0.4381289787290626,57582.72660472365,79174.45721037732,False,4980.48633300765,6.290521600639229,
pm2,0.875,267.5687225943879,0.4518607210607721,54677.09812323767,79174.45721037732,False,4518.377309461195,5.706862375393683,
pm2,0.9,267.5687225943879,0.4699737244354297,51261.03857694875,79174.45721037732,False,4008.349745633603,5.062680423539718,
pm2,0.925,267.5687225943879,0.4948828646241601,47062.195735697445,79174.45721037732,False,3431.9684976914195,4.3346915389292935,
pm2,0.95,267.5687225943879,0.531773402162927,41529.36113394775,79174.45721037732,False,2754.134829597971,3.478564838505756,
pm2,0.05,365.0,0.4867164665758481,201101.36750679312,80220.99728395023,True,3612.750728788107,4.5034976516190826,
pm2,0.075,365.0,0.4690000974881134,175898.3441401012,80220.99728395023,True,4420.746580406839,5.51071007601559,
pm2,0.1,365.0,0.4561912870010379,159728.1320542423,80220.99728395023,True,5092.54220607881,6.348141232965788,
pm2,0.125,365.0,0.4461515549883966,148048.66865492667,80220.99728395023,True,5674.682216192276,7.073811605839519,
pm2,0.15,365.0,0.4379120567931906,139008.55169045893,80220.99728395023,True,6191.592521733151,7.7181694710393485,
pm2,0.175,365.0,0.430950204255686,131684.08745737516,80220.99728395023,True,6658.043395041674,8.299626806526556,
pm2,0.2,365.0,0.424952200373339,125552.78572320606,80220.99728395023,True,7083.798915763664,8.83035508856846,
pm2,0.2249999999999999,365.0,0.4197155815794623,120292.38657167528,80220.99728395023,True,7475.724105537929,9.318911954032256,
pm2,0.25,365.0,0.4151030293228336,115691.05198733638,80220.99728395023,True,7838.869237932534,9.771592853908404,
pm2,0.2749999999999999,365.0,0.4110181496553579,111602.50687618584,80220.99728395023,True,8177.080652441658,10.193192467426034,
pm2,0.3,365.0,0.4073917908659908,107921.68139186555,80220.99728395023,True,8493.369076793242,10.587463836593946,
pm2,0.3249999999999999,365.0,0.4041738722833781,104570.59286452785,80220.99728395023,True,8790.14385810136,10.95741034854973,
pm2,0.35,365.0,0.4013283034829131,101489.7192115062,80220.99728395023,True,9069.368415478197,11.305479516012824,
pm2,0.3749999999999999,365.0,0.3988297431906972,98632.49092102032,80220.99728395023,True,9332.66707214195,11.633696149535567,
pm2,0.3999999999999999,365.0,0.3966615156872335,95961.63892379437,80220.99728395023,True,9581.400617310064,11.94375654966709,
pm2,0.4249999999999999,365.0,0.3948142978630616,93446.69022831209,80220.99728395023,True,9816.721029483808,12.23709672261558,
pm2,0.4499999999999999,365.0,0.3932853531847078,91062.19583949551,80220.99728395023,True,10039.61186291554,12.514942724258749,
pm2,0.475,365.0,0.3920781847526799,88786.43712672488,80220.99728395023,True,10250.918465477976,12.778348328423077,
pm2,0.4999999999999999,365.0,0.3912025404772051,86600.44948945234,80220.99728395023,True,10451.370750469923,13.028223413224662,
pm2,0.525,365.0,0.3906747461500633,84487.2568271409,80220.99728395023,True,10641.600307210803,13.265355290390868,
pm2,0.5499999999999999,365.0,0.390518376706451,82431.24304432473,80220.99728395023,True,10822.152990261337,13.490424398434294,
pm2,0.575,365.0,0.3907653088500388,80417.6062302534,80220.99728395023,True,10993.497643544755,13.70401517776222,
pm2,0.6,365.0,0.391457234959997,78431.85189725192,80220.99728395023,False,8620.507980695289,10.74594965477946,
pm2,0.625,365.0,0.3926477647578857,76459.28612829723,80220.99728395023,False,8344.86465716979,10.402344697401741,
pm2,0.65,365.0,0.3944053055941293,74484.46859090395,80220.99728395023,False,8057.933882979251,10.04466929581714,
pm2,0.675,365.0,0.3968170068974328,72490.5788457394,80220.99728395023,False,7758.900539742535,9.671907358966296,
pm2,0.7,365.0,0.3999942006637979,70458.6355966913,80220.99728395023,False,7446.744566677374,9.282787323521893,
pm2,0.725,365.0,0.4040800070033921,68366.48384271971,80220.99728395023,False,7120.178939457509,8.87570484103423,
pm2,0.75,365.0,0.4092601781516507,66187.42190861923,80220.99728395023,False,6777.559202958572,8.44861000539388,
pm2,0.775,365.0,0.4157789846464922,63888.26393436324,80220.99728395023,False,6416.748427631553,7.9988390133306755,
pm2,0.7999999999999999,365.0,0.423963354590655,61426.49112574329,80220.99728395023,False,6034.909898826476,7.522855739957097,
pm2,0.825,365.0,0.4342613933143923,58745.86239763121,80220.99728395023,False,5628.177785128577,7.015841208265062,
pm2,0.85,365.0,0.447307973976459,55769.246769910176,80220.99728395023,False,5191.110852281906,6.47101261270469,
pm2,0.875,365.0,0.4640463641250574,52385.99888216176,80220.99728395023,False,4715.73286082072,5.878427120681275,
pm2,0.9,365.0,0.4859804711356859,48427.35149702708,80220.99728395023,False,4189.706382678771,5.2227054319069195,
pm2,0.925,365.0,0.515783731148541,43611.235303194946,80220.99728395023,False,3592.421589152379,4.478156231886079,
pm2,0.95,365.0,0.5591415473766282,37389.836828789295,80220.99728395023,False,2884.8999093087377,3.5961905323831203,
sm,0.05,1.0,0.4494816584102695,79358.72865484138,76325.21099349088,True,9926.603200505962,13.005667552432335,
sm,0.075,1.0,0.4191339098788411,78793.07178350062,76325.21099349088,True,9926.603200505962,13.005667552432335,
sm,0.1,1.0,0.3971605920408499,78402.8833713016,76325.21099349088,True,9926.603200505962,13.005667552432335,
sm,0.125,1.0,0.3800043275576356,78107.17725950887,76325.21099349088,True,9926.603200505962,13.005667552432335,
sm,0.15,1.0,0.366044590865549,77870.29435358266,76325.21099349088,True,9941.964727816228,13.025793965592957,
sm,0.175,1.0,0.3544042904763498,77673.35963577578,76325.21099349088,True,10138.899445623114,13.283814500673666,
sm,0.2,1.0,0.3445553261830715,77505.15448798421,76325.21099349088,True,10307.10459341468,13.504194039232573,
sm,0.2249999999999999,1.0,0.3361555942124491,77358.44636273813,76325.21099349088,True,10453.812718660758,13.696408542587944,
sm,0.25,1.0,0.32897109753569,77228.27773468956,76325.21099349088,True,10583.981346709332,13.86695327656801,
sm,0.2749999999999999,1.0,0.3228346529975051,77111.08054304466,76325.21099349088,True,10701.178538354228,14.020503054052272,
sm,0.3,1.0,0.3176222271520972,77004.18067513278,76325.21099349088,True,10808.07840626611,14.160561452215095,
sm,0.3249999999999999,1.0,0.3132385544966367,76905.50344730365,76325.21099349088,True,10906.75563409524,14.289846686470849,
sm,0.35,1.0,0.3096080239199361,76813.38992997266,76325.21099349088,True,10998.869151426228,14.410532258291731,
sm,0.3749999999999999,1.0,0.3066687595539323,76726.4777485415,76325.21099349088,True,11085.781332857396,14.524403127824703,
sm,0.3999999999999999,1.0,0.3043687533690222,76643.62095052682,76325.21099349088,True,11168.638130872074,14.63296070262361,
sm,0.4249999999999999,1.0,0.3026633767132376,76563.83423078839,76325.21099349088,True,11248.424850610503,14.737495912811545,
sm,0.4499999999999999,1.0,0.3015138453273009,76486.25258674288,76325.21099349088,True,11326.006494656014,14.839142070137102,
sm,0.475,1.0,0.3008863499563253,76410.10075804152,76325.21099349088,True,11402.158323357377,14.938914907591629,
sm,0.4999999999999999,1.0,0.3007516487695576,76334.66874922704,76325.21099349088,True,11453.772923660725,15.006539483575773,
sm,0.525,1.0,0.3010849766509852,76259.29091312407,76325.21099349088,False,11354.577679046632,14.87657555249335,
sm,0.5499999999999999,1.0,0.3018661734848013,76183.32677762004,76325.21099349088,False,11278.613543542597,14.777048627490135,
sm,0.575,1.0,0.3030799745934731,76106.14217695112,76325.21099349088,False,11201.42894287368,14.675922669678505,
sm,0.6,1.0,0.3047164439464582,76027.08937142261,76325.21099349088,False,11122.376137345169,14.572349021470377,
sm,0.625,1.0,0.3067715665680825,75945.48472693456,76325.21099349088,False,11040.77149285712,14.465431997035282,
sm,0.65,1.0,0.3092480538861931,75860.58215060213,76325.21099349088,False,10955.868916524689,14.354194078099592,
sm,0.675,1.0,0.3121564603122071,75771.53975041893,76325.21099349088,False,10866.826516341487,14.237532232001596,
sm,0.7,1.0,0.3155167712366265,75677.3759090855,76325.21099349088,False,10772.66267500806,14.114160360364767,
sm,0.725,1.0,0.3193607199208997,75576.90874249605,76325.21099349088,False,10672.195508418605,13.982529978631494,
sm,0.75,1.0,0.3237352574171155,75468.66896595397,76325.21099349088,False,10563.955731876527,13.84071605485301,
sm,0.775,1.0,0.3287079038096508,75350.76888502069,76325.21099349088,False,10446.055650943248,13.686245363716191,
sm,0.7999999999999999,1.0,0.3343752975353755,75220.69599096285,76325.21099349088,False,10315.982756885409,13.515826058790937,
sm,0.825,1.0,0.3408774734069653,75074.97008934637,76325.21099349088,False,10170.256855268932,13.324898448215576,
sm,0.85,1.0,0.3484231046929202,74908.53658534294,76325.21099349088,False,10003.823351265495,13.106840087371179,
sm,0.875,1.0,0.3573375854917064,74713.6044406941,76325.21099349088,False,9926.603200505962,13.005667552432335,
sm,0.9,1.0,0.3681643413380269,74477.1755841485,76325.21099349088,False,9926.603200505962,13.005667552432335,
sm,0.925,1.0,0.3819112203434544,74174.96248670519,76325.21099349088,False,9926.603200505962,13.005667552432335,
sm,0.95,1.0,0.4007991926028637,73752.60534918154,76325.21099349088,False,9926.603200505962,13.005667552432335,
sm,0.05,1.364135525486324,0.4236149127995776,79681.69405015306,76333.15376547743,True,9926.603200505962,13.004314260359285,
sm,0.075,1.364135525486324,0.3988015267587612,79083.22499169508,76333.15376547743,True,9926.603200505962,13.004314260359285,
sm,0.1,1.364135525486324,0.3809293476718915,78666.93447718311,76333.15376547743,True,9926.603200505962,13.004314260359285,
sm,0.125,1.364135525486324,0.367020240368499,78348.7424878463,76333.15376547743,True,9926.603200505962,13.004314260359285,
sm,0.15,1.364135525486324,0.3557187924090918,78091.60838212563,76333.15376547743,True,9926.603200505962,13.004314260359285,
sm,0.175,1.364135525486324,0.3462912377872622,77875.92388078445,76333.15376547743,True,9936.33520061444,13.017063635471416,
sm,0.2,1.364135525486324,0.3382953307346784,77690.03986988855,76333.15376547743,True,10122.219211510335,13.260580379803763,
sm,0.2249999999999999,1.364135525486324,0.3314442585951397,77526.45528683002,76333.15376547743,True,10285.803794568868,13.474883831173162,
sm,0.25,1.364135525486324,0.3255418117540961,77380.03950867837,76333.15376547743,True,10432.219572720524,13.666695345474666,
sm,0.2749999999999999,1.364135525486324,0.3204481570970407,77247.1116373042,76333.15376547743,True,10565.147444094688,13.840837071339374,
sm,0.3,1.364135525486324,0.3160603253314908,77124.92460346254,76333.15376547743,True,10687.33447793635,14.000907797903436,
sm,0.3249999999999999,1.364135525486324,0.3123004161347102,77011.3577676343,76333.15376547743,True,10800.901313764594,14.149685662076536,
sm,0.35,1.364135525486324,0.309108150258536,76904.72439782768,76333.15376547743,True,10907.53468357121,14.289380361622463,
sm,0.3749999999999999,1.364135525486324,0.3064360238355086,76803.64591509463,76333.15376547743,True,11008.61316630426,14.42179789941161,
sm,0.3999999999999999,1.364135525486324,0.3042461053163591,76706.96660249063,76333.15376547743,True,11105.29247890826,14.548452318670943,
sm,0.4249999999999999,1.364135525486324,0.3025079171632878,76613.69360889476,76333.15376547743,True,11198.565472504137,14.67064430078457,
sm,0.4499999999999999,1.364135525486324,0.3011970603655451,76522.95307848688,76333.15376547743,True,11289.306002912008,14.78951863772951,
sm,0.475,1.364135525486324,0.3002943622557216,76433.95661688084,76333.15376547743,True,11378.302464518054,14.906108163009014,
sm,0.4999999999999999,1.364135525486324,0.2997854025843015,76345.97427534661,76333.15376547743,True,11453.772923660725,15.004977992722251,
sm,0.525,1.364135525486324,0.2996603226753246,76258.31140029998,76333.15376547743,False,11353.598166222537,14.873744377318435,
sm,0.5499999999999999,1.364135525486324,0.2999138597928671,76170.2873664759,76333.15376547743,False,11265.574132398457,14.758428777894203,
sm,0.575,1.364135525486324,0.3005455799701552,76081.21454684433,76333.15376547743,False,11176.501312766892,14.64173922003154,
sm,0.6,1.364135525486324,0.3015603113589764,75990.37594198852,76333.15376547743,False,11085.662707911077,14.522736400974825,
sm,0.625,1.364135525486324,0.3029688100078903,75896.99970836607,76333.15376547743,False,10992.28647428863,14.400409169599936,
sm,0.65,1.364135525486324,0.3047887251907736,75800.22834335401,76333.15376547743,False,10895.515109276572,14.273634157382602,
sm,0.675,1.364135525486324,0.3070459787568141,75699.07938292624,76333.15376547743,False,10794.366148848798,14.141124290518542,
sm,0.7,1.364135525486324,0.3097767440147713,75592.39289440033,76333.15376547743,False,10687.679660322883,14.00136000296704,
sm,0.725,1.364135525486324,0.3130303252763685,75478.75831020258,76333.15376547743,False,10574.04507612514,13.852493385262665,
sm,0.75,1.364135525486324,0.3168734392953191,75356.40827056662,76333.15376547743,False,10451.695036489178,13.692209113487568,
sm,0.775,1.364135525486324,0.3213967654975914,75223.05809632574,76333.15376547743,False,10318.344862248294,13.517514151124837,
sm,0.7999999999999999,1.364135525486324,0.3267253385226812,75075.65185619691,76333.15376547743,False,10170.93862211947,13.324405085329252,
sm,0.825,1.364135525486324,0.3330358125033594,74909.93929271461,76333.15376547743,False,10005.22605863717,13.10731388012184,
sm,0.85,1.364135525486324,0.3405868680237695,74719.72541720443,76333.15376547743,False,9926.603200505962,13.004314260359285,
sm,0.875,1.364135525486324,0.3497769874804172,74495.43022786436,76333.15376547743,False,9926.603200505962,13.004314260359285,
sm,0.9,1.364135525486324,0.361265989870104,74221.02019129042,76333.15376547743,False,9926.603200505962,13.004314260359285,
sm,0.925,1.364135525486324,0.3762702815745631,73866.43697323828,76333.15376547743,False,9926.603200505962,13.004314260359285,
sm,0.95,1.364135525486324,0.3974592479559269,73364.15801601268,76333.15376547743,False,9926.603200505962,13.004314260359285,
sm,0.05,1.8608657318938489,0.4036012043908188,80083.1839345829,76343.98878291513,True,9926.603200505962,13.002468640631752,
sm,0.075,1.8608657318938489,0.3832119050494745,79440.8169010517,76343.98878291513,True,9926.603200505962,13.002468640631752,
sm,0.1,1.8608657318938489,0.3685770209642292,78990.091119281,76343.98878291513,True,9926.603200505962,13.002468640631752,
sm,0.125,1.8608657318938489,0.357202383384104,78642.65345284849,76343.98878291513,True,9926.603200505962,13.002468640631752,
sm,0.15,1.8608657318938489,0.3479547165715324,78359.5465168658,76343.98878291513,True,9926.603200505962,13.002468640631752,
sm,0.175,1.8608657318938489,0.3402209698794836,78120.13755652837,76343.98878291513,True,9926.603200505962,13.002468640631752,
sm,0.2,1.8608657318938489,0.3336317436699065,77912.16886696832,76343.98878291513,True,9926.603200505962,13.002468640631752,
sm,0.2249999999999999,1.8608657318938489,0.3279475518854738,77727.75224277905,76343.98878291513,True,10084.506838619838,13.209300430051186,
sm,0.25,1.8608657318938489,0.3230047958811516,77561.49937796332,76343.98878291513,True,10250.759703435571,13.427068544432105,
sm,0.2749999999999999,1.8608657318938489,0.3186873483966836,77409.5526805477,76343.98878291513,True,10402.706400851192,13.626097570604268,
sm,0.3,1.8608657318938489,0.3149104288856886,77269.04152612579,76343.98878291513,True,10543.217555273104,13.810147627015986,
sm,0.3249999999999999,1.8608657318938489,0.3116109056402086,77137.75759139674,76343.98878291513,True,10674.501490002149,13.98211130984418,
sm,0.35,1.8608657318938489,0.3087411962699677,77013.95084152462,76343.98878291513,True,10798.308239874268,14.144280921159835,
sm,0.3749999999999999,1.8608657318938489,0.3062653010821525,76896.19560982451,76343.98878291513,True,10916.063471574378,14.298523885900579,
sm,0.3999999999999999,1.8608657318938489,0.3041561649063614,76783.29915956329,76343.98878291513,True,11028.9599218356,14.446402523185625,
sm,0.4249999999999999,1.8608657318938489,0.3023939044414425,76674.23684167535,76343.98878291513,True,11138.022239723548,14.589258980683628,
sm,0.4499999999999999,1.8608657318938489,0.3009646245923822,76568.10426805436,76343.98878291513,True,11244.15481334453,14.728277880944097,
sm,0.475,1.8608657318938489,0.2998596544024349,76464.08045313114,76343.98878291513,True,11348.178628267748,14.864534600800598,
sm,0.4999999999999999,1.8608657318938489,0.2990750983376711,76361.39791202865,76343.98878291513,True,11450.86116937024,14.999034438626039,
sm,0.525,1.8608657318938489,0.2986116411792396,76259.31688406337,76343.98878291513,False,11354.603649985933,14.872950485038002,
sm,0.5499999999999999,1.8608657318938489,0.2984745752428118,76157.10150740166,76343.98878291513,False,11252.38827332422,14.739062567611567,
sm,0.575,1.8608657318938489,0.2986740434355878,76053.9960725924,76343.98878291513,False,11149.28283851496,14.604008797887223,
sm,0.6,1.8608657318938489,0.2992255152579272,75949.19950208567,76343.98878291513,False,11044.48626800823,14.4667398757659,
sm,0.625,1.8608657318938489,0.3001505393576125,75841.8359436819,76343.98878291513,False,10937.12270960446,14.3261085567644,
sm,0.65,1.8608657318938489,0.3014778506430476,75730.91876453624,76343.98878291513,False,10826.205530458798,14.180822489172288,
sm,0.675,1.8608657318938489,0.3032449597373765,75615.30413345771,76343.98878291513,False,10710.590899380271,14.029383413324052,
sm,0.7,1.8608657318938489,0.3055004303419613,75493.6284732376,76343.98878291513,False,10588.915239160153,13.87000523285446,
sm,0.725,1.8608657318938489,0.3083071788561358,75364.22075149663,76343.98878291513,False,10459.507517419186,13.700499127915489,
sm,0.75,1.8608657318938489,0.3117473546797466,75224.97466862595,76343.98878291513,False,10320.261434548504,13.518106139167376,
sm,0.775,1.8608657318938489,0.3159297693791569,75073.1548332443,76343.98878291513,False,10168.441599166865,13.319243284603488,
sm,0.7999999999999999,1.8608657318938489,0.3210016343195229,74905.08959644819,76343.98878291513,False,10000.376362370747,13.09910121516825,
sm,0.825,1.8608657318938489,0.3271679958930278,74715.65867383037,76343.98878291513,False,9926.603200505962,13.002468640631752,
sm,0.85,1.8608657318938489,0.3347258833931255,74497.38356633745,76343.98878291513,False,9926.603200505962,13.002468640631752,
sm,0.875,1.8608657318938489,0.3441290779351258,74238.68054405916,76343.98878291513,False,9926.603200505962,13.002468640631752,
sm,0.9,1.8608657318938489,0.3561241778328912,73920.13615713066,76343.98878291513,False,9926.603200505962,13.002468640631752,
sm,0.925,1.8608657318938489,0.3720807866580092,73505.31111257276,76343.98878291513,False,9926.603200505962,13.002468640631752,
sm,0.95,1.8608657318938489,0.3949929121050872,72912.24978822198,76343.98878291513,False,9926.603200505962,13.002468640631752,
sm,0.05,2.5384730530365083,0.3698338190977864,80374.38989210004,76362.28583014329,True,9926.603200505962,12.999353139567138,
sm,0.075,2.5384730530365083,0.3527908807840965,79700.36481830715,76362.28583014329,True,9926.603200505962,12.999353139567138,
sm,0.1,2.5384730530365083,0.3405291235547853,79224.54813566558,76362.28583014329,True,9926.603200505962,12.999353139567138,
sm,0.125,2.5384730530365083,0.3309690291895954,78855.79563691582,76362.28583014329,True,9926.603200505962,12.999353139567138,
sm,0.15,2.5384730530365083,0.3231667413269536,78553.85770176897,76362.28583014329,True,9926.603200505962,12.999353139567138,
sm,0.175,2.5384730530365083,0.3166121445224448,78297.39083087028,76362.28583014329,True,9926.603200505962,12.999353139567138,
sm,0.2,2.5384730530365083,0.310998158479879,78073.70241893273,76362.28583014329,True,9926.603200505962,12.999353139567138,
sm,0.2249999999999999,2.5384730530365083,0.3061259500407495,77874.61806044227,76362.28583014329,True,9937.641020956622,13.013807683889201,
sm,0.25,2.5384730530365083,0.3018599546730865,77694.55086353057,76362.28583014329,True,10117.708217868318,13.24961413592788,
sm,0.2749999999999999,2.5384730530365083,0.298104250270551,77529.49971622892,76362.28583014329,True,10282.759365169968,13.465756365704479,
sm,0.3,2.5384730530365083,0.2947891737160652,77376.48674899797,76362.28583014329,True,10435.772332400926,13.666134033250094,
sm,0.3249999999999999,2.5384730530365083,0.2918632897725492,77233.22107188776,76362.28583014329,True,10579.038009511132,13.853747166556342,
sm,0.35,2.5384730530365083,0.2892883540262438,77097.88716961279,76362.28583014329,True,10714.371911786102,14.030973268163626,
sm,0.3749999999999999,2.5384730530365083,0.2870360484120234,76969.00572790722,76362.28583014329,True,10843.253353491673,14.199749569585828,
sm,0.3999999999999999,2.5384730530365083,0.2850858196710996,76845.33836019629,76362.28583014329,True,10966.920721202609,14.361697796209132,
sm,0.4249999999999999,2.5384730530365083,0.2834234368923805,76725.81981182465,76362.28583014329,True,11086.43926957424,14.518212949039269,
sm,0.4499999999999999,2.5384730530365083,0.2820400409018457,76609.50772979115,76362.28583014329,True,11202.751351607743,14.670529083593204,
sm,0.475,2.5384730530365083,0.2809315487543165,76495.54372809417,76362.28583014329,True,11316.715353304722,14.819770296658087,
sm,0.4999999999999999,2.5384730530365083,0.2800983318968276,76383.12156897546,76362.28583014329,True,11429.137512423433,14.96699239444701,
sm,0.525,2.5384730530365083,0.2795451228466282,76271.45948218247,76362.28583014329,False,11366.74624810503,14.885288103329815,
sm,0.5499999999999999,2.5384730530365083,0.2792811314852804,76159.77430020738,76362.28583014329,False,11255.061066129942,14.739031111725984,
sm,0.575,2.5384730530365083,0.2793203739207486,76047.25536961191,76362.28583014329,False,11142.542135534472,14.591682287142929,
sm,0.6,2.5384730530365083,0.2796822384632341,75933.03617830899,76362.28583014329,False,11028.322944231546,14.442106891302906,
sm,0.625,2.5384730530365083,0.280392338567394,75816.1613132388,76362.28583014329,False,10911.44807916136,14.289053765928744,
sm,0.65,2.5384730530365083,0.2814837365697623,75695.5456546585,76362.28583014329,False,10790.832420581062,14.131101895749543,
sm,0.675,2.5384730530365083,0.2829986722094428,75569.92144132582,76362.28583014329,False,10665.208207248374,13.966591087872311,
sm,0.7,2.5384730530365083,0.2849910090462922,75437.76664926058,76362.28583014329,False,10533.053415183136,13.793528180406188,
sm,0.725,2.5384730530365083,0.2875297433582808,75297.204328512,76362.28583014329,False,10392.49109443456,13.609455219231041,
sm,0.75,2.5384730530365083,0.290704149124492,75145.8557778724,76362.28583014329,False,10241.142543794962,13.411257183388775,
sm,0.775,2.5384730530365083,0.2946315516786043,74980.61789432303,76362.28583014329,False,10075.904660245593,13.194870413724866,
sm,0.7999999999999999,2.5384730530365083,0.2994695321081731,74797.31055103996,76362.28583014329,False,9926.603200505962,12.999353139567138,
sm,0.825,2.5384730530365083,0.3054360316523264,74590.0889567384,76362.28583014329,False,9926.603200505962,12.999353139567138,
sm,0.85,2.5384730530365083,0.3128445354923268,74350.40155179812,76362.28583014329,False,9926.603200505962,12.999353139567138,
sm,0.875,2.5384730530365083,0.3221706139543041,74064.99036368418,76362.28583014329,False,9926.603200505962,12.999353139567138,
sm,0.9,2.5384730530365083,0.3341914263024761,73711.63127414482,76362.28583014329,False,9926.603200505962,12.999353139567138,
sm,0.925,2.5384730530365083,0.35032373774016,73248.62272972235,76362.28583014329,False,9926.603200505962,12.999353139567138,
sm,0.95,2.5384730530365083,0.3736476255719141,72582.23766983207,76362.28583014329,False,9926.603200505962,12.999353139567138,
sm,0.05,3.46282127213683,0.3554526267052141,80904.85065644201,76380.43375055402,True,9926.603200505962,12.996264505284985,
sm,0.075,3.46282127213683,0.340539242102518,80160.0172795243,76380.43375055402,True,9926.603200505962,12.996264505284985,
sm,0.1,3.46282127213683,0.3298131406669944,79631.66168057735,76380.43375055402,True,9926.603200505962,12.996264505284985,
sm,0.125,3.46282127213683,0.3214501646712798,79220.41960378324,76380.43375055402,True,9926.603200505962,12.996264505284985,
sm,0.15,3.46282127213683,0.3146233084046363,78882.35855377105,76380.43375055402,True,9926.603200505962,12.996264505284985,
sm,0.175,3.46282127213683,0.3088860600286223,78594.15732709842,76380.43375055402,True,9926.603200505962,12.996264505284985,
sm,0.2,3.46282127213683,0.3039698928853324,78341.93368715359,76380.43375055402,True,9926.603200505962,12.996264505284985,
sm,0.2249999999999999,3.46282127213683,0.2997011208380132,78116.73885627177,76380.43375055402,True,9926.603200505962,12.996264505284985,
sm,0.25,3.46282127213683,0.295961469351067,77912.45128622917,76380.43375055402,True,9926.603200505962,12.996264505284985,
sm,0.2749999999999999,3.46282127213683,0.2926673768760847,77724.68317985458,76380.43375055402,True,10087.575901544316,13.207015731919887,
sm,0.3,3.46282127213683,0.2897582773801646,77550.16607847011,76380.43375055402,True,10262.093002928785,13.435499772681439,
sm,0.3249999999999999,3.46282127213683,0.2871895744396291,77386.38338404975,76380.43375055402,True,10425.875697349138,13.649929943312891,
sm,0.35,3.46282127213683,0.284928239331228,77231.33898142216,76380.43375055402,True,10580.920099976733,13.852919629302296,
sm,0.3749999999999999,3.46282127213683,0.2829499627744321,77083.40497120647,76380.43375055402,True,10728.85411019242,14.0466001348344,
sm,0.3999999999999999,3.46282127213683,0.2812372739260304,76941.21736692448,76380.43375055402,True,10871.041714474411,14.232757239867809,
sm,0.4249999999999999,3.46282127213683,0.2797782908603222,76803.60181943035,76380.43375055402,True,11008.657261968545,14.412928444372303,
sm,0.4499999999999999,3.46282127213683,0.2785659041535762,76669.51853663239,76380.43375055402,True,11142.740544766504,14.58847508140222,
sm,0.475,3.46282127213683,0.2775972746625854,76538.0195414484,76380.43375055402,True,11274.239539950488,14.76063827651242,
sm,0.4999999999999999,3.46282127213683,0.2768735753048724,76408.21369162727,76380.43375055402,True,11404.04538977162,14.93058474506097,
sm,0.525,3.46282127213683,0.2763999387901253,76279.23619509749,76380.43375055402,False,11374.522961020046,14.891932923773878,
sm,0.5499999999999999,3.46282127213683,0.2761855967800934,76150.22006696754,76380.43375055402,False,11245.506832890092,14.723020387153174,
sm,0.575,3.46282127213683,0.2762442158596985,76020.26727654427,76380.43375055402,False,11115.554042466823,14.552881538704536,
sm,0.6,3.46282127213683,0.2765944557478513,75888.41730143636,76380.43375055402,False,10983.704067358918,14.38025882810498,
sm,0.625,3.46282127213683,0.2772607990438053,75753.61043603472,76380.43375055402,False,10848.897201957285,14.203764850809833,
sm,0.65,3.46282127213683,0.2782747341771014,75614.6424055509,76380.43375055402,False,10709.929171473455,14.021822927125983,
sm,0.675,3.46282127213683,0.2796764212781593,75470.10541134741,76380.43375055402,False,10565.392177269969,13.832589916646464,
sm,0.7,3.46282127213683,0.2815170466654157,75318.30828015707,76380.43375055402,False,10413.595046079628,13.63385167474791,
sm,0.725,3.46282127213683,0.2838621979897785,75157.16414082305,76380.43375055402,False,10252.450906745607,13.422875994954982,
sm,0.75,3.46282127213683,0.2867968122075387,74984.02648805735,76380.43375055402,False,10079.31325397991,13.19619797774034,
sm,0.775,3.46282127213683,0.2904326512055065,74795.44047164192,76380.43375055402,False,9926.603200505962,12.996264505284985,
sm,0.7999999999999999,3.46282127213683,0.2949200377091011,74586.74889110435,76380.43375055402,False,9926.603200505962,12.996264505284985,
sm,0.825,3.46282127213683,0.3004671858355259,74351.43551666889,76380.43375055402,False,9926.603200505962,12.996264505284985,
sm,0.85,3.46282127213683,0.3073740251005963,74079.96061606487,76380.43375055402,False,9926.603200505962,12.996264505284985,
sm,0.875,3.46282127213683,0.3160961588695477,73757.52697237606,76380.43375055402,False,9926.603200505962,12.996264505284985,
sm,0.9,3.46282127213683,0.3273789379803904,73359.32268087883,76380.43375055402,False,9926.603200505962,12.996264505284985,
sm,0.925,3.46282127213683,0.3425823253130747,72838.78838618715,76380.43375055402,False,9926.603200505962,12.996264505284985,
sm,0.95,3.46282127213683,0.3646649737739559,72091.31293468218,76380.43375055402,False,9926.603200505962,12.996264505284985,
sm,0.05,4.723757515731594,0.362131154295602,81819.74066094773,76394.23882939116,True,9926.603200505962,12.993915971431736,
sm,0.075,4.723757515731594,0.3480352884390102,80938.26950766437,76394.23882939116,True,9926.603200505962,12.993915971431736,
sm,0.1,4.723757515731594,0.3379698121882357,80312.05082364994,76394.23882939116,True,9926.603200505962,12.993915971431736,
sm,0.125,4.723757515731594,0.330173502699721,79823.76148579839,76394.23882939116,True,9926.603200505962,12.993915971431736,
sm,0.15,4.723757515731594,0.3238492259972157,79421.56734731955,76394.23882939116,True,9926.603200505962,12.993915971431736,
sm,0.175,4.723757515731594,0.3185671277512965,79077.96711134503,76394.23882939116,True,9926.603200505962,12.993915971431736,
sm,0.2,4.723757515731594,0.3140689147084713,78776.59668558081,76394.23882939116,True,9926.603200505962,12.993915971431736,
sm,0.2249999999999999,4.723757515731594,0.3101875877810497,78506.91060419894,76394.23882939116,True,9926.603200505962,12.993915971431736,
sm,0.25,4.723757515731594,0.3068094126361063,78261.696808636,76394.23882939116,True,9926.603200505962,12.993915971431736,
sm,0.2749999999999999,4.723757515731594,0.3038539699207986,78035.78691721812,76394.23882939116,True,9926.603200505962,12.993915971431736,
sm,0.3,4.723757515731594,0.3012628667877159,77825.3318159129,76394.23882939116,True,9986.927265485994,13.07288012619575,
sm,0.3249999999999999,4.723757515731594,0.2989929687234564,77627.36857101857,76394.23882939116,True,10184.890510380324,13.33201386183835,
sm,0.35,4.723757515731594,0.2970121569506167,77439.54788147497,76394.23882939116,True,10372.711199923926,13.577871000310603,
sm,0.3749999999999999,4.723757515731594,0.2952965792372733,77259.95484727866,76394.23882939116,True,10552.304234120236,13.812958144247453,
sm,0.3999999999999999,4.723757515731594,0.293828828752282,77086.98632881226,76394.23882939116,True,10725.272752586634,14.039373802177735,
sm,0.4249999999999999,4.723757515731594,0.2925967271728298,76919.2637596841,76394.23882939116,True,10892.995321714798,14.2589225164502,
sm,0.4499999999999999,4.723757515731594,0.2915925205394554,76755.56866033148,76394.23882939116,True,11056.69042106741,14.473199275877288,
sm,0.475,4.723757515731594,0.2908123727705384,76594.79279304671,76394.23882939116,True,11217.46628835218,14.683654762767901,
sm,0.4999999999999999,4.723757515731594,0.2902560884922267,76435.89759593176,76394.23882939116,True,11376.36148546713,14.891648453849509,
sm,0.525,4.723757515731594,0.2899270275754965,76277.8790881939,76394.23882939116,False,11373.165854116463,14.887465374863927,
sm,0.5499999999999999,4.723757515731594,0.2898321961626065,76119.73529354835,76394.23882939116,False,11215.022059470908,14.680455269038104,
sm,0.575,4.723757515731594,0.2899825178049557,75960.43360518517,76394.23882939116,False,11055.720371107727,14.47192948122452,
sm,0.6,4.723757515731594,0.2903933072233756,75798.87550822571,76394.23882939116,False,10894.16227414827,14.26045005629005,
sm,0.625,4.723757515731594,0.2910849916474779,75633.85568285915,76394.23882939116,False,10729.142448781711,14.044439231527349,
sm,0.65,4.723757515731594,0.2920841551385342,75464.01163787689,76394.23882939116,False,10559.298403799445,13.822113506989961,
sm,0.675,4.723757515731594,0.2934250265421006,75287.75844466423,76394.23882939116,False,10383.045210586786,13.5913982123376,
sm,0.7,4.723757515731594,0.2951516033365839,75103.20041114629,76394.23882939116,False,10198.487177068846,13.349811888099056,
sm,0.725,4.723757515731594,0.2973207228275903,74908.0067948166,76394.23882939116,False,10003.293560739154,13.094303594122056,
sm,0.75,4.723757515731594,0.3000065998456044,74699.23020433613,76394.23882939116,False,9926.603200505962,12.993915971431736,
sm,0.775,4.723757515731594,0.3033077299961731,74473.03066642719,76394.23882939116,False,9926.603200505962,12.993915971431736,
sm,0.7999999999999999,4.723757515731594,0.307357791157467,74224.2377459711,76394.23882939116,False,9926.603200505962,12.993915971431736,
sm,0.825,4.723757515731594,0.312343686395348,73945.61953635198,76394.23882939116,False,9926.603200505962,12.993915971431736,
sm,0.85,4.723757515731594,0.3185372329577516,73626.58454888819,76394.23882939116,False,9926.603200505962,12.993915971431736,
sm,0.875,4.723757515731594,0.3263552497862897,73250.6887612503,76394.23882939116,False,9926.603200505962,12.993915971431736,
sm,0.9,4.723757515731594,0.3364857782145144,72790.32375136572,76394.23882939116,False,9926.603200505962,12.993915971431736,
sm,0.925,4.723757515731594,0.3501944596008828,72193.61406416392,76394.23882939116,False,9926.603200505962,12.993915971431736,
sm,0.95,4.723757515731594,0.3702544026361224,71343.88687993374,76394.23882939116,False,9926.603200505962,12.993915971431736,
sm,0.05,6.443845440992492,0.3689042598405874,82928.57027208377,76413.07650811745,True,9926.603200505962,12.990712655642717,
sm,0.075,6.443845440992492,0.354653579695107,81867.2287613183,76413.07650811745,True,9926.603200505962,12.990712655642717,
sm,0.1,6.443845440992492,0.3446025693517829,81116.0470270312,76413.07650811745,True,9926.603200505962,12.990712655642717,
sm,0.125,6.443845440992492,0.3369004869645786,80531.61571977209,76413.07650811745,True,9926.603200505962,12.990712655642717,
sm,0.15,6.443845440992492,0.3307126464995215,80050.8397409342,76413.07650811745,True,9926.603200505962,12.990712655642717,
sm,0.175,6.443845440992492,0.325590225173021,79640.35644626032,76413.07650811745,True,9926.603200505962,12.990712655642717,
sm,0.2,6.443845440992492,0.3212641348097333,79280.37215563185,76413.07650811745,True,9926.603200505962,12.990712655642717,
sm,0.2249999999999999,6.443845440992492,0.3175606734687353,78958.16493105757,76413.07650811745,True,9926.603200505962,12.990712655642717,
sm,0.25,6.443845440992492,0.3143616400772282,78665.05562686975,76413.07650811745,True,9926.603200505962,12.990712655642717,
sm,0.2749999999999999,6.443845440992492,0.3115834464229058,78394.83922933653,76413.07650811745,True,9926.603200505962,12.990712655642717,
sm,0.3,6.443845440992492,0.3091653143207827,78142.90546418123,76413.07650811745,True,9926.603200505962,12.990712655642717,
sm,0.3249999999999999,6.443845440992492,0.3070622062047096,77905.71402249642,76413.07650811745,True,9926.603200505962,12.990712655642717,
sm,0.35,6.443845440992492,0.3052403956682887,77680.4649312625,76413.07650811745,True,10131.794150136397,13.259241236099275,
sm,0.3749999999999999,6.443845440992492,0.3036745959494645,77464.88222152326,76413.07650811745,True,10347.376859875623,13.54136926914127,
sm,0.3999999999999999,6.443845440992492,0.3023460542437989,77257.06624687467,76413.07650811745,True,10555.192834524218,13.813333158236244,
sm,0.4249999999999999,6.443845440992492,0.3012412729093903,77055.38899595228,76413.07650811745,True,10756.870085446611,14.077263443651427,
sm,0.4499999999999999,6.443845440992492,0.3003511570654557,76858.41694867783,76413.07650811745,True,10953.842132721064,14.335036139472052,
sm,0.475,6.443845440992492,0.2996704679056847,76664.85173634777,76413.07650811745,True,11147.40734505112,14.588350390350946,
sm,0.4999999999999999,6.443845440992492,0.2991975097445613,76473.48214823993,76413.07650811745,True,11338.776933158964,14.838791279336112,
sm,0.525,6.443845440992492,0.2989340107121092,76283.14292474506,76413.07650811745,False,11378.429690667615,14.890683912535403,
sm,0.5499999999999999,6.443845440992492,0.2988851801260789,76092.67682794337,76413.07650811745,False,11187.96359386593,14.6414254014199,
sm,0.575,6.443845440992492,0.2990599449006659,75900.89695834764,76413.07650811745,False,10996.1837242702,14.390447586679832,
sm,0.6,6.443845440992492,0.2994713866368767,75706.54630813676,76413.07650811745,False,10801.83307405932,14.136105451678588,
sm,0.625,6.443845440992492,0.3001374239111113,75508.25111068969,76413.07650811745,False,10603.537876612245,13.876601180278112,
sm,0.65,6.443845440992492,0.3010818153287116,75304.46355616914,76413.07650811745,False,10399.750322091695,13.609909190067645,
sm,0.675,6.443845440992492,0.3023356051579934,75093.38763407338,76413.07650811745,False,10188.674399995942,13.333679084251488,
sm,0.7,6.443845440992492,0.3039392067973377,74872.87872153684,76413.07650811745,False,9968.165487459391,13.045104245214448,
sm,0.725,6.443845440992492,0.3059454419138048,74640.30206421932,76413.07650811745,False,9926.603200505962,12.990712655642717,
sm,0.75,6.443845440992492,0.3084240673493422,74392.32551980288,76413.07650811745,False,9926.603200505962,12.990712655642717,
sm,0.775,6.443845440992492,0.3114687147915834,74124.60376344752,76413.07650811745,False,9926.603200505962,12.990712655642717,
sm,0.7999999999999999,6.443845440992492,0.3152079287487702,73831.27562832924,76413.07650811745,False,9926.603200505962,12.990712655642717,
sm,0.825,6.443845440992492,0.3198235574562732,73504.1223071028,76413.07650811745,False,9926.60320050596,12.99071265564271,
sm,0.85,6.443845440992492,0.3255832496781868,73131.0678152862,76413.07650811745,False,9926.603200505962,12.990712655642717,
sm,0.875,6.443845440992492,0.3329024080877676,72693.29053605803,76413.07650811745,False,9926.603200505962,12.990712655642717,
sm,0.9,6.443845440992492,0.3424749439694518,72159.05149494826,76413.07650811745,False,9926.603200505962,12.990712655642717,
sm,0.925,6.443845440992492,0.3555919445710405,71468.43332633816,76413.07650811745,False,9926.603200505962,12.990712655642717,
sm,0.95,6.443845440992492,0.3751122223577718,70486.03777565676,76413.07650811745,False,9926.603200505962,12.990712655642717,
sm,0.05,8.790278486800943,0.3732416571704374,84222.52150007697,76440.39928249821,True,9926.603200505962,12.986069269236218,
sm,0.075,8.790278486800943,0.3587757441068492,82947.71830912861,76440.39928249821,True,9926.603200505962,12.986069269236218,
sm,0.1,8.790278486800943,0.3487440736037138,82050.42976930192,76440.39928249821,True,9926.603200505962,12.986069269236218,
sm,0.125,8.790278486800943,0.3411692320429585,81354.6625336421,76440.39928249821,True,9926.603200505962,12.986069269236218,
sm,0.15,8.790278486800943,0.3351648041736414,80783.45742721991,76440.39928249821,True,9926.603200505962,12.986069269236218,
sm,0.175,8.790278486800943,0.3302566493280665,80296.31981333345,76440.39928249821,True,9926.603200505962,12.986069269236218,
sm,0.2,8.790278486800943,0.3261618026884528,79869.324052104,76440.39928249821,True,9926.603200505962,12.986069269236218,
sm,0.2249999999999999,8.790278486800943,0.3226983287878227,79487.14807613968,76440.39928249821,True,9926.603200505962,12.986069269236218,
sm,0.25,8.790278486800943,0.3197428350458258,79139.3726842815,76440.39928249821,True,9926.603200505962,12.986069269236218,
sm,0.2749999999999999,8.790278486800943,0.3172082886192428,78818.57079344323,76440.39928249821,True,9926.603200505962,12.986069269236218,
sm,0.3,8.790278486800943,0.3150315157354849,78519.23922246862,76440.39928249821,True,9926.603200505962,12.986069269236218,
sm,0.3249999999999999,8.790278486800943,0.3131657318311007,78237.16287670546,76440.39928249821,True,9926.603200505962,12.986069269236218,
sm,0.35,8.790278486800943,0.311575869734487,77969.01635672759,76440.39928249821,True,9926.603200505962,12.986069269236218,
sm,0.3749999999999999,8.790278486800943,0.3102355542519797,77712.10314528573,76440.39928249821,True,10100.155936113164,13.213112478372016,
sm,0.3999999999999999,8.790278486800943,0.3091250940431804,77464.17802250659,76440.39928249821,True,10348.0810588923,13.537450295947888,
sm,0.4249999999999999,8.790278486800943,0.3082301311300049,77223.32154414327,76440.39928249821,True,10588.93753725562,13.852540850973893,
sm,0.4499999999999999,8.790278486800943,0.3075407353672988,76987.84785860665,76440.39928249821,True,10824.411222792243,14.160589589267884,
sm,0.475,8.790278486800943,0.3070508156882816,76756.23409173412,76440.39928249821,True,11056.024989664773,14.463588748150555,
sm,0.4999999999999999,8.790278486800943,0.306757771254704,76527.06352449523,76440.39928249821,True,11285.195556903664,14.763391691868781,
sm,0.525,8.790278486800943,0.3066623390231226,76298.9771026937,76440.39928249821,False,11394.263868616252,14.906075812747725,
sm,0.5499999999999999,8.790278486800943,0.3067686181718258,76070.62910834834,76440.39928249821,False,11165.915874270897,14.607348966095003,
sm,0.575,8.790278486800943,0.307084271565648,75840.64342566016,76440.39928249821,False,10935.930191582722,14.306479681205184,
sm,0.6,8.790278486800943,0.307620923836283,75607.56689710953,76440.39928249821,False,10702.853663032089,14.00156692468064,
sm,0.625,8.790278486800943,0.3083947984135217,75369.81579958883,76440.39928249821,False,10465.102565511392,13.690538856077746,
sm,0.65,8.790278486800943,0.3094276665678964,75125.6103582941,76440.39928249821,False,10220.897124216655,13.371067158406163,
sm,0.675,8.790278486800943,0.3107482272215601,74872.89016365683,76440.39928249821,False,9968.176929579393,13.0404563858181,
sm,0.7,8.790278486800943,0.3123941088978888,74609.1997768633,76440.39928249821,False,9926.603200505962,12.986069269236218,
sm,0.725,8.790278486800943,0.3144148066037472,74331.52756277405,76440.39928249821,False,9926.603200505962,12.986069269236218,
sm,0.75,8.790278486800943,0.3168760791139885,74036.06961391018,76440.39928249821,False,9926.603200505964,12.98606926923622,
sm,0.775,8.790278486800943,0.319866722983739,73717.8698409244,76440.39928249821,False,9926.60320050596,12.986069269236214,
sm,0.7999999999999999,8.790278486800943,0.3235093978212057,73370.24663198994,76440.39928249821,False,9926.603200505962,12.986069269236218,
sm,0.825,8.790278486800943,0.3279787448304607,72983.83177412747,76440.39928249821,False,9926.603200505962,12.986069269236218,
sm,0.85,8.790278486800943,0.3335335421899172,72544.85671034236,76440.39928249821,False,9926.603200505962,12.986069269236218,
sm,0.875,8.790278486800943,0.3405782625365217,72031.84820492119,76440.39928249821,False,9926.603200505962,12.986069269236218,
sm,0.9,8.790278486800943,0.3497935027140349,71408.56174154133,76440.39928249821,False,9926.603200505962,12.986069269236218,
sm,0.925,8.790278486800943,0.3624550388947024,70606.49571307442,76440.39928249821,False,9926.603200505962,12.986069269236218,
sm,0.95,8.790278486800943,0.3814090382819063,69470.67489116878,76440.39928249821,False,9926.603200505962,12.986069269236218,
sm,0.05,11.991131162763333,0.3746455301280682,85717.40169386528,76482.0347511574,True,9926.603200505962,12.978999882525677,
sm,0.075,11.991131162763333,0.3600475958741444,84194.39382748891,76482.0347511574,True,9926.603200505964,12.978999882525677,
sm,0.1,11.991131162763333,0.350191844395345,83130.72210120443,76482.0347511574,True,9926.603200505962,12.978999882525677,
sm,0.125,11.991131162763333,0.3429263704079662,82309.69723534225,76482.0347511574,True,9926.603200505962,12.978999882525677,
sm,0.15,11.991131162763333,0.3372959829564921,81637.41951723376,76482.0347511574,True,9926.603200505962,12.978999882525677,
sm,0.175,11.991131162763333,0.3327942951396105,81064.83768876888,76482.0347511574,True,9926.603200505962,12.978999882525677,
sm,0.2,11.991131162763333,0.3291215725724193,80563.1459627664,76482.0347511574,True,9926.603200505962,12.978999882525677,
sm,0.2249999999999999,11.991131162763333,0.326086559137249,80113.99258895661,76482.0347511574,True,9926.603200505962,12.978999882525677,
sm,0.25,11.991131162763333,0.3235604521443428,79704.95412093183,76482.0347511574,True,9926.603200505962,12.978999882525677,
sm,0.2749999999999999,11.991131162763333,0.3214529919937436,79327.20930555026,76482.0347511574,True,9926.603200505962,12.978999882525677,
sm,0.3,11.991131162763333,0.3196990515331472,78974.24399008197,76482.0347511574,True,9926.603200505962,12.978999882525677,
sm,0.3249999999999999,11.991131162763333,0.3182506571653605,78641.08316664465,76482.0347511574,True,9926.603200505962,12.978999882525677,
sm,0.35,11.991131162763333,0.3170720178345196,78323.8114689397,76482.0347511574,True,9926.603200505962,12.978999882525677,
sm,0.3749999999999999,11.991131162763333,0.3161363158744709,78019.26029870517,76482.0347511574,True,9926.603200505962,12.978999882525677,
sm,0.3999999999999999,11.991131162763333,0.3154235811056985,77724.79547714465,76482.0347511574,True,10087.46360425424,13.189324312663617,
sm,0.4249999999999999,11.991131162763333,0.31491926116359,77438.16763139825,76482.0347511574,True,10374.091450000644,13.564089244949978,
sm,0.4499999999999999,11.991131162763333,0.3146132594870015,77157.40268239476,76482.0347511574,True,10654.856399004128,13.931188459709341,
sm,0.475,11.991131162763333,0.3144993030257781,76880.71825444538,76482.0347511574,True,10931.54082695351,14.292952407085489,
sm,0.4999999999999999,11.991131162763333,0.3145745563822101,76606.45668041776,76482.0347511574,True,11205.802400981132,14.651548481209252,
sm,0.525,11.991131162763333,0.3148394342452981,76333.02808901851,76482.0347511574,False,11428.314854941067,14.942482757060963,
sm,0.5499999999999999,11.991131162763333,0.3152975887002497,76058.85863924674,76482.0347511574,False,11154.145405169298,14.584007135088028,
sm,0.575,11.991131162763333,0.3159560678252963,75782.33972443214,76482.0347511574,False,10877.626490354696,14.222459595572,
sm,0.6,11.991131162763333,0.3168256608716902,75501.77408949392,76482.0347511574,False,10597.060855416476,13.855620983274262,
sm,0.625,11.991131162763333,0.3179214668741108,75215.31431606688,76482.0347511574,False,10310.601081989442,13.481075804973159,
sm,0.65,11.991131162763333,0.3192637521182449,74920.8879062453,76482.0347511574,False,10016.174672167865,13.096114276714232,
sm,0.675,11.991131162763333,0.3208792040010445,74616.10091397369,76482.0347511574,False,9926.603200505962,12.978999882525677,
sm,0.7,11.991131162763333,0.3228027554624862,74298.10808269533,76482.0347511574,False,9926.603200505962,12.978999882525677,
sm,0.725,11.991131162763333,0.3250802654739204,73963.43048271297,76482.0347511574,False,9926.603200505962,12.978999882525677,
sm,0.75,11.991131162763333,0.327772536069247,73607.68918973778,76482.0347511574,False,9926.603200505964,12.978999882525677,
sm,0.775,11.991131162763333,0.3309615051367556,73225.20040646686,76482.0347511574,False,9926.603200505962,12.978999882525677,
sm,0.7999999999999999,11.991131162763333,0.3347601510970625,72808.3322074056,76482.0347511574,False,9926.60320050596,12.97899988252567,
sm,0.825,11.991131162763333,0.3393290889374335,72346.42901463219,76482.0347511574,False,9926.603200505962,12.978999882525677,
sm,0.85,11.991131162763333,0.3449060680923379,71823.8984695255,76482.0347511574,False,9926.603200505962,12.978999882525677,
sm,0.875,11.991131162763333,0.3518625571935906,71216.5312974238,76482.0347511574,False,9926.603200505962,12.978999882525677,
sm,0.9,11.991131162763333,0.3608239560892129,70483.6487474069,76482.0347511574,False,9926.603200505962,12.978999882525677,
sm,0.925,11.991131162763333,0.3729646577591821,69548.71467196249,76482.0347511574,False,9926.603200505962,12.978999882525677,
sm,0.95,11.991131162763333,0.3909138396513585,68239.35680073539,76482.0347511574,False,9926.603200505962,12.978999882525677,
sm,0.05,16.357528009891592,0.3786729957969328,87602.23144486497,76534.07998753565,True,9926.603200505962,12.970173812924402,
sm,0.075,16.357528009891592,0.3641847458470215,85771.8417818082,76534.07998753565,True,9926.603200505962,12.970173812924402,
sm,0.1,16.357528009891592,0.3544425891507123,84496.5893288699,76534.07998753565,True,9926.603200505962,12.970173812924402,
sm,0.125,16.357528009891592,0.3472898549006408,83513.82663957929,76534.07998753565,True,9926.603200505962,12.970173812924402,
sm,0.15,16.357528009891592,0.3417703309709712,82710.0293385974,76534.07998753565,True,9926.603200505962,12.970173812924402,
sm,0.175,16.357528009891592,0.337377638276416,82026.00831179654,76534.07998753565,True,9926.603200505962,12.970173812924402,
sm,0.2,16.357528009891592,0.3338123748347362,81427.0576974666,76534.07998753565,True,9926.603200505962,12.970173812924402,
sm,0.2249999999999999,16.357528009891592,0.3308837194607146,80891.09532740395,76534.07998753565,True,9926.603200505962,12.970173812924402,
sm,0.25,16.357528009891592,0.328463330922505,80403.18893230503,76534.07998753565,True,9926.603200505962,12.970173812924402,
sm,0.2749999999999999,16.357528009891592,0.3264614125350428,79952.74616997586,76534.07998753565,True,9926.603200505962,12.970173812924402,
sm,0.3,16.357528009891592,0.3248132959007127,79531.95179299577,76534.07998753565,True,9926.603200505962,12.970173812924402,
sm,0.3249999999999999,16.357528009891592,0.3234714643145771,79134.84180554897,76534.07998753565,True,9926.603200505962,12.970173812924402,
sm,0.35,16.357528009891592,0.3224005874896614,78756.72587393237,76534.07998753565,True,9926.603200505964,12.970173812924402,
sm,0.3749999999999999,16.357528009891592,0.321574319853453,78393.81075459886,76534.07998753565,True,9926.603200505962,12.970173812924402,
sm,0.3999999999999999,16.357528009891592,0.3209731832216491,78042.94491012252,76534.07998753565,True,9926.603200505962,12.970173812924402,
sm,0.4249999999999999,16.357528009891592,0.3205831467823021,77701.4387122207,76534.07998753565,True,10110.820369178196,13.210873340118344,
sm,0.4499999999999999,16.357528009891592,0.3203946760542348,77366.93294067784,76534.07998753565,True,10445.32614072105,13.647941077258885,
sm,0.475,16.357528009891592,0.320402113310726,77037.29849444868,76534.07998753565,True,10774.96058695021,14.078643904395301,
sm,0.4999999999999999,16.357528009891592,0.320603306803283,76710.55608931714,76534.07998753565,True,11101.702992081757,14.505567969053502,
sm,0.525,16.357528009891592,0.3209994414894332,76384.80811159033,76534.07998753565,False,11453.772923660725,14.96558516875892,
sm,0.5499999999999999,16.357528009891592,0.3215950489972775,76058.17670483282,76534.07998753565,False,11153.463470755376,14.573198596719044,
sm,0.575,16.357528009891592,0.3223981948260406,75728.74308642386,76534.07998753565,False,10824.029852346412,14.142758172711051,
sm,0.6,16.357528009891592,0.3234208603093232,75394.48324786127,76534.07998753565,False,10489.770013783824,13.706011773437652,
sm,0.625,16.357528009891592,0.3246795593891157,75053.19462137173,76534.07998753565,False,10148.481387294289,13.26008150741091,
sm,0.65,16.357528009891592,0.3261962603227645,74702.40685004588,76534.07998753565,False,9926.603200505962,12.970173812924402,
sm,0.675,16.357528009891592,0.3279997269139634,74339.26709880348,76534.07998753565,False,9926.603200505962,12.970173812924402,
sm,0.7,16.357528009891592,0.3301274643348152,73960.38562068177,76534.07998753565,False,9926.603200505962,12.970173812924402,
sm,0.725,16.357528009891592,0.3326285723396617,73561.6190528692,76534.07998753565,False,9926.603200505962,12.970173812924402,
sm,0.75,16.357528009891592,0.3355680148612737,73137.75419641408,76534.07998753565,False,9926.603200505962,12.970173812924402,
sm,0.775,16.357528009891592,0.3390331940593898,72682.02770344712,76534.07998753565,False,9926.603200505962,12.970173812924402,
sm,0.7999999999999999,16.357528009891592,0.3431444527731272,72185.36374198711,76534.07998753565,False,9926.603200505962,12.970173812924402,
sm,0.825,16.357528009891592,0.3480726521373306,71635.10085418966,76534.07998753565,False,9926.603200505962,12.970173812924402,
sm,0.85,16.357528009891592,0.3540703770978459,71012.73040559496,76534.07998753565,False,9926.603200505962,12.970173812924402,
sm,0.875,16.357528009891592,0.3615317215100873,70289.55328833459,76534.07998753565,False,9926.603200505962,12.970173812924402,
sm,0.9,16.357528009891592,0.3711191286151319,69417.4305143751,76534.07998753565,False,9926.603200505962,12.970173812924402,
sm,0.925,16.357528009891592,0.3840742773945501,68306.00198669046,76534.07998753565,False,9926.603200505962,12.970173812924402,
sm,0.95,16.357528009891592,0.4031709923880881,66752.43332452391,76534.07998753565,False,9926.603200505962,12.970173812924402,
sm,0.05,22.313885067430725,0.3881005781178234,90099.83658887864,76590.71666028489,True,9926.603200505962,12.960582735548776,
sm,0.075,22.313885067430725,0.3741559326560729,87876.0811935582,76590.71666028489,True,9926.603200505962,12.960582735548776,
sm,0.1,22.313885067430725,0.3644800967131595,86317.15365382026,76590.71666028489,True,9926.603200505962,12.960582735548776,
sm,0.125,22.313885067430725,0.3571789806734058,85111.90194438753,76590.71666028489,True,9926.603200505962,12.960582735548776,
sm,0.15,22.313885067430725,0.3514023563942252,84124.77594299991,76590.71666028489,True,9926.603200505962,12.960582735548776,
sm,0.175,22.313885067430725,0.3466949852723624,83284.6410947294,76590.71666028489,True,9926.603200505962,12.960582735548776,
sm,0.2,22.313885067430725,0.3427850547072327,82549.55472717827,76590.71666028489,True,9926.603200505962,12.960582735548776,
sm,0.2249999999999999,22.313885067430725,0.3394978438114776,81892.70146875086,76590.71666028489,True,9926.603200505962,12.960582735548776,
sm,0.25,22.313885067430725,0.3367150017138469,81295.87246379854,76590.71666028489,True,9926.603200505964,12.960582735548778,
sm,0.2749999999999999,22.313885067430725,0.3343532731827128,80746.10424465095,76590.71666028489,True,9926.603200505962,12.960582735548776,
sm,0.3,22.313885067430725,0.3323525071818894,80233.80232962397,76590.71666028489,True,9926.603200505962,12.960582735548776,
sm,0.3249999999999999,22.313885067430725,0.3306684941007315,79751.62571981816,76590.71666028489,True,9926.603200505962,12.960582735548776,
sm,0.35,22.313885067430725,0.329268492723394,79293.7886818341,76590.71666028489,True,9926.603200505962,12.960582735548776,
sm,0.3749999999999999,22.313885067430725,0.3281283435284111,78855.60407307369,76590.71666028489,True,9926.603200505962,12.960582735548776,
sm,0.3999999999999999,22.313885067430725,0.3272305658493621,78433.17264923603,76590.71666028489,True,9926.603200505962,12.960582735548776,
sm,0.4249999999999999,22.313885067430725,0.3265630951176632,78023.16361008109,76590.71666028489,True,9926.603200505962,12.960582735548776,
sm,0.4499999999999999,22.313885067430725,0.3261184578835474,77622.6535201082,76590.71666028489,True,10189.60556129069,13.30396946993757,
sm,0.475,22.313885067430725,0.3258932640547968,77229.00295892474,76590.71666028489,True,10583.256122474151,13.817935885644951,
sm,0.4999999999999999,22.313885067430725,0.3258879459761454,76839.7572723941,76590.71666028489,True,10972.501809004796,14.32615111524925,
sm,0.525,22.313885067430725,0.3261067073053822,76452.5618549487,76590.71666028489,False,11453.772923660725,14.954518541017812,
sm,0.5499999999999999,22.313885067430725,0.3265576694276437,76065.0846560151,76590.71666028489,False,11160.371421937656,14.57144143387383,
sm,0.575,22.313885067430725,0.3272532246746084,75674.93966072166,76590.71666028489,False,10770.22642664422,14.062052029641054,
sm,0.6,22.313885067430725,0.3282106279887768,75279.60520669099,76590.71666028489,False,10374.891972613548,13.545887053950642,
sm,0.625,22.313885067430725,0.3294528860724343,74876.33018993416,76590.71666028489,False,9971.616955856718,13.019354551917086,
sm,0.65,22.313885067430725,0.3310100409602332,74462.01928324439,76590.71666028489,False,9926.603200505962,12.960582735548776,
sm,0.675,22.313885067430725,0.3329210018635715,74033.0847394272,76590.71666028489,False,9926.603200505962,12.960582735548776,
sm,0.7,22.313885067430725,0.3352361696808844,73585.24618024481,76590.71666028489,False,9926.603200505962,12.960582735548776,
sm,0.725,22.313885067430725,0.3380212496000954,73113.24904685201,76590.71666028489,False,9926.603200505962,12.960582735548776,
sm,0.75,22.313885067430725,0.3413629107948414,72610.45328665896,76590.71666028489,False,9926.603200505962,12.960582735548776,
sm,0.775,22.313885067430725,0.3453774349614135,72068.20848611154,76590.71666028489,False,9926.603200505962,12.960582735548776,
sm,0.7999999999999999,22.313885067430725,0.3502244294259805,71474.86279491126,76590.71666028489,False,9926.603200505962,12.960582735548776,
sm,0.825,22.313885067430725,0.3561296077299243,70814.1102580653,76590.71666028489,False,9926.603200505962,12.960582735548776,
sm,0.85,22.313885067430725,0.3634249386670899,70062.06161173232,76590.71666028489,False,9926.603200505962,12.960582735548776,
sm,0.875,22.313885067430725,0.3726250269900465,69181.6350365519,76590.71666028489,False,9926.603200505962,12.960582735548776,
sm,0.9,22.313885067430725,0.384588040866835,68110.65413522221,76590.71666028489,False,9926.603200505962,12.960582735548776,
sm,0.925,22.313885067430725,0.400907265249066,66732.66909324775,76590.71666028489,False,9926.603200505962,12.960582735548776,
sm,0.95,22.313885067430725,0.4251012460530767,64787.538584467606,76590.71666028489,False,9926.603200505962,12.960582735548776,
sm,0.05,30.43916333210104,0.3945516686067791,93073.58736732666,76668.10409122027,True,9926.603200505962,12.947500552113844,
sm,0.075,30.43916333210104,0.3815383475508188,90392.85856049968,76668.10409122027,True,9926.603200505962,12.947500552113844,
sm,0.1,30.43916333210104,0.3722923344720751,88503.87627562386,76668.10409122027,True,9926.603200505962,12.947500552113844,
sm,0.125,30.43916333210104,0.3651578160348747,87038.55347898441,76668.10409122027,True,9926.603200505962,12.947500552113844,
sm,0.15,30.43916333210104,0.3593885506325577,85835.91894493501,76668.10409122027,True,9926.603200505962,12.947500552113844,
sm,0.175,30.43916333210104,0.3545838014604447,84811.22194854025,76668.10409122027,True,9926.603200505962,12.947500552113844,
sm,0.2,30.43916333210104,0.3505038763405328,83914.34925448819,76668.10409122027,True,9926.603200505962,12.947500552113844,
sm,0.2249999999999999,30.43916333210104,0.3469946676410126,83113.18143049668,76668.10409122027,True,9926.60320050596,12.947500552113844,
sm,0.25,30.43916333210104,0.3439519906542514,82385.85960363218,76668.10409122027,True,9926.603200505962,12.947500552113844,
sm,0.2749999999999999,30.43916333210104,0.3413029309824474,81716.79133800056,76668.10409122027,True,9926.603200505962,12.947500552113844,
sm,0.3,30.43916333210104,0.3389953320687191,81094.41652352884,76668.10409122027,True,9926.603200505962,12.947500552113844,
sm,0.3249999999999999,30.43916333210104,0.3369915307340378,80509.87661338763,76668.10409122027,True,9926.603200505962,12.947500552113844,
sm,0.35,30.43916333210104,0.3352644701773349,79956.17990461856,76668.10409122027,True,9926.603200505962,12.947500552113844,
sm,0.3749999999999999,30.43916333210104,0.3337952259155745,79427.65421086294,76668.10409122027,True,9926.603200505962,12.947500552113844,
sm,0.3999999999999999,30.43916333210104,0.3325714196771241,78919.57326868738,76668.10409122027,True,9926.603200505962,12.947500552113844,
sm,0.4249999999999999,30.43916333210104,0.331586224336494,78427.89161166827,76668.10409122027,True,9926.603200505962,12.947500552113844,
sm,0.4499999999999999,30.43916333210104,0.3308377888746253,77949.04859012367,76668.10409122027,True,9926.603200505962,12.947500552113844,
sm,0.475,30.43916333210104,0.3303289864659771,77479.81667929143,76668.10409122027,True,10332.442402107465,13.476846107755385,
sm,0.4999999999999999,30.43916333210104,0.3300674359876005,77017.17748197033,76668.10409122027,True,10795.081599428562,14.080277225304144,14.1
sm,0.525,30.43916333210104,0.3300657806762015,76558.21354454773,76668.10409122027,False,11453.772923660725,14.939423713977511,
sm,0.5499999999999999,30.43916333210104,0.3303422349758347,76100.00663003256,76668.10409122027,False,11195.293395955116,14.602282824986611,
sm,0.575,30.43916333210104,0.3309214369564114,75639.53410939008,76668.10409122027,False,10734.820875312636,14.00167775446784,
sm,0.6,30.43916333210104,0.3318356733118647,75173.55492186018,76668.10409122027,False,10268.84168778274,13.393890209629804,
sm,0.625,30.43916333210104,0.333126581426563,74698.47510393905,76668.10409122027,False,9926.603200505962,12.947500552113844,
sm,0.65,30.43916333210104,0.3348474843612735,74210.17989850667,76668.10409122027,False,9926.603200505962,12.947500552113844,
sm,0.675,30.43916333210104,0.3370665891153794,73703.81425379001,76668.10409122027,False,9926.603200505962,12.947500552113844,
sm,0.7,30.43916333210104,0.3398713919428555,73173.48480478536,76668.10409122027,False,9926.60320050596,12.947500552113844,
sm,0.725,30.43916333210104,0.3433748160503562,72611.8417303121,76668.10409122027,False,9926.603200505962,12.947500552113844,
sm,0.75,30.43916333210104,0.3477239150121997,72009.47337056966,76668.10409122027,False,9926.603200505964,12.947500552113848,
sm,0.775,30.43916333210104,0.3531125343766613,71354.00022474531,76668.10409122027,False,9926.603200505962,12.947500552113844,
sm,0.7999999999999999,30.43916333210104,0.3598004178123026,70628.66607382306,76668.10409122027,False,9926.603200505962,12.947500552113844,
sm,0.825,30.43916333210104,0.3681435576846424,69810.04089232479,76668.10409122027,False,9926.603200505962,12.947500552113844,
sm,0.85,30.43916333210104,0.3786458922384768,68864.0405529272,76668.10409122027,False,9926.603200505964,12.947500552113848,
sm,0.875,30.43916333210104,0.3920557376380656,67738.45640421603,76668.10409122027,False,9926.603200505962,12.947500552113844,
sm,0.9,30.43916333210104,0.4095676570664787,66347.35630964985,76668.10409122027,False,9926.603200505962,12.947500552113844,
sm,0.925,30.43916333210104,0.4333140386184483,64533.321220547696,76668.10409122027,False,9926.603200505962,12.947500552113844,
sm,0.95,30.43916333210104,0.4678607228010686,61953.085519101856,76668.10409122027,False,9926.603200505962,12.947500552113844,
sm,0.05,41.52314406739971,0.3992145229953391,96679.93345843905,76773.67103498534,True,9926.603200505962,12.929697208281814,
sm,0.075,41.52314406739971,0.386860658822645,93429.64802766964,76773.67103498534,True,9926.603200505962,12.929697208281814,
sm,0.1,41.52314406739971,0.3779166418001277,91134.8192402772,76773.67103498534,True,9926.603200505962,12.929697208281814,
sm,0.125,41.52314406739971,0.3708978054245382,89352.91501769506,76773.67103498534,True,9926.603200505962,12.929697208281814,
sm,0.15,41.52314406739971,0.3651320092848112,87890.01032883568,76773.67103498534,True,9926.603200505962,12.929697208281814,
sm,0.175,41.52314406739971,0.3602570998492987,86643.83001886643,76773.67103498534,True,9926.603200505962,12.929697208281814,
sm,0.2,41.52314406739971,0.3560559955707721,85553.81141028069,76773.67103498534,True,9926.603200505962,12.929697208281814,
sm,0.2249999999999999,41.52314406739971,0.3523890296201393,84581.09071538734,76773.67103498534,True,9926.603200505962,12.929697208281814,
sm,0.25,41.52314406739971,0.3491619037090012,83699.19310474808,76773.67103498534,True,9926.603200505962,12.929697208281814,
sm,0.2749999999999999,41.52314406739971,0.3463089019731929,82889.21901973462,76773.67103498534,True,9926.60320050596,12.929697208281809,
sm,0.3,41.52314406739971,0.3437834283795899,82137.1488475913,76773.67103498534,True,9926.603200505962,12.929697208281814,
sm,0.3249999999999999,41.52314406739971,0.3415523787098558,81432.23578035548,76773.67103498534,True,9926.603200505962,12.929697208281814,
sm,0.35,41.52314406739971,0.3395926685149078,80765.99663704795,76773.67103498534,True,9926.603200505962,12.929697208281814,
sm,0.3749999999999999,41.52314406739971,0.3378890515669407,80131.54930555429,76773.67103498534,True,9926.603200505962,12.929697208281814,
sm,0.3999999999999999,41.52314406739971,0.3364327589361266,79523.15975660516,76773.67103498534,True,9926.603200505962,12.929697208281814,
sm,0.4249999999999999,41.52314406739971,0.3352206950194207,78935.9198342625,76773.67103498534,True,9926.603200505962,12.929697208281814,
sm,0.4499999999999999,41.52314406739971,0.3342550416020377,78365.5082593572,76773.67103498534,True,9926.603200505962,12.929697208281814,
sm,0.475,41.52314406739971,0.3335431896405836,77808.00468380823,76773.67103498534,True,10004.254397590656,13.030840212176088,
sm,0.4999999999999999,41.52314406739971,0.3330979633762628,77259.73655056774,76773.67103498534,True,10552.522530831147,13.744975834257582,
sm,0.525,41.52314406739971,0.3329381346256602,76717.14413325884,76773.67103498534,False,11453.772923660725,14.918881394171322,
sm,0.5499999999999999,41.52314406739971,0.3330892537670778,76176.65208617144,76773.67103498534,False,11271.938852093996,14.682037083986042,
sm,0.575,41.52314406739971,0.3335848529551038,75634.53694327184,76773.67103498534,False,10729.8237091944,13.97591591563321,
sm,0.6,41.52314406739971,0.334468110659609,75086.77959353715,76773.67103498534,False,10182.066359459714,13.262445604326777,
sm,0.625,41.52314406739971,0.3357941092859015,74528.88981031087,76773.67103498534,False,9926.603200505962,12.929697208281814,
sm,0.65,41.52314406739971,0.3376328753823024,73955.68606990507,76773.67103498534,False,9926.603200505962,12.929697208281814,
sm,0.675,41.52314406739971,0.3400734739204202,73361.00736554683,76773.67103498534,False,9926.603200505964,12.929697208281816,
sm,0.7,41.52314406739971,0.3432295499972295,72737.3229985445,76773.67103498534,False,9926.603200505962,12.929697208281814,
sm,0.725,41.52314406739971,0.3472469027066215,72075.18857207858,76773.67103498534,False,9926.603200505962,12.929697208281814,
sm,0.75,41.52314406739971,0.3523139981299676,71362.46608105167,76773.67103498534,False,9926.603200505964,12.929697208281816,
sm,0.775,41.52314406739971,0.3586769172697595,70583.17160265917,76773.67103498534,False,9926.603200505962,12.929697208281814,
sm,0.7999999999999999,41.52314406739971,0.3666614086647813,69715.7102135441,76773.67103498534,False,9926.603200505962,12.929697208281814,
sm,0.825,41.52314406739971,0.3767072567428421,68730.04385833057,76773.67103498534,False,9926.603200505962,12.929697208281814,
sm,0.85,41.52314406739971,0.3894261157433235,67582.85808312955,76773.67103498534,False,9926.603200505962,12.929697208281814,
sm,0.875,41.52314406739971,0.405709001836422,66208.6061309473,76773.67103498534,False,9926.603200505962,12.929697208281814,
sm,0.9,41.52314406739971,0.4269519791038501,64500.99108970946,76773.67103498534,False,9926.603200505962,12.929697208281814,
sm,0.925,41.52314406739971,0.4556084322324124,62268.49363556627,76773.67103498534,False,9926.603200505962,12.929697208281814,
sm,0.95,41.52314406739971,0.4968742028856088,59100.869308996975,76773.67103498534,False,9926.603200505962,12.929697208281814,
sm,0.05,56.643195952226634,0.4091929992546639,101590.74615906282,76923.82347516104,True,9926.603200505962,12.904458920598632,
sm,0.075,56.643195952226634,0.3955140437979828,97440.69949965326,76923.82347516104,True,9926.603200505962,12.904458920598632,
sm,0.1,56.643195952226634,0.3860655858249255,94564.90268740695,76923.82347516104,True,9926.603200505962,12.904458920598632,
sm,0.125,56.643195952226634,0.3789613669986633,92359.7532640696,76923.82347516104,True,9926.603200505962,12.904458920598632,
sm,0.15,56.643195952226634,0.3733585045307229,90565.23869011618,76923.82347516104,True,9926.603200505962,12.904458920598632,
sm,0.175,56.643195952226634,0.3688076614071894,89046.0526433375,76923.82347516104,True,9926.603200505962,12.904458920598632,
sm,0.2,56.643195952226634,0.3650417835562493,87722.95528614594,76923.82347516104,True,9926.603200505962,12.904458920598632,
sm,0.2249999999999999,56.643195952226634,0.3618901133895946,86545.57709910246,76923.82347516104,True,9926.603200505962,12.904458920598632,
sm,0.25,56.643195952226634,0.3592377355862101,85479.88887723947,76923.82347516104,True,9926.603200505962,12.904458920598632,
sm,0.2749999999999999,56.643195952226634,0.3570045000951174,84501.77739862811,76923.82347516104,True,9926.603200505962,12.904458920598632,
sm,0.3,56.643195952226634,0.3551331807335827,83593.47550892917,76923.82347516104,True,9926.603200505962,12.904458920598632,
sm,0.3249999999999999,56.643195952226634,0.3535824332492843,82741.4486052141,76923.82347516104,True,9926.603200505964,12.904458920598634,
sm,0.35,56.643195952226634,0.3523224269133499,81935.07675234522,76923.82347516104,True,9926.603200505962,12.904458920598632,
sm,0.3749999999999999,56.643195952226634,0.3513320557861908,81165.79578949157,76923.82347516104,True,9926.603200505962,12.904458920598632,
sm,0.3999999999999999,56.643195952226634,0.3505971347815886,80426.51502042975,76923.82347516104,True,9926.60320050596,12.904458920598628,
sm,0.4249999999999999,56.643195952226634,0.3501092434949184,79711.20733005316,76923.82347516104,True,9926.603200505964,12.904458920598634,
sm,0.4499999999999999,56.643195952226634,0.34986502223011,79014.60939046978,76923.82347516104,True,9926.603200505962,12.904458920598632,
sm,0.475,56.643195952226634,0.3498658071198328,78331.99291130909,76923.82347516104,True,9926.60320050596,12.904458920598628,
sm,0.4999999999999999,56.643195952226634,0.3501175428505677,77658.98123535716,76923.82347516104,True,10153.27784604173,13.199133099930032,
sm,0.525,56.643195952226634,0.3506309470818868,76991.39329348033,76923.82347516104,True,10820.86578791856,14.066989001674697,
sm,0.5499999999999999,56.643195952226634,0.3514219286794325,76325.10123930534,76923.82347516104,False,11420.388005227898,14.846360320240164,
sm,0.575,56.643195952226634,0.3525122879485876,75655.89012562981,76923.82347516104,False,10751.17689155237,13.976394315636117,
sm,0.6,56.643195952226634,0.3539307557005064,74979.30827856147,76923.82347516104,False,10074.595044484024,13.096846450615063,
sm,0.625,56.643195952226634,0.3557144639929589,74290.49566285063,76923.82347516104,False,9926.603200505962,12.904458920598632,
sm,0.65,56.643195952226634,0.3579109911141527,73583.9742154039,76923.82347516104,False,9926.603200505962,12.904458920598632,
sm,0.675,56.643195952226634,0.3605811966416265,72853.37806691491,76923.82347516104,False,9926.603200505964,12.904458920598634,
sm,0.7,56.643195952226634,0.3638031760033233,72091.09120361178,76923.82347516104,False,9926.603200505962,12.904458920598632,
sm,0.725,56.643195952226634,0.3676778488236413,71287.74242957299,76923.82347516104,False,9926.603200505962,12.904458920598632,
sm,0.75,56.643195952226634,0.3723370123001265,70431.47656709257,76923.82347516104,False,9926.603200505962,12.904458920598632,
sm,0.775,56.643195952226634,0.3779552674427581,69506.86454169295,76923.82347516104,False,9926.60320050596,12.904458920598628,
sm,0.7999999999999999,56.643195952226634,0.3847683467707829,68493.20686291473,76923.82347516104,False,9926.603200505962,12.904458920598632,
sm,0.825,56.643195952226634,0.3931027149570073,67361.76303151184,76923.82347516104,False,9926.603200505962,12.904458920598632,
sm,0.85,56.643195952226634,0.4034266200652782,66070.9457691555,76923.82347516104,False,9926.603200505962,12.904458920598632,
sm,0.875,56.643195952226634,0.4164459646006257,64557.30870500818,76923.82347516104,False,9926.603200505962,12.904458920598632,
sm,0.9,56.643195952226634,0.4333053237412496,62716.795479594955,76923.82347516104,False,9926.603200505962,12.904458920598632,
sm,0.925,56.643195952226634,0.4560770068555902,60359.650669711606,76923.82347516104,False,9926.603200505962,12.904458920598632,
sm,0.95,56.643195952226634,0.4892482715232772,57075.25334825398,76923.82347516104,False,9926.603200505962,12.904458920598632,
sm,0.05,77.26899587551549,0.4252385340568865,108474.1822471232,77134.4257460737,True,9926.60320050596,12.869225517001071,
sm,0.075,77.26899587551549,0.4093545072274318,102967.80343262332,77134.4257460737,True,9926.603200505962,12.869225517001075,
sm,0.1,77.26899587551549,0.3984823895328648,99218.16819454952,77134.4257460737,True,9926.603200505964,12.869225517001077,
sm,0.125,77.26899587551549,0.3903880525208232,96380.70556322463,77134.4257460737,True,9926.603200505962,12.869225517001075,
sm,0.15,77.26899587551549,0.384072240862038,94095.94857409855,77134.4257460737,True,9926.603200505962,12.869225517001075,
sm,0.175,77.26899587551549,0.3790017754557585,92178.59135344852,77134.4257460737,True,9926.603200505962,12.869225517001075,
sm,0.2,77.26899587551549,0.3748594292034368,90520.96802674612,77134.4257460737,True,9926.603200505962,12.869225517001075,
sm,0.2249999999999999,77.26899587551549,0.3714420605829794,89055.11290150225,77134.4257460737,True,9926.603200505962,12.869225517001075,
sm,0.25,77.26899587551549,0.3686126582406195,87735.39657858771,77134.4257460737,True,9926.603200505962,12.869225517001075,
sm,0.2749999999999999,77.26899587551549,0.3662753359604646,86529.67471509801,77134.4257460737,True,9926.603200505962,12.869225517001075,
sm,0.3,77.26899587551549,0.3643612674417443,85414.39515892102,77134.4257460737,True,9926.603200505962,12.869225517001075,
sm,0.3249999999999999,77.26899587551549,0.3628203046636635,84371.7152993839,77134.4257460737,True,9926.603200505962,12.869225517001075,
sm,0.35,77.26899587551549,0.3616157592170058,83387.71312164437,77134.4257460737,True,9926.603200505962,12.869225517001075,
sm,0.3749999999999999,77.26899587551549,0.3607210481810217,82451.22703247129,77134.4257460737,True,9926.603200505962,12.869225517001075,
sm,0.3999999999999999,77.26899587551549,0.3601174968186392,81553.0735876249,77134.4257460737,True,9926.603200505962,12.869225517001075,
sm,0.4249999999999999,77.26899587551549,0.3597928951962624,80685.50049506068,77134.4257460737,True,9926.60320050596,12.869225517001071,
sm,0.4499999999999999,77.26899587551549,0.3597405725171344,79841.78997590776,77134.4257460737,True,9926.60320050596,12.869225517001071,
sm,0.475,77.26899587551549,0.3599588493529778,79015.95967004861,77134.4257460737,True,9926.60320050596,12.869225517001071,
sm,0.4999999999999999,77.26899587551549,0.3604507873160399,78202.5267066019,77134.4257460737,True,9926.603200505964,12.869225517001077,
sm,0.525,77.26899587551549,0.3612241954058203,77396.31130927458,77134.4257460737,True,10415.947772124317,13.503630410646451,
sm,0.5499999999999999,77.26899587551549,0.3622918821271648,76592.26247716995,77134.4257460737,False,11453.772923660725,14.849106365770465,
sm,0.575,77.26899587551549,0.363672168821331,75785.29148979543,77134.4257460737,False,10880.578255717992,14.105995021648079,
sm,0.6,77.26899587551549,0.3653897074517671,74970.10000984369,77134.4257460737,False,10065.38677576625,13.04914981658316,
sm,0.625,77.26899587551549,0.3674766804772171,74140.98862834908,77134.4257460737,False,9926.603200505962,12.869225517001075,
sm,0.65,77.26899587551549,0.3699745082256797,73291.6285719679,77134.4257460737,False,9926.603200505962,12.869225517001075,
sm,0.675,77.26899587551549,0.3729362609666231,72414.77316352005,77134.4257460737,False,9926.603200505962,12.869225517001075,
sm,0.7,77.26899587551549,0.3764300869083677,71501.87480212607,77134.4257460737,False,9926.603200505962,12.869225517001075,
sm,0.725,77.26899587551549,0.3805441570485689,70542.55440494734,77134.4257460737,False,9926.603200505962,12.869225517001075,
sm,0.75,77.26899587551549,0.3853939578111335,69523.83692017799,77134.4257460737,False,9926.603200505962,12.869225517001075,
sm,0.775,77.26899587551549,0.39113336470654,68429.00535127337,77134.4257460737,False,9926.603200505962,12.869225517001075,
sm,0.7999999999999999,77.26899587551549,0.3979720913610463,67235.80788833402,77134.4257460737,False,9926.603200505962,12.869225517001075,
sm,0.825,77.26899587551549,0.4062044959926716,65913.5114060894,77134.4257460737,False,9926.603200505962,12.869225517001075,
sm,0.85,77.26899587551549,0.4162600379483098,64417.76130179067,77134.4257460737,False,9926.603200505962,12.869225517001075,
sm,0.875,77.26899587551549,0.4287987035181915,62680.910462969165,77134.4257460737,False,9926.603200505962,12.869225517001075,
sm,0.9,77.26899587551549,0.4449110100066262,60591.90387818704,77134.4257460737,False,9926.603200505962,12.869225517001075,
sm,0.925,77.26899587551549,0.4666025958494052,57948.0952071589,77134.4257460737,False,9926.603200505962,12.869225517001075,
sm,0.95,77.26899587551549,0.4982625667535955,54311.76939194812,77134.4257460737,False,9926.603200505962,12.869225517001075,
sm,0.05,105.40538229244686,0.4505344639680883,118748.34251706942,77436.79708111743,True,9926.603200505962,12.818974408390808,
sm,0.075,105.40538229244686,0.4313392564358058,111052.4526774217,77436.79708111743,True,9926.603200505962,12.818974408390808,
sm,0.1,105.40538229244686,0.4178610391648583,105895.07895123512,77436.79708111743,True,9926.603200505962,12.818974408390808,
sm,0.125,105.40538229244686,0.4075952382992072,102045.35808505994,77436.79708111743,True,9926.603200505962,12.818974408390808,
sm,0.15,105.40538229244686,0.3994105355783867,98983.53146795165,77436.79708111743,True,9926.603200505962,12.818974408390808,
sm,0.175,105.40538229244686,0.3926982043812566,96443.2846264196,77436.79708111743,True,9926.603200505962,12.818974408390808,
sm,0.2,105.40538229244686,0.3870934188844753,94270.66956628776,77436.79708111743,True,9926.60320050596,12.818974408390803,
sm,0.2249999999999999,105.40538229244686,0.3823610727624935,92368.94329101514,77436.79708111743,True,9926.603200505962,12.818974408390808,
sm,0.25,105.40538229244686,0.3783417403212443,90673.4306205106,77436.79708111743,True,9926.603200505962,12.818974408390808,
sm,0.2749999999999999,105.40538229244686,0.3749233658315302,89138.757515873,77436.79708111743,True,9926.603200505962,12.818974408390808,
sm,0.3,105.40538229244686,0.3720252730847531,87731.8166732987,77436.79708111743,True,9926.603200505962,12.818974408390808,
sm,0.3249999999999999,105.40538229244686,0.3695886043532355,86427.6354489834,77436.79708111743,True,9926.603200505962,12.818974408390808,
sm,0.35,105.40538229244686,0.3675703537527781,85206.81873388148,77436.79708111743,True,9926.603200505962,12.818974408390808,
sm,0.3749999999999999,105.40538229244686,0.3659395300791151,84053.89522282212,77436.79708111743,True,9926.603200505962,12.818974408390808,
sm,0.3999999999999999,105.40538229244686,0.3646746486598293,82956.20561852102,77436.79708111743,True,9926.603200505962,12.818974408390808,
sm,0.4249999999999999,105.40538229244686,0.3637620959285564,81903.12776875698,77436.79708111743,True,9926.603200505962,12.818974408390808,
sm,0.4499999999999999,105.40538229244686,0.3631950994249387,80885.51699146138,77436.79708111743,True,9926.603200505962,12.818974408390808,
sm,0.475,105.40538229244686,0.3629731458468505,79895.28609931775,77436.79708111743,True,9926.603200505962,12.818974408390808,
sm,0.4999999999999999,105.40538229244686,0.3631017580393915,78925.0761862308,77436.79708111743,True,9926.603200505962,12.818974408390808,
sm,0.525,105.40538229244686,0.3635925880350502,77967.98475259783,77436.79708111743,True,9926.60320050596,12.818974408390803,
sm,0.5499999999999999,105.40538229244686,0.3644638186610511,77017.32672451051,77436.79708111743,False,11453.772923660725,14.791124317374006,
sm,0.575,105.40538229244686,0.3657408980793232,76066.40872252022,77436.79708111743,False,11161.695488442783,14.41394260760884,
sm,0.6,105.40538229244686,0.3674576657495936,75108.29872716841,77436.79708111743,False,10203.58549309097,13.17666261738899,
sm,0.625,105.40538229244686,0.3696579708133272,74135.57248142552,77436.79708111743,False,9926.603200505962,12.818974408390808,
sm,0.65,105.40538229244686,0.3723979429230132,73140.0143569063,77436.79708111743,False,9926.603200505962,12.818974408390808,
sm,0.675,105.40538229244686,0.3757491637865247,72112.24308334076,77436.79708111743,False,9926.603200505962,12.818974408390808,
sm,0.7,105.40538229244686,0.3798031269220251,71041.2197378738,77436.79708111743,False,9926.603200505962,12.818974408390808,
sm,0.725,105.40538229244686,0.3846776030589381,69913.5728714378,77436.79708111743,False,9926.603200505962,12.818974408390808,
sm,0.75,105.40538229244686,0.3905259258681393,68712.63607614602,77436.79708111743,False,9926.603200505962,12.818974408390808,
sm,0.775,105.40538229244686,0.3975509333085734,67417.02132872761,77436.79708111743,False,9926.603200505962,12.818974408390808,
sm,0.7999999999999999,105.40538229244686,0.4060266819831888,65998.4141131264,77436.79708111743,False,9926.603200505964,12.818974408390808,
sm,0.825,105.40538229244686,0.4163338827283839,64417.99776761653,77436.79708111743,False,9926.603200505962,12.818974408390808,
sm,0.85,105.40538229244686,0.4290212826559135,62620.3048114126,77436.79708111743,False,9926.603200505962,12.818974408390808,
sm,0.875,105.40538229244686,0.4449205804511763,60521.82418426037,77436.79708111743,False,9926.603200505962,12.818974408390808,
sm,0.9,105.40538229244686,0.4653851702190614,57987.68480742121,77436.79708111743,False,9926.603200505962,12.818974408390808,
sm,0.925,105.40538229244686,0.4928643984784972,54776.76056252761,77436.79708111743,False,9926.603200505962,12.818974408390808,
sm,0.95,105.40538229244686,0.5326330284863532,50381.36230982706,77436.79708111743,False,9926.603200505962,12.818974408390808,
sm,0.05,143.7872265625939,0.461945784560931,130808.66886044834,77851.1482971451,True,9926.603200505962,12.750747314115065,
sm,0.075,143.7872265625939,0.4401065971997472,120372.69946386304,77851.1482971451,True,9926.603200505962,12.750747314115065,
sm,0.1,143.7872265625939,0.425238300599682,113574.63607879472,77851.1482971451,True,9926.603200505962,12.750747314115065,
sm,0.125,143.7872265625939,0.4142207190151921,108599.4136481453,77851.1482971451,True,9926.603200505962,12.750747314115065,
sm,0.15,143.7872265625939,0.4056550578751522,104699.50772059898,77851.1482971451,True,9926.603200505962,12.750747314115065,
sm,0.175,143.7872265625939,0.3987943402182147,101499.37709473255,77851.1482971451,True,9926.603200505962,12.750747314115065,
sm,0.2,143.7872265625939,0.3931940787218299,98785.49250075562,77851.1482971451,True,9926.603200505962,12.750747314115065,
sm,0.2249999999999999,143.7872265625939,0.3885696377891267,96425.5860741378,77851.1482971451,True,9926.603200505962,12.750747314115065,
sm,0.25,143.7872265625939,0.3847289658812196,94332.36380278356,77851.1482971451,True,9926.603200505962,12.750747314115065,
sm,0.2749999999999999,143.7872265625939,0.3815374771952554,92445.30004770892,77851.1482971451,True,9926.603200505962,12.750747314115065,
sm,0.3,143.7872265625939,0.3788982776967006,90720.71637219004,77851.1482971451,True,9926.603200505962,12.750747314115065,
sm,0.3249999999999999,143.7872265625939,0.3767403678155741,89126.01281611565,77851.1482971451,True,9926.603200505962,12.750747314115065,
sm,0.35,143.7872265625939,0.3750112833500602,87636.13233476358,77851.1482971451,True,9926.603200505962,12.750747314115065,
sm,0.3749999999999999,143.7872265625939,0.3736723492817144,86231.29603473465,77851.1482971451,True,9926.603200505964,12.750747314115065,
sm,0.3999999999999999,143.7872265625939,0.3726955498914145,84895.49557666984,77851.1482971451,True,9926.603200505964,12.750747314115065,
sm,0.4249999999999999,143.7872265625939,0.3720614462529318,83615.45384976476,77851.1482971451,True,9926.603200505964,12.750747314115065,
sm,0.4499999999999999,143.7872265625939,0.3717578057376161,82379.8838436804,77851.1482971451,True,9926.603200505964,12.750747314115065,
sm,0.475,143.7872265625939,0.3717787426875122,81178.94132887288,77851.1482971451,True,9926.603200505962,12.750747314115065,
sm,0.4999999999999999,143.7872265625939,0.3721242514622023,80003.80456818594,77851.1482971451,True,9926.603200505962,12.750747314115065,
sm,0.525,143.7872265625939,0.372800066864382,78846.33632899025,77851.1482971451,True,9926.60320050596,12.750747314115058,
sm,0.5499999999999999,143.7872265625939,0.3738178260495469,77698.7964320712,77851.1482971451,False,11453.772923660725,14.71240074705584,
sm,0.575,143.7872265625939,0.3751955388688829,76553.58038988599,77851.1482971451,False,11453.772923660728,14.71240074705584,
sm,0.6,143.7872265625939,0.3769584064822575,75402.96311996836,77851.1482971451,False,10498.249885890922,13.485028950145756,
sm,0.625,143.7872265625939,0.3791400670993256,74238.82702567053,77851.1482971451,False,9926.60320050596,12.750747314115058,
sm,0.65,143.7872265625939,0.3817844005195643,73052.35091506512,77851.1482971451,False,9926.603200505962,12.750747314115065,
sm,0.675,143.7872265625939,0.3849481013747112,71833.62949779458,77851.1482971451,False,9926.60320050596,12.750747314115058,
sm,0.7,143.7872265625939,0.3887043543742322,70571.18067348344,77851.1482971451,False,9926.60320050596,12.750747314115058,
sm,0.725,143.7872265625939,0.3931481494032063,69251.27570230511,77851.1482971451,False,9926.603200505962,12.750747314115065,
sm,0.75,143.7872265625939,0.3984041294256696,67856.9880935052,77851.1482971451,False,9926.603200505962,12.750747314115065,
sm,0.775,143.7872265625939,0.4046385113029559,66366.78527259524,77851.1482971451,False,9926.603200505962,12.750747314115065,
sm,0.7999999999999999,143.7872265625939,0.4120778655719812,64752.34970170145,77851.1482971451,False,9926.603200505962,12.750747314115065,
sm,0.825,143.7872265625939,0.4210401000759639,62975.0370376394,77851.1482971451,False,9926.603200505962,12.750747314115065,
sm,0.85,143.7872265625939,0.4319886761946727,60979.76793661947,77851.1482971451,False,9926.603200505964,12.750747314115065,
sm,0.875,143.7872265625939,0.4456350123013758,58683.67961585668,77851.1482971451,False,9926.603200505962,12.750747314115065,
sm,0.9,143.7872265625939,0.4631527845829943,55952.85809284063,77851.1482971451,False,9926.603200505962,12.750747314115065,
sm,0.925,143.7872265625939,0.4866963055269578,52547.54469896036,77851.1482971451,False,9926.603200505962,12.750747314115065,
sm,0.95,143.7872265625939,0.5209686992874146,47962.441662483136,77851.1482971451,False,9926.603200505962,12.750747314115065,
sm,0.05,196.1452638651852,0.4691997599049932,146485.39345992135,78415.35164343454,True,9926.603200505962,12.659004891852812,
sm,0.075,196.1452638651852,0.4465150772487589,132526.73922961118,78415.35164343454,True,9926.603200505962,12.659004891852812,
sm,0.1,196.1452638651852,0.4312595824416462,123611.52233169986,78415.35164343454,True,9926.603200505962,12.659004891852812,
sm,0.125,196.1452638651852,0.4200801103251086,117176.41429824827,78415.35164343454,True,9926.603200505962,12.659004891852812,
sm,0.15,196.1452638651852,0.4114774641817849,112184.23372453023,78415.35164343454,True,9926.603200505962,12.659004891852812,
sm,0.175,196.1452638651852,0.4046533553373789,108120.9487170852,78415.35164343454,True,9926.603200505962,12.659004891852812,
sm,0.2,196.1452638651852,0.3991341317161123,104697.5334608906,78415.35164343454,True,9926.603200505962,12.659004891852812,
sm,0.2249999999999999,196.1452638651852,0.3946172996968196,101736.66629207766,78415.35164343454,True,9926.603200505962,12.659004891852812,
sm,0.25,196.1452638651852,0.3908992292825113,99122.3130760404,78415.35164343454,True,9926.603200505962,12.659004891852812,
sm,0.2749999999999999,196.1452638651852,0.3878374573853339,96774.64664447974,78415.35164343454,True,9926.603200505962,12.659004891852812,
sm,0.3,196.1452638651852,0.3853294864732695,94636.4813731205,78415.35164343454,True,9926.603200505962,12.659004891852812,
sm,0.3249999999999999,196.1452638651852,0.3833001469467871,92665.43933360033,78415.35164343454,True,9926.603200505962,12.659004891852812,
sm,0.35,196.1452638651852,0.3816937164109921,90829.17984203802,78415.35164343454,True,9926.60320050596,12.65900489185281,
sm,0.3749999999999999,196.1452638651852,0.3804688332048415,89102.3627967946,78415.35164343454,True,9926.603200505962,12.659004891852812,
sm,0.3999999999999999,196.1452638651852,0.3795951328720031,87464.64025470127,78415.35164343454,True,9926.603200505962,12.659004891852812,
sm,0.4249999999999999,196.1452638651852,0.3790509957281426,85899.28161025136,78415.35164343454,True,9926.603200505962,12.659004891852812,
sm,0.4499999999999999,196.1452638651852,0.3788220441169028,84392.20138339889,78415.35164343454,True,9926.603200505962,12.659004891852812,
sm,0.475,196.1452638651852,0.3789001717087625,82931.24875783105,78415.35164343454,True,9926.603200505964,12.659004891852817,
sm,0.4999999999999999,196.1452638651852,0.3792829743265556,81505.66951987494,78415.35164343454,True,9926.60320050596,12.65900489185281,
sm,0.525,196.1452638651852,0.3799735082447334,80105.68127778178,78415.35164343454,True,9926.60320050596,12.65900489185281,
sm,0.5499999999999999,196.1452638651852,0.3809803421299913,78722.12077738743,78415.35164343454,True,9926.603200505964,12.659004891852817,
sm,0.575,196.1452638651852,0.3823179016231404,77346.13254473983,78415.35164343454,False,11453.772923660725,14.60654410598401,
sm,0.6,196.1452638651852,0.3840071374362339,75968.87349225466,78415.35164343454,False,11064.160258177217,14.109686466098482,
sm,0.625,196.1452638651852,0.3860765847575206,74581.20970390146,78415.35164343454,False,9926.60320050596,12.65900489185281,
sm,0.65,196.1452638651852,0.3885639310657086,73173.37961075795,78415.35164343454,False,9926.603200505962,12.659004891852812,
sm,0.675,196.1452638651852,0.3915182821563061,71734.59153632582,78415.35164343454,False,9926.60320050596,12.65900489185281,
sm,0.7,196.1452638651852,0.3950034308712319,70252.51131067707,78415.35164343454,False,9926.603200505962,12.659004891852812,
sm,0.725,196.1452638651852,0.3991026235624247,68712.57352656119,78415.35164343454,False,9926.603200505964,12.659004891852817,
sm,0.75,196.1452638651852,0.4039256510423665,67097.01044054859,78415.35164343454,False,9926.603200505964,12.659004891852817,
sm,0.775,196.1452638651852,0.4096196969416169,65383.41995681306,78415.35164343454,False,9926.603200505964,12.659004891852817,
sm,0.7999999999999999,196.1452638651852,0.4163865459878869,63542.55515258767,78415.35164343454,False,9926.603200505962,12.659004891852812,
sm,0.825,196.1452638651852,0.4245111607668747,61534.73572038059,78415.35164343454,False,9926.603200505962,12.659004891852812,
sm,0.85,196.1452638651852,0.4344119864362871,59303.66535295872,78415.35164343454,False,9926.60320050596,12.65900489185281,
sm,0.875,196.1452638651852,0.4467364656590871,56764.95987302175,78415.35164343454,False,9926.603200505962,12.659004891852812,
sm,0.9,196.1452638651852,0.4625618014979006,53782.677017044574,78415.35164343454,False,9926.603200505964,12.659004891852817,
sm,0.925,196.1452638651852,0.4838823226480481,50114.24516545659,78415.35164343454,False,9926.603200505962,12.659004891852812,
sm,0.95,196.1452638651852,0.5150883008080823,45250.896651351635,78415.35164343454,False,9926.603200505962,12.659004891852812,
sm,0.05,267.5687225943879,0.4674320387311559,165674.99121747847,79174.45721037732,True,9926.603200505962,12.537633411403915,
sm,0.075,267.5687225943879,0.4518303909759934,148914.09296704127,79174.45721037732,True,9926.603200505962,12.537633411403915,
sm,0.1,267.5687225943879,0.4407497266392545,137892.03565345358,79174.45721037732,True,9926.603200505962,12.537633411403915,
sm,0.125,267.5687225943879,0.4321995601705342,129775.07328038973,79174.45721037732,True,9926.603200505962,12.537633411403915,
sm,0.15,267.5687225943879,0.4252831172038682,123388.41725355244,79174.45721037732,True,9926.603200505962,12.537633411403915,
sm,0.175,267.5687225943879,0.4195190183273233,118138.32163821718,79174.45721037732,True,9926.603200505964,12.537633411403915,
sm,0.2,267.5687225943879,0.4146194147523788,113685.3403753556,79174.45721037732,True,9926.603200505962,12.537633411403915,
sm,0.2249999999999999,267.5687225943879,0.4103992245033046,109818.1787453124,79174.45721037732,True,9926.603200505962,12.537633411403915,
sm,0.25,267.5687225943879,0.4067332390398123,106396.7937648411,79174.45721037732,True,9926.603200505962,12.537633411403915,
sm,0.2749999999999999,267.5687225943879,0.4035336857896389,103323.74598910451,79174.45721037732,True,9926.603200505962,12.537633411403915,
sm,0.3,267.5687225943879,0.400737576652341,100528.5348016835,79174.45721037732,True,9926.603200505962,12.537633411403915,
sm,0.3249999999999999,267.5687225943879,0.3982991594120643,97958.4614478093,79174.45721037732,True,9926.603200505962,12.537633411403915,
sm,0.35,267.5687225943879,0.3961852208222555,95573.01337772956,79174.45721037732,True,9926.603200505962,12.537633411403915,
sm,0.3749999999999999,267.5687225943879,0.3943720797160776,93340.25869176496,79174.45721037732,True,9926.603200505964,12.537633411403915,
sm,0.3999999999999999,267.5687225943879,0.3928436367301859,91234.4422592026,79174.45721037732,True,9926.603200505964,12.537633411403915,
sm,0.4249999999999999,267.5687225943879,0.3915901208986507,89234.32786683891,79174.45721037732,True,9926.603200505962,12.537633411403915,
sm,0.4499999999999999,267.5687225943879,0.3906073239188128,87322.01773495832,79174.45721037732,True,9926.603200505962,12.537633411403915,
sm,0.475,267.5687225943879,0.3898962008932748,85482.0844006316,79174.45721037732,True,9926.603200505962,12.537633411403915,
sm,0.4999999999999999,267.5687225943879,0.3894627716492905,83700.90955499407,79174.45721037732,True,9926.603200505964,12.537633411403915,
sm,0.525,267.5687225943879,0.3893182950886596,81966.15956928075,79174.45721037732,True,9926.60320050596,12.53763341140391,
sm,0.5499999999999999,267.5687225943879,0.3894797195671384,80266.34837785726,79174.45721037732,True,9926.603200505962,12.537633411403915,
sm,0.575,267.5687225943879,0.389970441198802,78590.4505592862,79174.45721037732,False,11453.772923660725,14.466500090081432,
sm,0.6,267.5687225943879,0.390821434449752,76927.5337510924,79174.45721037732,False,11453.772923660728,14.46650009008144,
sm,0.625,267.5687225943879,0.3920728612239491,75266.38130994946,79174.45721037732,False,10361.668075872016,13.087134968718068,
sm,0.65,267.5687225943879,0.3937763238545479,73595.07367403175,79174.45721037732,False,9926.603200505964,12.537633411403915,
sm,0.675,267.5687225943879,0.3959980166467104,71900.48948108828,79174.45721037732,False,9926.60320050596,12.53763341140391,
sm,0.7,267.5687225943879,0.398823171553445,70167.67312428441,79174.45721037732,False,9926.603200505962,12.537633411403915,
sm,0.725,267.5687225943879,0.4023624255853617,68378.98992290797,79174.45721037732,False,9926.603200505964,12.537633411403915,
sm,0.75,267.5687225943879,0.4067611360641368,66512.94522822693,79174.45721037732,False,9926.60320050596,12.53763341140391,
sm,0.775,267.5687225943879,0.4122133875062478,64542.46299791595,79174.45721037732,False,9926.60320050596,12.53763341140391,
sm,0.7999999999999999,267.5687225943879,0.4189838000963249,62432.26751436809,79174.45721037732,False,9926.603200505964,12.537633411403915,
sm,0.825,267.5687225943879,0.4274430292343718,60134.709319904454,79174.45721037732,False,9926.603200505964,12.537633411403915,
sm,0.85,267.5687225943879,0.4381289787290626,57582.72660472365,79174.45721037732,False,9926.603200505962,12.537633411403915,
sm,0.875,267.5687225943879,0.4518607210607721,54677.09812323767,79174.45721037732,False,9926.603200505962,12.537633411403915,
sm,0.9,267.5687225943879,0.4699737244354297,51261.03857694875,79174.45721037732,False,9926.60320050596,12.53763341140391,
sm,0.925,267.5687225943879,0.4948828646241601,47062.195735697445,79174.45721037732,False,9926.603200505964,12.537633411403915,
sm,0.95,267.5687225943879,0.531773402162927,41529.36113394775,79174.45721037732,False,9926.603200505962,12.537633411403915,
sm,0.05,365.0,0.4867164665758481,201101.36750679312,80220.99728395023,True,9926.60320050596,12.37407104946571,
sm,0.075,365.0,0.4690000974881134,175898.3441401012,80220.99728395023,True,9926.603200505962,12.374071049465716,
sm,0.1,365.0,0.4561912870010379,159728.1320542423,80220.99728395023,True,9926.603200505964,12.374071049465716,
sm,0.125,365.0,0.4461515549883966,148048.66865492667,80220.99728395023,True,9926.603200505964,12.374071049465716,
sm,0.15,365.0,0.4379120567931906,139008.55169045893,80220.99728395023,True,9926.603200505962,12.374071049465716,
sm,0.175,365.0,0.430950204255686,131684.08745737516,80220.99728395023,True,9926.603200505962,12.374071049465716,
sm,0.2,365.0,0.424952200373339,125552.78572320606,80220.99728395023,True,9926.603200505962,12.374071049465716,
sm,0.2249999999999999,365.0,0.4197155815794623,120292.38657167528,80220.99728395023,True,9926.603200505962,12.374071049465716,
sm,0.25,365.0,0.4151030293228336,115691.05198733638,80220.99728395023,True,9926.60320050596,12.37407104946571,
sm,0.2749999999999999,365.0,0.4110181496553579,111602.50687618584,80220.99728395023,True,9926.60320050596,12.37407104946571,
sm,0.3,365.0,0.4073917908659908,107921.68139186555,80220.99728395023,True,9926.60320050596,12.37407104946571,
sm,0.3249999999999999,365.0,0.4041738722833781,104570.59286452785,80220.99728395023,True,9926.60320050596,12.37407104946571,
sm,0.35,365.0,0.4013283034829131,101489.7192115062,80220.99728395023,True,9926.603200505962,12.374071049465716,
sm,0.3749999999999999,365.0,0.3988297431906972,98632.49092102032,80220.99728395023,True,9926.603200505964,12.374071049465716,
sm,0.3999999999999999,365.0,0.3966615156872335,95961.63892379437,80220.99728395023,True,9926.603200505964,12.374071049465716,
sm,0.4249999999999999,365.0,0.3948142978630616,93446.69022831209,80220.99728395023,True,9926.603200505964,12.374071049465716,
sm,0.4499999999999999,365.0,0.3932853531847078,91062.19583949551,80220.99728395023,True,9926.60320050596,12.37407104946571,
sm,0.475,365.0,0.3920781847526799,88786.43712672488,80220.99728395023,True,9926.60320050596,12.37407104946571,
sm,0.4999999999999999,365.0,0.3912025404772051,86600.44948945234,80220.99728395023,True,9926.603200505962,12.374071049465716,
sm,0.525,365.0,0.3906747461500633,84487.2568271409,80220.99728395023,True,9926.603200505962,12.374071049465716,
sm,0.5499999999999999,365.0,0.390518376706451,82431.24304432473,80220.99728395023,True,9926.603200505964,12.374071049465716,
sm,0.575,365.0,0.3907653088500388,80417.6062302534,80220.99728395023,True,9926.603200505964,12.374071049465716,
sm,0.6,365.0,0.391457234959997,78431.85189725192,80220.99728395023,False,11453.772923660725,14.27777428784505,
sm,0.625,365.0,0.3926477647578857,76459.28612829723,80220.99728395023,False,11453.772923660728,14.277774287845057,
sm,0.65,365.0,0.3944053055941293,74484.46859090395,80220.99728395023,False,9926.603200505964,12.374071049465716,
sm,0.675,365.0,0.3968170068974328,72490.5788457394,80220.99728395023,False,9926.603200505964,12.374071049465716,
sm,0.7,365.0,0.3999942006637979,70458.6355966913,80220.99728395023,False,9926.603200505964,12.374071049465716,
sm,0.725,365.0,0.4040800070033921,68366.48384271971,80220.99728395023,False,9926.603200505964,12.374071049465716,
sm,0.75,365.0,0.4092601781516507,66187.42190861923,80220.99728395023,False,9926.60320050596,12.37407104946571,
sm,0.775,365.0,0.4157789846464922,63888.26393436324,80220.99728395023,False,9926.60320050596,12.37407104946571,
sm,0.7999999999999999,365.0,0.423963354590655,61426.49112574329,80220.99728395023,False,9926.603200505962,12.374071049465716,
sm,0.825,365.0,0.4342613933143923,58745.86239763121,80220.99728395023,False,9926.603200505962,12.374071049465716,
sm,0.85,365.0,0.447307973976459,55769.246769910176,80220.99728395023,False,9926.603200505964,12.374071049465716,
sm,0.875,365.0,0.4640463641250574,52385.99888216176,80220.99728395023,False,9926.60320050596,12.37407104946571,
sm,0.9,365.0,0.4859804711356859,48427.35149702708,80220.99728395023,False,9926.603200505962,12.374071049465716,
sm,0.925,365.0,0.515783731148541,43611.235303194946,80220.99728395023,False,9926.603200505964,12.374071049465716,
sm,0.95,365.0,0.5591415473766282,37389.836828789295,80220.99728395023,False,9926.603200505962,12.374071049465716,
