window,manager,ccy,side,delta_bucket,tenor_bucket,fills,median_k_over_index,p25_k_over_index,p75_k_over_index,median_k_mm_over_index
own,sm,BTC,buy,00-10,2-7d,2930,0.0008079658087693079,0.00026822942347115634,0.001509690571760769,0.0008079658087693079
own,sm,BTC,buy,00-10,30-90d,1279,0.003813022066451771,0.0018391428375631378,0.0062013603393560445,0.003813022066451771
own,sm,BTC,buy,00-10,7-30d,2677,0.0019443571924294672,0.0009422049391993517,0.0030761176513972497,0.0019443571924294672
own,sm,BTC,buy,00-10,<=2d,3874,0.00037022673622737423,0.00016574345264333402,0.0007949079218671344,0.00037022673622737423
own,sm,BTC,buy,00-10,>90d,479,0.006862873854855568,0.0039564114042277155,0.010909947851186545,0.006862873854855568
own,sm,BTC,buy,10-25,2-7d,4858,0.004077809612223787,0.0027620052488940834,0.005722873433146535,0.004077809612223787
own,sm,BTC,buy,10-25,30-90d,2649,0.015969838151571072,0.011574389494353429,0.020876311184557482,0.015969838151571072
own,sm,BTC,buy,10-25,7-30d,5202,0.007861812957589597,0.005600239480633495,0.010747605745354244,0.007861812957589597
own,sm,BTC,buy,10-25,<=2d,5025,0.001986253841523041,0.001312364749818728,0.0029672699123369376,0.001986253841523041
own,sm,BTC,buy,10-25,>90d,871,0.02723528964463155,0.01917314441662041,0.03549045809182293,0.02723528964463155
own,sm,BTC,buy,25-40,2-7d,3145,0.010201680538067073,0.008010579853927245,0.013320939845956245,0.010201680538067073
own,sm,BTC,buy,25-40,30-90d,2575,0.035064637035448286,0.028521926162568143,0.042774511899958095,0.035064637035448286
own,sm,BTC,buy,25-40,7-30d,4588,0.017784474805725002,0.013970729009189288,0.023480382933492045,0.017784474805725002
own,sm,BTC,buy,25-40,<=2d,3698,0.004998843319750509,0.003397115393794261,0.006818488560917745,0.004998843319750509
own,sm,BTC,buy,25-40,>90d,777,0.0618225789916196,0.05082512833543226,0.08263562363138509,0.0618225789916196
own,sm,BTC,buy,40-60,2-7d,3562,0.018053521708574334,0.014006530805907531,0.022610264694647532,0.018053521708574334
own,sm,BTC,buy,40-60,30-90d,2800,0.06131553347479427,0.0513126087369191,0.0740806831754817,0.06131553347479427
own,sm,BTC,buy,40-60,7-30d,4747,0.03413422955640322,0.025544356953261193,0.04325389075247174,0.03413422955640322
own,sm,BTC,buy,40-60,<=2d,3994,0.008256486498647672,0.005904210990266823,0.011145361562875279,0.008256486498647672
own,sm,BTC,buy,40-60,>90d,751,0.10190006808765666,0.09398658019374842,0.12278917620422959,0.10190006808765666
own,sm,BTC,buy,60-75,2-7d,1436,0.029356165743129242,0.023096981821821464,0.04027789119803665,0.029356165743129242
own,sm,BTC,buy,60-75,30-90d,870,0.10468727435757588,0.08691415819864151,0.12370196397726946,0.10468727435757588
own,sm,BTC,buy,60-75,7-30d,1724,0.0582707446455527,0.04643448377575525,0.07023238502693448,0.0582707446455527
own,sm,BTC,buy,60-75,<=2d,1407,0.013366905897908118,0.00930177558343962,0.018069186567206394,0.013366905897908118
own,sm,BTC,buy,60-75,>90d,203,0.1587947464447643,0.14312421550432777,0.18484521878871624,0.1587947464447643
own,sm,BTC,buy,75-90,2-7d,905,0.04744152114535047,0.037217476749825784,0.05987636088626525,0.04744152114535047
own,sm,BTC,buy,75-90,30-90d,362,0.16131377001722694,0.1286512064404761,0.195125881450231,0.16131377001722694
own,sm,BTC,buy,75-90,7-30d,1032,0.09656193060197678,0.0733563455776075,0.11826471565105312,0.09656193060197678
own,sm,BTC,buy,75-90,<=2d,1038,0.021473033179105566,0.014535401066161878,0.031077324001809313,0.021473033179105566
own,sm,BTC,buy,75-90,>90d,110,0.2485533863691995,0.1955794067325169,0.29966636050632944,0.2485533863691995
own,sm,BTC,buy,90-100,2-7d,456,0.09856757924293608,0.06886131130535011,0.1345323010259618,0.09856757924293608
own,sm,BTC,buy,90-100,30-90d,83,0.30394709624179495,0.24512166169666044,0.41778489574339084,0.30394709624179495
own,sm,BTC,buy,90-100,7-30d,386,0.18262414721885625,0.11834620804961979,0.23787603140161662,0.18262414721885625
own,sm,BTC,buy,90-100,<=2d,849,0.041636143347436254,0.026232289609324815,0.06999051439855264,0.041636143347436254
own,sm,BTC,buy,90-100,>90d,49,0.49861930227785856,0.4186455017915297,0.9235099460952314,0.49861930227785856
own,sm,BTC,sell,00-10,2-7d,4466,0.12992886377391805,0.1297594185698203,0.13008368966679867,0.08992723550931989
own,sm,BTC,sell,00-10,30-90d,2124,0.1300358855279911,0.12974299350335383,0.13037779521302612,0.09004697084429031
own,sm,BTC,sell,00-10,7-30d,4498,0.12999732882751525,0.1297721226643328,0.13024895223891017,0.08999749101632923
own,sm,BTC,sell,00-10,<=2d,7649,0.12990930464286757,0.12977294033403916,0.13005936845953459,0.08989036973046281
own,sm,BTC,sell,00-10,>90d,573,0.1301006832250896,0.12936657121706596,0.13079986978131003,0.09011943708677364
own,sm,BTC,sell,10-25,2-7d,4679,0.12989171786233739,0.12958317832481747,0.1301618225183589,0.08988328158861608
own,sm,BTC,sell,10-25,30-90d,3328,0.12995786487783756,0.12928432450855865,0.13039967910818087,0.08995733007830553
own,sm,BTC,sell,10-25,7-30d,5700,0.12988198341043505,0.1294593054762341,0.1302345499507988,0.08988302875988463
own,sm,BTC,sell,10-25,<=2d,6830,0.13021339198349016,0.1297885971143179,0.1349960325902328,0.08984862637550951
own,sm,BTC,sell,10-25,>90d,791,0.13027900062485964,0.12861660203855851,0.13121522734724955,0.09027594413793773
own,sm,BTC,sell,25-40,2-7d,3583,0.13029417123930923,0.12935996982760484,0.13455667068451552,0.08937642311477667
own,sm,BTC,sell,25-40,30-90d,2852,0.12890439634132464,0.12798778778388162,0.1297206118973187,0.08887341191414024
own,sm,BTC,sell,25-40,7-30d,5279,0.12930414195666073,0.1285518122707897,0.1300296305366631,0.08914739444559289
own,sm,BTC,sell,25-40,<=2d,4677,0.139922122040232,0.13549144780730396,0.14318668214316274,0.08940869564299321
own,sm,BTC,sell,25-40,>90d,907,0.12855045433309317,0.12530750824773648,0.1304199531968056,0.08842481760759777
own,sm,BTC,sell,40-60,2-7d,4663,0.14677911192275236,0.1426022946287263,0.14864856102306462,0.08885378751240519
own,sm,BTC,sell,40-60,30-90d,3653,0.13809375394663806,0.12864900454055248,0.14756589438617967,0.0882875534650342
own,sm,BTC,sell,40-60,7-30d,6340,0.14431247968871586,0.1360409402572783,0.1482055917481631,0.08854131624210851
own,sm,BTC,sell,40-60,<=2d,5033,0.14784491211652823,0.14584662307283444,0.14892485762916985,0.08910532386557439
own,sm,BTC,sell,40-60,>90d,1160,0.1300461503963376,0.12765399580602807,0.1425317492605745,0.0884727820502292
own,sm,BTC,sell,60-75,2-7d,1094,0.1491383351304965,0.14820515333714163,0.1500274844175338,0.08913691259813156
own,sm,BTC,sell,60-75,30-90d,821,0.14861896827110854,0.14684876822307386,0.1502583048530784,0.08861896827110856
own,sm,BTC,sell,60-75,7-30d,1599,0.14901708706178532,0.1480098055300784,0.15000194570612196,0.08902238970837635
own,sm,BTC,sell,60-75,<=2d,1282,0.14925957880128293,0.1483699274296511,0.15010691324530234,0.0892712235946044
own,sm,BTC,sell,60-75,>90d,307,0.15054202424099483,0.14475271402027198,0.15324641314716891,0.09064983416310399
own,sm,BTC,sell,75-90,2-7d,602,0.14993765371399687,0.14826202758673404,0.15114855177093148,0.08995404795006129
own,sm,BTC,sell,75-90,30-90d,307,0.15027310750492884,0.1477595883372732,0.15362099767302145,0.09027707189461154
own,sm,BTC,sell,75-90,7-30d,756,0.15023332140270898,0.14818481319127927,0.1519259683057252,0.0902392545249138
own,sm,BTC,sell,75-90,<=2d,801,0.1497706134377368,0.14832999108877717,0.1507663533781873,0.08976481971144294
own,sm,BTC,sell,75-90,>90d,132,0.15807883002957152,0.15390979549055847,0.16067697826526053,0.09806993557828551
own,sm,BTC,sell,90-100,2-7d,300,0.14960956425783573,0.1477553581095227,0.1508436072442594,0.08960533208266522
own,sm,BTC,sell,90-100,30-90d,112,0.15487564919691954,0.15262989040939962,0.15811634560125234,0.09487381209703775
own,sm,BTC,sell,90-100,7-30d,265,0.15046040727038387,0.14877683266411657,0.15255689238566575,0.09045301275917483
own,sm,BTC,sell,90-100,<=2d,792,0.14974815598469765,0.14695602894997084,0.15170151718537844,0.08972878059750874
own,sm,BTC,sell,90-100,>90d,121,0.15860710126181948,0.15660896299987023,0.1649925670581957,0.09861004973700885
own,sm,ETH,buy,00-10,2-7d,8107,0.0012864377302290602,0.0004603642305031298,0.0023306197497688086,0.0012864377302290602
own,sm,ETH,buy,00-10,30-90d,2761,0.006202095949024717,0.003367662528058392,0.00880824589712715,0.006202095949024717
own,sm,ETH,buy,00-10,7-30d,7358,0.0026129036918315454,0.0010820713836834175,0.004331398910418387,0.0026129036918315454
own,sm,ETH,buy,00-10,<=2d,7859,0.0006434884834611088,0.00026106393465983647,0.001242699752714653,0.0006434884834611088
own,sm,ETH,buy,00-10,>90d,1404,0.005153693724561824,0.0030719314657031236,0.011362628048631982,0.005153693724561824
own,sm,ETH,buy,10-25,2-7d,11313,0.005653885953380752,0.004137605241650924,0.007875014525737458,0.005653885953380752
own,sm,ETH,buy,10-25,30-90d,6844,0.02196887956278968,0.01640005871761159,0.028929377810531034,0.02196887956278968
own,sm,ETH,buy,10-25,7-30d,13225,0.01102428097885593,0.008114225928003033,0.014815933000427675,0.01102428097885593
own,sm,ETH,buy,10-25,<=2d,12082,0.0028499965524326444,0.0018744617548537275,0.004114838284481727,0.0028499965524326444
own,sm,ETH,buy,10-25,>90d,1765,0.03656572743176981,0.026725163112687626,0.047688719973980706,0.03656572743176981
own,sm,ETH,buy,25-40,2-7d,8465,0.014364581658358792,0.011486924844324412,0.017962325073434447,0.014364581658358792
own,sm,ETH,buy,25-40,30-90d,6798,0.04975638876226199,0.04044939431873973,0.061364414041209195,0.04975638876226199
own,sm,ETH,buy,25-40,7-30d,12066,0.025799630148746325,0.020320622492358477,0.03253428346708135,0.025799630148746325
own,sm,ETH,buy,25-40,<=2d,9038,0.006905137366118642,0.004895120213509206,0.009341655703474082,0.006905137366118642
own,sm,ETH,buy,25-40,>90d,1993,0.07959042633539393,0.06305105648293194,0.10288680245055017,0.07959042633539393
own,sm,ETH,buy,40-60,2-7d,9906,0.026278329599271167,0.02088810916376091,0.032790514695329315,0.026278329599271167
own,sm,ETH,buy,40-60,30-90d,6691,0.08957911342353896,0.07403976881844607,0.10752051103575251,0.08957911342353896
own,sm,ETH,buy,40-60,7-30d,13236,0.046561429950661315,0.037076411832193665,0.058220902625924456,0.046561429950661315
own,sm,ETH,buy,40-60,<=2d,9810,0.012174804984614363,0.008739389874426736,0.015950521039964343,0.012174804984614363
own,sm,ETH,buy,40-60,>90d,2072,0.14540689421082487,0.12147178798612288,0.18703866977250752,0.14540689421082487
own,sm,ETH,buy,60-75,2-7d,3201,0.04308682142546505,0.034320492344086406,0.052910111976003704,0.04308682142546505
own,sm,ETH,buy,60-75,30-90d,2031,0.1391965586403215,0.11903429151615749,0.16734956023251532,0.1391965586403215
own,sm,ETH,buy,60-75,7-30d,5009,0.0742335409796018,0.05924329186350338,0.09474924487734021,0.0742335409796018
own,sm,ETH,buy,60-75,<=2d,3156,0.018762121408941672,0.01307677695514981,0.025689132744335617,0.018762121408941672
own,sm,ETH,buy,60-75,>90d,993,0.22486143590280863,0.19138752070630444,0.2779784528439373,0.22486143590280863
own,sm,ETH,buy,75-90,2-7d,2088,0.06686949897075509,0.053530120755780945,0.08563978242930266,0.06686949897075509
own,sm,ETH,buy,75-90,30-90d,936,0.2167670570690438,0.1786351980674411,0.26769810672966093,0.2167670570690438
own,sm,ETH,buy,75-90,7-30d,2422,0.13070072507528707,0.09952572608516934,0.16614521198838772,0.13070072507528707
own,sm,ETH,buy,75-90,<=2d,2275,0.02959693295251699,0.02047374015280918,0.0408113131683728,0.02959693295251699
own,sm,ETH,buy,75-90,>90d,478,0.3468149656723233,0.286466052951904,0.40194324850595026,0.3468149656723233
own,sm,ETH,buy,90-100,2-7d,941,0.14603282700704084,0.10846556998477253,0.1998995423068137,0.14603282700704084
own,sm,ETH,buy,90-100,30-90d,338,0.37096918261454004,0.285611997933243,0.5141739779947181,0.37096918261454004
own,sm,ETH,buy,90-100,7-30d,884,0.24933075438474855,0.19517085280156757,0.3465118017551891,0.24933075438474855
own,sm,ETH,buy,90-100,<=2d,2040,0.06175674362446737,0.039459323179877825,0.09222333054244433,0.06175674362446737
own,sm,ETH,buy,90-100,>90d,120,0.4933895212464123,0.43352646305408354,0.5476422045911257,0.4933895212464123
own,sm,ETH,sell,00-10,2-7d,14085,0.1298370385664884,0.12959225339582484,0.1300330924383519,0.08983808874424191
own,sm,ETH,sell,00-10,30-90d,5124,0.12974251921022634,0.12917984691480175,0.13013369223542617,0.08974931099462669
own,sm,ETH,sell,00-10,7-30d,11829,0.12985677641701882,0.12955570337520253,0.13014048910886197,0.08985540368508942
own,sm,ETH,sell,00-10,<=2d,20538,0.129834028134872,0.12964960358578337,0.12996953347660628,0.08982680588780814
own,sm,ETH,sell,00-10,>90d,1528,0.1300618792136234,0.12883993771907828,0.13100463700940984,0.09006359032843476
own,sm,ETH,sell,10-25,2-7d,12318,0.1298062346607613,0.12941215006837972,0.13016530341794394,0.08980672534594752
own,sm,ETH,sell,10-25,30-90d,7645,0.12979537999220614,0.12896280541981667,0.1303693651816351,0.08979437039864305
own,sm,ETH,sell,10-25,7-30d,14118,0.12980905578783977,0.12932547232067404,0.130220634009175,0.08980945596067476
own,sm,ETH,sell,10-25,<=2d,18564,0.1298254786774376,0.12948283096033472,0.130286327782796,0.08971557642735598
own,sm,ETH,sell,10-25,>90d,2200,0.12993718811438237,0.12805012200902796,0.13107913744069172,0.08993684925091935
own,sm,ETH,sell,25-40,2-7d,8898,0.1293699139579493,0.1286787232349479,0.13026193547875256,0.08912172914877084
own,sm,ETH,sell,25-40,30-90d,7787,0.12885661440066035,0.12757354338458557,0.1298112273144637,0.08883929626598379
own,sm,ETH,sell,25-40,7-30d,12260,0.12899196492928466,0.12814756984381592,0.12965466658158806,0.08896608140154205
own,sm,ETH,sell,25-40,<=2d,13879,0.13571333819289674,0.1301811087630098,0.14020238760970546,0.08921785434875026
own,sm,ETH,sell,25-40,>90d,2204,0.1294041165888244,0.12610556553639224,0.13159712802128945,0.08910714351676449
own,sm,ETH,sell,40-60,2-7d,11851,0.14556227772631858,0.13934892283501055,0.14847069892068987,0.08868302538485553
own,sm,ETH,sell,40-60,30-90d,9391,0.13154149179013855,0.12763189223544857,0.1463713777136359,0.0878852276214376
own,sm,ETH,sell,40-60,7-30d,15983,0.1419273942915521,0.1308905658771109,0.14783561142425047,0.08833322200359577
own,sm,ETH,sell,40-60,<=2d,14109,0.14707167050290773,0.14392800486440718,0.14872019393127864,0.08888337184819704
own,sm,ETH,sell,40-60,>90d,3273,0.1298668879573067,0.12386031904083572,0.1379400913616151,0.08832103301525049
own,sm,ETH,sell,60-75,2-7d,3282,0.14878551373836535,0.14758640568669734,0.14997681730593163,0.08877605137500451
own,sm,ETH,sell,60-75,30-90d,2250,0.14815468868961426,0.14598420135684181,0.15104326817621277,0.08817058186184083
own,sm,ETH,sell,60-75,7-30d,4265,0.14846128994945113,0.1468244601059466,0.14987343263228903,0.08845684993971625
own,sm,ETH,sell,60-75,<=2d,3523,0.14905719134864073,0.14794748919275474,0.1500775249162978,0.08906185121248632
own,sm,ETH,sell,60-75,>90d,1544,0.1480186140943796,0.1389387049399542,0.15578264257212376,0.09033603854951408
own,sm,ETH,sell,75-90,2-7d,1848,0.1497184604534264,0.14701769964157063,0.15171279245029345,0.0897166953823624
own,sm,ETH,sell,75-90,30-90d,1070,0.15169432853129544,0.14799679165917576,0.15681909757841908,0.09168744427834093
own,sm,ETH,sell,75-90,7-30d,2111,0.1494482219325852,0.1465055463868157,0.15140770431674366,0.08944465842753066
own,sm,ETH,sell,75-90,<=2d,2326,0.15006865704519426,0.14827551967122654,0.15193779572371033,0.09006687510963014
own,sm,ETH,sell,75-90,>90d,611,0.1588794658146734,0.15275930544743593,0.16348588269478695,0.09887944809205544
own,sm,ETH,sell,90-100,2-7d,936,0.15031680074872014,0.1455739869958731,0.15400600765685668,0.09026863782922913
own,sm,ETH,sell,90-100,30-90d,389,0.153381978691061,0.14869828202548274,0.1596671242879577,0.09343967447586103
own,sm,ETH,sell,90-100,7-30d,900,0.14989160349596517,0.14598163542418013,0.15375774654943195,0.0898991421396833
own,sm,ETH,sell,90-100,<=2d,2110,0.15083754851107656,0.14811116420734624,0.1537837689053662,0.09082858535981836
own,sm,ETH,sell,90-100,>90d,253,0.16373392438006765,0.1584213068672806,0.1700429535353618,0.10377450855690268
own,sm,HYPE,buy,00-10,2-7d,216,0.0018010241588320916,0.0007404942768175862,0.003295736716476305,0.0018010241588320916
own,sm,HYPE,buy,00-10,30-90d,186,0.007938647460987339,0.004940739048884381,0.009894837558374305,0.007938647460987339
own,sm,HYPE,buy,00-10,7-30d,485,0.004543816188114079,0.002448990874611703,0.006767635560575259,0.004543816188114079
own,sm,HYPE,buy,00-10,<=2d,181,0.001197883697390555,0.0002771542476471694,0.0022167574021970332,0.001197883697390555
own,sm,HYPE,buy,00-10,>90d,196,0.01909888578474405,0.011780396347306356,0.024291381976532637,0.01909888578474405
own,sm,HYPE,buy,10-25,2-7d,1329,0.009833541175475536,0.0067112058985674345,0.013733014385337956,0.009833541175475536
own,sm,HYPE,buy,10-25,30-90d,1554,0.025207134866296804,0.017353968178310877,0.03599623070041261,0.025207134866296804
own,sm,HYPE,buy,10-25,7-30d,3225,0.014494160471006783,0.010416188441171417,0.020104531507934943,0.014494160471006783
own,sm,HYPE,buy,10-25,<=2d,610,0.005988474833659467,0.0035490631711301143,0.00941610666715525,0.005988474833659467
own,sm,HYPE,buy,10-25,>90d,761,0.04677052121323793,0.032915209916764325,0.07487424111640027,0.04677052121323793
own,sm,HYPE,buy,25-40,2-7d,1522,0.017625835057950512,0.013174491400393984,0.022852764469985763,0.017625835057950512
own,sm,HYPE,buy,25-40,30-90d,1320,0.05514884224302087,0.044778455675307804,0.06794461021955434,0.05514884224302087
own,sm,HYPE,buy,25-40,7-30d,3682,0.029741036373023486,0.02293740145107845,0.03876296785923299,0.029741036373023486
own,sm,HYPE,buy,25-40,<=2d,661,0.009431959789740797,0.0070122945428063585,0.013351759607371106,0.009431959789740797
own,sm,HYPE,buy,25-40,>90d,641,0.09836733476104466,0.07537596575899731,0.14774679581378447,0.09836733476104466
own,sm,HYPE,buy,40-60,2-7d,1594,0.03434968470656173,0.026263281068558665,0.03942580015092286,0.03434968470656173
own,sm,HYPE,buy,40-60,30-90d,1229,0.10909055682817216,0.07934472287051561,0.12557585264289922,0.10909055682817216
own,sm,HYPE,buy,40-60,7-30d,2850,0.06189287335855616,0.04477393172062159,0.07733356513505907,0.06189287335855616
own,sm,HYPE,buy,40-60,<=2d,631,0.015780281992587894,0.011531609982169122,0.021340184613769183,0.015780281992587894
own,sm,HYPE,buy,40-60,>90d,473,0.14009850259501488,0.11529687733935777,0.1748603976631967,0.14009850259501488
own,sm,HYPE,buy,60-75,2-7d,598,0.0607831599616544,0.05302036959559257,0.08648314342707511,0.0607831599616544
own,sm,HYPE,buy,60-75,30-90d,288,0.15080376794349618,0.13143181539945933,0.1806754749215195,0.15080376794349618
own,sm,HYPE,buy,60-75,7-30d,1034,0.10186360993274984,0.09208117379104654,0.11573599461975562,0.10186360993274984
own,sm,HYPE,buy,60-75,<=2d,335,0.029400632509588562,0.019938452508744445,0.04281981026528879,0.029400632509588562
own,sm,HYPE,buy,60-75,>90d,189,0.23111455216386503,0.19869563620156946,0.2463502065625961,0.23111455216386503
own,sm,HYPE,buy,75-90,2-7d,203,0.09109163822985057,0.07840525862384118,0.11232341026808128,0.09109163822985057
own,sm,HYPE,buy,75-90,30-90d,218,0.20446525770562526,0.18107095638409051,0.24108187887086652,0.20446525770562526
own,sm,HYPE,buy,75-90,7-30d,736,0.1446610309976557,0.12931493305565417,0.17102072332372448,0.1446610309976557
own,sm,HYPE,buy,75-90,<=2d,255,0.05008120934880217,0.03220878412583847,0.08522634549039038,0.05008120934880217
own,sm,HYPE,buy,75-90,>90d,51,0.322675595137093,0.2836506376489819,0.3754990848588322,0.322675595137093
own,sm,HYPE,buy,90-100,2-7d,131,0.14502534025643782,0.11460607969038118,0.21272511820519147,0.14502534025643782
own,sm,HYPE,buy,90-100,30-90d,25,0.36914332974951775,0.2839247680257207,0.41266034836229115,0.36914332974951775
own,sm,HYPE,buy,90-100,7-30d,99,0.24835415204243746,0.23187140019106656,0.28179347695852075,0.24835415204243746
own,sm,HYPE,buy,90-100,<=2d,146,0.08995663061706892,0.05763759095713304,0.12613611077297332,0.08995663061706892
own,sm,HYPE,buy,90-100,>90d,8,0.6122275070172019,0.5924671909527857,0.656250540015724,0.6122275070172019
own,sm,HYPE,sell,00-10,2-7d,439,0.24973501297862194,0.2486671400854384,0.2502478372663117,0.1797142352614
own,sm,HYPE,sell,00-10,30-90d,450,0.25025162123582434,0.2488089435908559,0.2516497546760674,0.1802408337891379
own,sm,HYPE,sell,00-10,7-30d,685,0.24968706061412171,0.24849277410962847,0.2505379229686524,0.1796648649461068
own,sm,HYPE,sell,00-10,<=2d,506,0.24963326696313046,0.2488980373134802,0.25029621720276085,0.17947524260449343
own,sm,HYPE,sell,00-10,>90d,149,0.2502055941269561,0.24859882173440148,0.25313392567883114,0.18025610244562876
own,sm,HYPE,sell,10-25,2-7d,806,0.24999857662599703,0.2485765281814849,0.2515265048593217,0.17993126694175862
own,sm,HYPE,sell,10-25,30-90d,1187,0.24971642977255368,0.24730238882793673,0.25209345858776155,0.17972776770868032
own,sm,HYPE,sell,10-25,7-30d,1755,0.25030113750847505,0.2483978123641005,0.25325875519206387,0.1802881031062004
own,sm,HYPE,sell,10-25,<=2d,788,0.2525482269434957,0.24966867354738007,0.2631485664005046,0.17961982120172743
own,sm,HYPE,sell,10-25,>90d,467,0.25009491666815803,0.24729667487625934,0.25625248126678946,0.1800884052799209
own,sm,HYPE,sell,25-40,2-7d,826,0.2613496057042163,0.2519203890193206,0.27059504923270616,0.17996181613765178
own,sm,HYPE,sell,25-40,30-90d,980,0.24901940879656298,0.24567323086773862,0.25218093545733006,0.17835123274480058
own,sm,HYPE,sell,25-40,7-30d,1635,0.2509670886786092,0.24781084629004613,0.2566473450154449,0.1797713717906474
own,sm,HYPE,sell,25-40,<=2d,959,0.279735819229797,0.27200295280296305,0.28532925605915305,0.1794060749720672
own,sm,HYPE,sell,25-40,>90d,496,0.2487713961991967,0.24476170500816136,0.2531871490499623,0.17805078349812636
own,sm,HYPE,sell,40-60,2-7d,955,0.292217334904749,0.2836111543145202,0.29823819743275787,0.17897233177083105
own,sm,HYPE,sell,40-60,30-90d,1142,0.25843029657174904,0.24857583863615057,0.2875527438517278,0.177891384526116
own,sm,HYPE,sell,40-60,7-30d,1487,0.28542248328997477,0.2699601941998868,0.2951546174523356,0.17786444091482775
own,sm,HYPE,sell,40-60,<=2d,1055,0.29564732028384305,0.2909664992155344,0.2992767702919362,0.17914293198533218
own,sm,HYPE,sell,40-60,>90d,582,0.2513927602482496,0.24330057992977205,0.26624412633120026,0.17560072362573464
own,sm,HYPE,sell,60-75,2-7d,263,0.3008315787059361,0.29757603935312293,0.30517947305402393,0.1809090769841017
own,sm,HYPE,sell,60-75,30-90d,160,0.29904267593498224,0.2966181694527059,0.30357764779864155,0.17899537788491993
own,sm,HYPE,sell,60-75,7-30d,255,0.2979048559133004,0.2931560199412534,0.30126717937378256,0.1778014607518439
own,sm,HYPE,sell,60-75,<=2d,197,0.2998526346445159,0.29764902316142444,0.3028080594287912,0.17978395214880033
own,sm,HYPE,sell,60-75,>90d,204,0.2957989542204159,0.2815981274046978,0.29924135817111497,0.17592897921971618
own,sm,HYPE,sell,75-90,2-7d,162,0.2994913208648903,0.2960822206773033,0.3039352751838327,0.1796209696697469
own,sm,HYPE,sell,75-90,30-90d,104,0.300070983227956,0.29707820260552625,0.30355395801898516,0.1800146253865903
own,sm,HYPE,sell,75-90,7-30d,269,0.29741038436597184,0.29057830754794306,0.3000714064842258,0.1773771859464708
own,sm,HYPE,sell,75-90,<=2d,240,0.30061928170890095,0.29844668438040445,0.30488720561916854,0.1806130331477435
own,sm,HYPE,sell,75-90,>90d,47,0.29847661524384655,0.2953774337243421,0.3026423924321216,0.1784263830619619
own,sm,HYPE,sell,90-100,2-7d,76,0.29752897199226014,0.289324508791589,0.3037577041261788,0.17758198082409804
own,sm,HYPE,sell,90-100,30-90d,44,0.30376729812728487,0.3008354682330606,0.3044295452312495,0.18374452333545938
own,sm,HYPE,sell,90-100,7-30d,94,0.2968744174477289,0.2880642336170743,0.3005902706146115,0.17684588723282768
own,sm,HYPE,sell,90-100,<=2d,175,0.3008908524133309,0.29741580008033175,0.30778426494628397,0.1809716800107534
own,sm,HYPE,sell,90-100,>90d,27,0.3052662784840143,0.30381868962067304,0.3065868424116752,0.18526970907765994
own,pm,BTC,buy,00-10,2-7d,2930,0.0010624421934455985,0.00036559109251116915,0.0019659016447542066,0.0008079658085452683
own,pm,BTC,buy,00-10,30-90d,1279,0.004886847576466373,0.0023891555548065223,0.007791306499279177,0.0037750784900901935
own,pm,BTC,buy,00-10,7-30d,2677,0.002517081572379542,0.0012756415059540713,0.003926604097018251,0.0019442921616550743
own,pm,BTC,buy,00-10,<=2d,3874,0.0005244485509430467,0.00029019498670469627,0.0010361321763041962,0.00037022673622737423
own,pm,BTC,buy,00-10,>90d,479,0.00857010084470476,0.004973032796884023,0.012778410329901298,0.006612345175990425
own,pm,BTC,buy,10-25,2-7d,4858,0.0051502931725610854,0.00353828902591807,0.0072060470771226105,0.0040778096122237265
own,pm,BTC,buy,10-25,30-90d,2649,0.019578233423697078,0.014421042299279058,0.025121605142138313,0.015510980261853276
own,pm,BTC,buy,10-25,7-30d,5202,0.00988734496888194,0.007126010397464808,0.013496030431490811,0.00785808711770998
own,pm,BTC,buy,10-25,<=2d,5025,0.002541090562364355,0.0016954440140892952,0.0037646479769897325,0.001986253841523041
own,pm,BTC,buy,10-25,>90d,871,0.030479948637551026,0.022615632771983387,0.03885571404813856,0.02395707216137455
own,pm,BTC,buy,25-40,2-7d,3145,0.012786152759036107,0.01005412190796949,0.0166297332437162,0.010201680536656866
own,pm,BTC,buy,25-40,30-90d,2575,0.04124679013887348,0.034403484875592694,0.04944227656753829,0.03308751565321265
own,pm,BTC,buy,25-40,7-30d,4588,0.022201594239623243,0.01749672671000151,0.02915077864662049,0.017756714586138627
own,pm,BTC,buy,25-40,<=2d,3698,0.006270406169142208,0.004278279263565349,0.008525350111404558,0.004998843319750509
own,pm,BTC,buy,25-40,>90d,777,0.06384335042294442,0.0545727366224207,0.07744888312493149,0.05083695185429692
own,pm,BTC,buy,40-60,2-7d,3562,0.022527784800821543,0.01747811204321667,0.028266093518885618,0.01805352161948906
own,pm,BTC,buy,40-60,30-90d,2800,0.06888074320297574,0.05960662110152821,0.08045163788653617,0.055321265972269267
own,pm,BTC,buy,40-60,7-30d,4747,0.042507464623788516,0.03193416036557854,0.05295713270827154,0.033956760390279714
own,pm,BTC,buy,40-60,<=2d,3994,0.010331254329857202,0.0074295016987066965,0.013858842166917722,0.008256486498647672
own,pm,BTC,buy,40-60,>90d,751,0.09372565202694674,0.08788470901058133,0.10837757757545455,0.0745994874422652
own,pm,BTC,buy,60-75,2-7d,1436,0.03691959884638375,0.029042866275843123,0.050188866038128485,0.02935616572076547
own,pm,BTC,buy,60-75,30-90d,870,0.10613740509607275,0.09422211618914979,0.11950705208072496,0.0847083572965588
own,pm,BTC,buy,60-75,7-30d,1724,0.07142061079278708,0.057816586612397865,0.08416794474131092,0.05714176926094887
own,pm,BTC,buy,60-75,<=2d,1407,0.016873726075388718,0.01188765776354057,0.022773579441088085,0.013366905897908118
own,pm,BTC,buy,60-75,>90d,203,0.13240363864411706,0.12465891674509477,0.1467389307798792,0.1054217541246416
own,pm,BTC,buy,75-90,2-7d,905,0.059850967749332566,0.04683740973901643,0.07502793418437614,0.04744152101680079
own,pm,BTC,buy,75-90,30-90d,362,0.1413463823961526,0.12668078608152306,0.15119777966509562,0.11235302176775663
own,pm,BTC,buy,75-90,7-30d,1032,0.11130936130151577,0.08988090348880444,0.12570357161983942,0.08858885702203094
own,pm,BTC,buy,75-90,<=2d,1038,0.02700620316394438,0.018495067112989573,0.03889058948799938,0.021473033179105566
own,pm,BTC,buy,75-90,>90d,110,0.16650673761217175,0.14922384841118258,0.18296844556446185,0.1312305195488458
own,pm,BTC,buy,90-100,2-7d,456,0.12174581609104168,0.08620966851695819,0.15426084228440623,0.09688885391023327
own,pm,BTC,buy,90-100,30-90d,83,0.17504356057529694,0.16417735534193678,0.1886744227455656,0.13925802093921102
own,pm,BTC,buy,90-100,7-30d,386,0.15663127931394064,0.13246614123247408,0.17104949408070963,0.12479699542380343
own,pm,BTC,buy,90-100,<=2d,849,0.05268789247510579,0.033161169355148415,0.08811436957608013,0.041636143347436254
own,pm,BTC,buy,90-100,>90d,49,0.22303429755994078,0.19915447361471425,0.24522548048061782,0.17554701876007378
own,pm,BTC,sell,00-10,2-7d,4466,0.15235732658962525,0.1327506740071041,0.17034337559282925,0.12187475793291683
own,pm,BTC,sell,00-10,30-90d,2124,0.09462665524982454,0.0825326681730306,0.10438430191400572,0.07570236011112677
own,pm,BTC,sell,00-10,7-30d,4498,0.11402568110869898,0.09531502418067365,0.13168443063229332,0.09122246256273675
own,pm,BTC,sell,00-10,<=2d,7649,0.19456222416727043,0.1714419537728112,0.21339702171879119,0.15563752279257212
own,pm,BTC,sell,00-10,>90d,573,0.09134630968495967,0.07581222327720755,0.10566778034221212,0.07319867103233982
own,pm,BTC,sell,10-25,2-7d,4679,0.19310966246629613,0.18204142603294615,0.20330639351965218,0.15447286111107822
own,pm,BTC,sell,10-25,30-90d,3328,0.1407919357644799,0.1273070347396251,0.1528773639213879,0.1125707068947759
own,pm,BTC,sell,10-25,7-30d,5700,0.16345411347849492,0.150344481530717,0.1767349081555442,0.1307412171973526
own,pm,BTC,sell,10-25,<=2d,6830,0.21947830482595168,0.20860984658157178,0.2302722973286785,0.17555621260496979
own,pm,BTC,sell,10-25,>90d,791,0.1394802055431081,0.12422093556191036,0.1560520314482312,0.11150889530544196
own,pm,BTC,sell,25-40,2-7d,3583,0.21290616932142772,0.20514906702002159,0.22215385670990642,0.1702253328603955
own,pm,BTC,sell,25-40,30-90d,2852,0.17642174113785553,0.16793515850069454,0.18644157252959523,0.14086557279371079
own,pm,BTC,sell,25-40,7-30d,5279,0.19295103744367023,0.18310571975970347,0.2049840815761178,0.15417740001325095
own,pm,BTC,sell,25-40,<=2d,4677,0.22879086389453843,0.2215285108825721,0.2371378057588672,0.1829180494411686
own,pm,BTC,sell,25-40,>90d,907,0.18205236181660753,0.17247700618999456,0.20025491851806623,0.1452038684159289
own,pm,BTC,sell,40-60,2-7d,4663,0.2253141172958556,0.21920351691313505,0.24070857729318829,0.18010106869908102
own,pm,BTC,sell,40-60,30-90d,3653,0.20416992635749218,0.19537416034993108,0.21583479889867338,0.16303703511217466
own,pm,BTC,sell,40-60,7-30d,6340,0.21295536748856952,0.20484591852646264,0.2300628634310331,0.1701128107042797
own,pm,BTC,sell,40-60,<=2d,5033,0.2343267192546686,0.2296463048731298,0.2503751662262143,0.18729690147786543
own,pm,BTC,sell,40-60,>90d,1160,0.21632481455018832,0.20433238799533487,0.228855834437811,0.17274089953875954
own,pm,BTC,sell,60-75,2-7d,1094,0.23323971677041658,0.2303171261761566,0.2385899609074389,0.18651750054527622
own,pm,BTC,sell,60-75,30-90d,821,0.22286006980399328,0.21815097271856904,0.231532607506819,0.17804295387047223
own,pm,BTC,sell,60-75,7-30d,1599,0.22675532705702278,0.22200320950505067,0.24730693927567965,0.18123913114592294
own,pm,BTC,sell,60-75,<=2d,1282,0.2388612469293045,0.2356751549415636,0.2419545614372697,0.19103253351386246
own,pm,BTC,sell,60-75,>90d,307,0.24240312151701116,0.23179939197110594,0.2647062133715399,0.19436686182381138
own,pm,BTC,sell,75-90,2-7d,602,0.24012795674717397,0.23793973643522204,0.24384793076710076,0.19222141022240624
own,pm,BTC,sell,75-90,30-90d,307,0.2388065221515866,0.23249200183108693,0.25759892892247116,0.19118153266234594
own,pm,BTC,sell,75-90,7-30d,756,0.2381751903194724,0.23493941019192324,0.24219842715742929,0.19059528274258433
own,pm,BTC,sell,75-90,<=2d,801,0.24205028021966235,0.2400367069200642,0.24569607245978758,0.19366309482035093
own,pm,BTC,sell,75-90,>90d,132,0.2648850902623634,0.24843592720244478,0.2778117872107534,0.21320453034294679
own,pm,BTC,sell,90-100,2-7d,300,0.24283057438643826,0.24126437541370635,0.24514953858728453,0.19416591087607749
own,pm,BTC,sell,90-100,30-90d,112,0.25173816578150193,0.24583250617943786,0.2966743095479656,0.20223782403553048
own,pm,BTC,sell,90-100,7-30d,265,0.24375212747371494,0.24152896868305263,0.2477380245771955,0.19522190740531822
own,pm,BTC,sell,90-100,<=2d,792,0.24404107690511917,0.24150757941427203,0.2530525388628473,0.19538236581670615
own,pm,BTC,sell,90-100,>90d,121,0.27244485892432624,0.2689135771062408,0.27675693446807015,0.21980143992767892
own,pm,ETH,buy,00-10,2-7d,8107,0.0017145156324316442,0.0006547208785047808,0.0030065992088999472,0.0012864377298864047
own,pm,ETH,buy,00-10,30-90d,2761,0.007796051655750462,0.004313068691141823,0.010915021623071319,0.0060837680355814135
own,pm,ETH,buy,00-10,7-30d,7358,0.003405492231909087,0.0014767576358821544,0.005514076786065072,0.0026124733774486927
own,pm,ETH,buy,00-10,<=2d,7859,0.0008362831282028865,0.00035614908080566375,0.0015685798162229966,0.0006434884834611088
own,pm,ETH,buy,00-10,>90d,1404,0.0064516600084484725,0.004157199364265361,0.013456494219129766,0.004703563754864524
own,pm,ETH,buy,10-25,2-7d,11313,0.007197960008283882,0.0053090317270905055,0.009929241465547708,0.0056538460739130195
own,pm,ETH,buy,10-25,30-90d,6844,0.026164542735296836,0.019957093384524206,0.033711426136042125,0.020803075136224678
own,pm,ETH,buy,10-25,7-30d,13225,0.013878449084401176,0.010278639640844887,0.018532571064078168,0.010999653462564943
own,pm,ETH,buy,10-25,<=2d,12082,0.003646862352693513,0.0024316156045935807,0.005201306502314997,0.0028499965524326444
own,pm,ETH,buy,10-25,>90d,1765,0.040344489137374276,0.029179492416428924,0.04828122294603174,0.03152730406223565
own,pm,ETH,buy,25-40,2-7d,8465,0.01793166529612277,0.014385133901575243,0.02245750299518476,0.014364581333849357
own,pm,ETH,buy,25-40,30-90d,6798,0.05553760885680049,0.046225005285512315,0.06553499697488356,0.04437453122730936
own,pm,ETH,buy,25-40,7-30d,12066,0.031965456841629006,0.025376925174019214,0.03969312724607359,0.025544901167648945
own,pm,ETH,buy,25-40,<=2d,9038,0.008646786844023853,0.006193324736204637,0.011637616237332386,0.006905137366118642
own,pm,ETH,buy,25-40,>90d,1993,0.07675031988841578,0.06489197063064785,0.08950633811754426,0.061013920778656555
own,pm,ETH,buy,40-60,2-7d,9906,0.03279387898156452,0.026074516551256158,0.0408980016258763,0.026275521003147843
own,pm,ETH,buy,40-60,30-90d,6691,0.09056756726560762,0.07915127848263082,0.10345527994650403,0.07262616725533311
own,pm,ETH,buy,40-60,7-30d,13236,0.056725875625251346,0.04600798507834562,0.06868609824173132,0.045470358028994656
own,pm,ETH,buy,40-60,<=2d,9810,0.01517512389203371,0.010954208677213601,0.019959007591317298,0.012174804984614363
own,pm,ETH,buy,40-60,>90d,2072,0.12063210924657226,0.1048882751044542,0.1383406020227504,0.09589636314746687
own,pm,ETH,buy,60-75,2-7d,3201,0.05405875696582723,0.04311159577365024,0.06635898754013084,0.043083181546206384
own,pm,ETH,buy,60-75,30-90d,2031,0.1250115611792853,0.1147799385579496,0.13786518810355924,0.09957221080620707
own,pm,ETH,buy,60-75,7-30d,5009,0.08867095021429264,0.0733580993118781,0.10408119384808802,0.07066615896346162
own,pm,ETH,buy,60-75,<=2d,3156,0.02358632379205801,0.01664776492696677,0.03227538026389475,0.018762121408941672
own,pm,ETH,buy,60-75,>90d,993,0.15831500498960396,0.14538858018772854,0.17453207221300396,0.12573895330322146
own,pm,ETH,buy,75-90,2-7d,2088,0.08380169213827535,0.06731023304913489,0.10497360444698722,0.06650782380716672
own,pm,ETH,buy,75-90,30-90d,936,0.1567112619420134,0.14359956405790353,0.17047864664284873,0.12430484503030756
own,pm,ETH,buy,75-90,7-30d,2422,0.13308667637659527,0.11467257778021644,0.1487496372959738,0.10579736212809578
own,pm,ETH,buy,75-90,<=2d,2275,0.03777462190560743,0.02624146510061921,0.051908772763224906,0.02959693295251699
own,pm,ETH,buy,75-90,>90d,478,0.18677194117686075,0.16933677350341955,0.2052237073901944,0.14660471251984447
own,pm,ETH,buy,90-100,2-7d,941,0.15383791483299608,0.131041179468083,0.1705017705610596,0.12133712988767537
own,pm,ETH,buy,90-100,30-90d,338,0.1817802556312963,0.173805608553632,0.1995122738103942,0.1434452702741933
own,pm,ETH,buy,90-100,7-30d,884,0.1727816938856921,0.16226710512113535,0.18526679003136023,0.13678481269154139
own,pm,ETH,buy,90-100,<=2d,2040,0.07863154401409207,0.050294656396970415,0.11635534699710398,0.06175674362407171
own,pm,ETH,buy,90-100,>90d,120,0.20792316345019773,0.19229297852685734,0.22607072582497445,0.16267261678746353
own,pm,ETH,sell,00-10,2-7d,14085,0.14196864622726837,0.11776792754100228,0.1646352438260685,0.11355957742073568
own,pm,ETH,sell,00-10,30-90d,5124,0.098026022283483,0.08048465241688958,0.11304281093300707,0.07845252103119038
own,pm,ETH,sell,00-10,7-30d,11829,0.11524434786037231,0.09250989926446822,0.12938525439040957,0.0921418979276938
own,pm,ETH,sell,00-10,<=2d,20538,0.18167421856900617,0.15723344141082438,0.20252111830860164,0.1452721371360825
own,pm,ETH,sell,00-10,>90d,1528,0.11603377784888894,0.09137228204438158,0.12998262962305002,0.09275472926571803
own,pm,ETH,sell,10-25,2-7d,12318,0.1840540804153537,0.17124542839390028,0.19836976096755818,0.14719005528771473
own,pm,ETH,sell,10-25,30-90d,7645,0.15126139392413626,0.13573940845784116,0.16781929423607744,0.12096474535818139
own,pm,ETH,sell,10-25,7-30d,14118,0.16112525763033514,0.1469531489738584,0.1760102790676188,0.12886942185939604
own,pm,ETH,sell,10-25,<=2d,18564,0.21273872996194182,0.19571893540812813,0.22962464906687813,0.17011583492156307
own,pm,ETH,sell,10-25,>90d,2200,0.15674261196804024,0.14227497387791233,0.17726322925519672,0.12514965854542565
own,pm,ETH,sell,25-40,2-7d,8898,0.20643544679294576,0.19689042925869987,0.223296296935781,0.1650103033768241
own,pm,ETH,sell,25-40,30-90d,7787,0.18922959780369328,0.17614726208451564,0.20892561813632357,0.1510692607575045
own,pm,ETH,sell,25-40,7-30d,12260,0.190610760437176,0.1804010464506561,0.21148227253950727,0.15224575426483739
own,pm,ETH,sell,25-40,<=2d,13879,0.2258624267663251,0.21436237208574171,0.24534644880314738,0.1805593037382775
own,pm,ETH,sell,25-40,>90d,2204,0.20449956235472988,0.1897119536830319,0.22479007988925243,0.16340766159751352
own,pm,ETH,sell,40-60,2-7d,11851,0.22096602387793632,0.21389091042985106,0.241476371274387,0.17661016286680575
own,pm,ETH,sell,40-60,30-90d,9391,0.21928699994130985,0.20452696421206004,0.23798762777986207,0.17492590855966106
own,pm,ETH,sell,40-60,7-30d,15983,0.2147994484342992,0.2042553418749129,0.23522045874876008,0.1715468937485166
own,pm,ETH,sell,40-60,<=2d,14109,0.2317595085079285,0.22453541897447615,0.2553186906659815,0.18522255651858402
own,pm,ETH,sell,40-60,>90d,3273,0.24423790264469503,0.22705565428839103,0.26331801571184144,0.19476032679738084
own,pm,ETH,sell,60-75,2-7d,3282,0.2326099395401186,0.22794555611137393,0.2572877635662044,0.18607759728266746
own,pm,ETH,sell,60-75,30-90d,2250,0.24096904706929523,0.22905911091512415,0.2667865683600852,0.1926930405232724
own,pm,ETH,sell,60-75,7-30d,4265,0.23002249224025453,0.2239218022116594,0.254091547346612,0.18396041561445406
own,pm,ETH,sell,60-75,<=2d,3523,0.23791876585112232,0.23364882040490495,0.26309539941363586,0.1903167733978421
own,pm,ETH,sell,60-75,>90d,1544,0.26781678889118066,0.2529843401849425,0.2834671625651832,0.21404703942108505
own,pm,ETH,sell,75-90,2-7d,1848,0.241581095337946,0.23733113267029057,0.2663410276367103,0.1934316829814024
own,pm,ETH,sell,75-90,30-90d,1070,0.2570605266816499,0.2431837030627047,0.29642999906828493,0.20631511799849378
own,pm,ETH,sell,75-90,7-30d,2111,0.24194201723857844,0.23606632389626753,0.26549400621397007,0.19355471011943368
own,pm,ETH,sell,75-90,<=2d,2326,0.24273366131069016,0.23971718701680322,0.2682443306105951,0.19442073307372826
own,pm,ETH,sell,75-90,>90d,611,0.28174779247462123,0.2736880613753502,0.2901526204136524,0.22722562931109666
own,pm,ETH,sell,90-100,2-7d,936,0.24741158745308983,0.24289862948758284,0.26737166701561793,0.1983044241165398
own,pm,ETH,sell,90-100,30-90d,389,0.25535625527348316,0.24722108612445773,0.27155514110488166,0.20472011171008572
own,pm,ETH,sell,90-100,7-30d,900,0.24675262884862434,0.24282805655302356,0.2609331263725164,0.19739801040203142
own,pm,ETH,sell,90-100,<=2d,2110,0.24662785369887325,0.24304570676727888,0.26913693241946735,0.1978671244218635
own,pm,ETH,sell,90-100,>90d,253,0.28550097293702326,0.2743051760618368,0.29098914126790815,0.23081054190288822
own,pm2,BTC,buy,00-10,2-7d,2259,0.0006710328959818317,0.00025303437173735863,0.001308549352765356,0.0005026951170494096
own,pm2,BTC,buy,00-10,30-90d,1061,0.0036518798639735874,0.0018348683038661169,0.006103612068880725,0.0028838491786143785
own,pm2,BTC,buy,00-10,7-30d,2003,0.0017934049213732214,0.0008593030828398694,0.0028909401489221275,0.0013547186791528453
own,pm2,BTC,buy,00-10,<=2d,2209,0.00040360063120361265,0.00013929060333668763,0.0007768700980699944,0.00030654702262004083
own,pm2,BTC,buy,00-10,>90d,423,0.005934837113521521,0.003565085559270242,0.009913072521903507,0.004636171321461424
own,pm2,BTC,buy,10-25,2-7d,3418,0.003637355884496629,0.0024876655966954465,0.005136497636493385,0.002870554072792057
own,pm2,BTC,buy,10-25,30-90d,1961,0.014489718172465306,0.01060090278607048,0.018485476066008404,0.01154923174987136
own,pm2,BTC,buy,10-25,7-30d,3444,0.00725019713904157,0.0051224464358126595,0.009890982214666593,0.005727094532694438
own,pm2,BTC,buy,10-25,<=2d,2872,0.0018372266382973622,0.0012406182435724061,0.002718659805001818,0.001440340100669094
own,pm2,BTC,buy,10-25,>90d,625,0.022292712364707545,0.016680533011528505,0.029994694437828522,0.017492263301000014
own,pm2,BTC,buy,25-40,2-7d,1724,0.00888006565259397,0.007008252174239043,0.011151147259348081,0.007125049538057501
own,pm2,BTC,buy,25-40,30-90d,1842,0.03128840970657806,0.026268247925835625,0.03676464816996595,0.025098134679782176
own,pm2,BTC,buy,25-40,7-30d,2690,0.016290921330263847,0.012684185791514618,0.02104142522544014,0.013095448080510521
own,pm2,BTC,buy,25-40,<=2d,2174,0.004541926154241273,0.003168401483310402,0.006484959115505696,0.003654458738656302
own,pm2,BTC,buy,25-40,>90d,542,0.049047885825743105,0.040945993987872645,0.05701478787681967,0.039113809506313546
own,pm2,BTC,buy,40-60,2-7d,2085,0.015772048106478642,0.012709661792967009,0.01986590617264976,0.012666096697405467
own,pm2,BTC,buy,40-60,30-90d,1968,0.05241676256562901,0.04540073252784973,0.059507808422332394,0.04223734732595919
own,pm2,BTC,buy,40-60,7-30d,2595,0.03015544306715107,0.0229793088955208,0.038850704492990516,0.0241742814749758
own,pm2,BTC,buy,40-60,<=2d,2355,0.007518921802443071,0.0053956936380336554,0.010225067502085051,0.006053371184612186
own,pm2,BTC,buy,40-60,>90d,617,0.07145122403149848,0.06753067126294789,0.0812875422301731,0.05752499237737187
own,pm2,BTC,buy,60-75,2-7d,942,0.02648006934957042,0.021325103691001324,0.035884824300576254,0.020999994192042355
own,pm2,BTC,buy,60-75,30-90d,566,0.08041767855068307,0.0694902477684376,0.08785143279429138,0.06424709458390811
own,pm2,BTC,buy,60-75,7-30d,903,0.053038450310267465,0.04106295019922673,0.06431008375061038,0.04256151426119169
own,pm2,BTC,buy,60-75,<=2d,887,0.012330192998961933,0.008974745554265865,0.015955542542660302,0.009745950695263194
own,pm2,BTC,buy,60-75,>90d,161,0.09263381418061235,0.08683328122384312,0.1031743016984614,0.07340893018286411
own,pm2,BTC,buy,75-90,2-7d,592,0.04283412273164771,0.03236423709634412,0.05358916602145819,0.034146909329011085
own,pm2,BTC,buy,75-90,30-90d,278,0.10379619133753976,0.09368524523400848,0.1144777056389199,0.08261310456050616
own,pm2,BTC,buy,75-90,7-30d,750,0.08780713948689894,0.06873776498522992,0.09811143891402618,0.07006550654267546
own,pm2,BTC,buy,75-90,<=2d,681,0.019081053394675546,0.01279537956621594,0.0267657894410762,0.015098283997352644
own,pm2,BTC,buy,75-90,>90d,100,0.1163357289143451,0.09936156604465324,0.12839333647574205,0.09284659603836107
own,pm2,BTC,buy,90-100,2-7d,328,0.08582805888912015,0.06340398667736243,0.11182658776906104,0.06854080933747005
own,pm2,BTC,buy,90-100,30-90d,73,0.12967040310388317,0.12202237451944106,0.13915495339648723,0.10379337806529958
own,pm2,BTC,buy,90-100,7-30d,313,0.11835996578557781,0.08912118487169646,0.1289052520328163,0.09398741407962766
own,pm2,BTC,buy,90-100,<=2d,595,0.038828797774278084,0.024579305024440473,0.07184882539902951,0.030717718462048064
own,pm2,BTC,buy,90-100,>90d,48,0.1545685960110858,0.1417044624634487,0.17519576665470327,0.12265715579321554
own,pm2,BTC,sell,00-10,2-7d,2895,0.10850114265170942,0.09516041076878425,0.12509430166996172,0.0856827972756096
own,pm2,BTC,sell,00-10,30-90d,1426,0.09663194281385237,0.06751474456711674,0.10494875302919518,0.0762076484111351
own,pm2,BTC,sell,00-10,7-30d,3100,0.1014672185111127,0.08164985129537963,0.11159750457023268,0.08019910556524874
own,pm2,BTC,sell,00-10,<=2d,4909,0.1380799637632067,0.11772452148350043,0.15201190826533825,0.10940892173569726
own,pm2,BTC,sell,00-10,>90d,526,0.059759216216206064,0.04363100308717443,0.09257350058495796,0.047258533845178585
own,pm2,BTC,sell,10-25,2-7d,3268,0.13798471794121342,0.126833708484127,0.14460721223389328,0.10939334507549174
own,pm2,BTC,sell,10-25,30-90d,2587,0.10569317548365088,0.09322103483699783,0.12167334762588389,0.0836176031396186
own,pm2,BTC,sell,10-25,7-30d,3990,0.11984737031502726,0.10727252371403073,0.12919841083023717,0.0948384983579309
own,pm2,BTC,sell,10-25,<=2d,4040,0.157142519663809,0.1481675687733856,0.1652431478626703,0.12468297382578743
own,pm2,BTC,sell,10-25,>90d,624,0.0956461818159719,0.07612568616760443,0.10889407269228096,0.07544265734834235
own,pm2,BTC,sell,25-40,2-7d,2396,0.15334029807200683,0.14622290126058274,0.1580449602574089,0.12158654727329515
own,pm2,BTC,sell,25-40,30-90d,2049,0.12682465931455272,0.11811563319370255,0.1366109276769421,0.10028979929918837
own,pm2,BTC,sell,25-40,7-30d,3341,0.13868514310836752,0.13012995933782007,0.14397966649421345,0.10973127687415224
own,pm2,BTC,sell,25-40,<=2d,2868,0.16645132842598143,0.16128643648536234,0.17096803506226121,0.1320451435600823
own,pm2,BTC,sell,25-40,>90d,643,0.12445222292795241,0.11085533216242982,0.1358091143282606,0.09834399610048238
own,pm2,BTC,sell,40-60,2-7d,2597,0.16358934900739414,0.15890309460231744,0.16762309836537737,0.1296733685103587
own,pm2,BTC,sell,40-60,30-90d,2450,0.14501447108254908,0.13870970935261048,0.1512305345028194,0.11459071163581039
own,pm2,BTC,sell,40-60,7-30d,3428,0.15258147225891663,0.1466764330723036,0.1574381902386138,0.12088092520746457
own,pm2,BTC,sell,40-60,<=2d,2794,0.17200027285222574,0.16780735483789744,0.17535813701389494,0.13646345379169583
own,pm2,BTC,sell,40-60,>90d,948,0.1485519162360228,0.12933537063335246,0.15661598730242132,0.11735433167759841
own,pm2,BTC,sell,60-75,2-7d,727,0.17131786326435208,0.1672937092191531,0.17456044043830332,0.13584108457814367
own,pm2,BTC,sell,60-75,30-90d,595,0.16146067935472305,0.15587839167377332,0.16573579328360563,0.12772748743017628
own,pm2,BTC,sell,60-75,7-30d,1011,0.16534853188524898,0.15779425867127195,0.1685236057422462,0.13106600276121377
own,pm2,BTC,sell,60-75,<=2d,823,0.17532565904913833,0.1706119486611657,0.1785122915781626,0.13899586709452968
own,pm2,BTC,sell,60-75,>90d,222,0.15907069736150956,0.13764822678494598,0.1792375647903939,0.12491175964483911
own,pm2,BTC,sell,75-90,2-7d,387,0.17482923356741936,0.1428636369533872,0.17855761341510895,0.13874118729230642
own,pm2,BTC,sell,75-90,30-90d,225,0.17183693851458187,0.15522475313265546,0.17643752235774282,0.13563184019914606
own,pm2,BTC,sell,75-90,7-30d,554,0.1731492557541146,0.16648090926197587,0.17671053110000295,0.13749822416271917
own,pm2,BTC,sell,75-90,<=2d,512,0.17736415813165457,0.17279961096174845,0.18053791535483626,0.14044359745574947
own,pm2,BTC,sell,75-90,>90d,118,0.16786927041210978,0.15551960392700961,0.19004758366468594,0.13386934485891464
own,pm2,BTC,sell,90-100,2-7d,221,0.17248703906622642,0.14162459028545227,0.18049864613743602,0.13666442400728968
own,pm2,BTC,sell,90-100,30-90d,68,0.18669038627521312,0.17761925279003674,0.1882751510914795,0.14848869217988953
own,pm2,BTC,sell,90-100,7-30d,203,0.17785817590890418,0.17263513667975405,0.18261553486821674,0.1412933824679805
own,pm2,BTC,sell,90-100,<=2d,523,0.18002385172895743,0.17475975273055108,0.18275338982619144,0.14234320982817367
own,pm2,BTC,sell,90-100,>90d,118,0.20781468537437653,0.19294109019278716,0.2112958066641275,0.1644557953626048
own,pm2,ETH,buy,00-10,2-7d,3038,0.0016301061057214146,0.0008762090615670124,0.0023812589441916856,0.0012308765995546038
own,pm2,ETH,buy,00-10,30-90d,1745,0.005992587223446064,0.0036794372845773693,0.008242305847654318,0.004644827006883223
own,pm2,ETH,buy,00-10,7-30d,3057,0.0027981563781017695,0.0016641086616650583,0.004306923935453394,0.0021711276012253765
own,pm2,ETH,buy,00-10,<=2d,3128,0.0007138980170991822,0.00030621861304936044,0.0012032991966511712,0.0005668148076496502
own,pm2,ETH,buy,00-10,>90d,1292,0.004471647782515001,0.002768424405611289,0.009849094390398005,0.0030982007029469066
own,pm2,ETH,buy,10-25,2-7d,5721,0.00527143587847504,0.003765501844271988,0.00736892092889554,0.0041614012088636975
own,pm2,ETH,buy,10-25,30-90d,4120,0.01996000651604239,0.014798244557862703,0.025454754206818864,0.0158273209714098
own,pm2,ETH,buy,10-25,7-30d,6280,0.010863220651014381,0.007976951819899353,0.014790063705909837,0.008593372490340652
own,pm2,ETH,buy,10-25,<=2d,4897,0.002640520356151371,0.0017155901378782359,0.0038940264862783033,0.0020976835783274804
own,pm2,ETH,buy,10-25,>90d,1373,0.030162071312407297,0.02167990122822349,0.03769705738659608,0.023773929152358746
own,pm2,ETH,buy,25-40,2-7d,4222,0.013162389778177963,0.010348043314418213,0.016883689909213694,0.010508603423796803
own,pm2,ETH,buy,25-40,30-90d,3796,0.04267884015135734,0.03558388358700685,0.05040785580892716,0.034132904643424666
own,pm2,ETH,buy,25-40,7-30d,6316,0.025073406179242138,0.01981952187438819,0.03130322340367378,0.020027372539020497
own,pm2,ETH,buy,25-40,<=2d,3933,0.006548269028601485,0.004659057060002305,0.008773122489384869,0.005248223660682268
own,pm2,ETH,buy,25-40,>90d,1466,0.059666319309250926,0.05047786868757275,0.06966937658145628,0.047515808623129666
own,pm2,ETH,buy,40-60,2-7d,5252,0.0240591447692608,0.019121456003636052,0.029918440219500617,0.019224696148093707
own,pm2,ETH,buy,40-60,30-90d,3840,0.07052749496584176,0.06146662877790318,0.08075604823202723,0.05644113576906379
own,pm2,ETH,buy,40-60,7-30d,6636,0.04384784979593841,0.03553504221068739,0.053226885377815364,0.03507123227401416
own,pm2,ETH,buy,40-60,<=2d,4381,0.011456742793214292,0.008322999967959889,0.01512454385002933,0.009154080263561008
own,pm2,ETH,buy,40-60,>90d,1569,0.09334732933071567,0.08181617504752679,0.10667439732940005,0.07442281845183611
own,pm2,ETH,buy,60-75,2-7d,1539,0.03969560327422782,0.0313625278510605,0.049902648058065366,0.03155801644004325
own,pm2,ETH,buy,60-75,30-90d,1101,0.09604280137988708,0.08827983008040577,0.10315399750458171,0.07654222016590206
own,pm2,ETH,buy,60-75,7-30d,2441,0.06345605309810166,0.05379527605023276,0.0779631067467879,0.05065786627425872
own,pm2,ETH,buy,60-75,<=2d,1462,0.017570283381500525,0.012368338588116284,0.023732977804038914,0.01395047633307122
own,pm2,ETH,buy,60-75,>90d,750,0.12318643863384121,0.11152121934840913,0.13467094377541722,0.09842491757128582
own,pm2,ETH,buy,75-90,2-7d,899,0.061137299945744836,0.050507305951026746,0.0768153672819095,0.04876585572483687
own,pm2,ETH,buy,75-90,30-90d,540,0.11615659575236502,0.10969732470838771,0.12534793252081458,0.09189199308468288
own,pm2,ETH,buy,75-90,7-30d,1099,0.10196038141991845,0.0881171433419726,0.11447278222891394,0.08103468110467685
own,pm2,ETH,buy,75-90,<=2d,1061,0.026126425582588143,0.017222371574748804,0.037082602567998904,0.02046030450133821
own,pm2,ETH,buy,75-90,>90d,333,0.13696554823577753,0.12707766512512192,0.14571343854088367,0.10863219739465499
own,pm2,ETH,buy,90-100,2-7d,473,0.11377682717313105,0.09301405838704534,0.12617312583292833,0.09064056763422808
own,pm2,ETH,buy,90-100,30-90d,246,0.13121024056846642,0.12290036569015604,0.13996546075838395,0.10403730104655941
own,pm2,ETH,buy,90-100,7-30d,390,0.12672616029236589,0.1195185405746561,0.13496577151009237,0.10084031715236474
own,pm2,ETH,buy,90-100,<=2d,1022,0.05493191388074012,0.03701514820837591,0.08559651293088014,0.04373116592552728
own,pm2,ETH,buy,90-100,>90d,95,0.14857825135457978,0.1399124898820266,0.1624109294645456,0.1162215460389695
own,pm2,ETH,sell,00-10,2-7d,4955,0.1071465783363083,0.09624792710684422,0.12733353598400432,0.08473430212744412
own,pm2,ETH,sell,00-10,30-90d,2973,0.09187027577626869,0.0627460504173708,0.10418088706408479,0.07245562483475132
own,pm2,ETH,sell,00-10,7-30d,4306,0.10200717800010108,0.08267180096222873,0.11133466049898322,0.08059416269604577
own,pm2,ETH,sell,00-10,<=2d,9698,0.13630671058892901,0.1215313501309053,0.13987617071258934,0.10802609119446188
own,pm2,ETH,sell,00-10,>90d,1259,0.07224859712308661,0.06210731709533898,0.08833866090366191,0.05739268582091928
own,pm2,ETH,sell,10-25,2-7d,5732,0.13122920858366055,0.12161456220194403,0.13858193739939556,0.10401497555803084
own,pm2,ETH,sell,10-25,30-90d,4615,0.10870606928836854,0.0976091684093427,0.13183011066844558,0.08593180540825703
own,pm2,ETH,sell,10-25,7-30d,6458,0.11569913776862392,0.10617152207630488,0.1340410792726477,0.0915325148278173
own,pm2,ETH,sell,10-25,<=2d,8045,0.14840990578765226,0.1393647550352399,0.15824829593156098,0.11769052658957622
own,pm2,ETH,sell,10-25,>90d,1692,0.10468481515635733,0.08808561929061678,0.1212296266003914,0.08268972287059043
own,pm2,ETH,sell,25-40,2-7d,4643,0.1467491140734085,0.1404721700792431,0.15271893479882945,0.11627925710375717
own,pm2,ETH,sell,25-40,30-90d,4389,0.1337887724701972,0.12349711769111692,0.14018243435056604,0.10569031364494985
own,pm2,ETH,sell,25-40,7-30d,5791,0.13626514689485378,0.12760634786403613,0.13934591876399754,0.10773737740028537
own,pm2,ETH,sell,25-40,<=2d,6415,0.16201345392600783,0.15559294005216412,0.16796254887793982,0.12846744921959033
own,pm2,ETH,sell,25-40,>90d,1507,0.14118845091824742,0.12726986103513369,0.15457679394491997,0.11140287634754681
own,pm2,ETH,sell,40-60,2-7d,6033,0.16000720095079912,0.15482210466885662,0.16412192282477409,0.1268178951110535
own,pm2,ETH,sell,40-60,30-90d,5287,0.154663227633739,0.1435497760573336,0.16365074714017644,0.1223863102102142
own,pm2,ETH,sell,40-60,7-30d,6849,0.15173684303397048,0.14563806148344918,0.1569723034436405,0.12012506545048518
own,pm2,ETH,sell,40-60,<=2d,6678,0.16836469421392025,0.1639581461414656,0.1724849079376175,0.13349338946678824
own,pm2,ETH,sell,40-60,>90d,2296,0.17455144815414708,0.15993872967026085,0.187872446901987,0.13799583620184375
own,pm2,ETH,sell,60-75,2-7d,1639,0.17049630064968327,0.1669422954791417,0.17353766230370157,0.13526753838547823
own,pm2,ETH,sell,60-75,30-90d,1080,0.17112066242303953,0.16465620627381314,0.17769895889188442,0.13547978091325302
own,pm2,ETH,sell,60-75,7-30d,1794,0.16673134385625435,0.16247199042935162,0.1705226343818227,0.13213159927830032
own,pm2,ETH,sell,60-75,<=2d,1771,0.1757930529725069,0.17249508040553566,0.17878222848454306,0.13953102377222915
own,pm2,ETH,sell,60-75,>90d,1083,0.19670786087330397,0.1786688130536309,0.2084103213693493,0.15731700263564752
own,pm2,ETH,sell,75-90,2-7d,856,0.17757402824674248,0.17398958065910175,0.18051086894851254,0.14117086811790353
own,pm2,ETH,sell,75-90,30-90d,518,0.18133123207237878,0.17585937445421693,0.18930276239948834,0.14372128781824245
own,pm2,ETH,sell,75-90,7-30d,951,0.1766138503833347,0.1729723859648899,0.18005458482112802,0.14031716619796647
own,pm2,ETH,sell,75-90,<=2d,1210,0.17963805058288607,0.17664557147610288,0.18252342092362192,0.14272537628879434
own,pm2,ETH,sell,75-90,>90d,465,0.21532945299881545,0.19387444607409754,0.2191410903662468,0.17187921539454956
own,pm2,ETH,sell,90-100,2-7d,458,0.1791730279296347,0.165541025806432,0.1841489576943779,0.14203905897547364
own,pm2,ETH,sell,90-100,30-90d,273,0.187098509542612,0.17950562679047805,0.19471988122195893,0.1486239691087075
own,pm2,ETH,sell,90-100,7-30d,489,0.18324525262005248,0.1778176665773104,0.18589702033199076,0.14560613418115384
own,pm2,ETH,sell,90-100,<=2d,1109,0.18191417754539432,0.17888686160433506,0.18486814434061183,0.1446041717552716
own,pm2,ETH,sell,90-100,>90d,227,0.21291748997030258,0.19192627352354077,0.22252970438139502,0.1683968144974172
own,pm2,HYPE,buy,00-10,2-7d,216,0.0024866546695981283,0.0014623469582256822,0.0037793170622042907,0.0018742104484824691
own,pm2,HYPE,buy,00-10,30-90d,186,0.008838983668709196,0.005404090291826899,0.011337908722903193,0.006583750072674048
own,pm2,HYPE,buy,00-10,7-30d,485,0.005480651011532389,0.003091069538302115,0.007860453536486477,0.0040978857901439805
own,pm2,HYPE,buy,00-10,<=2d,181,0.0014956908176156562,0.000577476651797814,0.0023455797771568085,0.0012119001264505901
own,pm2,HYPE,buy,00-10,>90d,196,0.018358420996204522,0.012385370488583949,0.0219816300363325,0.013410230537675448
own,pm2,HYPE,buy,10-25,2-7d,1329,0.010970905608646274,0.007583187972851107,0.015534410368199783,0.008631883635243696
own,pm2,HYPE,buy,10-25,30-90d,1554,0.027059472618880042,0.01899728804659134,0.03801667506060337,0.021476708256115938
own,pm2,HYPE,buy,10-25,7-30d,3225,0.01626311577237721,0.011736451579179541,0.02265326021611294,0.012909400828757352
own,pm2,HYPE,buy,10-25,<=2d,610,0.006478367562302566,0.004014285071056012,0.009434666300325282,0.005322904731150477
own,pm2,HYPE,buy,10-25,>90d,761,0.04453950849971953,0.03274030099315053,0.06253202318826866,0.03644002512083972
own,pm2,HYPE,buy,25-40,2-7d,1522,0.020352237381276148,0.014726867133398071,0.02568827485943164,0.015930739552649793
own,pm2,HYPE,buy,25-40,30-90d,1320,0.05783732123280288,0.04822488758739243,0.07038835397719405,0.047328861458138485
own,pm2,HYPE,buy,25-40,7-30d,3682,0.03354678668426158,0.02573563210548726,0.043577701557775204,0.026786585919919732
own,pm2,HYPE,buy,25-40,<=2d,661,0.010734703022801433,0.00810419087707303,0.014827847504218042,0.00860941539029585
own,pm2,HYPE,buy,25-40,>90d,641,0.08914258441655169,0.07046996071545499,0.11296117727616035,0.07250898725252759
own,pm2,HYPE,buy,40-60,2-7d,1594,0.03873554181216427,0.028884373051003918,0.04380330742434105,0.03132833929693757
own,pm2,HYPE,buy,40-60,30-90d,1229,0.10617659011193824,0.08633630307745618,0.12235337135034395,0.086651959693797
own,pm2,HYPE,buy,40-60,7-30d,2850,0.06809689966082536,0.0495331964241684,0.08450028417190393,0.05506689550220229
own,pm2,HYPE,buy,40-60,<=2d,631,0.017656752831936438,0.013284723218862496,0.023564284276133947,0.01419561890376289
own,pm2,HYPE,buy,40-60,>90d,473,0.12167284118040413,0.10204760748269714,0.14551480177512627,0.09994174880455255
own,pm2,HYPE,buy,60-75,2-7d,598,0.06725398770905724,0.058439715118824835,0.10019013997046142,0.054631321268034716
own,pm2,HYPE,buy,60-75,30-90d,288,0.14547995376049078,0.12694913364911198,0.16839567241815667,0.11912367570338137
own,pm2,HYPE,buy,60-75,7-30d,1034,0.11243813513862397,0.10266601367227761,0.12530904108910912,0.0917856754469156
own,pm2,HYPE,buy,60-75,<=2d,335,0.03299508663916015,0.022396414338956366,0.04764394957637987,0.026563409233353926
own,pm2,HYPE,buy,60-75,>90d,189,0.17362023651375916,0.154075989177218,0.19346140949470778,0.14188002161714175
own,pm2,HYPE,buy,75-90,2-7d,203,0.0990062718027536,0.08704554921016207,0.12608078828350017,0.08079527399984737
own,pm2,HYPE,buy,75-90,30-90d,218,0.1852690051664273,0.1654722702116161,0.19639563183096137,0.15304110976265078
own,pm2,HYPE,buy,75-90,7-30d,736,0.15753105432157105,0.14165847429298628,0.17571298110595163,0.12901775316167813
own,pm2,HYPE,buy,75-90,<=2d,255,0.054934942386293616,0.03425677901798007,0.0948616947248086,0.044660774588306675
own,pm2,HYPE,buy,75-90,>90d,51,0.21503582176216038,0.1906450904364504,0.25733500648894536,0.17674610160375465
own,pm2,HYPE,buy,90-100,2-7d,131,0.15623552740491198,0.12679899650925522,0.20018806599470698,0.12365669905277503
own,pm2,HYPE,buy,90-100,30-90d,25,0.21029862806030153,0.1990899403975603,0.25526644420693173,0.17049569322731362
own,pm2,HYPE,buy,90-100,7-30d,99,0.19575331232905724,0.1864896515981307,0.22630613526523546,0.15673817083896152
own,pm2,HYPE,buy,90-100,<=2d,146,0.10104088231346242,0.06331055031384857,0.1414828747818869,0.08249725124862234
own,pm2,HYPE,buy,90-100,>90d,8,0.25449515845732695,0.25246284921033935,0.2681051623308426,0.20764119221356664
own,pm2,HYPE,sell,00-10,2-7d,439,0.1922208919459853,0.1752493276281829,0.23917668840892636,0.15458351978928825
own,pm2,HYPE,sell,00-10,30-90d,450,0.19906166494369482,0.13185742805308504,0.3024900056889608,0.16203895835377638
own,pm2,HYPE,sell,00-10,7-30d,685,0.22245740002996703,0.1633782574846993,0.2588069918195243,0.17974422968674836
own,pm2,HYPE,sell,00-10,<=2d,506,0.34902798630846,0.23891089700323653,0.39376948064203404,0.2852981997175191
own,pm2,HYPE,sell,00-10,>90d,149,0.10411890907591544,0.0915401886012798,0.15709473363347143,0.0830858477910465
own,pm2,HYPE,sell,10-25,2-7d,806,0.24093622044191404,0.20247234499342423,0.3438705557901137,0.1947590978560544
own,pm2,HYPE,sell,10-25,30-90d,1187,0.2350880313395511,0.18362971084175,0.35618310590387436,0.19048974391188414
own,pm2,HYPE,sell,10-25,7-30d,1755,0.24308679645047387,0.2006207231620858,0.3467094616942459,0.19702856221527176
own,pm2,HYPE,sell,10-25,<=2d,788,0.35214182874678157,0.2551618080419802,0.38692417374853494,0.2882170996678488
own,pm2,HYPE,sell,10-25,>90d,467,0.18521060294860478,0.15614524298120835,0.22463812339891787,0.14960572848671844
own,pm2,HYPE,sell,25-40,2-7d,826,0.25960876007126327,0.23720260026943832,0.36652658971982277,0.21004001574104025
own,pm2,HYPE,sell,25-40,30-90d,980,0.277660184804381,0.21140140521599957,0.3288949096043034,0.22525034822835063
own,pm2,HYPE,sell,25-40,7-30d,1635,0.2524517120976778,0.22634743149796113,0.37352478545760265,0.2044650677471607
own,pm2,HYPE,sell,25-40,<=2d,959,0.3677481784501484,0.2719910411278248,0.386972082613793,0.30083498432284794
own,pm2,HYPE,sell,25-40,>90d,496,0.24046326379163588,0.20656935946379623,0.2978704591206111,0.19199298457106562
own,pm2,HYPE,sell,40-60,2-7d,955,0.2866342544895384,0.2670204931748653,0.3834912157007171,0.23255776637527298
own,pm2,HYPE,sell,40-60,30-90d,1142,0.3114922766088525,0.23864438464628707,0.38958942107378275,0.25308476959025683
own,pm2,HYPE,sell,40-60,7-30d,1487,0.34998316505450006,0.2599318274075678,0.3919237968625241,0.2856907346972523
own,pm2,HYPE,sell,40-60,<=2d,1055,0.38152423559261545,0.2877821892496707,0.39954215955889183,0.3119124779973227
own,pm2,HYPE,sell,40-60,>90d,582,0.2756766927979758,0.23964098407886214,0.3259185966141663,0.22149007458652367
own,pm2,HYPE,sell,60-75,2-7d,263,0.3136151949126334,0.29022322401473216,0.3977612785826682,0.2573978304109264
own,pm2,HYPE,sell,60-75,30-90d,160,0.28911172235928073,0.25707552356441,0.38592712313430405,0.23398035326819047
own,pm2,HYPE,sell,60-75,7-30d,255,0.2953482896917839,0.27704652412670794,0.3847881661899739,0.2398252971753592
own,pm2,HYPE,sell,60-75,<=2d,197,0.38386619286526136,0.29681250320514047,0.4006159040425164,0.31265837571659927
own,pm2,HYPE,sell,60-75,>90d,204,0.33556518472074126,0.27613106162397416,0.42806730394374404,0.27167709151559105
own,pm2,HYPE,sell,75-90,2-7d,162,0.29940481617531634,0.27324728869137155,0.38580894272915883,0.24250424364985418
own,pm2,HYPE,sell,75-90,30-90d,104,0.306300901187707,0.29022305421237304,0.3207550176830174,0.2484637685985465
own,pm2,HYPE,sell,75-90,7-30d,269,0.293237192588101,0.2869337911043882,0.309790739795522,0.23639745189463612
own,pm2,HYPE,sell,75-90,<=2d,240,0.3832840861164799,0.30141156150575754,0.403002294743832,0.3111390622136589
own,pm2,HYPE,sell,75-90,>90d,47,0.3373520677966271,0.32603164211473623,0.43599539629337547,0.2739076921066687
own,pm2,HYPE,sell,90-100,2-7d,76,0.298090910768797,0.2828989598063881,0.3942897836820756,0.23997826628316773
own,pm2,HYPE,sell,90-100,30-90d,44,0.2888210111122338,0.2867916979290596,0.3153324085957938,0.23030529626998428
own,pm2,HYPE,sell,90-100,7-30d,94,0.30644388195374467,0.2836640694728559,0.3833860969647182,0.24807595668181637
own,pm2,HYPE,sell,90-100,<=2d,175,0.33399545115553947,0.28502038865352797,0.4017998308544897,0.271725780382469
own,pm2,HYPE,sell,90-100,>90d,27,0.44252698930867357,0.3364308017502712,0.4483727709931959,0.36216662463324834
pm2,sm,BTC,buy,00-10,2-7d,2259,0.0006594791732780352,0.00020431225475760513,0.0013082330802893793,0.0006594791732780352
pm2,sm,BTC,buy,00-10,30-90d,1061,0.003688050104876367,0.0018116862486216635,0.006169689421030124,0.003688050104876367
pm2,sm,BTC,buy,00-10,7-30d,2003,0.0017880766802781348,0.0008391650101083239,0.002890425720168324,0.0017880766802781348
pm2,sm,BTC,buy,00-10,<=2d,2209,0.000395135241092434,0.00012149254556665321,0.0007735717896136852,0.000395135241092434
pm2,sm,BTC,buy,00-10,>90d,423,0.00638651067987758,0.003920020631465812,0.010658790613518208,0.00638651067987758
pm2,sm,BTC,buy,10-25,2-7d,3418,0.003637355884538708,0.0024876655967010905,0.005136497688630295,0.003637355884538708
pm2,sm,BTC,buy,10-25,30-90d,1961,0.01484164322426794,0.010868153935781272,0.01930506921721224,0.01484164322426794
pm2,sm,BTC,buy,10-25,7-30d,3444,0.007251339496192433,0.005122645611333084,0.009913830906062354,0.007251339496192433
pm2,sm,BTC,buy,10-25,<=2d,2872,0.0018372266382973622,0.0012406182435724061,0.002718659805001818,0.0018372266382973622
pm2,sm,BTC,buy,10-25,>90d,625,0.025040131262101587,0.018333332728353875,0.034590373368958996,0.025040131262101587
pm2,sm,BTC,buy,25-40,2-7d,1724,0.00888006565259397,0.007008252174239043,0.011151147515734903,0.00888006565259397
pm2,sm,BTC,buy,25-40,30-90d,1842,0.03279046446058308,0.027116976575588397,0.03966067489788275,0.03279046446058308
pm2,sm,BTC,buy,25-40,7-30d,2690,0.01630747569286821,0.012685026332596374,0.02111158512354913,0.01630747569286821
pm2,sm,BTC,buy,25-40,<=2d,2174,0.004541926154241273,0.003168401483310402,0.006484959115505696,0.004541926154241273
pm2,sm,BTC,buy,25-40,>90d,542,0.06018812567061914,0.04833919146747862,0.07612471359887399,0.06018812567061914
pm2,sm,BTC,buy,40-60,2-7d,2085,0.015772048106478642,0.012709661792967009,0.019865908433925817,0.015772048106478642
pm2,sm,BTC,buy,40-60,30-90d,1968,0.057908128809621595,0.04896747708349326,0.06786765976644782,0.057908128809621595
pm2,sm,BTC,buy,40-60,7-30d,2595,0.030306422632265774,0.02297984006724684,0.03921756985118285,0.030306422632265774
pm2,sm,BTC,buy,40-60,<=2d,2355,0.007518921802443071,0.0053956936380336554,0.010225067502085051,0.007518921802443071
pm2,sm,BTC,buy,40-60,>90d,617,0.09971948851134153,0.09258857260626625,0.11930317467486826,0.09971948851134153
pm2,sm,BTC,buy,60-75,2-7d,942,0.026480070792577658,0.021325103691001324,0.035884978882914934,0.026480070792577658
pm2,sm,BTC,buy,60-75,30-90d,566,0.09790744618431652,0.0800170361906871,0.11485912086837657,0.09790744618431652
pm2,sm,BTC,buy,60-75,7-30d,903,0.05413442974017998,0.04114840236444625,0.06737700229769181,0.05413442974017998
pm2,sm,BTC,buy,60-75,<=2d,887,0.012330192998961933,0.008974745554265865,0.015955542542660302,0.012330192998961933
pm2,sm,BTC,buy,60-75,>90d,161,0.1539890679211548,0.13861477592042587,0.17267689295493263,0.1539890679211548
pm2,sm,BTC,buy,75-90,2-7d,592,0.04283478004551591,0.03236448341262147,0.053638067424216215,0.04283478004551591
pm2,sm,BTC,buy,75-90,30-90d,278,0.16191860306266365,0.1251334706363315,0.19441604696114628,0.16191860306266365
pm2,sm,BTC,buy,75-90,7-30d,750,0.09746726643217049,0.07090616508079507,0.12019351335781679,0.09746726643217049
pm2,sm,BTC,buy,75-90,<=2d,681,0.019081053394675546,0.01279537956621594,0.0267657894410762,0.019081053394675546
pm2,sm,BTC,buy,75-90,>90d,100,0.24985026509607947,0.194705609972733,0.30286134149175875,0.24985026509607947
pm2,sm,BTC,buy,90-100,2-7d,328,0.08730673039025429,0.063409712201143,0.1307336311441544,0.08730673039025429
pm2,sm,BTC,buy,90-100,30-90d,73,0.2871717481600468,0.22787578401972924,0.4215899398639484,0.2871717481600468
pm2,sm,BTC,buy,90-100,7-30d,313,0.1776531984976215,0.10524090123095292,0.2328245399192382,0.1776531984976215
pm2,sm,BTC,buy,90-100,<=2d,595,0.038828797774278084,0.024579305024440473,0.07184894978752573,0.038828797774278084
pm2,sm,BTC,buy,90-100,>90d,48,0.4996869926056679,0.4151453122693831,0.923776088080505,0.4996869926056679
pm2,sm,BTC,sell,00-10,2-7d,2895,0.1299675797933474,0.1298552458571693,0.1300966629195111,0.08996605438859648
pm2,sm,BTC,sell,00-10,30-90d,1426,0.13008386418132586,0.12977338417796608,0.13042684008069527,0.09008343224224913
pm2,sm,BTC,sell,00-10,7-30d,3100,0.13003606600037143,0.1298507420390709,0.1302776762290015,0.09003644540625874
pm2,sm,BTC,sell,00-10,<=2d,4909,0.12995245918492454,0.12984671486312277,0.130120834178719,0.0899245520198687
pm2,sm,BTC,sell,00-10,>90d,526,0.1302447405049797,0.12944089443344042,0.1308256178261144,0.09023552971351126
pm2,sm,BTC,sell,10-25,2-7d,3268,0.12993638757154102,0.12969058637360034,0.13018343901806,0.08992660478781878
pm2,sm,BTC,sell,10-25,30-90d,2587,0.13002156037503587,0.12945506217837155,0.13041603145184183,0.09002401463228303
pm2,sm,BTC,sell,10-25,7-30d,3990,0.129957179054013,0.12963168052855817,0.13026900980358055,0.08995691574017525
pm2,sm,BTC,sell,10-25,<=2d,4040,0.13056463438663368,0.1299282938355255,0.13610015043790297,0.0899146622118453
pm2,sm,BTC,sell,10-25,>90d,624,0.13057479098721897,0.12957481577864904,0.13130562592143782,0.0905722697614095
pm2,sm,BTC,sell,25-40,2-7d,2396,0.1313545613147803,0.12973112650460172,0.13573057659517287,0.08952454816170763
pm2,sm,BTC,sell,25-40,30-90d,2049,0.12914271537877806,0.1284785060031081,0.1298061906476335,0.08911894062684465
pm2,sm,BTC,sell,25-40,7-30d,3341,0.1295417620438995,0.12898157105251923,0.13018973476013723,0.08934990574651504
pm2,sm,BTC,sell,25-40,<=2d,2868,0.1408381394979781,0.13700784600994967,0.14390883109320368,0.08950770081351936
pm2,sm,BTC,sell,25-40,>90d,643,0.12932646413622498,0.12772274935905525,0.13083734392954505,0.08928278317985351
pm2,sm,BTC,sell,40-60,2-7d,2597,0.14735740002554815,0.1436854293687628,0.14898281668997604,0.08914987628661135
pm2,sm,BTC,sell,40-60,30-90d,2450,0.1402431159158412,0.12925474246332377,0.14837844521293256,0.08869018158100603
pm2,sm,BTC,sell,40-60,7-30d,3428,0.14408548479376393,0.13630763277591554,0.14860769020434705,0.08896715166700221
pm2,sm,BTC,sell,40-60,<=2d,2794,0.1481973202175163,0.14644478118142745,0.1491089945041279,0.08928395293719293
pm2,sm,BTC,sell,40-60,>90d,948,0.13067153931473613,0.12854581742075355,0.1453069109236575,0.08882086590757382
pm2,sm,BTC,sell,60-75,2-7d,727,0.14933077331504274,0.14868102457339288,0.15016547480653197,0.08932290153779895
pm2,sm,BTC,sell,60-75,30-90d,595,0.14869169158100407,0.1474860274887248,0.15031660449398485,0.08871550895289726
pm2,sm,BTC,sell,60-75,7-30d,1011,0.1491718709071158,0.14848628182074045,0.15005943674650654,0.08917782565067722
pm2,sm,BTC,sell,60-75,<=2d,823,0.14937043771930097,0.14862180853698825,0.1501623378416231,0.08937346752632917
pm2,sm,BTC,sell,60-75,>90d,222,0.15098350127439383,0.1484332510283123,0.15345515030477386,0.09123828105343906
pm2,sm,BTC,sell,75-90,2-7d,387,0.15017252238857923,0.14881375055883955,0.15133940781980054,0.09020695644058789
pm2,sm,BTC,sell,75-90,30-90d,225,0.14998221501711195,0.1475504334948473,0.15245152825885752,0.09000813700938193
pm2,sm,BTC,sell,75-90,7-30d,554,0.15041645264121442,0.149115740263492,0.1519793286485396,0.09042462378458169
pm2,sm,BTC,sell,75-90,<=2d,512,0.14990851957724793,0.1487147672840068,0.1507608575627111,0.0898863622389538
pm2,sm,BTC,sell,75-90,>90d,118,0.15783895195950692,0.15391658221366444,0.160402684168082,0.09784961110700968
pm2,sm,BTC,sell,90-100,2-7d,221,0.14945988833457485,0.14803103810020643,0.15060450266687916,0.08946036717321715
pm2,sm,BTC,sell,90-100,30-90d,68,0.15355995338927858,0.15178138983288414,0.15507071098173258,0.09352731156039354
pm2,sm,BTC,sell,90-100,7-30d,203,0.15043031855940306,0.14895212076846404,0.1523322271175192,0.09042170803369896
pm2,sm,BTC,sell,90-100,<=2d,523,0.1493307145355924,0.1464143987281346,0.151176773894598,0.08929802168541959
pm2,sm,BTC,sell,90-100,>90d,118,0.15864282948369152,0.15666606096851696,0.16498083575247305,0.0986387451009494
pm2,sm,ETH,buy,00-10,2-7d,3038,0.001551786642168223,0.000746276560800937,0.0023554095410008077,0.001551786642168223
pm2,sm,ETH,buy,00-10,30-90d,1745,0.006080151876202121,0.0035847034299397265,0.008419485803807544,0.006080151876202121
pm2,sm,ETH,buy,00-10,7-30d,3057,0.002747657929857423,0.001354660409507867,0.004288657778128,0.002747657929857423
pm2,sm,ETH,buy,00-10,<=2d,3128,0.0006441484087204915,0.00025307534911332225,0.0011624529285153373,0.0006441484087204915
pm2,sm,ETH,buy,00-10,>90d,1292,0.004913260219808574,0.0029935777024026108,0.010613083265814074,0.004913260219808574
pm2,sm,ETH,buy,10-25,2-7d,5721,0.00527143587847504,0.003765501844271988,0.007368920929067961,0.00527143587847504
pm2,sm,ETH,buy,10-25,30-90d,4120,0.021018898496084376,0.01535952887860809,0.027414108945866725,0.021018898496084376
pm2,sm,ETH,buy,10-25,7-30d,6280,0.010894030224488836,0.007987719852941211,0.014859137717306646,0.010894030224488836
pm2,sm,ETH,buy,10-25,<=2d,4897,0.002640520356151371,0.0017155901378782359,0.0038940264862783033,0.002640520356151371
pm2,sm,ETH,buy,10-25,>90d,1373,0.035178669258827316,0.025550342543458275,0.04697329624945072,0.035178669258827316
pm2,sm,ETH,buy,25-40,2-7d,4222,0.013162389829452094,0.01034804331871165,0.016885125480208277,0.013162389829452094
pm2,sm,ETH,buy,25-40,30-90d,3796,0.048058993613898,0.038935611805421814,0.05984395676249863,0.048058993613898
pm2,sm,ETH,buy,25-40,7-30d,6316,0.025313769530420763,0.019889418559710076,0.03202887788128881,0.025313769530420763
pm2,sm,ETH,buy,25-40,<=2d,3933,0.006548269028601485,0.004659057060002305,0.008773122489384869,0.006548269028601485
pm2,sm,ETH,buy,25-40,>90d,1466,0.07858330586740489,0.06231451462706688,0.09853585012499667,0.07858330586740489
pm2,sm,ETH,buy,40-60,2-7d,5252,0.024059145809168958,0.019121456003729272,0.029920010085934513,0.024059145809168958
pm2,sm,ETH,buy,40-60,30-90d,3840,0.0885823577666908,0.07257817258591082,0.10791048434228587,0.0885823577666908
pm2,sm,ETH,buy,40-60,7-30d,6636,0.044775865374065776,0.035745991158769336,0.05630273677722661,0.044775865374065776
pm2,sm,ETH,buy,40-60,<=2d,4381,0.011456742793214292,0.008322999967959889,0.01512454385002933,0.011456742793214292
pm2,sm,ETH,buy,40-60,>90d,1569,0.14348622829840707,0.1199738881533037,0.18780540369125753,0.14348622829840707
pm2,sm,ETH,buy,60-75,2-7d,1539,0.03972298472959712,0.03136253595481955,0.04994322359542861,0.03972298472959712
pm2,sm,ETH,buy,60-75,30-90d,1101,0.13779436036894005,0.11781607876239207,0.16356141046645487,0.13779436036894005
pm2,sm,ETH,buy,60-75,7-30d,2441,0.06514248768610947,0.054808497136110065,0.08702831018504295,0.06514248768610947
pm2,sm,ETH,buy,60-75,<=2d,1462,0.017570283381500525,0.012368338588116284,0.023732977804038914,0.017570283381500525
pm2,sm,ETH,buy,60-75,>90d,750,0.22647839855486857,0.19256461840591824,0.27770331660623704,0.22647839855486857
pm2,sm,ETH,buy,75-90,2-7d,899,0.06118601869524198,0.05052186081766329,0.07785359192977198,0.06118601869524198
pm2,sm,ETH,buy,75-90,30-90d,540,0.2090478701307758,0.17396094716498786,0.26536814749163157,0.2090478701307758
pm2,sm,ETH,buy,75-90,7-30d,1099,0.12805667225621714,0.09769736194308787,0.16272349344581455,0.12805667225621714
pm2,sm,ETH,buy,75-90,<=2d,1061,0.026126425582588143,0.017222371574748804,0.037082602567998904,0.026126425582588143
pm2,sm,ETH,buy,75-90,>90d,333,0.3408413098607121,0.28332536826269716,0.38988335105485117,0.3408413098607121
pm2,sm,ETH,buy,90-100,2-7d,473,0.1300410892804662,0.09376410818624706,0.18628961088244983,0.1300410892804662
pm2,sm,ETH,buy,90-100,30-90d,246,0.3642854074265459,0.281922615594452,0.49666564136400193,0.3642854074265459
pm2,sm,ETH,buy,90-100,7-30d,390,0.23592307432393594,0.18506041246810181,0.3284744232532535,0.23592307432393594
pm2,sm,ETH,buy,90-100,<=2d,1022,0.05493191388074012,0.03701514820837591,0.08559651293088014,0.05493191388074012
pm2,sm,ETH,buy,90-100,>90d,95,0.5251844260834864,0.44067395822540045,0.5489003979248661,0.5251844260834864
pm2,sm,ETH,sell,00-10,2-7d,4955,0.12988656629964615,0.12971215945006426,0.13004687629639028,0.08988574449098219
pm2,sm,ETH,sell,00-10,30-90d,2973,0.1298681233619497,0.1294832705954635,0.13022104859641287,0.08986513824255721
pm2,sm,ETH,sell,00-10,7-30d,4306,0.12990417144112842,0.12965724890517358,0.13011611623156397,0.08990465304970449
pm2,sm,ETH,sell,00-10,<=2d,9698,0.12987141093779886,0.12973088471201513,0.12997690539274953,0.089864196620394
pm2,sm,ETH,sell,00-10,>90d,1259,0.13023725438077383,0.12944695762290376,0.1310573908190774,0.09022166750188804
pm2,sm,ETH,sell,10-25,2-7d,5732,0.12980418653900705,0.12948568649209632,0.13007853561988686,0.08980424678646559
pm2,sm,ETH,sell,10-25,30-90d,4615,0.13000766615284862,0.12940456897499322,0.13048223523357294,0.09000373014894818
pm2,sm,ETH,sell,10-25,7-30d,6458,0.12991931497675907,0.1295454873022778,0.13029001375746502,0.08992057814767859
pm2,sm,ETH,sell,10-25,<=2d,8045,0.12986905490088363,0.12956264163686607,0.13038171089338474,0.08974599898866054
pm2,sm,ETH,sell,10-25,>90d,1692,0.13032557912962303,0.12924569900049848,0.13126570745595126,0.09031925706645183
pm2,sm,ETH,sell,25-40,2-7d,4643,0.12966162727012928,0.12914010009023194,0.1309516502176185,0.08936697192557813
pm2,sm,ETH,sell,25-40,30-90d,4389,0.12933008041997826,0.12851704049951643,0.130059197001305,0.08932592174793834
pm2,sm,ETH,sell,25-40,7-30d,5791,0.12935006206094027,0.12879140811261175,0.1298944153399248,0.08933374556356985
pm2,sm,ETH,sell,25-40,<=2d,6415,0.13660913291320556,0.13138356997932835,0.14080229798303415,0.08931751184835719
pm2,sm,ETH,sell,25-40,>90d,1507,0.13016338103981964,0.12838438285571713,0.13188574157314026,0.09011811833018028
pm2,sm,ETH,sell,40-60,2-7d,6033,0.14647487107850873,0.14106696034301353,0.14895763057106887,0.0891131963278242
pm2,sm,ETH,sell,40-60,30-90d,5287,0.13339755930920003,0.12876183109944417,0.14770866768569846,0.08872298708198194
pm2,sm,ETH,sell,40-60,7-30d,6849,0.14289138112167585,0.1322064339383967,0.14851737962982187,0.08892463644672735
pm2,sm,ETH,sell,40-60,<=2d,6678,0.14721554597169795,0.14424529615721826,0.1488587673064563,0.08902034275623202
pm2,sm,ETH,sell,40-60,>90d,2296,0.13192013744947634,0.12796856091027536,0.14525885873370473,0.09008659615057144
pm2,sm,ETH,sell,60-75,2-7d,1639,0.1493445741186956,0.14843150019464804,0.15021369756218872,0.08934973970123104
pm2,sm,ETH,sell,60-75,30-90d,1080,0.14918803786290727,0.14707575890250318,0.1513019946821077,0.08919436041085257
pm2,sm,ETH,sell,60-75,7-30d,1794,0.14932885833291715,0.14820539259184703,0.15021163846579613,0.08933754033194011
pm2,sm,ETH,sell,60-75,<=2d,1771,0.14944127606542393,0.14842042805925137,0.150270230783394,0.08943654135359304
pm2,sm,ETH,sell,60-75,>90d,1083,0.1524127336988666,0.14314024415547905,0.15739073206466742,0.0936256109429195
pm2,sm,ETH,sell,75-90,2-7d,856,0.15010683070359182,0.14858957754274338,0.15145153786024632,0.09010376352454355
pm2,sm,ETH,sell,75-90,30-90d,518,0.15112930611024766,0.14877824174324478,0.1535265516701576,0.09113974585724251
pm2,sm,ETH,sell,75-90,7-30d,951,0.14999460741250437,0.14801667535030275,0.15145685343395637,0.08999800445671287
pm2,sm,ETH,sell,75-90,<=2d,1210,0.1500581370544887,0.14877149114993302,0.15136952660364358,0.0900449548622099
pm2,sm,ETH,sell,75-90,>90d,465,0.1591763463532633,0.1561297037449926,0.16308752781900246,0.09919942671049398
pm2,sm,ETH,sell,90-100,2-7d,458,0.15021219609452668,0.14667692603039134,0.1525137624990193,0.09020190398559358
pm2,sm,ETH,sell,90-100,30-90d,273,0.15225290109971434,0.1479634734133492,0.15839297721428977,0.09223913623717137
pm2,sm,ETH,sell,90-100,7-30d,489,0.1503246027833957,0.14859349959210189,0.15261155083867345,0.09031854744660546
pm2,sm,ETH,sell,90-100,<=2d,1109,0.1506215823127892,0.14852454044249028,0.15302573661836064,0.09060275472822751
pm2,sm,ETH,sell,90-100,>90d,227,0.16270615797232732,0.15718047393319634,0.1692779863170804,0.10270850973456737
pm2,sm,HYPE,buy,00-10,2-7d,216,0.0018010241588320916,0.0007404942768175862,0.003295736716476305,0.0018010241588320916
pm2,sm,HYPE,buy,00-10,30-90d,186,0.007938647460987339,0.004940739048884381,0.009894837558374305,0.007938647460987339
pm2,sm,HYPE,buy,00-10,7-30d,485,0.004543816188114079,0.002448990874611703,0.006767635560575259,0.004543816188114079
pm2,sm,HYPE,buy,00-10,<=2d,181,0.001197883697390555,0.0002771542476471694,0.0022167574021970332,0.001197883697390555
pm2,sm,HYPE,buy,00-10,>90d,196,0.01909888578474405,0.011780396347306356,0.024291381976532637,0.01909888578474405
pm2,sm,HYPE,buy,10-25,2-7d,1329,0.009833541175475536,0.0067112058985674345,0.013733014385337956,0.009833541175475536
pm2,sm,HYPE,buy,10-25,30-90d,1554,0.025207134866296804,0.017353968178310877,0.03599623070041261,0.025207134866296804
pm2,sm,HYPE,buy,10-25,7-30d,3225,0.014494160471006783,0.010416188441171417,0.020104531507934943,0.014494160471006783
pm2,sm,HYPE,buy,10-25,<=2d,610,0.005988474833659467,0.0035490631711301143,0.00941610666715525,0.005988474833659467
pm2,sm,HYPE,buy,10-25,>90d,761,0.04677052121323793,0.032915209916764325,0.07487424111640027,0.04677052121323793
pm2,sm,HYPE,buy,25-40,2-7d,1522,0.017625835057950512,0.013174491400393984,0.022852764469985763,0.017625835057950512
pm2,sm,HYPE,buy,25-40,30-90d,1320,0.05514884224302087,0.044778455675307804,0.06794461021955434,0.05514884224302087
pm2,sm,HYPE,buy,25-40,7-30d,3682,0.029741036373023486,0.02293740145107845,0.03876296785923299,0.029741036373023486
pm2,sm,HYPE,buy,25-40,<=2d,661,0.009431959789740797,0.0070122945428063585,0.013351759607371106,0.009431959789740797
pm2,sm,HYPE,buy,25-40,>90d,641,0.09836733476104466,0.07537596575899731,0.14774679581378447,0.09836733476104466
pm2,sm,HYPE,buy,40-60,2-7d,1594,0.03434968470656173,0.026263281068558665,0.03942580015092286,0.03434968470656173
pm2,sm,HYPE,buy,40-60,30-90d,1229,0.10909055682817216,0.07934472287051561,0.12557585264289922,0.10909055682817216
pm2,sm,HYPE,buy,40-60,7-30d,2850,0.06189287335855616,0.04477393172062159,0.07733356513505907,0.06189287335855616
pm2,sm,HYPE,buy,40-60,<=2d,631,0.015780281992587894,0.011531609982169122,0.021340184613769183,0.015780281992587894
pm2,sm,HYPE,buy,40-60,>90d,473,0.14009850259501488,0.11529687733935777,0.1748603976631967,0.14009850259501488
pm2,sm,HYPE,buy,60-75,2-7d,598,0.0607831599616544,0.05302036959559257,0.08648314342707511,0.0607831599616544
pm2,sm,HYPE,buy,60-75,30-90d,288,0.15080376794349618,0.13143181539945933,0.1806754749215195,0.15080376794349618
pm2,sm,HYPE,buy,60-75,7-30d,1034,0.10186360993274984,0.09208117379104654,0.11573599461975562,0.10186360993274984
pm2,sm,HYPE,buy,60-75,<=2d,335,0.029400632509588562,0.019938452508744445,0.04281981026528879,0.029400632509588562
pm2,sm,HYPE,buy,60-75,>90d,189,0.23111455216386503,0.19869563620156946,0.2463502065625961,0.23111455216386503
pm2,sm,HYPE,buy,75-90,2-7d,203,0.09109163822985057,0.07840525862384118,0.11232341026808128,0.09109163822985057
pm2,sm,HYPE,buy,75-90,30-90d,218,0.20446525770562526,0.18107095638409051,0.24108187887086652,0.20446525770562526
pm2,sm,HYPE,buy,75-90,7-30d,736,0.1446610309976557,0.12931493305565417,0.17102072332372448,0.1446610309976557
pm2,sm,HYPE,buy,75-90,<=2d,255,0.05008120934880217,0.03220878412583847,0.08522634549039038,0.05008120934880217
pm2,sm,HYPE,buy,75-90,>90d,51,0.322675595137093,0.2836506376489819,0.3754990848588322,0.322675595137093
pm2,sm,HYPE,buy,90-100,2-7d,131,0.14502534025643782,0.11460607969038118,0.21272511820519147,0.14502534025643782
pm2,sm,HYPE,buy,90-100,30-90d,25,0.36914332974951775,0.2839247680257207,0.41266034836229115,0.36914332974951775
pm2,sm,HYPE,buy,90-100,7-30d,99,0.24835415204243746,0.23187140019106656,0.28179347695852075,0.24835415204243746
pm2,sm,HYPE,buy,90-100,<=2d,146,0.08995663061706892,0.05763759095713304,0.12613611077297332,0.08995663061706892
pm2,sm,HYPE,buy,90-100,>90d,8,0.6122275070172019,0.5924671909527857,0.656250540015724,0.6122275070172019
pm2,sm,HYPE,sell,00-10,2-7d,439,0.24973501297862194,0.2486671400854384,0.2502478372663117,0.1797142352614
pm2,sm,HYPE,sell,00-10,30-90d,450,0.25025162123582434,0.2488089435908559,0.2516497546760674,0.1802408337891379
pm2,sm,HYPE,sell,00-10,7-30d,685,0.24968706061412171,0.24849277410962847,0.2505379229686524,0.1796648649461068
pm2,sm,HYPE,sell,00-10,<=2d,506,0.24963326696313046,0.2488980373134802,0.25029621720276085,0.17947524260449343
pm2,sm,HYPE,sell,00-10,>90d,149,0.2502055941269561,0.24859882173440148,0.25313392567883114,0.18025610244562876
pm2,sm,HYPE,sell,10-25,2-7d,806,0.24999857662599703,0.2485765281814849,0.2515265048593217,0.17993126694175862
pm2,sm,HYPE,sell,10-25,30-90d,1187,0.24971642977255368,0.24730238882793673,0.25209345858776155,0.17972776770868032
pm2,sm,HYPE,sell,10-25,7-30d,1755,0.25030113750847505,0.2483978123641005,0.25325875519206387,0.1802881031062004
pm2,sm,HYPE,sell,10-25,<=2d,788,0.2525482269434957,0.24966867354738007,0.2631485664005046,0.17961982120172743
pm2,sm,HYPE,sell,10-25,>90d,467,0.25009491666815803,0.24729667487625934,0.25625248126678946,0.1800884052799209
pm2,sm,HYPE,sell,25-40,2-7d,826,0.2613496057042163,0.2519203890193206,0.27059504923270616,0.17996181613765178
pm2,sm,HYPE,sell,25-40,30-90d,980,0.24901940879656298,0.24567323086773862,0.25218093545733006,0.17835123274480058
pm2,sm,HYPE,sell,25-40,7-30d,1635,0.2509670886786092,0.24781084629004613,0.2566473450154449,0.1797713717906474
pm2,sm,HYPE,sell,25-40,<=2d,959,0.279735819229797,0.27200295280296305,0.28532925605915305,0.1794060749720672
pm2,sm,HYPE,sell,25-40,>90d,496,0.2487713961991967,0.24476170500816136,0.2531871490499623,0.17805078349812636
pm2,sm,HYPE,sell,40-60,2-7d,955,0.292217334904749,0.2836111543145202,0.29823819743275787,0.17897233177083105
pm2,sm,HYPE,sell,40-60,30-90d,1142,0.25843029657174904,0.24857583863615057,0.2875527438517278,0.177891384526116
pm2,sm,HYPE,sell,40-60,7-30d,1487,0.28542248328997477,0.2699601941998868,0.2951546174523356,0.17786444091482775
pm2,sm,HYPE,sell,40-60,<=2d,1055,0.29564732028384305,0.2909664992155344,0.2992767702919362,0.17914293198533218
pm2,sm,HYPE,sell,40-60,>90d,582,0.2513927602482496,0.24330057992977205,0.26624412633120026,0.17560072362573464
pm2,sm,HYPE,sell,60-75,2-7d,263,0.3008315787059361,0.29757603935312293,0.30517947305402393,0.1809090769841017
pm2,sm,HYPE,sell,60-75,30-90d,160,0.29904267593498224,0.2966181694527059,0.30357764779864155,0.17899537788491993
pm2,sm,HYPE,sell,60-75,7-30d,255,0.2979048559133004,0.2931560199412534,0.30126717937378256,0.1778014607518439
pm2,sm,HYPE,sell,60-75,<=2d,197,0.2998526346445159,0.29764902316142444,0.3028080594287912,0.17978395214880033
pm2,sm,HYPE,sell,60-75,>90d,204,0.2957989542204159,0.2815981274046978,0.29924135817111497,0.17592897921971618
pm2,sm,HYPE,sell,75-90,2-7d,162,0.2994913208648903,0.2960822206773033,0.3039352751838327,0.1796209696697469
pm2,sm,HYPE,sell,75-90,30-90d,104,0.300070983227956,0.29707820260552625,0.30355395801898516,0.1800146253865903
pm2,sm,HYPE,sell,75-90,7-30d,269,0.29741038436597184,0.29057830754794306,0.3000714064842258,0.1773771859464708
pm2,sm,HYPE,sell,75-90,<=2d,240,0.30061928170890095,0.29844668438040445,0.30488720561916854,0.1806130331477435
pm2,sm,HYPE,sell,75-90,>90d,47,0.29847661524384655,0.2953774337243421,0.3026423924321216,0.1784263830619619
pm2,sm,HYPE,sell,90-100,2-7d,76,0.29752897199226014,0.289324508791589,0.3037577041261788,0.17758198082409804
pm2,sm,HYPE,sell,90-100,30-90d,44,0.30376729812728487,0.3008354682330606,0.3044295452312495,0.18374452333545938
pm2,sm,HYPE,sell,90-100,7-30d,94,0.2968744174477289,0.2880642336170743,0.3005902706146115,0.17684588723282768
pm2,sm,HYPE,sell,90-100,<=2d,175,0.3008908524133309,0.29741580008033175,0.30778426494628397,0.1809716800107534
pm2,sm,HYPE,sell,90-100,>90d,27,0.3052662784840143,0.30381868962067304,0.3065868424116752,0.18526970907765994
pm2,pm,BTC,buy,00-10,2-7d,2259,0.0008908134023600409,0.0002768564197489458,0.00171764256285536,0.0006594791732780164
pm2,pm,BTC,buy,00-10,30-90d,1061,0.004650122873546086,0.0023058109356910842,0.007765184708230857,0.0036588017213953048
pm2,pm,BTC,buy,00-10,7-30d,2003,0.002290983282943828,0.001110246567007487,0.0036785126051884333,0.0017880741489045414
pm2,pm,BTC,buy,00-10,<=2d,2209,0.0005125243990949447,0.00014421691392857783,0.000996319233263552,0.000395135241092434
pm2,pm,BTC,buy,00-10,>90d,423,0.0077791053029326,0.004900980334141303,0.012365199082398724,0.006121871666113882
pm2,pm,BTC,buy,10-25,2-7d,3418,0.004614334694651344,0.0031957789940411253,0.006456212483163215,0.003637355883236812
pm2,pm,BTC,buy,10-25,30-90d,1961,0.01828887803024104,0.013502322673575038,0.02311233241784732,0.014480371388819623
pm2,pm,BTC,buy,10-25,7-30d,3444,0.00917933931078372,0.006507752210930053,0.01246146084815692,0.007249903469070556
pm2,pm,BTC,buy,10-25,<=2d,2872,0.0023430133595500743,0.001602164975624822,0.003427397458283877,0.0018372266382973622
pm2,pm,BTC,buy,10-25,>90d,625,0.028376803513903835,0.021687180249593294,0.03797162223200879,0.02238265393369718
pm2,pm,BTC,buy,25-40,2-7d,1724,0.011119801307773817,0.008745736149559749,0.013911674972889424,0.008880065652589187
pm2,pm,BTC,buy,25-40,30-90d,1842,0.038900269359121095,0.03286258414649961,0.045626281609711175,0.03125286073799581
pm2,pm,BTC,buy,25-40,7-30d,2690,0.02035249484752018,0.015873511658029034,0.026323836902705636,0.016287836469991893
pm2,pm,BTC,buy,25-40,<=2d,2174,0.005678362667829704,0.003907859788678915,0.008053352344927909,0.004541926154241273
pm2,pm,BTC,buy,25-40,>90d,542,0.06169066067034402,0.052404788506216965,0.07187242501486228,0.04907263298974446
pm2,pm,BTC,buy,40-60,2-7d,2085,0.019586455784067366,0.015753597013088504,0.024794281425619444,0.015772048106478642
pm2,pm,BTC,buy,40-60,30-90d,1968,0.06584113709068518,0.05708929830135442,0.07481648242637093,0.05280739377441746
pm2,pm,BTC,buy,40-60,7-30d,2595,0.03760096310402836,0.028564471772194552,0.0484265190274525,0.03014385436580891
pm2,pm,BTC,buy,40-60,<=2d,2355,0.009381698618040358,0.006750419811767957,0.012791551578667003,0.007518921802443071
pm2,pm,BTC,buy,40-60,>90d,617,0.09183739138462217,0.08760606781724838,0.1032688602434701,0.07322328562067305
pm2,pm,BTC,buy,60-75,2-7d,942,0.033341605696424956,0.02693205848209935,0.044876739911860565,0.026480061666159484
pm2,pm,BTC,buy,60-75,30-90d,566,0.10179766743932595,0.08980845288149585,0.11064361388408563,0.08112167369566081
pm2,pm,BTC,buy,60-75,7-30d,903,0.06669484016726478,0.05160436736136406,0.08025583773623174,0.05348618546149528
pm2,pm,BTC,buy,60-75,<=2d,887,0.015689738488151108,0.011345370081771592,0.01998826783165477,0.012330192998961933
pm2,pm,BTC,buy,60-75,>90d,161,0.13105223585558096,0.1221531527334026,0.13648614747617482,0.10455642790669009
pm2,pm,BTC,buy,75-90,2-7d,592,0.05414181884829,0.04081438157112846,0.06782674873332478,0.04283298590215777
pm2,pm,BTC,buy,75-90,30-90d,278,0.1379007380719462,0.12335666572994189,0.14964100235316644,0.10992572103736606
pm2,pm,BTC,buy,75-90,7-30d,750,0.11093468359045298,0.08676102052724818,0.125441727006312,0.08831500893039626
pm2,pm,BTC,buy,75-90,<=2d,681,0.02411328881538055,0.016310386255513266,0.034112125861246,0.019081053394675546
pm2,pm,BTC,buy,75-90,>90d,100,0.16749984364001322,0.15055326037115238,0.18359097284178894,0.1326271294056771
pm2,pm,BTC,buy,90-100,2-7d,328,0.1084717301100243,0.08002762178588047,0.1504347406408072,0.08586659948251346
pm2,pm,BTC,buy,90-100,30-90d,73,0.17422138270371318,0.16187079941855717,0.18775893973861052,0.138047731314732
pm2,pm,BTC,buy,90-100,7-30d,313,0.15625005253647375,0.12412199130081858,0.16834976526949524,0.1244107292945263
pm2,pm,BTC,buy,90-100,<=2d,595,0.04897600332738408,0.031043990930057535,0.09110351258482594,0.038828797774278084
pm2,pm,BTC,buy,90-100,>90d,48,0.22304184650357206,0.20018499283842123,0.2554831775296817,0.1755619574833645
pm2,pm,BTC,sell,00-10,2-7d,2895,0.1495709193552543,0.12888938720083654,0.16518397413418112,0.11966468842068405
pm2,pm,BTC,sell,00-10,30-90d,1426,0.09364493903681168,0.07571427427808533,0.10337548383900937,0.0750467352791255
pm2,pm,BTC,sell,00-10,7-30d,3100,0.11258360011927757,0.09483070720752074,0.1289804285655385,0.09008665107712835
pm2,pm,BTC,sell,00-10,<=2d,4909,0.19260386463195042,0.16969268163786783,0.20924799575446906,0.15404226925917744
pm2,pm,BTC,sell,00-10,>90d,526,0.09112302851323392,0.07574132686131962,0.10521241996502409,0.07305040492892464
pm2,pm,BTC,sell,10-25,2-7d,3268,0.19132784192324676,0.18179041888240766,0.20017389990921383,0.15302753834504212
pm2,pm,BTC,sell,10-25,30-90d,2587,0.1371692369432639,0.12617399683432828,0.1492544519182871,0.10979770998823635
pm2,pm,BTC,sell,10-25,7-30d,3990,0.15968864825511675,0.14747901659012452,0.17112047187622498,0.1277342886727077
pm2,pm,BTC,sell,10-25,<=2d,4040,0.2160346759639972,0.20755810665784663,0.22428759670366025,0.17280002776664993
pm2,pm,BTC,sell,10-25,>90d,624,0.13607269915212047,0.12167240431666593,0.1499464023917087,0.10883168397443146
pm2,pm,BTC,sell,25-40,2-7d,2396,0.21012797631608032,0.20417251322876878,0.21615818086211946,0.1680138378204141
pm2,pm,BTC,sell,25-40,30-90d,2049,0.1733093753059327,0.16592190194812978,0.18010794799461471,0.13852703756038084
pm2,pm,BTC,sell,25-40,7-30d,3341,0.1893964124373037,0.1810011321070255,0.19706197536578096,0.15139122342049005
pm2,pm,BTC,sell,25-40,<=2d,2868,0.2263924403519294,0.2207014677278691,0.23142143348380387,0.18101441982334954
pm2,pm,BTC,sell,25-40,>90d,643,0.178007092104777,0.16734655834347267,0.18620621094206596,0.14195765200743102
pm2,pm,BTC,sell,40-60,2-7d,2597,0.22320439136413714,0.21843791256512435,0.22668627802032437,0.1783585609548629
pm2,pm,BTC,sell,40-60,30-90d,2450,0.19976563934277863,0.19344992140749978,0.20701658045974639,0.15946953003584619
pm2,pm,BTC,sell,40-60,7-30d,3428,0.20836697048272032,0.2022971540809022,0.21446022253938354,0.1664501609884662
pm2,pm,BTC,sell,40-60,<=2d,2794,0.23265762856608602,0.22909365758359201,0.23569701853844022,0.18593577689001484
pm2,pm,BTC,sell,40-60,>90d,948,0.2139133435880084,0.20114211520000974,0.22105551419550679,0.17094043120879793
pm2,pm,BTC,sell,60-75,2-7d,727,0.23242742857559331,0.22984045454769397,0.23474726623037284,0.18581861482121187
pm2,pm,BTC,sell,60-75,30-90d,595,0.22043683281744178,0.21667421470984125,0.2251678210919147,0.17605046853815196
pm2,pm,BTC,sell,60-75,7-30d,1011,0.2245855276270012,0.22053207616091136,0.2281024183922271,0.17947838440813238
pm2,pm,BTC,sell,60-75,<=2d,823,0.23757052211311308,0.2351958393214966,0.23972257027568517,0.18995315107842206
pm2,pm,BTC,sell,60-75,>90d,222,0.23701129428146578,0.2282465266677116,0.245910978645206,0.189720545888399
pm2,pm,BTC,sell,75-90,2-7d,387,0.2393042563088869,0.23746903473812025,0.24096190994411254,0.1914689847385522
pm2,pm,BTC,sell,75-90,30-90d,225,0.23502170124704735,0.23085303463271079,0.2404897758774805,0.18808815594304662
pm2,pm,BTC,sell,75-90,7-30d,554,0.23737014170762682,0.23457005348672674,0.2395606706545071,0.18999653301502945
pm2,pm,BTC,sell,75-90,<=2d,512,0.24127727686921668,0.23963964704022106,0.2426108937356483,0.19304630686902122
pm2,pm,BTC,sell,75-90,>90d,118,0.26244728596144046,0.24701063855245714,0.27615697288859903,0.2116115103265029
pm2,pm,BTC,sell,90-100,2-7d,221,0.24245647866466322,0.2404810503939425,0.2438199783196355,0.19381710205387542
pm2,pm,BTC,sell,90-100,30-90d,68,0.2462751381076948,0.24517359292313395,0.2503695077565089,0.19769582345391515
pm2,pm,BTC,sell,90-100,7-30d,203,0.24321329774657335,0.24133381311175328,0.24539697311144665,0.1945873399343193
pm2,pm,BTC,sell,90-100,<=2d,523,0.24273798697899165,0.24000364138717606,0.24434553756681052,0.1940495027298558
pm2,pm,BTC,sell,90-100,>90d,118,0.27244370516974464,0.2689420574049963,0.2761079327519223,0.2197736365464305
pm2,pm,ETH,buy,00-10,2-7d,3038,0.0020196000727586445,0.0010085776252805219,0.0029982407044785004,0.0015517863646732502
pm2,pm,ETH,buy,00-10,30-90d,1745,0.007572210618886778,0.004558991150131614,0.010418721796953401,0.005959159528882043
pm2,pm,ETH,buy,00-10,7-30d,3057,0.0035248546613256817,0.0017865800326260072,0.005436773280721211,0.002739146076715638
pm2,pm,ETH,buy,00-10,<=2d,3128,0.0008085816190207696,0.00033339057033752214,0.0014563033816224437,0.0006441484087204915
pm2,pm,ETH,buy,00-10,>90d,1292,0.00625109737714927,0.004059342531067901,0.012727564457276132,0.004528183877444674
pm2,pm,ETH,buy,10-25,2-7d,5721,0.006651291010158518,0.004814215461524321,0.009333949122070764,0.00527143587847504
pm2,pm,ETH,buy,10-25,30-90d,4120,0.024982296212761428,0.018731496483487778,0.03167730197903059,0.019833448764274272
pm2,pm,ETH,buy,10-25,7-30d,6280,0.013668108483509571,0.010058170194611735,0.018538270114663476,0.010855809628306163
pm2,pm,ETH,buy,10-25,<=2d,4897,0.0033418297536792667,0.002198867544702942,0.004884537921728554,0.002640520356151371
pm2,pm,ETH,buy,10-25,>90d,1373,0.03858744708281949,0.02811860414939141,0.047321812062770155,0.030329677347062337
pm2,pm,ETH,buy,25-40,2-7d,4222,0.016488124755507316,0.012935932480907141,0.021169979913482167,0.013162388738161359
pm2,pm,ETH,buy,25-40,30-90d,3796,0.053180234565637904,0.04460406782543826,0.0626748343060152,0.04245685037253868
pm2,pm,ETH,buy,25-40,7-30d,6316,0.03140154392886639,0.02481179246830679,0.03901798748632644,0.025041106187874043
pm2,pm,ETH,buy,25-40,<=2d,3933,0.008163607599737726,0.0057975670074915,0.010913934357197896,0.006548269028601485
pm2,pm,ETH,buy,25-40,>90d,1466,0.07531632991242174,0.06341158717458344,0.08692114472946016,0.05954107671932365
pm2,pm,ETH,buy,40-60,2-7d,5252,0.030070634294043823,0.023783876684023462,0.037383253876798854,0.024055333186996784
pm2,pm,ETH,buy,40-60,30-90d,3840,0.08806606179463075,0.0767061346794642,0.10080993589180927,0.07034779664561956
pm2,pm,ETH,buy,40-60,7-30d,6636,0.05456714821450313,0.04441237117398149,0.06604409062764496,0.043694485476680915
pm2,pm,ETH,buy,40-60,<=2d,4381,0.014282817002052002,0.010329494969370457,0.018830289627829826,0.011456742793214292
pm2,pm,ETH,buy,40-60,>90d,1569,0.11751228592587173,0.1029787174250925,0.1353411922338083,0.0933167055852062
pm2,pm,ETH,buy,60-75,2-7d,1539,0.049686551720969904,0.03937394929080405,0.0626644337404938,0.039695168082205655
pm2,pm,ETH,buy,60-75,30-90d,1101,0.12180190186536953,0.11195543110769984,0.1321441767072049,0.09684608007697611
pm2,pm,ETH,buy,60-75,7-30d,2441,0.07912651698057803,0.06814727504414604,0.09716488948631383,0.06342462522570261
pm2,pm,ETH,buy,60-75,<=2d,1462,0.022075848700525327,0.01573947983059479,0.02973814325683978,0.017570283381500525
pm2,pm,ETH,buy,60-75,>90d,750,0.15751263547326066,0.1445506819455123,0.17330424189825142,0.12529093209369863
pm2,pm,ETH,buy,75-90,2-7d,899,0.07682204437483732,0.06367403062219586,0.09626016737179643,0.06111703165528232
pm2,pm,ETH,buy,75-90,30-90d,540,0.1511316450006992,0.14036643512145885,0.16493435585272037,0.11963979907109304
pm2,pm,ETH,buy,75-90,7-30d,1099,0.12988934194436724,0.11085153273634893,0.14552299815991634,0.10315260497426833
pm2,pm,ETH,buy,75-90,<=2d,1061,0.033073702148779194,0.02201805363285933,0.0468676913985074,0.026126425582588143
pm2,pm,ETH,buy,75-90,>90d,333,0.18752117091446296,0.17142440739974663,0.200137013144583,0.1476499035483745
pm2,pm,ETH,buy,90-100,2-7d,473,0.1439795019393223,0.11629321120372238,0.1655083478668602,0.11456417001090735
pm2,pm,ETH,buy,90-100,30-90d,246,0.18106444619392842,0.17285666620338205,0.19606162510197966,0.14270240578236695
pm2,pm,ETH,buy,90-100,7-30d,390,0.16709012672954326,0.15673694259323476,0.18132817057130457,0.13296701984115641
pm2,pm,ETH,buy,90-100,<=2d,1022,0.06968918470584648,0.04686013546251408,0.1086883430659066,0.05493191388074012
pm2,pm,ETH,buy,90-100,>90d,95,0.21699815463738903,0.20281947457948163,0.22797650128384678,0.17037918351074585
pm2,pm,ETH,sell,00-10,2-7d,4955,0.1319656207325644,0.11059921756417318,0.14787939485742538,0.10553379912454862
pm2,pm,ETH,sell,00-10,30-90d,2973,0.09162156259985428,0.07416839969810432,0.10417123412195978,0.07334390020285805
pm2,pm,ETH,sell,00-10,7-30d,4306,0.10292133559560622,0.08182750951807466,0.1177632410556715,0.08225580347735689
pm2,pm,ETH,sell,00-10,<=2d,9698,0.17321000905940154,0.15076141371618407,0.19272274046746352,0.138505588289414
pm2,pm,ETH,sell,00-10,>90d,1259,0.11337865377759573,0.08999836655913286,0.1285554556131429,0.09050417176757483
pm2,pm,ETH,sell,10-25,2-7d,5732,0.17673879056847502,0.16546392146859404,0.18590106291835484,0.1413549236830256
pm2,pm,ETH,sell,10-25,30-90d,4615,0.14339243710690652,0.13048365462596812,0.15600390680606696,0.11471595579901461
pm2,pm,ETH,sell,10-25,7-30d,6458,0.15074450938253242,0.1396474293832125,0.16128915836427749,0.12058050727763682
pm2,pm,ETH,sell,10-25,<=2d,8045,0.202732813591813,0.1915389188694166,0.21389871311536143,0.1621235107725794
pm2,pm,ETH,sell,10-25,>90d,1692,0.15275702014928208,0.13921179350260918,0.16945415284007706,0.12204908008584384
pm2,pm,ETH,sell,25-40,2-7d,4643,0.20078962081106502,0.1944286623799073,0.20761604917766668,0.16049697987734773
pm2,pm,ETH,sell,25-40,30-90d,4389,0.1804134774435267,0.17159825511421586,0.19031809401897035,0.1441530377060076
pm2,pm,ETH,sell,25-40,7-30d,5791,0.1831559076725862,0.17567575307886318,0.18974784432786945,0.14636439451419744
pm2,pm,ETH,sell,25-40,<=2d,6415,0.21898979835749596,0.2122171423288109,0.22543742438897368,0.1750541932482361
pm2,pm,ETH,sell,25-40,>90d,1507,0.19684747124609747,0.18528342998852393,0.21167037891340473,0.15724548794800902
pm2,pm,ETH,sell,40-60,2-7d,6033,0.21680394883273116,0.21219198257055913,0.22123600368061427,0.17324681203694142
pm2,pm,ETH,sell,40-60,30-90d,5287,0.2103600919957563,0.19884583907010017,0.22072213554164005,0.16798989649050733
pm2,pm,ETH,sell,40-60,7-30d,6849,0.20638162769864704,0.20007593169296917,0.21281121205417075,0.16488490025784144
pm2,pm,ETH,sell,40-60,<=2d,6678,0.22703384127846826,0.2224830629780795,0.23130644528694388,0.18140778018320106
pm2,pm,ETH,sell,40-60,>90d,2296,0.23689920159407918,0.2217443969076132,0.25015757007571227,0.1894655152276737
pm2,pm,ETH,sell,60-75,2-7d,1639,0.22914895734637844,0.22652600470220507,0.2321085450769862,0.18314949427181482
pm2,pm,ETH,sell,60-75,30-90d,1080,0.23090929977077196,0.22445838247004923,0.2387398773666937,0.18465257321635414
pm2,pm,ETH,sell,60-75,7-30d,1794,0.22608785399780595,0.22284341424945697,0.22935344906423671,0.1807190653067759
pm2,pm,ETH,sell,60-75,<=2d,1771,0.2353271750440807,0.23266056600456048,0.2380838505396738,0.1880870133914109
pm2,pm,ETH,sell,60-75,>90d,1083,0.2576516266710457,0.2483859077574732,0.27715280504078144,0.2074357036265107
pm2,pm,ETH,sell,75-90,2-7d,856,0.23821049192426502,0.23585365912542977,0.24046880618897176,0.19063461725988134
pm2,pm,ETH,sell,75-90,30-90d,518,0.2441713637879075,0.23765884943182633,0.2537046224268006,0.19566134176056316
pm2,pm,ETH,sell,75-90,7-30d,951,0.2374082151676108,0.23399730726771978,0.24108607303724072,0.18993491624303505
pm2,pm,ETH,sell,75-90,<=2d,1210,0.24071004525908962,0.23860061553027867,0.24254232089386826,0.19257018996494585
pm2,pm,ETH,sell,75-90,>90d,465,0.2808601921289887,0.27361548673723335,0.28590841033180175,0.22655571047754072
pm2,pm,ETH,sell,90-100,2-7d,458,0.24357737779089078,0.24003230682708657,0.24666858420692825,0.1948566633793036
pm2,pm,ETH,sell,90-100,30-90d,273,0.2504720977518978,0.24510758183074835,0.26079015862345745,0.2006407716553285
pm2,pm,ETH,sell,90-100,7-30d,489,0.24436365132766563,0.24225586713474848,0.24850009824647237,0.19543547873256212
pm2,pm,ETH,sell,90-100,<=2d,1109,0.24373655384953757,0.2416737696351679,0.24632928734436924,0.19512360227141504
pm2,pm,ETH,sell,90-100,>90d,227,0.2841195482640147,0.27416848845928543,0.2892495386727971,0.22986323589400215
pm2,pm2,BTC,buy,00-10,2-7d,2259,0.0006710328959818317,0.00025303437173735863,0.001308549352765356,0.0005026951170494096
pm2,pm2,BTC,buy,00-10,30-90d,1061,0.0036518798639735874,0.0018348683038661169,0.006103612068880725,0.0028838491786143785
pm2,pm2,BTC,buy,00-10,7-30d,2003,0.0017934049213732214,0.0008593030828398694,0.0028909401489221275,0.0013547186791528453
pm2,pm2,BTC,buy,00-10,<=2d,2209,0.00040360063120361265,0.00013929060333668763,0.0007768700980699944,0.00030654702262004083
pm2,pm2,BTC,buy,00-10,>90d,423,0.005934837113521521,0.003565085559270242,0.009913072521903507,0.004636171321461424
pm2,pm2,BTC,buy,10-25,2-7d,3418,0.003637355884496629,0.0024876655966954465,0.005136497636493385,0.002870554072792057
pm2,pm2,BTC,buy,10-25,30-90d,1961,0.014489718172465306,0.01060090278607048,0.018485476066008404,0.01154923174987136
pm2,pm2,BTC,buy,10-25,7-30d,3444,0.00725019713904157,0.0051224464358126595,0.009890982214666593,0.005727094532694438
pm2,pm2,BTC,buy,10-25,<=2d,2872,0.0018372266382973622,0.0012406182435724061,0.002718659805001818,0.001440340100669094
pm2,pm2,BTC,buy,10-25,>90d,625,0.022292712364707545,0.016680533011528505,0.029994694437828522,0.017492263301000014
pm2,pm2,BTC,buy,25-40,2-7d,1724,0.00888006565259397,0.007008252174239043,0.011151147259348081,0.007125049538057501
pm2,pm2,BTC,buy,25-40,30-90d,1842,0.03128840970657806,0.026268247925835625,0.03676464816996595,0.025098134679782176
pm2,pm2,BTC,buy,25-40,7-30d,2690,0.016290921330263847,0.012684185791514618,0.02104142522544014,0.013095448080510521
pm2,pm2,BTC,buy,25-40,<=2d,2174,0.004541926154241273,0.003168401483310402,0.006484959115505696,0.003654458738656302
pm2,pm2,BTC,buy,25-40,>90d,542,0.049047885825743105,0.040945993987872645,0.05701478787681967,0.039113809506313546
pm2,pm2,BTC,buy,40-60,2-7d,2085,0.015772048106478642,0.012709661792967009,0.01986590617264976,0.012666096697405467
pm2,pm2,BTC,buy,40-60,30-90d,1968,0.05241676256562901,0.04540073252784973,0.059507808422332394,0.04223734732595919
pm2,pm2,BTC,buy,40-60,7-30d,2595,0.03015544306715107,0.0229793088955208,0.038850704492990516,0.0241742814749758
pm2,pm2,BTC,buy,40-60,<=2d,2355,0.007518921802443071,0.0053956936380336554,0.010225067502085051,0.006053371184612186
pm2,pm2,BTC,buy,40-60,>90d,617,0.07145122403149848,0.06753067126294789,0.0812875422301731,0.05752499237737187
pm2,pm2,BTC,buy,60-75,2-7d,942,0.02648006934957042,0.021325103691001324,0.035884824300576254,0.020999994192042355
pm2,pm2,BTC,buy,60-75,30-90d,566,0.08041767855068307,0.0694902477684376,0.08785143279429138,0.06424709458390811
pm2,pm2,BTC,buy,60-75,7-30d,903,0.053038450310267465,0.04106295019922673,0.06431008375061038,0.04256151426119169
pm2,pm2,BTC,buy,60-75,<=2d,887,0.012330192998961933,0.008974745554265865,0.015955542542660302,0.009745950695263194
pm2,pm2,BTC,buy,60-75,>90d,161,0.09263381418061235,0.08683328122384312,0.1031743016984614,0.07340893018286411
pm2,pm2,BTC,buy,75-90,2-7d,592,0.04283412273164771,0.03236423709634412,0.05358916602145819,0.034146909329011085
pm2,pm2,BTC,buy,75-90,30-90d,278,0.10379619133753976,0.09368524523400848,0.1144777056389199,0.08261310456050616
pm2,pm2,BTC,buy,75-90,7-30d,750,0.08780713948689894,0.06873776498522992,0.09811143891402618,0.07006550654267546
pm2,pm2,BTC,buy,75-90,<=2d,681,0.019081053394675546,0.01279537956621594,0.0267657894410762,0.015098283997352644
pm2,pm2,BTC,buy,75-90,>90d,100,0.1163357289143451,0.09936156604465324,0.12839333647574205,0.09284659603836107
pm2,pm2,BTC,buy,90-100,2-7d,328,0.08582805888912015,0.06340398667736243,0.11182658776906104,0.06854080933747005
pm2,pm2,BTC,buy,90-100,30-90d,73,0.12967040310388317,0.12202237451944106,0.13915495339648723,0.10379337806529958
pm2,pm2,BTC,buy,90-100,7-30d,313,0.11835996578557781,0.08912118487169646,0.1289052520328163,0.09398741407962766
pm2,pm2,BTC,buy,90-100,<=2d,595,0.038828797774278084,0.024579305024440473,0.07184882539902951,0.030717718462048064
pm2,pm2,BTC,buy,90-100,>90d,48,0.1545685960110858,0.1417044624634487,0.17519576665470327,0.12265715579321554
pm2,pm2,BTC,sell,00-10,2-7d,2895,0.10850114265170942,0.09516041076878425,0.12509430166996172,0.0856827972756096
pm2,pm2,BTC,sell,00-10,30-90d,1426,0.09663194281385237,0.06751474456711674,0.10494875302919518,0.0762076484111351
pm2,pm2,BTC,sell,00-10,7-30d,3100,0.1014672185111127,0.08164985129537963,0.11159750457023268,0.08019910556524874
pm2,pm2,BTC,sell,00-10,<=2d,4909,0.1380799637632067,0.11772452148350043,0.15201190826533825,0.10940892173569726
pm2,pm2,BTC,sell,00-10,>90d,526,0.059759216216206064,0.04363100308717443,0.09257350058495796,0.047258533845178585
pm2,pm2,BTC,sell,10-25,2-7d,3268,0.13798471794121342,0.126833708484127,0.14460721223389328,0.10939334507549174
pm2,pm2,BTC,sell,10-25,30-90d,2587,0.10569317548365088,0.09322103483699783,0.12167334762588389,0.0836176031396186
pm2,pm2,BTC,sell,10-25,7-30d,3990,0.11984737031502726,0.10727252371403073,0.12919841083023717,0.0948384983579309
pm2,pm2,BTC,sell,10-25,<=2d,4040,0.157142519663809,0.1481675687733856,0.1652431478626703,0.12468297382578743
pm2,pm2,BTC,sell,10-25,>90d,624,0.0956461818159719,0.07612568616760443,0.10889407269228096,0.07544265734834235
pm2,pm2,BTC,sell,25-40,2-7d,2396,0.15334029807200683,0.14622290126058274,0.1580449602574089,0.12158654727329515
pm2,pm2,BTC,sell,25-40,30-90d,2049,0.12682465931455272,0.11811563319370255,0.1366109276769421,0.10028979929918837
pm2,pm2,BTC,sell,25-40,7-30d,3341,0.13868514310836752,0.13012995933782007,0.14397966649421345,0.10973127687415224
pm2,pm2,BTC,sell,25-40,<=2d,2868,0.16645132842598143,0.16128643648536234,0.17096803506226121,0.1320451435600823
pm2,pm2,BTC,sell,25-40,>90d,643,0.12445222292795241,0.11085533216242982,0.1358091143282606,0.09834399610048238
pm2,pm2,BTC,sell,40-60,2-7d,2597,0.16358934900739414,0.15890309460231744,0.16762309836537737,0.1296733685103587
pm2,pm2,BTC,sell,40-60,30-90d,2450,0.14501447108254908,0.13870970935261048,0.1512305345028194,0.11459071163581039
pm2,pm2,BTC,sell,40-60,7-30d,3428,0.15258147225891663,0.1466764330723036,0.1574381902386138,0.12088092520746457
pm2,pm2,BTC,sell,40-60,<=2d,2794,0.17200027285222574,0.16780735483789744,0.17535813701389494,0.13646345379169583
pm2,pm2,BTC,sell,40-60,>90d,948,0.1485519162360228,0.12933537063335246,0.15661598730242132,0.11735433167759841
pm2,pm2,BTC,sell,60-75,2-7d,727,0.17131786326435208,0.1672937092191531,0.17456044043830332,0.13584108457814367
pm2,pm2,BTC,sell,60-75,30-90d,595,0.16146067935472305,0.15587839167377332,0.16573579328360563,0.12772748743017628
pm2,pm2,BTC,sell,60-75,7-30d,1011,0.16534853188524898,0.15779425867127195,0.1685236057422462,0.13106600276121377
pm2,pm2,BTC,sell,60-75,<=2d,823,0.17532565904913833,0.1706119486611657,0.1785122915781626,0.13899586709452968
pm2,pm2,BTC,sell,60-75,>90d,222,0.15907069736150956,0.13764822678494598,0.1792375647903939,0.12491175964483911
pm2,pm2,BTC,sell,75-90,2-7d,387,0.17482923356741936,0.1428636369533872,0.17855761341510895,0.13874118729230642
pm2,pm2,BTC,sell,75-90,30-90d,225,0.17183693851458187,0.15522475313265546,0.17643752235774282,0.13563184019914606
pm2,pm2,BTC,sell,75-90,7-30d,554,0.1731492557541146,0.16648090926197587,0.17671053110000295,0.13749822416271917
pm2,pm2,BTC,sell,75-90,<=2d,512,0.17736415813165457,0.17279961096174845,0.18053791535483626,0.14044359745574947
pm2,pm2,BTC,sell,75-90,>90d,118,0.16786927041210978,0.15551960392700961,0.19004758366468594,0.13386934485891464
pm2,pm2,BTC,sell,90-100,2-7d,221,0.17248703906622642,0.14162459028545227,0.18049864613743602,0.13666442400728968
pm2,pm2,BTC,sell,90-100,30-90d,68,0.18669038627521312,0.17761925279003674,0.1882751510914795,0.14848869217988953
pm2,pm2,BTC,sell,90-100,7-30d,203,0.17785817590890418,0.17263513667975405,0.18261553486821674,0.1412933824679805
pm2,pm2,BTC,sell,90-100,<=2d,523,0.18002385172895743,0.17475975273055108,0.18275338982619144,0.14234320982817367
pm2,pm2,BTC,sell,90-100,>90d,118,0.20781468537437653,0.19294109019278716,0.2112958066641275,0.1644557953626048
pm2,pm2,ETH,buy,00-10,2-7d,3038,0.0016301061057214146,0.0008762090615670124,0.0023812589441916856,0.0012308765995546038
pm2,pm2,ETH,buy,00-10,30-90d,1745,0.005992587223446064,0.0036794372845773693,0.008242305847654318,0.004644827006883223
pm2,pm2,ETH,buy,00-10,7-30d,3057,0.0027981563781017695,0.0016641086616650583,0.004306923935453394,0.0021711276012253765
pm2,pm2,ETH,buy,00-10,<=2d,3128,0.0007138980170991822,0.00030621861304936044,0.0012032991966511712,0.0005668148076496502
pm2,pm2,ETH,buy,00-10,>90d,1292,0.004471647782515001,0.002768424405611289,0.009849094390398005,0.0030982007029469066
pm2,pm2,ETH,buy,10-25,2-7d,5721,0.00527143587847504,0.003765501844271988,0.00736892092889554,0.0041614012088636975
pm2,pm2,ETH,buy,10-25,30-90d,4120,0.01996000651604239,0.014798244557862703,0.025454754206818864,0.0158273209714098
pm2,pm2,ETH,buy,10-25,7-30d,6280,0.010863220651014381,0.007976951819899353,0.014790063705909837,0.008593372490340652
pm2,pm2,ETH,buy,10-25,<=2d,4897,0.002640520356151371,0.0017155901378782359,0.0038940264862783033,0.0020976835783274804
pm2,pm2,ETH,buy,10-25,>90d,1373,0.030162071312407297,0.02167990122822349,0.03769705738659608,0.023773929152358746
pm2,pm2,ETH,buy,25-40,2-7d,4222,0.013162389778177963,0.010348043314418213,0.016883689909213694,0.010508603423796803
pm2,pm2,ETH,buy,25-40,30-90d,3796,0.04267884015135734,0.03558388358700685,0.05040785580892716,0.034132904643424666
pm2,pm2,ETH,buy,25-40,7-30d,6316,0.025073406179242138,0.01981952187438819,0.03130322340367378,0.020027372539020497
pm2,pm2,ETH,buy,25-40,<=2d,3933,0.006548269028601485,0.004659057060002305,0.008773122489384869,0.005248223660682268
pm2,pm2,ETH,buy,25-40,>90d,1466,0.059666319309250926,0.05047786868757275,0.06966937658145628,0.047515808623129666
pm2,pm2,ETH,buy,40-60,2-7d,5252,0.0240591447692608,0.019121456003636052,0.029918440219500617,0.019224696148093707
pm2,pm2,ETH,buy,40-60,30-90d,3840,0.07052749496584176,0.06146662877790318,0.08075604823202723,0.05644113576906379
pm2,pm2,ETH,buy,40-60,7-30d,6636,0.04384784979593841,0.03553504221068739,0.053226885377815364,0.03507123227401416
pm2,pm2,ETH,buy,40-60,<=2d,4381,0.011456742793214292,0.008322999967959889,0.01512454385002933,0.009154080263561008
pm2,pm2,ETH,buy,40-60,>90d,1569,0.09334732933071567,0.08181617504752679,0.10667439732940005,0.07442281845183611
pm2,pm2,ETH,buy,60-75,2-7d,1539,0.03969560327422782,0.0313625278510605,0.049902648058065366,0.03155801644004325
pm2,pm2,ETH,buy,60-75,30-90d,1101,0.09604280137988708,0.08827983008040577,0.10315399750458171,0.07654222016590206
pm2,pm2,ETH,buy,60-75,7-30d,2441,0.06345605309810166,0.05379527605023276,0.0779631067467879,0.05065786627425872
pm2,pm2,ETH,buy,60-75,<=2d,1462,0.017570283381500525,0.012368338588116284,0.023732977804038914,0.01395047633307122
pm2,pm2,ETH,buy,60-75,>90d,750,0.12318643863384121,0.11152121934840913,0.13467094377541722,0.09842491757128582
pm2,pm2,ETH,buy,75-90,2-7d,899,0.061137299945744836,0.050507305951026746,0.0768153672819095,0.04876585572483687
pm2,pm2,ETH,buy,75-90,30-90d,540,0.11615659575236502,0.10969732470838771,0.12534793252081458,0.09189199308468288
pm2,pm2,ETH,buy,75-90,7-30d,1099,0.10196038141991845,0.0881171433419726,0.11447278222891394,0.08103468110467685
pm2,pm2,ETH,buy,75-90,<=2d,1061,0.026126425582588143,0.017222371574748804,0.037082602567998904,0.02046030450133821
pm2,pm2,ETH,buy,75-90,>90d,333,0.13696554823577753,0.12707766512512192,0.14571343854088367,0.10863219739465499
pm2,pm2,ETH,buy,90-100,2-7d,473,0.11377682717313105,0.09301405838704534,0.12617312583292833,0.09064056763422808
pm2,pm2,ETH,buy,90-100,30-90d,246,0.13121024056846642,0.12290036569015604,0.13996546075838395,0.10403730104655941
pm2,pm2,ETH,buy,90-100,7-30d,390,0.12672616029236589,0.1195185405746561,0.13496577151009237,0.10084031715236474
pm2,pm2,ETH,buy,90-100,<=2d,1022,0.05493191388074012,0.03701514820837591,0.08559651293088014,0.04373116592552728
pm2,pm2,ETH,buy,90-100,>90d,95,0.14857825135457978,0.1399124898820266,0.1624109294645456,0.1162215460389695
pm2,pm2,ETH,sell,00-10,2-7d,4955,0.1071465783363083,0.09624792710684422,0.12733353598400432,0.08473430212744412
pm2,pm2,ETH,sell,00-10,30-90d,2973,0.09187027577626869,0.0627460504173708,0.10418088706408479,0.07245562483475132
pm2,pm2,ETH,sell,00-10,7-30d,4306,0.10200717800010108,0.08267180096222873,0.11133466049898322,0.08059416269604577
pm2,pm2,ETH,sell,00-10,<=2d,9698,0.13630671058892901,0.1215313501309053,0.13987617071258934,0.10802609119446188
pm2,pm2,ETH,sell,00-10,>90d,1259,0.07224859712308661,0.06210731709533898,0.08833866090366191,0.05739268582091928
pm2,pm2,ETH,sell,10-25,2-7d,5732,0.13122920858366055,0.12161456220194403,0.13858193739939556,0.10401497555803084
pm2,pm2,ETH,sell,10-25,30-90d,4615,0.10870606928836854,0.0976091684093427,0.13183011066844558,0.08593180540825703
pm2,pm2,ETH,sell,10-25,7-30d,6458,0.11569913776862392,0.10617152207630488,0.1340410792726477,0.0915325148278173
pm2,pm2,ETH,sell,10-25,<=2d,8045,0.14840990578765226,0.1393647550352399,0.15824829593156098,0.11769052658957622
pm2,pm2,ETH,sell,10-25,>90d,1692,0.10468481515635733,0.08808561929061678,0.1212296266003914,0.08268972287059043
pm2,pm2,ETH,sell,25-40,2-7d,4643,0.1467491140734085,0.1404721700792431,0.15271893479882945,0.11627925710375717
pm2,pm2,ETH,sell,25-40,30-90d,4389,0.1337887724701972,0.12349711769111692,0.14018243435056604,0.10569031364494985
pm2,pm2,ETH,sell,25-40,7-30d,5791,0.13626514689485378,0.12760634786403613,0.13934591876399754,0.10773737740028537
pm2,pm2,ETH,sell,25-40,<=2d,6415,0.16201345392600783,0.15559294005216412,0.16796254887793982,0.12846744921959033
pm2,pm2,ETH,sell,25-40,>90d,1507,0.14118845091824742,0.12726986103513369,0.15457679394491997,0.11140287634754681
pm2,pm2,ETH,sell,40-60,2-7d,6033,0.16000720095079912,0.15482210466885662,0.16412192282477409,0.1268178951110535
pm2,pm2,ETH,sell,40-60,30-90d,5287,0.154663227633739,0.1435497760573336,0.16365074714017644,0.1223863102102142
pm2,pm2,ETH,sell,40-60,7-30d,6849,0.15173684303397048,0.14563806148344918,0.1569723034436405,0.12012506545048518
pm2,pm2,ETH,sell,40-60,<=2d,6678,0.16836469421392025,0.1639581461414656,0.1724849079376175,0.13349338946678824
pm2,pm2,ETH,sell,40-60,>90d,2296,0.17455144815414708,0.15993872967026085,0.187872446901987,0.13799583620184375
pm2,pm2,ETH,sell,60-75,2-7d,1639,0.17049630064968327,0.1669422954791417,0.17353766230370157,0.13526753838547823
pm2,pm2,ETH,sell,60-75,30-90d,1080,0.17112066242303953,0.16465620627381314,0.17769895889188442,0.13547978091325302
pm2,pm2,ETH,sell,60-75,7-30d,1794,0.16673134385625435,0.16247199042935162,0.1705226343818227,0.13213159927830032
pm2,pm2,ETH,sell,60-75,<=2d,1771,0.1757930529725069,0.17249508040553566,0.17878222848454306,0.13953102377222915
pm2,pm2,ETH,sell,60-75,>90d,1083,0.19670786087330397,0.1786688130536309,0.2084103213693493,0.15731700263564752
pm2,pm2,ETH,sell,75-90,2-7d,856,0.17757402824674248,0.17398958065910175,0.18051086894851254,0.14117086811790353
pm2,pm2,ETH,sell,75-90,30-90d,518,0.18133123207237878,0.17585937445421693,0.18930276239948834,0.14372128781824245
pm2,pm2,ETH,sell,75-90,7-30d,951,0.1766138503833347,0.1729723859648899,0.18005458482112802,0.14031716619796647
pm2,pm2,ETH,sell,75-90,<=2d,1210,0.17963805058288607,0.17664557147610288,0.18252342092362192,0.14272537628879434
pm2,pm2,ETH,sell,75-90,>90d,465,0.21532945299881545,0.19387444607409754,0.2191410903662468,0.17187921539454956
pm2,pm2,ETH,sell,90-100,2-7d,458,0.1791730279296347,0.165541025806432,0.1841489576943779,0.14203905897547364
pm2,pm2,ETH,sell,90-100,30-90d,273,0.187098509542612,0.17950562679047805,0.19471988122195893,0.1486239691087075
pm2,pm2,ETH,sell,90-100,7-30d,489,0.18324525262005248,0.1778176665773104,0.18589702033199076,0.14560613418115384
pm2,pm2,ETH,sell,90-100,<=2d,1109,0.18191417754539432,0.17888686160433506,0.18486814434061183,0.1446041717552716
pm2,pm2,ETH,sell,90-100,>90d,227,0.21291748997030258,0.19192627352354077,0.22252970438139502,0.1683968144974172
pm2,pm2,HYPE,buy,00-10,2-7d,216,0.0024866546695981283,0.0014623469582256822,0.0037793170622042907,0.0018742104484824691
pm2,pm2,HYPE,buy,00-10,30-90d,186,0.008838983668709196,0.005404090291826899,0.011337908722903193,0.006583750072674048
pm2,pm2,HYPE,buy,00-10,7-30d,485,0.005480651011532389,0.003091069538302115,0.007860453536486477,0.0040978857901439805
pm2,pm2,HYPE,buy,00-10,<=2d,181,0.0014956908176156562,0.000577476651797814,0.0023455797771568085,0.0012119001264505901
pm2,pm2,HYPE,buy,00-10,>90d,196,0.018358420996204522,0.012385370488583949,0.0219816300363325,0.013410230537675448
pm2,pm2,HYPE,buy,10-25,2-7d,1329,0.010970905608646274,0.007583187972851107,0.015534410368199783,0.008631883635243696
pm2,pm2,HYPE,buy,10-25,30-90d,1554,0.027059472618880042,0.01899728804659134,0.03801667506060337,0.021476708256115938
pm2,pm2,HYPE,buy,10-25,7-30d,3225,0.01626311577237721,0.011736451579179541,0.02265326021611294,0.012909400828757352
pm2,pm2,HYPE,buy,10-25,<=2d,610,0.006478367562302566,0.004014285071056012,0.009434666300325282,0.005322904731150477
pm2,pm2,HYPE,buy,10-25,>90d,761,0.04453950849971953,0.03274030099315053,0.06253202318826866,0.03644002512083972
pm2,pm2,HYPE,buy,25-40,2-7d,1522,0.020352237381276148,0.014726867133398071,0.02568827485943164,0.015930739552649793
pm2,pm2,HYPE,buy,25-40,30-90d,1320,0.05783732123280288,0.04822488758739243,0.07038835397719405,0.047328861458138485
pm2,pm2,HYPE,buy,25-40,7-30d,3682,0.03354678668426158,0.02573563210548726,0.043577701557775204,0.026786585919919732
pm2,pm2,HYPE,buy,25-40,<=2d,661,0.010734703022801433,0.00810419087707303,0.014827847504218042,0.00860941539029585
pm2,pm2,HYPE,buy,25-40,>90d,641,0.08914258441655169,0.07046996071545499,0.11296117727616035,0.07250898725252759
pm2,pm2,HYPE,buy,40-60,2-7d,1594,0.03873554181216427,0.028884373051003918,0.04380330742434105,0.03132833929693757
pm2,pm2,HYPE,buy,40-60,30-90d,1229,0.10617659011193824,0.08633630307745618,0.12235337135034395,0.086651959693797
pm2,pm2,HYPE,buy,40-60,7-30d,2850,0.06809689966082536,0.0495331964241684,0.08450028417190393,0.05506689550220229
pm2,pm2,HYPE,buy,40-60,<=2d,631,0.017656752831936438,0.013284723218862496,0.023564284276133947,0.01419561890376289
pm2,pm2,HYPE,buy,40-60,>90d,473,0.12167284118040413,0.10204760748269714,0.14551480177512627,0.09994174880455255
pm2,pm2,HYPE,buy,60-75,2-7d,598,0.06725398770905724,0.058439715118824835,0.10019013997046142,0.054631321268034716
pm2,pm2,HYPE,buy,60-75,30-90d,288,0.14547995376049078,0.12694913364911198,0.16839567241815667,0.11912367570338137
pm2,pm2,HYPE,buy,60-75,7-30d,1034,0.11243813513862397,0.10266601367227761,0.12530904108910912,0.0917856754469156
pm2,pm2,HYPE,buy,60-75,<=2d,335,0.03299508663916015,0.022396414338956366,0.04764394957637987,0.026563409233353926
pm2,pm2,HYPE,buy,60-75,>90d,189,0.17362023651375916,0.154075989177218,0.19346140949470778,0.14188002161714175
pm2,pm2,HYPE,buy,75-90,2-7d,203,0.0990062718027536,0.08704554921016207,0.12608078828350017,0.08079527399984737
pm2,pm2,HYPE,buy,75-90,30-90d,218,0.1852690051664273,0.1654722702116161,0.19639563183096137,0.15304110976265078
pm2,pm2,HYPE,buy,75-90,7-30d,736,0.15753105432157105,0.14165847429298628,0.17571298110595163,0.12901775316167813
pm2,pm2,HYPE,buy,75-90,<=2d,255,0.054934942386293616,0.03425677901798007,0.0948616947248086,0.044660774588306675
pm2,pm2,HYPE,buy,75-90,>90d,51,0.21503582176216038,0.1906450904364504,0.25733500648894536,0.17674610160375465
pm2,pm2,HYPE,buy,90-100,2-7d,131,0.15623552740491198,0.12679899650925522,0.20018806599470698,0.12365669905277503
pm2,pm2,HYPE,buy,90-100,30-90d,25,0.21029862806030153,0.1990899403975603,0.25526644420693173,0.17049569322731362
pm2,pm2,HYPE,buy,90-100,7-30d,99,0.19575331232905724,0.1864896515981307,0.22630613526523546,0.15673817083896152
pm2,pm2,HYPE,buy,90-100,<=2d,146,0.10104088231346242,0.06331055031384857,0.1414828747818869,0.08249725124862234
pm2,pm2,HYPE,buy,90-100,>90d,8,0.25449515845732695,0.25246284921033935,0.2681051623308426,0.20764119221356664
pm2,pm2,HYPE,sell,00-10,2-7d,439,0.1922208919459853,0.1752493276281829,0.23917668840892636,0.15458351978928825
pm2,pm2,HYPE,sell,00-10,30-90d,450,0.19906166494369482,0.13185742805308504,0.3024900056889608,0.16203895835377638
pm2,pm2,HYPE,sell,00-10,7-30d,685,0.22245740002996703,0.1633782574846993,0.2588069918195243,0.17974422968674836
pm2,pm2,HYPE,sell,00-10,<=2d,506,0.34902798630846,0.23891089700323653,0.39376948064203404,0.2852981997175191
pm2,pm2,HYPE,sell,00-10,>90d,149,0.10411890907591544,0.0915401886012798,0.15709473363347143,0.0830858477910465
pm2,pm2,HYPE,sell,10-25,2-7d,806,0.24093622044191404,0.20247234499342423,0.3438705557901137,0.1947590978560544
pm2,pm2,HYPE,sell,10-25,30-90d,1187,0.2350880313395511,0.18362971084175,0.35618310590387436,0.19048974391188414
pm2,pm2,HYPE,sell,10-25,7-30d,1755,0.24308679645047387,0.2006207231620858,0.3467094616942459,0.19702856221527176
pm2,pm2,HYPE,sell,10-25,<=2d,788,0.35214182874678157,0.2551618080419802,0.38692417374853494,0.2882170996678488
pm2,pm2,HYPE,sell,10-25,>90d,467,0.18521060294860478,0.15614524298120835,0.22463812339891787,0.14960572848671844
pm2,pm2,HYPE,sell,25-40,2-7d,826,0.25960876007126327,0.23720260026943832,0.36652658971982277,0.21004001574104025
pm2,pm2,HYPE,sell,25-40,30-90d,980,0.277660184804381,0.21140140521599957,0.3288949096043034,0.22525034822835063
pm2,pm2,HYPE,sell,25-40,7-30d,1635,0.2524517120976778,0.22634743149796113,0.37352478545760265,0.2044650677471607
pm2,pm2,HYPE,sell,25-40,<=2d,959,0.3677481784501484,0.2719910411278248,0.386972082613793,0.30083498432284794
pm2,pm2,HYPE,sell,25-40,>90d,496,0.24046326379163588,0.20656935946379623,0.2978704591206111,0.19199298457106562
pm2,pm2,HYPE,sell,40-60,2-7d,955,0.2866342544895384,0.2670204931748653,0.3834912157007171,0.23255776637527298
pm2,pm2,HYPE,sell,40-60,30-90d,1142,0.3114922766088525,0.23864438464628707,0.38958942107378275,0.25308476959025683
pm2,pm2,HYPE,sell,40-60,7-30d,1487,0.34998316505450006,0.2599318274075678,0.3919237968625241,0.2856907346972523
pm2,pm2,HYPE,sell,40-60,<=2d,1055,0.38152423559261545,0.2877821892496707,0.39954215955889183,0.3119124779973227
pm2,pm2,HYPE,sell,40-60,>90d,582,0.2756766927979758,0.23964098407886214,0.3259185966141663,0.22149007458652367
pm2,pm2,HYPE,sell,60-75,2-7d,263,0.3136151949126334,0.29022322401473216,0.3977612785826682,0.2573978304109264
pm2,pm2,HYPE,sell,60-75,30-90d,160,0.28911172235928073,0.25707552356441,0.38592712313430405,0.23398035326819047
pm2,pm2,HYPE,sell,60-75,7-30d,255,0.2953482896917839,0.27704652412670794,0.3847881661899739,0.2398252971753592
pm2,pm2,HYPE,sell,60-75,<=2d,197,0.38386619286526136,0.29681250320514047,0.4006159040425164,0.31265837571659927
pm2,pm2,HYPE,sell,60-75,>90d,204,0.33556518472074126,0.27613106162397416,0.42806730394374404,0.27167709151559105
pm2,pm2,HYPE,sell,75-90,2-7d,162,0.29940481617531634,0.27324728869137155,0.38580894272915883,0.24250424364985418
pm2,pm2,HYPE,sell,75-90,30-90d,104,0.306300901187707,0.29022305421237304,0.3207550176830174,0.2484637685985465
pm2,pm2,HYPE,sell,75-90,7-30d,269,0.293237192588101,0.2869337911043882,0.309790739795522,0.23639745189463612
pm2,pm2,HYPE,sell,75-90,<=2d,240,0.3832840861164799,0.30141156150575754,0.403002294743832,0.3111390622136589
pm2,pm2,HYPE,sell,75-90,>90d,47,0.3373520677966271,0.32603164211473623,0.43599539629337547,0.2739076921066687
pm2,pm2,HYPE,sell,90-100,2-7d,76,0.298090910768797,0.2828989598063881,0.3942897836820756,0.23997826628316773
pm2,pm2,HYPE,sell,90-100,30-90d,44,0.2888210111122338,0.2867916979290596,0.3153324085957938,0.23030529626998428
pm2,pm2,HYPE,sell,90-100,7-30d,94,0.30644388195374467,0.2836640694728559,0.3833860969647182,0.24807595668181637
pm2,pm2,HYPE,sell,90-100,<=2d,175,0.33399545115553947,0.28502038865352797,0.4017998308544897,0.271725780382469
pm2,pm2,HYPE,sell,90-100,>90d,27,0.44252698930867357,0.3364308017502712,0.4483727709931959,0.36216662463324834
