ccy,day,ts,expiry,tenor_days,spot,forward,strike,sigma,rate,rate_pm,price_call,price_put,spot_age,fwd_age,vol_age,K_sm,K_sm_prev,sm_param_ts,sm_param_ts_prev,K_pm,K_pm_prev,pm_param_ts,pm_param_ts_prev,K_pm2,K_pm2_prev,pm2_param_ts,pm2_param_ts_prev
BTC,2024-01-11,1704960000,1707465600,29.0,46095.88,46593.4500781352,46593.4500781352,0.5729577625875669,0.0,0.0,2998.7367027736573,2998.7367027736573,15.0,369.0,20.0,13331.193921864791,13331.193921864791,1701707771,1701707771,11140.093628824488,11140.093628824488,1702279663.0,1702279663.0,,,,
BTC,2024-01-12,1705046400,1707465600,28.0,46007.48,46365.19281063128,46365.19281063128,0.5177745766706154,0.0,0.0,2650.3511472530645,2650.3511472530645,126.0,2809.0,2820.0,13444.53118936872,13444.53118936872,1701707771,1701707771,10854.072557611724,10854.072557611724,1702279663.0,1702279663.0,,,,
BTC,2024-01-13,1705132800,1707465600,27.0,43191.96,43551.02917091624,43551.02917091624,0.5096183983384883,0.0,0.0,2406.254197594537,2406.254197594537,1930.0,2249.0,1960.0,12598.518829083758,12598.518829083758,1701707771,1701707771,10168.38686922956,10168.38686922956,1702279663.0,1702279663.0,,,,
BTC,2024-01-14,1705219200,1708070400,33.0,42966.41,43361.84476949609,43361.84476949609,0.5151969955029537,0.0,0.0,2677.118518720036,2677.118518720036,290.0,609.0,340.0,12494.488230503914,12494.488230503914,1701707771,1701707771,10195.344556244552,10195.344556244552,1702279663.0,1702279663.0,,,,
BTC,2024-01-15,1705305600,1708070400,32.0,42692.39,43037.39797630514,43037.39797630514,0.5147231746181815,0.0,0.0,2614.1963027724014,2614.196302772404,408.0,409.0,420.0,12462.709023694855,12462.709023694855,1701707771,1701707771,10100.31833040277,10100.31833040277,1702279663.0,1702279663.0,,,,
BTC,2024-01-16,1705392000,1708070400,31.0,42724.170000000006,43072.256214576984,43072.256214576984,0.5094694308135629,0.0,0.0,2548.950879226133,2548.950879226133,723.0,1139.0,780.0,12469.164785423023,12469.164785423023,1701707771,1701707771,10069.970865222844,10069.970865222844,1702279663.0,1702279663.0,,,,
BTC,2024-01-17,1705478400,1708070400,30.0,42644.38,43007.15072465068,43007.15072465068,0.4755605877101381,0.0,0.0,2337.407990635004,2337.407990635004,90.0,659.0,380.0,12430.543275349317,12430.543275349317,1701707771,1701707771,9928.552712906168,9928.552712906168,1702279663.0,1702279663.0,,,,
BTC,2024-01-18,1705564800,1708070400,29.0,42798.03,43118.65398555592,43118.65398555592,0.4347964935061098,0.0,0.0,2106.891292577564,2106.891292577564,3250.0,3259.0,3280.0,12518.785014444082,12518.785014444082,1701707771,1701707771,9870.028104455338,9870.028104455338,1702279663.0,1702279663.0,,,,
BTC,2024-01-19,1705651200,1708070400,28.0,41221.29,41528.67419438196,41528.67419438196,0.4165405003268955,0.0,0.0,1910.3245200636045,1910.3245200636063,132.0,469.0,260.0,12059.002805618044,12059.002805618044,1701707771,1701707771,9493.344858255585,9493.344858255585,1702279663.0,1702279663.0,,,,
BTC,2024-01-20,1705737600,1708070400,27.0,41660.24,41966.43705281371,41966.43705281371,0.4198579081811345,0.0,0.0,1910.794745232853,1910.794745232853,476.0,849.0,480.0,12191.874947186288,12191.874947186288,1701707771,1701707771,9610.982359011286,9610.982359011286,1702279663.0,1702279663.0,,,,
BTC,2024-01-21,1705824000,1708675200,33.0,41629.19,41993.66605423589,41993.66605423589,0.43244043739163,0.0,0.0,2176.831586522397,2176.831586522395,503.0,509.0,520.0,12124.280945764112,12124.280945764112,1701707771,1701707771,9608.58716466468,9608.58716466468,1702279663.0,1702279663.0,,,,
BTC,2024-01-22,1705910400,1708675200,32.0,40993.57,41350.199541919465,41350.199541919465,0.423675562826969,0.0,0.0,2068.068646007812,2068.0686460078095,52.0,469.0,180.0,11941.441458080531,11941.441458080531,1701707771,1701707771,9439.42280067597,9439.42280067597,1702279663.0,1702279663.0,,,,
BTC,2024-01-23,1705996800,1708675200,31.0,39672.75,40034.40125148997,40034.40125148997,0.4279201738082452,0.0,0.0,1990.486444422733,1990.486444422733,370.0,379.0,380.0,11540.173748510028,11540.173748510028,1701707771,1701707771,9142.679228544526,9142.679228544526,1702279663.0,1702279663.0,,,,
BTC,2024-01-24,1706083200,1708675200,30.0,39901.06,40218.13816978061,40218.13816978061,0.4373245445755038,0.0,0.0,2010.3223347081992,2010.322334708197,470.0,479.0,500.0,11653.23983021939,11653.23983021939,1701707771,1701707771,9200.220453700738,9200.220453700738,1702279663.0,1702279663.0,,,,
BTC,2024-01-25,1706169600,1708675200,29.0,40097.78,40407.935056732815,40407.935056732815,0.4043094478574099,0.0,0.0,1836.1502253367912,1836.1502253367912,58.0,59.0,60.0,11719.178943267185,11719.178943267185,1701707771,1701707771,9212.262628650358,9212.262628650358,1702279663.0,1702279663.0,,,,
BTC,2024-01-26,1706256000,1708675200,28.0,39960.62000000001,40212.093752358465,40212.093752358465,0.3647296666274801,0.0,0.0,1619.8910038767094,1619.8910038767094,44.0,559.0,80.0,11736.712247641546,11736.712247641546,1701707771,1701707771,9183.624737965292,9183.624737965292,1702279663.0,1702279663.0,,,,
BTC,2024-01-27,1706342400,1708675200,27.0,41702.87,41972.32187566854,41972.32187566854,0.3639149417627573,0.0,0.0,1656.6514815918215,1656.6514815918215,32.0,39.0,40.0,12241.409124331463,12241.409124331463,1701707771,1701707771,9607.103065321457,9607.103065321457,1702279663.0,1702279663.0,,,,
BTC,2024-01-28,1706428800,1709280000,33.0,42380.91,42722.49686796167,42722.49686796167,0.3818201081082694,0.0,0.0,1955.678971310498,1955.678971310498,239.0,239.0,240.0,12372.686132038334,12372.686132038334,1701707771,1701707771,9697.784155750756,9697.784155750756,1702279663.0,1702279663.0,,,,
BTC,2024-01-29,1706515200,1709280000,32.0,42041.15,42384.024343529905,42384.024343529905,0.3912711396227572,0.0,0.0,1957.8337287058816,1957.8337287058816,99.0,239.0,240.0,12269.470656470094,12269.470656470094,1701707771,1701707771,9631.33648253389,9631.33648253389,1702279663.0,1702279663.0,,,,
BTC,2024-01-30,1706601600,1709280000,31.0,43339.5,43711.87440885482,43711.87440885482,0.4104894826162863,0.0,0.0,2084.908685259003,2084.908685259006,2828.0,2829.0,2860.0,12629.47559114518,12629.47559114518,1701707771,1701707771,9955.410097679123,9955.410097679123,1702279663.0,1702279663.0,,,,
BTC,2024-01-31,1706688000,1709280000,30.0,43037.85,43382.00335802989,43382.00335802989,0.4266917790145148,0.0,0.0,2115.813672385609,2115.813672385609,53.0,209.0,220.0,12567.201641970114,12567.201641970114,1701707771,1701707771,9904.864648129447,9904.864648129447,1702279663.0,1702279663.0,,,,
BTC,2024-02-01,1706774400,1709280000,29.0,42126.63,42409.25431704267,42409.25431704267,0.4057784194716244,0.0,0.0,1934.08490393971,1934.08490393971,3867.0,3869.0,3920.0,12355.364682957324,12355.364682957324,1701707771,1701707771,9671.90392269868,9671.90392269868,1702279663.0,1702279663.0,,,,
BTC,2024-02-02,1706860800,1709280000,28.0,43110.45,43404.80097177139,43404.80097177139,0.3893382377672238,0.0,0.0,1866.3672085189753,1866.3672085189776,296.0,849.0,300.0,12638.784028228609,12638.784028228609,1701707771,1701707771,9905.874938535597,9905.874938535597,1702279663.0,1702279663.0,,,,
BTC,2024-02-03,1706947200,1709280000,27.0,43100.17,43391.481786728255,43391.481786728255,0.3843082258739364,0.0,0.0,1808.5562248540884,1808.556224854091,6178.0,6179.0,6200.0,12638.739213271743,12638.739213271743,1701707771,1701707771,9921.555111464717,9921.555111464717,1702279663.0,1702279663.0,,,,
BTC,2024-02-04,1707033600,1709884800,33.0,42802.29,43111.89440549693,43111.89440549693,0.3710392306512732,0.0,0.0,1917.83991874737,1917.839918747372,917.0,1479.0,920.0,12531.08259450307,12531.08259450307,1701707771,1701707771,9781.886129015558,9781.886129015558,1702279663.0,1702279663.0,,,,
BTC,2024-02-05,1707120000,1709884800,32.0,43072.08,43387.32215059281,43387.32215059281,0.3751624736537166,0.0,0.0,1921.75321382971,1921.75321382971,260.0,269.0,260.0,12606.381849407191,12606.381849407191,1701707771,1701707771,9850.991450681411,9850.991450681411,1702279663.0,1702279663.0,,,,
BTC,2024-02-06,1707206400,1709884800,31.0,42779.24,43106.93181952737,43106.93181952737,0.387009199000181,0.0,0.0,1938.575594985339,1938.575594985339,1796.0,1799.0,1840.0,12506.080180472622,12506.080180472622,1701707771,1701707771,9796.940362017784,9796.940362017784,1702279663.0,1702279663.0,,,,
BTC,2024-02-07,1707292800,1709884800,30.0,42923.19000000001,43242.605954210485,43242.605954210485,0.38973694375328,0.0,0.0,1926.5568394208208,1926.5568394208208,1861.0,1869.0,1900.0,12557.541045789529,12557.541045789529,1701707771,1701707771,9834.348745802188,9834.348745802188,1702279663.0,1702279663.0,,,,
BTC,2024-02-08,1707379200,1709884800,29.0,44522.05,44876.34713828596,44876.34713828596,0.4102482133195704,0.0,0.0,2069.1163286256656,2069.1163286256656,544.0,629.0,680.0,13002.317861714047,13002.317861714047,1701707771,1701707771,10236.190663325257,10236.190663325257,1702279663.0,1702279663.0,,,,
BTC,2024-02-09,1707465600,1709884800,28.0,46211.84,46573.2622772189,46573.2622772189,0.4284569685780779,0.0,0.0,2203.5948475257983,2203.594847525796,113.0,399.0,20.0,13502.129722781094,13502.129722781094,1701707771,1701707771,10661.68404378278,10661.68404378278,1702279663.0,1702279663.0,,,,
BTC,2024-02-10,1707552000,1709884800,27.0,47189.98999999999,47498.09594249775,47498.09594249775,0.4284614502358428,0.0,0.0,2206.9260950245457,2206.926095024543,7.0,269.0,40.0,13848.891057502238,13848.891057502238,1701707771,1701707771,10890.662864258748,10890.662864258748,1702279663.0,1702279663.0,,,,
BTC,2024-02-11,1707638400,1710489600,33.0,48198.36,48688.26842932868,48688.26842932868,0.4704476408999767,0.0,0.0,2745.328120251646,2745.328120251646,107.0,489.0,120.0,13969.599570671318,13969.599570671318,1701707771,1701707771,11257.492527200751,11257.492527200751,1702279663.0,1702279663.0,,,,
BTC,2024-02-12,1707724800,1710489600,32.0,48320.23,48794.56214864909,48794.56214864909,0.4808982489265028,0.0,0.0,2769.4688013577547,2769.4688013577547,1640.0,1979.0,1760.0,14021.736851350914,14021.736851350914,1701707771,1701707771,11307.456219018768,11307.456219018768,1702279663.0,1702279663.0,,,,
BTC,2024-02-13,1707811200,1710489600,31.0,49932.81,50543.39316466324,50543.39316466324,0.5108846854852869,0.0,0.0,2999.375053165618,2999.375053165618,694.0,1009.0,700.0,14369.259835336752,14369.259835336752,1701707771,1701707771,11812.734684327515,11812.734684327515,1702279663.0,1702279663.0,,,,
BTC,2024-02-14,1707897600,1710489600,30.0,49875.78,50389.90933497467,50389.90933497467,0.4936288371885515,0.0,0.0,2842.536628283422,2842.5366282834193,13.0,19.0,20.0,14448.60466502533,14448.60466502533,1701707771,1701707771,11692.678570255866,11692.678570255866,1702279663.0,1702279663.0,,,,
BTC,2024-02-15,1707984000,1710489600,29.0,51813.25,52484.9589637521,52484.9589637521,0.5310473016185415,0.0,0.0,3131.305173295972,3131.305173295972,485.0,489.0,500.0,14872.2660362479,14872.2660362479,1701707771,1701707771,12332.626985117608,12332.626985117608,1702279663.0,1702279663.0,,,,
BTC,2024-02-16,1708070400,1710489600,28.0,51773.27,52361.13612176628,52361.13612176628,0.5250990874662497,0.0,0.0,3035.3610298679637,3035.3610298679637,110.0,319.0,120.0,14944.11487823372,14944.11487823372,1701707771,1701707771,12279.675007079795,12279.675007079795,1702279663.0,1702279663.0,,,,
BTC,2024-02-17,1708156800,1710489600,27.0,51959.91,52501.01539595153,52501.01539595153,0.5191754172246835,0.0,0.0,2955.062388916055,2955.0623889160524,1313.0,1509.0,1500.0,15046.867604048472,15046.867604048472,1701707771,1701707771,12290.381223613986,12290.381223613986,1702279663.0,1702279663.0,,,,
BTC,2024-02-18,1708243200,1711094400,33.0,51738.68,52408.77758144321,52408.77758144321,0.5339051111679851,0.0,0.0,3352.915057759021,3352.915057759021,648.0,649.0,660.0,14851.50641855679,14851.50641855679,1701707771,1701707771,12410.813759006469,12410.813759006469,1702279663.0,1702279663.0,,,,
BTC,2024-02-19,1708329600,1711094400,32.0,52416.0,53137.71086482329,53137.71086482329,0.5369809026067027,0.0,0.0,3366.999430509378,3366.999430509378,174.0,59.0,180.0,15003.08913517671,15003.08913517671,1701707771,1701707771,12570.194811173676,12570.194811173676,1702279663.0,1702279663.0,,,,
BTC,2024-02-20,1708416000,1711094400,31.0,51848.37,52596.87864407341,52596.87864407341,0.5447168716761711,0.0,0.0,3327.510626887649,3327.510626887646,355.0,569.0,560.0,14806.00235592659,14806.00235592659,1701707771,1701707771,12453.273532896868,12453.273532896868,1702279663.0,1702279663.0,,,,
BTC,2024-02-21,1708502400,1711094400,30.0,51573.68,52210.36180917051,52210.36180917051,0.531785922920562,0.0,0.0,3172.468786251101,3172.468786251101,150.0,289.0,300.0,14835.422190829497,14835.422190829497,1701707771,1701707771,12275.73436875306,12275.73436875306,1702279663.0,1702279663.0,,,,
BTC,2024-02-22,1708588800,1711094400,29.0,51775.68,52345.07700359074,52345.07700359074,0.5287572766689038,0.0,0.0,3109.5175621116487,3109.5175621116514,175.0,329.0,340.0,14963.306996409256,14963.306996409256,1701707771,1701707771,12294.2890001931,12294.2890001931,1702279663.0,1702279663.0,,,,
BTC,2024-02-23,1708675200,1711094400,28.0,50891.26,51445.385711244904,51445.385711244904,0.5083419886493338,0.0,0.0,2887.263784609545,2887.263784609545,81.0,239.0,240.0,14713.252288755097,14713.252288755097,1701707771,1701707771,11997.783524419116,11997.783524419116,1702279663.0,1702279663.0,,,,
BTC,2024-02-24,1708761600,1711094400,27.0,51049.51,51600.652346185474,51600.652346185474,0.491059323628072,0.0,0.0,2747.337291108071,2747.337291108071,52.0,59.0,320.0,14763.710653814527,14763.710653814527,1701707771,1701707771,11975.503947312853,11975.503947312853,1702279663.0,1702279663.0,,,,
BTC,2024-02-25,1708848000,1711699200,33.0,51740.78,52486.7176449476,52486.7176449476,0.523913341380545,0.0,0.0,3295.1909962409723,3295.190996240975,160.0,169.0,160.0,14776.2963550524,14776.2963550524,1701707771,1701707771,12372.244728803616,12372.244728803616,1702279663.0,1702279663.0,,,,
BTC,2024-02-26,1708934400,1711699200,32.0,51326.12,52033.87218988692,52033.87218988692,0.528239802746208,0.0,0.0,3243.496163683859,3243.496163683859,390.0,399.0,640.0,14690.08381011308,14690.08381011308,1701707771,1701707771,12263.88060339881,12263.88060339881,1702279663.0,1702279663.0,,,,
BTC,2024-02-27,1709020800,1711699200,31.0,56089.73,56946.61472857988,56946.61472857988,0.5563571736574127,0.0,0.0,3679.514980118267,3679.514980118267,217.0,289.0,320.0,15970.034271420123,15970.034271420123,1701707771,1701707771,13548.418260831902,13548.418260831902,1702279663.0,1702279663.0,,,,
BTC,2024-02-28,1709107200,1711699200,30.0,58234.73,59094.51544904745,59094.51544904745,0.536204920389889,0.0,0.0,3620.5518819547137,3620.55188195471,68.0,219.0,60.0,16610.633550952552,16610.633550952552,1701707771,1701707771,13911.398465770171,13911.398465770171,1702279663.0,1702279663.0,,,,
BTC,2024-02-29,1709193600,1711699200,29.0,62681.49,63658.73473256865,63658.73473256865,0.6827437678027329,0.0,0.0,4879.874012220285,4879.874012220285,64.0,339.0,200.0,17827.20226743135,17827.20226743135,1701707771,1701707771,16030.222904763086,16030.222904763086,1702279663.0,1702279663.0,,,,
BTC,2024-03-01,1709280000,1711699200,28.0,61473.27,62434.03211642537,62434.03211642537,0.6054840659650679,0.0,0.0,4172.13234882394,4172.13234882394,118.0,499.0,140.0,17481.218883574627,17481.218883574627,1701707771,1701707771,15116.65572569995,15116.65572569995,1702279663.0,1702279663.0,,,,
BTC,2024-03-02,1709366400,1711699200,27.0,62000.44,62782.10062721862,62782.10062721862,0.6130353469144104,0.0,0.0,4171.229190742948,4171.229190742952,555.0,1099.0,560.0,17818.47137278138,17818.47137278138,1701707771,1701707771,15246.704289127658,15246.704289127658,1702279663.0,1702279663.0,,,,
BTC,2024-03-03,1709452800,1712304000,33.0,61732.12000000001,62789.72333539744,62789.72333539744,0.65549132566095,0.0,0.0,4929.168007426361,4929.168007426358,140.0,529.0,140.0,17462.03266460258,17462.03266460258,1701707771,1701707771,15791.15781697833,15791.15781697833,1702279663.0,1702279663.0,,,,
BTC,2024-03-04,1709539200,1712304000,32.0,64077.34,65438.94197202875,65438.94197202875,0.7067937895785003,0.0,0.0,5453.504363773205,5453.504363773205,147.0,299.0,80.0,17941.6552,17941.6552,1701707771,1701707771,16851.596300953905,16851.596300953905,1702279663.0,1702279663.0,,,,
BTC,2024-03-05,1709625600,1712304000,31.0,66224.9,67646.63322238302,67646.63322238302,0.720006748307013,0.0,0.0,5652.376490407361,5652.376490407365,31.0,329.0,160.0,18542.972,18542.972,1701707771,1701707771,17470.201839906586,17470.201839906586,1702279663.0,1702279663.0,,,,
BTC,2024-03-06,1709712000,1712304000,30.0,66614.44,67871.2281707021,67871.2281707021,0.7164260068842966,0.0,0.0,5551.603774991176,5551.603774991176,75.0,259.0,320.0,18727.543829297894,18727.543829297894,1701707771,1701707771,17422.542032379057,17422.542032379057,1702279663.0,1702279663.0,,,,
BTC,2024-03-07,1709798400,1712304000,29.0,66359.64,67459.37673112216,67459.37673112216,0.6725682527944236,0.0,0.0,5094.380204413904,5094.380204413907,308.0,439.0,320.0,18808.15526887784,18808.15526887784,1701707771,1701707771,16894.93621113133,16894.93621113133,1702279663.0,1702279663.0,,,,
BTC,2024-03-08,1709884800,1712304000,28.0,67377.55,68611.87111272161,68611.87111272161,0.6589099263861391,0.0,0.0,4988.449868073375,4988.44986807338,43.0,589.0,320.0,18978.94388727839,18978.94388727839,1701707771,1701707771,17032.036789028083,17032.036789028083,1702279663.0,1702279663.0,,,,
BTC,2024-03-09,1709971200,1712304000,27.0,68525.1,69647.87804045263,69647.87804045263,0.6838551453127073,0.0,0.0,5160.50125238561,5160.50125238561,104.0,669.0,140.0,19434.75195954737,19434.75195954737,1701707771,1701707771,17483.586324048687,17483.586324048687,1702279663.0,1702279663.0,,,,
BTC,2024-03-10,1710057600,1712908800,33.0,69489.96,71042.46366210075,71042.46366210075,0.7240237857592474,0.0,0.0,6157.9264695811535,6157.9264695811535,118.0,549.0,180.0,19457.188800000004,19457.188800000004,1701707771,1701707771,18553.56731164256,18553.56731164256,1702279663.0,1702279663.0,,,,
BTC,2024-03-11,1710144000,1712908800,32.0,71076.58,73052.74263526835,73052.74263526835,0.759316777595924,0.0,0.0,6538.591712938152,6538.591712938152,150.0,179.0,200.0,19901.4424,19901.4424,1701707771,1701707771,19360.515445112746,19360.515445112746,1702279663.0,1702279663.0,,,,
BTC,2024-03-12,1710230400,1712908800,31.0,72158.34,74040.14661898106,74040.14661898106,0.7560208275085464,0.0,0.0,6494.829976291922,6494.829976291926,43.0,49.0,60.0,20204.33519999999,20204.33519999999,1701707771,1701707771,19495.296232595923,19495.296232595923,1702279663.0,1702279663.0,,,,
BTC,2024-03-13,1710316800,1712908800,30.0,72826.19,74844.05291561228,74844.05291561228,0.7617801772492248,0.0,0.0,6508.018997713271,6508.018997713276,276.0,499.0,520.0,20391.333199999997,20391.333199999997,1701707771,1701707771,19666.660999588647,19666.660999588647,1702279663.0,1702279663.0,,,,
BTC,2024-03-14,1710403200,1712908800,29.0,73204.15,74967.62470671152,74967.62470671152,0.7091001202173082,0.0,0.0,5967.899464500905,5967.899464500905,201.0,209.0,360.0,20497.161999999997,20497.161999999997,1701707771,1701707771,19110.93421340076,19110.93421340076,1702279663.0,1702279663.0,,,,
BTC,2024-03-15,1710489600,1712908800,28.0,68462.73,70094.95667150298,70094.95667150298,0.7026567850312203,0.0,0.0,5433.600800975555,5433.60080097556,129.0,27649.0,27680.0,19169.5644,19169.5644,1701707771,1701707771,17773.84702706636,17773.84702706636,1702279663.0,1702279663.0,,,,
BTC,2024-03-16,1710576000,1712908800,27.0,69374.2,70763.0260778885,70763.0260778885,0.7078371029695462,0.0,0.0,5426.439648238142,5426.439648238146,214.0,579.0,340.0,19424.776,19424.776,1701707771,1701707771,17968.92980381712,17968.92980381712,1702279663.0,1702279663.0,,,,
BTC,2024-03-17,1710662400,1712908800,26.0,65544.02,66764.03474669432,66764.03474669432,0.7524791834701222,0.0,0.0,5340.205843967712,5340.2058439677085,106.0,209.0,200.0,18443.19125330568,18443.19125330568,1701707771,1701707771,17317.28670485256,17317.28670485256,1702279663.0,1702279663.0,,,,
BTC,2024-03-18,1710748800,1712908800,25.0,68219.56,69461.3673184087,69461.3673184087,0.7264297763158205,0.0,0.0,5260.377997410909,5260.377997410909,435.0,519.0,440.0,19224.0606815913,19224.0606815913,1701707771,1701707771,17738.166181597993,17738.166181597993,1702279663.0,1702279663.0,,,,
BTC,2024-03-19,1710835200,1712908800,24.0,64569.16,65382.830755213734,65382.830755213734,0.6840028703855378,0.0,0.0,4569.140380344471,4569.140380344471,242.0,249.0,260.0,18557.07724478627,18557.07724478627,1701707771,1701707771,16339.951059171208,16339.951059171208,1702279663.0,1702279663.0,,,,
BTC,2024-03-20,1710921600,1712908800,23.0,62966.27,63544.99934612957,63544.99934612957,0.753011462629034,0.0,0.0,4784.80606385911,4784.806063859106,84.0,89.0,120.0,18311.15165387044,18311.15165387044,1701707771,1701707771,16396.365279400357,16396.365279400357,1702279663.0,1702279663.0,,,,
BTC,2024-03-21,1711008000,1714118400,36.0,67039.87,68460.37577280185,68460.37577280185,0.7565849934468242,0.0,0.0,6474.275945017183,6474.275945017183,82.0,449.0,220.0,18771.1636,18771.1636,1701707771,1701707771,18484.1218756994,18484.1218756994,1702279663.0,1702279663.0,,,,
BTC,2024-03-22,1711094400,1714118400,35.0,66179.52141766039,67539.38556142754,67539.38556142754,0.7191380934700476,0.0,0.0,5987.843268783786,5987.843268783789,68.0,69.0,100.0,18530.26599694491,18530.26599694491,1701707771,1701707771,17750.784914830794,17750.784914830794,1702279663.0,1702279663.0,,,,
BTC,2024-03-23,1711180800,1713513600,27.0,64588.35462708687,65531.63290885978,65531.63290885978,0.7168817424793303,0.0,0.0,5089.282273962797,5089.282273962797,38.0,499.0,240.0,18433.22810635315,18433.22810635315,1701707771,1701707771,16735.567205266616,16735.567205266616,1702279663.0,1702279663.0,,,,
BTC,2024-03-24,1711267200,1714118400,33.0,64379.05318233864,65593.42971281442,65593.42971281442,0.7244676753358771,0.0,0.0,5689.078849866191,5689.078849866191,436.0,439.0,700.0,18099.33942422581,18099.33942422581,1701707771,1701707771,17145.83043044207,17145.83043044207,1702279663.0,1702279663.0,,,,
BTC,2024-03-25,1711353600,1714118400,32.0,66854.31272022052,68061.86378742267,68061.86378742267,0.7443861807185085,0.0,0.0,5972.585794983766,5972.585794983762,211.0,189.0,340.0,18848.74274886401,18848.74274886401,1701707771,1701707771,17915.36804390623,17915.36804390623,1702279663.0,1702279663.0,,,,
BTC,2024-03-26,1711440000,1714118400,31.0,70557.22069170805,71962.6304014584,71962.6304014584,0.7520530902803997,0.0,0.0,6279.5925763330215,6279.5925763330215,227.0,180.0,240.0,19761.75649776206,19761.75649776206,1701707771,1701707771,18926.97930050298,18926.97930050298,1702279663.0,1702279663.0,,,,
BTC,2024-03-27,1711526400,1714118400,30.0,69738.88757669195,71029.02269573505,71029.02269573505,0.7271272663821203,0.0,0.0,5896.370140896576,5896.370140896576,180.0,189.0,240.0,19631.531153964483,19631.531153964483,1701707771,1701707771,18341.106813522085,18341.106813522085,1702279663.0,1702279663.0,,,,
BTC,2024-03-28,1711612800,1714118400,29.0,70377.12298667248,71766.79879597957,71766.79879597957,0.7471699531705638,0.0,0.0,6018.712050739136,6018.712050739133,220.0,409.0,340.0,19723.46108669465,19723.46108669465,1701707771,1701707771,18689.811717851844,18689.811717851844,1702279663.0,1702279663.0,,,,
BTC,2024-03-29,1711699200,1714118400,28.0,69882.15369392809,71264.52165603879,71264.52165603879,0.7123191539664596,0.0,0.0,5599.983593473509,5599.983593473506,134.0,639.0,300.0,19582.278146067725,19582.278146067725,1701707771,1701707771,18175.911905670917,18175.911905670917,1702279663.0,1702279663.0,,,,
BTC,2024-03-30,1711785600,1714118400,27.0,69912.19062557859,71337.70784381163,71337.70784381163,0.704631988314728,0.0,0.0,5445.814143876183,5445.8141438761795,177.0,179.0,220.0,19575.413375162003,19575.413375162003,1701707771,1701707771,18083.78994665405,18083.78994665405,1702279663.0,1702279663.0,,,,
BTC,2024-03-31,1711872000,1714118400,26.0,70328.22700744224,71987.14341262712,71987.14341262712,0.7361411201356539,0.0,0.0,5633.36978180731,5633.36978180731,176.0,179.0,220.0,19691.903562083826,19691.903562083826,1701707771,1701707771,18496.94422943063,18496.94422943063,1702279663.0,1702279663.0,,,,
BTC,2024-04-01,1711958400,1714118400,25.0,69631.03855565464,71062.1008492505,71062.1008492505,0.7381249039510108,0.0,0.0,5467.977074313555,5467.977074313555,861.0,779.0,780.0,19496.690795583298,19496.690795583298,1701707771,1701707771,18246.664586750536,18246.664586750536,1702279663.0,1702279663.0,,,,
BTC,2024-04-02,1712044800,1714118400,24.0,66532.19978912908,67533.68841296942,67533.68841296942,0.7075896038120079,0.0,0.0,4881.752504910599,4881.752504910599,180.0,369.0,400.0,18958.171312898383,18958.171312898383,1701707771,1701707771,17060.716886508602,17060.716886508602,1702279663.0,1702279663.0,,,,
BTC,2024-04-03,1712131200,1714118400,23.0,66231.66763844834,67032.03904040952,67032.03904040952,0.6868587830311005,0.0,0.0,4605.107293448548,4605.107293448548,178.0,179.0,180.0,19069.128889573323,19069.128889573323,1701707771,1701707771,16747.031072826358,16747.031072826358,1702279663.0,1702279663.0,,,,
BTC,2024-04-04,1712217600,1714118400,22.0,66037.8453428664,66764.51895782849,66764.51895782849,0.6576913273750848,0.0,0.0,4296.068822023298,4296.068822023294,179.0,479.0,180.0,19084.679987897835,19084.679987897835,1701707771,1701707771,16442.720967892827,16442.720967892827,1702279663.0,1702279663.0,,,,
BTC,2024-04-05,1712304000,1714118400,21.0,66916.85776037855,67535.26109337027,67535.26109337027,0.6832015446724866,0.0,0.0,4410.288145440105,4410.2881454401095,7.0,480.0,180.0,19456.65399512185,19456.65399512185,1701707771,1701707771,16797.702130759855,16797.702130759855,1702279663.0,1702279663.0,,,,
BTC,2024-04-06,1712390400,1714723200,27.0,68078.52042420115,68913.46717539121,68913.46717539121,0.6880586154769575,0.0,0.0,5137.380194544815,5137.380194544815,160.0,291.0,300.0,19588.60937607029,19588.60937607029,1701707771,1701707771,17349.649586922424,17349.649586922424,1702279663.0,1702279663.0,,,,
BTC,2024-04-07,1712476800,1714723200,26.0,69379.88866228759,70175.52137969609,70175.52137969609,0.7020636909524643,0.0,0.0,5238.1448000442515,5238.1448000442515,14.0,149.0,180.0,20018.333881277773,20018.333881277773,1701707771,1701707771,17761.624858417323,17761.624858417323,1702279663.0,1702279663.0,,,,
BTC,2024-04-08,1712563200,1714723200,25.0,70694.95466272604,71674.42837679843,71674.42837679843,0.7276802092310649,0.0,0.0,5437.290510930049,5437.2905109300455,102.0,59.0,140.0,20229.012684745423,20229.012684745423,1701707771,1701707771,18329.94467838842,18329.94467838842,1702279663.0,1702279663.0,,,,
BTC,2024-04-09,1712649600,1714723200,24.0,70482.2689299444,71324.64388873852,71324.64388873852,0.7350644193204667,0.0,0.0,5355.397975075326,5355.397975075331,177.0,479.0,180.0,20302.305720189208,20302.305720189208,1701707771,1701707771,18274.017479908587,18274.017479908587,1702279663.0,1702279663.0,,,,
BTC,2024-04-10,1712736000,1714723200,23.0,69315.35183419345,70049.52456615267,70049.52456615267,0.7102100922927275,0.0,0.0,4975.591725403873,4975.591725403873,121.0,249.0,140.0,20060.432818298817,20060.432818298817,1701707771,1701707771,17698.52466487012,17698.52466487012,1702279663.0,1702279663.0,,,,
BTC,2024-04-11,1712822400,1714723200,22.0,70768.48500879316,71554.6900813631,71554.6900813631,0.6867594335381673,0.0,0.0,4807.325658817789,4807.325658817785,43.0,390.0,60.0,20444.34043006801,20444.34043006801,1701707771,1701707771,17848.724701623105,17848.724701623105,1702279663.0,1702279663.0,,,,
BTC,2024-04-12,1712908800,1714723200,21.0,70680.83389513065,71317.00281649677,71317.00281649677,0.6379500859719226,0.0,0.0,4349.401657422861,4349.401657422864,193.0,199.0,460.0,20568.08124717308,20568.08124717308,1701707771,1701707771,17406.987017243628,17406.987017243628,1702279663.0,1702279663.0,,,,
BTC,2024-04-13,1712995200,1715328000,27.0,67428.09195959185,67877.07003392173,67877.07003392173,0.6536335091762145,0.0,0.0,4807.6331682731725,4807.633168273176,65.0,653.0,160.0,19779.44951354768,19779.44951354768,1701707771,1701707771,16819.408733418364,16819.408733418364,1702279663.0,1702279663.0,,,,
BTC,2024-04-14,1713081600,1715328000,26.0,64261.97286293221,64526.93283246964,64526.93283246964,0.7034594819225499,0.0,0.0,4826.062289021138,4826.062289021142,238.0,769.0,440.0,19013.631889342236,19013.631889342236,1701707771,1701707771,16366.7250112907,16366.7250112907,1702279663.0,1702279663.0,,,,
BTC,2024-04-15,1713168000,1715328000,25.0,66350.58198688031,66753.26467206854,66753.26467206854,0.6964895899818239,0.0,0.0,4847.522891524427,4847.522891524431,144.0,359.0,300.0,19502.491910875855,19502.491910875855,1701707771,1701707771,16834.45751527135,16834.45751527135,1702279663.0,1702279663.0,,,,
BTC,2024-04-16,1713254400,1715328000,24.0,63477.75732918506,63838.889851561325,63838.889851561325,0.7002343080244625,0.0,0.0,4566.830189637064,4566.830189637064,123.0,419.0,140.0,18682.194676379244,18682.194676379244,1701707771,1701707771,16099.44797729996,16099.44797729996,1702279663.0,1702279663.0,,,,
BTC,2024-04-17,1713340800,1715328000,23.0,63608.83310920527,63937.34369003868,63937.34369003868,0.6689359628897604,0.0,0.0,4278.1566465022715,4278.156646502268,527.0,530.0,540.0,18754.139351928166,18754.139351928166,1701707771,1701707771,15865.684681187558,15865.684681187558,1702279663.0,1702279663.0,,,,
BTC,2024-04-18,1713427200,1715328000,22.0,61249.03446397413,61745.5026646834,61745.5026646834,0.6756444691659441,0.0,0.0,4081.3220165164944,4081.3220165164944,293.0,680.0,300.0,17878.24213848297,17878.24213848297,1701707771,1701707771,15334.831809810454,15334.831809810454,1702279663.0,1702279663.0,,,,
BTC,2024-04-19,1713513600,1715328000,21.0,64545.42612200287,64854.742617751166,64854.742617751166,0.6966397382379391,0.0,0.0,4318.3539806898,4318.3539806898,58.0,59.0,60.0,19054.311340852568,19054.311340852568,1701707771,1701707771,16240.76459984656,16240.76459984656,1702279663.0,1702279663.0,,,,
BTC,2024-04-20,1713600000,1715932800,27.0,63985.96171285787,64195.94698111491,64195.94698111491,0.6585166763792474,0.0,0.0,4580.783287677346,4580.783287677346,522.0,659.0,560.0,18985.803245600317,18985.803245600317,1701707771,1701707771,15955.61443582186,15955.61443582186,1702279663.0,1702279663.0,,,,
BTC,2024-04-21,1713686400,1715932800,26.0,65111.56317146899,65436.785290341955,65436.785290341955,0.6910762675649414,0.0,0.0,4808.205062521363,4808.205062521363,522.0,829.0,540.0,19208.24683256773,19208.24683256773,1701707771,1701707771,16492.585687671308,16492.585687671308,1702279663.0,1702279663.0,,,,
BTC,2024-04-22,1713772800,1715932800,25.0,66057.13564268211,66426.37378642199,66426.37378642199,0.6789092095321458,0.0,0.0,4702.349562644843,4702.349562644843,42.0,50.0,40.0,19447.90254906476,19447.90254906476,1701707771,1701707771,16611.913819929177,16611.913819929177,1702279663.0,1702279663.0,,,,
BTC,2024-04-23,1713859200,1715932800,24.0,66114.93043197393,66426.14205187996,66426.14205187996,0.6552723934281388,0.0,0.0,4447.536255694177,4447.536255694177,44.0,49.0,60.0,19523.267509686157,19523.267509686157,1701707771,1701707771,16407.835807234238,16407.835807234238,1702279663.0,1702279663.0,,,,
BTC,2024-04-24,1713945600,1715932800,23.0,66653.32937875799,66962.74445586365,66962.74445586365,0.6199303076562384,0.0,0.0,4153.0352822050645,4153.035282205068,48.0,49.0,60.0,19686.583736521738,19686.583736521738,1701707771,1701707771,16272.032600962404,16272.032600962404,1702279663.0,1702279663.0,,,,
BTC,2024-04-25,1714032000,1717142400,36.0,63982.54772605136,64455.54115019639,64455.54115019639,0.5618318289913171,0.0,0.0,4531.253948113007,4531.253948113007,46.0,49.0,60.0,18721.77089367037,18721.77089367037,1701707771,1701707771,15598.821700028811,15598.821700028811,1702279663.0,1702279663.0,,,,
BTC,2024-04-26,1714118400,1717142400,35.0,64290.0663664965,64691.22657824038,64691.22657824038,0.5280493930911576,0.0,0.0,4215.353201615078,4215.353201615082,35.0,41.0,60.0,18885.859698205077,18885.859698205077,1701707771,1701707771,15367.750082002192,15367.750082002192,1702279663.0,1702279663.0,,,,
BTC,2024-04-27,1714204800,1716537600,27.0,62955.97854528007,63224.24068325248,63224.24068325248,0.5036670577828563,0.0,0.0,3452.496282114659,3452.4962821146623,54.0,56.0,60.0,18618.53142561161,18618.53142561161,1701707771,1701707771,14747.349710330544,14747.349710330544,1702279663.0,1702279663.0,,,,
BTC,2024-04-28,1714291200,1717142400,33.0,63907.23494230582,64294.79508802485,64294.79508802485,0.4947517455597046,0.0,0.0,3812.268090453599,3812.268090453596,69.0,74.0,80.0,18784.61033697271,18784.61033697271,1701707771,1701707771,15006.390174320835,15006.390174320835,1702279663.0,1702279663.0,,,,
BTC,2024-04-29,1714377600,1717142400,32.0,62299.56468508348,62591.626831327085,62591.626831327085,0.5143882004356176,0.0,0.0,3799.4982737623536,3799.4982737623536,974.0,978.0,980.0,18397.80725928144,18397.80725928144,1701707771,1701707771,14697.99639830546,14697.99639830546,1702279663.0,1702279663.0,,,,
BTC,2024-04-30,1714464000,1717142400,31.0,63157.35864786306,63460.211261109565,63460.211261109565,0.4770485578081188,0.0,0.0,3516.891227664195,3516.8912276641986,42.0,49.0,60.0,18644.354981112418,18644.354981112418,1701707771,1701707771,14685.15784630939,14685.15784630939,1702279663.0,1702279663.0,,,,
BTC,2024-05-01,1714550400,1717142400,30.0,57393.8505991228,57662.98189424672,57662.98189424672,0.5634862098781155,0.0,0.0,3712.21062753,3712.21062753,42.0,49.0,60.0,16949.02388461293,16949.02388461293,1701707771,1701707771,13756.700744599311,13756.700744599311,1702279663.0,1702279663.0,,,,
BTC,2024-05-02,1714636800,1717142400,29.0,57656.80604491159,57863.67633058423,57863.67633058423,0.5495568661449125,0.0,0.0,3572.2944890604376,3572.2944890604344,42.0,49.0,100.0,17090.17152780083,17090.17152780083,1701707771,1701707771,13721.202104672462,13721.202104672462,1702279663.0,1702279663.0,,,,
BTC,2024-05-03,1714723200,1717142400,28.0,59197.610674351745,59462.82095349643,59462.82095349643,0.500149874259481,0.0,0.0,3283.5314909242843,3283.5314909242843,35.0,49.0,60.0,17494.072923160835,17494.072923160835,1701707771,1701707771,13850.363706238872,13850.363706238872,1702279663.0,1702279663.0,,,,
BTC,2024-05-04,1714809600,1717142400,27.0,63000.83716338819,63422.36072429401,63422.36072429401,0.5177605332029218,0.0,0.0,3560.0667398733663,3560.0667398733626,43.0,49.0,60.0,18478.727588110636,18478.727588110636,1701707771,1701707771,14851.746724399873,14851.746724399873,1702279663.0,1702279663.0,,,,
BTC,2024-05-05,1714896000,1717142400,26.0,63777.82003576902,64154.68970108894,64154.68970108894,0.5281605806671482,0.0,0.0,3604.8338137838223,3604.8338137838223,43.0,49.0,60.0,18756.476345410796,18756.476345410796,1701707771,1701707771,15078.689901895625,15078.689901895625,1702279663.0,1702279663.0,,,,
BTC,2024-05-06,1714982400,1717142400,25.0,64528.01392654819,64940.219162993475,64940.219162993475,0.5334349816744683,0.0,0.0,3613.901514278976,3613.90151427898,46.0,49.0,60.0,18946.198941519175,18946.198941519175,1701707771,1701707771,15289.338202293256,15289.338202293256,1702279663.0,1702279663.0,,,,
BTC,2024-05-07,1715068800,1717142400,24.0,63703.98389208403,64063.99443623666,64063.99443623666,0.49670078633742,0.0,0.0,3253.00436267993,3253.0043626799343,50.0,59.0,60.0,18751.184623472574,18751.184623472574,1701707771,1701707771,14932.530757776003,14932.530757776003,1702279663.0,1702279663.0,,,,
BTC,2024-05-08,1715155200,1717142400,23.0,62205.59151334765,62488.27708184994,62488.27708184994,0.4746328775445437,0.0,0.0,2968.43200257364,2968.432002573644,48.0,49.0,60.0,18378.991885502008,18378.991885502008,1701707771,1701707771,14512.813371985154,14512.813371985154,1702279663.0,1702279663.0,,,,
BTC,2024-05-09,1715241600,1717142400,22.0,61233.75985158291,61479.056032343426,61479.056032343426,0.4828783736180256,0.0,0.0,2905.933427493011,2905.933427493011,46.0,49.0,60.0,18124.831774714366,18124.831774714366,1701707771,1701707771,14318.771772957183,14318.771772957183,1702279663.0,1702279663.0,,,,
BTC,2024-05-10,1715328000,1717142400,21.0,63104.97549176744,63420.993009246005,63420.993009246005,0.4412792300495368,0.0,0.0,2676.807307876742,2676.807307876742,46.0,49.0,60.0,18615.475130051665,18615.475130051665,1701707771,1701707771,14711.233437774028,14711.233437774028,1702279663.0,1702279663.0,,,,
BTC,2024-05-11,1715414400,1717747200,27.0,61008.82249463787,61326.05429661635,61326.05429661635,0.4729070263183005,0.0,0.0,3144.611706756976,3144.611706756972,47.0,49.0,60.0,17985.41494641287,17985.41494641287,1701707771,1701707771,14182.505580374223,14182.505580374223,1702279663.0,1702279663.0,,,,
BTC,2024-05-12,1715500800,1717747200,26.0,60779.85034918361,61099.13930875756,61099.13930875756,0.4893471001064982,0.0,0.0,3181.2210071809745,3181.2210071809745,30.0,49.0,60.0,17914.666145181127,17914.666145181127,1701707771,1701707771,14197.67847905961,14197.67847905961,1702279663.0,1702279663.0,,,,
BTC,2024-05-13,1715587200,1717747200,25.0,62357.55270916036,62688.12507682183,62688.12507682183,0.4988787272099552,0.0,0.0,3262.9132224642,3262.9132224642035,47.0,49.0,60.0,18376.693445086636,18376.693445086636,1701707771,1701707771,14611.837852797988,14611.837852797988,1702279663.0,1702279663.0,,,,
BTC,2024-05-14,1715673600,1717747200,24.0,62025.99155977885,62420.78416741898,62420.78416741898,0.5034760154299384,0.0,0.0,3212.7411257770477,3212.7411257770514,48.0,49.0,60.0,18213.004860293528,18213.004860293528,1701707771,1701707771,14572.30262410378,14572.30262410378,1702279663.0,1702279663.0,,,,
BTC,2024-05-15,1715760000,1717747200,23.0,62196.70868020832,62504.46002654743,62504.46002654743,0.5069534405568624,0.0,0.0,3171.1271911030267,3171.1271911030267,49.0,49.0,60.0,18351.26125772339,18351.26125772339,1701707771,1701707771,14618.460797013828,14618.460797013828,1702279663.0,1702279663.0,,,,
BTC,2024-05-16,1715846400,1717747200,22.0,66189.44156978164,66605.22957124906,66605.22957124906,0.4938079765005003,0.0,0.0,3219.4042113512883,3219.4042113512883,46.0,49.0,60.0,19441.044469467077,19441.044469467077,1701707771,1701707771,15538.89668354054,15538.89668354054,1702279663.0,1702279663.0,,,,
BTC,2024-05-17,1715932800,1717747200,21.0,66431.39568410617,66792.31220056553,66792.31220056553,0.4958086963236581,0.0,0.0,3167.0726461841123,3167.072646184116,46.0,49.0,60.0,19568.502188772494,19568.502188772494,1701707771,1701707771,15608.28934238877,15608.28934238877,1702279663.0,1702279663.0,,,,
BTC,2024-05-18,1716019200,1718352000,27.0,66888.66461391488,67436.32126918319,67436.32126918319,0.5205628775973337,0.0,0.0,3805.835094482469,3805.835094482469,44.0,49.0,60.0,19518.942728906157,19518.942728906157,1701707771,1701707771,15801.33134120113,15801.33134120113,1702279663.0,1702279663.0,,,,
BTC,2024-05-19,1716105600,1718352000,26.0,67331.8327879974,67860.1739719281,67860.1739719281,0.5258684488365915,0.0,0.0,3796.523133071295,3796.5231330712913,47.0,49.0,60.0,19671.208652468507,19671.208652468507,1701707771,1701707771,15931.089768955071,15931.089768955071,1702279663.0,1702279663.0,,,,
BTC,2024-05-20,1716192000,1718352000,25.0,66838.80310581416,67351.47202981664,67351.47202981664,0.5166949389178319,0.0,0.0,3630.6479964585646,3630.647996458568,9.0,9.0,23.0,19538.972007741777,19538.972007741777,1701707771,1701707771,15770.04815832676,15770.04815832676,1702279663.0,1702279663.0,,,,
BTC,2024-05-21,1716278400,1718352000,24.0,70874.11884956661,71528.2780697755,71528.2780697755,0.5424628727378591,0.0,0.0,3966.130731939667,3966.130731939667,9.0,9.0,23.0,20608.076434661103,20608.076434661103,1701707771,1701707771,16881.067531167337,16881.067531167337,1702279663.0,1702279663.0,,,,
BTC,2024-05-22,1716364800,1718352000,23.0,69719.98766209248,70327.49635660868,70327.49635660868,0.5239855154210048,0.0,0.0,3687.72907121726,3687.72907121726,26.0,30.0,63.0,20308.48760411154,20308.48760411154,1701707771,1701707771,16509.95644204752,16509.95644204752,1702279663.0,1702279663.0,,,,
BTC,2024-05-23,1716451200,1719561600,36.0,69722.04879950425,70618.28606994348,70618.28606994348,0.5456937868349907,0.0,0.0,4822.251463436259,4822.251463436255,49.0,29.0,63.0,20020.37736941204,20020.37736941204,1701707771,1701707771,16933.26870162921,16933.26870162921,1702279663.0,1702279663.0,,,,
BTC,2024-05-24,1716537600,1719561600,35.0,67144.48007528982,68006.65124235942,68006.65124235942,0.4884806642800759,0.0,0.0,4099.987574275005,4099.987574275005,49.0,49.0,63.0,19281.172855517332,19281.172855517332,1701707771,1701707771,15862.743257864577,15862.743257864577,1702279663.0,1702279663.0,,,,
BTC,2024-05-25,1716624000,1718956800,27.0,68750.83772495463,69322.86546218328,69322.86546218328,0.4692514717095942,0.0,0.0,3527.223619845655,3527.223619845655,50.0,49.0,63.0,20053.223580257734,20053.223580257734,1701707771,1701707771,16007.37818663598,16007.37818663598,1702279663.0,1702279663.0,,,,
BTC,2024-05-26,1716710400,1719561600,33.0,69321.29641327405,70115.39452453383,70115.39452453383,0.4734906114795206,0.0,0.0,3979.04354660487,3979.0435466048657,49.0,49.0,63.0,20002.290812722433,20002.290812722433,1701707771,1701707771,16223.639039800812,16223.639039800812,1702279663.0,1702279663.0,,,,
BTC,2024-05-27,1716796800,1719561600,32.0,68618.32470940024,69406.24481364332,69406.24481364332,0.4845195293121737,0.0,0.0,3968.9547538494026,3968.954753849406,11.0,9.0,23.0,19797.57730857699,19797.57730857699,1701707771,1701707771,16097.806919937044,16097.806919937044,1702279663.0,1702279663.0,,,,
BTC,2024-05-28,1716883200,1719561600,31.0,67657.4080652079,68360.03568547401,68360.03568547401,0.4959155332173894,0.0,0.0,3938.00836613791,3938.00836613791,46.0,49.0,63.0,19594.594799296257,19594.594799296257,1701707771,1701707771,15897.617986060875,15897.617986060875,1702279663.0,1702279663.0,,,,
BTC,2024-05-29,1716969600,1719561600,30.0,67940.47106778297,68800.9986860326,68800.9986860326,0.4886503616574014,0.0,0.0,3842.0428598921617,3842.042859892166,49.0,49.0,63.0,19521.613702085266,19521.613702085266,1701707771,1701707771,15931.692069421404,15931.692069421404,1702279663.0,1702279663.0,,,,
BTC,2024-05-30,1717056000,1719561600,29.0,67586.7099614042,68215.33835432344,68215.33835432344,0.4911321991436792,0.0,0.0,3764.405437197063,3764.405437197063,50.0,49.0,63.0,19647.384595502015,19647.384595502015,1701707771,1701707771,15824.17366468532,15824.17366468532,1702279663.0,1702279663.0,,,,
BTC,2024-05-31,1717142400,1719561600,28.0,68152.40922257994,68761.9270767521,68761.9270767521,0.4638317930734621,0.0,0.0,3521.702266596993,3521.702266596996,57.0,55.0,63.0,19836.20491260183,19836.20491260183,1701707771,1701707771,15843.454006350614,15843.454006350614,1702279663.0,1702279663.0,,,,
BTC,2024-06-01,1717228800,1719561600,27.0,67583.7488846697,68241.03870377377,68241.03870377377,0.4459097890535926,0.0,0.0,3299.6817823746287,3299.6817823746287,22.0,49.0,23.0,19617.834846296835,19617.834846296835,1701707771,1701707771,15677.767173642313,15677.767173642313,1702279663.0,1702279663.0,,,,
BTC,2024-06-02,1717315200,1719561600,26.0,67707.81534170322,68368.71258501132,68368.71258501132,0.4641473601321798,0.0,0.0,3376.6494171911713,3376.6494171911713,52.0,51.0,69.0,19651.447359202855,19651.447359202855,1701707771,1701707771,15778.277138153955,15778.277138153955,1702279663.0,1702279663.0,,,,
BTC,2024-06-03,1717401600,1719561600,25.0,68874.81222349303,69605.37513774094,69605.37513774094,0.4738848946445689,0.0,0.0,3441.684210779969,3441.684210779965,41.0,39.0,88.0,19931.88075280001,19931.88075280001,1701707771,1701707771,16108.885168303155,16108.885168303155,1702279663.0,1702279663.0,,,,
BTC,2024-06-04,1717488000,1719561600,24.0,68999.85625942326,69637.68413292328,69637.68413292328,0.474705330577362,0.0,0.0,3379.633626284775,3379.6336262847785,10.0,49.0,71.0,20062.12900432696,20062.12900432696,1701707771,1701707771,16139.570900142964,16139.570900142964,1702279663.0,1702279663.0,,,,
BTC,2024-06-05,1717574400,1719561600,23.0,71202.71684164395,71984.53341015779,71984.53341015779,0.5248123165254401,0.0,0.0,3780.565724701727,3780.565724701723,48.0,49.0,56.0,20578.998483979347,20578.998483979347,1701707771,1701707771,16894.911332653814,16894.911332653814,1702279663.0,1702279663.0,,,,
BTC,2024-06-06,1717660800,1719561600,22.0,71027.43788665382,71615.06003327231,71615.06003327231,0.5212347906126977,0.0,0.0,3653.562027688656,3653.562027688656,49.0,50.0,58.0,20720.60921937765,20720.60921937765,1701707771,1701707771,16809.438132642106,16809.438132642106,1702279663.0,1702279663.0,,,,
BTC,2024-06-07,1717747200,1719561600,21.0,71095.95065514564,71659.27225881668,71659.27225881668,0.4877519862495779,0.0,0.0,3342.697631427404,3342.697631427404,48.0,50.0,51.0,20765.463592872657,20765.463592872657,1701707771,1701707771,16711.252577966723,16711.252577966723,1702279663.0,1702279663.0,,,,
BTC,2024-06-08,1717833600,1720166400,27.0,69524.25203262716,70245.47398038956,70245.47398038956,0.4668974065356239,0.0,0.0,3556.260793240888,3556.2607932408923,47.0,49.0,63.0,20136.053662025744,20136.053662025744,1701707771,1701707771,16204.578697537974,16204.578697537974,1702279663.0,1702279663.0,,,,
BTC,2024-06-09,1717920000,1720166400,26.0,69290.97554573767,69934.36978846183,69934.36978846183,0.4708709651311096,0.0,0.0,3503.944054138749,3503.944054138753,48.0,49.0,79.0,20143.898420997142,20143.898420997142,1701707771,1701707771,16164.478461117544,16164.478461117544,1702279663.0,1702279663.0,,,,
BTC,2024-06-10,1718006400,1720166400,25.0,69286.1991178328,69907.41232228791,69907.41232228791,0.4916305272043532,0.0,0.0,3585.883860879585,3585.8838608795813,26.0,50.0,60.0,20164.64653089473,20164.64653089473,1701707771,1701707771,16251.446532719723,16251.446532719723,1702279663.0,1702279663.0,,,,
BTC,2024-06-11,1718092800,1720166400,24.0,67538.76816942035,67984.20104545991,67984.20104545991,0.4930973236853189,0.0,0.0,3427.051804568472,3427.0518045684757,48.0,49.0,49.0,19816.197574786544,19816.197574786544,1701707771,1701707771,15829.240066368,15829.240066368,1702279663.0,1702279663.0,,,,
BTC,2024-06-12,1718179200,1720166400,23.0,67447.75308813629,67956.89746040532,67956.89746040532,0.4961383692072332,0.0,0.0,3374.2969600852193,3374.2969600852193,46.0,49.0,59.0,19725.181554171857,19725.181554171857,1718150607,1701707771,15843.583525037466,15843.583525037466,1718150487.0,1702279663.0,,,,
BTC,2024-06-13,1718265600,1720166400,22.0,67704.8150501404,68186.17262265379,68186.17262265379,0.4631952418265731,0.0,0.0,3091.728997931978,3091.7289979319817,46.0,49.0,60.0,19830.086942528735,19830.086942528735,1718150607,1718150607,15818.863805247958,15818.863805247958,1718150487.0,1718150487.0,,,,
BTC,2024-06-14,1718352000,1720166400,21.0,66869.45614895114,67356.46645466893,67356.46645466893,0.4451205072741834,0.0,0.0,2867.6354489612554,2867.6354489612554,29.0,29.0,64.0,19573.826538967547,19573.826538967547,1718150607,1718150607,15621.115373905755,15621.115373905755,1718150487.0,1718150487.0,,,,
BTC,2024-06-15,1718438400,1720771200,27.0,66030.69259416178,66568.58212972345,66568.58212972345,0.4579732390355683,0.0,0.0,3305.7822516773126,3305.7822516773126,45.0,54.0,70.0,19271.318242686863,19271.318242686863,1718150607,1718150607,15334.006890232436,15334.006890232436,1718150487.0,1718150487.0,,,,
BTC,2024-06-16,1718524800,1720771200,26.0,66226.07004221957,66727.61962148665,66727.61962148665,0.4499977507877493,0.0,0.0,3195.2535469858,3195.2535469858,54.0,52.0,69.0,19366.271433398782,19366.271433398782,1718150607,1718150607,15365.510881837145,15365.510881837145,1718150487.0,1718150487.0,,,,
BTC,2024-06-17,1718611200,1720771200,25.0,66142.9701440085,66670.77604261528,66670.77604261528,0.45366554268724,0.0,0.0,3156.0938838285733,3156.093883828577,51.0,62.0,53.0,19315.08514459577,19315.08514459577,1718150607,1718150607,15378.980795895575,15378.980795895575,1718150487.0,1718150487.0,,,,
BTC,2024-06-18,1718697600,1720771200,24.0,65682.12698781132,66109.22313378856,66109.22313378856,0.4670906427342554,0.0,0.0,3156.988092537922,3156.988092537922,47.0,49.0,65.0,19277.54195036616,19277.54195036616,1718150607,1718150607,15308.321313229131,15308.321313229131,1718150487.0,1718150487.0,,,,
BTC,2024-06-19,1718784000,1720771200,23.0,65322.9919126187,65750.43877450703,65750.43877450703,0.4790373121709446,0.0,0.0,3152.346485316034,3152.346485316034,33.0,49.0,58.0,19169.450711897283,19169.450711897283,1718150607,1718150607,15276.716461670489,15276.716461670489,1718150487.0,1718150487.0,,,,
BTC,2024-06-20,1718870400,1721980800,36.0,65837.84633493706,66528.46216793921,66528.46216793921,0.4701745539905472,0.0,0.0,3915.4987012927177,3915.4987012927177,48.0,50.0,49.0,19060.738067478957,19060.738067478957,1718150607,1718150607,15439.589412483623,15439.589412483623,1718150487.0,1718150487.0,,,,
BTC,2024-06-21,1718956800,1721980800,35.0,64207.15789178158,64766.99983494631,64766.99983494631,0.4328063275997921,0.0,0.0,3460.350537243653,3460.350537243653,22.0,50.0,65.0,18702.30542436974,18702.30542436974,1718150607,1718150607,14839.866755384435,14839.866755384435,1718150487.0,1718150487.0,,,,
BTC,2024-06-22,1719043200,1721376000,27.0,64482.98860670847,64852.33413239417,64852.33413239417,0.4181408083667933,0.0,0.0,2940.7607466431105,2940.760746643114,47.0,49.0,49.0,18975.551056326844,18975.551056326844,1718150607,1718150607,14854.818651482288,14854.818651482288,1718150487.0,1718150487.0,,,,
BTC,2024-06-23,1719129600,1721980800,33.0,64399.091618801715,64862.11151542303,64862.11151542303,0.4285506616959861,0.0,0.0,3332.0650480669033,3332.065048066907,48.0,50.0,57.0,18856.707589019203,18856.707589019203,1718150607,1718150607,14832.82356527372,14832.82356527372,1718150487.0,1718150487.0,,,,
BTC,2024-06-24,1719216000,1721980800,32.0,62424.671853508415,62881.94789975004,62881.94789975004,0.4444113906979393,0.0,0.0,3298.6523911533995,3298.6523911533995,47.0,49.0,60.0,18270.125509810896,18270.125509810896,1718150607,1718150607,14425.217373405432,14425.217373405432,1718150487.0,1718150487.0,,,,
BTC,2024-06-25,1719302400,1721980800,31.0,60625.883886402495,61125.907059195175,61125.907059195175,0.4710914781027381,0.0,0.0,3345.292335334603,3345.292335334603,41.0,49.0,54.0,17687.741993128067,17687.741993128067,1718150607,1718150607,14109.289370594252,14109.289370594252,1718150487.0,1718150487.0,,,,
BTC,2024-06-26,1719388800,1721980800,30.0,61731.66344362885,62220.139058446526,62220.139058446526,0.4305515078563283,0.0,0.0,3061.9966654814566,3061.9966654814566,46.0,49.0,56.0,18031.02341827097,18031.02341827097,1718150607,1718150607,14215.572987255466,14215.572987255466,1718150487.0,1718150487.0,,,,
BTC,2024-06-27,1719475200,1721980800,29.0,60765.251112367245,61212.53054318117,61212.53054318117,0.4401764941723713,0.0,0.0,3027.968245764108,3027.9682457641043,45.0,49.0,59.0,17782.295902896247,17782.295902896247,1718150607,1718150607,14025.885589525264,14025.885589525264,1718150487.0,1718150487.0,,,,
BTC,2024-06-28,1719561600,1721980800,28.0,61317.12464329223,61758.81324429501,61758.81324429501,0.4204115620576935,0.0,0.0,2867.2855581097997,2867.2855581097965,38.0,50.0,50.0,17953.448791984883,17953.448791984883,1718150607,1718150607,14124.917196518543,14124.917196518543,1718150487.0,1718150487.0,,,,
BTC,2024-06-29,1719648000,1721980800,27.0,60971.02483216063,61424.70821464157,61424.70821464157,0.4079981714143543,0.0,0.0,2717.8410693235583,2717.8410693235614,45.0,50.0,62.0,17837.624067167242,17837.624067167242,1718150607,1718150607,14052.578930395091,14052.578930395091,1718150487.0,1718150487.0,,,,
BTC,2024-06-30,1719734400,1721980800,26.0,61440.08290698448,61858.95245392479,61858.95245392479,0.3970777114033142,0.0,0.0,2614.117949238201,2614.117949238205,35.0,49.0,46.0,18013.155325155032,18013.155325155032,1718150607,1718150607,14172.569176472864,14172.569176472864,1718150487.0,1718150487.0,,,,
BTC,2024-07-01,1719820800,1721980800,25.0,63233.96612999551,63734.57582107311,63734.57582107311,0.413957258651552,0.0,0.0,2753.289590891445,2753.289590891445,32.0,49.0,48.0,18469.580147921057,18469.580147921057,1718150607,1718150607,14635.76004331886,14635.76004331886,1718150487.0,1718150487.0,,,,
BTC,2024-07-02,1719907200,1721980800,24.0,62561.56209649038,62973.10280156277,62973.10280156277,0.3872470763276733,0.0,0.0,2493.6419404924222,2493.6419404924222,47.0,49.0,51.0,18356.92792387473,18356.92792387473,1718150607,1718150607,14492.644623339424,14492.644623339424,1718150487.0,1718150487.0,,,,
BTC,2024-07-03,1719993600,1721980800,23.0,60834.51106496608,61115.64582584691,61115.64582584691,0.3571943673633369,0.0,0.0,2185.441036633264,2185.441036633261,46.0,50.0,48.0,17969.218558608998,17969.218558608998,1718150607,1718150607,14153.559987350296,14153.559987350296,1718150487.0,1718150487.0,,,,
BTC,2024-07-04,1720080000,1721980800,22.0,58187.13281512248,58338.85948842038,58338.85948842038,0.4386391013891746,0.0,0.0,2505.1309819141707,2505.1309819141707,46.0,49.0,60.0,17304.413171238848,17304.413171238848,1718150607,1718150607,13510.078005731615,13510.078005731615,1718150487.0,1718150487.0,,,,
BTC,2024-07-05,1720166400,1721980800,21.0,54380.22916365907,54558.31793136285,54558.31793136285,0.4983598976713227,0.0,0.0,2600.2722923072793,2600.2722923072793,46.0,49.0,52.0,16135.979981393935,16135.979981393935,1718150607,1718150607,12761.758919684133,12761.758919684133,1718150487.0,1718150487.0,,,,
BTC,2024-07-06,1720252800,1722585600,27.0,56633.25999526883,56885.37945093744,56885.37945093744,0.4609671834994621,0.0,0.0,2843.3598247240097,2843.3598247240097,45.0,50.0,51.0,16737.85854291204,16737.85854291204,1718150607,1718150607,13122.08769539955,13122.08769539955,1718150487.0,1718150487.0,,,,
BTC,2024-07-07,1720339200,1722585600,26.0,57391.84319663958,57625.40041784671,57625.40041784671,0.4576246506393611,0.0,0.0,2806.10422717012,2806.1042271701167,45.0,49.0,50.0,16983.995737784746,16983.995737784746,1718150607,1718150607,13297.870932062558,13297.870932062558,1718150487.0,1718150487.0,,,,
BTC,2024-07-08,1720425600,1722585600,25.0,55888.70920118018,56151.0315863011,56151.0315863011,0.5005274487393905,0.0,0.0,2932.303068259049,2932.303068259052,44.0,49.0,69.0,16504.290375233133,16504.290375233133,1718150607,1718150607,13095.574738365489,13095.574738365489,1718150487.0,1718150487.0,,,,
BTC,2024-07-09,1720512000,1722585600,24.0,57095.38316706948,57426.022943743264,57426.022943743264,0.4911790952176609,0.0,0.0,2883.572573845031,2883.572573845034,46.0,49.0,52.0,16797.975173447056,16797.975173447056,1718150607,1718150607,13367.09398660919,13367.09398660919,1718150487.0,1718150487.0,,,,
BTC,2024-07-10,1720598400,1722585600,23.0,58984.22329747547,59351.64178815811,59351.64178815811,0.4641891854178075,0.0,0.0,2757.4628256363303,2757.462825636327,39.0,50.0,50.0,17327.848498560008,17327.848498560008,1718150607,1718150607,13754.500109952787,13754.500109952787,1718150487.0,1718150487.0,,,,
BTC,2024-07-11,1720684800,1722585600,22.0,58218.9782176191,58568.91073213265,58568.91073213265,0.463290675873811,0.0,0.0,2656.2052249546095,2656.2052249546064,46.0,49.0,46.0,17115.76095077218,17115.76095077218,1718150607,1718150607,13591.06713930478,13591.06713930478,1718150487.0,1718150487.0,,,,
BTC,2024-07-12,1720771200,1722585600,21.0,57112.383237541195,57421.118088237694,57421.118088237694,0.4503061472655421,0.0,0.0,2473.1002950756874,2473.1002950756874,47.0,50.0,66.0,16824.98012056586,16824.98012056586,1718150607,1718150607,13328.332646206016,13328.332646206016,1718150487.0,1718150487.0,,,,
BTC,2024-07-13,1720857600,1723190400,27.0,58191.70128927196,58596.18111228323,58596.18111228323,0.4358828143138449,0.0,0.0,2769.6845759140765,2769.6845759140765,12.0,49.0,48.0,17053.030563770313,17053.030563770313,1718150607,1718150607,13447.973710427872,13447.973710427872,1718150487.0,1718150487.0,,,,
BTC,2024-07-14,1720944000,1723190400,26.0,60105.67777814296,60601.8430219721,60601.8430219721,0.4833507237092489,0.0,0.0,3116.7175722286493,3116.7175722286456,46.0,49.0,50.0,17535.538089613743,17535.538089613743,1718150607,1718150607,14051.65233106023,14051.65233106023,1718150487.0,1718150487.0,,,,
BTC,2024-07-15,1721030400,1723190400,25.0,62933.73394960789,63440.19538786296,63440.19538786296,0.4844041443447132,0.0,0.0,3206.381912950798,3206.3819129507947,45.0,50.0,48.0,18373.658746627298,18373.658746627298,1718150607,1718150607,14724.886442469646,14724.886442469646,1718150487.0,1718150487.0,,,,
BTC,2024-07-16,1721116800,1723190400,24.0,62941.50603321481,63453.56701847943,63453.56701847943,0.5285712915122017,0.0,0.0,3428.439891777119,3428.4398917771155,47.0,49.0,49.0,18370.39082469983,18370.39082469983,1718150607,1718150607,14913.286794626954,14913.286794626954,1718150487.0,1718150487.0,,,,
BTC,2024-07-17,1721203200,1723190400,23.0,65320.76342858274,65879.34478625338,65879.34478625338,0.5999708741926918,0.0,0.0,3954.5465140802175,3954.5465140802175,46.0,49.0,46.0,19037.647670904174,19037.647670904174,1718150607,1718150607,15869.445116074545,15869.445116074545,1718150487.0,1718150487.0,,,,
BTC,2024-07-18,1721289600,1723190400,22.0,64709.31296095568,65171.433418751054,65171.433418751054,0.5431473928142019,0.0,0.0,3464.401972191377,3464.401972191377,46.0,50.0,55.0,18950.67343049133,18950.67343049133,1718150607,1718150607,15394.951036958522,15394.951036958522,1718150487.0,1718150487.0,,,,
BTC,2024-07-19,1721376000,1723190400,21.0,63717.892928029534,64182.85183207553,64182.85183207553,0.5394584174622025,0.0,0.0,3310.909947363134,3310.9099473631377,45.0,49.0,46.0,18650.40897436286,18650.40897436286,1718150607,1718150607,15149.791193634095,15149.791193634095,1718150487.0,1718150487.0,,,,
BTC,2024-07-20,1721462400,1723795200,27.0,66623.32203236861,67231.01343978556,67231.01343978556,0.5647547143867679,0.0,0.0,4115.743200998715,4115.743200998715,45.0,50.0,74.0,19379.305202293635,19379.305202293635,1718150607,1718150607,16007.013187529865,16007.013187529865,1718150487.0,1718150487.0,,,,
BTC,2024-07-21,1721548800,1723795200,26.0,66727.92432964554,67346.06311915022,67346.06311915022,0.5988967907679541,0.0,0.0,4289.951354245469,4289.951354245473,44.0,50.0,48.0,19400.23850938898,19400.23850938898,1718150607,1718150607,16250.046081986617,16250.046081986617,1718150487.0,1718150487.0,,,,
BTC,2024-07-22,1721635200,1723795200,25.0,67262.27522422459,67885.58959505333,67885.58959505333,0.6219657141979968,0.0,0.0,4403.504332607359,4403.504332607359,46.0,50.0,49.0,19555.36819643864,19555.36819643864,1718150607,1718150607,16527.83984031579,16527.83984031579,1718150487.0,1718150487.0,,,,
BTC,2024-07-23,1721721600,1723795200,24.0,66559.63412445017,67125.17311136617,67125.17311136617,0.6635299671685201,0.0,0.0,4550.840463486794,4550.840463486794,46.0,50.0,46.0,19402.35125041905,19402.35125041905,1718150607,1718150607,16630.172520303,16630.172520303,1718150487.0,1718150487.0,,,,
BTC,2024-07-24,1721808000,1723795200,23.0,66058.69231943939,66503.90779065844,66503.90779065844,0.6056479186653609,0.0,0.0,4029.738318667278,4029.7383186672737,46.0,49.0,62.0,19372.39222461276,19372.39222461276,1718150607,1718150607,16061.39677439538,16061.39677439538,1718150487.0,1718150487.0,,,,
BTC,2024-07-25,1721894400,1725004800,36.0,64128.27949210754,64707.12597342017,64707.12597342017,0.5695513582206863,0.0,0.0,4611.277256076663,4611.277256076667,46.0,49.0,53.0,18659.637366319635,18659.637366319635,1718150607,1718150607,15716.95741534027,15716.95741534027,1718150487.0,1718150487.0,,,,
BTC,2024-07-26,1721980800,1725004800,35.0,66907.0889184823,67660.28930993547,67660.28930993547,0.5850467195900715,0.0,0.0,4883.4692530208595,4883.469253020856,27.0,50.0,56.0,19318.92628409152,19318.92628409152,1718150607,1718150607,16513.16888347505,16513.16888347505,1718150487.0,1718150487.0,,,,
BTC,2024-07-27,1722067200,1724400000,27.0,68082.22000582426,68693.62285113618,68693.62285113618,0.5798879291540016,0.0,0.0,4317.735837284832,4317.735837284832,46.0,50.0,51.0,19813.26315643535,19813.26315643535,1718150607,1718150607,16456.581138220237,16456.581138220237,1718150487.0,1718150487.0,,,,
BTC,2024-07-28,1722153600,1725004800,33.0,67565.18618962714,68153.52388354614,68153.52388354614,0.5057360027549654,0.0,0.0,4130.612966695781,4130.612966695781,16.0,19.0,18.0,19681.218162969148,19681.218162969148,1718150607,1718150607,15965.350240159098,15965.350240159098,1718150487.0,1718150487.0,,,,
BTC,2024-07-29,1722240000,1725004800,32.0,69539.70683144835,70313.63205808542,70313.63205808542,0.5461332046997305,0.0,0.0,4531.101201588554,4531.101201588554,46.0,49.0,50.0,20087.98682279743,20087.98682279743,1718150607,1718150607,16708.372409888223,16708.372409888223,1718150487.0,1718150487.0,,,,
BTC,2024-07-30,1722326400,1725004800,31.0,66935.22673594201,67507.69898890666,67507.69898890666,0.4602940078452662,0.0,0.0,3610.003172213567,3610.003172213567,47.0,50.0,32.0,19508.095767817947,19508.095767817947,1718150607,1718150607,15533.937435539605,15533.937435539605,1718150487.0,1718150487.0,,,,
BTC,2024-07-31,1722412800,1725004800,30.0,66221.05537316942,66777.7293607132,66777.7293607132,0.4655263456000799,0.0,0.0,3552.858788210096,3552.858788210096,47.0,49.0,55.0,19309.64262440705,19309.64262440705,1718150607,1718150607,15374.000471960073,15374.000471960073,1718150487.0,1718150487.0,,,,
BTC,2024-08-01,1722499200,1725004800,29.0,64309.807771661945,64757.652039254,64757.652039254,0.4374165250655911,0.0,0.0,3183.2730770864946,3183.273077086491,46.0,50.0,54.0,18845.098063906524,18845.098063906524,1718150607,1718150607,14831.878723406411,14831.878723406411,1718150487.0,1718150487.0,,,,
BTC,2024-08-02,1722585600,1725004800,28.0,64123.950061308824,64535.00734771945,64535.00734771945,0.4440269735812285,0.0,0.0,3164.2715507191815,3164.271550719178,53.0,49.0,53.0,18826.127731982015,18826.127731982015,1718150607,1718150607,14815.90030597901,14815.90030597901,1718150487.0,1718150487.0,,,,
BTC,2024-08-03,1722672000,1725004800,27.0,61630.49134433067,61970.714391685055,61970.714391685055,0.453371810582595,0.0,0.0,3046.572109477853,3046.572109477853,15.0,20.0,17.0,18148.92435594482,18148.92435594482,1718150607,1718150607,14269.765802381706,14269.765802381706,1718150487.0,1718150487.0,,,,
BTC,2024-08-04,1722758400,1725004800,26.0,60340.93050039525,60610.89986382473,60610.89986382473,0.4987412925242754,0.0,0.0,3216.2946661739165,3216.2946661739165,45.0,49.0,58.0,17832.309786689093,17832.309786689093,1718150607,1718150607,14122.362699133202,14122.362699133202,1718150487.0,1718150487.0,,,,
BTC,2024-08-05,1722844800,1725004800,25.0,52679.190794291266,52873.93425633573,52873.93425633573,0.5922685776314632,0.0,0.0,3266.324757845397,3266.324757845397,41.0,50.0,61.0,15609.013776242917,15609.013776242917,1718150607,1718150607,12727.824733143838,12727.824733143838,1718150487.0,1718150487.0,,,,
BTC,2024-08-06,1722931200,1725004800,24.0,56074.11893814112,56251.48437362111,56251.48437362111,0.5543644976721678,0.0,0.0,3187.374621128802,3187.3746211288053,49.0,49.0,51.0,16644.87024596235,16644.87024596235,1718150607,1718150607,13345.60740043857,13345.60740043857,1718150487.0,1718150487.0,,,,
BTC,2024-08-07,1723017600,1725004800,23.0,56967.75220867769,57210.99704974285,57210.99704974285,0.5356232039946256,0.0,0.0,3066.4749047047444,3066.4749047047444,48.0,50.0,65.0,16847.08082153815,16847.08082153815,1718150607,1718150607,13488.99019363587,13488.99019363587,1718150487.0,1718150487.0,,,,
BTC,2024-08-08,1723104000,1725004800,22.0,57217.82515636536,57474.43194938438,57474.43194938438,0.5649331636286719,0.0,0.0,3177.596503549746,3177.596503549743,49.0,49.0,51.0,16908.74075389059,16908.74075389059,1718150607,1718150607,13677.64461792105,13677.64461792105,1718150487.0,1718150487.0,,,,
BTC,2024-08-09,1723190400,1725004800,21.0,60863.999827502455,61132.07800469994,61132.07800469994,0.5161225104937178,0.0,0.0,3017.2964111485253,3017.2964111485253,47.0,50.0,51.0,17991.121771053247,17991.121771053247,1718150607,1718150607,14352.017057282876,14352.017057282876,1718150487.0,1718150487.0,,,,
BTC,2024-08-10,1723276800,1725609600,27.0,60863.88035820534,61247.0053339408,61247.0053339408,0.5211738741118211,0.0,0.0,3460.585193720936,3460.585193720932,49.0,50.0,52.0,17876.039131726135,17876.039131726135,1718150607,1718150607,14359.713891971993,14359.713891971993,1718150487.0,1718150487.0,,,,
BTC,2024-08-11,1723363200,1725609600,26.0,61269.0465622235,61678.048555273264,61678.048555273264,0.5310953342060927,0.0,0.0,3484.8971167495956,3484.8971167495956,48.0,50.0,80.0,17971.711975617283,17971.711975617283,1718150607,1718150607,14508.456137598549,14508.456137598549,1718150487.0,1718150487.0,,,,
BTC,2024-08-12,1723449600,1725609600,25.0,58701.04892100434,58967.41087183178,58967.41087183178,0.5537750139877937,0.0,0.0,3406.427079659299,3406.427079659299,49.0,49.0,51.0,17343.952725473857,17343.952725473857,1718150607,1718150607,13985.332251353684,13985.332251353684,1718150487.0,1718150487.0,,,,
BTC,2024-08-13,1723536000,1725609600,24.0,59235.06185188253,59492.986969592675,59492.986969592675,0.538397665399996,0.0,0.0,3274.111027116139,3274.111027116139,52.0,50.0,53.0,17512.59343785461,17512.59343785461,1718150607,1718150607,14036.535097510572,14036.535097510572,1718150487.0,1718150487.0,,,,
BTC,2024-08-14,1723622400,1725609600,23.0,60941.50445179659,61210.9740281288,61210.9740281288,0.5237866627375345,0.0,0.0,3208.4740540778635,3208.47405407786,48.0,50.0,62.0,18012.98175920676,18012.98175920676,1718150607,1718150607,14381.936954352364,14381.936954352364,1718150487.0,1718150487.0,,,,
BTC,2024-08-15,1723708800,1725609600,22.0,58079.11570749991,58282.566789605,58282.566789605,0.510295882649672,0.0,0.0,2911.0640686901943,2911.0640686901943,47.0,49.0,63.0,17220.283630144877,17220.283630144877,1718150607,1718150607,13656.088559651913,13656.088559651913,1718150487.0,1718150487.0,,,,
BTC,2024-08-16,1723795200,1725609600,21.0,58474.443908496585,58720.91878813331,58720.91878813331,0.4990166539725944,0.0,0.0,2802.347372740742,2802.347372740742,29.0,30.0,46.0,17295.858292912246,17295.858292912246,1718150607,1718150607,13734.53110810724,13734.53110810724,1718150487.0,1718150487.0,,,,
BTC,2024-08-17,1723881600,1726214400,27.0,59271.871336487246,59780.26232358521,59780.26232358521,0.4919897146512312,0.0,0.0,3188.859936508208,3188.859936508212,31.0,30.0,77.0,17273.170413848213,17273.170413848213,1718150607,1718150607,13883.945033092225,13883.945033092225,1718150487.0,1718150487.0,,,,
BTC,2024-08-18,1723968000,1726214400,26.0,59574.00132227152,59883.128522888095,59883.128522888095,0.5126953759871722,0.0,0.0,3266.445923072178,3266.445923072178,170.0,170.0,102.0,17563.07319606488,17563.07319606488,1718150607,1718150607,14007.712241779,14007.712241779,1718150487.0,1718150487.0,,,,
BTC,2024-08-19,1724054400,1726214400,25.0,58531.72786701476,59499.95088879431,59499.95088879431,0.5121440577899625,0.0,0.0,3179.196634256464,3179.196634256464,46.0,50.0,64.0,16591.295338324875,16591.295338324875,1718150607,1718150607,13887.23093987593,13887.23093987593,1718150487.0,1718150487.0,,,,
BTC,2024-08-20,1724140800,1726214400,24.0,60941.163892007986,61255.581447558674,61255.581447558674,0.4875063050688487,0.0,0.0,3052.899090646384,3052.899090646384,51.0,49.0,61.0,17967.931612051707,17967.931612051707,1718150607,1718150607,14248.281149997323,14248.281149997323,1718150487.0,1718150487.0,,,,
BTC,2024-08-21,1724227200,1726214400,23.0,59726.480813022965,59974.17967873878,59974.17967873878,0.4897180179076462,0.0,0.0,2939.439703296056,2939.439703296056,49.0,50.0,68.0,17670.245378191074,17670.245378191074,1718150607,1718150607,13972.466495018907,13972.466495018907,1718150487.0,1718150487.0,,,,
BTC,2024-08-22,1724313600,1727424000,36.0,61031.00940287208,61449.8073666902,61449.8073666902,0.4870283120659402,0.0,0.0,3745.9885149510674,3745.988514951064,16.0,19.0,21.0,17890.504857043503,17890.504857043503,1718150607,1718150607,14366.081906743364,14366.081906743364,1718150487.0,1718150487.0,,,,
BTC,2024-08-23,1724400000,1727424000,35.0,61083.87015838902,61439.99225744261,61439.99225744261,0.4617650201988774,0.0,0.0,3501.8696380344627,3501.8696380344627,17.0,59.0,33.0,17969.03894846312,17969.03894846312,1718150607,1718150607,14211.873723973911,14211.873723973911,1718150487.0,1718150487.0,,,,
BTC,2024-08-24,1724486400,1726819200,27.0,64356.95152532097,64682.36778911484,64682.36778911484,0.4806155371452209,0.0,0.0,3370.700143462535,3370.7001434625386,50.0,49.0,58.0,18981.66919380242,18981.66919380242,1718150607,1718150607,14987.843849374924,14987.843849374924,1718150487.0,1718150487.0,,,,
BTC,2024-08-25,1724572800,1727424000,33.0,63920.56610486263,64232.43728374036,64232.43728374036,0.4827758793019795,0.0,0.0,3716.544919924712,3716.544919924712,51.0,50.0,66.0,18864.298652581056,18864.298652581056,1718150607,1718150607,14930.565348379643,14930.565348379643,1718150487.0,1718150487.0,,,,
BTC,2024-08-26,1724659200,1727424000,32.0,63654.7345018007,63966.763726453675,63966.763726453675,0.4630125725920873,0.0,0.0,3495.7936173194603,3495.7936173194566,50.0,49.0,58.0,18784.39112588724,18784.39112588724,1718150607,1718150607,14756.120288620112,14756.120288620112,1718150487.0,1718150487.0,,,,
BTC,2024-08-27,1724745600,1727424000,31.0,62906.741051517456,63225.81379580172,63225.81379580172,0.4468857362124774,0.0,0.0,3282.6800920193664,3282.6800920193696,48.0,49.0,52.0,18552.949571170975,18552.949571170975,1718150607,1718150607,14510.016371986549,14510.016371986549,1718150487.0,1718150487.0,,,,
BTC,2024-08-28,1724832000,1727424000,30.0,58607.45175845206,58872.2439339662,58872.2439339662,0.4772455738221025,0.0,0.0,3210.98377148522,3210.98377148522,48.0,51.0,57.0,17317.443352021473,17317.443352021473,1718150607,1718150607,13609.324189803256,13609.324189803256,1718150487.0,1718150487.0,,,,
BTC,2024-08-29,1724918400,1727424000,29.0,59614.33431299501,59852.57926409471,59852.57926409471,0.4574361014543704,0.0,0.0,3076.629363436849,3076.629363436846,49.0,49.0,68.0,17646.055342798798,17646.055342798798,1718150607,1718150607,13774.223466496116,13774.223466496116,1718150487.0,1718150487.0,,,,
BTC,2024-08-30,1725004800,1727424000,28.0,59321.20231697349,59556.8966499653,59556.8966499653,0.4481500245118656,0.0,0.0,2947.2665156376593,2947.266515637663,44.0,49.0,49.0,17560.666362100234,17560.666362100234,1718150607,1718150607,13690.949113317867,13690.949113317867,1718150487.0,1718150487.0,,,,
BTC,2024-08-31,1725091200,1727424000,27.0,59119.24567205689,59307.15218897578,59307.15218897578,0.4224575871529754,0.0,0.0,2717.0451566009488,2717.045156600945,16.0,49.0,21.0,17547.867184698174,17547.867184698174,1718150607,1718150607,13598.334555373767,13598.334555373767,1718150487.0,1718150487.0,,,,
BTC,2024-09-01,1725177600,1727424000,26.0,58446.90396025725,58634.376138154046,58634.376138154046,0.4359577964848051,0.0,0.0,2720.2081262103356,2720.2081262103325,49.0,49.0,66.0,17346.599010180384,17346.599010180384,1718150607,1718150607,13485.407552707222,13485.407552707222,1718150487.0,1718150487.0,,,,
BTC,2024-09-02,1725264000,1727424000,25.0,57556.93084618329,57725.54674247678,57725.54674247678,0.4799964166214382,0.0,0.0,2891.0406885284237,2891.040688528427,46.0,49.0,63.0,17098.4633575615,17098.4633575615,1718150607,1718150607,13399.405373656857,13399.405373656857,1718150487.0,1718150487.0,,,,
BTC,2024-09-03,1725350400,1727424000,24.0,59142.700016373215,59360.47786927965,59360.47786927965,0.4554732526539564,0.0,0.0,2764.284486968628,2764.2844869686246,49.0,49.0,49.0,17525.03215200553,17525.03215200553,1718150607,1718150607,13726.809170557965,13726.809170557965,1718150487.0,1718150487.0,,,,
BTC,2024-09-04,1725436800,1727424000,23.0,56762.117221369386,56914.80216059223,56914.80216059223,0.5060346672037515,0.0,0.0,2882.313000363784,2882.313000363784,49.0,50.0,58.0,16875.95022718797,16875.95022718797,1718150607,1718150607,13314.47387397247,13314.47387397247,1718150487.0,1718150487.0,,,,
BTC,2024-09-05,1725523200,1727424000,22.0,57165.22629662835,57320.9951666176,57320.9951666176,0.5025200002036051,0.0,0.0,2819.4648710753418,2819.464871075345,37.0,50.0,42.0,16993.799018999256,16993.799018999256,1718150607,1718150607,13408.515172640762,13408.515172640762,1718150487.0,1718150487.0,,,,
BTC,2024-09-06,1725609600,1727424000,21.0,55815.37713513907,55942.13643158248,55942.13643158248,0.5356217851269689,0.0,0.0,2865.312253276156,2865.312253276156,48.0,49.0,67.0,16617.85384409831,16617.85384409831,1718150607,1718150607,13204.703054360483,13204.703054360483,1718150487.0,1718150487.0,,,,
BTC,2024-09-07,1725696000,1728028800,27.0,54293.42349804025,54494.622917768895,54494.622917768895,0.5340162493737235,0.0,0.0,3154.8015593141995,3154.8015593141995,50.0,49.0,60.0,16086.827629683426,16086.827629683426,1718150607,1718150607,12840.051251990204,12840.051251990204,1718150487.0,1718150487.0,,,,
BTC,2024-09-08,1725782400,1728028800,26.0,54452.8295697734,54625.869645946,54625.869645946,0.5425834463064663,0.0,0.0,3153.0863606346043,3153.086360634601,26.0,49.0,61.0,16162.808794759414,16162.808794759414,1718150607,1718150607,12910.060160246834,12910.060160246834,1718150487.0,1718150487.0,,,,
BTC,2024-09-09,1725868800,1728028800,25.0,54982.08940019884,55174.61528875067,55174.61528875067,0.5465371199662008,0.0,0.0,3145.737807566065,3145.737807566065,49.0,49.0,60.0,16302.100931507815,16302.100931507815,1718150607,1718150607,13055.401670530777,13055.401670530777,1718150487.0,1718150487.0,,,,
BTC,2024-09-10,1725955200,1728028800,24.0,57214.77227094856,57484.816334080286,57484.816334080286,0.5395626473226602,0.0,0.0,3170.4287093735,3170.4287093735,49.0,49.0,54.0,16894.387618152843,16894.387618152843,1718150607,1718150607,13566.76405548604,13566.76405548604,1718150487.0,1718150487.0,,,,
BTC,2024-09-11,1726041600,1728028800,23.0,56726.21225813907,56914.757626245264,56914.757626245264,0.5103033668461697,0.0,0.0,2906.5916382306514,2906.5916382306546,15.0,49.0,18.0,16829.31830933553,16829.31830933553,1718150607,1718150607,13327.082549834357,13327.082549834357,1718150487.0,1718150487.0,,,,
BTC,2024-09-12,1726128000,1728028800,22.0,58143.88548030831,58356.54761372414,58356.54761372414,0.5064209842403782,0.0,0.0,2892.6547921609244,2892.6547921609244,46.0,50.0,45.0,17230.50351067666,17230.50351067666,1718150607,1718150607,13660.351271859508,13660.351271859508,1718150487.0,1718150487.0,,,,
BTC,2024-09-13,1726214400,1728028800,21.0,58142.48693562859,58345.42222847143,58345.42222847143,0.4969082074043619,0.0,0.0,2772.6766729263104,2772.6766729263104,39.0,50.0,54.0,17239.810787845745,17239.810787845745,1718150607,1718150607,13642.98718097746,13642.98718097746,1718150487.0,1718150487.0,,,,
BTC,2024-09-14,1726300800,1728633600,27.0,60181.81270776966,60462.439314957046,60462.439314957046,0.488520795335831,0.0,0.0,3202.5422972062784,3202.5422972062784,45.0,49.0,49.0,17773.917205143513,17773.917205143513,1718150607,1718150607,14040.583024848434,14040.583024848434,1718150487.0,1718150487.0,,,,
BTC,2024-09-15,1726387200,1728633600,26.0,60219.4500835179,60477.86302839871,60477.86302839871,0.4961887673892785,0.0,0.0,3192.8345141465397,3192.834514146543,44.0,50.0,60.0,17807.42208017456,17807.42208017456,1718150607,1718150607,14081.957492142015,14081.957492142015,1718150487.0,1718150487.0,,,,
BTC,2024-09-16,1726473600,1728633600,25.0,58918.57435677565,59107.03884329229,59107.03884329229,0.4994536633921403,0.0,0.0,3080.058406181751,3080.058406181754,44.0,49.0,53.0,17487.107820516052,17487.107820516052,1718150607,1718150607,13785.399108713576,13785.399108713576,1718150487.0,1718150487.0,,,,
BTC,2024-09-17,1726560000,1728633600,24.0,58708.38859540343,58955.96058911182,58955.96058911182,0.5055851710353129,0.0,0.0,3047.1037551437967,3047.1037551437967,44.0,50.0,60.0,17364.944584912635,17364.944584912635,1718150607,1718150607,13777.297156744113,13777.297156744113,1718150487.0,1718150487.0,,,,
BTC,2024-09-18,1726646400,1728633600,23.0,60456.09878384926,60654.26054647125,60654.26054647125,0.4954933769834794,0.0,0.0,3007.785338397278,3007.785338397281,47.0,49.0,53.0,17938.667872532787,17938.667872532787,1718150607,1718150607,14151.752029926369,14151.752029926369,1718150487.0,1718150487.0,,,,
BTC,2024-09-19,1726732800,1729843200,36.0,62116.32686386419,62532.932051091295,62532.932051091295,0.4720975625282547,0.0,0.0,3695.3688807891417,3695.3688807891417,44.0,49.0,49.0,18218.29287193215,18218.29287193215,1718150607,1718150607,14534.447236479757,14534.447236479757,1718150487.0,1718150487.0,,,,
BTC,2024-09-20,1726819200,1729843200,35.0,63534.91255681691,63911.9213521264,63911.9213521264,0.4908713468537784,0.0,0.0,3871.945799819511,3871.945799819508,44.0,50.0,50.0,18683.464971735582,18683.464971735582,1718150607,1718150607,14943.435422167371,14943.435422167371,1718150487.0,1718150487.0,,,,
BTC,2024-09-21,1726905600,1729238400,27.0,63103.24963415846,63404.829966205274,63404.829966205274,0.4667091781169289,0.0,0.0,3208.652698166738,3208.652698166738,43.0,49.0,46.0,18629.39455820073,18629.39455820073,1718150607,1718150607,14643.390850913987,14643.390850913987,1718150487.0,1718150487.0,,,,
BTC,2024-09-22,1726992000,1729843200,33.0,62953.96800962589,63279.88225936614,63279.88225936614,0.4802998783303501,0.0,0.0,3642.6836698481898,3642.6836698481898,44.0,49.0,62.0,18560.276153147515,18560.276153147515,1718150607,1718150607,14695.506203364475,14695.506203364475,1718150487.0,1718150487.0,,,,
BTC,2024-09-23,1727078400,1729843200,32.0,63559.94821475326,63928.40399827667,63928.40399827667,0.48140632479936,0.0,0.0,3632.2583850604033,3632.2583850604,34.0,40.0,55.0,18699.52868090257,18699.52868090257,1718150607,1718150607,14829.662577968038,14829.662577968038,1718150487.0,1718150487.0,,,,
BTC,2024-09-24,1727164800,1729843200,31.0,63564.93878405806,63862.82986387918,63862.82986387918,0.4741783046098337,0.0,0.0,3517.943559260672,3517.9435592606756,43.0,49.0,62.0,18771.590555396295,18771.590555396295,1718150607,1718150607,14765.801566041686,14765.801566041686,1718150487.0,1718150487.0,,,,
BTC,2024-09-25,1727251200,1729843200,30.0,63853.27491124983,64149.056635607194,64149.056635607194,0.4661630888011646,0.0,0.0,3417.66357364513,3417.66357364513,17.0,50.0,26.0,18860.20074901758,18860.20074901758,1718150607,1718150607,14783.249969470791,14783.249969470791,1727239635.0,1718150487.0,,,,
BTC,2024-09-26,1727337600,1729843200,29.0,63852.35282651396,64161.13127729846,64161.13127729846,0.4529170352263031,0.0,0.0,3265.5659085631582,3265.565908563162,45.0,49.0,64.0,18846.92739716969,18846.92739716969,1718150607,1718150607,14748.000600027595,14748.000600027595,1727239635.0,1727239635.0,,,,
BTC,2024-09-27,1727424000,1729843200,28.0,65516.6362864238,65707.25221305987,65707.25221305987,0.476863666703467,0.0,0.0,3459.6695218035147,3459.6695218035184,43.0,50.0,56.0,19464.374959291075,19464.374959291075,1718150607,1718150607,15208.29223587762,15208.29223587762,1727239635.0,1727239635.0,,,,
BTC,2024-09-28,1727510400,1729843200,27.0,65852.98197168251,66145.30095683908,66145.30095683908,0.4661657451322758,0.0,0.0,3343.4440546608184,3343.4440546608184,33.0,30.0,47.0,19463.575606348182,19463.575606348182,1718150607,1718150607,15275.54674462626,15275.54674462626,1727239635.0,1727239635.0,,,,
BTC,2024-09-29,1727596800,1729843200,26.0,65496.847689677874,65792.85715268603,65792.85715268603,0.4656002516065518,0.0,0.0,3259.589409106094,3259.589409106094,45.0,49.0,56.0,19353.044843895204,19353.044843895204,1718150607,1718150607,15205.40408603213,15205.40408603213,1727239635.0,1727239635.0,,,,
BTC,2024-09-30,1727683200,1729843200,25.0,64589.3507217601,64838.59810111762,64838.59810111762,0.4573209695050262,0.0,0.0,3094.0634474286567,3094.0634474286567,44.0,50.0,27.0,19127.55783717051,19127.55783717051,1718150607,1718150607,14978.895190467556,14978.895190467556,1727239635.0,1727239635.0,,,,
BTC,2024-10-01,1727769600,1729843200,24.0,64029.612620128835,64319.86948085029,64319.86948085029,0.4772714340296826,0.0,0.0,3138.40426215589,3138.40426215589,44.0,50.0,45.0,18918.6269253172,18918.6269253172,1718150607,1718150607,14929.819159605822,14929.819159605822,1727239635.0,1727239635.0,,,,
BTC,2024-10-02,1727856000,1729843200,23.0,61745.84828019045,61995.829114551016,61995.829114551016,0.4828286495576994,0.0,0.0,2995.8309082414744,2995.8309082414744,45.0,49.0,46.0,18273.773649696563,18273.773649696563,1718150607,1718150607,14422.87160071792,14422.87160071792,1727239635.0,1727239635.0,,,,
BTC,2024-10-03,1727942400,1731052800,36.0,60938.6886201484,61370.131305469615,61370.131305469615,0.5621356820066287,0.0,0.0,4316.675486028827,4316.675486028827,47.0,50.0,57.0,17850.163900723306,17850.163900723306,1718150607,1718150607,14855.379814955117,14855.379814955117,1727239635.0,1727239635.0,,,,
BTC,2024-10-04,1728028800,1731052800,35.0,61432.68141139825,61814.521469652645,61814.521469652645,0.5602895528346405,0.0,0.0,4273.229769534145,4273.229769534141,105.0,109.0,107.0,18047.964365165077,18047.964365165077,1718150607,1718150607,14912.40049647487,14912.40049647487,1727239635.0,1727239635.0,,,,
BTC,2024-10-05,1728115200,1730448000,27.0,62090.983545371666,62414.437038346005,62414.437038346005,0.5038550969838947,0.0,0.0,3409.545660924957,3409.54566092496,35.0,39.0,68.0,18303.84157063716,18303.84157063716,1718150607,1718150607,14556.355854165487,14556.355854165487,1727239635.0,1727239635.0,,,,
BTC,2024-10-06,1728201600,1731052800,33.0,61950.60753511952,62345.77056941015,62345.77056941015,0.5283943779064584,0.0,0.0,3947.5641582451103,3947.5641582451062,25.0,49.0,45.0,18190.019226245226,18190.019226245226,1718150607,1718150607,14748.868621238693,14748.868621238693,1727239635.0,1727239635.0,,,,
BTC,2024-10-07,1728288000,1731052800,32.0,63527.18223950929,63946.44752412224,63946.44752412224,0.5486426748864291,0.0,0.0,4139.685051031088,4139.685051031088,45.0,49.0,61.0,18638.88938723984,18638.88938723984,1718150607,1718150607,15226.38710053297,15226.38710053297,1727239635.0,1727239635.0,,,,
BTC,2024-10-08,1728374400,1731052800,31.0,62277.75873998385,62673.23527328981,62673.23527328981,0.5217693862966177,0.0,0.0,3798.2797043350624,3798.2797043350624,42.0,39.0,44.0,18287.8510886892,18287.8510886892,1718150607,1718150607,14726.37740260012,14726.37740260012,1727239635.0,1727239635.0,,,,
BTC,2024-10-09,1728460800,1731052800,30.0,62244.63812811869,62655.92820223966,62655.92820223966,0.5207076803041885,0.0,0.0,3728.0119715829455,3728.0119715829455,42.0,39.0,42.0,18262.10136431464,18262.10136431464,1728413207,1718150607,14687.61638019694,14687.61638019694,1727239635.0,1727239635.0,,,,
BTC,2024-10-10,1728547200,1731052800,29.0,60844.14885227599,61200.306781710344,61200.306781710344,0.5263530829911539,0.0,0.0,3619.0553765800855,3619.0553765800855,26.0,29.0,33.0,17897.086726248443,17897.086726248443,1728413207,1728413207,14376.849329475666,14376.849329475666,1727239635.0,1727239635.0,,,,
BTC,2024-10-11,1728633600,1731052800,28.0,60639.93892988951,60966.17674049643,60966.17674049643,0.5166655013020655,0.0,0.0,3477.5280484095697,3477.528048409566,32.0,29.0,40.0,17865.743868359936,17865.743868359936,1728413207,1728413207,14273.989896184292,14273.989896184292,1727239635.0,1727239635.0,,,,
BTC,2024-10-12,1728720000,1731052800,27.0,62727.28796083362,63129.40830581568,63129.40830581568,0.5279591655620379,0.0,0.0,3613.30464898194,3613.304648981943,33.0,30.0,33.0,18416.066043268023,18416.066043268023,1728413207,1728413207,14834.744442445664,14834.744442445664,1727239635.0,1727239635.0,,,,
BTC,2024-10-13,1728806400,1731052800,26.0,62816.34679943464,63186.35457892245,63186.35457892245,0.5311191518686587,0.0,0.0,3570.2783824663848,3570.278382466381,28.0,29.0,40.0,18474.896260342583,18474.896260342583,1728413207,1728413207,14865.821994981625,14865.821994981625,1727239635.0,1727239635.0,,,,
BTC,2024-10-14,1728892800,1731052800,25.0,64579.04806894692,65007.19116686258,65007.19116686258,0.5460565360930503,0.0,0.0,3703.0809511188945,3703.0809511188945,32.0,30.0,40.0,18945.57132276841,18945.57132276841,1728413207,1728413207,15369.36300991269,15369.36300991269,1727239635.0,1727239635.0,,,,
BTC,2024-10-15,1728979200,1731052800,24.0,65609.15524104283,66070.36090942839,66070.36090942839,0.5453907502328638,0.0,0.0,3683.23895756046,3683.238957560464,9.0,9.0,40.0,19221.540903927285,19221.540903927285,1728413207,1728413207,15615.135520804468,15615.135520804468,1727239635.0,1727239635.0,,,,
BTC,2024-10-16,1729065600,1731052800,23.0,66977.15473481208,67334.80231560236,67334.80231560236,0.5541944105892781,0.0,0.0,3734.0418601823017,3734.0418601823017,24.0,29.0,40.0,19735.498839653348,19735.498839653348,1728413207,1728413207,15965.659057614972,15965.659057614972,1727239635.0,1727239635.0,,,,
BTC,2024-10-17,1729152000,1731052800,22.0,67271.56082943511,67637.20646106533,67637.20646106533,0.5336808171569343,0.0,0.0,3532.9026574719937,3532.90265747199,33.0,39.0,40.0,19815.822617200312,19815.822617200312,1728413207,1728413207,15939.20553769868,15939.20553769868,1727239635.0,1727239635.0,,,,
BTC,2024-10-18,1729238400,1731052800,21.0,67952.48387015,68322.60558164454,68322.60558164454,0.5318893616449261,0.0,0.0,3475.077918526285,3475.077918526285,31.0,30.0,33.0,20015.62344955045,20015.62344955045,1728413207,1728413207,16100.16624520675,16100.16624520675,1727239635.0,1727239635.0,,,,
BTC,2024-10-19,1729324800,1731657600,27.0,68338.46497165,68787.61861695294,68787.61861695294,0.5321489135170748,0.0,0.0,3968.350652533464,3968.350652533464,90.0,89.0,98.0,20052.38584619206,20052.38584619206,1728413207,1728413207,16187.364742830094,16187.364742830094,1727239635.0,1727239635.0,,,,
BTC,2024-10-20,1729411200,1731657600,26.0,68364.92416919999,68800.74846895409,68800.74846895409,0.5299226340241646,0.0,0.0,3878.770515333187,3878.770515333183,19.0,19.0,34.0,20073.652951005897,20073.652951005897,1728413207,1728413207,16178.582528268287,16178.582528268287,1727239635.0,1727239635.0,,,,
BTC,2024-10-21,1729497600,1731657600,25.0,68490.49403755,68989.86891367719,68989.86891367719,0.5456538558469419,0.0,0.0,3927.057746461822,3927.0577464618177,29.0,29.0,38.0,20047.773335137816,20047.773335137816,1728413207,1728413207,16306.452840282243,16306.452840282243,1727239635.0,1727239635.0,,,,
BTC,2024-10-22,1729584000,1731657600,24.0,67365.91876155,67819.98491992586,67819.98491992586,0.5303426764411018,0.0,0.0,3676.6218330558527,3676.621833055849,33.0,39.0,38.0,19755.709470089136,19755.709470089136,1728413207,1728413207,15952.811460862038,15952.811460862038,1727239635.0,1727239635.0,,,,
BTC,2024-10-23,1729670400,1731657600,23.0,66809.94886255001,67209.99607494545,67209.99607494545,0.5371461185918384,0.0,0.0,3612.6423226375655,3612.6423226375614,32.0,29.0,35.0,19642.937446369564,19642.937446369564,1728413207,1728413207,15848.09879954162,15848.09879954162,1727239635.0,1727239635.0,,,,
BTC,2024-10-24,1729756800,1732867200,36.0,67059.13513995001,67755.44973473785,67755.44973473785,0.5244507622968212,0.0,0.0,4447.061752769673,4447.061752769673,31.0,30.0,36.0,19421.425947197167,19421.425947197167,1728413207,1728413207,16089.932651278066,16089.932651278066,1727239635.0,1727239635.0,,,,
BTC,2024-10-25,1729843200,1732867200,35.0,67462.98557275,68170.16113117756,68170.16113117756,0.5305980780291925,0.0,0.0,4463.436408420761,4463.436408420757,33.0,30.0,36.0,19531.72011339743,19531.72011339743,1728413207,1728413207,16198.91641865949,16198.91641865949,1727239635.0,1727239635.0,,,,
BTC,2024-10-26,1729929600,1732262400,27.0,66940.09218554999,67431.71599122162,67431.71599122162,0.5458000510186197,0.0,0.0,3989.7408384035457,3989.7408384035416,32.0,30.0,36.0,19590.403849993378,19590.403849993378,1728413207,1728413207,15944.139591685236,15944.139591685236,1727239635.0,1727239635.0,,,,
BTC,2024-10-27,1730016000,1732867200,33.0,67123.65595975,67752.9929778794,67752.9929778794,0.5220833869462156,0.0,0.0,4238.8027556520565,4238.8027556520565,35.0,39.0,38.0,19507.7597697956,19507.7597697956,1728413207,1728413207,15975.198720971168,15975.198720971168,1727239635.0,1727239635.0,,,,
BTC,2024-10-28,1730102400,1732867200,32.0,68355.48953630001,69040.79741366155,69040.79741366155,0.5396459266286823,0.0,0.0,4396.342458319205,4396.342458319205,34.0,39.0,35.0,19821.33898352846,19821.33898352846,1728413207,1728413207,16363.485124415269,16363.485124415269,1727239635.0,1727239635.0,,,,
BTC,2024-10-29,1730188800,1732867200,31.0,70939.3055663,71732.91762986005,71732.91762986005,0.5541222371659591,0.0,0.0,4616.330102983606,4616.330102983602,34.0,39.0,136.0,20488.179606329948,20488.179606329948,1728413207,1728413207,17063.97022414479,17063.97022414479,1727239635.0,1727239635.0,,,,
BTC,2024-10-30,1730275200,1732867200,30.0,72213.56923805,73030.164626529,73030.164626529,0.5678423605456855,0.0,0.0,4737.780806568405,4737.780806568409,29.0,29.0,36.0,20847.47538293599,20847.47538293599,1728413207,1728413207,17431.921229782918,17431.921229782918,1727239635.0,1727239635.0,,,,
BTC,2024-10-31,1730361600,1732867200,29.0,72409.14652109999,73152.23016333352,73152.23016333352,0.5829103165350467,0.0,0.0,4789.648529976065,4789.648529976062,33.0,30.0,35.0,20979.660314096473,20979.660314096473,1728413207,1728413207,17568.052684967384,17568.052684967384,1727239635.0,1727239635.0,,,,
BTC,2024-11-01,1730448000,1732867200,28.0,69209.65458105,69711.9980810426,69711.9980810426,0.5558653806086991,0.0,0.0,4277.510212454688,4277.510212454688,33.0,39.0,51.0,20260.552874322388,20260.552874322388,1728413207,1728413207,16552.98150962042,16552.98150962042,1727239635.0,1727239635.0,,,,
BTC,2024-11-02,1730534400,1732867200,27.0,69781.7836739,70340.11503295283,70340.11503295283,0.5864823972296761,0.0,0.0,4471.398193605905,4471.398193605905,33.0,39.0,41.0,20376.20374311717,20376.20374311717,1728413207,1728413207,16901.035093372615,16901.035093372615,1727239635.0,1727239635.0,,,,
BTC,2024-11-03,1730620800,1732867200,26.0,68368.37203085,68828.91005911292,68828.91005911292,0.5890415289435343,0.0,0.0,4312.410094513053,4312.410094513057,17.0,20.0,38.0,20049.97358099208,20049.97358099208,1728413207,1728413207,16547.96550406154,16547.96550406154,1727239635.0,1727239635.0,,,,
BTC,2024-11-04,1730707200,1732867200,25.0,68567.4629861,69033.74258694916,69033.74258694916,0.6127426245704433,0.0,0.0,4411.720619949738,4411.720619949734,27.0,30.0,30.0,20103.959294980843,20103.959294980843,1728413207,1728413207,16749.133970489773,16749.133970489773,1727239635.0,1727239635.0,,,,
BTC,2024-11-05,1730793600,1732867200,24.0,68859.9063537,69318.87156492344,69318.87156492344,0.6159282799351801,0.0,0.0,4363.14535499239,4363.145354992386,33.0,179.0,184.0,20199.006694886568,20199.006694886568,1728413207,1728413207,16825.530285600213,16825.530285600213,1727239635.0,1727239635.0,,,,
BTC,2024-11-06,1730880000,1732867200,23.0,73422.72032555,74059.65219360971,74059.65219360971,0.5385534946385141,0.0,0.0,3991.2363364662056,3991.2363364662056,32.0,180.0,192.0,21389.884229605297,21389.884229605297,1728413207,1728413207,17460.931689789653,17460.931689789653,1727239635.0,1727239635.0,,,,
BTC,2024-11-07,1730966400,1732867200,22.0,74817.5127744,75456.87937536441,75456.87937536441,0.5177032336633878,0.0,0.0,3823.5119039109086,3823.511903910905,35.0,179.0,190.0,21805.887231355595,21805.887231355595,1728413207,1728413207,17693.988851967006,17693.988851967006,1727239635.0,1727239635.0,,,,
BTC,2024-11-08,1731052800,1732867200,21.0,76224.74788854999,76849.97445754854,76849.97445754854,0.5090837051654201,0.0,0.0,3741.419879329131,3741.419879329131,34.0,180.0,185.0,22242.19779756644,22242.19779756644,1728413207,1728413207,17998.477777943226,17998.477777943226,1727239635.0,1727239635.0,,,,
BTC,2024-11-09,1731139200,1733472000,27.0,76574.82239615,77280.35864138305,77280.35864138305,0.4580671470041262,0.0,0.0,3838.512808317828,3838.512808317828,36.0,182.0,198.0,22266.910473611955,22266.910473611955,1728413207,1728413207,17797.743731847135,17797.743731847135,1727239635.0,1727239635.0,,,,
BTC,2024-11-10,1731225600,1733472000,26.0,78838.16314699998,79670.56028954448,79670.56028954448,0.4862117973574918,0.0,0.0,4121.630301826186,4121.630301826186,32.0,179.0,182.0,22819.051801555503,22819.051801555503,1728413207,1728413207,18477.386688929477,18477.386688929477,1727239635.0,1727239635.0,,,,
BTC,2024-11-11,1731312000,1733472000,25.0,81207.23928754998,82139.7726811907,82139.7726811907,0.4770163000673164,0.0,0.0,4088.259013680184,4088.259013680184,34.0,179.0,198.0,23429.63839262427,23429.63839262427,1728413207,1728413207,19019.16408057855,19019.16408057855,1727239635.0,1727239635.0,,,,
BTC,2024-11-12,1731398400,1733472000,24.0,89104.37970995001,90285.78264006044,90285.78264006044,0.5929774115493578,0.0,0.0,5471.527114500034,5471.527114500034,33.0,179.0,196.0,25549.910982874557,25549.910982874557,1728413207,1728413207,21682.756023190792,21682.756023190792,1727239635.0,1727239635.0,,,,
BTC,2024-11-13,1731484800,1733472000,23.0,87485.08861920002,88215.6645817284,88215.6645817284,0.5217596191141338,0.0,0.0,4606.100351528752,4606.100351528757,31.0,180.0,191.0,25514.950623231623,25514.950623231623,1728413207,1728413207,20698.012753832863,20698.012753832863,1727239635.0,1727239635.0,,,,
BTC,2024-11-14,1731571200,1733472000,22.0,90898.2836692,91752.33384803048,91752.33384803048,0.5459705950751023,0.0,0.0,4902.711366068009,4902.711366068014,33.0,119.0,124.0,26415.43492192951,26415.43492192951,1728413207,1728413207,21682.172917798667,21682.172917798667,1727239635.0,1727239635.0,,,,
BTC,2024-11-15,1731657600,1733472000,21.0,87714.46315865,88388.9178208287,88388.9178208287,0.5718545988122081,0.0,0.0,4832.995144127068,4832.995144127068,33.0,119.0,138.0,25639.884285416298,25639.884285416298,1728413207,1728413207,21066.50552319057,21066.50552319057,1727239635.0,1727239635.0,,,,
BTC,2024-11-16,1731744000,1734076800,27.0,91152.94415620004,92100.32035930354,92100.32035930354,0.5164486639733393,0.0,0.0,5156.759857461602,5156.759857461607,34.0,119.0,130.0,26398.50704375649,26398.50704375649,1728413207,1728413207,21541.332367295698,21541.332367295698,1727239635.0,1727239635.0,,,,
BTC,2024-11-17,1731830400,1734076800,26.0,90552.54354175,91526.01968850556,91526.01968850556,0.5209330077041334,0.0,0.0,5072.558621189154,5072.558621189154,32.0,60.0,76.0,26192.28691576945,26192.28691576945,1728413207,1728413207,21439.63093551572,21439.63093551572,1727239635.0,1727239635.0,,,,
BTC,2024-11-18,1731916800,1734076800,25.0,91735.4178039,92849.41413852198,92849.41413852198,0.5554412751128478,0.0,0.0,5379.8319327457575,5379.8319327457575,31.0,60.0,72.0,26406.629006548013,26406.629006548013,1728413207,1728413207,21999.540098520905,21999.540098520905,1727239635.0,1727239635.0,,,,
BTC,2024-11-19,1732003200,1734076800,24.0,91671.8592262,92707.96021689849,92707.96021689849,0.5612084543871058,0.0,0.0,5317.847341083692,5317.847341083692,33.0,60.0,66.0,26465.45677716151,26465.45677716151,1728413207,1728413207,22010.183793098604,22010.183793098604,1727239635.0,1727239635.0,,,,
BTC,2024-11-20,1732089600,1734076800,23.0,92900.0262064,93843.24516894922,93843.24516894922,0.5390232383251162,0.0,0.0,5061.821870457761,5061.821870457766,35.0,62.0,68.0,26926.788899370786,26926.788899370786,1728413207,1728413207,22121.65695047685,22121.65695047685,1727239635.0,1727239635.0,,,,
BTC,2024-11-21,1732176000,1735286400,36.0,96963.34032225,98575.13379877468,98575.13379877468,0.5431858578572808,0.0,0.0,6700.456165562631,6700.456165562631,33.0,59.0,63.0,27477.20862015031,27477.20862015031,1728413207,1728413207,23589.710028617308,23589.710028617308,1727239635.0,1727239635.0,,,,
BTC,2024-11-22,1732262400,1735286400,35.0,99282.9187534,100965.601119225,100965.601119225,0.586111542716658,0.0,0.0,7300.55045433899,7300.55045433899,17.0,59.0,75.0,28102.193260195025,28102.193260195025,1728413207,1728413207,24627.44429023566,24627.44429023566,1727239635.0,1727239635.0,,,,
BTC,2024-11-23,1732348800,1734681600,27.0,98656.41606545,99766.93714663276,99766.93714663276,0.5536124827908011,0.0,0.0,5987.257372776634,5987.257372776634,16.0,60.0,71.0,28486.403738452227,28486.403738452227,1728413207,1728413207,23640.130724625855,23640.130724625855,1727239635.0,1727239635.0,,,,
BTC,2024-11-24,1732435200,1735286400,33.0,98458.7236079,99983.5262680367,99983.5262680367,0.5533363220640823,0.0,0.0,6628.840029055178,6628.840029055178,29.0,119.0,121.0,28012.81442223331,28012.81442223331,1728413207,1728413207,23872.511577027155,23872.511577027155,1727239635.0,1727239635.0,,,,
BTC,2024-11-25,1732521600,1735286400,32.0,98116.2645315,99526.35262838897,99526.35262838897,0.5527910843277264,0.0,0.0,6491.621191370899,6491.621191370894,28.0,59.0,67.0,28024.791262561022,28024.791262561022,1728413207,1728413207,23704.19425854017,23704.19425854017,1727239635.0,1727239635.0,,,,
BTC,2024-11-26,1732608000,1735286400,31.0,93796.8941267,95073.70010006215,95073.70010006215,0.5434679333193092,0.0,0.0,6001.019800219348,6001.019800219343,22.0,62.0,84.0,26862.26226464783,26862.26226464783,1728413207,1728413207,22502.412951490587,22502.412951490587,1727239635.0,1727239635.0,,,,
BTC,2024-11-27,1732694400,1735286400,30.0,93594.0973896,94738.98031126312,94738.98031126312,0.5017653482163468,0.0,0.0,5432.24444083944,5432.24444083944,29.0,119.0,125.0,26933.34629521687,26933.34629521687,1728413207,1728413207,22033.858049297953,22033.858049297953,1727239635.0,1727239635.0,,,,
BTC,2024-11-28,1732780800,1735286400,29.0,95358.39648125,96509.54877486592,96509.54877486592,0.5153744190968162,0.0,0.0,5588.226916920499,5588.226916920494,33.0,63.0,77.0,27456.366650759068,27456.366650759068,1728413207,1728413207,22553.12878250509,22553.12878250509,1727239635.0,1727239635.0,,,,
BTC,2024-11-29,1732867200,1735286400,28.0,95635.36870175,96937.8469339358,96937.8469339358,0.4990028705225889,0.0,0.0,5340.642610898905,5340.642610898901,13.0,60.0,61.0,27388.132378339185,27388.132378339185,1728413207,1728413207,22527.74537457473,22527.74537457473,1727239635.0,1727239635.0,,,,
BTC,2024-11-30,1732953600,1735286400,27.0,96831.55059445,98273.43396194068,98273.43396194068,0.4950792686675489,0.0,0.0,5275.072064183867,5275.072064183867,29.0,60.0,71.0,27607.58181084434,27607.58181084434,1728413207,1728413207,22813.64737657608,22813.64737657608,1727239635.0,1727239635.0,,,,
BTC,2024-12-01,1733040000,1735286400,26.0,96525.80343515,97800.52819920836,97800.52819920836,0.4986005735233866,0.0,0.0,5188.286225289646,5188.286225289646,27.0,60.0,67.0,27683.016266486637,27683.016266486637,1728413207,1728413207,22744.709533619214,22744.709533619214,1727239635.0,1727239635.0,,,,
BTC,2024-12-02,1733126400,1735286400,25.0,96049.9506299,97293.48469638237,97293.48469638237,0.5150242926686355,0.0,0.0,5227.769766839017,5227.769766839017,25.0,60.0,62.0,27571.451122487662,27571.451122487662,1728413207,1728413207,22744.391572105746,22744.391572105746,1727239635.0,1727239635.0,,,,
BTC,2024-12-03,1733212800,1735286400,24.0,95608.43664855,96798.8029061772,96798.8029061772,0.4888058356982002,0.0,0.0,4837.170613707043,4837.170613707039,28.0,60.0,75.0,27492.164736937793,27492.164736937793,1728413207,1728413207,22487.80611520063,22487.80611520063,1727239635.0,1727239635.0,,,,
BTC,2024-12-04,1733299200,1735286400,23.0,96671.4561161,97862.09955107016,97862.09955107016,0.4614099113600385,0.0,0.0,4519.457340038792,4519.457340038792,25.0,59.0,76.0,27810.79339985984,27810.79339985984,1728413207,1728413207,22639.96157298806,22639.96157298806,1727239635.0,1727239635.0,,,,
BTC,2024-12-05,1733385600,1735286400,22.0,102384.11052114998,103862.28877804228,103862.28877804228,0.5204188159398997,0.0,0.0,5290.424665260576,5290.424665260582,24.0,59.0,68.0,29237.054899452683,29237.054899452683,1728413207,1728413207,24341.990071778146,24341.990071778146,1727239635.0,1727239635.0,,,,
BTC,2024-12-06,1733472000,1735286400,21.0,98166.33666295,99278.35958993134,99278.35958993134,0.5249797600152109,0.0,0.0,4984.063577581461,4984.063577581461,27.0,61.0,76.0,28337.87807190367,28337.87807190367,1728413207,1728413207,23324.395173614936,23324.395173614936,1727239635.0,1727239635.0,,,,
BTC,2024-12-07,1733558400,1735891200,27.0,99548.94782635002,100847.17413545126,100847.17413545126,0.5351900689216037,0.0,0.0,5851.052881459356,5851.052881459356,16.0,59.0,69.0,28566.45803880376,28566.45803880376,1728413207,1728413207,23725.254678044017,23725.254678044017,1727239635.0,1727239635.0,,,,
BTC,2024-12-08,1733644800,1735891200,26.0,99744.45582185,100960.10066601912,100960.10066601912,0.5330543308289715,0.0,0.0,5725.394497437975,5725.394497437975,18.0,60.0,76.0,28707.691902385865,28707.691902385865,1728413207,1728413207,23737.130878308453,23737.130878308453,1727239635.0,1727239635.0,,,,
BTC,2024-12-09,1733731200,1735891200,25.0,99618.2846705,100808.41653829832,100808.41653829832,0.5534468360050918,0.0,0.0,5820.051567132583,5820.051567132588,25.0,60.0,76.0,28695.353533351663,28695.353533351663,1728413207,1728413207,23869.25283695173,23869.25283695173,1727239635.0,1727239635.0,,,,
BTC,2024-12-10,1733817600,1735891200,24.0,97216.25399520002,98250.57376528803,98250.57376528803,0.5487298925628191,0.0,0.0,5510.6752556472375,5510.675255647243,25.0,60.0,76.0,28130.556428471977,28130.556428471977,1728413207,1728413207,23229.069315819423,23229.069315819423,1727239635.0,1727239635.0,,,,
BTC,2024-12-11,1733904000,1735891200,23.0,97394.7395032,98353.53984339631,98353.53984339631,0.5649772589264124,0.0,0.0,5560.126371404819,5560.126371404819,24.0,29.0,48.0,28259.62151076366,28259.62151076366,1728413207,1728413207,23383.55422411147,23383.55422411147,1727239635.0,1727239635.0,,,,
BTC,2024-12-12,1733990400,1735891200,22.0,100532.00383675,101503.2186975965,101503.2186975965,0.5452730490546428,0.0,0.0,5416.822807978397,5416.822807978397,24.0,59.0,68.0,29188.386290178485,29188.386290178485,1728413207,1728413207,23980.04759041195,23980.04759041195,1727239635.0,1727239635.0,,,,
BTC,2024-12-13,1734076800,1735891200,21.0,100165.441387,101028.70651842248,101028.70651842248,0.5390821260681417,0.0,0.0,5207.994680421548,5207.994680421553,24.0,60.0,61.0,29186.367284677515,29186.367284677515,1728413207,1728413207,23837.875918287747,23837.875918287747,1727239635.0,1727239635.0,,,,
BTC,2024-12-14,1734163200,1736496000,27.0,101789.03078925,103006.78522177757,103006.78522177757,0.5399505445502074,0.0,0.0,6029.41552183519,6029.415521835184,24.0,60.0,101.0,29318.95480424744,29318.95480424744,1728413207,1728413207,24280.251709277,24280.251709277,1727239635.0,1727239635.0,,,,
BTC,2024-12-15,1734249600,1736496000,26.0,101706.88588924998,102917.56814668258,102917.56814668258,0.5505155752638154,0.0,0.0,6027.246034852696,6027.246034852689,24.0,60.0,61.0,29301.3835093424,29301.3835093424,1728413207,1728413207,24348.286831790192,24348.286831790192,1727239635.0,1727239635.0,,,,
BTC,2024-12-16,1734336000,1736496000,25.0,104949.38966845002,106377.8078986164,106377.8078986164,0.5649561314789914,0.0,0.0,6269.0820097902015,6269.082009790208,24.0,60.0,61.0,30056.398670368635,30056.398670368635,1728413207,1728413207,25285.20173897307,25285.20173897307,1727239635.0,1727239635.0,,,,
BTC,2024-12-17,1734422400,1736496000,24.0,106805.5505216,107994.5360840764,107994.5360840764,0.5487530191810299,0.0,0.0,6057.449187924147,6057.449187924147,23.0,59.0,70.0,30852.679594003595,30852.679594003595,1728413207,1728413207,25530.39722396832,25530.39722396832,1727239635.0,1727239635.0,,,,
BTC,2024-12-18,1734508800,1736496000,23.0,104246.73547845,105149.47814532294,105149.47814532294,0.5463138198240945,0.0,0.0,5748.263167173821,5748.263167173821,20.0,60.0,77.0,30371.27797666205,30371.27797666205,1728413207,1728413207,24851.121531882654,24851.121531882654,1727239635.0,1727239635.0,,,,
BTC,2024-12-19,1734595200,1736496000,22.0,101632.0720016,102554.56674995556,102554.56674995556,0.5349419407816837,0.0,0.0,5369.385687889582,5369.385687889582,24.0,59.0,98.0,29567.126852124435,29567.126852124435,1728413207,1728413207,24157.99276877525,24157.99276877525,1727239635.0,1727239635.0,,,,
BTC,2024-12-20,1734681600,1736496000,21.0,97698.91036044998,98395.94243641688,98395.94243641688,0.5509811189887056,0.0,0.0,5184.074294946267,5184.074294946273,20.0,120.0,158.0,28612.64103216811,28612.64103216811,1728413207,1728413207,23302.945907168003,23302.945907168003,1727239635.0,1727239635.0,,,,
BTC,2024-12-21,1734768000,1737100800,27.0,98988.96159365,99978.24251873512,99978.24251873512,0.555218443703134,0.0,0.0,6017.310396631594,6017.310396631594,19.0,59.0,72.0,28707.407553009856,28707.407553009856,1728413207,1728413207,23710.97595670516,23710.97595670516,1727239635.0,1727239635.0,,,,
BTC,2024-12-22,1734854400,1737100800,26.0,96113.1383521,96882.31893646347,96882.31893646347,0.5399564155938621,0.0,0.0,5565.162581632262,5565.162581632262,21.0,120.0,129.0,28064.76092126652,28064.76092126652,1728413207,1728413207,22852.537724693007,22852.537724693007,1727239635.0,1727239635.0,,,,
BTC,2024-12-23,1734940800,1737100800,25.0,95298.81796195002,96131.8788267806,96131.8788267806,0.560236229368837,0.0,0.0,5618.021363755483,5618.021363755483,20.0,59.0,66.0,27756.584523754427,27756.584523754427,1728413207,1728413207,22832.93295064944,22832.93295064944,1727239635.0,1727239635.0,,,,
BTC,2024-12-24,1735027200,1737100800,24.0,94106.56138154998,94895.29136648346,94895.29136648346,0.5654312920050467,0.0,0.0,5484.202488251277,5484.202488251277,20.0,59.0,66.0,27443.238429531513,27443.238429531513,1728413207,1728413207,22577.025777503462,22577.025777503462,1727239635.0,1727239635.0,,,,
BTC,2024-12-25,1735113600,1737100800,23.0,98021.98913805,98813.25202062316,98813.25202062316,0.5554377812320588,0.0,0.0,5491.948919334134,5491.948919334134,20.0,61.0,71.0,28615.333858841816,28615.333858841816,1728413207,1728413207,23425.773109363992,23425.773109363992,1727239635.0,1727239635.0,,,,
BTC,2024-12-26,1735200000,1738310400,36.0,97692.27978695,98855.70637177712,98855.70637177712,0.5559117770210594,0.0,0.0,6876.559741165423,6876.559741165423,22.0,72.0,97.0,28144.25735125788,28144.25735125788,1728413207,1728413207,23830.17162727541,23830.17162727541,1727239635.0,1727239635.0,,,,
BTC,2024-12-27,1735286400,1738310400,35.0,94988.30587115,96015.33628408868,96015.33628408868,0.5837481666076706,0.0,0.0,6914.691778731705,6914.691778731705,24.0,64.0,92.0,27469.46134840632,27469.46134840632,1728413207,1728413207,23419.725762659295,23419.725762659295,1727239635.0,1727239635.0,,,,
BTC,2024-12-28,1735372800,1737705600,27.0,94236.3763898,94900.80267459304,94900.80267459304,0.5625427483821916,0.0,0.0,5786.9202610700895,5786.9202610700895,18.0,63.0,60.0,27606.486632146945,27606.486632146945,1728413207,1728413207,22584.81453405185,22584.81453405185,1727239635.0,1727239635.0,,,,
BTC,2024-12-29,1735459200,1738310400,33.0,95122.61483574998,96054.97600407033,96054.97600407033,0.5685425803305045,0.0,0.0,6542.969414723942,6542.969414723947,24.0,70.0,69.0,27604.42328240466,27604.42328240466,1728413207,1728413207,23126.163536298463,23126.163536298463,1727239635.0,1727239635.0,,,,
BTC,2024-12-30,1735545600,1738310400,32.0,93566.00637315,94546.86313301817,94546.86313301817,0.5591838739122936,0.0,0.0,6237.988162154674,6237.988162154668,20.0,61.0,76.0,27088.94515207685,27088.94515207685,1728413207,1728413207,22601.229022716645,22601.229022716645,1727239635.0,1727239635.0,,,,
BTC,2024-12-31,1735632000,1738310400,31.0,92740.2945623,93693.75089903908,93693.75089903908,0.5605608273130821,0.0,0.0,6099.512600640181,6099.512600640181,23.0,69.0,94.0,26868.632031950932,26868.632031950932,1728413207,1728413207,22355.14779801663,22355.14779801663,1727239635.0,1727239635.0,,,,
BTC,2025-01-01,1735718400,1738310400,30.0,93515.96876405,94491.76096092616,94491.76096092616,0.5594906252231913,0.0,0.0,6040.121084226126,6040.121084226132,19.0,60.0,67.0,27078.99843233882,27078.99843233882,1728413207,1728413207,22477.77563076415,22477.77563076415,1727239635.0,1727239635.0,,,,
BTC,2025-01-02,1735804800,1738310400,29.0,95725.76729025,96843.18917120829,96843.18917120829,0.5777894916977843,0.0,0.0,6285.236050641043,6285.236050641043,18.0,59.0,70.0,27600.308306116694,27600.308306116694,1728413207,1728413207,23198.73038246014,23198.73038246014,1727239635.0,1727239635.0,,,,
BTC,2025-01-03,1735891200,1738310400,28.0,96258.30298535,97387.35395005016,97387.35395005016,0.560375634171763,0.0,0.0,6024.052162305769,6024.052162305775,8.0,66.0,80.0,27748.439930904853,27748.439930904853,1728413207,1728413207,23144.864980339986,23144.864980339986,1727239635.0,1727239635.0,,,,
BTC,2025-01-04,1735977600,1738310400,27.0,98219.3325496,99259.57629893185,99259.57629893185,0.553027734315822,0.0,0.0,5950.529440258517,5950.529440258522,19.0,60.0,88.0,28425.556015548173,28425.556015548173,1728413207,1728413207,23517.887583452633,23517.887583452633,1727239635.0,1727239635.0,,,,
BTC,2025-01-05,1736064000,1738310400,26.0,98265.0598009,99176.8065730559,99176.8065730559,0.5621615368189711,0.0,0.0,5930.814637967309,5930.8146379673035,15.0,59.0,68.0,28567.771168114115,28567.771168114115,1728413207,1728413207,23578.333184691022,23578.333184691022,1727239635.0,1727239635.0,,,,
BTC,2025-01-06,1736150400,1738310400,25.0,99299.59511785,100263.78896000354,100263.78896000354,0.5570106085165665,0.0,0.0,5825.816594309037,5825.816594309037,13.0,69.0,76.0,28825.68469320147,28825.68469320147,1728413207,1728413207,23781.66376365149,23781.66376365149,1727239635.0,1727239635.0,,,,
BTC,2025-01-07,1736236800,1738310400,24.0,101675.4984115,102506.92237932346,102506.92237932346,0.5411883070393524,0.0,0.0,5670.514655557454,5670.514655557454,18.0,60.0,67.0,29671.225555626545,29671.225555626545,1728413207,1728413207,24187.46528087475,24187.46528087475,1727239635.0,1727239635.0,,,,
BTC,2025-01-08,1736323200,1738310400,23.0,95670.12524785002,96267.88227395606,96267.88227395606,0.537581680875187,0.0,0.0,5178.738705764289,5178.738705764289,23.0,65.0,65.0,28103.28054824898,28103.28054824898,1728413207,1728413207,22701.708608098463,22701.708608098463,1727239635.0,1727239635.0,,,,
BTC,2025-01-09,1736409600,1738310400,22.0,93197.63342525,93767.07622941292,93767.07622941292,0.5401175940046025,0.0,0.0,4956.7336319709375,4956.7336319709375,7.0,59.0,64.0,27389.84722341209,27389.84722341209,1728413207,1728413207,22134.807413382183,22134.807413382183,1727239635.0,1727239635.0,,,,
BTC,2025-01-10,1736496000,1738310400,21.0,94520.9643745,95064.47158675366,95064.47158675366,0.5388247201512488,0.0,0.0,4898.203745058558,4898.203745058558,10.0,59.0,69.0,27812.782100096356,27812.782100096356,1728413207,1728413207,22442.45073581017,22442.45073581017,1727239635.0,1727239635.0,,,,
BTC,2025-01-11,1736582400,1738915200,27.0,94214.39782049996,94956.89995393474,94956.89995393474,0.539600717572627,0.0,0.0,5554.627620026824,5554.627620026824,14.0,59.0,74.0,27521.817212715225,27521.817212715225,1728413207,1728413207,22398.93628494805,22398.93628494805,1727239635.0,1727239635.0,,,,
BTC,2025-01-12,1736668800,1738915200,26.0,94295.54599835002,94949.00329788036,94949.00329788036,0.5505287259803422,0.0,0.0,5560.709021968993,5560.709021968998,9.0,60.0,84.0,27635.206499974654,27635.206499974654,1728413207,1728413207,22486.36226753395,22486.36226753395,1727239635.0,1727239635.0,,,,
BTC,2025-01-13,1736755200,1738915200,25.0,93541.6225051,94198.95715937384,94198.95715937384,0.5639378689078814,0.0,0.0,5541.3676561107795,5541.3676561107795,7.0,60.0,61.0,27405.152097256178,27405.152097256178,1728413207,1728413207,22412.2874794519,22412.2874794519,1727239635.0,1727239635.0,,,,
BTC,2025-01-14,1736841600,1738915200,24.0,94851.3970581,95573.3772584152,95573.3772584152,0.5837677097108482,0.0,0.0,5702.180041107841,5702.180041107841,7.0,59.0,98.0,27733.4389171148,27733.4389171148,1728413207,1728413207,22897.15790405507,22897.15790405507,1727239635.0,1727239635.0,,,,
BTC,2025-01-15,1736928000,1738915200,23.0,97285.74307050002,97919.29363320264,97919.29363320264,0.572263911088154,0.0,0.0,5606.8493582904175,5606.8493582904175,13.0,60.0,76.0,28552.172358447384,28552.172358447384,1728413207,1728413207,23355.758846173576,23355.758846173576,1727239635.0,1727239635.0,,,,
BTC,2025-01-16,1737014400,1738915200,22.0,99744.32084544998,100494.44361608868,100494.44361608868,0.5607843815652747,0.0,0.0,5515.311442709854,5515.311442709849,9.0,59.0,73.0,29173.173482996288,29173.173482996288,1728413207,1728413207,23867.950927126927,23867.950927126927,1727239635.0,1727239635.0,,,,
BTC,2025-01-17,1737100800,1738915200,21.0,101469.59063015,102295.67552964504,102295.67552964504,0.590504478057153,0.0,0.0,5775.516641358673,5775.516641358673,71.0,59.0,73.0,29614.79228954996,29614.79228954996,1728413207,1728413207,24532.38655347433,24532.38655347433,1727239635.0,1727239635.0,,,,
BTC,2025-01-18,1737187200,1739520000,27.0,102779.0318876,103801.85937334162,103801.85937334162,0.6005282530245564,0.0,0.0,6756.185580823356,6756.185580823356,8.0,59.0,72.0,29810.882080538395,29810.882080538395,1728413207,1728413207,25082.285113735314,25082.285113735314,1727239635.0,1727239635.0,,,,
BTC,2025-01-19,1737273600,1739520000,26.0,105011.4424549,106118.66292844852,106118.66292844852,0.6249448126547075,0.0,0.0,7053.108266476866,7053.108266476866,6.0,59.0,72.0,30396.212262921497,30396.212262921497,1728413207,1728413207,25892.063901170768,25892.063901170768,1727239635.0,1727239635.0,,,,
BTC,2025-01-20,1737360000,1739520000,25.0,107074.2103147,108352.2284863428,108352.2284863428,0.6566070083220218,0.0,0.0,7418.957888804426,7418.957888804426,10.0,60.0,71.0,30844.24492276719,30844.24492276719,1728413207,1728413207,26780.05486008834,26780.05486008834,1727239635.0,1727239635.0,,,,
BTC,2025-01-21,1737446400,1739520000,24.0,101894.64334585,102825.59205805777,102825.59205805777,0.5820867320219193,0.0,0.0,6117.2351158819865,6117.2351158819865,12.0,60.0,82.0,29637.444291547225,29637.444291547225,1728413207,1728413207,24611.12971023361,24611.12971023361,1727239635.0,1727239635.0,,,,
BTC,2025-01-22,1737532800,1739520000,23.0,105085.84801145,105929.58595848765,105929.58595848765,0.5730216512802123,0.0,0.0,6073.535510034846,6073.535510034841,11.0,59.0,59.0,30682.016456397352,30682.016456397352,1728413207,1728413207,25265.252364030785,25265.252364030785,1727239635.0,1727239635.0,,,,
BTC,2025-01-23,1737619200,1740729600,36.0,102653.3603518,103736.55372016088,103736.55372016088,0.5711679850933353,0.0,0.0,7413.590908673984,7413.590908673978,8.0,59.0,59.0,29712.81473717912,29712.81473717912,1728413207,1728413207,25210.411193887776,25210.411193887776,1727239635.0,1727239635.0,,,,
BTC,2025-01-24,1737705600,1740729600,35.0,105050.7320383,106122.75802678792,106122.75802678792,0.5606183706076688,0.0,0.0,7340.546992829622,7340.546992829622,12.0,60.0,70.0,30443.193623002073,30443.193623002073,1728413207,1728413207,25584.870687469956,25584.870687469956,1727239635.0,1727239635.0,,,,
BTC,2025-01-25,1737792000,1740124800,27.0,104356.38928315,105181.04775260894,105181.04775260894,0.5317146318626504,0.0,0.0,6062.940526832988,6062.940526832988,19.0,59.0,91.0,30482.25831548606,30482.25831548606,1728413207,1728413207,24740.94502723105,24740.94502723105,1727239635.0,1727239635.0,,,,
BTC,2025-01-26,1737878400,1740729600,33.0,104977.68128715,106090.5664256933,106090.5664256933,0.5379232325374923,0.0,0.0,6838.242101897306,6838.242101897306,18.0,60.0,79.0,30380.419247601683,30380.419247601683,1728413207,1728413207,25179.70701657956,25179.70701657956,1727239635.0,1727239635.0,,,,
BTC,2025-01-27,1737964800,1740729600,32.0,98845.300466,99853.62799433417,99853.62799433417,0.5569389872472298,0.0,0.0,6561.728006351498,6561.728006351498,16.0,61.0,66.0,28645.262611465812,28645.262611465812,1728413207,1728413207,23846.89057454648,23846.89057454648,1727239635.0,1727239635.0,,,,
BTC,2025-01-28,1738051200,1740729600,31.0,102813.55107065,103683.81095744263,103683.81095744263,0.5427789272158963,0.0,0.0,6536.207312869992,6536.207312869986,17.0,61.0,65.0,29973.80543440234,29973.80543440234,1728413207,1728413207,24559.301121139066,24559.301121139066,1727239635.0,1727239635.0,,,,
BTC,2025-01-29,1738137600,1740729600,30.0,102704.87850195,103590.15975131391,103590.15975131391,0.5364397870731187,0.0,0.0,6349.447173162027,6349.447173162033,15.0,60.0,59.0,29926.18230122109,29926.18230122109,1728413207,1728413207,24419.440294849217,24419.440294849217,1727239635.0,1727239635.0,,,,
BTC,2025-01-30,1738224000,1740729600,29.0,105150.17829955,106099.9638005112,106099.9638005112,0.5226249437489198,0.0,0.0,6229.819249026408,6229.819249026408,15.0,59.0,78.0,30595.267988903805,30595.267988903805,1728413207,1728413207,24874.042296116066,24874.042296116066,1727239635.0,1727239635.0,,,,
BTC,2025-01-31,1738310400,1740729600,28.0,104217.25398355,105002.52806560208,105002.52806560208,0.5025102049600536,0.0,0.0,5825.549157983183,5825.549157983183,16.0,59.0,98.0,30479.90211301291,30479.90211301291,1728413207,1728413207,24459.813617996297,24459.813617996297,1727239635.0,1727239635.0,,,,
BTC,2025-02-01,1738396800,1740729600,27.0,102152.51471095,102882.48391514276,102882.48391514276,0.4901392147639929,0.0,0.0,5467.451347372008,5467.451347372003,16.0,59.0,78.0,29915.785209092235,29915.785209092235,1728413207,1728413207,23889.363488454695,23889.363488454695,1727239635.0,1727239635.0,,,,
BTC,2025-02-02,1738483200,1740729600,26.0,99624.11873675,100268.4302026445,100268.4302026445,0.5048396112324648,0.0,0.0,5385.667374788975,5385.667374788975,17.0,59.0,79.0,29242.924155130495,29242.924155130495,1728413207,1728413207,23393.355098673856,23393.355098673856,1727239635.0,1727239635.0,,,,
BTC,2025-02-03,1738569600,1740729600,25.0,95425.85278705,95929.48916247088,95929.48916247088,0.5472213542226209,0.0,0.0,5476.180895523821,5476.180895523817,18.0,60.0,69.0,28124.119460694135,28124.119460694135,1728413207,1728413207,22695.744717838184,22695.744717838184,1727239635.0,1727239635.0,,,,
BTC,2025-02-04,1738656000,1740729600,24.0,98505.6888384,98935.32967865116,98935.32967865116,0.526857207103192,0.0,0.0,5328.235470048241,5328.235470048236,17.0,59.0,75.0,29122.065811268814,29122.065811268814,1728413207,1728413207,23258.816027049237,23258.816027049237,1727239635.0,1727239635.0,,,,
BTC,2025-02-05,1738742400,1740729600,23.0,97905.05290315,98320.37663852658,98320.37663852658,0.5058000208327744,0.0,0.0,4976.892804518247,4976.892804518247,16.0,60.0,74.0,28956.19213556843,28956.19213556843,1728413207,1728413207,22991.84367445024,22991.84367445024,1727239635.0,1727239635.0,,,,
BTC,2025-02-06,1738828800,1740729600,22.0,98226.65244089998,98691.04894929538,98691.04894929538,0.5029881303678513,0.0,0.0,4858.862433932463,4858.862433932463,17.0,60.0,66.0,29003.599223874604,29003.599223874604,1728413207,1728413207,23078.4395444849,23078.4395444849,1727239635.0,1727239635.0,,,,
BTC,2025-02-07,1738915200,1740729600,21.0,96767.9406255,97114.7525330666,97114.7525330666,0.48191676690507,0.0,0.0,4475.98668888953,4475.986688889525,15.0,59.0,89.0,28683.570280083382,28683.570280083382,1728413207,1728413207,22645.281028705453,22645.281028705453,1727239635.0,1727239635.0,,,,
BTC,2025-02-08,1739001600,1741334400,27.0,96222.80614265,96640.52746578956,96640.52746578956,0.4870085817585106,0.0,0.0,5102.9819680432365,5102.9819680432365,15.0,60.0,71.0,28449.120519655444,28449.120519655444,1728413207,1728413207,22434.183579721393,22434.183579721393,1727239635.0,1727239635.0,,,,
BTC,2025-02-09,1739088000,1741334400,26.0,97085.02702389998,97541.09643151534,97541.09643151534,0.4944132336579382,0.0,0.0,5131.1301366516,5131.1301366515945,17.0,59.0,72.0,28669.43869955463,28669.43869955463,1728413207,1728413207,22698.981947769644,22698.981947769644,1727239635.0,1727239635.0,,,,
BTC,2025-02-10,1739174400,1741334400,25.0,97445.9731104,97911.11939015904,97911.11939015904,0.5004110918727753,0.0,0.0,5111.899463993478,5111.899463993473,17.0,59.0,92.0,28768.64565336096,28768.64565336096,1728413207,1728413207,22833.785504083688,22833.785504083688,1727239635.0,1727239635.0,,,,
BTC,2025-02-11,1739260800,1741334400,24.0,98300.179874,98782.67240220586,98782.67240220586,0.4990336419489622,0.0,0.0,5039.455532145041,5039.455532145041,17.0,59.0,66.0,29007.56143399415,29007.56143399415,1728413207,1728413207,23042.03445075324,23042.03445075324,1727239635.0,1727239635.0,,,,
BTC,2025-02-12,1739347200,1741334400,23.0,96083.5752904,96514.29728957875,96514.29728957875,0.5010747478306384,0.0,0.0,4839.890121362865,4839.89012136287,19.0,59.0,86.0,28394.350587941262,28394.350587941262,1728413207,1728413207,22542.27977657114,22542.27977657114,1727239635.0,1727239635.0,,,,
BTC,2025-02-13,1739433600,1741334400,22.0,96070.8438134,96406.36853128052,96406.36853128052,0.4762904301500623,0.0,0.0,4494.746296317923,4494.746296317923,15.0,61.0,99.0,28485.72842613946,28485.72842613946,1728413207,1728413207,22429.36653091738,22429.36653091738,1727239635.0,1727239635.0,,,,
BTC,2025-02-14,1739520000,1741334400,21.0,96979.87946085,97349.2409146766,97349.2409146766,0.4732326802144966,0.0,0.0,4406.03021872029,4406.03021872029,9.0,59.0,74.0,28724.60238442837,28724.60238442837,1728413207,1728413207,22667.526202469795,22667.526202469795,1727239635.0,1727239635.0,,,,
BTC,2025-02-15,1739606400,1741939200,27.0,97384.5200107,97910.62846326773,97910.62846326773,0.4765515594621543,0.0,0.0,5059.19408996206,5059.19408996206,15.0,60.0,93.0,28689.247550642292,28689.247550642292,1728413207,1728413207,22662.37368314567,22662.37368314567,1727239635.0,1727239635.0,,,,
BTC,2025-02-16,1739692800,1741939200,26.0,97252.2420455,97758.99359434698,97758.99359434698,0.4848524155309042,0.0,0.0,5043.286690344072,5043.286690344077,18.0,60.0,73.0,28668.92106480302,28668.92106480302,1728413207,1728413207,22690.42347560291,22690.42347560291,1727239635.0,1727239635.0,,,,
BTC,2025-02-17,1739779200,1741939200,25.0,96092.3337452,96475.0195534456,96475.0195534456,0.4764685976766897,0.0,0.0,4796.246465088229,4796.246465088229,15.0,60.0,73.0,28445.014315314416,28445.014315314416,1728413207,1728413207,22371.373347476532,22371.373347476532,1727239635.0,1727239635.0,,,,
BTC,2025-02-18,1739865600,1741939200,24.0,95476.76309085,95829.5302200644,95829.5302200644,0.4836535024490063,0.0,0.0,4738.323325027251,4738.323325027251,17.0,60.0,93.0,28290.261798040592,28290.261798040592,1728413207,1728413207,22278.04087568856,22278.04087568856,1727239635.0,1727239635.0,,,,
BTC,2025-02-19,1739952000,1741939200,23.0,95694.2788258,96053.85409294808,96053.85409294808,0.4806386449762008,0.0,0.0,4620.592612865184,4620.592612865184,17.0,60.0,73.0,28348.708380591925,28348.708380591925,1728413207,1728413207,22337.797924938495,22337.797924938495,1727239635.0,1727239635.0,,,,
BTC,2025-02-20,1740038400,1743148800,36.0,96910.6497405,97470.8127314051,97470.8127314051,0.4748852182667668,0.0,0.0,5793.963799862636,5793.963799862636,17.0,60.0,64.0,28513.0319312449,28513.0319312449,1728413207,1728413207,22683.50443870161,22683.50443870161,1727239635.0,1727239635.0,,,,
BTC,2025-02-21,1740124800,1743148800,35.0,98219.66848415,98843.41460832072,98843.41460832072,0.4569429230556343,0.0,0.0,5575.003815665296,5575.003815665296,22.0,59.0,70.0,28842.154421074265,28842.154421074265,1728413207,1728413207,22824.342774440935,22824.342774440935,1727239635.0,1727239635.0,,,,
BTC,2025-02-22,1740211200,1742544000,27.0,96319.75745715002,96797.3529820474,96797.3529820474,0.4492927113806323,0.0,0.0,4715.939518900902,4715.939518900902,21.0,59.0,76.0,28418.331712247615,28418.331712247615,1728413207,1728413207,22274.631385330344,22274.631385330344,1727239635.0,1727239635.0,,,,
BTC,2025-02-23,1740297600,1743148800,33.0,96557.19739605,97078.43693289797,97078.43693289797,0.4548670377276867,0.0,0.0,5292.848306246883,5292.848306246878,21.0,59.0,71.0,28445.919681967047,28445.919681967047,1728413207,1728413207,18572.31069912773,22360.78128927311,1740253957.0,1727239635.0,,,,
BTC,2025-02-24,1740384000,1743148800,32.0,95906.30180365,96360.04901244356,96360.04901244356,0.4452939784807509,0.0,0.0,5064.866162759074,5064.866162759074,22.0,59.0,71.0,28318.143332301435,28318.143332301435,1728413207,1728413207,18384.851375201462,18384.851375201462,1740253957.0,1740253957.0,,,,
BTC,2025-02-25,1740470400,1743148800,31.0,89412.29506705,89796.93648058819,89796.93648058819,0.4802591690864393,0.0,0.0,5009.879736607651,5009.879736607656,21.0,59.0,91.0,26439.047106576807,26439.047106576807,1728413207,1728413207,17272.49293763047,17272.49293763047,1740253957.0,1740253957.0,,,,
BTC,2025-02-26,1740556800,1743148800,30.0,88694.85413139999,89136.2419664409,89136.2419664409,0.4356337334152339,0.0,0.0,4438.312726172097,4438.312726172097,23.0,60.0,65.0,26167.06840437909,26167.06840437909,1728413207,1728413207,16967.126918486276,16967.126918486276,1740253957.0,1740253957.0,,,,
BTC,2025-02-27,1740643200,1743148800,29.0,86238.28327665,86672.51039606846,86672.51039606846,0.4734399317919886,0.0,0.0,4610.910877393969,4610.910877393974,22.0,60.0,76.0,25437.257863576546,25437.257863576546,1728413207,1728413207,16637.78158494907,16637.78158494907,1740253957.0,1740253957.0,,,,
BTC,2025-02-28,1740729600,1743148800,28.0,79117.03152530002,79558.77204313221,79558.77204313221,0.5243925910473787,0.0,0.0,4605.806371459837,4605.806371459837,20.0,59.0,96.0,23293.368939757813,23293.368939757813,1728413207,1728413207,15500.989881750078,15500.989881750078,1740253957.0,1740253957.0,,,,
BTC,2025-03-01,1740816000,1743148800,27.0,84733.86782045,85224.96119747277,85224.96119747277,0.4763067288433703,0.0,0.0,4401.446717632361,4401.446717632361,18.0,59.0,94.0,24929.06696911223,24929.06696911223,1728413207,1728413207,16399.17937617036,16399.17937617036,1740253957.0,1740253957.0,,,,
BTC,2025-03-02,1740902400,1743148800,26.0,86247.2190883,86632.5013825809,86632.5013825809,0.4717647872109661,0.0,0.0,4348.80442009592,4348.804420095915,18.0,59.0,74.0,25488.883432209102,25488.883432209102,1728413207,1728413207,16678.015175420514,16678.015175420514,1740253957.0,1740253957.0,,,,
BTC,2025-03-03,1740988800,1743148800,25.0,92388.9627408,92731.7536293636,92731.7536293636,0.5044180499345843,0.0,0.0,4880.198249311394,4880.198249311394,18.0,60.0,70.0,27373.89793367638,27373.89793367638,1728413207,1728413207,18000.34716942264,18000.34716942264,1740253957.0,1740253957.0,,,,
BTC,2025-03-04,1741075200,1743148800,24.0,83150.4766326,83486.03897893167,83486.03897893167,0.5471972979332106,0.0,0.0,4669.505612532465,4669.50561253247,17.0,60.0,68.0,24609.580643448327,24609.580643448327,1728413207,1728413207,16407.551368981254,16407.551368981254,1740253957.0,1740253957.0,,,,
BTC,2025-03-05,1741161600,1743148800,23.0,87623.06498304999,87884.31717289441,87884.31717289441,0.5437173157625764,0.0,0.0,4781.620520512363,4781.620520512369,16.0,59.0,91.0,26025.667305070572,26025.667305070572,1728413207,1728413207,17264.673093812977,17264.673093812977,1740253957.0,1740253957.0,,,,
BTC,2025-03-06,1741248000,1743148800,22.0,91346.0613952,91606.17034059518,91606.17034059518,0.5513692071956175,0.0,0.0,4943.229012338146,4943.229012338146,18.0,59.0,63.0,27143.70947316481,27143.70947316481,1728413207,1728413207,18044.624035019588,18044.624035019588,1740253957.0,1740253957.0,,,,
BTC,2025-03-07,1741334400,1743148800,21.0,88331.4093037,88591.56345130444,88591.56345130444,0.5139048199294545,0.0,0.0,4353.849880405446,4353.849880405446,19.0,59.0,67.0,26239.26864350556,26239.26864350556,1728413207,1728413207,17308.68228182033,17308.68228182033,1740253957.0,1740253957.0,,,,
BTC,2025-03-08,1741420800,1743753600,27.0,86189.2208591,86494.69508592106,86494.69508592106,0.4871430861143292,0.0,0.0,4568.50356068113,4568.50356068113,19.0,60.0,70.0,25551.29203090893,25551.29203090893,1728413207,1728413207,16691.467411847923,16691.467411847923,1740253957.0,1740253957.0,,,,
BTC,2025-03-09,1741507200,1743753600,26.0,86031.1437777,86286.38628451136,86286.38628451136,0.4921133326000602,0.0,0.0,4517.9939480858175,4517.993948085822,20.0,59.0,69.0,25554.100626498628,25554.100626498628,1728413207,1728413207,16687.61615333714,16687.61615333714,1740253957.0,1740253957.0,,,,
BTC,2025-03-10,1741593600,1743753600,25.0,82329.6233344,82535.79851002405,82535.79851002405,0.5254514620489008,0.0,0.0,4524.457401331364,4524.457401331364,20.0,60.0,81.0,24492.71182469596,24492.71182469596,1728413207,1728413207,16114.423604966252,16114.423604966252,1740253957.0,1740253957.0,,,,
BTC,2025-03-11,1741680000,1743753600,24.0,80455.6839134,80708.41364055488,80708.41364055488,0.5753089341020825,0.0,0.0,4745.647873187036,4745.647873187036,19.0,60.0,86.0,23883.975446865126,23883.975446865126,1728413207,1728413207,16011.527505863633,16011.527505863633,1740253957.0,1740253957.0,,,,
BTC,2025-03-12,1741766400,1743753600,23.0,82411.94333965,82612.76396497677,82612.76396497677,0.5664289860232447,0.0,0.0,4682.248404700986,4682.248404700986,20.0,60.0,60.0,24522.762376568226,24522.762376568226,1728413207,1728413207,16343.256921809218,16343.256921809218,1740253957.0,1740253957.0,,,,
BTC,2025-03-13,1741852800,1743753600,22.0,83150.17233485,83342.58256101805,83342.58256101805,0.5295496588146942,0.0,0.0,4319.593223317265,4319.593223317265,13.0,59.0,61.0,24752.641474286946,24752.641474286946,1728413207,1728413207,16324.111386452756,16324.111386452756,1740253957.0,1740253957.0,,,,
BTC,2025-03-14,1741939200,1743753600,21.0,82220.4684447,82452.74762863059,82452.74762863059,0.5216077187502586,0.0,0.0,4112.815573411747,4112.815573411747,19.0,60.0,73.0,24433.86134947942,24433.86134947942,1728413207,1728413207,16135.244317438568,16135.244317438568,1740253957.0,1740253957.0,,,,
BTC,2025-03-15,1742025600,1744358400,27.0,83874.59365684999,84092.54676713813,84092.54676713813,0.4980385967548482,0.0,0.0,4540.818038617672,4540.818038617676,20.0,59.0,63.0,24944.42498676685,24944.42498676685,1728413207,1728413207,16275.037414501045,16275.037414501045,1740253957.0,1740253957.0,,,,
BTC,2025-03-16,1742112000,1744358400,26.0,84289.87050734999,84474.37152862435,84474.37152862435,0.5190005712027349,0.0,0.0,4664.402465301571,4664.402465301567,19.0,59.0,83.0,25102.46013093063,25102.46013093063,1728413207,1728413207,16454.81075984073,16454.81075984073,1740253957.0,1740253957.0,,,,
BTC,2025-03-17,1742198400,1744358400,25.0,83576.29061645002,83784.36994486883,83784.36994486883,0.5229881530270912,0.0,0.0,4571.40395547471,4571.403955474714,19.0,59.0,63.0,24864.80785651619,24864.80785651619,1728413207,1728413207,16346.86600325682,16346.86600325682,1740253957.0,1740253957.0,,,,
BTC,2025-03-18,1742284800,1744358400,24.0,83178.18570754999,83319.56833495019,83319.56833495019,0.5015227104109782,0.0,0.0,4271.768172142062,4271.768172142067,19.0,60.0,64.0,24812.07308486479,24812.07308486479,1728413207,1728413207,16183.84089998193,16183.84089998193,1740253957.0,1740253957.0,,,,
BTC,2025-03-19,1742371200,1744358400,23.0,83216.32233149999,83301.90158462846,83301.90158462846,0.4904955529932251,0.0,0.0,4089.246376482369,4089.2463764823738,19.0,60.0,64.0,24879.31744632153,24879.31744632153,1728413207,1728413207,16165.575653463882,16165.575653463882,1740253957.0,1740253957.0,,,,
BTC,2025-03-20,1742457600,1745568000,36.0,85831.4811582,86105.64480569882,86105.64480569882,0.4824910456699289,0.0,0.0,5200.20462891747,5200.204628917465,16.0,60.0,93.0,25475.280699961186,25475.280699961186,1728413207,1728413207,16677.173120190626,16677.173120190626,1740253957.0,1740253957.0,,,,
BTC,2025-03-21,1742544000,1745568000,35.0,83908.5742713,84185.86510562728,84185.86510562728,0.4597736689923375,0.0,0.0,4777.649092112934,4777.649092112934,19.0,60.0,71.0,24895.281447062727,24895.281447062727,1728413207,1728413207,16161.184945395273,16161.184945395273,1740253957.0,1740253957.0,,,,
BTC,2025-03-22,1742630400,1744963200,27.0,84257.61488225,84466.8291332118,84466.8291332118,0.4411067760476921,0.0,0.0,4040.3133109501337,4040.3133109501337,18.0,59.0,76.0,25068.070213713192,25068.070213713192,1728413207,1728413207,16167.377519638383,16167.377519638383,1740253957.0,1740253957.0,,,,
BTC,2025-03-23,1742716800,1745568000,33.0,84285.55783665,84570.53748112173,84570.53748112173,0.4516820809260791,0.0,0.0,4578.665099857371,4578.665099857367,21.0,60.0,64.0,25000.687706523266,25000.687706523266,1728413207,1728413207,16172.617610199526,16172.617610199526,1740253957.0,1740253957.0,,,,
BTC,2025-03-24,1742803200,1745568000,32.0,86909.60185030001,87209.64505525093,87209.64505525093,0.4531625577077374,0.0,0.0,4664.783243723919,4664.783243723924,21.0,59.0,69.0,25772.83735013908,25772.83735013908,1728413207,1728413207,16672.774494272573,16672.774494272573,1740253957.0,1740253957.0,,,,
BTC,2025-03-25,1742889600,1745568000,31.0,86451.466744,86777.29300443358,86777.29300443358,0.4510035040070214,0.0,0.0,4546.926936662029,4546.926936662025,21.0,59.0,69.0,25609.613762766425,25609.613762766425,1728413207,1728413207,16572.406506656447,16572.406506656447,1740253957.0,1740253957.0,,,,
BTC,2025-03-26,1742976000,1745568000,30.0,88191.10501125,88477.4050254495,88477.4050254495,0.4336960080553843,0.0,0.0,4385.936937329683,4385.936937329689,22.0,60.0,76.0,26171.031489175497,26171.031489175497,1728413207,1728413207,16842.601012566585,16842.601012566585,1740253957.0,1740253957.0,,,,
BTC,2025-03-27,1743062400,1745568000,29.0,87440.88495215001,87676.67420844169,87676.67420844169,0.4293891442930798,0.0,0.0,4230.8998313439315,4230.899831343927,18.0,59.0,89.0,25996.476229353313,25996.476229353313,1728413207,1728413207,16706.20574665112,16706.20574665112,1740253957.0,1740253957.0,,,,
BTC,2025-03-28,1743148800,1745568000,28.0,85212.82115465,85356.44877209034,85356.44877209034,0.4836119214944371,0.0,0.0,4557.759657327977,4557.759657327977,18.0,60.0,98.0,25420.21872895465,25420.21872895465,1728413207,1728413207,16449.733232159237,16449.733232159237,1740253957.0,1740253957.0,,,,
BTC,2025-03-29,1743235200,1745568000,27.0,83720.4459851,83874.56401385124,83874.56401385124,0.4557559465146124,0.0,0.0,4145.053740428887,4145.053740428882,21.0,60.0,98.0,24962.015766778757,24962.015766778757,1728413207,1728413207,16089.451718121389,16089.451718121389,1740253957.0,1740253957.0,,,,
BTC,2025-03-30,1743321600,1745568000,26.0,83077.39853425001,83162.02762711087,83162.02762711087,0.4856583139311988,0.0,0.0,4297.365183597436,4297.3651835974315,18.0,60.0,78.0,24838.590467414146,24838.590467414146,1728413207,1728413207,16065.918166582458,16065.918166582458,1740253957.0,1740253957.0,,,,
BTC,2025-03-31,1743408000,1745568000,25.0,81913.759561,82008.47559088317,82008.47559088317,0.5003461132092887,0.0,0.0,4281.073762985309,4281.073762985309,16.0,60.0,71.0,24479.411838416825,24479.411838416825,1728413207,1728413207,15911.087432977767,15911.087432977767,1740253957.0,1740253957.0,,,,
BTC,2025-04-01,1743494400,1745568000,24.0,83481.60637265,83676.1353771134,83676.1353771134,0.4655377759756341,0.0,0.0,3982.611897262535,3982.6118972625304,18.0,60.0,91.0,24849.952907331593,24849.952907331593,1728413207,1728413207,16144.686429003184,16144.686429003184,1740253957.0,1740253957.0,,,,
BTC,2025-04-02,1743580800,1745568000,23.0,84427.80108089998,84594.19315510652,84594.19315510652,0.4628388182936071,0.0,0.0,3918.8051184293863,3918.8051184293863,20.0,59.0,72.0,25161.948250063455,25161.948250063455,1728413207,1728413207,16345.27861006628,16345.27861006628,1740253957.0,1740253957.0,,,,
BTC,2025-04-03,1743667200,1745568000,22.0,83469.8049589,83621.33104528434,83621.33104528434,0.4727084262573455,0.0,0.0,3869.383092505241,3869.383092505241,19.0,59.0,64.0,24889.415401285656,24889.415401285656,1728413207,1728413207,16206.532189353631,16206.532189353631,1740253957.0,1740253957.0,,,,
BTC,2025-04-04,1743753600,1745568000,21.0,83973.5068091,84169.28205385864,84169.28205385864,0.4810445911083524,0.0,0.0,3872.3212052591302,3872.3212052591302,18.0,59.0,80.0,24996.27679797136,24996.27679797136,1728413207,1728413207,16358.486547375322,16358.486547375322,1740253957.0,1740253957.0,,,,
BTC,2025-04-05,1743840000,1746172800,27.0,83487.25296908789,83729.55890844614,83729.55890844614,0.5224786205510723,0.0,0.0,4742.720764439887,4742.720764439891,19.0,59.0,80.0,24803.869951368117,24803.869951368117,1728413207,1728413207,16317.153266554848,16317.153266554848,1740253957.0,1740253957.0,,,,
BTC,2025-04-06,1743926400,1746172800,26.0,82992.07490255096,83237.54279674886,83237.54279674886,0.5486820397559309,0.0,0.0,4858.501994545477,4858.5019945454815,53.0,60.0,80.0,24652.154576567376,24652.154576567376,1728413207,1728413207,16363.09998052524,16363.09998052524,1740253957.0,1740253957.0,,,,
BTC,2025-04-07,1744012800,1746172800,25.0,75039.73103427279,75266.195012604,75266.195012604,0.6098075975056205,0.0,0.0,4787.025342946372,4787.025342946376,53.0,60.0,72.0,22285.45533195062,22285.45533195062,1728413207,1728413207,15133.710947761889,15133.710947761889,1740253957.0,1740253957.0,,,,
BTC,2025-04-08,1744099200,1746172800,24.0,79466.73304866812,79725.45224861155,79725.45224861155,0.520805908546327,0.0,0.0,4244.43133017962,4244.431330179624,55.0,59.0,84.0,23581.300714657,23581.300714657,1728413207,1728413207,15553.565814147632,15553.565814147632,1740253957.0,1740253957.0,,,,
BTC,2025-04-09,1744185600,1746172800,23.0,77706.34946869202,77972.33768355726,77972.33768355726,0.5703790962270879,0.0,0.0,4450.008771686384,4450.008771686384,56.0,59.0,84.0,23045.916625742364,23045.916625742364,1728413207,1728413207,15442.155291895968,15442.155291895968,1740253957.0,1740253957.0,,,,
BTC,2025-04-10,1744272000,1746172800,22.0,81568.15213392742,81814.14132179842,81814.14132179842,0.4850661022017132,0.0,0.0,3884.6125491923567,3884.6125491923617,54.0,60.0,77.0,24224.45645230722,24224.45645230722,1728413207,1728413207,15879.873936499807,15879.873936499807,1740253957.0,1740253957.0,,,,
BTC,2025-04-11,1744358400,1746172800,21.0,81217.13491084763,81419.97175659695,81419.97175659695,0.4967697907485778,0.0,0.0,3868.143169434387,3868.1431694343823,54.0,59.0,74.0,24162.303627504967,24162.303627504967,1728413207,1728413207,15859.72107515205,15859.72107515205,1740253957.0,1740253957.0,,,,
BTC,2025-04-12,1744444800,1746777600,27.0,83671.07701222882,83978.77618660618,83978.77618660618,0.5365010866748469,0.0,0.0,4884.279542683653,4884.279542683657,56.0,60.0,68.0,24793.62392929129,24793.62392929129,1728413207,1728413207,16437.00175355272,16437.00175355272,1740253957.0,1740253957.0,,,,
BTC,2025-04-13,1744531200,1746777600,26.0,84433.11997216658,84746.25522522812,84746.25522522812,0.5419028819808784,0.0,0.0,4885.5548136515745,4885.5548136515745,68.0,60.0,68.0,25016.80073858843,25016.80073858843,1728413207,1728413207,16619.775393322903,16619.775393322903,1740253957.0,1740253957.0,,,,
BTC,2025-04-14,1744617600,1746777600,25.0,84542.93807019177,84820.17769461348,84820.17769461348,0.5228891143104754,0.0,0.0,4627.044191686761,4627.044191686766,60.0,60.0,68.0,25085.64179663582,25085.64179663582,1728413207,1728413207,16546.00262571588,16546.00262571588,1740253957.0,1740253957.0,,,,
BTC,2025-04-15,1744704000,1746777600,24.0,85688.39805536348,85974.51247964968,85974.51247964968,0.491718711922632,0.0,0.0,4321.834158330293,4321.834158330297,63.0,59.0,86.0,25420.40499232283,25420.40499232283,1728413207,1728413207,16659.555330783376,16659.555330783376,1740253957.0,1740253957.0,,,,
BTC,2025-04-16,1744790400,1746777600,23.0,83351.53059981727,83583.38027303269,83583.38027303269,0.4718343941877933,0.0,0.0,3947.146824028222,3947.146824028227,14.0,59.0,66.0,24773.609506729765,24773.609506729765,1728413207,1728413207,16166.013156613262,16166.013156613262,1740253957.0,1740253957.0,,,,
BTC,2025-04-17,1744876800,1746777600,22.0,84657.70543364633,84906.51906335072,84906.51906335072,0.4579218850827253,0.0,0.0,3806.087323642025,3806.08732364203,7.0,59.0,60.0,25148.49800038952,25148.49800038952,1728413207,1728413207,16426.398450640754,16426.398450640754,1740253957.0,1740253957.0,,,,
BTC,2025-04-18,1744963200,1746777600,21.0,84631.71061663861,84858.29051030481,84858.29051030481,0.441495389769954,0.0,0.0,3583.3632694830894,3583.3632694830894,10.0,60.0,67.0,25162.933291325386,25162.933291325386,1728413207,1728413207,16441.278281147228,16441.278281147228,1740253957.0,1740253957.0,,,,
BTC,2025-04-19,1745049600,1747382400,27.0,85204.93837826299,85511.46127784743,85511.46127784743,0.4418398863917639,0.0,0.0,4097.071135135036,4097.071135135036,61.0,60.0,65.0,25254.958613894458,25254.958613894458,1728413207,1728413207,16365.245423485185,16365.245423485185,1740253957.0,1740253957.0,,,,
BTC,2025-04-20,1745136000,1747382400,26.0,84784.10607484277,85099.98014509687,85099.98014509687,0.4554569418247156,0.0,0.0,4124.390387958649,4124.390387958649,64.0,60.0,65.0,25119.357752198735,25119.357752198735,1728413207,1728413207,16340.8551862092,16340.8551862092,1740253957.0,1740253957.0,,,,
BTC,2025-04-21,1745222400,1747382400,25.0,87432.05426008391,87778.98878306164,87778.98878306164,0.4768795285613729,0.0,0.0,4367.682909100954,4367.682909100954,57.0,60.0,85.0,25882.681755047444,25882.681755047444,1728413207,1728413207,16937.622164538312,16937.622164538312,1740253957.0,1740253957.0,,,,
BTC,2025-04-22,1745308800,1747382400,24.0,88471.53288885436,88756.20631995962,88756.20631995962,0.4693035677090623,0.0,0.0,4258.531318005985,4258.531318005985,66.0,60.0,94.0,26256.786435551046,26256.786435551046,1728413207,1728413207,17131.237708151653,17131.237708151653,1740253957.0,1740253957.0,,,,
BTC,2025-04-23,1745395200,1747382400,23.0,94132.77239180422,94460.84854163988,94460.84854163988,0.4924866700313487,0.0,0.0,4655.832845377179,4655.832845377184,61.0,60.0,68.0,27911.75556770559,27911.75556770559,1728413207,1728413207,18329.167587949552,18329.167587949552,1740253957.0,1740253957.0,,,,
BTC,2025-04-24,1745481600,1748592000,36.0,92229.26106994494,92638.78241872176,92638.78241872176,0.4569576245088358,0.0,0.0,5299.209625504876,5299.209625504881,60.0,60.0,95.0,27259.256972206666,27259.256972206666,1728413207,1728413207,17781.170324177565,17781.170324177565,1740253957.0,1740253957.0,,,,
BTC,2025-04-25,1745568000,1748592000,35.0,93805.94054993038,94260.30197432535,94260.30197432535,0.4402280079725162,0.0,0.0,5122.334957343349,5122.334957343343,29.0,60.0,95.0,27687.42074058413,27687.42074058413,1728413207,1728413207,17990.757528305956,17990.757528305956,1740253957.0,1740253957.0,,,,
BTC,2025-04-26,1745654400,1747987200,27.0,94648.27686386634,95038.68201864208,95038.68201864208,0.436503644874273,0.0,0.0,4498.614806268827,4498.614806268823,63.0,59.0,68.0,28004.07790438416,28004.07790438416,1728413207,1728413207,18175.442592158448,18175.442592158448,1740253957.0,1740253957.0,,,,
BTC,2025-04-27,1745740800,1748592000,33.0,94101.85152437937,94584.03541599769,94584.03541599769,0.443734448600816,0.0,0.0,5030.828901124398,5030.828901124398,63.0,59.0,86.0,27748.37156569549,27748.37156569549,1728413207,1728413207,18046.91994767297,18046.91994767297,1740253957.0,1740253957.0,,,,
BTC,2025-04-28,1745827200,1748592000,32.0,94727.44881804984,95175.27219221034,95175.27219221034,0.4440762797778308,0.0,0.0,4988.931717423507,4988.931717423512,62.0,59.0,86.0,27970.41127125444,27970.41127125444,1728413207,1728413207,18154.089969931458,18154.089969931458,1740253957.0,1740253957.0,,,,
BTC,2025-04-29,1745913600,1748592000,31.0,94956.72417529498,95408.47460106255,95408.47460106255,0.4396592759095977,0.0,0.0,4873.608889444016,4873.608889444022,61.0,59.0,66.0,28035.266826820924,28035.266826820924,1728413207,1728413207,18176.62951129002,18176.62951129002,1740253957.0,1740253957.0,,,,
BTC,2025-04-30,1746000000,1748592000,30.0,94609.19661044992,95031.37694417188,95031.37694417188,0.4263452402144178,0.0,0.0,4631.081461023506,4631.081461023511,61.0,59.0,82.0,27960.578649413033,27960.578649413033,1728413207,1728413207,18068.170568376107,18068.170568376107,1740253957.0,1740253957.0,,,,
BTC,2025-05-01,1746086400,1748592000,29.0,95052.99862449226,95487.37335567636,95487.37335567636,0.4148978407719961,0.0,0.0,4452.483502722877,4452.483502722872,59.0,59.0,62.0,28081.524856163593,28081.524856163593,1728413207,1728413207,18162.884988173377,18162.884988173377,1740253957.0,1740253957.0,,,,
BTC,2025-05-02,1746172800,1748592000,28.0,96419.1869730033,96936.31486779144,96936.31486779144,0.4335111461148761,0.0,0.0,4640.540923311906,4640.540923311906,66.0,61.0,75.0,28408.62819711287,28408.62819711287,1728413207,1728413207,18498.085892893476,18498.085892893476,1740253957.0,1740253957.0,,,,
BTC,2025-05-03,1746259200,1748592000,27.0,96367.98162881688,96730.73992814486,96730.73992814486,0.4138336729493707,0.0,0.0,4341.168636867247,4341.168636867242,62.0,59.0,116.0,28547.63618931706,28547.63618931706,1728413207,1728413207,18469.386476415093,18469.386476415093,1740253957.0,1740253957.0,,,,
BTC,2025-05-04,1746345600,1748592000,26.0,95882.66000818882,96181.4883496023,96181.4883496023,0.4121635958404779,0.0,0.0,4218.834619169742,4218.834619169747,59.0,59.0,89.0,28465.969661043164,28465.969661043164,1728413207,1728413207,18404.10324216575,18404.10324216575,1740253957.0,1740253957.0,,,,
BTC,2025-05-05,1746432000,1748592000,25.0,94745.43972699674,95002.77865230192,95002.77865230192,0.4158272885765304,0.0,0.0,4122.5759232777855,4122.5759232777855,58.0,60.0,119.0,28166.29299279384,28166.29299279384,1728413207,1728413207,18221.156070456986,18221.156070456986,1740253957.0,1740253957.0,,,,
BTC,2025-05-06,1746518400,1748592000,24.0,94406.0918644926,94652.32808197786,94652.32808197786,0.4013916899304122,0.0,0.0,3884.876909957596,3884.876909957596,34.0,60.0,59.0,28075.591341862517,28075.591341862517,1728413207,1728413207,18204.036257465472,18204.036257465472,1740253957.0,1740253957.0,,,,
BTC,2025-05-07,1746604800,1748592000,23.0,97002.18506759848,97235.92702654631,97235.92702654631,0.4115115214227931,0.0,0.0,4005.375606277325,4005.37560627733,62.0,60.0,59.0,28866.91356133169,28866.91356133169,1728413207,1728413207,18743.62114208527,18743.62114208527,1740253957.0,1740253957.0,,,,
BTC,2025-05-08,1746691200,1748592000,22.0,99255.865376259,99520.67560157635,99520.67560157635,0.4079752528659008,0.0,0.0,3975.031741750788,3975.031741750788,62.0,59.0,81.0,29511.94938756034,29511.94938756034,1728413207,1728413207,19240.46507882864,19240.46507882864,1740253957.0,1740253957.0,,,,
BTC,2025-05-09,1746777600,1748592000,21.0,103754.66965075946,104018.8220096298,104018.8220096298,0.421874516296033,0.0,0.0,4197.427852200265,4197.4278522002705,60.0,59.0,61.0,30862.248536357496,30862.248536357496,1728413207,1728413207,20156.210198261007,20156.210198261007,1740253957.0,1740253957.0,,,,
BTC,2025-05-10,1746864000,1749196800,27.0,103783.32193921764,104287.91110982014,104287.91110982014,0.4398093432244818,0.0,0.0,4973.762835106785,4973.762835106785,59.0,60.0,63.0,30630.407411162767,30630.407411162767,1728413207,1728413207,19948.895313899095,19948.895313899095,1740253957.0,1740253957.0,,,,
BTC,2025-05-11,1746950400,1749196800,26.0,103366.10536029314,103915.57313276338,103915.57313276338,0.4487287039230817,0.0,0.0,4961.983408297013,4961.983408297007,59.0,60.0,63.0,30460.363835617693,30460.363835617693,1728413207,1728413207,19929.33491459134,19929.33491459134,1740253957.0,1740253957.0,,,,
BTC,2025-05-12,1747036800,1749196800,25.0,104469.75053653892,104977.08063356056,104977.08063356056,0.4616328418986721,0.0,0.0,5056.625191767242,5056.625191767236,57.0,60.0,83.0,30833.59506394004,30833.59506394004,1728413207,1728413207,20201.71228727368,20201.71228727368,1740253957.0,1740253957.0,,,,
BTC,2025-05-13,1747123200,1749196800,24.0,102647.5297268502,103119.96276907144,103119.96276907144,0.4152957412636489,0.0,0.0,4378.892712246311,4378.892712246311,63.0,60.0,63.0,30321.82587583382,30321.82587583382,1728413207,1728413207,19817.166418794695,19817.166418794695,1740253957.0,1740253957.0,,,,
BTC,2025-05-14,1747209600,1749196800,23.0,103772.57922775668,104242.88191441169,104242.88191441169,0.4153788399744639,0.0,0.0,4334.326508345136,4334.326508345136,42.0,59.0,95.0,30661.47108167201,30661.47108167201,1728413207,1728413207,20083.926486137556,20083.926486137556,1740253957.0,1740253957.0,,,,
BTC,2025-05-15,1747296000,1749196800,22.0,101827.6565439952,102159.00998413523,102159.00998413523,0.3952060488111755,0.0,0.0,3952.8005947660217,3952.8005947660217,60.0,59.0,75.0,30216.943523058504,30216.943523058504,1728413207,1728413207,19769.588602055337,19769.588602055337,1740253957.0,1740253957.0,,,,
BTC,2025-05-16,1747382400,1749196800,21.0,103725.43944026454,104002.77609748112,104002.77609748112,0.3881765692385899,0.0,0.0,3861.807985626858,3861.8079856268528,58.0,59.0,95.0,30840.29517486279,30840.29517486279,1728413207,1728413207,20214.037701712605,20214.037701712605,1740253957.0,1740253957.0,,,,
BTC,2025-05-17,1747468800,1749801600,27.0,103471.35835524891,103880.72500529532,103880.72500529532,0.3944465115991217,0.0,0.0,4443.8601221341705,4443.860122134176,58.0,59.0,88.0,30632.040856528285,30632.040856528285,1728413207,1728413207,19831.945567097893,19831.945567097893,1740253957.0,1740253957.0,,,,
BTC,2025-05-18,1747555200,1749801600,26.0,103971.72655617529,104388.81447508853,104388.81447508853,0.4051680428084209,0.0,0.0,4501.195683583884,4501.195683583889,59.0,59.0,68.0,30774.430047939357,30774.430047939357,1728413207,1728413207,19970.36426097378,19970.36426097378,1740253957.0,1740253957.0,,,,
BTC,2025-05-19,1747641600,1749801600,25.0,103246.01653270292,103624.19608784944,103624.19608784944,0.4195304485797732,0.0,0.0,4536.701411093092,4536.701411093092,53.0,59.0,68.0,30595.625404664355,30595.625404664355,1728413207,1728413207,19872.451808072445,19872.451808072445,1740253957.0,1740253957.0,,,,
BTC,2025-05-20,1747728000,1749801600,24.0,105037.16732639204,105476.99322756154,105476.99322756154,0.432021938503845,0.0,0.0,4659.193694360842,4659.193694360842,16.0,59.0,88.0,31071.324296748127,31071.324296748127,1728413207,1728413207,20279.064498504824,20279.064498504824,1740253957.0,1740253957.0,,,,
BTC,2025-05-21,1747814400,1749801600,23.0,106608.1563775202,107044.01594361744,107044.01594361744,0.4617351664719467,0.0,0.0,4946.976501090336,4946.97650109033,55.0,59.0,60.0,31546.587347158813,31546.587347158813,1728413207,1728413207,20671.957468179004,20671.957468179004,1740253957.0,1740253957.0,,,,
BTC,2025-05-22,1747900800,1751011200,36.0,111063.20460600668,111905.95507680911,111905.95507680911,0.4552528688587445,0.0,0.0,6377.507766592719,6377.507766592714,13.0,59.0,117.0,32476.21091099955,32476.21091099955,1728413207,1728413207,21454.815601208407,21454.815601208407,1740253957.0,1740253957.0,,,,
BTC,2025-05-23,1747987200,1751011200,35.0,110737.90368229098,111599.21317681317,111599.21317681317,0.4534872258891952,0.0,0.0,6246.936908850778,6246.936908850772,56.0,59.0,77.0,32360.06161016512,32360.06161016512,1728413207,1728413207,21365.17332403763,21365.17332403763,1740253957.0,1740253957.0,,,,
BTC,2025-05-24,1748073600,1750406400,27.0,107613.53408760144,108178.64064331703,108178.64064331703,0.4643873589824208,0.0,0.0,5447.269090446297,5447.269090446297,56.0,59.0,93.0,31718.95367056482,31718.95367056482,1728413207,1728413207,20768.90845101264,20768.90845101264,1740253957.0,1740253957.0,,,,
BTC,2025-05-25,1748160000,1751011200,33.0,107647.22673390228,108360.84336241074,108360.84336241074,0.4754985009527649,0.0,0.0,6175.503201478454,6175.503201478447,57.0,59.0,77.0,31580.551391662204,31580.551391662204,1728413207,1728413207,20847.579622776935,20847.579622776935,1740253957.0,1740253957.0,,,,
BTC,2025-05-26,1748246400,1751011200,32.0,110083.76053539426,110898.39817130384,110898.39817130384,0.4657544801004014,0.0,0.0,6096.448351767679,6096.448351767673,56.0,59.0,77.0,32210.490524708697,32210.490524708697,1728413207,1728413207,21252.777314261173,21252.777314261173,1740253957.0,1740253957.0,,,,
BTC,2025-05-27,1748332800,1751011200,31.0,109488.36947963206,110148.36667314974,110148.36667314974,0.4502267997922203,0.0,0.0,5761.5912038151455,5761.591203815139,56.0,59.0,77.0,32186.513650371944,32186.513650371944,1728413207,1728413207,21023.038985922885,21023.038985922885,1740253957.0,1740253957.0,,,,
BTC,2025-05-28,1748419200,1751011200,30.0,108845.6327902991,109502.29792372568,109502.29792372568,0.4290854018552082,0.0,0.0,5370.533963802512,5370.533963802517,52.0,59.0,78.0,31997.02470366317,31997.02470366317,1728413207,1728413207,20820.346813535623,20820.346813535623,1740253957.0,1740253957.0,,,,
BTC,2025-05-29,1748505600,1751011200,29.0,107892.39034153162,108511.7122226657,108511.7122226657,0.41800077728074,0.0,0.0,5097.593366493602,5097.593366493602,7.0,59.0,78.0,31748.39522132541,31748.39522132541,1728413207,1728413207,20640.469934641776,20640.469934641776,1740253957.0,1740253957.0,,,,
BTC,2025-05-30,1748592000,1751011200,28.0,105019.63440640944,105624.9077811536,105624.9077811536,0.4354019322306465,0.0,0.0,5078.509257082573,5078.509257082573,53.0,59.0,78.0,30900.616947178656,30900.616947178656,1728413207,1728413207,20159.01845320283,20159.01845320283,1740253957.0,1740253957.0,,,,
BTC,2025-05-31,1748678400,1751011200,27.0,103794.93017340104,104316.02176559692,104316.02176559692,0.4261629642918308,0.0,0.0,4820.911790960285,4820.911790960285,56.0,59.0,78.0,30617.38745982442,30617.38745982442,1728413207,1728413207,19927.02280910693,19927.02280910693,1740253957.0,1740253957.0,,,,
BTC,2025-06-01,1748764800,1751011200,26.0,104324.49573322854,104821.10590883436,104821.10590883436,0.4235555176576185,0.0,0.0,4724.743017586615,4724.743017586615,57.0,59.0,78.0,30800.738544362743,30800.738544362743,1728413207,1728413207,20058.954916320108,20058.954916320108,1740253957.0,1740253957.0,,,,
BTC,2025-06-02,1748851200,1751011200,25.0,105405.59822930784,105880.46946182034,105880.46946182034,0.4154369255870838,0.0,0.0,4590.296347293797,4590.296347293804,58.0,60.0,65.0,31146.80823627983,31146.80823627983,1728413207,1728413207,20300.30345933221,20300.30345933221,1740253957.0,1740253957.0,,,,
BTC,2025-06-03,1748937600,1751011200,24.0,105222.61491240172,105632.0412706687,105632.0412706687,0.4033978028795594,0.0,0.0,4357.173625116832,4357.173625116832,58.0,60.0,63.0,31157.358115453513,31157.358115453513,1728413207,1728413207,20308.695616678575,20308.695616678575,1740253957.0,1740253957.0,,,,
BTC,2025-06-04,1749024000,1751011200,23.0,105389.26326079268,105756.23721667334,105756.23721667334,0.3882052545900609,0.0,0.0,4109.823167974815,4109.823167974815,55.0,60.0,63.0,31249.805022357144,31249.805022357144,1728413207,1728413207,20416.934036860956,20416.934036860956,1740253957.0,1740253957.0,,,,
BTC,2025-06-05,1749110400,1751011200,22.0,104536.97614727156,104855.7707112824,104855.7707112824,0.3772062158706971,0.0,0.0,3872.496062073404,3872.496062073404,56.0,60.0,63.0,31042.298280170628,31042.298280170628,1728413207,1728413207,20343.129536483488,20343.129536483488,1740253957.0,1740253957.0,,,,
BTC,2025-06-06,1749196800,1751011200,21.0,103180.69233645356,103422.52972100311,103422.52972100311,0.3842211197689444,0.0,0.0,3801.158654221347,3801.158654221347,57.0,1859.0,1875.0,30712.3703163865,30712.3703163865,1728413207,1728413207,20114.900586548574,20114.900586548574,1740253957.0,1740253957.0,,,,
BTC,2025-06-07,1749283200,1751616000,27.0,104940.73303388,105320.19960960872,105320.19960960872,0.3847696451028283,0.0,0.0,4395.009869124824,4395.0098691248295,50.0,59.0,63.0,31102.7533344353,31102.7533344353,1728413207,1728413207,20117.25235846419,20117.25235846419,1740253957.0,1740253957.0,,,,
BTC,2025-06-08,1749369600,1751616000,26.0,105482.13643452588,105816.1469047598,105816.1469047598,0.393316750531326,0.0,0.0,4429.404311583075,4429.40431158308,40.0,59.0,83.0,31310.630460123855,31310.630460123855,1728413207,1728413207,20253.36564995045,20253.36564995045,1740253957.0,1740253957.0,,,,
BTC,2025-06-09,1749456000,1751616000,25.0,105629.5758415101,105970.44933703312,105970.44933703312,0.3898892519733258,0.0,0.0,4311.926011806532,4311.926011806532,14.0,59.0,63.0,31347.999256930016,31347.999256930016,1728413207,1728413207,20339.06521784986,20339.06521784986,1740253957.0,1740253957.0,,,,
BTC,2025-06-10,1749542400,1751616000,24.0,109267.84716543288,109686.54345239227,109686.54345239227,0.394334605180217,0.0,0.0,4422.853011472139,4422.8530114721325,61.0,59.0,83.0,32361.65786267045,32361.65786267045,1728413207,1728413207,21100.053463066975,21100.053463066975,1740253957.0,1740253957.0,,,,
BTC,2025-06-11,1749628800,1751616000,23.0,109453.4237371583,109859.79306186196,109859.79306186196,0.3997879053263772,0.0,0.0,4396.567652528936,4396.567652528942,53.0,59.0,83.0,32429.657796443833,32429.657796443833,1728413207,1728413207,21185.051547469964,21185.051547469964,1740253957.0,1740253957.0,,,,
BTC,2025-06-12,1749715200,1751616000,22.0,107621.03261834136,107925.47727355524,107925.47727355524,0.3818162005928248,0.0,0.0,4034.542749884539,4034.542749884539,58.0,59.0,76.0,31981.865130288526,31981.865130288526,1728413207,1728413207,20923.7674688412,20923.7674688412,1740253957.0,1740253957.0,,,,
BTC,2025-06-13,1749801600,1751616000,21.0,104940.81582022288,105223.66169881656,105223.66169881656,0.3803203735010924,0.0422,0.0,3828.121494401701,3828.121494401695,56.0,60.0,112.0,31199.398867473166,31199.398867473166,1728413207,1728413207,20477.391244082777,20477.391244082777,1740253957.0,1740253957.0,15159.052824483771,15212.134699983928,1749766801.0,1749467333.0
BTC,2025-06-14,1749888000,1752220800,27.0,105122.541177904,105490.50420606932,105490.50420606932,0.3856006051341008,0.0422,0.0,4411.614918228161,4411.614918228154,24.0,59.0,66.0,31168.799325205877,31168.799325205877,1728413207,1728413207,20149.171104790617,20149.171104790617,1740253957.0,1740253957.0,15169.866551982654,15169.866551982654,1749766801.0,1749766801.0
BTC,2025-06-15,1749974400,1752220800,26.0,105499.78627440754,105916.90093594688,105916.90093594688,0.3880259192434103,0.0422,0.0,4374.0351262162285,4374.035126216234,53.0,59.0,66.0,31232.82122078291,31232.82122078291,1728413207,1728413207,20275.815748283087,20275.815748283087,1740253957.0,1740253957.0,15232.807570617237,15232.807570617237,1749766801.0,1749766801.0
BTC,2025-06-16,1750060800,1752220800,25.0,107049.73862846736,107414.37925163626,107414.37925163626,0.3905196498301493,0.0422,0.0,4377.74001174491,4377.74001174491,55.0,59.0,66.0,31750.28096537132,31750.28096537132,1728413207,1728413207,20614.498661057267,20614.498661057267,1740253957.0,1740253957.0,15450.98030467728,15450.98030467728,1749766801.0,1749766801.0
BTC,2025-06-17,1750147200,1752220800,24.0,106788.00346303594,107117.26481366168,107117.26481366168,0.3893969628878492,0.0422,0.0,4265.21474935119,4265.21474935119,55.0,60.0,60.0,31707.13968828505,31707.13968828505,1728413207,1728413207,20617.51502282329,20617.51502282329,1740253957.0,1740253957.0,15413.35959682187,15413.35959682187,1749766801.0,1749766801.0
BTC,2025-06-18,1750233600,1752220800,23.0,104973.76413930445,105280.4638149161,105280.4638149161,0.3862934765153743,0.0422,0.0,4071.201404567854,4071.201404567854,19.0,59.0,97.0,31185.42956617966,31185.42956617966,1728413207,1728413207,20331.895025220565,20331.895025220565,1740253957.0,1740253957.0,15155.219570867815,15155.219570867815,1750211995.0,1749766801.0
BTC,2025-06-19,1750320000,1753430400,36.0,104668.91132931842,105073.714023574,105073.714023574,0.386530556765863,0.0422626873691679,0.0,5085.412776675399,5085.412776675399,55.0,59.0,80.0,30995.870704539957,30995.870704539957,1728413207,1728413207,19866.661103869577,19866.661103869577,1740253957.0,1740253957.0,15077.076919621635,15077.076919621635,1750211995.0,1750211995.0
BTC,2025-06-20,1750406400,1753430400,35.0,105818.12988001136,106206.19956610844,106206.19956610844,0.3920176742213099,0.0422546469281193,0.0,5140.277633746792,5140.277633746792,19.0,60.0,92.0,31357.36927790632,31357.36927790632,1728413207,1728413207,20097.972189740147,20097.972189740147,1740253957.0,1740253957.0,15238.66201897315,15238.66201897315,1750211995.0,1750211995.0
BTC,2025-06-21,1750492800,1752825600,27.0,103460.19765535218,103733.10222757372,103733.10222757372,0.3780558908965873,0.0422,0.0,4253.3155808735255,4253.315580873532,53.0,60.0,77.0,30765.154724384105,30765.154724384105,1728413207,1728413207,19828.281402270935,19828.281402270935,1740253957.0,1740253957.0,14923.251456809216,14923.251456809216,1750211995.0,1750211995.0
BTC,2025-06-22,1750579200,1753430400,33.0,102476.38431524386,102767.92225923088,102767.92225923088,0.391541136653359,0.0422546469281193,0.0,4823.972490453226,4823.97249045322,14.0,60.0,92.0,30451.377350586154,30451.377350586154,1728413207,1728413207,19463.660273644626,19463.660273644626,1740253957.0,1740253957.0,14753.38298365512,14753.38298365512,1750211995.0,1750211995.0
BTC,2025-06-23,1750665600,1753430400,32.0,101981.29886319124,102291.76262004008,102291.76262004008,0.3985393915468445,0.0422546469281193,0.0,4812.8088474457745,4812.808847445768,53.0,60.0,72.0,30283.925902108535,30283.925902108535,1728413207,1728413207,19390.46791104607,19390.46791104607,1740253957.0,1740253957.0,14682.989358652709,14682.989358652709,1750211995.0,1750211995.0
BTC,2025-06-24,1750752000,1753430400,31.0,105020.69962387317,105367.8726579478,105367.8726579478,0.3895522693751537,0.042225965270843,0.0,4769.636224936175,4769.63622493618,25.0,60.0,83.0,31159.03685308731,31159.03685308731,1728413207,1728413207,19976.43899212698,19976.43899212698,1740253957.0,1740253957.0,15134.88159112689,15134.88159112689,1750211995.0,1750211995.0
BTC,2025-06-25,1750838400,1753430400,30.0,106677.02700150028,106966.97427046992,106966.97427046992,0.3618477043996815,0.042225965270843,0.0,4424.9166023152575,4424.9166023152575,52.0,60.0,63.0,31713.160831480447,31713.160831480447,1728413207,1728413207,20330.32593376597,20330.32593376597,1740253957.0,1740253957.0,15389.908053178511,15389.908053178511,1750211995.0,1750211995.0
BTC,2025-06-26,1750924800,1753430400,29.0,107860.77335403972,108219.521422714,108219.521422714,0.3632310245020098,0.0422113787173018,0.0,4418.3642933618485,4418.3642933618485,52.0,59.0,77.0,31999.483937537636,31999.483937537636,1728413207,1728413207,20612.33223869383,20612.33223869383,1740253957.0,1740253957.0,15571.773745449327,15571.773745449327,1750211995.0,1750211995.0
BTC,2025-06-27,1751011200,1753430400,28.0,106941.29631921688,107191.8261594826,107191.8261594826,0.354592267404472,0.0422113787173018,0.0,4198.160780385587,4198.160780385593,37.0,59.0,97.0,31831.859055499324,31831.859055499324,1728413207,1728413207,20499.967042607805,20499.967042607805,1740253957.0,1740253957.0,15434.613965737266,15434.613965737266,1750211995.0,1750211995.0
BTC,2025-06-28,1751097600,1753430400,27.0,107532.40955355,107823.16029392702,107823.16029392702,0.3463953135219831,0.0422,0.0,4051.062917101157,4051.062917101157,55.0,60.0,67.0,31968.972125687993,31968.972125687993,1728413207,1728413207,20712.287322788587,20712.287322788587,1740253957.0,1740253957.0,15534.3370551382,15534.3370551382,1750211995.0,1750211995.0
BTC,2025-06-29,1751184000,1753430400,26.0,107411.69999059517,107664.60110198367,107664.60110198367,0.3619953376806676,0.0422,0.0,4148.177533118054,4148.177533118054,9.0,60.0,67.0,31970.608885790047,31970.608885790047,1728413207,1728413207,20680.692461591396,20680.692461591396,1740253957.0,1740253957.0,15504.132514002837,15504.132514002837,1750211995.0,1750211995.0
BTC,2025-06-30,1751270400,1753430400,25.0,107630.09063935404,107874.6853393041,107874.6853393041,0.3623741754861455,0.0422,0.0,4079.882816340146,4079.882816340146,52.0,60.0,67.0,32044.43249185617,32044.43249185617,1728413207,1728413207,20782.491028021468,20782.491028021468,1740253957.0,1740253957.0,15537.739206311477,15537.739206311477,1750211995.0,1750211995.0
BTC,2025-07-01,1751356800,1753430400,24.0,107200.43640454693,107403.9091085686,107403.9091085686,0.3444292529721592,0.0422,0.0,3783.103625059909,3783.103625059909,31.0,60.0,87.0,31956.65821734241,31956.65821734241,1728413207,1728413207,20848.134026343687,20848.134026343687,1740253957.0,1740253957.0,15485.892489016062,15485.892489016062,1750211995.0,1750211995.0
BTC,2025-07-02,1751443200,1753430400,23.0,107166.20025171434,107375.61226697432,107375.61226697432,0.3464509597620016,0.0422,0.0,3724.243994620136,3724.243994620136,55.0,60.0,67.0,31940.448060254315,31940.448060254315,1728413207,1728413207,20906.379266577405,20906.379266577405,1740253957.0,1740253957.0,15483.789168539037,15483.789168539037,1750211995.0,1750211995.0
BTC,2025-07-03,1751529600,1753430400,22.0,109306.99024214076,109670.30391069604,109670.30391069604,0.3663725701704071,0.0422,0.0,3934.0564673712142,3934.0564673712142,10.0,59.0,62.0,32428.783404086935,32428.783404086935,1728413207,1728413207,21320.712701732937,21320.712701732937,1740253957.0,1740253957.0,15803.817065808238,15803.817065808238,1750211995.0,1750211995.0
BTC,2025-07-04,1751616000,1753430400,21.0,108764.36139252198,109052.31019499332,109052.31019499332,0.3375758522166828,0.0422,0.0,3521.7692232365393,3521.769223236533,52.0,60.0,75.0,32341.35961528524,32341.35961528524,1728413207,1728413207,21460.574563082817,21460.574563082817,1740253957.0,1740253957.0,15737.486993308676,15737.486993308676,1750211995.0,1750211995.0
BTC,2025-07-05,1751702400,1754035200,27.0,108050.8048288144,108357.19494713862,108357.19494713862,0.3610792018482,0.0422,0.0,4243.568821761049,4243.568821761049,40.0,59.0,69.0,32108.85133032009,32108.85133032009,1728413207,1728413207,20755.54241648772,20755.54241648772,1740253957.0,1740253957.0,15600.529411260652,15600.529411260652,1750211995.0,1750211995.0
BTC,2025-07-06,1751788800,1754035200,26.0,108074.99551501636,108374.27318005312,108374.27318005312,0.3617351055566269,0.0422,0.0,4172.520901566181,4172.520901566181,51.0,59.0,89.0,32123.220989468144,32123.220989468144,1728413207,1728413207,20816.26516594287,20816.26516594287,1740253957.0,1740253957.0,15606.064823448442,15606.064823448442,1750211995.0,1750211995.0
BTC,2025-07-07,1751875200,1754035200,25.0,109082.5603959821,109478.95950888091,109478.95950888091,0.3685197832639725,0.0422,0.0,4210.72433208069,4210.724332080684,53.0,59.0,69.0,32328.369005895805,32328.369005895805,1728413207,1728413207,21063.694797808777,21063.694797808777,1740253957.0,1740253957.0,15763.045435309952,15763.045435309952,1750211995.0,1750211995.0
BTC,2025-07-08,1751961600,1754035200,24.0,108483.65938108409,108816.90542571271,108816.90542571271,0.3540691236350127,0.0422,0.0,3940.075436552957,3940.075436552963,57.0,59.0,69.0,32211.851769696583,32211.851769696583,1728413207,1728413207,21065.67042577697,21065.67042577697,1740253957.0,1740253957.0,15681.831663961402,15681.831663961402,1750211995.0,1750211995.0
BTC,2025-07-09,1752048000,1754035200,23.0,108723.94158768668,109082.34335909966,109082.34335909966,0.3449524675672142,0.0422,0.0,3767.086566354562,3767.086566354562,44.0,59.0,89.0,32258.780704893023,32258.780704893023,1728413207,1728413207,21242.30678826923,21242.30678826923,1740253957.0,1740253957.0,15729.43789800184,15729.43789800184,1750211995.0,1750211995.0
BTC,2025-07-10,1752134400,1754035200,22.0,111269.18053522812,111733.62281768488,111733.62281768488,0.3661722863771567,0.0422,0.0,4005.8815486246945,4005.8815486246945,8.0,60.0,71.0,32916.31187811167,32916.31187811167,1728413207,1728413207,21719.23658831664,21719.23658831664,1740253957.0,1740253957.0,16100.336733767792,16100.336733767792,1750211995.0,1750211995.0
BTC,2025-07-11,1752220800,1754035200,21.0,117614.51173659798,118178.79256805388,118178.79256805388,0.3892291394658173,0.0422,0.0,4400.07895893904,4400.07895893904,54.0,60.0,91.0,34720.072689523484,34720.072689523484,1728413207,1728413207,22956.41338294188,22956.41338294188,1740253957.0,1740253957.0,17016.914364317643,17016.914364317643,1750211995.0,1750211995.0
BTC,2025-07-12,1752307200,1754640000,27.0,117773.29533860028,118329.70787181008,118329.70787181008,0.3622632188130105,0.0422,0.0,4649.3036382199525,4649.3036382199525,10.0,60.0,65.0,34775.57606837029,34775.57606837029,1728413207,1728413207,22653.187902860212,22653.187902860212,1740253957.0,1740253957.0,17033.15172275195,17033.15172275195,1750211995.0,1750211995.0
BTC,2025-07-13,1752393600,1754640000,26.0,118001.47578789743,118633.05129808438,118633.05129808438,0.3703791027441299,0.0422,0.0,4676.5511226371345,4676.551122637141,50.0,64.0,77.0,34768.8672261823,34768.8672261823,1728413207,1728413207,22744.897486224516,22744.897486224516,1740253957.0,1740253957.0,17073.622608171303,17073.622608171303,1750211995.0,1750211995.0
BTC,2025-07-14,1752480000,1754640000,25.0,122742.77389645204,123425.7105009844,123425.7105009844,0.3789764543997994,0.0422,0.0,4881.727364908697,4881.727364908691,42.0,64.0,77.0,36139.89556440327,36139.89556440327,1728413207,1728413207,23703.753074030352,23703.753074030352,1740253957.0,1740253957.0,17760.5549280693,17760.5549280693,1750211995.0,1750211995.0
BTC,2025-07-15,1752566400,1754640000,24.0,116837.35648388272,117410.67546132964,117410.67546132964,0.3906020633341066,0.0422,0.0,4689.53594858483,4689.535948584837,54.0,64.0,77.0,34477.88796771791,34477.88796771791,1728413207,1728413207,22588.26709443116,22588.26709443116,1740253957.0,1740253957.0,16891.49956494884,16891.49956494884,1750211995.0,1750211995.0
BTC,2025-07-16,1752652800,1754640000,23.0,118197.34582211936,118773.2459124836,118773.2459124836,0.3608843654454604,0.0422,0.0,4291.071576234879,4291.071576234879,50.0,64.0,97.0,34883.303656271586,34883.303656271586,1728413207,1728413207,23028.854927251847,23028.854927251847,1740253957.0,1740253957.0,17113.515175695386,17113.515175695386,1750211995.0,1750211995.0
BTC,2025-07-17,1752739200,1754640000,22.0,118383.24753541812,118911.72194252134,118911.72194252134,0.3686454497879891,0.0422,0.0,4292.00595020621,4292.005950206217,56.0,64.0,77.0,34986.49985352221,34986.49985352221,1728413207,1728413207,23101.228060897534,23101.228060897534,1740253957.0,1740253957.0,17132.590728463845,17132.590728463845,1750211995.0,1750211995.0
BTC,2025-07-18,1752825600,1754640000,21.0,119452.2810279504,119967.96294224604,119967.96294224604,0.3741249630922397,0.0422,0.0,4293.4810213609635,4293.4810213609635,54.0,64.0,77.0,35320.0023940895,35320.0023940895,1728413207,1728413207,23366.816040721467,23366.816040721467,1740253957.0,1740253957.0,17285.533450637573,17285.533450637573,1750211995.0,1750211995.0
BTC,2025-07-19,1752912000,1755244800,27.0,118252.93062354918,118905.86562697952,118905.86562697952,0.3656932873207378,0.0422,0.0,4716.141232784765,4716.141232784765,55.0,63.0,65.0,34822.944183634405,34822.944183634405,1728413207,1728413207,22748.37602800966,22748.37602800966,1740253957.0,1740253957.0,17112.431187420305,17112.431187420305,1750211995.0,1750211995.0
BTC,2025-07-20,1752998400,1755244800,26.0,118090.28918585452,118801.8007995988,118801.8007995988,0.368271931827514,0.0422,0.0,4656.580976132227,4656.580976132227,56.0,63.0,85.0,34715.57514201207,34715.57514201207,1728413207,1728413207,22781.070113872735,22781.070113872735,1740253957.0,1740253957.0,17098.749918479116,17098.749918479116,1750211995.0,1750211995.0
BTC,2025-07-21,1753084800,1755244800,25.0,119375.97267393538,120056.30725961596,120056.30725961596,0.3697929628467865,0.0422,0.0,4633.485414413602,4633.485414413602,19.0,63.0,65.0,35132.45721650003,35132.45721650003,1728413207,1728413207,23084.939925807143,23084.939925807143,1740253957.0,1740253957.0,17282.567974276477,17282.567974276477,1750211995.0,1750211995.0
BTC,2025-07-22,1753171200,1755244800,24.0,117982.93155520852,118604.31094304012,118604.31094304012,0.3582081676718426,0.0422,0.0,4344.6276496346045,4344.6276496346045,49.0,63.0,65.0,34773.50007873097,34773.50007873097,1728413207,1728413207,22929.242746919554,22929.242746919554,1740253957.0,1740253957.0,17086.681964722025,17086.681964722025,1750211995.0,1750211995.0
BTC,2025-07-23,1753257600,1755244800,23.0,118407.76643043716,119058.73501717312,119058.73501717312,0.3600482194806326,0.0422,0.0,4291.426557673189,4291.426557673195,49.0,63.0,85.0,34871.36134239518,34871.36134239518,1728413207,1728413207,23085.752292104436,23085.752292104436,1740253957.0,1740253957.0,17154.516774866745,17154.516774866745,1750211995.0,1750211995.0
BTC,2025-07-24,1753344000,1756454400,36.0,118503.3310255502,119396.48957377336,119396.48957377336,0.3795279193363466,0.0423,0.0,5674.049907136513,5674.04990713652,51.0,63.0,66.0,34657.84075944191,34657.84075944191,1728413207,1728413207,22544.852318804304,22544.852318804304,1740253957.0,1740253957.0,17134.469361798445,17134.469361798445,1750211995.0,1750211995.0
BTC,2025-07-25,1753430400,1756454400,35.0,115369.55845716054,115907.49779697528,115907.49779697528,0.3924768097739954,0.0422554969150766,0.0,5616.373308056702,5616.373308056695,49.0,64.0,71.0,34072.928197333444,34072.928197333444,1728413207,1728413207,21930.54559176789,21930.54559176789,1740253957.0,1740253957.0,16629.060436591037,16629.060436591037,1750211995.0,1750211995.0
BTC,2025-07-26,1753516800,1755849600,27.0,117353.67749980465,118068.1105018163,118068.1105018163,0.3607911937535791,0.0422,0.0,4620.190068173853,4620.19006817386,45.0,63.0,98.0,34491.67024792971,34491.67024792971,1728413207,1728413207,22602.422315739204,22602.422315739204,1740253957.0,1740253957.0,16995.06155594312,16995.06155594312,1750211995.0,1750211995.0
BTC,2025-07-27,1753603200,1756454400,33.0,118160.01741883646,119016.85774238364,119016.85774238364,0.3688051588351865,0.0422536529995555,0.0,5262.639082093289,5262.639082093289,45.0,64.0,74.0,34591.164902103745,34591.164902103745,1728413207,1728413207,22511.802463054075,22511.802463054075,1740253957.0,1740253957.0,17101.26266800463,17101.26266800463,1750211995.0,1750211995.0
BTC,2025-07-28,1753689600,1756454400,32.0,118910.90183751464,119837.36634446571,119837.36634446571,0.3782221517527313,0.0422536529995555,0.0,5351.197011807561,5351.197011807568,57.0,63.0,70.0,34746.8060443033,34746.8060443033,1728413207,1728413207,22680.637255157413,22680.637255157413,1740253957.0,1740253957.0,17213.848267936923,17213.848267936923,1750211995.0,1750211995.0
BTC,2025-07-29,1753776000,1756454400,31.0,118874.21453648296,119724.09058582784,119724.09058582784,0.3557055152277897,0.0422536529995555,0.0,4949.054135653555,4949.054135653549,56.0,63.0,75.0,34812.38831159999,34812.38831159999,1728413207,1728413207,22719.783538282427,22719.783538282427,1740253957.0,1740253957.0,17221.727944104194,17221.727944104194,1750211995.0,1750211995.0
BTC,2025-07-30,1753862400,1756454400,30.0,118134.05332864664,118895.75208124726,118895.75208124726,0.3356050293309637,0.0422180872558655,0.0,4561.9610069702485,4561.9610069702485,54.0,63.0,78.0,34678.51724599337,34678.51724599337,1728413207,1728413207,22684.111892194163,22684.111892194163,1740253957.0,1740253957.0,17123.947742813085,17123.947742813085,1750211995.0,1750211995.0
BTC,2025-07-31,1753948800,1756454400,29.0,118678.53458136584,119230.26001258506,119230.26001258506,0.3336703191959192,0.0422180872558655,0.0,4472.050022353947,4472.050022353953,54.0,183.0,198.0,35051.83494319052,35051.83494319052,1728413207,1728413207,22830.657871952193,22830.657871952193,1740253957.0,1740253957.0,17179.06136867482,17179.06136867482,1750211995.0,1750211995.0
BTC,2025-08-01,1754035200,1756454400,28.0,115061.19282162334,115517.53509413484,115517.53509413484,0.3508180119267548,0.0422180872558655,0.0,4476.119038802756,4476.119038802756,33.0,63.0,79.0,34062.01557397551,34062.01557397551,1728413207,1728413207,22100.477270467236,22100.477270467236,1740253957.0,1740253957.0,16634.531704336252,16634.531704336252,1750211995.0,1750211995.0
BTC,2025-08-02,1754121600,1756454400,27.0,113995.88033934993,114390.93837861191,114390.93837861191,0.3337004583833903,0.0422180872558655,0.0,4140.424818895317,4140.424818895311,58.0,63.0,79.0,33803.706062542966,33803.706062542966,1728413207,1728413207,22041.803516475306,22041.803516475306,1740253957.0,1740253957.0,16489.354876042362,16489.354876042362,1750211995.0,1750211995.0
BTC,2025-08-03,1754208000,1756454400,26.0,113704.95915091295,114063.1017065761,114063.1017065761,0.3413898554588466,0.0422180872558655,0.0,4144.726595857818,4144.726595857818,59.0,64.0,89.0,33753.34518961076,33753.34518961076,1728413207,1728413207,22004.178165013072,22004.178165013072,1740253957.0,1740253957.0,16439.92738000297,16439.92738000297,1750211995.0,1750211995.0
BTC,2025-08-04,1754294400,1756454400,25.0,114689.68645895862,115056.11215767523,115056.11215767523,0.335394145194089,0.0422180872558655,0.0,4027.721244345454,4027.721244345454,63.0,64.0,89.0,34040.48023897095,34040.48023897095,1728413207,1728413207,22307.96415625752,22307.96415625752,1740253957.0,1740253957.0,16590.79880948025,16590.79880948025,1750211995.0,1750211995.0
BTC,2025-08-05,1754380800,1756454400,24.0,113973.6496299826,114388.91847274028,114388.91847274028,0.3315545803708055,0.0422180872558655,0.0,3878.6220126207018,3878.6220126207018,50.0,64.0,69.0,33776.82604623708,33776.82604623708,1728413207,1728413207,22284.04906652701,22284.04906652701,1740253957.0,1740253957.0,16500.159428593935,16500.159428593935,1750211995.0,1750211995.0
BTC,2025-08-06,1754467200,1756454400,23.0,114221.44878634266,114634.71922203864,114634.71922203864,0.3124215025377098,0.0422,0.0,3585.6950583319876,3585.6950583319876,62.0,64.0,65.0,33853.164200206826,33853.164200206826,1728413207,1728413207,22586.619461894872,22586.619461894872,1740253957.0,1740253957.0,16552.32597413286,16552.32597413286,1750211995.0,1750211995.0
BTC,2025-08-07,1754553600,1756454400,22.0,114816.40884407972,115257.7888753776,115257.7888753776,0.2960596380763182,0.0422,0.0,3341.4030855359483,3341.4030855359483,44.0,63.0,66.0,34003.54262192605,34003.54262192605,1728413207,1728413207,22988.421405615307,22988.421405615307,1740253957.0,1740253957.0,16656.281088454874,16656.281088454874,1750211995.0,1750211995.0
BTC,2025-08-08,1754640000,1756454400,21.0,116886.89827310498,117434.22251680556,117434.22251680556,0.299323415588715,0.0422,0.0,3362.9110464565915,3362.9110464565983,60.0,243.0,266.0,34518.74523823091,34518.74523823091,1728413207,1728413207,23487.67779723517,23487.67779723517,1740253957.0,1740253957.0,16970.559306465366,16970.559306465366,1750211995.0,1750211995.0
BTC,2025-08-09,1754726400,1757059200,27.0,116774.86933224298,117461.2769652078,117461.2769652078,0.3172150968305152,0.0422,0.0,4041.6565289837104,4041.6565289837167,51.0,65.0,88.0,34346.053166708065,34346.053166708065,1728413207,1728413207,22744.34155610422,22744.34155610422,1740253957.0,1740253957.0,16942.075568353386,16942.075568353386,1750211995.0,1750211995.0
BTC,2025-08-10,1754812800,1757059200,26.0,117812.85338766345,118620.04927044292,118620.04927044292,0.3078540822737816,0.0422,0.0,3887.148876314656,3887.148876314656,60.0,65.0,72.0,34536.66013351956,34536.66013351956,1728413207,1728413207,23131.139843486308,23131.139843486308,1740253957.0,1740253957.0,17118.334962933004,17118.334962933004,1750211995.0,1750211995.0
BTC,2025-08-11,1754899200,1757059200,25.0,121489.20850003886,122277.8856175345,122277.8856175345,0.3277715868713379,0.0422,0.0,4183.306850907054,4183.306850907054,59.0,66.0,77.0,35658.08543251602,35658.08543251602,1728413207,1728413207,23751.35773384977,23751.35773384977,1740253957.0,1740253957.0,17634.134364774916,17634.134364774916,1750211995.0,1750211995.0
BTC,2025-08-12,1754985600,1757059200,24.0,118995.74633166094,119730.23311361112,119730.23311361112,0.321423876452043,0.0422,0.0,3935.757247031153,3935.7572470311457,61.0,66.0,77.0,34964.237117548095,34964.237117548095,1728413207,1728413207,23398.234659167676,23398.234659167676,1740253957.0,1740253957.0,17275.19508084085,17275.19508084085,1750211995.0,1750211995.0
BTC,2025-08-13,1755072000,1757059200,23.0,119602.53480572165,120363.39483922027,120363.39483922027,0.3238737174558355,0.0422,0.0,3902.816133885882,3902.8161338858754,60.0,65.0,64.0,35119.90040821784,35119.90040821784,1728413207,1728413207,23591.842569474386,23591.842569474386,1740253957.0,1740253957.0,17367.871770426307,17367.871770426307,1750211995.0,1750211995.0
BTC,2025-08-14,1755158400,1757059200,22.0,121819.75409237652,122591.42227649488,122591.42227649488,0.3574357825088325,0.0422,0.0,4290.36020021764,4290.360200217647,62.0,65.0,64.0,35774.258043594615,35774.258043594615,1728413207,1728413207,23868.55020457802,23868.55020457802,1740253957.0,1740253957.0,17668.60578083549,17668.60578083549,1750211995.0,1750211995.0
BTC,2025-08-15,1755244800,1757059200,21.0,119043.00874614074,119664.95341858103,119664.95341858103,0.3250298466324696,0.0422,0.0,3720.947332721224,3720.947332721217,59.0,65.0,62.0,35090.95795140191,35090.95795140191,1728413207,1728413207,23648.915869347984,23648.915869347984,1740253957.0,1740253957.0,17274.587538722713,17274.587538722713,1750211995.0,1750211995.0
BTC,2025-08-16,1755331200,1757664000,27.0,117711.6623325769,118441.21478180028,118441.21478180028,0.3227121842475171,0.0422,0.0,4145.952724626435,4145.952724626442,58.0,66.0,103.0,34583.94625054971,34583.94625054971,1728413207,1728413207,22888.35818894003,22888.35818894003,1740253957.0,1740253957.0,17078.70251261567,17078.70251261567,1750211995.0,1750211995.0
BTC,2025-08-17,1755417600,1757664000,26.0,118082.7687113246,118770.4462742088,118770.4462742088,0.3310884970521976,0.0422,0.0,4185.63647413872,4185.636474138727,59.0,66.0,63.0,34737.153050513196,34737.153050513196,1728413207,1728413207,22968.09712011586,22968.09712011586,1740253957.0,1740253957.0,17123.256209470914,17123.256209470914,1750211995.0,1750211995.0
BTC,2025-08-18,1755504000,1757664000,25.0,115285.00298181,115825.16681117204,115825.16681117204,0.3449342203504357,0.0422,0.0,4169.897772721177,4169.897772721177,22.0,65.0,74.0,34045.33706518094,34045.33706518094,1728413207,1728413207,22390.36648680814,22390.36648680814,1740253957.0,1740253957.0,16692.974378727817,16692.974378727817,1750211995.0,1750211995.0
BTC,2025-08-19,1755590400,1757664000,24.0,115021.523665937,115413.13575757164,115413.13575757164,0.3388382067189986,0.0422,0.0,3999.265890769064,3999.26589076907,32.0,65.0,81.0,34114.84500814645,34114.84500814645,1728413207,1728413207,22432.549649897745,22432.549649897745,1740253957.0,1740253957.0,16642.974217403847,16642.974217403847,1750211995.0,1750211995.0
BTC,2025-08-20,1755676800,1757664000,23.0,113507.54246092946,113914.57586549432,113914.57586549432,0.3328457534015835,0.0422,0.0,3795.976872868975,3795.976872868975,57.0,65.0,79.0,33645.22933371397,33645.22933371397,1728413207,1728413207,22266.95213812181,22266.95213812181,1740253957.0,1740253957.0,16434.270434008315,16434.270434008315,1750211995.0,1750211995.0
BTC,2025-08-21,1755763200,1758873600,36.0,113923.30046574262,114648.2685464138,114648.2685464138,0.3294111261890277,0.0422608728617069,0.0,4729.628332389435,4729.628332389435,60.0,65.0,70.0,33452.02205905162,33452.02205905162,1728413207,1728413207,21692.66619369573,21692.66619369573,1740253957.0,1740253957.0,16500.147360660732,16500.147360660732,1750211995.0,1750211995.0
BTC,2025-08-22,1755849600,1758873600,35.0,113107.02991501108,113818.7041378018,113818.7041378018,0.340525087078472,0.0422556943545291,0.0,4785.851666213016,4785.851666213016,34.0,66.0,65.0,33220.43475171258,33220.43475171258,1728413207,1728413207,21530.256431831673,21530.256431831673,1740253957.0,1740253957.0,16373.71736925357,16373.71736925357,1755829813.0,1750211995.0
BTC,2025-08-23,1755936000,1758268800,27.0,115754.06677007872,116487.27141974962,116487.27141974962,0.3162258368909029,0.0422,0.0,3995.650551847434,3995.650551847434,56.0,65.0,77.0,33993.01538135271,33993.01538135271,1728413207,1728413207,22561.99435195859,22561.99435195859,1740253957.0,1740253957.0,16801.83285684584,16801.83285684584,1755829813.0,1755829813.0
BTC,2025-08-24,1756022400,1758873600,33.0,114883.4967381072,115889.19336006652,115889.19336006652,0.3175026735354667,0.0422564137285648,0.0,4412.1069300373165,4412.106930037323,56.0,66.0,66.0,33459.352399472846,33459.352399472846,1728413207,1728413207,22076.891922516545,22076.891922516545,1740253957.0,1740253957.0,16694.90292217664,16694.90292217664,1755829813.0,1755829813.0
BTC,2025-08-25,1756108800,1758873600,32.0,111496.49911932068,112244.03142708808,112244.03142708808,0.3465739595146349,0.0422556943545291,0.0,4593.114640698556,4593.114640698563,53.0,66.0,75.0,32701.417428028788,32701.417428028788,1728413207,1728413207,21297.800473474243,21297.800473474243,1740253957.0,1740253957.0,16150.55639227516,16150.55639227516,1755829813.0,1755829813.0
BTC,2025-08-26,1756195200,1758873600,31.0,110331.66813001364,110987.5637068209,110987.5637068209,0.3518996479999089,0.0422256368875271,0.0,4538.865846911743,4538.865846911743,56.0,65.0,64.0,32443.604862196826,32443.604862196826,1728413207,1728413207,21077.27349178369,21077.27349178369,1740253957.0,1740253957.0,15969.458362535488,15969.458362535488,1755829813.0,1755829813.0
BTC,2025-08-27,1756281600,1758873600,30.0,110729.9642079558,111430.31693460255,111430.31693460255,0.3433786305632703,0.0422256368875271,0.0,4374.471105617295,4374.471105617295,24.0,65.0,79.0,32518.63653573998,32518.63653573998,1728413207,1728413207,21224.56631889724,21224.56631889724,1740253957.0,1740253957.0,16042.707168967228,16042.707168967228,1755829813.0,1755829813.0
BTC,2025-08-28,1756368000,1758873600,29.0,113181.83545144823,113934.55489632644,113934.55489632644,0.3514925909612154,0.0422256368875271,0.0,4501.493931832607,4501.493931832607,57.0,66.0,69.0,33201.83119055627,33201.83119055627,1728413207,1728413207,21724.562508477517,21724.562508477517,1740253957.0,1740253957.0,16399.640839786105,16399.640839786105,1755829813.0,1755829813.0
BTC,2025-08-29,1756454400,1758873600,28.0,110012.69945368497,110584.31770881067,110584.31770881067,0.3533701133142347,0.0422256368875271,0.0,4316.111900883918,4316.111900883918,52.0,66.0,73.0,32432.191580979776,32432.191580979776,1728413207,1728413207,21141.60008636227,21141.60008636227,1740253957.0,1740253957.0,15920.864256209508,15920.864256209508,1755829813.0,1755829813.0
BTC,2025-08-30,1756540800,1758873600,27.0,108542.41627055328,108981.51046301109,108981.51046301109,0.3488961028687299,0.0422256368875271,0.0,4124.122323962787,4124.122323962793,57.0,66.0,79.0,32123.630688708166,32123.630688708166,1728413207,1728413207,20917.86064173175,20917.86064173175,1740253957.0,1740253957.0,15697.91109655884,15697.91109655884,1755829813.0,1755829813.0
BTC,2025-08-31,1756627200,1758873600,26.0,108752.18962436097,109211.8748295646,109211.8748295646,0.351028987969269,0.0422228050981074,0.0,4080.4150704036538,4080.4150704036538,56.0,66.0,71.0,32165.97168210464,32165.97168210464,1728413207,1728413207,21015.186359772808,21015.186359772808,1740253957.0,1740253957.0,15732.68279333692,15732.68279333692,1755829813.0,1755829813.0
BTC,2025-09-01,1756713600,1758873600,25.0,109389.6051410634,109883.55191561396,109883.55191561396,0.3506388221289863,0.0422228050981074,0.0,4021.369345767801,4021.369345767801,54.0,66.0,70.0,32322.934767768475,32322.934767768475,1728413207,1728413207,21212.49243164599,21212.49243164599,1740253957.0,1740253957.0,15832.813856268103,15832.813856268103,1755829813.0,1755829813.0
BTC,2025-09-02,1756800000,1758873600,24.0,110259.28671033526,110704.69652256064,110704.69652256064,0.3613198681477063,0.0422256368875271,0.0,4090.456969836988,4090.456969836988,33.0,66.0,87.0,32632.376200875195,32632.376200875195,1728413207,1728413207,21393.050107128067,21393.050107128067,1740253957.0,1740253957.0,15947.792932871982,15947.792932871982,1755829813.0,1755829813.0
BTC,2025-09-03,1756886400,1758873600,23.0,111121.04094866346,111548.82063186454,111548.82063186454,0.3534241854061808,0.0422228050981074,0.0,3946.8115391044566,3946.8115391044566,34.0,66.0,91.0,32908.532601397965,32908.532601397965,1728413207,1728413207,21670.609684434065,21670.609684434065,1740253957.0,1740253957.0,16078.723070716964,16078.723070716964,1755829813.0,1755829813.0
BTC,2025-09-04,1756972800,1758873600,22.0,110541.6690161655,110899.46144333536,110899.46144333536,0.3597227016558507,0.0422228050981074,0.0,3905.990113247669,3905.990113247669,56.0,65.0,78.0,32804.708277679776,32804.708277679776,1728413207,1728413207,21592.734080053953,21592.734080053953,1740253957.0,1740253957.0,15985.36396776486,15985.36396776486,1755829813.0,1755829813.0
BTC,2025-09-05,1757059200,1758873600,21.0,112994.6550025692,113372.64935094862,113372.64935094862,0.3578242980624026,0.0422,0.0,3880.7719103716104,3880.7719103716167,53.0,66.0,119.0,33520.402152391354,33520.402152391354,1728413207,1728413207,22170.009736196447,22170.009736196447,1740253957.0,1740253957.0,16346.971665525933,16346.971665525933,1755829813.0,1755829813.0
BTC,2025-09-06,1757145600,1759478400,27.0,110818.928440447,111287.10619605413,111287.10619605413,0.3511844860330746,0.0422,0.0,4238.972751613776,4238.972751613776,114.0,66.0,89.0,32777.50077652698,32777.50077652698,1728413207,1728413207,21349.44391150162,21349.44391150162,1740253957.0,1740253957.0,16028.162478412944,16028.162478412944,1755829813.0,1755829813.0
BTC,2025-09-07,1757232000,1759478400,26.0,110777.12340500146,111199.82794986796,111199.82794986796,0.354426966341577,0.0422,0.0,4194.877491257051,4194.877491257051,55.0,66.0,89.0,32810.43247663395,32810.43247663395,1728413207,1728413207,21384.054821065416,21384.054821065416,1740253957.0,1740253957.0,16017.089037794429,16017.089037794429,1755829813.0,1755829813.0
BTC,2025-09-08,1757318400,1759478400,25.0,111281.49397081549,111721.89095950277,111721.89095950277,0.3581290373208332,0.0422,0.0,4175.923269293999,4175.923269293999,56.0,66.0,89.0,32944.051202557355,32944.051202557355,1728413207,1728413207,21534.368224458136,21534.368224458136,1740253957.0,1740253957.0,16093.020836857371,16093.020836857371,1755829813.0,1755829813.0
BTC,2025-09-09,1757404800,1759478400,24.0,112996.79479465637,113502.44935993772,113502.44935993772,0.3513591516014436,0.0422,0.0,4078.297349750987,4078.2973497509806,57.0,66.0,69.0,33393.38387311554,33393.38387311554,1728413207,1728413207,21981.141998488492,21981.141998488492,1740253957.0,1740253957.0,16357.406656532572,16357.406656532572,1755829813.0,1755829813.0
BTC,2025-09-10,1757491200,1759478400,23.0,112561.46914591416,113073.64553906854,113073.64553906854,0.3538332998993395,0.0422,0.0,4005.390908322837,4005.390908322837,58.0,66.0,70.0,33256.26435061985,33256.26435061985,1728413207,1728413207,21961.63153346267,21961.63153346267,1740253957.0,1740253957.0,16297.479698710757,16297.479698710757,1755829813.0,1755829813.0
BTC,2025-09-11,1757577600,1759478400,22.0,114108.8756644662,114630.8291271942,114630.8291271942,0.3380424528575048,0.0422,0.0,3794.224550127668,3794.224550127668,39.0,66.0,101.0,33710.70923661185,33710.70923661185,1728413207,1728413207,22452.65156831983,22452.65156831983,1740253957.0,1740253957.0,16536.408591748248,16536.408591748248,1755829813.0,1755829813.0
BTC,2025-09-12,1757664000,1759478400,21.0,115116.5371028639,115707.87028653934,115707.87028653934,0.3187368935809796,0.0422,0.0,3528.277673910047,3528.277673910047,54.0,66.0,87.0,33943.62794718373,33943.62794718373,1728413207,1728413207,22927.469363417753,22927.469363417753,1740253957.0,1740253957.0,16707.63992262413,16707.63992262413,1755829813.0,1755829813.0
BTC,2025-09-13,1757750400,1760083200,27.0,115831.00961572988,116518.5480757845,116518.5480757845,0.3235134003086353,0.0422,0.0,4088.770885454216,4088.770885454216,35.0,66.0,87.0,34061.76442466432,34061.76442466432,1728413207,1728413207,22511.876348950136,22511.876348950136,1740253957.0,1740253957.0,16801.14176249361,16801.14176249361,1755829813.0,1755829813.0
BTC,2025-09-14,1757836800,1760083200,26.0,115849.26827384744,116524.95420086374,116524.95420086374,0.3184675218616974,0.0422,0.0,3950.0598876463346,3950.059887646341,32.0,66.0,71.0,34079.09455513791,34079.09455513791,1728413207,1728413207,22631.00985170126,22631.00985170126,1740253957.0,1740253957.0,16809.097489637843,16809.097489637843,1755829813.0,1755829813.0
BTC,2025-09-15,1757923200,1760083200,25.0,115880.7187051462,116569.06844909546,116569.06844909546,0.3249483675074239,0.0422,0.0,3953.670446442962,3953.6704464429554,58.0,66.0,71.0,34075.86586759459,34075.86586759459,1728413207,1728413207,22667.002351695926,22667.002351695926,1740253957.0,1740253957.0,16813.576229469643,16813.576229469643,1755829813.0,1755829813.0
BTC,2025-09-16,1758009600,1760083200,24.0,115814.62741708264,116440.37837395925,116440.37837395925,0.327642502492645,0.0422,0.0,3901.623713232632,3901.623713232626,57.0,65.0,99.0,34118.637268248174,34118.637268248174,1728413207,1728413207,22706.627242176677,22706.627242176677,1740253957.0,1740253957.0,16796.9042632648,16796.9042632648,1757933513.0,1755829813.0
BTC,2025-09-17,1758096000,1760083200,23.0,117217.40485720678,117763.36863118105,117763.36863118105,0.3318035410497118,0.0422,0.0,3911.949739484788,3911.9497394847817,56.0,65.0,79.0,34619.257683187774,34619.257683187774,1728413207,1728413207,23022.85771461906,23022.85771461906,1740253957.0,1740253957.0,16989.021969107707,16989.021969107707,1757933513.0,1757933513.0
BTC,2025-09-18,1758182400,1760083200,22.0,117130.2597526274,117663.92168690603,117663.92168690603,0.3187781356150017,0.0422,0.0,3672.789134906667,3672.789134906661,55.0,65.0,79.0,34605.415991509595,34605.415991509595,1728413207,1728413207,23214.35765079783,23214.35765079783,1740253957.0,1740253957.0,16987.371347505374,16987.371347505374,1758145309.0,1757933513.0
BTC,2025-09-19,1758268800,1760083200,21.0,116969.37714811823,117444.75517186389,117444.75517186389,0.3010703679557776,0.0422,0.0,3382.8330040533106,3382.8330040533037,59.0,65.0,79.0,34615.43512068983,34615.43512068983,1728413207,1728413207,23471.277397145277,23471.277397145277,1740253957.0,1740253957.0,16971.62107365424,16971.62107365424,1758145309.0,1758145309.0
BTC,2025-09-20,1758355200,1760688000,27.0,116037.33455848582,116661.02385330093,116661.02385330093,0.3074238911467141,0.0422,0.0,3890.293978042429,3890.2939780424226,64.0,68.0,91.0,34187.511072730646,34187.511072730646,1728413207,1728413207,22678.20106662411,22678.20106662411,1740253957.0,1740253957.0,16834.846612013538,16834.846612013538,1758145309.0,1758145309.0
BTC,2025-09-21,1758441600,1760688000,26.0,115868.1471136167,116475.28852729854,116475.28852729854,0.3076142124202244,0.0422,0.0,3813.8933053634,3813.8933053634,33.0,66.0,91.0,34153.30272040316,34153.30272040316,1728413207,1728413207,22722.18578935536,22722.18578935536,1740253957.0,1740253957.0,16810.85628510169,16810.85628510169,1758145309.0,1758145309.0
BTC,2025-09-22,1758528000,1760688000,25.0,112597.71294388737,113084.77454412816,113084.77454412816,0.3318035703427965,0.0422,0.0,3916.358083867083,3916.358083867083,54.0,66.0,69.0,33292.252282925416,33292.252282925416,1728413207,1728413207,21945.558041333672,21945.558041333672,1740253957.0,1740253957.0,16307.88218787274,16307.88218787274,1758145309.0,1758145309.0
BTC,2025-09-23,1758614400,1760688000,24.0,113183.2582800329,113637.46675942482,113637.46675942482,0.3246717873757743,0.0422,0.0,3773.200997568159,3773.2009975681526,56.0,66.0,89.0,33500.76900461795,33500.76900461795,1728413207,1728413207,22189.636246318572,22189.636246318572,1740253957.0,1740253957.0,16396.23875103491,16396.23875103491,1758145309.0,1758145309.0
BTC,2025-09-24,1758700800,1760688000,23.0,112600.2575799568,113022.34287553997,113022.34287553997,0.3312787468352745,0.0422,0.0,3748.5240936995447,3748.5240936995447,53.0,66.0,69.0,33357.99197840387,33357.99197840387,1728413207,1728413207,22103.844411905575,22103.844411905575,1740253957.0,1740253957.0,16306.440990982348,16306.440990982348,1758145309.0,1758145309.0
BTC,2025-09-25,1758787200,1761897600,36.0,111796.37316558912,112354.26429038517,112354.26429038517,0.3426557584759067,0.0423,0.0,4821.175756703963,4821.1757567039695,60.0,68.0,83.0,32981.0208248807,32981.0208248807,1728413207,1728413207,21229.971938190785,21229.971938190785,1740253957.0,1740253957.0,16159.597443610528,16159.597443610528,1758145309.0,1758145309.0
BTC,2025-09-26,1758873600,1761897600,35.0,109390.02802341836,109872.44669724196,109872.44669724196,0.354513750835012,0.0422558163389544,0.0,4809.517410297512,4809.517410297512,57.0,69.0,94.0,32334.589733201916,32334.589733201916,1728413207,1728413207,20766.963188194022,20766.963188194022,1740253957.0,1740253957.0,15796.060492489503,15796.060492489503,1758145309.0,1758145309.0
BTC,2025-09-27,1758960000,1761292800,27.0,109474.6312908382,109978.40620447267,109978.40620447267,0.3376749349464926,0.0422,0.0,4028.089884633084,4028.089884633084,36.0,78.0,71.0,32338.614473616963,32338.614473616963,1728413207,1728413207,21163.764734133056,21163.764734133056,1740253957.0,1740253957.0,15849.169208278505,15849.169208278505,1758145309.0,1758145309.0
BTC,2025-09-28,1759046400,1761897600,33.0,109596.13634106088,110129.43037274903,110129.43037274903,0.3428003974921828,0.0422558163389544,0.0,4526.610147841279,4526.610147841286,58.0,66.0,118.0,32345.54687063009,32345.54687063009,1728413207,1728413207,20885.902966600304,20885.902966600304,1740253957.0,1740253957.0,15848.401437357472,15848.401437357472,1758145309.0,1758145309.0
BTC,2025-09-29,1759132800,1761897600,32.0,111913.69374692289,112446.32905646376,112446.32905646376,0.343516525544675,0.0422558164942798,0.0,4560.8350233179035,4560.8350233179035,57.0,65.0,67.0,33041.47281453596,33041.47281453596,1728413207,1728413207,21354.190502634156,21354.190502634156,1740253957.0,1740253957.0,16184.36690962934,16184.36690962934,1758145309.0,1758145309.0
BTC,2025-09-30,1759219200,1761897600,31.0,113788.92670560077,114420.94748254296,114420.94748254296,0.3418725057811991,0.0422558164942798,0.0,4546.054089085738,4546.054089085732,37.0,65.0,87.0,33504.65723473801,33504.65723473801,1728413207,1728413207,21766.311877915465,21766.311877915465,1740253957.0,1740253957.0,16472.16337224038,16472.16337224038,1758145309.0,1758145309.0
BTC,2025-10-01,1759305600,1761897600,30.0,114584.64899221068,115212.4588273469,115212.4588273469,0.3354485096759894,0.0422558163389544,0.0,4418.575073049119,4418.575073049119,52.0,65.0,95.0,33747.58486252697,33747.58486252697,1728413207,1728413207,21986.32275152571,21986.32275152571,1740253957.0,1740253957.0,16594.61753212243,16594.61753212243,1758145309.0,1758145309.0
BTC,2025-10-02,1759392000,1761897600,29.0,118557.93828187128,119208.63587697069,119208.63587697069,0.3404954656933144,0.0422092459763137,0.0,4562.627593527678,4562.627593527678,53.0,66.0,77.0,34916.683889461994,34916.683889461994,1728413207,1728413207,22785.239826348443,22785.239826348443,1740253957.0,1740253957.0,17169.310927512102,17169.310927512102,1758145309.0,1758145309.0
BTC,2025-10-03,1759478400,1761897600,28.0,119757.23559685926,120463.05924999256,120463.05924999256,0.3366659904554104,0.0422092459763137,0.0,4479.5920776732,4479.592077673207,59.0,67.0,103.0,35221.347025924464,35221.347025924464,1728413207,1728413207,23111.081027796492,23111.081027796492,1740253957.0,1740253957.0,17356.01959706498,17356.01959706498,1758145309.0,1758145309.0
BTC,2025-10-04,1759564800,1761897600,27.0,122389.25666391816,123229.7263952576,123229.7263952576,0.3487559539075324,0.0422092459763137,0.0,4661.437252379328,4661.4372523793345,53.0,66.0,94.0,35876.307267836,35876.307267836,1728413207,1728413207,23640.468343493943,23640.468343493943,1740253957.0,1740253957.0,17746.958918473367,17746.958918473367,1758145309.0,1758145309.0
BTC,2025-10-05,1759651200,1761897600,26.0,124716.28390950571,125574.01767465132,125574.01767465132,0.3572802723311088,0.0422,0.0,4775.233566991926,4775.233566991933,11.0,66.0,68.0,36557.15140770613,36557.15140770613,1728413207,1728413207,24120.364502198936,24120.364502198936,1740253957.0,1740253957.0,18081.39100593696,18081.39100593696,1758145309.0,1758145309.0
BTC,2025-10-06,1759737600,1761897600,25.0,123418.66873661452,124258.58608294275,124258.58608294275,0.3533572126119533,0.0422,0.0,4582.677250037596,4582.677250037596,51.0,66.0,77.0,36185.68327465614,36185.68327465614,1728413207,1728413207,23962.036559389417,23962.036559389417,1740253957.0,1740253957.0,17899.148196832895,17899.148196832895,1758145309.0,1758145309.0
BTC,2025-10-07,1759824000,1761897600,24.0,123715.24615262958,124472.92251364193,124472.92251364193,0.3600357272905246,0.0422,0.0,4582.848779729558,4582.848779729558,50.0,66.0,111.0,36356.897484776535,36356.897484776535,1728413207,1728413207,24050.445246799867,24050.445246799867,1740253957.0,1740253957.0,17929.671566318222,17929.671566318222,1758145309.0,1758145309.0
BTC,2025-10-08,1759910400,1761897600,23.0,121652.06132718448,122216.5519212453,122216.5519212453,0.3606677463885955,0.0422,0.0,4412.82370115658,4412.8237011565725,15.0,66.0,91.0,35931.127804094525,35931.127804094525,1728413207,1728413207,23698.667730537774,23698.667730537774,1740253957.0,1740253957.0,17610.087575366695,17610.087575366695,1758145309.0,1758145309.0
BTC,2025-10-09,1759996800,1761897600,22.0,121952.00328280826,122475.54365963458,122475.54365963458,0.3618379682280012,0.0422,0.0,4339.060482802636,4339.060482802636,50.0,66.0,71.0,36062.06060801616,36062.06060801616,1728413207,1728413207,23829.89105496651,23829.89105496651,1740253957.0,1740253957.0,17651.19326784709,17651.19326784709,1758145309.0,1758145309.0
BTC,2025-10-10,1760083200,1761897600,21.0,120932.87779427345,121359.47654395468,121359.47654395468,0.3682739898995609,0.0422,0.0,4275.400844018601,4275.4008440185935,27.0,66.0,71.0,35853.264588600774,35853.264588600774,1728413207,1728413207,23670.70458875958,23670.70458875958,1740253957.0,1740253957.0,17491.063134471988,17491.063134471988,1758145309.0,1758145309.0
BTC,2025-10-11,1760169600,1762502400,27.0,110382.7339649416,110739.0167492642,110739.0167492642,0.4377534380005795,0.0422,0.0,5256.77387300159,5256.773873001596,49.0,65.0,69.0,32758.53740515986,32758.53740515986,1728413207,1728413207,21184.630199825064,21184.630199825064,1740253957.0,1740253957.0,15886.440115227111,15886.440115227111,1760136931.0,1758145309.0
BTC,2025-10-12,1760256000,1762502400,26.0,111621.12006648775,112064.19222174848,112064.19222174848,0.4383356358244981,0.0422,0.0,5227.286960212279,5227.286960212279,51.0,65.0,69.0,33043.26386468561,33043.26386468561,1728413207,1728413207,21472.480113229052,21472.480113229052,1740253957.0,1740253957.0,16080.155691070651,16080.155691070651,1760136931.0,1760136931.0
BTC,2025-10-13,1760342400,1762502400,25.0,115444.52408982796,115986.68807120234,115986.68807120234,0.42470116666553,0.0422,0.0,5140.456982667636,5140.456982667636,46.0,66.0,75.0,34091.193245574,34091.193245574,1728413207,1728413207,22242.614083105174,22242.614083105174,1740253957.0,1740253957.0,16657.340696763433,16657.340696763433,1760136931.0,1760136931.0
BTC,2025-10-14,1760428800,1762502400,24.0,111757.0140377804,112131.34457653444,112131.34457653444,0.4273153561789937,0.0422,0.0,4899.2270119141895,4899.227011914195,49.0,66.0,95.0,33152.77367258009,33152.77367258009,1728413207,1728413207,21557.848384639805,21557.848384639805,1740253957.0,1740253957.0,16108.129553403884,16108.129553403884,1760136931.0,1760136931.0
BTC,2025-10-15,1760515200,1762502400,23.0,112669.8619004256,113064.24054664366,113064.24054664366,0.4188231885358708,0.0422,0.0,4740.056943292649,4740.056943292642,49.0,66.0,65.0,33406.57992390962,33406.57992390962,1728413207,1728413207,21786.648560192585,21786.648560192585,1740253957.0,1740253957.0,16252.757757616891,16252.757757616891,1760136931.0,1760136931.0
BTC,2025-10-16,1760601600,1762502400,22.0,110631.18349170698,110949.9151764644,110949.9151764644,0.4365592130061637,0.0422,0.0,4741.734982821925,4741.73498282193,46.0,65.0,81.0,32870.62336275468,32870.62336275468,1728413207,1728413207,21438.888121048083,21438.888121048083,1740253957.0,1740253957.0,15942.705122486244,15942.705122486244,1760136931.0,1760136931.0
BTC,2025-10-17,1760688000,1762502400,21.0,105610.28675535292,105846.8596596144,105846.8596596144,0.4856943394389578,0.0422,0.0,4916.64393472099,4916.643934720995,40.0,66.0,70.0,31446.513122344397,31446.513122344397,1728413207,1728413207,20584.5771523202,20584.5771523202,1740253957.0,1740253957.0,15185.196554251675,15185.196554251675,1760136931.0,1760136931.0
BTC,2025-10-18,1760774400,1763107200,27.0,106724.25284072824,107216.61477768104,107216.61477768104,0.4616636334879155,0.0422,0.0,5367.203363673504,5367.203363673498,23.0,68.0,73.0,31524.913915265668,31524.913915265668,1728413207,1728413207,20576.625548553304,20576.625548553304,1740253957.0,1740253957.0,15362.572982674905,15362.572982674905,1760136931.0,1760136931.0
BTC,2025-10-19,1760860800,1763107200,26.0,106839.14049962672,107285.18686452466,107285.18686452466,0.4626197661782986,0.0422,0.0,5281.271034481783,5281.271034481777,30.0,65.0,69.0,31605.695784990083,31605.695784990083,1728413207,1728413207,20621.94677510165,20621.94677510165,1740253957.0,1740253957.0,15377.227077197898,15377.227077197898,1760136931.0,1760136931.0
BTC,2025-10-20,1760947200,1763107200,25.0,111258.88140444632,111749.7946564727,111749.7946564727,0.4441844129202177,0.0422,0.0,5179.635550027139,5179.635550027134,17.0,68.0,73.0,32886.75116930751,32886.75116930751,1728413207,1728413207,21460.808272968166,21460.808272968166,1740253957.0,1740253957.0,16035.320742596256,16035.320742596256,1760136931.0,1760136931.0
BTC,2025-10-21,1761033600,1763107200,24.0,108157.32492349292,108517.58175939046,108517.58175939046,0.4440438805765669,0.0422,0.0,4926.75190890453,4926.75190890453,40.0,66.0,74.0,32086.940641150315,32086.940641150315,1728413207,1728413207,20883.429702397363,20883.429702397363,1740253957.0,1740253957.0,15577.739145239206,15577.739145239206,1760136931.0,1760136931.0
BTC,2025-10-22,1761120000,1763107200,23.0,108325.59687357346,108645.63831446233,108645.63831446233,0.4644178705511874,0.0422,0.0,5050.133836977269,5050.133836977263,48.0,66.0,72.0,32177.637621183178,32177.637621183178,1728413207,1728413207,20992.43283936368,20992.43283936368,1740253957.0,1740253957.0,15588.16336447754,15588.16336447754,1760136931.0,1760136931.0
BTC,2025-10-23,1761206400,1764316800,36.0,109287.27830302667,109884.04324635371,109884.04324635371,0.4530175291558389,0.0422671339643867,0.0,6231.582745133099,6231.582745133105,46.0,66.0,95.0,32189.418547580965,32189.418547580965,1728413207,1728413207,21061.304726021503,21061.304726021503,1740253957.0,1740253957.0,15707.542689542908,15707.542689542908,1760136931.0,1760136931.0
BTC,2025-10-24,1761292800,1764316800,35.0,111122.8589035386,111635.10480830797,111635.10480830797,0.4173631828644701,0.0422671339643867,0.0,5751.887761933878,5751.887761933878,46.0,66.0,72.0,32824.61176629224,32824.61176629224,1728413207,1728413207,21199.797171857725,21199.797171857725,1740253957.0,1740253957.0,15994.452724730218,15994.452724730218,1760136931.0,1760136931.0
BTC,2025-10-25,1761379200,1763712000,27.0,111515.9745209653,111930.5076436494,111930.5076436494,0.4012800202487718,0.0422,0.0,4871.0885336376805,4871.0885336376805,43.0,66.0,64.0,33040.259233605495,33040.259233605495,1728413207,1728413207,21367.2595279878,21367.2595279878,1740253957.0,1740253957.0,16084.023724961668,16084.023724961668,1760136931.0,1760136931.0
BTC,2025-10-26,1761465600,1764316800,33.0,111738.84616122428,112247.90061231094,112247.90061231094,0.4119235702765647,0.0422671351596468,0.0,5542.911435467747,5542.911435467747,45.0,65.0,63.0,33012.599397280625,33012.599397280625,1728413207,1728413207,21295.043279749247,21295.043279749247,1740253957.0,1740253957.0,16095.17619630739,16095.17619630739,1760136931.0,1760136931.0
BTC,2025-10-27,1761552000,1764316800,32.0,115540.64328506276,116235.69904980077,116235.69904980077,0.3952804910646689,0.0422671351596468,0.0,5424.200218888419,5424.200218888419,17.0,65.0,77.0,33967.1372207808,33967.1372207808,1728413207,1728413207,22016.287788606547,22016.287788606547,1740253957.0,1740253957.0,16683.8520507665,16683.8520507665,1760136931.0,1760136931.0
BTC,2025-10-28,1761638400,1764316800,31.0,114194.84413397162,114753.49035539907,114753.49035539907,0.3915936941216453,0.0422671351596468,0.0,5221.682368519428,5221.682368519428,44.0,65.0,77.0,33699.80701876402,33699.80701876402,1728413207,1728413207,21749.9938411091,21749.9938411091,1740253957.0,1740253957.0,16479.425049548212,16479.425049548212,1760136931.0,1760136931.0
BTC,2025-10-29,1761724800,1764316800,30.0,113587.04446866324,114102.75354320044,114102.75354320044,0.3942091953623081,0.0422671351596468,0.0,5141.810376032524,5141.810376032524,42.0,65.0,97.0,33560.40426606178,33560.40426606178,1728413207,1728413207,21645.069156790018,21645.069156790018,1740253957.0,1740253957.0,16388.199461027507,16388.199461027507,1760136931.0,1760136931.0
BTC,2025-10-30,1761811200,1764316800,29.0,111395.63072799932,111809.57346590552,111809.57346590552,0.4090752395491887,0.0422671351596468,0.0,5140.487128749071,5140.487128749071,37.0,65.0,77.0,33004.74648049361,33004.74648049361,1728413207,1728413207,21263.453358426723,21263.453358426723,1740253957.0,1740253957.0,16052.148232087004,16052.148232087004,1760136931.0,1760136931.0
BTC,2025-10-31,1761897600,1764316800,28.0,109460.7618006944,109831.95179609268,109831.95179609268,0.4070694997478496,0.0422671351596468,0.0,4937.5321638480955,4937.532163848102,21.0,65.0,77.0,32467.038544810024,32467.038544810024,1728413207,1728413207,20926.228119095693,20926.228119095693,1740253957.0,1740253957.0,15774.260979065,15774.260979065,1760136931.0,1760136931.0
BTC,2025-11-01,1761984000,1764316800,27.0,110042.33723908666,110386.86401846525,110386.86401846525,0.3955482042276955,0.0422671351596468,0.0,4735.35929881302,4735.35929881302,27.0,66.0,83.0,32668.174392347424,32668.174392347424,1728413207,1728413207,21076.79860223714,21076.79860223714,1740253957.0,1740253957.0,15866.94602258756,15866.94602258756,1760136931.0,1760136931.0
BTC,2025-11-02,1762070400,1764316800,26.0,110945.26962442083,111334.15574026572,111334.15574026572,0.4031561688484458,0.0422671351596468,0.0,4776.8606234972,4776.860623497207,30.0,66.0,83.0,32894.69477148138,32894.69477148138,1728413207,1728413207,21301.5977905364,21301.5977905364,1740253957.0,1740253957.0,16001.312385245868,16001.312385245868,1760136931.0,1760136931.0
BTC,2025-11-03,1762156800,1764316800,25.0,107503.67952532784,107846.43113015944,107846.43113015944,0.4134436442938451,0.0422671351596468,0.0,4653.116385317907,4653.116385317913,31.0,66.0,122.0,31908.35225276678,31908.35225276678,1728413207,1728413207,20682.17028326611,20682.17028326611,1740253957.0,1740253957.0,15497.515726294376,15497.515726294376,1760136931.0,1760136931.0
BTC,2025-11-04,1762243200,1764316800,24.0,104510.50291671613,104682.4414964897,104682.4414964897,0.4267501890856734,0.0422671351596468,0.0,4567.727352435746,4567.727352435746,30.0,66.0,102.0,31181.212295241243,31181.212295241243,1728413207,1728413207,20132.04820554515,20132.04820554515,1740253957.0,1740253957.0,15040.104685400447,15040.104685400447,1760136931.0,1760136931.0
BTC,2025-11-05,1762329600,1764316800,23.0,102062.52098664996,102263.25216276324,102263.25216276324,0.4421671256778532,0.0422,0.0,4525.960000380852,4525.960000380846,31.0,65.0,93.0,30418.025119881713,30418.025119881713,1728413207,1728413207,19723.058947931248,19723.058947931248,1740253957.0,1740253957.0,14687.229725581015,14687.229725581015,1760136931.0,1760136931.0
BTC,2025-11-06,1762416000,1764316800,22.0,103205.75321813206,103476.26767309624,103476.26767309624,0.4007772150022487,0.0422,0.0,4060.1641392474385,4060.1641392474385,26.0,66.0,73.0,30691.21151047543,30691.21151047543,1728413207,1728413207,20016.154104263784,20016.154104263784,1740253957.0,1740253957.0,14890.930638040712,14890.930638040712,1760136931.0,1760136931.0
BTC,2025-11-07,1762502400,1764316800,21.0,102008.62249799533,102195.11860884132,102195.11860884132,0.4233753492777967,0.0422,0.0,4138.494822984148,4138.494822984148,33.0,66.0,73.0,30416.0906385526,30416.0906385526,1728413207,1728413207,19804.590087609635,19804.590087609635,1740253957.0,1740253957.0,14698.329010093552,14698.329010093552,1760136931.0,1760136931.0
BTC,2025-11-08,1762588800,1764921600,27.0,102355.24683410082,102688.18836159976,102688.18836159976,0.4039675981417305,0.0422,0.0,4498.773635763942,4498.773635763948,29.0,65.0,91.0,30373.632522731303,30373.632522731303,1728413207,1728413207,19604.694842318742,19604.694842318742,1740253957.0,1740253957.0,14754.569400090322,14754.569400090322,1760136931.0,1760136931.0
BTC,2025-11-09,1762675200,1764921600,26.0,101959.05402443664,102180.77276375477,102180.77276375477,0.4205775723225662,0.0422,0.0,4573.383729312549,4573.383729312549,31.0,65.0,73.0,30365.997468012883,30365.997468012883,1728413207,1728413207,19560.681423085465,19560.681423085465,1740253957.0,1740253957.0,14675.620324779064,14675.620324779064,1760136931.0,1760136931.0
BTC,2025-11-10,1762761600,1764921600,25.0,106463.18206179996,106829.36353130949,106829.36353130949,0.4208398055912222,0.0422,0.0,4691.606991524488,4691.606991524488,17.0,65.0,73.0,31572.773149030465,31572.773149030465,1728413207,1728413207,20488.734259072367,20488.734259072367,1740253957.0,1740253957.0,15346.175667709053,15346.175667709053,1760136931.0,1760136931.0
BTC,2025-11-11,1762848000,1764921600,24.0,104773.08637188456,105029.03450596544,105029.03450596544,0.409496976829377,0.0422,0.0,4397.74295160967,4397.742951609676,35.0,65.0,62.0,31175.977777484488,31175.977777484488,1728413207,1728413207,20194.18870962214,20194.18870962214,1740253957.0,1740253957.0,15100.42877865996,15100.42877865996,1760136931.0,1760136931.0
BTC,2025-11-12,1762934400,1764921600,23.0,103124.96234673331,103364.50484289337,103364.50484289337,0.4205152586927975,0.0422,0.0,4350.9003743737585,4350.900374373764,29.0,66.0,82.0,30697.946207859957,30697.946207859957,1728413207,1728413207,19921.864640169435,19921.864640169435,1740253957.0,1740253957.0,14858.590208529571,14858.590208529571,1760136931.0,1760136931.0
BTC,2025-11-13,1763020800,1764921600,22.0,103470.90264440337,103689.6876448337,103689.6876448337,0.4109144792719147,0.0422,0.0,4171.361722727761,4171.361722727767,32.0,65.0,62.0,30822.48579289067,30822.48579289067,1728413207,1728413207,20045.20710791478,20045.20710791478,1740253957.0,1740253957.0,14915.957616764594,14915.957616764594,1760136931.0,1760136931.0
BTC,2025-11-14,1763107200,1764921600,21.0,97130.2662987526,97257.25446269668,97257.25446269668,0.4513533125025,0.0422,0.0,4198.555184487764,4198.555184487758,31.0,65.0,79.0,29012.09172568171,29012.09172568171,1728413207,1728413207,18855.52480314399,18855.52480314399,1740253957.0,1740253957.0,13972.998159823785,13972.998159823785,1760136931.0,1760136931.0
BTC,2025-11-15,1763193600,1765526400,27.0,96322.93360003096,96543.4359346408,96543.4359346408,0.4582601616986185,0.0422,0.0,4797.327182580562,4797.327182580568,30.0,65.0,73.0,28676.377745399463,28676.377745399463,1728413207,1728413207,18525.730284243335,18525.730284243335,1740253957.0,1740253957.0,13837.679370260992,13837.679370260992,1760136931.0,1760136931.0
BTC,2025-11-16,1763280000,1765526400,26.0,96083.96783530268,96283.82342388162,96283.82342388162,0.4635231555996887,0.0422,0.0,4748.956522939946,4748.95652293994,33.0,70.0,69.0,28625.334762011866,28625.334762011866,1728413207,1728413207,18517.590536832624,18517.590536832624,1740253957.0,1740253957.0,13801.835516253934,13801.835516253934,1760136931.0,1760136931.0
BTC,2025-11-17,1763366400,1765526400,25.0,95696.61270880562,95894.10790725128,95894.10790725128,0.4594828699494717,0.0422,0.0,4597.622149160807,4597.622149160807,31.0,77.0,90.0,28511.48861419603,28511.48861419603,1728413207,1728413207,18458.078826972276,18458.078826972276,1740253957.0,1740253957.0,13753.042209049414,13753.042209049414,1760136931.0,1760136931.0
BTC,2025-11-18,1763452800,1765526400,24.0,90505.37392146258,90652.79949630832,90652.79949630832,0.4916226206597149,0.0422,0.0,4556.116608266741,4556.116608266747,26.0,69.0,102.0,27004.18660159302,27004.18660159302,1728413207,1728413207,17571.526231790354,17571.526231790354,1740253957.0,1740253957.0,12987.987376552635,12987.987376552635,1760136931.0,1760136931.0
BTC,2025-11-19,1763539200,1765526400,23.0,91877.95586971343,92114.7289211447,92114.7289211447,0.4825476438472978,0.0422,0.0,4448.682174310244,4448.682174310249,26.0,65.0,91.0,27326.61370948276,27326.61370948276,1728413207,1728413207,17845.80422836049,17845.80422836049,1740253957.0,1740253957.0,13206.58406321076,13206.58406321076,1760136931.0,1760136931.0
BTC,2025-11-20,1763625600,1766736000,36.0,92251.9596914085,92697.01473482726,92697.01473482726,0.4668445450359613,0.0423,0.0,5417.065414020908,5417.065414020908,35.0,65.0,81.0,27230.53286400379,27230.53286400379,1728413207,1728413207,17848.619003012835,17848.619003012835,1740253957.0,1740253957.0,13241.049817104868,13241.049817104868,1760136931.0,1760136931.0
BTC,2025-11-21,1763712000,1766736000,35.0,84016.42537836754,84239.22579516492,84239.22579516492,0.5402942178028517,0.0423,0.0,5616.1156735770655,5616.115673577061,22.0,68.0,94.0,24982.12719671287,24982.12719671287,1728413207,1728413207,16685.389420453583,16685.389420453583,1740253957.0,1740253957.0,11990.128105721697,11990.128105721697,1760136931.0,1760136931.0
BTC,2025-11-22,1763798400,1766131200,27.0,84550.34376084308,84714.5652265754,84714.5652265754,0.5325294375775238,0.0422,0.0,4890.663138788827,4890.663138788823,29.0,66.0,71.0,25200.881662520605,25200.881662520605,1728413207,1728413207,16564.838256921645,16564.838256921645,1740253957.0,1740253957.0,12100.637084257,12100.637084257,1760136931.0,1760136931.0
BTC,2025-11-23,1763884800,1766736000,33.0,85773.4088020295,86047.32326605519,86047.32326605519,0.5374021180929665,0.0423,0.0,5540.960543264692,5540.960543264697,29.0,65.0,72.0,25458.10817658317,25458.10817658317,1728413207,1728413207,16947.73814730032,16947.73814730032,1740253957.0,1740253957.0,12258.181398637653,12258.181398637653,1760136931.0,1760136931.0
BTC,2025-11-24,1763971200,1766736000,32.0,87043.58520636053,87330.70075237253,87330.70075237253,0.5069614962698114,0.0423,0.0,5224.839568664974,5224.839568664974,18.0,66.0,72.0,25825.960015896148,25825.960015896148,1728413207,1728413207,16966.95080608553,16966.95080608553,1740253957.0,1740253957.0,12465.273872899164,12465.273872899164,1760136931.0,1760136931.0
BTC,2025-11-25,1764057600,1766736000,31.0,87380.87026985177,87682.46451109894,87682.46451109894,0.4915750366213212,0.0423,0.0,5006.979269705004,5006.979269705,58.0,70.0,97.0,25912.666839708367,25912.666839708367,1728413207,1728413207,16925.01114365375,16925.01114365375,1740253957.0,1740253957.0,12529.54686745624,12529.54686745624,1760136931.0,1760136931.0
BTC,2025-11-26,1764144000,1766736000,30.0,87916.30641030126,88229.3517872557,88229.3517872557,0.4625605088610759,0.0423,0.0,4664.313864732748,4664.313864732742,52.0,65.0,123.0,26061.84654613594,26061.84654613594,1728413207,1728413207,16884.153117855996,16884.153117855996,1740253957.0,1740253957.0,12630.079504956844,12630.079504956844,1760136931.0,1760136931.0
BTC,2025-11-27,1764230400,1766736000,29.0,91416.10209203878,91720.59830879889,91720.59830879889,0.4529311343307028,0.0422114126102686,0.0,4668.386673406906,4668.386673406906,63.0,66.0,72.0,27120.33441085153,27120.33441085153,1728413207,1728413207,17536.922847577982,17536.922847577982,1740253957.0,1740253957.0,13140.509070757307,13140.509070757307,1760136931.0,1760136931.0
BTC,2025-11-28,1764316800,1766736000,28.0,90897.1947425628,91176.37832870104,91176.37832870104,0.4546066392281213,0.0422114126102686,0.0,4576.926625426443,4576.926625426443,65.0,68.0,80.0,26989.974836630587,26989.974836630587,1728413207,1728413207,17459.95220649367,17459.95220649367,1740253957.0,1740253957.0,13065.78179999313,13065.78179999313,1760136931.0,1760136931.0
BTC,2025-11-29,1764403200,1767168000,32.0,90580.4029412806,90919.28545716594,90919.28545716594,0.4510443244157527,0.0422471270151479,0.0,4840.510908671637,4840.510908671631,27.0,66.0,70.0,26835.23836649886,26835.23836649886,1728413207,1728413207,17372.412071427025,17372.412071427025,1740253957.0,1740253957.0,13014.718906898095,13014.718906898095,1760136931.0,1760136931.0
BTC,2025-11-30,1764489600,1767168000,31.0,90986.7984991818,91350.36715836237,91350.36715836237,0.4496177655666196,0.0422471270151479,0.0,4771.859395206359,4771.859395206365,15.0,66.0,70.0,26932.470890573964,26932.470890573964,1728413207,1728413207,17439.901849842434,17439.901849842434,1740253957.0,1740253957.0,13081.029660542064,13081.029660542064,1760136931.0,1760136931.0
BTC,2025-12-01,1764576000,1767168000,30.0,86539.23571611053,86766.70665630978,86766.70665630978,0.472714214884815,0.0422471270151479,0.0,4687.527039489261,4687.527039489261,56.0,66.0,70.0,25734.299774633917,25734.299774633917,1728413207,1728413207,16646.9754170048,16646.9754170048,1740253957.0,1740253957.0,12415.343552010178,12415.343552010178,1760136931.0,1760136931.0
BTC,2025-12-02,1764662400,1767168000,29.0,87045.538463023,87316.68813358586,87316.68813358586,0.4732130529475908,0.0422471270151479,0.0,4642.957903086976,4642.957903086976,62.0,66.0,70.0,25842.51186834403,25842.51186834403,1728413207,1728413207,16766.78168959565,16766.78168959565,1740253957.0,1740253957.0,12497.392326046682,12497.392326046682,1760136931.0,1760136931.0
BTC,2025-12-03,1764748800,1767168000,28.0,93006.29165659596,93335.61727878562,93335.61727878562,0.453006283486016,0.0422471270151479,0.0,4668.84530033264,4668.845300332646,24.0,66.0,90.0,27572.561874789113,27572.561874789113,1728413207,1728413207,17866.89803409972,17866.89803409972,1740253957.0,1740253957.0,13375.727419941584,13375.727419941584,1760136931.0,1760136931.0
BTC,2025-12-04,1764835200,1767168000,27.0,93430.44648838876,93750.99130364,93750.99130364,0.4407067446041801,0.0422471270151479,0.0,4480.341948428718,4480.341948428718,52.0,66.0,81.0,27708.58913126541,27708.58913126541,1728413207,1728413207,17940.23146640716,17940.23146640716,1740253957.0,1740253957.0,13447.257123086036,13447.257123086036,1760136931.0,1760136931.0
BTC,2025-12-05,1764921600,1767168000,26.0,92245.09918517484,92464.1498436412,92464.1498436412,0.4403507971253089,0.0422,0.0,4332.8393217915045,4332.8393217915,62.0,66.0,110.0,27454.479097086103,27454.479097086103,1728413207,1728413207,17726.045639810905,17726.045639810905,1740253957.0,1740253957.0,13267.985949041333,13267.985949041333,1760136931.0,1760136931.0
BTC,2025-12-06,1765008000,1767340800,27.0,89612.02417006371,89831.09895935195,89831.09895935195,0.4529289557418373,0.0422,0.0,4411.921550652901,4411.921550652901,51.0,65.0,75.0,26664.53246173088,26664.53246173088,1728413207,1728413207,17222.356886149006,17222.356886149006,1740253957.0,1740253957.0,12878.643183580933,12878.643183580933,1760136931.0,1760136931.0
BTC,2025-12-07,1765094400,1767340800,26.0,89386.47001906302,89583.8875429828,89583.8875429828,0.4681688117239602,0.0422,0.0,4462.726160176512,4462.726160176517,31.0,68.0,100.0,26618.52348179913,26618.52348179913,1728413207,1728413207,17242.41203516886,17242.41203516886,1740253957.0,1740253957.0,12838.60628651251,12838.60628651251,1760136931.0,1760136931.0
BTC,2025-12-08,1765180800,1767340800,25.0,91538.69870591148,91799.1669914249,91799.1669914249,0.4654134734138178,0.0422,0.0,4458.029364978788,4458.029364978788,62.0,65.0,71.0,27201.141326260025,27201.141326260025,1728413207,1728413207,17682.716786569843,17682.716786569843,1740253957.0,1740253957.0,13161.571580374492,13161.571580374492,1760136931.0,1760136931.0
BTC,2025-12-09,1765267200,1767340800,24.0,90493.62343181466,90723.62758483712,90723.62758483712,0.4484412365950695,0.0422,0.0,4159.642223337529,4159.642223337529,61.0,65.0,111.0,26918.082876521945,26918.082876521945,1728413207,1728413207,17468.57874413502,17468.57874413502,1740253957.0,1740253957.0,13021.643794801708,13021.643794801708,1760136931.0,1760136931.0
BTC,2025-12-10,1765353600,1767340800,23.0,92741.64118157416,92974.5513826582,92974.5513826582,0.4376751409866515,0.0422,0.0,4073.1006084124897,4073.1006084124847,62.0,65.0,81.0,27589.582153388237,27589.582153388237,1728413207,1728413207,17925.360470352403,17925.360470352403,1740253957.0,1740253957.0,13355.196789953228,13355.196789953228,1760136931.0,1760136931.0
BTC,2025-12-11,1765440000,1767340800,22.0,90286.7247428661,90467.45788763269,90467.45788763269,0.4230644528917176,0.0422,0.0,3746.957058556307,3746.957058556302,17.0,66.0,93.0,26905.28427809327,26905.28427809327,1728413207,1728413207,17482.42918072419,17482.42918072419,1740253957.0,1740253957.0,13007.5245902169,13007.5245902169,1760136931.0,1760136931.0
BTC,2025-12-12,1765526400,1767340800,21.0,92451.52565589052,92648.72671114812,92648.72671114812,0.4095536614428466,0.0422,0.0,3629.517929748362,3629.517929748367,62.0,66.0,61.0,27538.25664150953,27538.25664150953,1728413207,1728413207,17966.486671545226,17966.486671545226,1740253957.0,1740253957.0,13332.3892938637,13332.3892938637,1760136931.0,1760136931.0
BTC,2025-12-13,1765612800,1767945600,27.0,90346.43537666644,90598.2302761002,90598.2302761002,0.4168133984041446,0.0422,0.0,4095.193194391608,4095.193194391614,12.0,66.0,89.0,26852.135713566153,26852.135713566153,1728413207,1728413207,17303.975000307983,17303.975000307983,1740253957.0,1740253957.0,13010.110706542811,13010.110706542811,1760136931.0,1760136931.0
BTC,2025-12-14,1765699200,1767945600,26.0,90269.45638295944,90537.09571333864,90537.09571333864,0.4212525311603983,0.0422,0.0,4058.735031121418,4058.735031121423,54.0,65.0,92.0,26813.19758450862,26813.19758450862,1728413207,1728413207,17329.567750510738,17329.567750510738,1740253957.0,1740253957.0,13002.197892220212,13002.197892220212,1760136931.0,1760136931.0
BTC,2025-12-15,1765785600,1767945600,25.0,89753.3701801508,89985.33032871725,89985.33032871725,0.4151804754977972,0.0422,0.0,3898.779479059549,3898.779479059549,15.0,66.0,120.0,26694.05090547879,26694.05090547879,1728413207,1728413207,17259.13804600699,17259.13804600699,1740253957.0,1740253957.0,12930.514783907463,12930.514783907463,1760136931.0,1760136931.0
BTC,2025-12-16,1765872000,1767945600,24.0,86026.45072747076,86221.65754320586,86221.65754320586,0.4375989797398997,0.0422,0.0,3857.750384424437,3857.750384424432,20.0,66.0,100.0,25612.728402506124,25612.728402506124,1728413207,1728413207,16588.33085419312,16588.33085419312,1740253957.0,1740253957.0,12381.513608279012,12381.513608279012,1760136931.0,1760136931.0
BTC,2025-12-17,1765958400,1767945600,23.0,87047.31324838664,87252.24878191354,87252.24878191354,0.4195243522301337,0.0422,0.0,3664.044206135969,3664.0442061359736,61.0,66.0,80.0,25909.258440989084,25909.258440989084,1728413207,1728413207,16816.487856921718,16816.487856921718,1740253957.0,1740253957.0,12542.95902141196,12542.95902141196,1760136931.0,1760136931.0
BTC,2025-12-18,1766044800,1767945600,22.0,86832.07319603735,87070.53835034651,87070.53835034651,0.4332621732932145,0.0422,0.0,3693.11027155557,3693.1102715555658,21.0,66.0,108.0,25811.15680450204,25811.15680450204,1728413207,1728413207,16823.879732506783,16823.879732506783,1740253957.0,1740253957.0,12513.222313490907,12513.222313490907,1766020953.0,1760136931.0
BTC,2025-12-19,1766131200,1767945600,21.0,87917.22666870755,88139.3471584311,88139.3471584311,0.4372163346315522,0.0422,0.0,3685.8741948890743,3685.8741948890697,16.0,65.0,102.0,26153.047510888704,26153.047510888704,1728413207,1728413207,17076.199180123782,17076.199180123782,1740253957.0,1740253957.0,12669.11590881181,12669.11590881181,1766020953.0,1766020953.0
BTC,2025-12-20,1766217600,1768550400,27.0,88236.21092368933,88542.98178449781,88542.98178449781,0.423933858898443,0.0422,0.0,4070.5889306523904,4070.5889306523904,17.0,66.0,64.0,26164.09241629832,26164.09241629832,1728413207,1728413207,16916.26810381923,16916.26810381923,1740253957.0,1740253957.0,12710.165213166949,12710.165213166949,1766020953.0,1766020953.0
BTC,2025-12-21,1766304000,1768550400,26.0,88168.14105346888,88482.44808972716,88482.44808972716,0.4306361928408617,0.0422,0.0,4054.8890477093328,4054.889047709338,21.0,66.0,64.0,26136.135279782386,26136.135279782386,1728413207,1728413207,16944.007085139943,16944.007085139943,1740253957.0,1740253957.0,12701.190322134727,12701.190322134727,1766020953.0,1766020953.0
BTC,2025-12-22,1766390400,1768550400,25.0,89163.99378316519,89471.00849818868,89471.00849818868,0.4226632116201034,0.0422,0.0,3946.290467112205,3946.2904671122,12.0,65.0,68.0,26442.183419926077,26442.183419926077,1728413207,1728413207,17160.575617936593,17160.575617936593,1740253957.0,1740253957.0,12851.583937060916,12851.583937060916,1766020953.0,1766020953.0
BTC,2025-12-23,1766476800,1768550400,24.0,87525.59859531368,87752.8291970818,87752.8291970818,0.4178291178000871,0.0422,0.0,3749.051431388737,3749.0514313887415,19.0,65.0,81.0,26030.448976825995,26030.448976825995,1728413207,1728413207,16870.492323481976,16870.492323481976,1740253957.0,1740253957.0,12611.88496682057,12611.88496682057,1766020953.0,1766020953.0
BTC,2025-12-24,1766563200,1768550400,23.0,86921.53640915279,87138.96915839723,87138.96915839723,0.405460559355518,0.0422,0.0,3536.723910786769,3536.723910786769,62.0,66.0,80.0,25859.028173501392,25859.028173501392,1728413207,1728413207,16801.46807104975,16801.46807104975,1740253957.0,1740253957.0,12533.974692490088,12533.974692490088,1766020953.0,1766020953.0
BTC,2025-12-25,1766649600,1769760000,36.0,87792.84308887071,88220.47892650796,88220.47892650796,0.3969967464760779,0.0422846476720335,0.0,4385.2062464106675,4385.2062464106675,11.0,66.0,93.0,25910.21708902396,25910.21708902396,1728413207,1728413207,16697.64916799581,16697.64916799581,1740253957.0,1740253957.0,12650.54077423428,12650.54077423428,1766020953.0,1766020953.0
BTC,2025-12-26,1766736000,1769760000,35.0,88401.60245268623,88864.14855591791,88864.14855591791,0.3977252301137914,0.0422846476720335,0.0,4363.479787833796,4363.4797878338,65.0,68.0,102.0,26057.934632574183,26057.934632574183,1728413207,1728413207,16821.85484556603,16821.85484556603,1740253957.0,1740253957.0,12744.995778759454,12744.995778759454,1766020953.0,1766020953.0
BTC,2025-12-27,1766822400,1769155200,27.0,87497.079167924,87878.36256561453,87878.36256561453,0.3825485649592019,0.0422,0.0,3646.0128261027826,3646.012826102787,35.0,66.0,73.0,25867.840352686675,25867.840352686675,1728413207,1728413207,16785.845802653654,16785.845802653654,1740253957.0,1740253957.0,12638.224946162229,12638.224946162229,1766020953.0,1766020953.0
BTC,2025-12-28,1766908800,1769760000,33.0,87685.1977259173,88188.9990328665,88188.9990328665,0.3909104170908951,0.0422846476720335,0.0,4132.970574014178,4132.970574014178,18.0,68.0,73.0,25801.75801082599,25801.75801082599,1728413207,1728413207,16692.332151335933,16692.332151335933,1740253957.0,1740253957.0,12658.257981446342,12658.257981446342,1766020953.0,1766020953.0
BTC,2025-12-29,1766995200,1769760000,32.0,89528.91611083708,89995.61190113533,89995.61190113533,0.3907671509988489,0.042232869781276,0.0,4151.794106999866,4151.794106999866,13.0,67.0,111.0,26391.979042952866,26391.979042952866,1728413207,1728413207,17045.008753892776,17045.008753892776,1740253957.0,1740253957.0,12921.265546006587,12921.265546006587,1766020953.0,1766020953.0
BTC,2025-12-30,1767081600,1769760000,31.0,87400.31628695849,87716.23742672763,87716.23742672763,0.3915893322191807,0.0422328707730123,0.0,3991.349044240046,3991.349044240041,14.0,66.0,64.0,25904.17374631841,25904.17374631841,1728413207,1728413207,16629.607610595052,16629.607610595052,1740253957.0,1740253957.0,12597.852559645757,12597.852559645757,1766020953.0,1766020953.0
BTC,2025-12-31,1767168000,1769760000,30.0,88524.77555361843,88862.05616451059,88862.05616451059,0.3978646776423113,0.0422328707730123,0.0,4041.4817192737146,4041.4817192737146,15.0,66.0,84.0,26220.152055193365,26220.152055193365,1728413207,1728413207,16860.675342079252,16860.675342079252,1740253957.0,1740253957.0,12761.355089382403,12761.355089382403,1766020953.0,1766020953.0
BTC,2026-01-01,1767254400,1769760000,29.0,87506.87288412539,87808.93791490595,87808.93791490595,0.3963956131782633,0.0422328707730123,0.0,3912.049425818643,3912.049425818648,11.0,66.0,83.0,25949.99683445706,25949.99683445706,1728413207,1728413207,16693.57175341391,16693.57175341391,1740253957.0,1740253957.0,12614.480954741392,12614.480954741392,1766020953.0,1766020953.0
BTC,2026-01-02,1767340800,1769760000,28.0,88778.35071764408,89032.15462081833,89032.15462081833,0.3987226551052911,0.0422328707730123,0.0,3920.4850464406136,3920.4850464406086,47.0,69.0,134.0,26379.701312118967,26379.701312118967,1728413207,1728413207,16962.752122868696,16962.752122868696,1740253957.0,1740253957.0,12792.541136258938,12792.541136258938,1766020953.0,1766020953.0
BTC,2026-01-03,1767427200,1769760000,27.0,89548.81674907838,89821.62219089901,89821.62219089901,0.4058998840606693,0.0422328707730123,0.0,3953.892385254907,3953.892385254907,19.0,67.0,123.0,26591.839582902885,26591.839582902885,1728413207,1728413207,17149.230267167397,17149.230267167397,1740253957.0,1740253957.0,12904.839095499725,12904.839095499725,1766020953.0,1766020953.0
BTC,2026-01-04,1767513600,1769760000,26.0,91491.25889483314,91833.9066867457,91833.9066867457,0.4190096168493964,0.0422328707730123,0.0,4094.973508864105,4094.973508864105,22.0,68.0,86.0,27104.72987653738,27104.72987653738,1728413207,1728413207,17573.43302512964,17573.43302512964,1740253957.0,1740253957.0,13189.017393046475,13189.017393046475,1766020953.0,1766020953.0
BTC,2026-01-05,1767600000,1769760000,25.0,92460.68441554284,92812.48057767857,92812.48057767857,0.4185165683124225,0.0422,0.0,4053.550838580764,4053.550838580764,13.0,66.0,92.0,27386.409162527107,27386.409162527107,1728413207,1728413207,17798.132001855756,17798.132001855756,1740253957.0,1740253957.0,13333.668174464588,13333.668174464588,1766020953.0,1766020953.0
BTC,2026-01-06,1767686400,1769760000,24.0,93205.63992009492,93519.16645934623,93519.16645934623,0.4163054329811059,0.0422,0.0,3980.8497549652297,3980.849754965224,64.0,65.0,73.0,27648.165436777133,27648.165436777133,1728413207,1728413207,17976.374235305077,17976.374235305077,1740253957.0,1740253957.0,13440.797912598331,13440.797912598331,1766020953.0,1766020953.0
BTC,2026-01-07,1767772800,1769760000,23.0,92798.11292131386,93091.27530879334,93091.27530879334,0.4162988920407331,0.0422,0.0,3879.218195754868,3879.2181957548737,26.0,66.0,91.0,27546.27148891468,27546.27148891468,1728413207,1728413207,17939.83414332042,17939.83414332042,1740253957.0,1740253957.0,13383.423796557028,13383.423796557028,1766020953.0,1766020953.0
BTC,2026-01-08,1767859200,1769760000,22.0,90439.93599015647,90645.0729435544,90645.0729435544,0.4201871385710128,0.0422,0.0,3728.80262864181,3728.802628641805,12.0,66.0,89.0,26926.843843649032,26926.843843649032,1728413207,1728413207,17516.776536519137,17516.776536519137,1740253957.0,1740253957.0,13034.36215622365,13034.36215622365,1766020953.0,1766020953.0
BTC,2026-01-09,1767945600,1769760000,21.0,90656.5117842467,90889.78469721114,90889.78469721114,0.391181316424931,0.0422,0.0,3401.004199622362,3401.004199622362,16.0,66.0,63.0,26963.680622309563,26963.680622309563,1728413207,1728413207,17658.145183700297,17658.145183700297,1740253957.0,1740253957.0,13299.299970624288,13088.476125579298,1767912649.0,1766020953.0
BTC,2026-01-10,1768032000,1770364800,27.0,90561.83081338544,90849.16214438516,90849.16214438516,0.3792339408349768,0.0422,0.0,3736.6391781827865,3736.6391781827865,16.0,65.0,103.0,26881.217913015917,26881.217913015917,1728413207,1728413207,17361.923094607428,17361.923094607428,1740253957.0,1740253957.0,13267.506035592349,13267.506035592349,1767912649.0,1767912649.0
BTC,2026-01-11,1768118400,1770364800,26.0,90605.33763581564,90909.4530204077,90909.4530204077,0.3867060588324159,0.0422,0.0,3741.515973849308,3741.515973849308,36.0,65.0,70.0,26877.485906152622,26877.485906152622,1728413207,1728413207,17406.56555168056,17406.56555168056,1740253957.0,1740253957.0,13276.836098532902,13276.836098532902,1767912649.0,1767912649.0
BTC,2026-01-12,1768204800,1770364800,25.0,91300.35228968594,91614.86716339752,91614.86716339752,0.3847659860533917,0.0422,0.0,3678.85615797694,3678.85615797694,35.0,65.0,72.0,27075.5908131942,27075.5908131942,1728413207,1728413207,17590.825808464862,17590.825808464862,1740253957.0,1740253957.0,13386.22088424361,13386.22088424361,1767912649.0,1767912649.0
BTC,2026-01-13,1768291200,1770364800,24.0,91866.79042470871,92165.46266364862,92165.46266364862,0.3799910218176981,0.0422,0.0,3581.286113850496,3581.286113850501,33.0,68.0,94.0,27261.3648884727,27261.3648884727,1728413207,1728413207,17757.8039302314,17757.8039302314,1740253957.0,1740253957.0,13474.957571777277,13474.957571777277,1767912649.0,1767912649.0
BTC,2026-01-14,1768377600,1770364800,23.0,95168.89998952832,95522.90088421208,95522.90088421208,0.3877806736390982,0.0422,0.0,3708.085806655508,3708.085806655508,34.0,64.0,74.0,28196.66910217477,28196.66910217477,1728413207,1728413207,18441.38451512083,18441.38451512083,1740253957.0,1740253957.0,13966.437999548049,13966.437999548049,1767912649.0,1767912649.0
BTC,2026-01-15,1768464000,1770364800,22.0,96562.81920165964,96807.05057429432,96807.05057429432,0.3767998761088836,0.0422,0.0,3571.3949596735,3571.394959673505,29.0,67.0,104.0,28724.614387863192,28724.614387863192,1728413207,1728413207,18784.79368039847,18784.79368039847,1740253957.0,1740253957.0,14167.445205391092,14167.445205391092,1767912649.0,1767912649.0
BTC,2026-01-16,1768550400,1770364800,21.0,95625.37512496782,95846.52491983752,95846.52491983752,0.3728531587802694,0.0422,0.0,3418.5565063507484,3418.5565063507484,37.0,65.0,74.0,28466.462742620635,28466.462742620635,1728413207,1728413207,18680.525560699156,18680.525560699156,1740253957.0,1740253957.0,14034.936930077623,14034.936930077623,1767912649.0,1767912649.0
BTC,2026-01-17,1768636800,1770969600,27.0,95071.34020335584,95352.53722021716,95352.53722021716,0.3618861646870381,0.036,0.0,3742.6091499017625,3742.609149901757,28.0,65.0,81.0,28240.205044145456,28240.205044145456,1728413207,1728413207,18261.75600172613,18261.75600172613,1740253957.0,1740253957.0,13939.729902626172,13939.729902626172,1767912649.0,1767912649.0
BTC,2026-01-18,1768723200,1770969600,26.0,95015.60230328784,95301.8401265566,95301.8401265566,0.3705598286517103,0.036,0.0,3758.659295807191,3758.659295807191,38.0,69.0,86.0,28218.442867717567,28218.442867717567,1728413207,1728413207,18279.566833368233,18279.566833368233,1740253957.0,1740253957.0,13931.892082910666,13931.892082910666,1767912649.0,1767912649.0
BTC,2026-01-19,1768809600,1770969600,25.0,92795.5759188014,93021.84607420118,93021.84607420118,0.3767678688771201,0.036,0.0,3657.7712145009177,3657.7712145009177,39.0,69.0,70.0,27612.40262024063,27612.40262024063,1728413207,1728413207,17880.38141026777,17880.38141026777,1740253957.0,1740253957.0,13600.480092280925,13600.480092280925,1767912649.0,1767912649.0
BTC,2026-01-20,1768896000,1770969600,24.0,91117.33598659725,91324.24638379423,91324.24638379423,0.3802757319252296,0.036,0.0,3551.255556156938,3551.255556156938,16.0,66.0,84.0,27128.290398782163,27128.290398782163,1728413207,1728413207,17598.414716335617,17598.414716335617,1740253957.0,1740253957.0,13355.5051560168,13355.5051560168,1767912649.0,1767912649.0
BTC,2026-01-21,1768982400,1770969600,23.0,89071.48076243186,89288.0647035093,89288.0647035093,0.3938237821045068,0.036,0.0,3520.027659648677,3520.0276596486815,17.0,66.0,64.0,26504.86028765212,26504.86028765212,1728413207,1728413207,17230.97721446341,17230.97721446341,1740253957.0,1740253957.0,13055.380220842062,13055.380220842062,1767912649.0,1767912649.0
BTC,2026-01-22,1769068800,1772179200,36.0,89747.01225499193,90098.61362726933,90098.61362726933,0.3701072019519334,0.0359153568114687,0.0,4175.573250236502,4175.573250236496,41.0,66.0,64.0,26572.502304220194,26572.502304220194,1728413207,1728413207,17016.20374001903,17016.20374001903,1740253957.0,1740253957.0,13124.93253079931,13124.93253079931,1767912649.0,1767912649.0
BTC,2026-01-23,1769155200,1772179200,35.0,89475.91960093044,89800.38997607565,89800.38997607565,0.36374265257678,0.0359153568114687,0.0,4033.1147167726863,4033.1147167726863,37.0,66.0,93.0,26518.30550513393,26518.30550513393,1728413207,1728413207,16970.911999506614,16970.911999506614,1740253957.0,1740253957.0,11787.211207586686,13090.534276795592,1769142245.0,1767912649.0
BTC,2026-01-24,1769241600,1771574400,27.0,89499.64434383699,89764.62143150273,89764.62143150273,0.3565766158903597,0.036,0.0,3471.6298096054834,3471.6298096054834,40.0,67.0,107.0,26584.91621548535,26584.91621548535,1728413207,1728413207,17206.958778158038,17206.958778158038,1740253957.0,1740253957.0,11975.574135649693,11975.574135649693,1769142245.0,1769142245.0
BTC,2026-01-25,1769328000,1772179200,33.0,88556.71128450247,88903.19099046092,88903.19099046092,0.3697428150730292,0.0359536890902374,0.0,3941.069372950709,3941.0693729507134,49.0,67.0,82.0,26220.533679392283,26220.533679392283,1728413207,1728413207,16826.48301410884,16826.48301410884,1740253957.0,1740253957.0,11690.052185597022,11690.052185597022,1769142245.0,1769142245.0
BTC,2026-01-26,1769414400,1772179200,32.0,87925.85353556606,88243.08858288678,88243.08858288678,0.383668798222159,0.0359653559689363,0.0,3997.07525324933,3997.07525324933,48.0,69.0,97.0,26060.521013349105,26060.521013349105,1728413207,1728413207,16715.056679197987,16715.056679197987,1740253957.0,1740253957.0,11613.528272647069,11613.528272647069,1769142245.0,1769142245.0
BTC,2026-01-27,1769500800,1772179200,31.0,88249.9833020133,88586.66339808045,88586.66339808045,0.3609628340416605,0.0359653559689363,0.0,3715.994839294586,3715.994839294586,45.0,65.0,92.0,26138.31489453683,26138.31489453683,1728413207,1728413207,16812.123136169175,16812.123136169175,1740253957.0,1740253957.0,11684.698842895068,11684.698842895068,1769142245.0,1769142245.0
BTC,2026-01-28,1769587200,1772179200,30.0,89037.99744519034,89399.10910728645,89399.10910728645,0.3611448068862021,0.035982516096817,0.0,3691.0070741171303,3691.007074117136,42.0,66.0,78.0,26350.28757146099,26350.28757146099,1728413207,1728413207,16988.27670872885,16988.27670872885,1740253957.0,1740253957.0,11809.86141807928,11809.86141807928,1769142245.0,1769142245.0
BTC,2026-01-29,1769673600,1772179200,29.0,88200.34419858835,88488.08687754386,88488.08687754386,0.3556235503372815,0.035982516096817,0.0,3537.1718062632617,3537.1718062632617,49.0,70.0,64.0,26172.360580621003,26172.360580621003,1728413207,1728413207,16872.175733582226,16872.175733582226,1740253957.0,1740253957.0,11733.733702894016,11733.733702894016,1769142245.0,1769142245.0
BTC,2026-01-30,1769760000,1772179200,28.0,82748.50758151957,82930.02696513852,82930.02696513852,0.3996714260427139,0.035982516096817,0.0,3660.46164862812,3660.4616486281247,44.0,65.0,71.0,24643.032890836927,24643.032890836927,1728413207,1728413207,15802.254863182236,15802.254863182236,1740253957.0,1740253957.0,10986.833738915397,10986.833738915397,1769142245.0,1769142245.0
BTC,2026-01-31,1769846400,1772179200,27.0,83432.26704110495,83670.22700741184,83670.22700741184,0.3797335712711823,0.035982516096817,0.0,3445.898421430511,3445.898421430511,45.0,66.0,72.0,24791.72014602459,24791.72014602459,1728413207,1728413207,15990.2933584576,15990.2933584576,1740253957.0,1740253957.0,11123.589345943985,11123.589345943985,1769142245.0,1769142245.0
BTC,2026-02-01,1769932800,1772179200,26.0,78294.22461830446,78456.97096040557,78456.97096040557,0.4229336876576018,0.036,0.0,3531.2104834156457,3531.2104834156503,47.0,67.0,76.0,23325.521043390232,23325.521043390232,1728413207,1728413207,15021.160915227629,15021.160915227629,1740253957.0,1740253957.0,10451.04423981601,10451.04423981601,1769142245.0,1769142245.0
BTC,2026-02-02,1770019200,1772179200,25.0,76647.56426885097,76741.02095044778,76741.02095044778,0.4394706877771588,0.036,0.0,3519.263628390675,3519.263628390675,32.0,66.0,81.0,22900.81259905847,22900.81259905847,1728413207,1728413207,14740.327707144705,14740.327707144705,1740253957.0,1740253957.0,10259.310880338742,10259.310880338742,1769142245.0,1769142245.0
BTC,2026-02-03,1770105600,1772179200,24.0,78676.11627538435,78815.106307504,78815.106307504,0.4321043420881514,0.036,0.0,3482.1320345561035,3482.132034556108,30.0,65.0,92.0,23463.844850495658,23463.844850495658,1728413207,1728413207,15160.207014185358,15160.207014185358,1740253957.0,1740253957.0,10554.643285840595,10554.643285840595,1769142245.0,1769142245.0
BTC,2026-02-04,1770192000,1772179200,23.0,76446.63687848201,76658.21221409895,76658.21221409895,0.4757478734497636,0.036,0.0,3650.1025895353064,3650.1025895353064,18.0,65.0,91.0,22722.41572792766,22722.41572792766,1728413207,1728413207,14834.989570022975,14834.989570022975,1740253957.0,1740253957.0,10339.05891844874,10339.05891844874,1769142245.0,1769142245.0
BTC,2026-02-05,1770278400,1772179200,22.0,70536.47204265506,70627.75992803353,70627.75992803353,0.5474579282148385,0.036,0.0,3784.2024453203535,3784.20244532035,29.0,65.0,111.0,21069.653727418052,21069.653727418052,1728413207,1728413207,13901.181960555692,13901.181960555692,1740253957.0,1740253957.0,9710.216127591448,9710.216127591448,1769142245.0,1769142245.0
BTC,2026-02-06,1770364800,1772179200,21.0,64832.67677479043,64852.74243448007,64852.74243448007,0.6824906347471618,0.036,0.0,4230.71328478954,4230.71328478954,31.0,65.0,82.0,19429.73737274749,19429.73737274749,1728413207,1728413207,13392.368230730544,13392.368230730544,1740253957.0,1740253957.0,9417.241049088629,9417.241049088629,1769142245.0,1769142245.0
BTC,2026-02-07,1770451200,1772784000,27.0,68095.37769762042,68189.61907392651,68189.61907392651,0.5504104320290799,0.036,0.0,4068.6006427244697,4068.6006427244697,40.0,68.0,71.0,20334.371932980033,20334.371932980033,1728413207,1728413207,13416.397343605257,13416.397343605257,1740253957.0,1740253957.0,9371.21032093179,9371.21032093179,1769142245.0,1769142245.0
BTC,2026-02-08,1770537600,1772784000,26.0,69655.13182298862,69765.40312344032,69765.40312344032,0.5357513366356003,0.036,0.0,3976.342850703387,3976.3428507033905,18.0,68.0,90.0,20786.268246444888,20786.268246444888,1728413207,1728413207,13660.275444485846,13660.275444485846,1740253957.0,1740253957.0,9535.117719128908,9535.117719128908,1769142245.0,1769142245.0
BTC,2026-02-09,1770624000,1772784000,25.0,70375.10105793047,70512.1454326398,70512.1454326398,0.5228307558803217,0.036,0.0,3846.094940924378,3846.0949409243817,41.0,69.0,105.0,20975.485942669817,20975.485942669817,1728413207,1728413207,13758.19157947134,13758.19157947134,1740253957.0,1740253957.0,9599.05124241846,9599.05124241846,1769142245.0,1769142245.0
BTC,2026-02-10,1770710400,1772784000,24.0,68869.07330553757,68974.55058387549,68974.55058387549,0.5214156288080809,0.036,0.0,3676.3663787495016,3676.3663787495016,11.0,66.0,64.0,20555.24471332335,20555.24471332335,1728413207,1728413207,13462.766234005268,13462.766234005268,1740253957.0,1740253957.0,9392.831521093462,9392.831521093462,1769142245.0,1769142245.0
BTC,2026-02-11,1770796800,1772784000,23.0,67016.68124359353,67054.3180892321,67054.3180892321,0.5332982509885766,0.036,0.0,3578.493700826612,3578.493700826612,19.0,65.0,71.0,20067.36752743949,20067.36752743949,1728413207,1728413207,13140.757314943829,13140.757314943829,1740253957.0,1740253957.0,9172.272227083196,9172.272227083196,1769142245.0,1769142245.0
BTC,2026-02-12,1770883200,1772784000,22.0,67188.84149357409,67220.14323570943,67220.14323570943,0.5255259011650192,0.036,0.0,3457.5414211463126,3457.541421146316,14.0,66.0,71.0,20125.35070593688,20125.35070593688,1728413207,1728413207,13158.109679885354,13158.109679885354,1740253957.0,1740253957.0,9182.7109140368,9182.7109140368,1769142245.0,1769142245.0
BTC,2026-02-13,1770969600,1772784000,21.0,66166.00084146096,66218.98852562474,66218.98852562474,0.5062428325673546,0.036,0.0,3205.8851325090072,3205.885132509011,12.0,65.0,98.0,19796.812568274512,19796.812568274512,1728413207,1728413207,12924.045420321583,12924.045420321583,1740253957.0,1740253957.0,9015.916319428052,9015.916319428052,1769142245.0,1769142245.0
BTC,2026-02-14,1771056000,1773388800,27.0,69193.58275677708,69295.29639769898,69295.29639769898,0.4738207517019195,0.036,0.0,3560.1058754214237,3560.1058754214237,40.0,69.0,80.0,20656.361186111208,20656.361186111208,1728413207,1728413207,13338.153091149166,13338.153091149166,1740253957.0,1740253957.0,9286.650817783791,9286.650817783791,1769142245.0,1769142245.0
BTC,2026-02-15,1771142400,1773388800,26.0,70767.27531479263,70888.47126111414,70888.47126111414,0.4606996902139871,0.036,0.0,3475.124147933813,3475.124147933813,39.0,67.0,78.0,21108.986648116268,21108.986648116268,1728413207,1728413207,13628.183058297547,13628.183058297547,1740253957.0,1740253957.0,9487.200940342187,9487.200940342187,1769142245.0,1769142245.0
BTC,2026-02-16,1771228800,1773388800,25.0,68562.27207423828,68682.07454698367,68682.07454698367,0.478316255080314,0.036,0.0,3427.7464767884458,3427.7464767884458,35.0,65.0,95.0,20448.879149526096,20448.879149526096,1728413207,1728413207,13261.946084964466,13261.946084964466,1740253957.0,1740253957.0,9238.311426486804,9238.311426486804,1769142245.0,1769142245.0
BTC,2026-02-17,1771315200,1773388800,24.0,68371.80926905433,68494.0105909858,68494.0105909858,0.4907737637397631,0.036,0.0,3436.5026169827247,3436.5026169827206,33.0,65.0,75.0,20389.34145878483,20389.34145878483,1728413207,1728413207,13273.751110468267,13273.751110468267,1740253957.0,1740253957.0,9251.564702993526,9251.564702993526,1769142245.0,1769142245.0
BTC,2026-02-18,1771401600,1773388800,23.0,68092.86980863425,68210.15167043381,68210.15167043381,0.4736061067294423,0.036,0.0,3233.2415763190556,3233.2415763190515,33.0,67.0,99.0,20310.579080790703,20310.579080790703,1728413207,1728413207,13198.646771859329,13198.646771859329,1740253957.0,1740253957.0,9197.06002131478,9197.06002131478,1769142245.0,1769142245.0
BTC,2026-02-19,1771488000,1774598400,36.0,67189.33289839384,67334.59026458295,67334.59026458295,0.4759772755027375,0.0359153552324389,0.0,4011.7616938363262,4011.761693836331,38.0,65.0,71.0,20011.542503329045,20011.542503329045,1728413207,1728413207,13013.147537972323,13013.147537972323,1740253957.0,1740253957.0,9066.731372409986,9066.731372409986,1769142245.0,1769142245.0
BTC,2026-02-20,1771574400,1774598400,35.0,67804.76796548424,67958.89190349396,67958.89190349396,0.4598374185789423,0.0359153552324389,0.0,3857.2826991276343,3857.2826991276343,38.0,64.0,71.0,20187.306451635544,20187.306451635544,1728413207,1728413207,13048.956606024423,13048.956606024423,1740253957.0,1740253957.0,9083.069925509855,9083.069925509855,1769142245.0,1769142245.0
BTC,2026-02-21,1771660800,1773993600,27.0,67843.31326140038,68002.11669468567,68002.11669468567,0.4570115942322515,0.036,0.0,3369.889511329964,3369.889511329964,31.0,67.0,80.0,20194.190545134832,20194.190545134832,1728413207,1728413207,13046.08678212365,13046.08678212365,1740253957.0,1740253957.0,9080.003160470911,9080.003160470911,1769142245.0,1769142245.0
BTC,2026-02-22,1771747200,1774598400,33.0,67998.03552081766,68158.31994849326,68158.31994849326,0.4574855482444603,0.0359153552324389,0.0,3737.4428102226607,3737.442810222665,38.0,66.0,101.0,20239.126228569705,20239.126228569705,1728413207,1728413207,13056.19609820535,13056.19609820535,1740253957.0,1740253957.0,9084.996168147924,9084.996168147924,1769142245.0,1769142245.0
BTC,2026-02-23,1771833600,1774598400,32.0,65966.8358046226,66092.72320409244,66092.72320409244,0.4788181401305272,0.0359653545485643,0.0,3735.0744495971294,3735.0744495971257,41.0,66.0,73.0,19664.163341916945,19664.163341916945,1728413207,1728413207,12726.544109868655,12726.544109868655,1740253957.0,1740253957.0,8861.898571802472,8861.898571802472,1769142245.0,1769142245.0
BTC,2026-02-24,1771920000,1774598400,31.0,63147.72076056184,63204.19854421058,63204.19854421058,0.5157386263900585,0.0359653545485643,0.0,3786.268700962048,3786.268700962048,46.0,67.0,82.0,18887.83844451981,18887.83844451981,1728413207,1728413207,12304.09048598698,12304.09048598698,1740253957.0,1740253957.0,8580.317973578349,8580.317973578349,1769142245.0,1769142245.0
BTC,2026-02-25,1772006400,1774598400,30.0,65043.092254140545,65134.06542181688,65134.06542181688,0.4870556139008786,0.0363166891925856,0.0,3625.4197035721018,3625.4197035721018,39.0,69.0,79.0,19421.95450856583,19421.95450856583,1728413207,1728413207,12546.904850652092,12546.904850652092,1740253957.0,1740253957.0,8736.662035438861,8736.662035438861,1769142245.0,1769142245.0
BTC,2026-02-26,1772092800,1774598400,29.0,67860.67665510757,67920.00294199237,67920.00294199237,0.4681386999566497,0.0363114769821151,0.0,3572.891928930395,3572.891928930395,36.0,65.0,64.0,20298.87670964747,20298.87670964747,1728413207,1728413207,13032.743349320854,13032.743349320854,1740253957.0,1740253957.0,9068.981146354528,9068.981146354528,1769142245.0,1769142245.0
BTC,2026-02-27,1772179200,1774598400,28.0,67699.56864918856,67736.76801201548,67736.76801201548,0.470801252080844,0.0363030338458334,0.0,3521.2521605468123,3521.2521605468123,42.0,65.0,75.0,20272.67123192964,20272.67123192964,1728413207,1728413207,13018.648308155454,13018.648308155454,1740253957.0,1740253957.0,9060.927273540594,9060.927273540594,1769142245.0,1769142245.0
BTC,2026-02-28,1772265600,1774598400,27.0,63861.204541444415,63857.80994672643,63857.80994672643,0.5188840199452309,0.0363030338458334,0.0,3592.274797552013,3592.274797552013,38.0,65.0,95.0,19154.96676771534,19154.96676771534,1728413207,1728413207,12437.985396654043,12437.985396654043,1740253957.0,1740253957.0,8673.164226494348,8673.164226494348,1769142245.0,1769142245.0
BTC,2026-03-01,1772352000,1774598400,26.0,67136.30920250878,67214.13993488181,67214.13993488181,0.4962117637263991,0.0363,0.0,3548.62997062791,3548.6299706279065,36.0,65.0,73.0,20063.06202837961,20063.06202837961,1728413207,1728413207,13016.306523002087,13016.306523002087,1740253957.0,1740253957.0,9070.319034351498,9070.319034351498,1769142245.0,1769142245.0
BTC,2026-03-02,1772438400,1774598400,25.0,65967.90752242657,66044.2939033251,66044.2939033251,0.5145278973314825,0.0363,0.0,3545.2742905024284,3545.2742905024247,36.0,67.0,101.0,19713.985875829436,19713.985875829436,1728413207,1728413207,12859.300176494817,12859.300176494817,1740253957.0,1740253957.0,8968.081990747323,8968.081990747323,1769142245.0,1769142245.0
BTC,2026-03-03,1772524800,1774598400,24.0,68176.22425153053,68304.33302561652,68304.33302561652,0.5063399545217222,0.0363,0.0,3535.531735900471,3535.531735900475,20.0,69.0,119.0,20324.75850137316,20324.75850137316,1728413207,1728413207,13281.410251222953,13281.410251222953,1740253957.0,1740253957.0,9261.603715947753,9261.603715947753,1769142245.0,1769142245.0
BTC,2026-03-04,1772611200,1774598400,23.0,69544.07585316835,69628.12430758956,69628.12430758956,0.520084331558803,0.0363,0.0,3623.912274864033,3623.912274864037,32.0,69.0,67.0,20779.174301529296,20779.174301529296,1728413207,1728413207,13597.395601532991,13597.395601532991,1740253957.0,1740253957.0,9487.034964163027,9487.034964163027,1769142245.0,1769142245.0
BTC,2026-03-05,1772697600,1774598400,22.0,72062.23878658262,72170.83123010727,72170.83123010727,0.5231800762102268,0.0363,0.0,3695.637951187682,3695.637951187678,7.0,61.0,58.0,21510.079192450125,21510.079192450125,1728413207,1728413207,14116.578113640284,14116.578113640284,1740253957.0,1740253957.0,9852.017715180576,9852.017715180576,1769142245.0,1769142245.0
BTC,2026-03-06,1772784000,1774598400,21.0,71058.13346442852,71178.28759667177,71178.28759667177,0.5259579197710353,0.0363,0.0,3580.007083481255,3580.0070834812514,26.0,66.0,62.0,21197.28590708531,21197.28590708531,1728413207,1728413207,13945.138889998556,13945.138889998556,1740253957.0,1740253957.0,9734.948442710274,9734.948442710274,1769142245.0,1769142245.0
BTC,2026-03-07,1772870400,1775203200,27.0,67842.51276141897,67916.34580164352,67916.34580164352,0.5303975207659566,0.0363,0.0,3905.214305048766,3905.2143050487625,22.0,65.0,70.0,20278.920788201143,20278.920788201143,1728413207,1728413207,13273.165901948596,13273.165901948596,1740253957.0,1740253957.0,9261.6824663305,9261.6824663305,1769142245.0,1769142245.0
BTC,2026-03-08,1772956800,1775203200,26.0,67328.20588389653,67392.63771247255,67392.63771247255,0.5551388243701251,0.0363,0.0,3979.8551471033384,3979.8551471033384,12.0,65.0,74.0,20134.029936592935,20134.029936592935,1728413207,1728413207,13282.67648384298,13282.67648384298,1740253957.0,1740253957.0,9279.577069396451,9279.577069396451,1769142245.0,1769142245.0
BTC,2026-03-09,1773043200,1775203200,25.0,67525.13046287846,67591.69220679546,67591.69220679546,0.5712570489658959,0.0363,0.0,4027.673084900932,4027.673084900936,23.0,66.0,71.0,20190.977394946534,20190.977394946534,1728413207,1728413207,13397.02117959239,13397.02117959239,1740253957.0,1740253957.0,9367.114334416345,9367.114334416345,1769142245.0,1769142245.0
BTC,2026-03-10,1773129600,1775203200,24.0,70387.774178949,70487.22088428772,70487.22088428772,0.5119545862826409,0.0363,0.0,3688.920651356115,3688.920651356115,19.0,65.0,81.0,21016.885548345977,21016.885548345977,1728413207,1728413207,13725.436980331342,13725.436980331342,1740253957.0,1740253957.0,9572.594100686096,9572.594100686096,1769142245.0,1769142245.0
BTC,2026-03-11,1773216000,1775203200,23.0,69656.59392728079,69751.4598676437,69751.4598676437,0.5130905480442653,0.0363,0.0,3581.5808611868338,3581.58086118683,24.0,65.0,91.0,20802.11223782132,20802.11223782132,1728413207,1728413207,13598.52568021266,13598.52568021266,1740253957.0,1740253957.0,9485.688665624515,9485.688665624515,1769142245.0,1769142245.0
BTC,2026-03-12,1773302400,1775203200,22.0,69828.09649959068,69910.68633759004,69910.68633759004,0.5183811677103727,0.0363,0.0,3547.1107159654384,3547.1107159654384,31.0,67.0,77.0,20865.839111877845,20865.839111877845,1728413207,1728413207,13660.34363485734,13660.34363485734,1740253957.0,1740253957.0,9531.712977894058,9531.712977894058,1769142245.0,1769142245.0
BTC,2026-03-13,1773388800,1775203200,21.0,71642.99070618139,71749.05876200089,71749.05876200089,0.5171396541098877,0.0363,0.0,3548.2888920312384,3548.2888920312384,62.0,65.0,89.0,21386.829156034913,21386.829156034913,1728413207,1728413207,14031.122570998445,14031.122570998445,1740253957.0,1740253957.0,9792.038242675128,9792.038242675128,1769142245.0,1769142245.0
BTC,2026-03-14,1773475200,1775808000,27.0,70603.36434244852,70704.89378774354,70704.89378774354,0.5153793104178639,0.0363,0.0,3950.6316493344248,3950.631649334421,66.0,67.0,102.0,21079.47985743954,21079.47985743954,1728413207,1728413207,13753.298378588452,13753.298378588452,1740253957.0,1740253957.0,9590.571416021792,9590.571416021792,1769142245.0,1769142245.0
BTC,2026-03-15,1773561600,1775808000,26.0,71458.63548009953,71544.19891290009,71544.19891290009,0.5104418505327752,0.0363,0.0,3885.3957478363527,3885.3957478363527,28.0,66.0,94.0,21352.027211229302,21352.027211229302,1728413207,1728413207,13905.492477870646,13905.492477870646,1740253957.0,1740253957.0,9695.221272694524,9695.221272694524,1769142245.0,1769142245.0
BTC,2026-03-16,1773648000,1775808000,25.0,73451.04407296416,73559.12908835718,73559.12908835718,0.504333950060906,0.0363,0.0,3870.55516352669,3870.55516352669,15.0,65.0,94.0,21927.228206496227,21927.228206496227,1728413207,1728413207,14284.56089704541,14284.56089704541,1740253957.0,1740253957.0,9958.627836177047,9958.627836177047,1769142245.0,1769142245.0
BTC,2026-03-17,1773734400,1775808000,24.0,74248.9647894641,74355.02302181575,74355.02302181575,0.5002650527679384,0.0363,0.0,3802.612192372133,3802.612192372128,14.0,66.0,72.0,22168.631204487578,22168.631204487578,1728413207,1728413207,14439.3177340897,14439.3177340897,1740253957.0,1740253957.0,10066.47489148248,10066.47489148248,1769142245.0,1769142245.0
BTC,2026-03-18,1773820800,1775808000,23.0,73893.27490881277,73977.64524211222,73977.64524211222,0.4818643581680093,0.0363,0.0,3567.698620836944,3567.69862083694,18.0,65.0,68.0,22083.612139344383,22083.612139344383,1728413207,1728413207,14334.387329319865,14334.387329319865,1740253957.0,1740253957.0,9989.644365279635,9989.644365279635,1769142245.0,1769142245.0
BTC,2026-03-19,1773907200,1777017600,36.0,70211.96837674112,70319.40059588352,70319.40059588352,0.5059771220290011,0.0363625455374457,0.0,4453.117887051314,4453.1178870513095,62.0,65.0,66.0,20956.158293879933,20956.158293879933,1728413207,1728413207,13750.880678897349,13750.880678897349,1740253957.0,1740253957.0,9596.465175583053,9596.465175583053,1769142245.0,1769142245.0
BTC,2026-03-20,1773993600,1777017600,35.0,70855.74782842548,70981.06748757759,70981.06748757759,0.495381953463761,0.0363625455374457,0.0,4339.6500370752965,4339.6500370752965,39.0,65.0,66.0,21131.40468937553,21131.40468937553,1728413207,1728413207,13798.74797081263,13798.74797081263,1740253957.0,1740253957.0,9621.883420081602,9621.883420081602,1769142245.0,1769142245.0
BTC,2026-03-21,1774080000,1776412800,27.0,70690.18579697236,70856.73074343966,70856.73074343966,0.4978577830257072,0.0363,0.0,3824.725268980641,3824.725268980638,28.0,64.0,66.0,21040.510792624405,21040.510792624405,1728413207,1728413207,13713.40925932242,13713.40925932242,1740253957.0,1740253957.0,9556.923691518496,9556.923691518496,1769142245.0,1769142245.0
BTC,2026-03-22,1774166400,1777017600,33.0,68905.95175977238,68989.56024389568,68989.56024389568,0.529117871157265,0.0363625455374457,0.0,4374.199315242222,4374.199315242222,62.0,65.0,66.0,20588.1770438084,20588.1770438084,1728413207,1728413207,13546.525034353945,13546.525034353945,1740253957.0,1740253957.0,9459.10099228771,9459.10099228771,1769142245.0,1769142245.0
BTC,2026-03-23,1774252800,1777017600,32.0,68290.3276485201,68377.79009122761,68377.79009122761,0.5324118272204209,0.0363346495027426,0.0,4295.877230320048,4295.877230320044,22.0,126.0,146.0,20399.63585184853,20399.63585184853,1728413207,1728413207,13417.920300832991,13417.920300832991,1740253957.0,1740253957.0,9368.529687695993,9368.529687695993,1769142245.0,1769142245.0
BTC,2026-03-24,1774339200,1777017600,31.0,71386.39298843361,71529.28479034969,71529.28479034969,0.4969282592451275,0.0363346495027426,0.0,4128.979011976926,4128.979011976926,60.0,65.0,86.0,21273.026094614004,21273.026094614004,1728413207,1728413207,13834.028915083229,13834.028915083229,1740253957.0,1740253957.0,9639.49527229791,9639.49527229791,1769142245.0,1769142245.0
BTC,2026-03-25,1774425600,1777017600,30.0,70899.35616498982,71002.59355826234,71002.59355826234,0.4835319218105967,0.0363346495027426,0.0,3923.521149669036,3923.521149669032,24.0,65.0,66.0,21166.569456224424,21166.569456224424,1728413207,1728413207,13663.935579122615,13663.935579122615,1740253957.0,1740253957.0,9513.161339998294,9513.161339998294,1769142245.0,1769142245.0
BTC,2026-03-26,1774512000,1777017600,29.0,70058.90522846718,70139.41125484338,70139.41125484338,0.4866388553733873,0.0363125273017803,0.0,3835.2277339594143,3835.2277339594143,22.0,66.0,66.0,20937.165542163955,20937.165542163955,1728413207,1728413207,13518.797353600778,13518.797353600778,1740253957.0,1740253957.0,9413.859778311276,9413.859778311276,1769142245.0,1769142245.0
BTC,2026-03-27,1774598400,1777017600,28.0,68482.48700569519,68547.61386675999,68547.61386675999,0.4989991460196128,0.0363125273017803,0.0,3776.497941462165,3776.4979414621607,17.0,66.0,66.0,20479.61924064376,20479.61924064376,1728413207,1728413207,13265.395527602232,13265.395527602232,1740253957.0,1740253957.0,9242.666681967889,9242.666681967889,1769142245.0,1769142245.0
BTC,2026-03-28,1774684800,1777017600,27.0,66514.61191613809,66555.15280698564,66555.15280698564,0.5022387643601882,0.0363125273017803,0.0,3624.097618005001,3624.0976180050047,15.0,63.0,66.0,19913.842683993877,19913.842683993877,1728413207,1728413207,12900.206510594511,12900.206510594511,1740253957.0,1740253957.0,8989.872970152852,8989.872970152852,1769142245.0,1769142245.0
BTC,2026-03-29,1774771200,1777017600,26.0,66613.05447713051,66665.86783658715,66665.86783658715,0.5055111698824919,0.0363125273017803,0.0,3585.546071826993,3585.546071826993,11.0,66.0,86.0,19931.10298368252,19931.10298368252,1728413207,1728413207,12941.332212444868,12941.332212444868,1740253957.0,1740253957.0,9020.804680413286,9020.804680413286,1769142245.0,1769142245.0
BTC,2026-03-30,1774857600,1777017600,25.0,67552.51183866119,67595.1593979667,67595.1593979667,0.5069217956527186,0.0363,0.0,3574.965028826227,3574.9650288262233,17.0,65.0,66.0,20223.105992292847,20223.105992292847,1728413207,1728413207,13136.9156737322,13136.9156737322,1740253957.0,1740253957.0,9158.482302212538,9158.482302212538,1769142245.0,1769142245.0
BTC,2026-03-31,1774944000,1777017600,24.0,67312.09763195866,67376.66796037466,67376.66796037466,0.523601695474062,0.0363,0.0,3606.2324670690414,3606.2324670690414,19.0,64.0,86.0,20129.0589611716,20129.0589611716,1728413207,1728413207,13159.919400405088,13159.919400405088,1740253957.0,1740253957.0,9181.693567684895,9181.693567684895,1769142245.0,1769142245.0
BTC,2026-04-01,1775030400,1777017600,23.0,68649.26120182546,68709.75338224343,68709.75338224343,0.5047042927597721,0.0363,0.0,3470.504089953446,3470.50408995345,19.0,66.0,66.0,20534.28618012966,20534.28618012966,1728413207,1728413207,13371.787914237428,13371.787914237428,1740253957.0,1740253957.0,9324.445107353436,9324.445107353436,1769142245.0,1769142245.0
BTC,2026-04-02,1775116800,1777017600,22.0,66908.52544985386,66933.97934162352,66933.97934162352,0.4962057494448304,0.0363,0.0,3250.984710501701,3250.984710501701,23.0,35.0,66.0,20047.103743186493,20047.103743186493,1728413207,1728413207,13022.343578228516,13022.343578228516,1740253957.0,1740253957.0,9079.704353585734,9079.704353585734,1769142245.0,1769142245.0
BTC,2026-04-03,1775203200,1777017600,21.0,67027.50175112247,67072.88360846249,67072.88360846249,0.4668791425938065,0.0363,0.0,2995.0069905614528,2995.0069905614564,19.0,66.0,86.0,20062.86866799672,20062.86866799672,1728413207,1728413207,13019.69597111021,13019.69597111021,1740253957.0,1740253957.0,9075.20674186572,9075.20674186572,1769142245.0,1769142245.0
BTC,2026-04-04,1775289600,1777622400,27.0,67007.41509740199,67116.27762893874,67116.27762893874,0.446963750767921,0.0363,0.0,3252.9570522763365,3252.9570522763365,20.0,63.0,66.0,19993.36199768384,19993.36199768384,1728413207,1728413207,12858.323393062172,12858.323393062172,1740253957.0,1740253957.0,8946.510412501695,8946.510412501695,1769142245.0,1769142245.0
BTC,2026-04-05,1775376000,1777622400,26.0,66803.02090236242,66901.7700142798,66901.7700142798,0.4506282849391834,0.0363,0.0,3208.0761928273673,3208.0761928273673,31.0,66.0,106.0,19942.157158791342,19942.157158791342,1728413207,1728413207,12843.418942203978,12843.418942203978,1740253957.0,1740253957.0,8938.674735715933,8938.674735715933,1769142245.0,1769142245.0
BTC,2026-04-06,1775462400,1777622400,25.0,69088.70523276592,69192.57583637652,69192.57583637652,0.4445065033287582,0.0363,0.0,3209.4189886154804,3209.4189886154804,10.0,63.0,86.0,20622.740966219175,20622.740966219175,1728413207,1728413207,13295.905434554,13295.905434554,1740253957.0,1740253957.0,9254.950242987878,9254.950242987878,1769142245.0,1769142245.0
BTC,2026-04-07,1775548800,1777622400,24.0,68614.90924040938,68698.20558240407,68698.20558240407,0.4578476525046809,0.0363,0.0,3215.779598259766,3215.779598259766,20.0,66.0,66.0,20501.17643012813,20501.17643012813,1728413207,1728413207,13244.427381617272,13244.427381617272,1740253957.0,1740253957.0,9223.243720485629,9223.243720485629,1769142245.0,1769142245.0
BTC,2026-04-08,1775635200,1777622400,23.0,71625.97358400098,71743.70287777903,71743.70287777903,0.4207967468718651,0.0363,0.0,3021.912208000396,3021.9122080003917,17.0,65.0,66.0,21370.062781422253,21370.062781422253,1728413207,1728413207,13829.260789955904,13829.260789955904,1740253957.0,1740253957.0,9630.8891602847,9630.8891602847,1769142245.0,1769142245.0
BTC,2026-04-09,1775721600,1777622400,22.0,70978.43107202789,71022.20217057412,71022.20217057412,0.4195313236602944,0.0363,0.0,2917.0344977231885,2917.0344977231925,61.0,66.0,86.0,21249.758223062137,21249.758223062137,1728413207,1728413207,13729.341227152869,13729.341227152869,1740253957.0,1740253957.0,9563.904360281736,9563.904360281736,1769142245.0,1769142245.0
BTC,2026-04-10,1775808000,1777622400,21.0,71471.67137816874,71539.37174762647,71539.37174762647,0.421324105695334,0.0363,0.0,2883.0350952914523,2883.0350952914523,19.0,63.0,66.0,21373.80104399289,21373.80104399289,1728413207,1728413207,13867.063944448855,13867.063944448855,1740253957.0,1740253957.0,9664.217727995709,9664.217727995709,1769142245.0,1769142245.0
BTC,2026-04-11,1775894400,1778227200,27.0,72736.18868770252,72805.66753590017,72805.66753590017,0.4168642957106428,0.0363,0.0,3291.3407024759267,3291.3407024759226,21.0,65.0,66.0,21751.37775811311,21751.37775811311,1728413207,1728413207,13910.668150783533,13910.668150783533,1740253957.0,1740253957.0,9673.81074687278,9673.81074687278,1769142245.0,1769142245.0
BTC,2026-04-12,1775980800,1778227200,26.0,71728.83386316137,71770.48628011698,71770.48628011698,0.4360786036663923,0.0363,0.0,3330.549614624709,3330.549614624709,22.0,34.0,46.0,21476.997741992804,21476.997741992804,1728413207,1728413207,13757.986842826527,13757.986842826527,1740253957.0,1740253957.0,9571.812796997998,9571.812796997998,1769142245.0,1769142245.0
BTC,2026-04-13,1776067200,1778227200,25.0,70813.90437943095,70847.07749252555,70847.07749252555,0.4292804767186053,0.0363,0.0,3173.7181836907994,3173.7181836907994,11.0,66.0,66.0,21210.998200734684,21210.998200734684,1728413207,1728413207,13600.433884144844,13600.433884144844,1740253957.0,1740253957.0,9464.069019727254,9464.069019727254,1769142245.0,1769142245.0
BTC,2026-04-14,1776153600,1778227200,24.0,74552.19538930374,74639.24230676,74639.24230676,0.4233116883930343,0.0363,0.0,3230.602810110636,3230.602810110636,56.0,65.0,86.0,22278.611699334862,22278.611699334862,1728413207,1728413207,14354.328383667063,14354.328383667063,1740253957.0,1740253957.0,9992.41879914758,9992.41879914758,1769142245.0,1769142245.0
BTC,2026-04-15,1776240000,1778227200,23.0,73758.90500432307,73785.8236250432,73785.8236250432,0.4221163506792458,0.0363,0.0,3117.665505725611,3117.665505725607,11.0,66.0,66.0,22100.752880576787,22100.752880576787,1728413207,1728413207,14226.394484280128,14226.394484280128,1740253957.0,1740253957.0,9905.937487337642,9905.937487337642,1769142245.0,1769142245.0
BTC,2026-04-16,1776326400,1778227200,22.0,74710.82303565768,74778.54735925308,74778.54735925308,0.4237735583270365,0.0363,0.0,3102.3444653372167,3102.3444653372167,60.0,65.0,66.0,22345.52258710191,22345.52258710191,1728413207,1728413207,14453.549584115302,14453.549584115302,1740253957.0,1740253957.0,10068.623206579086,10068.623206579086,1769142245.0,1769142245.0
BTC,2026-04-17,1776412800,1778227200,21.0,75058.40528983397,75082.89561971281,75082.89561971281,0.4034916433776996,0.0363,0.0,2897.8731138251005,2897.8731138251005,17.0,65.0,86.0,22493.031257071347,22493.031257071347,1728413207,1728413207,14572.659788515262,14572.659788515262,1740253957.0,1740253957.0,10156.959725015531,10156.959725015531,1769142245.0,1769142245.0
BTC,2026-04-18,1776499200,1778832000,27.0,77011.80907355707,77089.68523517673,77089.68523517673,0.4064664099593747,0.0363,0.0,3398.1718785106773,3398.1718785106773,12.0,64.0,66.0,23025.666560447466,23025.666560447466,1728413207,1728413207,14724.341604292462,14724.341604292462,1740253957.0,1740253957.0,10239.237101962826,10239.237101962826,1769142245.0,1769142245.0
BTC,2026-04-19,1776585600,1778832000,26.0,75284.64625873433,75305.5941313433,75305.5941313433,0.4237821106645351,0.0363,0.0,3396.1645342523207,3396.1645342523207,11.0,65.0,86.0,22564.446005011323,22564.446005011323,1728413207,1728413207,14423.527059873984,14423.527059873984,1740253957.0,1740253957.0,10033.1287227245,10033.1287227245,1776540419.0,1769142245.0
BTC,2026-04-20,1776672000,1778832000,25.0,74805.29800746561,74855.62026779896,74855.62026779896,0.4203294412783449,0.0363,0.0,3283.438818118381,3283.4388181183767,61.0,66.0,86.0,22391.267141906326,22391.267141906326,1728413207,1728413207,14364.038206494282,14364.038206494282,1740253957.0,1740253957.0,9995.12460504612,9995.12460504612,1776540419.0,1776540419.0
BTC,2026-04-21,1776758400,1778832000,24.0,76125.16361643914,76148.79770746201,76148.79770746201,0.4095897941065856,0.0363,0.0,3189.2007323026733,3189.200732302678,61.0,66.0,86.0,22813.914993908864,22813.914993908864,1728413207,1728413207,14647.35510973155,14647.35510973155,1740253957.0,1740253957.0,10195.380815456458,10195.380815456458,1776540419.0,1776540419.0
BTC,2026-04-22,1776844800,1778832000,23.0,78038.88133657996,78038.79630140954,78038.79630140954,0.4190667760809117,0.0363,0.0,3273.566221008838,3273.566221008838,19.0,66.0,86.0,23411.579365803573,23411.579365803573,1728413207,1728413207,15047.677673498663,15047.677673498663,1740253957.0,1740253957.0,10477.364512067335,10477.364512067335,1776841647.0,1776540419.0
BTC,2026-04-23,1776931200,1780041600,36.0,78053.78524486755,78061.52753088175,78061.52753088175,0.4075420477680594,0.0363627318276016,0.0,3983.162274318075,3983.162274318075,13.0,63.0,66.0,23408.39328744607,23408.39328744607,1728413207,1728413207,14813.106500204996,14813.106500204996,1740253957.0,1740253957.0,10289.409495266638,10289.409495266638,1776841647.0,1776841647.0
BTC,2026-04-24,1777017600,1780041600,35.0,77667.6153431519,77700.51381048757,77700.51381048757,0.401303879335216,0.0363627318276016,0.0,3849.5993492338966,3849.5993492338966,11.0,66.0,86.0,23267.38613560991,23267.38613560991,1728413207,1728413207,14729.311996427045,14729.311996427045,1740253957.0,1740253957.0,10230.097290278602,10230.097290278602,1776841647.0,1776841647.0
BTC,2026-04-25,1777104000,1779436800,27.0,77524.1847034194,77517.87257903456,77517.87257903456,0.3774320808086763,0.0363,0.0,3173.1859203537606,3173.1859203537565,12.0,63.0,66.0,23250.943286640977,23250.943286640977,1728413207,1728413207,14826.05510755828,14826.05510755828,1740253957.0,1740253957.0,10310.360391978236,10310.360391978236,1776841647.0,1776841647.0
BTC,2026-04-26,1777190400,1780041600,33.0,78117.12022813351,78142.6498849118,78142.6498849118,0.3877288933988763,0.0363487834560642,0.0,3632.37775433615,3632.37775433615,15.0,64.0,66.0,23409.606411661764,23409.606411661764,1728413207,1728413207,14803.971458967091,14803.971458967091,1740253957.0,1740253957.0,10280.834762611004,10280.834762611004,1776841647.0,1776841647.0
BTC,2026-04-27,1777276800,1780041600,32.0,77662.84565444478,77691.13523002568,77691.13523002568,0.381054941538904,0.036334646471294,0.0,3495.1625465551124,3495.1625465551124,62.0,63.0,66.0,23270.564120752533,23270.564120752533,1728413207,1728413207,14725.362138554445,14725.362138554445,1740253957.0,1740253957.0,10227.03279775466,10227.03279775466,1776841647.0,1776841647.0
BTC,2026-04-28,1777363200,1780041600,31.0,76877.81726008294,76876.83645555632,76876.83645555632,0.3892311807254757,0.036334646471294,0.0,3477.0810795487323,3477.0810795487364,61.0,63.0,66.0,23062.364373498254,23062.364373498254,1728413207,1728413207,14584.350913335584,14584.350913335584,1740253957.0,1740253957.0,10129.924385466806,10129.924385466806,1776841647.0,1776841647.0
BTC,2026-04-29,1777449600,1780041600,30.0,77029.27950435076,77074.21278468831,77074.21278468831,0.3830950645681544,0.036334646471294,0.0,3375.37227762591,3375.37227762591,60.0,66.0,66.0,23063.850570967683,23063.850570967683,1728413207,1728413207,14633.215591516991,14633.215591516991,1740253957.0,1740253957.0,10165.98688312658,10165.98688312658,1776841647.0,1776841647.0
BTC,2026-04-30,1777536000,1780041600,29.0,76111.49097855572,76100.97999310716,76100.97999310716,0.374443750839807,0.036334646471294,0.0,3202.8597705623533,3202.8597705623533,58.0,66.0,86.0,22822.93630811815,22822.93630811815,1728413207,1728413207,14488.538118854414,14488.538118854414,1740253957.0,1740253957.0,10068.600675512416,10068.600675512416,1776841647.0,1776841647.0
BTC,2026-05-01,1777622400,1780041600,28.0,77106.04223593172,77164.46155536038,77164.46155536038,0.3708714386654702,0.036334646471294,0.0,3160.766888561992,3160.766888561992,9.0,66.0,66.0,23073.39335135085,23073.39335135085,1728413207,1728413207,14728.501971344987,14728.501971344987,1740253957.0,1740253957.0,10240.680732357356,10240.680732357356,1776841647.0,1776841647.0
BTC,2026-05-02,1777708800,1780041600,27.0,78200.7164626826,78220.84353231438,78220.84353231438,0.3677934504993704,0.036334646471294,0.0,3120.2612658948283,3120.2612658948283,30.0,66.0,66.0,23440.087869172996,23440.087869172996,1728413207,1728413207,14975.802535685032,14975.802535685032,1740253957.0,1740253957.0,10416.627699294371,10416.627699294371,1776841647.0,1776841647.0
BTC,2026-05-03,1777795200,1780041600,26.0,78351.35967325314,78368.33582103097,78368.33582103097,0.3734210630929515,0.036334646471294,0.0,3114.6555869760236,3114.655586976028,61.0,66.0,66.0,23488.43175419812,23488.43175419812,1728413207,1728413207,15034.181279803344,15034.181279803344,1740253957.0,1740253957.0,10460.31783037761,10460.31783037761,1776841647.0,1776841647.0
BTC,2026-05-04,1777881600,1780041600,25.0,79674.91587825013,79731.80000075062,79731.80000075062,0.3739678558249288,0.0363,0.0,3111.9038692031545,3111.9038692031545,57.0,65.0,66.0,23845.59064097455,23845.59064097455,1728413207,1728413207,15336.625779995598,15336.625779995598,1740253957.0,1740253957.0,10675.802306431477,10675.802306431477,1776841647.0,1776841647.0
BTC,2026-05-05,1777968000,1780041600,24.0,80844.21342189157,80854.73071847855,80854.73071847855,0.384609060626486,0.0363,0.0,3179.934847417805,3179.9348474178096,61.0,63.0,66.0,24242.7467299805,24242.7467299805,1728413207,1728413207,15579.246260249594,15579.246260249594,1740253957.0,1740253957.0,10846.512739761847,10846.512739761847,1776841647.0,1776841647.0
BTC,2026-05-06,1778054400,1780041600,23.0,81329.27923888479,81373.61326728127,81373.61326728127,0.3739472979914316,0.0363,0.0,3046.226020770014,3046.226020770014,46.0,66.0,66.0,24354.449743268957,24354.449743268957,1728413207,1728413207,15750.450098259898,15750.450098259898,1740253957.0,1740253957.0,10973.77449383022,10973.77449383022,1776841647.0,1776841647.0
BTC,2026-05-07,1778140800,1780041600,22.0,81507.23900428764,81568.83595235253,81568.83595235253,0.3694408605499976,0.0363,0.0,2950.4979770066984,2950.497977006694,52.0,66.0,86.0,24390.574753221397,24390.574753221397,1728413207,1728413207,15855.25926992143,15855.25926992143,1740253957.0,1740253957.0,11054.062635851387,11054.062635851387,1776841647.0,1776841647.0
BTC,2026-05-08,1778227200,1780041600,21.0,79685.79732405671,79710.446269864,79710.446269864,0.3607437016698656,0.0363,0.0,2750.7543537317956,2750.7543537318,57.0,64.0,66.0,23881.09025140972,23881.09025140972,1728413207,1728413207,15584.655182906092,15584.655182906092,1740253957.0,1740253957.0,10874.008199843742,10874.008199843742,1776841647.0,1776841647.0
BTC,2026-05-09,1778313600,1780646400,27.0,80216.57543159946,80297.07261764453,80297.07261764453,0.3562653100833354,0.0363,0.0,3102.7650612673197,3102.7650612673197,48.0,63.0,66.0,23984.475443434756,23984.475443434756,1728413207,1728413207,15398.862730595678,15398.862730595678,1740253957.0,1740253957.0,10714.758675844556,10714.758675844556,1776841647.0,1776841647.0
BTC,2026-05-10,1778400000,1780646400,26.0,80722.17934482788,80785.51820005552,80785.51820005552,0.3640148151523957,0.0363,0.0,3129.91185858698,3129.91185858698,18.0,65.0,66.0,24153.31494822072,24153.31494822072,1728413207,1728413207,15517.137669875045,15517.137669875045,1740253957.0,1740253957.0,10799.266549003478,10799.266549003478,1776841647.0,1776841647.0
BTC,2026-05-11,1778486400,1780646400,25.0,80720.85256059951,80793.71360553316,80793.71360553316,0.3667296258046156,0.0363,0.0,3092.3634986500424,3092.3634986500424,11.0,66.0,66.0,24143.3947232462,24143.3947232462,1728413207,1728413207,15557.451622784904,15557.451622784904,1740253957.0,1740253957.0,10831.544247015936,10831.544247015936,1776841647.0,1776841647.0
BTC,2026-05-12,1778572800,1780646400,24.0,80834.5241572489,80857.2758581623,80857.2758581623,0.3673090029401421,0.0363,0.0,3037.1023482097753,3037.1023482097753,59.0,66.0,66.0,24227.605546261268,24227.605546261268,1728413207,1728413207,15618.586329651607,15618.586329651607,1740253957.0,1740253957.0,10878.17858057631,10878.17858057631,1776841647.0,1776841647.0
BTC,2026-05-13,1778659200,1780646400,23.0,81003.65488472735,81060.30144956203,81060.30144956203,0.3598112801559771,0.0363,0.0,2919.8661031406277,2919.8661031406277,61.0,66.0,66.0,24244.449900583528,24244.449900583528,1728413207,1728413207,15733.107256366651,15733.107256366651,1740253957.0,1740253957.0,10966.412707398773,10966.412707398773,1776841647.0,1776841647.0
BTC,2026-05-14,1778745600,1780646400,22.0,79708.185006422,79735.99946268226,79735.99946268226,0.367928281994694,0.0363,0.0,2872.400280088363,2872.400280088363,10.0,66.0,66.0,23884.641045666347,23884.641045666347,1728413207,1728413207,15505.025588650678,15505.025588650678,1740253957.0,1740253957.0,10809.856770792108,10809.856770792108,1776841647.0,1776841647.0
BTC,2026-05-15,1778832000,1780646400,21.0,80803.18058751822,80797.41922388185,80797.41922388185,0.3609639211816469,0.0363,0.0,2789.966126513792,2789.966126513797,61.0,65.0,66.0,24235.192812619094,24235.192812619094,1728413207,1728413207,15797.451955403034,15797.451955403034,1740253957.0,1740253957.0,11021.89795257206,11021.89795257206,1776841647.0,1776841647.0
BTC,2026-05-16,1778918400,1781251200,27.0,78353.9414454031,78426.77930738094,78426.77930738094,0.3778778102273292,0.0363,0.0,3214.1799080130863,3214.1799080130863,10.0,64.0,66.0,23433.344571643094,23433.344571643094,1728413207,1728413207,14996.30153069651,14996.30153069651,1740253957.0,1740253957.0,10429.962395649152,10429.962395649152,1776841647.0,1776841647.0
BTC,2026-05-17,1779004800,1781251200,26.0,78151.00254913684,78164.26037277507,78164.26037277507,0.3648607798635731,0.0363,0.0,3035.3875131213717,3035.3875131213717,14.0,65.0,66.0,23432.042941102827,23432.042941102827,1728413207,1728413207,15013.40369779147,15013.40369779147,1740253957.0,1740253957.0,10447.702907250436,10447.702907250436,1776841647.0,1776841647.0
BTC,2026-05-18,1779091200,1781251200,25.0,77037.09841104811,77079.52557453037,77079.52557453037,0.3809259180742418,0.0363,0.0,3064.3147901343664,3064.3147901343623,15.0,64.0,66.0,23068.70235983216,23068.70235983216,1728413207,1728413207,14814.125240173054,14814.125240173054,1740253957.0,1740253957.0,10310.558223917482,10310.558223917482,1776841647.0,1776841647.0
BTC,2026-05-19,1779177600,1781251200,24.0,77164.6460459145,77202.39659953635,77202.39659953635,0.3693903755682867,0.0363,0.0,2916.240137145274,2916.2401371452775,27.0,64.0,106.0,23111.6432601525,23111.6432601525,1728413207,1728413207,14906.551427408504,14906.551427408504,1740253957.0,1740253957.0,10381.948221008515,10381.948221008515,1776841647.0,1776841647.0
BTC,2026-05-20,1779264000,1781251200,23.0,77209.11872133597,77247.50076496221,77247.50076496221,0.3696163367163966,0.0363,0.0,2858.2972414631517,2858.2972414631517,41.0,64.0,86.0,23124.35357277454,23124.35357277454,1728413207,1728413207,14963.449022416058,14963.449022416058,1740253957.0,1740253957.0,10426.576843506127,10426.576843506127,1776841647.0,1776841647.0
BTC,2026-05-21,1779350400,1782460800,36.0,77812.77050636223,77892.67489182907,77892.67489182907,0.3586545912741924,0.0363616567871871,0.0,3498.3105888686528,3498.310588868657,32.0,65.0,86.0,23263.926766441826,23263.926766441826,1728413207,1728413207,14717.663641068328,14717.663641068328,1740253957.0,1740253957.0,10217.875502727416,10217.875502727416,1776841647.0,1776841647.0
BTC,2026-05-22,1779436800,1782460800,35.0,77333.33844806366,77441.92009347556,77441.92009347556,0.3462251197090547,0.0363567365656708,0.0,3310.734702559007,3310.7347025590116,61.0,65.0,86.0,23091.419889007193,23091.419889007193,1728413207,1728413207,14654.540953078536,14654.540953078536,1740253957.0,1740253957.0,10176.96599350156,10176.96599350156,1776841647.0,1776841647.0
BTC,2026-05-23,1779523200,1781856000,27.0,74520.74920688468,74641.10474985618,74641.10474985618,0.354185708690842,0.0363,0.0,2867.389644574504,2867.389644574504,13.0,64.0,106.0,22235.869219093896,22235.869219093896,1728413207,1728413207,14318.024595460727,14318.024595460727,1740253957.0,1740253957.0,9964.004692230888,9964.004692230888,1776841647.0,1776841647.0
BTC,2026-05-24,1779609600,1782460800,33.0,76704.79016602357,76790.06494776029,76790.06494776029,0.341765178344832,0.0363454619288807,0.0,3146.7510679787733,3146.7510679787733,38.0,66.0,86.0,22926.162268070348,22926.162268070348,1728413207,1728413207,14576.083362926096,14576.083362926096,1740253957.0,1740253957.0,9363.01340759025,10126.770887020404,1779600107.0,1776841647.0
BTC,2026-05-25,1779696000,1782460800,32.0,77305.00668079707,77475.35101330043,77475.35101330043,0.32504161671164,0.0363346482719897,0.0,2973.5384420846285,2973.5384420846285,39.0,65.0,66.0,23021.15767173576,23021.15767173576,1728413207,1728413207,14775.993473927976,14775.993473927976,1740253957.0,1740253957.0,9508.590889398743,9508.590889398743,1779600107.0,1779600107.0
BTC,2026-05-26,1779782400,1782460800,31.0,76636.06952530943,76775.31803080557,76775.31803080557,0.3229336247671033,0.0363346482719897,0.0,2881.50328920578,2881.5032892057843,52.0,65.0,86.0,22851.57235209669,22851.57235209669,1728413207,1728413207,14680.0570860692,14680.0570860692,1740253957.0,1740253957.0,9452.963170035411,9452.963170035411,1779600107.0,1779600107.0
BTC,2026-05-27,1779868800,1782460800,30.0,75878.26221813342,75966.06617073847,75966.06617073847,0.3388275303234785,0.0363346497867394,0.0,2942.7398219071474,2942.7398219071515,55.0,63.0,106.0,22675.674712834967,22675.674712834967,1728413207,1728413207,14497.907284425391,14497.907284425391,1740253957.0,1740253957.0,9327.836530866483,9327.836530866483,1779600107.0,1779600107.0
BTC,2026-05-28,1779955200,1782460800,29.0,73366.12795981117,73503.50126219608,73503.50126219608,0.3487694009514672,0.0363346497867394,0.0,2881.603194206858,2881.603194206854,47.0,63.0,86.0,21872.465085558448,21872.465085558448,1728413207,1728413207,14035.283863787356,14035.283863787356,1740253957.0,1740253957.0,9030.13918278121,9030.13918278121,1779600107.0,1779600107.0
BTC,2026-05-29,1780041600,1782460800,28.0,73433.00807006402,73638.62704284006,73638.62704284006,0.335236567132578,0.0363025402197649,0.0,2726.740026144903,2726.740026144907,13.0,65.0,86.0,21824.28344824317,21824.28344824317,1728413207,1728413207,14141.445426691424,14141.445426691424,1740253957.0,1740253957.0,9114.865669678236,9114.865669678236,1779600107.0,1779600107.0
BTC,2026-05-30,1780128000,1782460800,27.0,73448.05065597506,73564.32413905581,73564.32413905581,0.3278266498526908,0.0363,0.0,2615.8520803070764,2615.8520803070724,10.0,64.0,66.0,21918.141713711775,21918.141713711775,1728413207,1728413207,14205.036037275802,14205.036037275802,1740253957.0,1740253957.0,9167.082281353736,9167.082281353736,1779600107.0,1779600107.0
BTC,2026-05-31,1780214400,1782460800,26.0,73798.667479004,73891.90178612145,73891.90178612145,0.3358763116735665,0.0363,0.0,2641.685611958455,2641.685611958451,42.0,65.0,86.0,22046.365936583745,22046.365936583745,1728413207,1728413207,14281.481647858212,14281.481647858212,1740253957.0,1740253957.0,9216.432395594133,9216.432395594133,1779600107.0,1779600107.0
BTC,2026-06-01,1780300800,1782460800,25.0,72729.4288887006,72849.52869275492,72849.52869275492,0.345395558215181,0.0363,0.0,2626.209038477234,2626.2090384772305,57.0,65.0,106.0,21698.728862555858,21698.728862555858,1728413207,1728413207,14089.222819555966,14089.222819555966,1740253957.0,1740253957.0,9092.504479746913,9092.504479746913,1779600107.0,1779600107.0
BTC,2026-06-02,1780387200,1782460800,24.0,70031.53967549902,70145.31316693712,70145.31316693712,0.3631983056001528,0.0363,0.0,2605.2823242861123,2605.2823242861123,46.0,65.0,66.0,20895.68841121161,20895.68841121161,1728413207,1728413207,13556.392997182616,13556.392997182616,1740253957.0,1740253957.0,8743.634172301436,8743.634172301436,1779600107.0,1779600107.0
BTC,2026-06-03,1780473600,1782460800,23.0,67152.50927773536,67205.05035946316,67205.05035946316,0.4071548416095592,0.0363,0.0,2739.05069520085,2739.05069520085,30.0,64.0,66.0,20093.2117015928,20093.2117015928,1728413207,1728413207,12961.152939287984,12961.152939287984,1740253957.0,1740253957.0,8344.214545217066,8344.214545217066,1779600107.0,1779600107.0
BTC,2026-06-04,1780560000,1782460800,22.0,63597.17781222933,63634.0252229476,63634.0252229476,0.4747400484111476,0.0363,0.0,2957.157640908634,2957.157640908634,54.0,64.0,106.0,19042.30593295053,19042.30593295053,1728413207,1728413207,12338.93549272441,12338.93549272441,1740253957.0,1740253957.0,7933.50460878166,7933.50460878166,1779600107.0,1779600107.0
BTC,2026-06-05,1780646400,1782460800,21.0,62989.24980014829,63048.37911289205,63048.37911289205,0.4523076672045873,0.0363,0.0,2727.521636159839,2727.5216361598355,46.0,65.0,66.0,18837.645627300724,18837.645627300724,1728413207,1728413207,12224.840330207397,12224.840330207397,1740253957.0,1740253957.0,7868.78105131877,7868.78105131877,1779600107.0,1779600107.0
BTC,2026-06-06,1780732800,1783065600,27.0,60980.40918231413,61082.4302266485,61082.4302266485,0.4684083523558327,0.0363,0.0,3102.364630557486,3102.3646305574825,57.0,65.0,66.0,18192.101710359864,18192.101710359864,1728413207,1728413207,11744.10156514524,11744.10156514524,1740253957.0,1740253957.0,7534.543397862849,7534.543397862849,1779600107.0,1779600107.0
BTC,2026-06-07,1780819200,1783065600,26.0,62367.17975415515,62490.23580999937,62490.23580999937,0.4596046500958032,0.0363,0.0,3056.15002152791,3056.150021527907,40.0,66.0,66.0,18587.09787040232,18587.09787040232,1728413207,1728413207,12010.951798221402,12010.951798221402,1740253957.0,1740253957.0,7709.64764567195,7709.64764567195,1779600107.0,1779600107.0
BTC,2026-06-08,1780905600,1783065600,25.0,63249.30588843752,63317.21611164513,63317.21611164513,0.4504487735588575,0.0363,0.0,2976.113106342512,2976.1131063425155,29.0,64.0,106.0,18906.881543323645,18906.881543323645,1728413207,1728413207,12175.7503058805,12175.7503058805,1740253957.0,1740253957.0,7819.257330633045,7819.257330633045,1779600107.0,1779600107.0
BTC,2026-06-09,1780992000,1783065600,24.0,63177.281909024925,63245.32698617848,63245.32698617848,0.4219876690024948,0.0363,0.0,2728.887412745994,2728.887412745997,49.0,64.0,66.0,18885.13949555392,18885.13949555392,1728413207,1728413207,12163.010589339132,12163.010589339132,1740253957.0,1740253957.0,7820.927420024354,7820.927420024354,1779600107.0,1779600107.0
BTC,2026-06-10,1781078400,1783065600,23.0,61624.981656109434,61681.58312718969,61681.58312718969,0.4495027925697988,0.0363,0.0,2775.141369709974,2775.141369709974,42.0,64.0,86.0,18430.893025752575,18430.893025752575,1728413207,1728413207,11904.838032505308,11904.838032505308,1740253957.0,1740253957.0,7653.656272279198,7653.656272279198,1779600107.0,1779600107.0
BTC,2026-06-11,1781164800,1783065600,22.0,62639.68861033832,62693.91999318034,62693.91999318034,0.4341446415683584,0.0363,0.0,2664.58333683075,2664.58333683075,40.0,64.0,86.0,18737.67520025948,18737.67520025948,1728413207,1728413207,12118.401994360644,12118.401994360644,1740253957.0,1740253957.0,7799.082281638825,7799.082281638825,1779600107.0,1779600107.0
BTC,2026-06-12,1781251200,1783065600,21.0,63041.582026808086,63038.57359236449,63038.57359236449,0.4045832732350392,0.0363,0.0,2439.59194653399,2439.591946533993,31.0,64.0,66.0,18909.46617359883,18909.46617359883,1728413207,1728413207,12234.648761639311,12234.648761639311,1740253957.0,1740253957.0,7888.677381751768,7888.677381751768,1779600107.0,1779600107.0
BTC,2026-06-13,1781337600,1783670400,27.0,63778.1130282501,63861.48190427547,63861.48190427547,0.3794675038432897,0.0363,0.0,2628.2482447327193,2628.2482447327193,50.0,65.0,86.0,19050.065032449667,19050.065032449667,1728413207,1728413207,12208.587098974753,12208.587098974753,1740253957.0,1740253957.0,7849.733776027133,7849.733776027133,1779600107.0,1779600107.0
BTC,2026-06-14,1781424000,1783670400,26.0,64369.83683311194,64445.23534801343,64445.23534801343,0.3839410011684975,0.0363,0.0,2633.3927478886294,2633.392747888633,29.0,63.0,106.0,19235.55253503209,19235.55253503209,1728413207,1728413207,12347.356057127448,12347.356057127448,1740253957.0,1740253957.0,7942.071532609832,7942.071532609832,1779600107.0,1779600107.0
BTC,2026-06-15,1781510400,1783670400,25.0,65603.72378150528,65676.94205001635,65676.94205001635,0.3684693277467562,0.0363,0.0,2525.687723905161,2525.6877239051573,48.0,64.0,86.0,19607.898865940508,19607.898865940508,1728413207,1728413207,12642.48319794948,12642.48319794948,1740253957.0,1740253957.0,8144.699967468159,8144.699967468159,1779600107.0,1779600107.0
BTC,2026-06-16,1781596800,1783670400,24.0,66329.7306742215,66383.62831089713,66383.62831089713,0.3514510614047339,0.0363,0.0,2385.877557078338,2385.877557078338,12.0,63.0,106.0,19845.02156559082,19845.02156559082,1728413207,1728413207,12864.782200317251,12864.782200317251,1740253957.0,1740253957.0,8304.064946708499,8304.064946708499,1779600107.0,1779600107.0
BTC,2026-06-17,1781683200,1783670400,23.0,65468.30467115965,65576.53236077284,65576.53236077284,0.3444644742158826,0.0363,0.0,2261.44044345276,2261.4404434527564,27.0,63.0,66.0,19532.263711734704,19532.263711734704,1728413207,1728413207,12775.967120609144,12775.967120609144,1740253957.0,1740253957.0,8259.15411508414,8259.15411508414,1779600107.0,1779600107.0
BTC,2026-06-18,1781769600,1783670400,22.0,64440.046481396814,64525.28191716205,64525.28191716205,0.3671985020608939,0.0363,0.0,2319.843790196738,2319.843790196738,35.0,63.0,66.0,19246.77850865381,19246.77850865381,1728413207,1728413207,12546.80177895716,12546.80177895716,1740253957.0,1740253957.0,8103.090016420463,8103.090016420463,1779600107.0,1779600107.0
BTC,2026-06-19,1781856000,1783670400,21.0,62559.24865878341,62583.45584013129,62583.45584013129,0.392826625630245,0.0363,0.0,2351.6522697717287,2351.652269771732,28.0,66.0,66.0,18743.567416287136,18743.567416287136,1728413207,1728413207,12161.18985394716,12161.18985394716,1740253957.0,1740253957.0,7846.765695526632,7846.765695526632,1779600107.0,1779600107.0
BTC,2026-06-20,1781942400,1784275200,27.0,63598.893365703654,63675.17608003866,63675.17608003866,0.3731636067872868,0.0363,0.0,2577.084066285704,2577.084066285704,50.0,64.0,66.0,19003.385295376087,19003.385295376087,1728413207,1728413207,12180.75649047958,12180.75649047958,1740253957.0,1740253957.0,7834.401426924232,7834.401426924232,1779600107.0,1779600107.0
BTC,2026-06-21,1782028800,1784275200,26.0,64120.201190099346,64199.28989404657,64199.28989404657,0.3635661076111905,0.0363,0.0,2484.2401048140036,2484.2401048140036,11.0,63.0,66.0,19156.971653082583,19156.971653082583,1728413207,1728413207,12331.113764135209,12331.113764135209,1740253957.0,1740253957.0,7941.08057263873,7941.08057263873,1779600107.0,1779600107.0
BTC,2026-06-22,1782115200,1784275200,25.0,64134.89630729839,64219.64265320927,64219.64265320927,0.3709347070188185,0.0363,0.0,2486.156619710409,2486.1566197104053,43.0,64.0,106.0,19155.722546278637,19155.722546278637,1728413207,1728413207,12356.74949459673,12356.74949459673,1740253957.0,1740253957.0,7959.563630031377,7959.563630031377,1779600107.0,1779600107.0
BTC,2026-06-23,1782201600,1784275200,24.0,62813.01651110781,62898.38547952566,62898.38547952566,0.3980400255512565,0.0363,0.0,2560.04156059371,2560.04156059371,27.0,64.0,66.0,18758.535984914488,18758.535984914488,1728413207,1728413207,12102.222128006622,12102.222128006622,1740253957.0,1740253957.0,7789.577215492344,7789.577215492344,1779600107.0,1779600107.0
BTC,2026-06-24,1782288000,1784275200,23.0,62568.11233327132,62606.84761932201,62606.84761932201,0.38211216063477,0.0363,0.0,2394.824996190914,2394.824996190911,59.0,64.0,86.0,18731.698413930702,18731.698413930702,1728413207,1728413207,12102.674289457236,12102.674289457236,1740253957.0,1740253957.0,7801.566386141265,7801.566386141265,1779600107.0,1779600107.0
BTC,2026-06-25,1782374400,1785484800,36.0,61805.74215626449,61916.033379020126,61916.033379020126,0.3945934437367158,0.0363846479680721,0.0,3059.0744714941275,3059.074471494124,26.0,66.0,86.0,18431.431424123708,18431.431424123708,1728413207,1728413207,11722.314674512383,11722.314674512383,1740253957.0,1740253957.0,7507.837140742786,7507.837140742786,1779600107.0,1779600107.0
BTC,2026-06-26,1782460800,1785484800,35.0,60481.28485038985,60599.961009152335,60599.961009152335,0.4370758717812603,0.0363542527694025,0.0,3269.6062183181552,3269.606218318159,55.0,64.0,66.0,18025.709296354467,18025.709296354467,1728413207,1728413207,11563.619693768467,11563.619693768467,1740253957.0,1740253957.0,7405.869810551098,7405.869810551098,1782400771.0,1779600107.0
BTC,2026-06-27,1782547200,1784880000,27.0,60453.41313793129,60545.952834510645,60545.952834510645,0.4140317178336096,0.0363,0.0,2718.5343987706487,2718.5343987706487,41.0,62.0,66.0,18043.48424480003,18043.48424480003,1728413207,1728413207,11565.537804771888,11565.537804771888,1740253957.0,1740253957.0,7426.080719973389,7426.080719973389,1782400771.0,1782400771.0
BTC,2026-06-28,1782633600,1785484800,33.0,60119.84207512022,60237.39927071309,60237.39927071309,0.4258295192346188,0.0363493386655333,0.0,3074.8646047742627,3074.8646047742627,59.0,63.0,66.0,17918.3954269432,17918.3954269432,1728413207,1728413207,11458.627209865706,11458.627209865706,1740253957.0,1740253957.0,7340.694645838116,7340.694645838116,1782400771.0,1782400771.0
BTC,2026-06-29,1782720000,1785484800,32.0,59941.906914538675,60036.67252580274,60036.67252580274,0.4314223278367872,0.0363346513629696,0.0,3057.473163867769,3057.4731638677654,18.0,63.0,66.0,17887.806463097535,17887.806463097535,1728413207,1728413207,11430.52552771066,11430.52552771066,1740253957.0,1740253957.0,7323.402107401142,7323.402107401142,1782400771.0,1782400771.0
BTC,2026-06-30,1782806400,1785484800,31.0,59433.74485990657,59549.70223029271,59549.70223029271,0.4071793813842398,0.0363252187084222,0.0,2817.442779069872,2817.442779069872,17.0,61.0,66.0,17714.166087585832,17714.166087585832,1728413207,1728413207,11302.669324890838,11302.669324890838,1740253957.0,1740253957.0,7246.009781358043,7246.009781358043,1782400771.0,1782400771.0
BTC,2026-07-01,1782892800,1785484800,30.0,58686.32030483604,58781.49763845221,58781.49763845221,0.416307132228302,0.0363181012566864,0.0,2797.18410853948,2797.18410853948,35.0,63.0,66.0,17510.718757834642,17510.718757834642,1728413207,1728413207,11170.292287821228,11170.292287821228,1740253957.0,1740253957.0,7161.413926633659,7161.413926633659,1782400771.0,1782400771.0
BTC,2026-07-02,1782979200,1785484800,29.0,60053.991453407376,60194.239540585855,60194.239540585855,0.3926931304349363,0.0363098213859038,0.0,2656.74091579854,2656.74091579854,55.0,63.0,66.0,17875.949348843733,17875.949348843733,1728413207,1728413207,11446.131326296108,11446.131326296108,1740253957.0,1740253957.0,7347.513242118675,7347.513242118675,1782400771.0,1782400771.0
BTC,2026-07-03,1783065600,1785484800,28.0,61683.07502955916,61781.36114609587,61781.36114609587,0.3753447782881715,0.0363098213859038,0.0,2561.149716672654,2561.149716672651,14.0,63.0,86.0,18406.636392331035,18406.636392331035,1728413207,1728413207,11785.3079394154,11785.3079394154,1740253957.0,1740253957.0,7574.786107736423,7574.786107736423,1782400771.0,1782400771.0
BTC,2026-07-04,1783152000,1785484800,27.0,62523.87979304793,62639.578463064274,62639.578463064274,0.3709861385182875,0.0363,0.0,2520.3904583427966,2520.3904583428,53.0,66.0,66.0,18641.465267898027,18641.465267898027,1728413207,1728413207,11984.129153465785,11984.129153465785,1740253957.0,1740253957.0,7709.462611545307,7709.462611545307,1782400771.0,1782400771.0
BTC,2026-07-05,1783238400,1785484800,26.0,62965.43822146898,63089.718859132736,63089.718859132736,0.3729747067807904,0.0363,0.0,2504.430575567761,2504.430575567761,27.0,65.0,66.0,18765.35082877694,18765.35082877694,1728413207,1728413207,12099.66163231065,12099.66163231065,1740253957.0,1740253957.0,7788.145876339605,7788.145876339605,1782400771.0,1782400771.0
BTC,2026-07-06,1783324800,1785484800,25.0,63026.89082564958,63131.45969425072,63131.45969425072,0.3561421692935823,0.0363,0.0,2346.6357686723054,2346.6357686723054,10.0,66.0,66.0,18803.498379093733,18803.498379093733,1728413207,1728413207,12178.990831782958,12178.990831782958,1740253957.0,1740253957.0,7853.229230570517,7853.229230570517,1782400771.0,1782400771.0
BTC,2026-07-07,1783411200,1785484800,24.0,63042.42605619144,63137.51959983819,63137.51959983819,0.35807517700127,0.0363,0.0,2311.950054897799,2311.950054897796,33.0,65.0,66.0,18817.63427321068,18817.63427321068,1728413207,1728413207,12215.286999601169,12215.286999601169,1740253957.0,1740253957.0,7881.454461924523,7881.454461924523,1782400771.0,1782400771.0
BTC,2026-07-08,1783497600,1785484800,23.0,62847.55414445403,62966.21134224365,62966.21134224365,0.3608764897648613,0.0363,0.0,2274.810503177494,2274.810503177491,24.0,66.0,66.0,18735.609045546586,18735.609045546586,1728413207,1728413207,12215.491792102974,12215.491792102974,1740253957.0,1740253957.0,7886.648904274451,7886.648904274451,1782400771.0,1782400771.0
BTC,2026-07-09,1783584000,1785484800,22.0,62940.63117527212,63028.25492837191,63028.25492837191,0.3541852994639555,0.0363,0.0,2185.7675865812985,2185.767586581295,62.0,66.0,66.0,18794.565599481844,18794.565599481844,1728413207,1728413207,12293.47018532093,12293.47018532093,1740253957.0,1740253957.0,7947.48522315776,7947.48522315776,1782400771.0,1782400771.0
BTC,2026-07-10,1783670400,1785484800,21.0,63958.86604497551,64064.24366831895,64064.24366831895,0.3374882635021836,0.0363,0.0,2068.3740961937797,2068.3740961937833,10.0,65.0,66.0,19082.28219014921,19082.28219014921,1728413207,1728413207,12610.07969594124,12610.07969594124,1740253957.0,1740253957.0,8172.026085807415,8172.026085807415,1782400771.0,1782400771.0
BTC,2026-07-11,1783756800,1786089600,27.0,64114.07690951077,64254.762158521735,64254.762158521735,0.3310977438836934,0.0363,0.0,2307.5989605685368,2307.598960568533,21.0,66.0,66.0,19093.537823842264,19093.537823842264,1728413207,1728413207,12393.56092096902,12393.56092096902,1740253957.0,1740253957.0,7996.273311242517,7996.273311242517,1782400771.0,1782400771.0
BTC,2026-07-12,1783843200,1786089600,26.0,63850.44952147472,63964.47962934461,63964.47962934461,0.3383613835534725,0.0363,0.0,2303.6813960514473,2303.681396051451,39.0,66.0,86.0,19041.10474857252,19041.10474857252,1728413207,1728413207,12352.852466060938,12352.852466060938,1740253957.0,1740253957.0,7970.587092194959,7970.587092194959,1782400771.0,1782400771.0
BTC,2026-07-13,1783929600,1786089600,25.0,62936.38769165275,63047.2779502389,63047.2779502389,0.3504044781708982,0.0363,0.0,2305.777872604753,2305.7778726047563,11.0,66.0,66.0,18770.026048909676,18770.026048909676,1728413207,1728413207,12178.11582994252,12178.11582994252,1740253957.0,1740253957.0,7856.147028449508,7856.147028449508,1782400771.0,1782400771.0
BTC,2026-07-14,1784016000,1786089600,24.0,62472.83643037043,62585.7439476158,62585.7439476158,0.3489873856324313,0.0363,0.0,2233.621122876016,2233.621122876012,32.0,65.0,66.0,18628.943411865752,18628.943411865752,1728413207,1728413207,12133.954674636923,12133.954674636923,1740253957.0,1740253957.0,7834.746220794686,7834.746220794686,1782400771.0,1782400771.0
BTC,2026-07-15,1784102400,1786089600,23.0,64504.54191085807,64616.764070344274,64616.764070344274,0.3380353211469774,0.0363,0.0,2186.7773052052694,2186.7773052052694,16.0,65.0,66.0,19239.140413771216,19239.140413771216,1728413207,1728413207,12613.466113969696,12613.466113969696,1740253957.0,1740253957.0,8158.828366984596,8158.828366984596,1782400771.0,1782400771.0
BTC,2026-07-16,1784188800,1786089600,22.0,64204.78770716693,64355.14969150561,64355.14969150561,0.3354145231946763,0.0363,0.0,2113.5739606183133,2113.5739606183133,60.0,65.0,86.0,19111.074327811395,19111.074327811395,1728413207,1728413207,12621.770678582978,12621.770678582978,1740253957.0,1740253957.0,8174.097013058579,8174.097013058579,1782400771.0,1782400771.0
BTC,2026-07-17,1784275200,1786089600,21.0,62768.19225325568,62854.81213416138,62854.81213416138,0.3481595321025459,0.0363,0.0,2093.45639479658,2093.456394796576,40.0,65.0,86.0,18743.837795071,18743.837795071,1728413207,1728413207,12329.647061462922,12329.647061462922,1740253957.0,1740253957.0,7982.2516369851855,7982.2516369851855,1782400771.0,1782400771.0
BTC,2026-07-18,1784361600,1786694400,27.0,63978.705246722806,64119.15059270947,64119.15059270947,0.3384048653878482,0.0363,0.0,2353.513019047639,2353.513019047639,33.0,65.0,86.0,19053.16622803018,19053.16622803018,1728413207,1728413207,12342.18025018812,12342.18025018812,1740253957.0,1740253957.0,7958.160714943694,7958.160714943694,1784322411.0,1782400771.0
BTC,2026-07-19,1784448000,1786694400,26.0,64634.0508020188,64809.94522882278,64809.94522882278,0.3379914310757704,0.0363,0.0,2331.580522602351,2331.5805226023544,35.0,66.0,86.0,19214.32081380166,19214.32081380166,1728413207,1728413207,12515.14796555818,12515.14796555818,1740253957.0,1740253957.0,8076.416894326544,8076.416894326544,1784322411.0,1784322411.0
BTC,2026-07-20,1784534400,1786694400,25.0,64190.60368432465,64326.42910060896,64326.42910060896,0.3420443979356028,0.0363,0.0,2296.468945052266,2296.4689450522624,36.0,66.0,66.0,19121.35568901308,19121.35568901308,1728413207,1728413207,12450.800722102204,12450.800722102204,1740253957.0,1740253957.0,8037.789719698491,8037.789719698491,1784322411.0,1784322411.0
BTC,2026-07-21,1784620800,1786694400,24.0,66149.34875973285,66351.45417095855,66351.45417095855,0.3380321001125282,0.0363,0.0,2293.726867160904,2293.726867160904,39.0,66.0,66.0,19642.699216694156,19642.699216694156,1728413207,1728413207,12900.577831904742,12900.577831904742,1740253957.0,1740253957.0,8338.658828070293,8338.658828070293,1784322411.0,1784322411.0
BTC,2026-07-22,1784707200,1786694400,23.0,65798.04145830468,65959.7999117455,65959.7999117455,0.3562257253508042,0.0363,0.0,2352.2716975850303,2352.2716975850267,15.0,65.0,66.0,19577.65398405058,19577.65398405058,1728413207,1728413207,12808.59507915752,12808.59507915752,1740253957.0,1740253957.0,8273.027903714828,8273.027903714828,1784322411.0,1784322411.0
BTC,2026-07-23,1784793600,1787904000,36.0,65403.987444436934,65647.03196870699,65647.03196870699,0.3538862589813872,0.0363846495922505,0.0,2909.1774232960342,2909.1774232960342,39.0,66.0,86.0,19378.15170906103,19378.15170906103,1728413207,1728413207,12398.790952968448,12398.790952968448,1740253957.0,1740253957.0,7952.681449961165,7952.681449961165,1784322411.0,1784322411.0
BTC,2026-07-24,1784880000,1787904000,35.0,65452.68320723721,65662.28628451927,65662.28628451927,0.3499490097102957,0.0363846495922505,0.0,2837.3046321428274,2837.3046321428237,17.0,65.0,66.0,19426.201884889106,19426.201884889106,1728413207,1728413207,12417.280391028247,12417.280391028247,1740253957.0,1740253957.0,7968.26594374546,7968.26594374546,1784322411.0,1784322411.0
BTC,2026-07-25,1784966400,1787299200,27.0,63973.118700525774,64119.52129623967,64119.52129623967,0.3448221260163835,0.0363,0.0,2398.124772931497,2398.124772931497,24.0,65.0,66.0,19045.53301444384,19045.53301444384,1728413207,1728413207,12322.466551352456,12322.466551352456,1740253957.0,1740253957.0,7941.467906266264,7941.467906266264,1784322411.0,1784322411.0
BTC,2026-07-26,1785052800,1787904000,33.0,64308.87809458328,64510.22516278869,64510.22516278869,0.347113498427864,0.0363846495922505,0.0,2684.8719447585604,2684.871944758564,15.0,65.0,66.0,19091.31636016957,19091.31636016957,1728413207,1728413207,12231.417388572652,12231.417388572652,1740253957.0,1740253957.0,7856.1240641489085,7856.1240641489085,1784322411.0,1784322411.0
BTC,2026-07-27,1785139200,1787904000,32.0,65182.11686664335,65426.12284634884,65426.12284634884,0.3402684654215163,0.0363346749750263,0.0,2628.620291541044,2628.620291541044,41.0,65.0,66.0,19310.629080287523,19310.629080287523,1728413207,1728413207,12433.986857831564,12433.986857831564,1740253957.0,1740253957.0,7993.737930227666,7993.737930227666,1784322411.0,1784322411.0
BTC,2026-07-28,1785225600,1787904000,31.0,63433.41050356603,63599.18511048261,63599.18511048261,0.3515363602423811,0.0363346749750263,0.0,2598.222812167553,2598.222812167553,41.0,65.0,106.0,18864.24854415323,18864.24854415323,1728413207,1728413207,12086.397601591278,12086.397601591278,1740253957.0,1740253957.0,7767.053082899761,7767.053082899761,1784322411.0,1784322411.0
BTC,2026-07-29,1785312000,1787904000,30.0,64486.327126213466,64690.974708858455,64690.974708858455,0.3425276434321568,0.036316824982052,0.0,2533.314515134558,2533.3145151345616,15.0,66.0,66.0,19141.25055521905,19141.25055521905,1728413207,1728413207,12331.609959657935,12331.609959657935,1740253957.0,1740253957.0,7933.719980054737,7933.719980054737,1784322411.0,1784322411.0
BTC,2026-07-30,1785398400,1787904000,29.0,63917.90745677267,64104.54590198861,64104.54590198861,0.3401685214106564,0.0363129979743358,0.0,2451.202786929484,2451.202786929487,29.0,65.0,86.0,18988.73379181586,18988.73379181586,1728413207,1728413207,12259.809539730002,12259.809539730002,1740253957.0,1740253957.0,7893.724341190384,7893.724341190384,1784322411.0,1784322411.0
BTC,2026-07-31,1785484800,1787904000,28.0,63889.252519358815,64051.33771263594,64051.33771263594,0.3304777367321384,0.0363129979743358,0.0,2338.091345713056,2338.091345713056,17.0,65.0,66.0,19004.69056253052,19004.69056253052,1728413207,1728413207,12317.055108475448,12317.055108475448,1740253957.0,1740253957.0,7941.921144537136,7941.921144537136,1784322411.0,1784322411.0
BTC,2026-08-01,1785571200,1787904000,27.0,62987.622676375446,63144.46097502864,63144.46097502864,0.3297143218174277,0.0363,0.0,2258.2555618807696,2258.2555618807696,16.0,65.0,66.0,18739.44850425944,18739.44850425944,1728413207,1728413207,12183.76618109213,12183.76618109213,1740253957.0,1740253957.0,7862.14527429315,7862.14527429315,1784322411.0,1784322411.0
BTC,2026-08-02,1785657600,1787904000,26.0,63445.30047119595,63600.19611641789,63600.19611641789,0.3244900249636451,0.0363,0.0,2196.7184940455995,2196.7184940455995,27.0,65.0,66.0,18878.69449613685,18878.69449613685,1728413207,1728413207,12333.6604011844,12333.6604011844,1740253957.0,1740253957.0,7968.748595416305,7968.748595416305,1784322411.0,1784322411.0
BTC,2026-08-03,1785744000,1787904000,25.0,62527.87529504533,62667.93560579488,62667.93560579488,0.327419146426532,0.0363,0.0,2141.658613454916,2141.658613454913,33.0,66.0,66.0,18618.302277764044,18618.302277764044,1728413207,1728413207,12184.03744166154,12184.03744166154,1740253957.0,1740253957.0,7875.988116693419,7875.988116693419,1784322411.0,1784322411.0
BTC,2026-08-04,1785830400,1787904000,24.0,63650.25031280937,63816.91250823961,63816.91250823961,0.3087424158173433,0.0363,0.0,2015.0597804697345,2015.0597804697309,27.0,65.0,66.0,18928.412898412564,18928.412898412564,1728413207,1728413207,12545.375607203,12545.375607203,1740253957.0,1740253957.0,8132.56710500257,8132.56710500257,1784322411.0,1784322411.0
BTC,2026-08-05,1785916800,1787904000,23.0,64099.248664489016,64276.68301990195,64276.68301990195,0.3052956423998987,0.0363,0.0,1964.6959282152372,1964.6959282152409,39.0,65.0,66.0,19052.34024393377,19052.34024393377,1728413207,1728413207,12707.673262773318,12707.673262773318,1740253957.0,1740253957.0,8248.653212926693,8248.653212926693,1784322411.0,1784322411.0
BTC,2026-08-06,1786003200,1787904000,22.0,64760.012091938224,64899.47037323107,64899.47037323107,0.3050203655944042,0.0363,0.0,1938.4004326993283,1938.400432699325,59.0,65.0,86.0,19288.545346288614,19288.545346288614,1728413207,1728413207,12889.914715091563,12889.914715091563,1740253957.0,1740253957.0,8374.621131296935,8374.621131296935,1784322411.0,1784322411.0
BTC,2026-08-07,1786089600,1787904000,21.0,64271.49582842957,64385.05921822387,64385.05921822387,0.3070635549486185,0.0363,0.0,1891.4222690858116,1891.4222690858116,21.0,65.0,66.0,19167.885358734573,19167.885358734573,1728413207,1728413207,12834.4150033329,12834.4150033329,1740253957.0,1740253957.0,8344.507393990123,8344.507393990123,1784322411.0,1784322411.0
BTC,2026-08-08,1786176000,1788508800,27.0,64929.01949174236,65107.47395173423,65107.47395173423,0.3061943524948316,0.0363,0.0,2162.459855391045,2162.4598553910414,16.0,66.0,66.0,19300.251387530836,19300.251387530836,1728413207,1728413207,12669.39275555051,12669.39275555051,1740253957.0,1740253957.0,8194.9124280613,8194.9124280613,1784322411.0,1784322411.0
BTC,2026-08-09,1786262400,1788508800,26.0,64781.1211586283,64952.83001741055,64952.83001741055,0.3124233794331225,0.0363,0.0,2160.0614624170785,2160.061462417082,33.0,65.0,106.0,19262.62748880624,19262.62748880624,1728413207,1728413207,12652.11724060663,12652.11724060663,1740253957.0,1740253957.0,8184.650877292808,8184.650877292808,1784322411.0,1784322411.0
BTC,2026-08-10,1786348800,1788508800,25.0,65148.72033586258,65319.645954538966,65319.645954538966,0.3101292286810393,0.0363,0.0,2114.4672555512875,2114.467255551291,38.0,65.0,86.0,19373.690482082384,19373.690482082384,1728413207,1728413207,12783.008142636292,12783.008142636292,1740253957.0,1740253957.0,8278.175923522555,8278.175923522555,1784322411.0,1784322411.0
BTC,2026-08-11,1786435200,1788508800,24.0,64001.43304063963,64145.15595371512,64145.15595371512,0.3222551395442554,0.0363,0.0,2114.021610737302,2114.021610737302,13.0,65.0,86.0,19056.706999116403,19056.706999116403,1728413207,1728413207,12540.94223663427,12540.94223663427,1740253957.0,1740253957.0,8117.628316971331,8117.628316971331,1784322411.0,1784322411.0
BTC,2026-08-12,1786521600,1788508800,23.0,63757.49018173384,63910.54059439755,63910.54059439755,0.3186884581633958,0.0363,0.0,2039.156610294232,2039.1566102942352,36.0,65.0,66.0,18974.19664185644,18974.19664185644,1728413207,1728413207,12561.950686519976,12561.950686519976,1740253957.0,1740253957.0,8141.591543362234,8141.591543362234,1784322411.0,1784322411.0
BTC,2026-08-13,1786608000,1788508800,22.0,63795.241289056044,63950.48567082414,63950.48567082414,0.3131021356296614,0.0363,0.0,1960.6403562261476,1960.6403562261512,57.0,66.0,66.0,18983.328004948715,18983.328004948715,1728413207,1728413207,12653.127453284204,12653.127453284204,1740253957.0,1740253957.0,8213.39824561519,8213.39824561519,1786589439.0,1784322411.0
BTC,2026-08-14,1786694400,1788508800,21.0,62857.49773718658,63000.8895595084,63000.8895595084,0.307370237036034,0.0363,0.0,1852.6075196817055,1852.6075196817055,11.0,65.0,86.0,18713.85749883416,18713.85749883416,1728413207,1728413207,12555.42199103112,12555.42199103112,1740253957.0,1740253957.0,8163.284814261475,8163.284814261475,1786589439.0,1786589439.0
BTC,2026-08-15,1786780800,1789113600,27.0,63016.06679125127,63189.74728108587,63189.74728108587,0.3158758744539001,0.0363,0.0,2165.085480833111,2165.085480833111,21.0,65.0,66.0,18731.139547540788,18731.139547540788,1728413207,1728413207,12248.986011310792,12248.986011310792,1740253957.0,1740253957.0,7914.901722665482,7914.901722665482,1786589439.0,1786589439.0
BTC,2026-08-16,1786867200,1789113600,26.0,62992.98886078065,63148.70849270344,63148.70849270344,0.3185028534314273,0.0363,0.0,2140.9048305811775,2140.9048305811807,16.0,66.0,66.0,18742.177026311405,18742.177026311405,1728413207,1728413207,12272.220187783609,12272.220187783609,1740253957.0,1740253957.0,7933.747223199851,7933.747223199851,1786589439.0,1786589439.0
BTC,2026-08-17,1786953600,1789113600,25.0,63466.30249146208,63650.94851682774,63650.94851682774,0.3017139111265827,0.0363,0.0,2004.5691285310445,2004.569128531048,22.0,65.0,86.0,18855.24472207297,18855.24472207297,1728413207,1728413207,12502.703778320192,12502.703778320192,1740253957.0,1740253957.0,8104.628118807507,8104.628118807507,1786589439.0,1786589439.0
BTC,2026-08-18,1787040000,1789113600,24.0,64136.14437734101,64313.6199701456,64313.6199701456,0.3080392447559013,0.0364,0.0,2026.1209570964008,2026.1209570964008,10.0,66.0,66.0,19063.36772039771,19063.36772039771,1728413207,1728413207,12646.627600299897,12646.627600299897,1740253957.0,1740253957.0,8198.989470796088,8198.989470796088,1786589439.0,1786589439.0
BTC,2026-08-19,1787126400,1789113600,23.0,64245.82531313926,64419.71597778676,64419.71597778676,0.3054525793838866,0.0364,0.0,1970.0796087311533,1970.0796087311533,18.0,65.0,66.0,19099.856929294285,19099.856929294285,1728413207,1728413207,12735.15604903032,12735.15604903032,1740253957.0,1740253957.0,8266.284838970441,8266.284838970441,1786589439.0,1786589439.0
BTC,2026-08-20,1787212800,1790323200,36.0,69761.1289987007,70105.91756216626,70105.91756216626,0.3365626406448064,0.0364,0.0,2954.835696251204,2954.835696251204,15.0,66.0,66.0,20583.550136144655,20583.550136144655,1728413207,1728413207,13255.4408411505,13255.4408411505,1740253957.0,1740253957.0,8511.130367359809,8511.130367359809,1786589439.0,1786589439.0
BTC,2026-08-21,1787299200,1790323200,35.0,76210.06548533184,76478.05508104186,76478.05508104186,0.3963665108843796,0.0364,0.0,3742.474953492439,3742.474953492439,50.0,65.0,86.0,22595.030049889527,22595.030049889527,1728413207,1728413207,14479.700309606018,14479.700309606018,1740253957.0,1740253957.0,7150.055637967655,9277.384531301472,1787263765.0,1786589439.0
BTC,2026-08-22,1787385600,1789718400,27.0,77276.0216780565,77544.37498692381,77544.37498692381,0.3936853923823156,0.0364,0.0,3310.836176512886,3310.836176512886,26.0,65.0,66.0,22914.453194549635,22914.453194549635,1728413207,1728413207,14805.794410733786,14805.794410733786,1740253957.0,1740253957.0,7292.118553472935,7292.118553472935,1787263765.0,1787263765.0
BTC,2026-08-23,1787472000,1790323200,33.0,75907.9522158223,76184.19507779884,76184.19507779884,0.393021740995362,0.0364,0.0,3589.62770155206,3589.627701552056,60.0,65.0,86.0,22496.142802770148,22496.142802770148,1728413207,1728413207,14428.004774893916,14428.004774893916,1740253957.0,1740253957.0,7113.459879138723,7113.459879138723,1787263765.0,1787263765.0
BTC,2026-08-24,1787558400,1790323200,32.0,77287.93406339109,77675.66368744607,77675.66368744607,0.3975250508055053,0.0364,0.0,3645.335057848724,3645.335057848724,29.0,65.0,86.0,22798.65059496235,22798.65059496235,1728413207,1728413207,14717.521708286862,14717.521708286862,1740253957.0,1740253957.0,7258.717029479922,7258.717029479922,1787263765.0,1787263765.0
BTC,2026-08-25,1787644800,1790323200,31.0,79727.62616941163,80071.0156767413,80071.0156767413,0.4051835662318611,0.0364,0.0,3769.809310593252,3769.8093105932567,22.0,65.0,66.0,23574.898343493813,23574.898343493813,1728413207,1728413207,15188.30608846146,15188.30608846146,1740253957.0,1740253957.0,7494.49377098791,7494.49377098791,1787263765.0,1787263765.0
BTC,2026-08-26,1787731200,1790323200,30.0,78912.19289754269,79157.39452382768,79157.39452382768,0.3798518435794556,0.0364,0.0,3437.2841284426695,3437.284128442674,17.0,65.0,86.0,23428.456242977813,23428.456242977813,1728413207,1728413207,15022.901791999955,15022.901791999955,1740253957.0,1740253957.0,7383.5205840762765,7383.5205840762765,1787263765.0,1787263765.0
BTC,2026-08-27,1787817600,1790323200,29.0,79086.14146383647,79324.22045393061,79324.22045393061,0.3707532684779024,0.0364,0.0,3305.6421827962668,3305.6421827962627,22.0,65.0,66.0,23487.76344905679,23487.76344905679,1728413207,1728413207,15097.51271419841,15097.51271419841,1740253957.0,1740253957.0,7413.997039648473,7413.997039648473,1787263765.0,1787263765.0
BTC,2026-08-28,1787904000,1790323200,28.0,79656.78923892524,79909.20714393022,79909.20714393022,0.3837649331168025,0.0364,0.0,3386.8842631070756,3386.884263107071,20.0,65.0,66.0,23644.618866672583,23644.618866672583,1728413207,1728413207,15229.610692681246,15229.610692681246,1740253957.0,1740253957.0,7490.946272001002,7490.946272001002,1787263765.0,1787263765.0
BTC,2026-08-29,1787990400,1790323200,27.0,77656.1715405983,77883.9178123214,77883.9178123214,0.3492106255738897,0.0364,0.0,2949.969614266448,2949.969614266448,23.0,65.0,86.0,23069.105190456394,23069.105190456394,1728413207,1728413207,14951.22712700382,14951.22712700382,1740253957.0,1740253957.0,7408.112450842818,7408.112450842818,1787263765.0,1787263765.0
BTC,2026-08-30,1788076800,1790323200,26.0,78111.97643759496,78299.33026937387,78299.33026937387,0.3424571087889938,0.0364,0.0,2854.0619239553357,2854.0619239553357,21.0,65.0,86.0,23246.23909949958,23246.23909949958,1728413207,1728413207,15102.913466331933,15102.913466331933,1740253957.0,1740253957.0,7565.696155064125,7565.696155064125,1787263765.0,1787263765.0
BTC,2026-08-31,1788163200,1790323200,25.0,78185.56543714454,78410.89159594082,78410.89159594082,0.3369281197495702,0.0364,0.0,2757.443398238739,2757.443398238743,12.0,65.0,86.0,23230.343472347085,23230.343472347085,1728413207,1728413207,15196.825919567384,15196.825919567384,1740253957.0,1740253957.0,7672.004648392811,7672.004648392811,1788150377.0,1787263765.0
BTC,2026-09-01,1788249600,1790323200,24.0,78609.85669167663,78805.18377849614,78805.18377849614,0.3374514573356903,0.0364,0.0,2719.5676936441128,2719.5676936441128,25.0,65.0,66.0,23387.629920683477,23387.629920683477,1728413207,1728413207,15326.335573288306,15326.335573288306,1740253957.0,1740253957.0,7708.036228929776,7708.036228929776,1788150377.0,1788150377.0
BTC,2026-09-02,1788336000,1790323200,23.0,77457.75944007785,77627.18537396975,77627.18537396975,0.3383044940385569,0.0364,0.0,2629.1700115315753,2629.1700115315707,14.0,66.0,66.0,23067.901898131448,23067.901898131448,1728413207,1728413207,15150.5588909301,15150.5588909301,1740253957.0,1740253957.0,7587.909632119808,7587.909632119808,1788150377.0,1788150377.0
BTC,2026-09-03,1788422400,1790323200,22.0,77635.51271071214,77812.14428893437,77812.14428893437,0.3243380198613774,0.0364,0.0,2471.186340879272,2471.186340879272,19.0,66.0,86.0,23114.022234991404,23114.022234991404,1728413207,1728413207,15323.7647727348,15323.7647727348,1740253957.0,1740253957.0,7829.889307050093,7829.889307050093,1788385565.0,1788150377.0
BTC,2026-09-04,1788508800,1790323200,21.0,80637.78286805742,80736.79522820363,80736.79522820363,0.3552954133994421,0.0364,0.0,2744.119242836915,2744.1192428369104,14.0,66.0,66.0,24092.322500271013,24092.322500271013,1728413207,1728413207,15805.213952777249,15805.213952777249,1740253957.0,1740253957.0,7780.347763251898,7780.347763251898,1788385565.0,1788385565.0
BTC,2026-09-05,1788595200,1790928000,27.0,79724.60968099746,79861.01692808908,79861.01692808908,0.3551746767959842,0.0364,0.0,3076.4758586018684,3076.475858601864,20.0,65.0,86.0,23780.975657207608,23780.975657207608,1728413207,1728413207,15316.195041768113,15316.195041768113,1740253957.0,1740253957.0,7514.417465284101,7514.417465284101,1788562297.0,1788385565.0
BTC,2026-09-06,1788681600,1790928000,26.0,79842.670822376,80027.99769836267,80027.99769836267,0.367704121329036,0.0364,0.0,3131.9621354101937,3131.9621354101982,17.0,65.0,106.0,23767.47437072614,23767.47437072614,1728413207,1728413207,15358.226994467066,15358.226994467066,1740253957.0,1740253957.0,7545.799557297153,7545.799557297153,1788562297.0,1788562297.0
BTC,2026-09-07,1788768000,1790928000,25.0,79382.22058293207,79560.98109114819,79560.98109114819,0.3638713433709402,0.0364,0.0,3021.4648341606994,3021.4648341606994,19.0,65.0,66.0,23635.905666663504,23635.905666663504,1728413207,1728413207,15323.632667591672,15323.632667591672,1740253957.0,1740253957.0,7529.600481521163,7529.600481521163,1788562297.0,1788562297.0
BTC,2026-09-08,1788854400,1790928000,24.0,78451.48383640175,78641.02811331299,78641.02811331299,0.3610226146343027,0.0364,0.0,2903.3392463835967,2903.3392463835967,18.0,66.0,66.0,23345.900874009283,23345.900874009283,1728413207,1728413207,15202.612813095082,15202.612813095082,1740253957.0,1740253957.0,7472.521483907568,7472.521483907568,1788562297.0,1788562297.0
BTC,2026-09-09,1788940800,1790928000,23.0,79263.01462407863,79475.37017843856,79475.37017843856,0.3816886038968664,0.0364,0.0,3036.7092204149512,3036.7092204149512,22.0,65.0,66.0,23566.54883286365,23566.54883286365,1728413207,1728413207,15358.349723676134,15358.349723676134,1740253957.0,1740253957.0,7563.370434234932,7563.370434234932,1788562297.0,1788562297.0
BTC,2026-09-10,1789027200,1790928000,22.0,78097.39642864984,78273.64212944827,78273.64212944827,0.3796787041115047,0.0364,0.0,2909.708935204985,2909.708935204985,16.0,66.0,66.0,23252.973227796516,23252.973227796516,1728413207,1728413207,15181.929742874838,15181.929742874838,1740253957.0,1740253957.0,7478.438766895182,7478.438766895182,1788562297.0,1788562297.0
BTC,2026-09-11,1789113600,1790928000,21.0,77224.29592422859,77376.21987638608,77376.21987638608,0.370199558603921,0.0364,0.0,2740.1480135590023,2740.1480135590023,16.0,65.0,66.0,23015.364825111083,23015.364825111083,1728413207,1728413207,15090.071823572249,15090.071823572249,1740253957.0,1740253957.0,7433.179467274057,7433.179467274057,1788562297.0,1788562297.0
BTC,2026-09-12,1789200000,1791532800,27.0,77253.44824307448,77459.37353129283,77459.37353129283,0.3488417605021254,0.0364,0.0,2930.792675332752,2930.792675332756,18.0,66.0,66.0,22970.109184703993,22970.109184703993,1728413207,1728413207,14871.670453749137,14871.670453749137,1740253957.0,1740253957.0,7374.027199888187,7374.027199888187,1788562297.0,1788562297.0
BTC,2026-09-13,1789286400,1791532800,26.0,77106.87920599399,77316.71680284201,77316.71680284201,0.3532510303701263,0.0364,0.0,2907.0086408529764,2907.0086408529764,15.0,66.0,66.0,22922.22616495017,22922.22616495017,1728413207,1728413207,14874.996582224026,14874.996582224026,1740253957.0,1740253957.0,7301.224611121716,7301.224611121716,1788562297.0,1788562297.0
BTC,2026-09-14,1789372800,1791532800,25.0,77851.97673258741,78061.18883490602,78061.18883490602,0.3577336336623805,0.0364,0.0,2914.539749267836,2914.539749267836,17.0,126.0,146.0,23146.380917457624,23146.380917457624,1728413207,1728413207,15051.18094939384,15051.18094939384,1740253957.0,1740253957.0,7393.22085288448,7393.22085288448,1788562297.0,1788562297.0
BTC,2026-09-15,1789459200,1791532800,24.0,76896.2073772695,77118.0831672398,77118.0831672398,0.3710692954172128,0.0364,0.0,2926.285477612675,2926.285477612675,9.0,65.0,66.0,22846.986423210543,22846.986423210543,1728413207,1728413207,14879.165067351278,14879.165067351278,1740253957.0,1740253957.0,7318.760787833882,7318.760787833882,1788562297.0,1788562297.0
BTC,2026-09-16,1789545600,1791532800,23.0,75708.97480169928,75959.86062208313,75959.86062208313,0.3571576040153904,0.0364,0.0,2715.97755375412,2715.97755375412,38.0,65.0,66.0,22461.806620125935,22461.806620125935,1728413207,1728413207,14744.783239642822,14744.783239642822,1740253957.0,1740253957.0,7251.0032713204655,7251.0032713204655,1788562297.0,1788562297.0
BTC,2026-09-17,1789632000,1791532800,22.0,76358.48615773817,76587.72713079603,76587.72713079603,0.325784185853364,0.0364,0.0,2443.1402888023026,2443.1402888022985,33.0,65.0,86.0,22678.304874263584,22678.304874263584,1728413207,1728413207,15072.0384931563,15072.0384931563,1740253957.0,1740253957.0,7684.725855619159,7684.725855619159,1788562297.0,1788562297.0
BTC,2026-09-18,1789718400,1791532800,21.0,77718.86634708104,77954.55634708103,77954.55634708103,0.3147784947631608,0.0364,0.0,2347.559939084197,2347.559939084197,41.0,65.0,66.0,23079.96990412433,23079.96990412433,1728413207,1728413207,15479.746320850774,15479.746320850774,1740253957.0,1740253957.0,7995.795302437722,7995.795302437722,1788562297.0,1788562297.0
BTC,2026-09-19,1789804800,1792137600,27.0,81101.57123435246,81379.98823435247,81379.98823435247,0.3253302375154526,0.0364,0.0,2871.745255756486,2871.745255756486,59.0,65.0,66.0,24052.054370305737,24052.054370305737,1728413207,1728413207,15721.109584420654,15721.109584420654,1740253957.0,1740253957.0,8161.733678804462,8161.733678804462,1788562297.0,1788562297.0
BTC,2026-09-20,1789891200,1792137600,26.0,80284.87378717177,80593.26878717176,80593.26878717176,0.3342031725454304,0.0364,0.0,2866.9207949173588,2866.9207949173633,22.0,65.0,66.0,23777.06713615154,23777.06713615154,1728413207,1728413207,15576.537928545818,15576.537928545818,1740253957.0,1740253957.0,7928.284271662274,7928.284271662274,1788562297.0,1788562297.0
BTC,2026-09-21,1789977600,1792137600,25.0,81697.51478404866,82025.13078404866,82025.13078404866,0.3441956172929617,0.0364,0.0,2946.7214871481087,2946.721487148104,42.0,65.0,66.0,24181.6384352146,24181.6384352146,1728413207,1728413207,15861.549363245029,15861.549363245029,1740253957.0,1740253957.0,7900.820068893667,7900.820068893667,1788562297.0,1788562297.0
BTC,2026-09-22,1790064000,1792137600,24.0,85297.32915238485,85592.14815238485,85592.14815238485,0.364539233600766,0.0364,0.0,3190.724906298382,3190.724906298382,60.0,65.0,66.0,25294.37974571545,25294.37974571545,1728413207,1728413207,16531.524430738384,16531.524430738384,1740253957.0,1740253957.0,8128.637577053776,8128.637577053776,1788562297.0,1788562297.0
BTC,2026-09-23,1790150400,1792137600,23.0,86124.89555257383,86395.22855257383,86395.22855257383,0.3609866739200004,0.0364,0.0,3122.1941771685388,3122.1941771685388,41.0,65.0,66.0,25567.135665772148,25567.135665772148,1728413207,1728413207,16756.29805577195,16756.29805577195,1740253957.0,1740253957.0,8241.52106268003,8241.52106268003,1788562297.0,1788562297.0
BTC,2026-09-24,1790236800,1793347200,36.0,84507.93333136289,84944.0443313629,84944.0443313629,0.3466312923088058,0.0364,0.0,3687.238086862242,3687.2380868622463,16.0,65.0,66.0,24916.26899940886,24916.26899940886,1728413207,1728413207,16045.041781477828,16045.041781477828,1740253957.0,1740253957.0,8155.276219067287,8155.276219067287,1788562297.0,1788562297.0
BTC,2026-09-25,1790323200,1793347200,35.0,84049.21637768393,84377.89537768393,84377.89537768393,0.3432783475968264,0.0364,0.0,3576.5830871329867,3576.5830871329867,36.0,65.0,66.0,24886.085913305174,24886.085913305174,1728413207,1728413207,15963.735593083988,15963.735593083988,1740253957.0,1740253957.0,8163.029253421134,8163.029253421134,1788562297.0,1788562297.0
BTC,2026-09-26,1790409600,1792742400,27.0,84118.86747932433,84373.42147932433,84373.42147932433,0.3269756819002042,0.0364,0.0,2992.4268157695674,2992.4268157695674,59.0,65.0,66.0,24981.106243797298,24981.106243797298,1728413207,1728413207,16292.057789242055,16292.057789242055,1740253957.0,1740253957.0,8432.022602976085,8432.022602976085,1788562297.0,1788562297.0
BTC,2026-09-27,1790496000,1793347200,33.0,84758.0167727936,85077.7277727936,85077.7277727936,0.3330205310961466,0.0364,0.0,3397.238866387428,3397.2388663874326,40.0,65.0,66.0,25107.694031838088,25107.694031838088,1728413207,1728413207,16164.774014146917,16164.774014146917,1740253957.0,1740253957.0,8424.458735808079,8424.458735808079,1788562297.0,1788562297.0
BTC,2026-09-28,1790582400,1793347200,32.0,82950.43755998193,83188.02255998192,83188.02255998192,0.3445575000170504,0.0364,0.0,3384.3309003015947,3384.3309003015947,15.0,65.0,86.0,24647.54626799459,24647.54626799459,1728413207,1728413207,15801.16928349982,15801.16928349982,1740253957.0,1740253957.0,8002.303907971649,8002.303907971649,1788562297.0,1788562297.0
BTC,2026-09-29,1790668800,1793347200,31.0,83930.32019865102,84221.98319865103,84221.98319865103,0.3447054735058978,0.0364,0.0,3373.925888407611,3373.9258884076157,54.0,65.0,66.0,24887.433059595307,24887.433059595307,1728413207,1728413207,16019.94533756914,16019.94533756914,1740253957.0,1740253957.0,8094.380314593278,8094.380314593278,1788562297.0,1788562297.0
BTC,2026-09-30,1790755200,1793347200,30.0,83263.18703633253,83533.81903633253,83533.81903633253,0.3343899358858309,0.0364,0.0,3193.548496231515,3193.548496231515,30.0,65.0,66.0,24708.32411089976,24708.32411089976,1728413207,1728413207,15951.941650519211,15951.941650519211,1740253957.0,1740253957.0,8222.448470085248,8222.448470085248,1788562297.0,1788562297.0
ETH,2024-01-11,1704960000,1707465600,29.0,2586.39,2619.9459038181535,2619.9459038181535,0.6330270925361426,0.0,0.0,186.25220664872865,186.2522066487285,15.0,369.0,20.0,742.3610961818463,742.3610961818463,1701707737,1701707737,643.7183087827138,643.7183087827138,1702279649.0,1702279649.0,,,,
ETH,2024-01-12,1705046400,1707465600,28.0,2597.72,2626.1954990149165,2626.1954990149165,0.5694899697083833,0.0,0.0,165.08429631171168,165.08429631171154,126.0,2809.0,2820.0,750.8405009850832,750.8405009850832,1701707737,1701707737,626.567282743181,626.567282743181,1702279649.0,1702279649.0,,,,
ETH,2024-01-13,1705132800,1707465600,27.0,2558.6700000000005,2586.2954248671904,2586.2954248671904,0.5987826117425105,0.0,0.0,167.84681500226696,167.84681500226682,1930.0,2249.0,1940.0,739.9755751328103,739.9755751328103,1701707737,1701707737,624.3592476119579,624.3592476119579,1702279649.0,1702279649.0,,,,
ETH,2024-01-14,1705219200,1708070400,33.0,2548.92,2578.458133745424,2578.458133745424,0.5750637206760616,0.0,0.0,177.64618743029754,177.64618743029754,290.0,609.0,380.0,735.1378662545762,735.1378662545762,1701707737,1701707737,622.5216459085821,622.5216459085821,1702279649.0,1702279649.0,,,,
ETH,2024-01-15,1705305600,1708070400,32.0,2513.41,2542.2942844167824,2542.2942844167824,0.5964263324159859,0.0,0.0,178.8781121194806,178.8781121194806,408.0,409.0,420.0,725.1387155832173,725.1387155832173,1701707737,1701707737,618.4562485122278,618.4562485122278,1702279649.0,1702279649.0,,,,
ETH,2024-01-16,1705392000,1708070400,31.0,2531.2,2559.9575730464,2559.9575730464,0.5520927039245684,0.0,0.0,164.14248544615603,164.14248544615603,723.0,1139.0,740.0,730.6024269535999,730.6024269535999,1701707737,1701707737,608.4115879557385,608.4115879557385,1702279649.0,1702279649.0,,,,
ETH,2024-01-17,1705478400,1708070400,30.0,2552.69,2578.185673668183,2578.185673668183,0.5378293071386296,0.0,0.0,158.43563408584907,158.43563408584907,90.0,659.0,340.0,740.3113263318171,740.3113263318171,1701707737,1701707737,607.9196080418714,607.9196080418714,1702279649.0,1702279649.0,,,,
ETH,2024-01-18,1705564800,1708070400,29.0,2531.1799999999994,2558.5047790726876,2558.5047790726876,0.4528789961038362,0.0,0.0,130.20757367256547,130.20757367256533,3250.0,3259.0,3280.0,732.0292209273116,732.0292209273116,1701707737,1701707737,587.3392996605262,587.3392996605262,1702279649.0,1702279649.0,,,,
ETH,2024-01-19,1705651200,1708070400,28.0,2463.51,2488.1396446637723,2488.1396446637723,0.4192026431111714,0.0,0.0,115.18542408036318,115.18542408036332,132.0,469.0,80.0,714.4233553362279,714.4233553362279,1701707737,1701707737,568.6417556332915,568.6417556332915,1702279649.0,1702279649.0,,,,
ETH,2024-01-20,1705737600,1708070400,27.0,2478.23,2499.981220887091,2499.981220887091,0.4162218971836221,0.0,0.0,112.8431860696461,112.84318606964622,476.0,849.0,480.0,721.7177791129092,721.7177791129092,1701707737,1701707737,572.1545065476124,572.1545065476124,1702279649.0,1702279649.0,,,,
ETH,2024-01-21,1705824000,1708675200,33.0,2472.63,2497.6044965561778,2497.6044965561778,0.3957110912635075,0.0,0.0,118.48581810404102,118.48581810404102,503.0,509.0,580.0,716.8145034438223,716.8145034438223,1701707737,1701707737,567.493645167872,567.493645167872,1702279649.0,1702279649.0,,,,
ETH,2024-01-22,1705910400,1708675200,32.0,2419.11,2439.396128954175,2439.396128954175,0.4040450671547669,0.0,0.0,116.3568162946223,116.35681629462216,52.0,469.0,180.0,705.4468710458252,705.4468710458252,1701707737,1701707737,555.1053359344792,555.1053359344792,1702279649.0,1702279649.0,,,,
ETH,2024-01-23,1705996800,1708675200,31.0,2319.08,2338.953523894674,2338.953523894674,0.3966895516773142,0.0,0.0,107.81397042992788,107.81397042992788,370.0,379.0,380.0,675.8504761053257,675.8504761053257,1701707737,1701707737,531.8600036490672,531.8600036490672,1702279649.0,1702279649.0,,,,
ETH,2024-01-24,1706083200,1708675200,30.0,2232.0,2250.34064902322,2250.34064902322,0.4152757178114696,0.0,0.0,106.82001431659177,106.82001431659177,470.0,479.0,500.0,651.25935097678,651.25935097678,1701707737,1701707737,512.8938496142832,512.8938496142832,1702279649.0,1702279649.0,,,,
ETH,2024-01-25,1706169600,1708675200,29.0,2226.01,2242.394233269604,2242.394233269604,0.3970580933747679,0.0,0.0,100.06957022680233,100.06957022680244,58.0,59.0,80.0,651.4187667303966,651.4187667303966,1701707737,1701707737,510.9964468161409,510.9964468161409,1702279649.0,1702279649.0,,,,
ETH,2024-01-26,1706256000,1708675200,28.0,2195.88,2207.758453840824,2207.758453840824,0.3813179008118268,0.0,0.0,92.97787029537068,92.97787029537068,110.0,49.0,180.0,646.885546159176,646.885546159176,1701707737,1701707737,503.98401273250215,503.98401273250215,1702279649.0,1702279649.0,,,,
ETH,2024-01-27,1706342400,1708675200,27.0,2257.52,2271.6257865479297,2271.6257865479297,0.358043235817619,0.0,0.0,88.21576550123422,88.21576550123434,33.0,39.0,40.0,663.1502134520703,663.1502134520703,1701707737,1701707737,520.2787861497754,520.2787861497754,1702279649.0,1702279649.0,,,,
ETH,2024-01-28,1706428800,1709280000,33.0,2283.61,2300.9537838020974,2300.9537838020974,0.3801931372288118,0.0,0.0,104.88088406112604,104.88088406112593,239.0,239.0,520.0,667.7392161979027,667.7392161979027,1701707737,1701707737,522.2941283817895,522.2941283817895,1702279649.0,1702279649.0,,,,
ETH,2024-01-29,1706515200,1709280000,32.0,2259.05,2274.681997116069,2274.681997116069,0.3816956795323658,0.0,0.0,102.5050996250533,102.5050996250533,99.0,239.0,260.0,662.0830028839314,662.0830028839314,1701707737,1701707737,516.6631219297453,516.6631219297453,1702279649.0,1702279649.0,,,,
ETH,2024-01-30,1706601600,1709280000,31.0,2304.46,2322.5193923028824,2322.5193923028824,0.3967686211099774,0.0,0.0,107.0777548523415,107.0777548523415,2828.0,2829.0,2840.0,673.2786076971176,673.2786076971176,1701707737,1701707737,528.2105826365229,528.2105826365229,1702279649.0,1702279649.0,,,,
ETH,2024-01-31,1706688000,1709280000,30.0,2340.05,2357.9737611314326,2357.9737611314326,0.4358045580206911,0.0,0.0,117.45529296124327,117.45529296124342,53.0,209.0,220.0,684.0912388685675,684.0912388685675,1701707737,1701707737,539.2806552063175,539.2806552063175,1702279649.0,1702279649.0,,,,
ETH,2024-02-01,1706774400,1709280000,29.0,2270.16,2285.222780570071,2285.222780570071,0.3854589058889724,0.0,0.0,99.00467155503216,99.00467155503227,3867.0,3869.0,3900.0,665.985219429929,665.985219429929,1701707737,1701707737,520.5899265573394,520.5899265573394,1702279649.0,1702279649.0,,,,
ETH,2024-02-02,1706860800,1709280000,28.0,2314.18,2327.9459351006203,2327.9459351006203,0.3866405189674625,0.0,0.0,99.40664745941956,99.4066474594197,296.0,849.0,300.0,680.4880648993794,680.4880648993794,1701707737,1701707737,531.3635974375779,531.3635974375779,1702279649.0,1702279649.0,,,,
ETH,2024-02-03,1706947200,1709280000,27.0,2317.1,2327.406877487665,2327.406877487665,0.3609206033095667,0.0,0.0,91.10771685896056,91.10771685896056,6178.0,6179.0,6220.0,684.823122512335,684.823122512335,1701707737,1701707737,533.1024597329515,533.1024597329515,1702279649.0,1702279649.0,,,,
ETH,2024-02-04,1707033600,1709884800,33.0,2289.02,2302.0498278511595,2302.0498278511595,0.3648382077753803,0.0,0.0,100.69731999323407,100.69731999323407,917.0,1479.0,940.0,673.6761721488405,673.6761721488405,1701707737,1701707737,522.4183120448357,522.4183120448357,1702279649.0,1702279649.0,,,,
ETH,2024-02-05,1707120000,1709884800,32.0,2309.2,2321.8141724227344,2321.8141724227344,0.3669688907621035,0.0,0.0,100.59623546159736,100.5962354615975,260.0,269.0,260.0,680.1458275772652,680.1458275772652,1701707737,1701707737,527.2937727726437,527.2937727726437,1702279649.0,1702279649.0,,,,
ETH,2024-02-06,1707206400,1709884800,31.0,2316.3,2330.501695050171,2330.501695050171,0.3862834236411722,0.0,0.0,104.6093967373456,104.60939673734546,1796.0,1799.0,1840.0,680.6883049498293,680.6883049498293,1701707737,1701707737,529.8082059273344,529.8082059273344,1702279649.0,1702279649.0,,,,
ETH,2024-02-07,1707292800,1709884800,30.0,2362.41,2377.1500585319186,2377.1500585319186,0.4064117584858643,0.0,0.0,110.43367353514294,110.43367353514294,1861.0,1869.0,1880.0,693.9829414680812,693.9829414680812,1701707737,1701707737,541.4584110292501,541.4584110292501,1702279649.0,1702279649.0,,,,
ETH,2024-02-08,1707379200,1709884800,29.0,2421.1500000000005,2438.4868586896296,2438.4868586896296,0.431357446855546,0.0,0.0,118.2096414486773,118.2096414486773,544.0,629.0,640.0,709.0081413103711,709.0081413103711,1701707737,1701707737,557.893091654854,557.893091654854,1702279649.0,1702279649.0,,,,
ETH,2024-02-09,1707465600,1709884800,28.0,2453.04,2471.533326080593,2471.533326080593,0.4391653071306646,0.0,0.0,119.85867779646532,119.85867779646532,113.0,399.0,120.0,717.4186739194071,717.4186739194071,1701707737,1701707737,566.7823767518026,566.7823767518026,1702279649.0,1702279649.0,,,,
ETH,2024-02-10,1707552000,1709884800,27.0,2497.22,2510.74516218108,2510.74516218108,0.4534892566561235,0.0,0.0,123.46388561254196,123.46388561254196,7.0,269.0,60.0,735.6408378189196,735.6408378189196,1701707737,1701707737,578.1661182450861,578.1661182450861,1702279649.0,1702279649.0,,,,
ETH,2024-02-11,1707638400,1710489600,33.0,2528.6,2546.954955466474,2546.954955466474,0.4647859685016881,0.0,0.0,141.88665950391268,141.88665950391268,107.0,489.0,180.0,740.2250445335258,740.2250445335258,1701707737,1701707737,588.191277191997,588.191277191997,1702279649.0,1702279649.0,,,,
ETH,2024-02-12,1707724800,1710489600,32.0,2500.61,2519.8605437268743,2519.8605437268743,0.471723071061202,0.0,0.0,140.29730769084057,140.2973076908407,1640.0,1979.0,1680.0,730.9324562731258,730.9324562731258,1701707737,1701707737,582.4802175877886,582.4802175877886,1702279649.0,1702279649.0,,,,
ETH,2024-02-13,1707811200,1710489600,31.0,2644.9999999999995,2673.7669643360628,2673.7669643360628,0.535792755057936,0.0,0.0,166.38870803903762,166.38870803903748,694.0,1009.0,700.0,764.7330356639367,764.7330356639367,1701707737,1701707737,631.1828491712425,631.1828491712425,1702279649.0,1702279649.0,,,,
ETH,2024-02-14,1707897600,1710489600,30.0,2654.09,2675.527100251094,2675.527100251094,0.5095932100058178,0.0,0.0,155.80132718203,155.80132718203015,13.0,19.0,20.0,774.7898997489061,774.7898997489061,1701707737,1701707737,624.4859918447178,624.4859918447178,1702279649.0,1702279649.0,,,,
ETH,2024-02-15,1707984000,1710489600,29.0,2774.1,2805.7569245563623,2805.7569245563623,0.5612198504933508,0.0,0.0,176.88583216743118,176.88583216743118,485.0,489.0,500.0,800.5730754436374,800.5730754436374,1701707737,1701707737,667.4217170476445,667.4217170476445,1702279649.0,1702279649.0,,,,
ETH,2024-02-16,1708070400,1710489600,28.0,2816.81,2844.2676218239662,2844.2676218239662,0.5545911069777644,0.0,0.0,174.12423401982625,174.12423401982625,110.0,319.0,120.0,817.5853781760337,817.5853781760337,1701707737,1701707737,674.6767146280617,674.6767146280617,1702279649.0,1702279649.0,,,,
ETH,2024-02-17,1708156800,1710489600,27.0,2795.35,2821.9873021059093,2821.9873021059093,0.5546878761046908,0.0,0.0,169.6826931486479,169.6826931486479,1313.0,1509.0,1500.0,811.9676978940904,811.9676978940904,1701707737,1701707737,669.1942567836363,669.1942567836363,1702279649.0,1702279649.0,,,,
ETH,2024-02-18,1708243200,1711094400,33.0,2804.56,2839.224304929423,2839.224304929423,0.5666230064013333,0.0,0.0,192.74782930522397,192.7478293052238,648.0,649.0,660.0,806.7036950705768,806.7036950705768,1701707737,1701707737,682.5878659847882,682.5878659847882,1702279649.0,1702279649.0,,,,
ETH,2024-02-19,1708329600,1711094400,32.0,2923.78,2960.058765998435,2960.058765998435,0.5841901927796097,0.0,0.0,204.0102848579997,204.01028485799984,174.0,59.0,180.0,840.8552340015653,840.8552340015653,1701707737,1701707737,715.6633998633465,715.6633998633465,1702279649.0,1702279649.0,,,,
ETH,2024-02-20,1708416000,1711094400,31.0,2920.32,2958.7581663918013,2958.7581663918013,0.56713081383839,0.0,0.0,194.8691538076946,194.8691538076946,355.0,569.0,560.0,837.6578336081989,837.6578336081989,1701707737,1701707737,707.6079167142325,707.6079167142325,1702279649.0,1702279649.0,,,,
ETH,2024-02-21,1708502400,1711094400,30.0,2937.58,2964.137525123921,2964.137525123921,0.5638991470023207,0.0,0.0,190.9639177258852,190.9639177258852,150.0,289.0,300.0,854.7164748760789,854.7164748760789,1701707737,1701707737,706.6459387695514,706.6459387695514,1702279649.0,1702279649.0,,,,
ETH,2024-02-22,1708588800,1711094400,29.0,2986.71,3011.451029599597,3011.451029599597,0.59213299893011,0.0,0.0,200.28749568788783,200.28749568788783,175.0,639.0,340.0,871.2719704004032,871.2719704004032,1701707737,1701707737,726.4991710463717,726.4991710463717,1702279649.0,1702279649.0,,,,
ETH,2024-02-23,1708675200,1711094400,28.0,2930.98,2959.9810394623833,2959.9810394623833,0.5677433052875056,0.0,0.0,185.4967636360234,185.4967636360234,81.0,239.0,260.0,850.2929605376166,850.2929605376166,1701707737,1701707737,705.8474509244106,705.8474509244106,1702279649.0,1702279649.0,,,,
ETH,2024-02-24,1708761600,1711094400,27.0,2960.5699999999997,2990.9242100486476,2990.9242100486476,0.5717307659302241,0.0,0.0,185.35534487543433,185.3553448754345,52.0,59.0,300.0,857.8167899513519,857.8167899513519,1701707737,1701707737,713.9386905174165,713.9386905174165,1702279649.0,1702279649.0,,,,
ETH,2024-02-25,1708848000,1711699200,33.0,3030.23,3076.2239517143084,3076.2239517143084,0.6022492303312366,0.0,0.0,221.93292237724916,221.93292237724933,160.0,169.0,160.0,863.0750482856915,863.0750482856915,1701707737,1701707737,752.320785256677,752.320785256677,1702279649.0,1702279649.0,,,,
ETH,2024-02-26,1708934400,1711699200,32.0,3090.48,3128.0258602444337,3128.0258602444337,0.6094767194710236,0.0,0.0,224.89359549911532,224.89359549911532,390.0,399.0,640.0,889.5981397555663,889.5981397555663,1701707737,1701707737,765.823718340758,765.823718340758,1702279649.0,1702279649.0,,,,
ETH,2024-02-27,1709020800,1711699200,31.0,3219.54,3261.6217600521973,3261.6217600521973,0.5943734811246494,0.0,0.0,225.11001720629545,225.11001720629545,217.0,289.0,320.0,923.7802399478028,923.7802399478028,1701707737,1701707737,789.9916611460849,789.9916611460849,1702279649.0,1702279649.0,,,,
ETH,2024-02-28,1709107200,1711699200,30.0,3302.84,3345.649742497828,3345.649742497828,0.599039262020715,0.0,0.0,228.9425760945348,228.9425760945348,68.0,219.0,320.0,948.042257502172,948.042257502172,1701707737,1701707737,809.6790675277339,809.6790675277339,1702279649.0,1702279649.0,,,,
ETH,2024-02-29,1709193600,1711699200,29.0,3467.92,3511.847901660006,3511.847901660006,0.7241878941620793,0.0,0.0,285.4934170962919,285.4934170962917,64.0,339.0,200.0,996.448098339994,996.448098339994,1701707737,1701707737,904.4503448094704,904.4503448094704,1702279649.0,1702279649.0,,,,
ETH,2024-03-01,1709280000,1711699200,28.0,3368.72,3411.686014905884,3411.686014905884,0.6175272195058549,0.0,0.0,232.50843269217123,232.50843269217123,118.0,499.0,120.0,967.649985094116,967.649985094116,1701707737,1701707737,831.1071346076772,831.1071346076772,1702279649.0,1702279649.0,,,,
ETH,2024-03-02,1709366400,1711699200,27.0,3431.26,3470.6647164665233,3470.6647164665233,0.6508533662640222,0.0,0.0,244.7792457714748,244.7792457714748,555.0,1099.0,560.0,989.973283533477,989.973283533477,1701707737,1701707737,858.0315826757654,858.0315826757654,1702279649.0,1702279649.0,,,,
ETH,2024-03-03,1709452800,1712304000,33.0,3401.52,3454.382295396061,3454.382295396061,0.6843849315015618,0.0,0.0,283.090756435013,283.090756435013,140.0,149.0,140.0,967.5937046039388,967.5937046039388,1701707737,1701707737,883.0991614602334,883.0991614602334,1702279649.0,1702279649.0,,,,
ETH,2024-03-04,1709539200,1712304000,32.0,3481.01,3543.3336037963654,3543.3336037963654,0.7039479723682399,0.0,0.0,294.10718638086877,294.10718638086877,147.0,79.0,320.0,981.9793962036348,981.9793962036348,1701707737,1701707737,911.5805800287598,911.5805800287598,1702279649.0,1702279649.0,,,,
ETH,2024-03-05,1709625600,1712304000,31.0,3678.519999999999,3747.398215160426,3747.398215160426,0.7421165880786903,0.0,0.0,322.70129217742993,322.70129217742976,31.0,329.0,160.0,1034.6777848395734,1034.6777848395734,1701707737,1701707737,980.3220807298242,980.3220807298242,1702279649.0,1702279649.0,,,,
ETH,2024-03-06,1709712000,1712304000,30.0,3786.16,3859.940738974096,3859.940738974096,0.7582595301180919,0.0,0.0,334.0937172957385,334.09371729573826,75.0,259.0,260.0,1062.067261025904,1062.067261025904,1701707737,1701707737,1013.7974848404316,1013.7974848404316,1702279649.0,1702279649.0,,,,
ETH,2024-03-07,1709798400,1712304000,29.0,3792.670000000001,3863.83731752474,3863.83731752474,0.7064201821977371,0.0,0.0,306.42737898779785,306.4273789877981,308.0,439.0,320.0,1066.633682475261,1066.633682475261,1701707737,1701707737,984.5610606174793,984.5610606174793,1702279649.0,1702279649.0,,,,
ETH,2024-03-08,1709884800,1712304000,28.0,3915.63,4000.608014452344,4000.608014452344,0.7079138864437395,0.0,0.0,312.4308164496394,312.4308164496394,43.0,589.0,320.0,1096.3764,1096.3764,1701707737,1701707737,1017.6264503212514,1017.6264503212514,1702279649.0,1702279649.0,,,,
ETH,2024-03-09,1709971200,1712304000,27.0,3936.4,4012.310939426251,4012.310939426251,0.7248878799326032,0.0,0.0,315.0707005578085,315.0707005578085,104.0,669.0,140.0,1105.009060573749,1105.009060573749,1701707737,1701707737,1028.0329659156605,1028.0329659156605,1702279649.0,1702279649.0,,,,
ETH,2024-03-10,1710057600,1712908800,33.0,3952.83,4052.414469231636,4052.414469231636,0.7390708617224209,0.0,0.0,358.53175652049106,358.53175652049083,118.0,549.0,180.0,1106.7923999999998,1106.7923999999998,1701707737,1701707737,1067.0451993462132,1067.0451993462132,1702279649.0,1702279649.0,,,,
ETH,2024-03-11,1710144000,1712908800,32.0,4002.19,4110.924084771224,4110.924084771224,0.7698263545233496,0.0,0.0,373.0194505299249,373.01945052992465,150.0,49.0,280.0,1120.6131999999998,1120.6131999999998,1701707737,1701707737,1096.2345625689532,1096.2345625689532,1702279649.0,1702279649.0,,,,
ETH,2024-03-12,1710230400,1712908800,31.0,4027.6,4123.612359269088,4123.612359269088,0.7804240434979124,0.0,0.0,373.35132907165274,373.35132907165297,43.0,49.0,60.0,1127.728,1127.728,1701707737,1701707737,1101.3818340580929,1101.3818340580929,1702279649.0,1702279649.0,,,,
ETH,2024-03-13,1710316800,1712908800,30.0,4039.44,4144.080872352304,4144.080872352304,0.7530732344472466,0.0,0.0,356.2434338139961,356.24343381399586,276.0,279.0,520.0,1131.0432,1131.0432,1701707737,1701707737,1084.0239503597418,1084.0239503597418,1702279649.0,1702279649.0,,,,
ETH,2024-03-14,1710403200,1712908800,29.0,3964.95,4056.373004511878,4056.373004511878,0.7066989640659973,0.0,0.0,321.82324401502296,321.82324401502296,201.0,209.0,360.0,1110.186,1110.186,1701707737,1701707737,1032.939538826227,1032.939538826227,1702279649.0,1702279649.0,,,,
ETH,2024-03-15,1710489600,1712908800,28.0,3756.48,3838.527055407992,3838.527055407992,0.688476571905657,0.0,0.0,291.5673128754553,291.5673128754553,129.0,27649.0,27680.0,1051.8144,1051.8144,1701707737,1701707737,966.5713796237108,966.5713796237108,1702279649.0,1702279649.0,,,,
ETH,2024-03-16,1710576000,1712908800,27.0,3737.79,3810.4071214774567,3810.4071214774567,0.6861336015514792,0.0,0.0,283.26686395715205,283.26686395715205,214.0,579.0,340.0,1048.7198785225432,1048.7198785225432,1701707737,1701707737,957.0562916888448,957.0562916888448,1702279649.0,1702279649.0,,,,
ETH,2024-03-17,1710662400,1712908800,26.0,3467.32,3529.6953757252854,3529.6953757252854,0.8097260248848451,0.0,0.0,303.72542393948356,303.72542393948373,106.0,249.0,260.0,977.8206242747146,977.8206242747146,1701707737,1701707737,943.8705528939788,943.8705528939788,1702279649.0,1702279649.0,,,,
ETH,2024-03-18,1710748800,1712908800,25.0,3628.55,3690.4042264040663,3690.4042264040663,0.725432212759589,0.0,0.0,279.09532084355504,279.09532084355504,435.0,519.0,440.0,1026.710773595934,1026.710773595934,1701707737,1701707737,942.1415765302116,942.1415765302116,1702279649.0,1702279649.0,,,,
ETH,2024-03-19,1710835200,1712908800,24.0,3353.95,3408.986525861961,3408.986525861961,0.7082234313358189,0.0,0.0,246.6427498859794,246.64274988597924,242.0,249.0,260.0,951.1484741380386,951.1484741380386,1701707737,1701707737,861.2366528490879,861.2366528490879,1702279649.0,1702279649.0,,,,
ETH,2024-03-20,1710921600,1712908800,23.0,3218.42,3262.1978232010497,3262.1978232010497,0.8002949248410036,0.0,0.0,261.0105654475036,261.0105654475036,84.0,89.0,120.0,921.7481767989505,921.7481767989505,1701707737,1701707737,861.2609003266182,861.2609003266182,1702279649.0,1702279649.0,,,,
ETH,2024-03-21,1711008000,1714118400,36.0,3518.33,3599.6874676275397,3599.6874676275397,0.7735719899252753,0.0,0.0,348.02739792732376,348.02739792732376,82.0,209.0,220.0,985.1324,985.1324,1701707737,1701707737,981.69948201495,981.69948201495,1702279649.0,1702279649.0,,,,
ETH,2024-03-22,1711094400,1714118400,35.0,3509.7219023132097,3589.0928187428585,3589.0928187428585,0.7306661592319771,0.0,0.0,323.27770588207744,323.27770588207744,68.0,69.0,280.0,982.7221326476988,982.7221326476988,1701707737,1701707737,949.4337366905366,949.4337366905366,1702279649.0,1702279649.0,,,,
ETH,2024-03-23,1711180800,1713513600,27.0,3365.808271145965,3420.340141930103,3420.340141930103,0.7437536919236666,0.0,0.0,275.5522688972272,275.552268897227,38.0,499.0,280.0,955.2106105596516,955.2106105596516,1701707737,1701707737,885.592489773448,885.592489773448,1702279649.0,1702279649.0,,,,
ETH,2024-03-24,1711267200,1714118400,33.0,3335.1366486168804,3406.4257653674235,3406.4257653674235,0.7523151878778119,0.0,0.0,306.75679250773277,306.75679250773277,436.0,439.0,700.0,933.8382616127265,933.8382616127265,1701707737,1701707737,904.5171782051408,904.5171782051408,1702279649.0,1702279649.0,,,,
ETH,2024-03-25,1711353600,1714118400,32.0,3445.8827523466575,3514.0977734573416,3514.0977734573416,0.7446007176476472,0.0,0.0,308.45871339425577,308.45871339425577,211.0,189.0,360.0,965.5498045933132,965.5498045933132,1701707737,1701707737,924.8073859263752,924.8073859263752,1702279649.0,1702279649.0,,,,
ETH,2024-03-26,1711440000,1714118400,31.0,3637.4166061066994,3720.5045716179143,3720.5045716179143,0.7265960304067857,0.0,0.0,313.71014482586844,313.71014482586827,227.0,229.0,240.0,1018.4766497098758,1018.4766497098758,1701707737,1701707737,964.1322216126008,964.1322216126008,1702279649.0,1702279649.0,,,,
ETH,2024-03-27,1711526400,1714118400,30.0,3565.592508414735,3636.2213817433912,3636.2213817433912,0.7346678241385507,0.0,0.0,304.97443423303855,304.97443423303855,180.0,189.0,220.0,999.0488791957644,999.0488791957644,1701707737,1701707737,942.6055987326934,942.6055987326934,1702279649.0,1702279649.0,,,,
ETH,2024-03-28,1711612800,1714118400,29.0,3571.7265220839936,3643.771173235881,3643.771173235881,0.7557050422785319,0.0,0.0,309.0619880563673,309.06198805636745,220.0,409.0,360.0,1000.0834261835182,1000.0834261835182,1701707737,1701707737,953.2911772875148,953.2911772875148,1702279649.0,1702279649.0,,,,
ETH,2024-03-29,1711699200,1714118400,28.0,3521.2162871000382,3599.739667568994,3599.739667568994,0.727780675941185,0.0,0.0,288.98779655203776,288.98779655203793,134.0,359.0,140.0,985.9405603880108,985.9405603880108,1701707737,1701707737,925.2044359270744,925.2044359270744,1702279649.0,1702279649.0,,,,
ETH,2024-03-30,1711785600,1714118400,27.0,3496.6579532963765,3569.355574993911,3569.355574993911,0.7415168458117476,0.0,0.0,286.69547365783603,286.6954736578362,177.0,179.0,200.0,979.0642269229852,979.0642269229852,1701707737,1701707737,922.2955859888048,922.2955859888048,1702279649.0,1702279649.0,,,,
ETH,2024-03-31,1711872000,1714118400,26.0,3625.1543896858025,3707.072200786786,3707.072200786786,0.7447718171307455,0.0,0.0,293.4878096230041,293.4878096230043,176.0,179.0,220.0,1015.0432291120248,1015.0432291120248,1701707737,1701707737,956.9766591779346,956.9766591779346,1702279649.0,1702279649.0,,,,
ETH,2024-04-01,1711958400,1714118400,25.0,3547.210234095389,3617.1088822890065,3617.1088822890065,0.7670032043099912,0.0,0.0,289.1769958742552,289.176995874255,861.0,779.0,780.0,994.2644220349988,994.2644220349988,1701707737,1701707737,942.8035610496148,942.8035610496148,1702279649.0,1702279649.0,,,,
ETH,2024-04-02,1712044800,1714118400,24.0,3366.6508173105008,3425.0059412296914,3425.0059412296914,0.7368091386651651,0.0,0.0,257.7745383945871,257.7745383945871,180.0,369.0,380.0,951.6401212739596,951.6401212739596,1701707737,1701707737,877.3842955322268,877.3842955322268,1702279649.0,1702279649.0,,,,
ETH,2024-04-03,1712131200,1714118400,23.0,3310.5153652354406,3359.5135451671345,3359.5135451671345,0.7218861656612076,0.0,0.0,242.53743183717927,242.53743183717927,178.0,179.0,180.0,944.1564296389386,944.1564296389386,1701707737,1701707737,852.8662129309384,852.8662129309384,1702279649.0,1702279649.0,,,,
ETH,2024-04-04,1712217600,1714118400,22.0,3320.7730027183493,3357.587892589314,3357.587892589314,0.6726344642004263,0.0,0.0,220.94706340147135,220.9470634014712,179.0,479.0,180.0,959.4170109445402,959.4170109445402,1701707737,1701707737,832.278376471935,832.278376471935,1702279649.0,1702279649.0,,,,
ETH,2024-04-05,1712304000,1714118400,21.0,3287.1534111555075,3319.4214273942403,3319.4214273942403,0.6939724793512161,0.0,0.0,220.179435565136,220.17943556513583,7.0,189.0,220.0,953.8780071079196,953.8780071079196,1701707737,1701707737,829.4387511876471,829.4387511876471,1702279649.0,1702279649.0,,,,
ETH,2024-04-06,1712390400,1714723200,27.0,3331.368935254123,3370.5528633362496,3370.5528633362496,0.6804233487752488,0.0,0.0,248.4886121601815,248.4886121601817,160.0,291.0,300.0,960.22675249411,960.22675249411,1701707737,1701707737,845.4082522638777,845.4082522638777,1702279649.0,1702279649.0,,,,
ETH,2024-04-07,1712476800,1714723200,26.0,3386.722244444244,3425.098501640411,3425.098501640411,0.6958752548324673,0.0,0.0,253.41419377313872,253.41419377313872,14.0,149.0,160.0,977.6404161371062,977.6404161371062,1701707737,1701707737,864.2475689159515,864.2475689159515,1702279649.0,1702279649.0,,,,
ETH,2024-04-08,1712563200,1714723200,25.0,3473.613960925513,3518.0797978468327,3518.0797978468327,0.7333259446539468,0.0,0.0,268.94920297656176,268.94920297656154,102.0,59.0,240.0,997.618351356334,997.618351356334,1701707737,1701707737,902.4599420613484,902.4599420613484,1702279649.0,1702279649.0,,,,
ETH,2024-04-09,1712649600,1714723200,24.0,3649.7129879367594,3690.106393038215,3690.106393038215,0.7676235898099727,0.0,0.0,289.30490333608594,289.30490333608594,177.0,479.0,180.0,1054.520491279572,1054.520491279572,1701707737,1701707737,961.2232139732296,961.2232139732296,1702279649.0,1702279649.0,,,,
ETH,2024-04-10,1712736000,1714723200,23.0,3538.2590640801845,3580.350620106964,3580.350620106964,0.7392404811892378,0.0,0.0,264.67692335401193,264.67692335401193,121.0,249.0,140.0,1019.386163197276,1019.386163197276,1701707737,1701707737,917.1232395275586,917.1232395275586,1702279649.0,1702279649.0,,,,
ETH,2024-04-11,1712822400,1714723200,22.0,3584.8827986526844,3621.642508747863,3621.642508747863,0.6951993630994943,0.0,0.0,246.2992218473199,246.2992218473199,43.0,390.0,60.0,1038.7051295006268,1038.7051295006268,1701707737,1701707737,906.996699736625,906.996699736625,1702279649.0,1702279649.0,,,,
ETH,2024-04-12,1712908800,1714723200,21.0,3513.7871913275276,3544.7918173994617,3544.7918173994617,0.6536025648252242,0.0,0.0,221.47932135155145,221.47932135155145,193.0,199.0,460.0,1023.1315313263242,1023.1315313263242,1701707737,1701707737,870.7526968854108,870.7526968854108,1702279649.0,1702279649.0,,,,
ETH,2024-04-13,1712995200,1715328000,27.0,3256.6619974338964,3283.3901078548715,3283.3901078548715,0.672318830034803,0.0,0.0,239.18754353669132,239.18754353669132,65.0,653.0,160.0,950.2704888091936,950.2704888091936,1701707737,1701707737,820.8062133968756,820.8062133968756,1702279649.0,1702279649.0,,,,
ETH,2024-04-14,1713081600,1715328000,26.0,3067.3724667342735,3081.468657667219,3081.468657667219,0.7741839147813891,0.0,0.0,253.5596703838844,253.5596703838844,238.0,769.0,460.0,906.1155490873368,906.1155490873368,1701707737,1701707737,810.5611753615499,810.5611753615499,1702279649.0,1702279649.0,,,,
ETH,2024-04-15,1713168000,1715328000,25.0,3244.9475859189033,3267.005888575795,3267.005888575795,0.7426279823546672,0.0,0.0,252.91335144978007,252.9133514497799,144.0,359.0,300.0,951.4259731187794,951.4259731187794,1701707737,1701707737,842.9855225801448,842.9855225801448,1702279649.0,1702279649.0,,,,
ETH,2024-04-16,1713254400,1715328000,24.0,3106.3684844821464,3120.086445426715,3120.086445426715,0.7251443965384672,0.0,0.0,231.11869365788243,231.1186936578826,123.0,419.0,140.0,918.1925844000756,918.1925844000756,1701707737,1701707737,796.6348813064963,796.6348813064963,1702279649.0,1702279649.0,,,,
ETH,2024-04-17,1713340800,1715328000,23.0,3085.9843373761723,3097.0560465064195,3097.0560465064195,0.7180096104276491,0.0,0.0,222.39209139789384,222.39209139789384,527.0,530.0,540.0,914.7235920826045,914.7235920826045,1701707737,1701707737,786.4795576555639,786.4795576555639,1702279649.0,1702279649.0,,,,
ETH,2024-04-18,1713427200,1715328000,22.0,2978.703344508041,3001.5750647379655,3001.5750647379655,0.7501663037434716,0.0,0.0,220.22584993666715,220.22584993666737,293.0,680.0,300.0,870.7392831224877,870.7392831224877,1701707737,1701707737,771.7585022772589,771.7585022772589,1702279649.0,1702279649.0,,,,
ETH,2024-04-19,1713513600,1715328000,21.0,3084.007760357724,3093.2426273071683,3093.2426273071683,0.736946521427527,0.0,0.0,217.85027608426375,217.85027608426375,58.0,59.0,60.0,915.9674611578724,915.9674611578724,1701707737,1701707737,789.218300439147,789.218300439147,1702279649.0,1702279649.0,,,,
ETH,2024-04-20,1713600000,1715932800,27.0,3061.842966202244,3075.871328780154,3075.871328780154,0.7045328169569335,0.0,0.0,234.77448016141116,234.77448016141116,522.0,659.0,540.0,904.524527282764,904.524527282764,1701707737,1701707737,782.0517527804609,782.0517527804609,1702279649.0,1702279649.0,,,,
ETH,2024-04-21,1713686400,1715932800,26.0,3176.9351273879765,3192.5708448980354,3192.5708448980354,0.7130766840294204,0.0,0.0,242.03158956978575,242.03158956978575,522.0,829.0,540.0,937.444820706334,937.444820706334,1701707737,1701707737,813.5753586311853,813.5753586311853,1702279649.0,1702279649.0,,,,
ETH,2024-04-22,1713772800,1715932800,25.0,3206.228600725086,3218.676801613882,3218.676801613882,0.7071309603673851,0.0,0.0,237.29656906791203,237.29656906791183,42.0,50.0,60.0,949.4203793287296,949.4203793287296,1701707737,1701707737,816.3157370913389,816.3157370913389,1702279649.0,1702279649.0,,,,
ETH,2024-04-23,1713859200,1715932800,24.0,3161.444692017322,3174.2103254838134,3174.2103254838134,0.6935302756153744,0.0,0.0,224.9046230194056,224.9046230194056,44.0,49.0,60.0,935.6677741387048,935.6677741387048,1701707737,1701707737,798.1990494552032,798.1990494552032,1702279649.0,1702279649.0,,,,
ETH,2024-04-24,1713945600,1715932800,23.0,3250.5936395056533,3265.33271659752,3265.33271659752,0.6722594344509457,0.0,0.0,219.57192828875543,219.5719282887553,48.0,49.0,60.0,960.4390147598292,960.4390147598292,1701707737,1701707737,811.5884937905349,811.5884937905349,1702279649.0,1702279649.0,,,,
ETH,2024-04-25,1714032000,1717142400,36.0,3135.2537417053272,3157.879961101634,3157.879961101634,0.6284948403724109,0.0,0.0,248.2605313115346,248.2605313115344,46.0,49.0,60.0,917.9499031152916,917.9499031152916,1701707737,1701707737,792.3398462171941,792.3398462171941,1702279649.0,1702279649.0,,,,
ETH,2024-04-26,1714118400,1717142400,35.0,3135.7024904657787,3149.3385913213597,3149.3385913213597,0.597401611340491,0.0,0.0,232.09430393101184,232.09430393101184,35.0,41.0,60.0,927.0746462841524,927.0746462841524,1701707737,1701707737,774.725193241524,774.725193241524,1702279649.0,1702279649.0,,,,
ETH,2024-04-27,1714204800,1716537600,27.0,3119.706844901242,3131.256116398754,3131.256116398754,0.5781660710410108,0.0,0.0,196.23182315548164,196.23182315548164,54.0,56.0,60.0,924.3627819728612,924.3627819728612,1701707737,1701707737,750.4201998739711,750.4201998739711,1702279649.0,1702279649.0,,,,
ETH,2024-04-28,1714291200,1717142400,33.0,3315.800051333043,3329.583582749624,3329.583582749624,0.5896747525255497,0.0,0.0,235.20929401317892,235.20929401317892,69.0,74.0,80.0,980.9564839833322,980.9564839833322,1701707737,1701707737,810.9075154458876,810.9075154458876,1702279649.0,1702279649.0,,,,
ETH,2024-04-29,1714377600,1717142400,32.0,3186.0739113760565,3194.571383718727,3194.571383718727,0.5688834484144443,0.0,0.0,214.4180470114192,214.418047011419,46.0,89.0,120.0,947.3247010701464,947.3247010701464,1701707737,1701707737,768.3064218368962,768.3064218368962,1702279649.0,1702279649.0,,,,
ETH,2024-04-30,1714464000,1717142400,31.0,3156.7122538460567,3167.56568464512,3167.56568464512,0.518918640641615,0.0,0.0,190.92187543848152,190.9218754384817,42.0,49.0,60.0,936.1602453547534,936.1602453547534,1701707737,1701707737,743.9243807874971,743.9243807874971,1702279649.0,1702279649.0,,,,
ETH,2024-05-01,1714550400,1717142400,30.0,2862.7893205828573,2868.5323854862036,2868.5323854862036,0.6226828164397868,0.0,0.0,204.0208371334288,204.02083713342864,41.0,49.0,60.0,853.0937312715107,853.0937312715107,1701707737,1701707737,703.6763463857355,703.6763463857355,1702279649.0,1702279649.0,,,,
ETH,2024-05-02,1714636800,1717142400,29.0,2920.5943574435228,2924.15934390903,2924.15934390903,0.6078452489232403,0.0,0.0,199.62997201866395,199.62997201866395,42.0,49.0,80.0,872.6133207675493,872.6133207675493,1701707737,1701707737,711.567841357433,711.567841357433,1702279649.0,1702279649.0,,,,
ETH,2024-05-03,1714723200,1717142400,28.0,2969.413298095501,2978.3276254605676,2978.3276254605676,0.5663617556628211,0.0,0.0,186.19325672954625,186.19325672954608,35.0,49.0,60.0,881.9096620635837,881.9096620635837,1701707737,1701707737,710.8317879394308,710.8317879394308,1702279649.0,1702279649.0,,,,
ETH,2024-05-04,1714809600,1717142400,27.0,3097.275886410072,3110.654308892541,3110.654308892541,0.598195717450708,0.0,0.0,201.6795120935242,201.67951209352404,43.0,49.0,60.0,915.8043434405524,915.8043434405524,1701707737,1701707737,751.7454961209979,751.7454961209979,1702279649.0,1702279649.0,,,,
ETH,2024-05-05,1714896000,1717142400,26.0,3107.301705845892,3117.259612768368,3117.259612768368,0.6211669401594816,0.0,0.0,205.93704774555368,205.9370477455535,43.0,49.0,60.0,922.2326048312916,922.2326048312916,1701707737,1701707737,760.4285104200392,760.4285104200392,1702279649.0,1702279649.0,,,,
ETH,2024-05-06,1714982400,1717142400,25.0,3183.00515994193,3195.428973902078,3195.428973902078,0.6186616853112348,0.0,0.0,206.1777775408711,206.17777754087092,43.0,49.0,60.0,942.4777340224314,942.4777340224314,1701707737,1701707737,777.7111758635717,777.7111758635717,1702279649.0,1702279649.0,,,,
ETH,2024-05-07,1715068800,1717142400,24.0,3079.0308485712594,3092.453308106373,3092.453308106373,0.5796195286130686,0.0,0.0,183.1959305457534,183.1959305457536,50.0,59.0,60.0,910.2867950362644,910.2867950362644,1701707737,1701707737,740.2107136830987,740.2107136830987,1702279649.0,1702279649.0,,,,
ETH,2024-05-08,1715155200,1717142400,23.0,2994.1998202538293,3008.0086333117015,3008.0086333117015,0.5850276538012715,0.0,0.0,176.07305493640746,176.07305493640746,48.0,49.0,60.0,884.4511330182764,884.4511330182764,1701707737,1701707737,721.080200150817,721.080200150817,1702279649.0,1702279649.0,,,,
ETH,2024-05-09,1715241600,1717142400,22.0,2982.3368403722498,2994.898801643586,2994.898801643586,0.5627758496671955,0.0,0.0,164.94807340948077,164.94807340948077,46.0,49.0,60.0,882.1390908403387,882.1390908403387,1701707737,1701707737,712.2552972893538,712.2552972893538,1702279649.0,1702279649.0,,,,
ETH,2024-05-10,1715328000,1717142400,21.0,3043.0889788761365,3055.7497683689544,3055.7497683689544,0.5243839362038307,0.0,0.0,153.23368240369177,153.2336824036916,46.0,49.0,60.0,900.2659041700231,900.2659041700231,1701707737,1701707737,718.8862981236111,718.8862981236111,1702279649.0,1702279649.0,,,,
ETH,2024-05-11,1715414400,1717747200,27.0,2921.326641272534,2933.7782120246284,2933.7782120246284,0.5288698754417035,0.0,0.0,168.2082718265466,168.2082718265466,47.0,49.0,60.0,863.9464216296658,863.9464216296658,1701707737,1701707737,689.9352769468153,689.9352769468153,1702279649.0,1702279649.0,,,,
ETH,2024-05-12,1715500800,1717747200,26.0,2906.0186738426055,2920.0731812508093,2920.0731812508093,0.5460262160979584,0.0,0.0,169.61855731401064,169.61855731401064,30.0,49.0,80.0,857.7510947445778,857.7510947445778,1701707737,1701707737,690.7243616047626,690.7243616047626,1702279649.0,1702279649.0,,,,
ETH,2024-05-13,1715587200,1717747200,25.0,2952.936800978906,2968.0679304437367,2968.0679304437367,0.5625494666186509,0.0,0.0,174.17110314999786,174.17110314999786,39.0,49.0,80.0,870.7499108288409,870.7499108288409,1701707737,1701707737,706.0944043158966,706.0944043158966,1702279649.0,1702279649.0,,,,
ETH,2024-05-14,1715673600,1717747200,24.0,2919.1470046246895,2933.444287194051,2933.444287194051,0.5626265487775837,0.0,0.0,168.69057019682828,168.69057019682828,48.0,49.0,60.0,861.4468188180454,861.4468188180454,1701707737,1701707737,697.7159521333356,697.7159521333356,1702279649.0,1702279649.0,,,,
ETH,2024-05-15,1715760000,1717747200,23.0,2916.5255047918367,2930.6838255588536,2930.6838255588536,0.562394025656788,0.0,0.0,164.92127529553355,164.92127529553355,49.0,49.0,60.0,860.7993306705341,860.7993306705341,1701707737,1701707737,696.8734497627072,696.8734497627072,1702279649.0,1702279649.0,,,,
ETH,2024-05-16,1715846400,1717747200,22.0,3016.0539854276353,3031.05713722119,3031.05713722119,0.5112742410664719,0.0,0.0,151.6833724154962,151.6833724154962,46.0,49.0,60.0,889.8130438347367,889.8130438347367,1701707737,1701707737,710.1494975569846,710.1494975569846,1702279649.0,1702279649.0,,,,
ETH,2024-05-17,1715932800,1717747200,21.0,3025.5529914524395,3038.8812467462885,3038.8812467462885,0.544064819281733,0.0,0.0,158.09916064066778,158.09916064066778,46.0,49.0,60.0,894.3376421418828,894.3376421418828,1701707737,1701707737,718.6630004607281,718.6630004607281,1702279649.0,1702279649.0,,,,
ETH,2024-05-18,1716019200,1718352000,27.0,3101.0784246550024,3121.348780187305,3121.348780187305,0.5623207591951511,0.0,0.0,190.26058685681684,190.26058685681684,44.0,49.0,60.0,910.0531718641982,910.0531718641982,1701707737,1701707737,742.8433760500861,742.8433760500861,1702279649.0,1702279649.0,,,,
ETH,2024-05-19,1716105600,1718352000,26.0,3116.612970974712,3137.952567702569,3137.952567702569,0.5718526082283891,0.0,0.0,190.8795614997845,190.87956149978433,47.0,49.0,60.0,913.6442945645566,913.6442945645566,1701707737,1701707737,749.1995769389529,749.1995769389529,1702279649.0,1702279649.0,,,,
ETH,2024-05-20,1716192000,1718352000,25.0,3092.8608684019105,3112.6051827336764,3112.6051827336764,0.5875477796431491,0.0,0.0,190.7537864042585,190.75378640425868,9.0,9.0,23.0,908.1139461888072,908.1139461888072,1701707737,1701707737,747.4329415660216,747.4329415660216,1702279649.0,1702279649.0,,,,
ETH,2024-05-21,1716278400,1718352000,24.0,3659.2431000383103,3696.1108133189423,3696.1108133189423,0.7479223713530441,0.0,0.0,282.361566715877,282.36156671587725,9.0,9.0,23.0,1060.905216730861,1060.905216730861,1701707737,1701707737,953.421310794844,953.421310794844,1702279649.0,1702279649.0,,,,
ETH,2024-05-22,1716364800,1718352000,23.0,3747.008487461288,3786.1323642616335,3786.1323642616335,0.779065936908689,0.0,0.0,294.92115183719227,294.92115183719227,26.0,30.0,43.0,1084.978669438041,1084.978669438041,1701707737,1701707737,989.476079557534,989.476079557534,1702279649.0,1702279649.0,,,,
ETH,2024-05-23,1716451200,1719561600,36.0,3811.100552200182,3868.8231083546834,3868.8231083546834,0.7393789459616513,0.0,0.0,357.59053261956365,357.5905326195635,49.0,29.0,63.0,1085.6076095055532,1085.6076095055532,1701707737,1701707737,1034.8244001681785,1034.8244001681785,1702279649.0,1702279649.0,,,,
ETH,2024-05-24,1716537600,1719561600,35.0,3676.924156054662,3725.274083501507,3725.274083501507,0.6270750400645911,0.0,0.0,288.13333855608766,288.1333385560879,49.0,49.0,63.0,1054.7273193695537,1054.7273193695537,1701707737,1701707737,929.6861700581384,929.6861700581384,1702279649.0,1702279649.0,,,,
ETH,2024-05-25,1716624000,1718956800,27.0,3746.282300569942,3781.9501694245873,3781.9501694245873,0.6187154541501927,0.0,0.0,253.59465976600745,253.59465976600725,50.0,49.0,63.0,1088.2168213163372,1088.2168213163372,1701707737,1701707737,921.38569960468,921.38569960468,1702279649.0,1702279649.0,,,,
ETH,2024-05-26,1716710400,1719561600,33.0,3785.9557947685303,3831.925305096678,3831.925305096678,0.6286757335431433,0.0,0.0,288.54802293833643,288.5480229383362,49.0,49.0,63.0,1089.8172281024115,1089.8172281024115,1701707737,1701707737,950.7411187756696,950.7411187756696,1702279649.0,1702279649.0,,,,
ETH,2024-05-27,1716796800,1719561600,32.0,3912.428991564263,3964.221245251033,3964.221245251033,0.6719570144966496,0.0,0.0,314.1392060078056,314.1392060078056,11.0,9.0,23.0,1121.9364437825093,1121.9364437825093,1701707737,1701707737,1002.8496901389692,1002.8496901389692,1702279649.0,1702279649.0,,,,
ETH,2024-05-28,1716883200,1719561600,31.0,3845.441298030237,3893.576402630461,3893.576402630461,0.6313140607994082,0.0,0.0,285.38191745435324,285.38191745435347,46.0,49.0,63.0,1105.4972848088478,1105.4972848088478,1701707737,1701707737,960.5537645622336,960.5537645622336,1702279649.0,1702279649.0,,,,
ETH,2024-05-29,1716969600,1719561600,30.0,3823.440184485985,3873.229757536408,3873.229757536408,0.6229705955170138,0.0,0.0,275.6056790149638,275.6056790149638,49.0,49.0,63.0,1097.2424822953724,1097.2424822953724,1701707737,1701707737,948.1693642493392,948.1693642493392,1702279649.0,1702279649.0,,,,
ETH,2024-05-30,1717056000,1719561600,29.0,3719.058427561348,3760.910728658346,3760.910728658346,0.6284597016552232,0.0,0.0,265.43949348491424,265.43949348491446,46.0,49.0,63.0,1073.8652271714054,1073.8652271714054,1701707737,1701707737,922.3188101892702,922.3188101892702,1702279649.0,1702279649.0,,,,
ETH,2024-05-31,1717142400,1719561600,28.0,3726.064594690733,3760.755675711157,3760.755675711157,0.593829477177854,0.0,0.0,246.48485015246783,246.48485015246783,57.0,55.0,63.0,1083.128297386795,1083.128297386795,1701707737,1701707737,906.9745618475996,906.9745618475996,1702279649.0,1702279649.0,,,,
ETH,2024-06-01,1717228800,1719561600,27.0,3769.095840262488,3808.308825781157,3808.308825781157,0.6101753623912246,0.0,0.0,251.8455026049428,251.8455026049428,22.0,49.0,23.0,1091.5157665600773,1091.5157665600773,1701707737,1701707737,924.0763801044784,924.0763801044784,1702279649.0,1702279649.0,,,,
ETH,2024-06-02,1717315200,1719561600,26.0,3793.614777946681,3833.216539941189,3833.216539941189,0.6248843528360539,0.0,0.0,254.747666338788,254.747666338788,52.0,51.0,89.0,1098.4826713894963,1098.4826713894963,1701707737,1701707737,935.2669516993471,935.2669516993471,1702279649.0,1702279649.0,,,,
ETH,2024-06-03,1717401600,1719561600,25.0,3816.0838382380457,3854.997387198991,3854.997387198991,0.6263446511813856,0.0,0.0,251.81702038669815,251.81702038669815,41.0,39.0,88.0,1105.9116025104684,1105.9116025104684,1701707737,1701707737,940.1827131625034,940.1827131625034,1702279649.0,1702279649.0,,,,
ETH,2024-06-04,1717488000,1719561600,24.0,3773.9289917440033,3806.4540162440026,3806.4540162440026,0.5623326597042135,0.0,0.0,218.77970316997292,218.77970316997292,10.0,49.0,71.0,1099.6536730232017,1099.6536730232017,1701707737,1701707737,904.5671141857654,904.5671141857654,1702279649.0,1702279649.0,,,,
ETH,2024-06-05,1717574400,1719561600,23.0,3809.821001386071,3843.8613916786658,3843.8613916786658,0.5758399434491753,0.0,0.0,221.47213096849572,221.4721309684955,48.0,49.0,58.0,1108.905910123227,1108.905910123227,1701707737,1701707737,917.5510044202472,917.5510044202472,1702279649.0,1702279649.0,,,,
ETH,2024-06-06,1717660800,1719561600,22.0,3852.4471685023454,3884.785333885296,3884.785333885296,0.6044950606321604,0.0,0.0,229.79276306771985,229.79276306771985,49.0,50.0,58.0,1123.3959851677532,1123.3959851677532,1701707737,1701707737,936.8285378861002,936.8285378861002,1702279649.0,1702279649.0,,,,
ETH,2024-06-07,1717747200,1719561600,21.0,3815.524946783664,3847.5274381122936,3847.5274381122936,0.5622192675418403,0.0,0.0,206.83867363427993,206.83867363427993,48.0,50.0,52.0,1112.654992706469,1112.654992706469,1701707737,1701707737,914.0763413733818,914.0763413733818,1702279649.0,1702279649.0,,,,
ETH,2024-06-08,1717833600,1720166400,27.0,3707.4229900476166,3747.0512999589982,3747.0512999589982,0.575277747632405,0.0,0.0,233.65222197094937,233.6522219709495,47.0,49.0,63.0,1072.598587102903,1072.598587102903,1701707737,1701707737,895.6423243541901,895.6423243541901,1702279649.0,1702279649.0,,,,
ETH,2024-06-09,1717920000,1720166400,26.0,3685.843073727064,3721.0284379953073,3721.0284379953073,0.5868347442270759,0.0,0.0,232.26586962160036,232.26586962160013,48.0,49.0,81.0,1070.5675578498756,1070.5675578498756,1701707737,1701707737,893.2882613554907,893.2882613554907,1702279649.0,1702279649.0,,,,
ETH,2024-06-10,1718006400,1720166400,25.0,3651.004413037781,3682.3948583936217,3682.3948583936217,0.6003072987889068,0.0,0.0,230.5638156318481,230.5638156318481,26.0,49.0,61.0,1063.9108785554936,1063.9108785554936,1701707737,1701707737,888.4537364646974,888.4537364646974,1702279649.0,1702279649.0,,,,
ETH,2024-06-11,1718092800,1720166400,24.0,3532.5988369833744,3552.4747232201066,3552.4747232201066,0.5924033280847225,0.0,0.0,215.08015161701445,215.08015161701445,48.0,49.0,50.0,1039.9037648582798,1039.9037648582798,1701707737,1701707737,854.289381673164,854.289381673164,1702279649.0,1702279649.0,,,,
ETH,2024-06-12,1718179200,1720166400,23.0,3526.382018330815,3552.64909950939,3552.64909950939,0.6026305320025284,0.0,0.0,214.1988079540231,214.1988079540233,46.0,49.0,62.0,1031.6475243206692,1031.6475243206692,1718150607,1701707737,856.8639498695086,856.8639498695086,1718150487.0,1702279649.0,,,,
ETH,2024-06-13,1718265600,1720166400,22.0,3505.665599209959,3531.0781463253,3531.0781463253,0.5701115411974823,0.0,0.0,197.00976205392232,197.00976205392217,46.0,49.0,60.0,1026.2871326476466,1026.2871326476466,1718150607,1718150607,841.2887320137872,841.2887320137872,1718150487.0,1718150487.0,,,,
ETH,2024-06-14,1718352000,1720166400,21.0,3515.196708420026,3536.8888358867944,3536.8888358867944,0.5651276627093026,0.0,0.0,191.12119777691248,191.12119777691268,29.0,29.0,48.0,1032.8668850592394,1032.8668850592394,1718150607,1718150607,841.4291683790907,841.4291683790907,1718150487.0,1718150487.0,,,,
ETH,2024-06-15,1718438400,1720771200,27.0,3527.490601233378,3557.235005594872,3557.235005594872,0.6186850761115885,0.0,0.0,238.51493894618324,238.51493894618343,45.0,54.0,70.0,1028.5027760085195,1028.5027760085195,1718150607,1718150607,866.8172215820276,866.8172215820276,1718150487.0,1718150487.0,,,,
ETH,2024-06-16,1718524800,1720771200,26.0,3559.0294201717484,3587.300506366283,3587.300506366283,0.6162906491115375,0.0,0.0,235.1333786126976,235.1333786126976,54.0,52.0,69.0,1039.4377398569898,1039.4377398569898,1718150607,1718150607,872.3618218942283,872.3618218942283,1718150487.0,1718150487.0,,,,
ETH,2024-06-17,1718611200,1720771200,25.0,3550.0787159235706,3575.506068269698,3575.506068269698,0.6170542610102949,0.0,0.0,230.1032748785031,230.1032748785029,51.0,62.0,53.0,1039.5962624309436,1039.5962624309436,1718150607,1718150607,869.0367748417858,869.0367748417858,1718150487.0,1718150487.0,,,,
ETH,2024-06-18,1718697600,1720771200,24.0,3443.7678236248053,3464.4968224791314,3464.4968224791314,0.5974868665143577,0.0,0.0,211.55007658440053,211.55007658440053,48.0,50.0,57.0,1012.4013482331152,1012.4013482331152,1718150607,1718150607,834.7396745454149,834.7396745454149,1718150487.0,1718150487.0,,,,
ETH,2024-06-19,1718784000,1720771200,23.0,3542.6831036037856,3570.2669627450528,3570.2669627450528,0.6606667787814857,0.0,0.0,235.94633400889,235.94633400888975,33.0,50.0,49.0,1035.2210719398686,1035.2210719398686,1718150607,1718150607,882.2181996358635,882.2181996358635,1718150487.0,1718150487.0,,,,
ETH,2024-06-20,1718870400,1721980800,36.0,3605.536050656648,3644.9381526708694,3644.9381526708694,0.6515026703300979,0.0,0.0,297.00531379186765,297.00531379186765,48.0,49.0,58.0,1042.2587131827731,1042.2587131827731,1718150607,1718150607,926.0056717664888,926.0056717664888,1718150487.0,1718150487.0,,,,
ETH,2024-06-21,1718956800,1721980800,35.0,3473.4915156536917,3506.436503251811,3506.436503251811,0.5975527430098928,0.0,0.0,258.476251998003,258.4762519980028,23.0,49.0,55.0,1009.1024670979884,1009.1024670979884,1718150607,1718150607,861.751147460529,861.751147460529,1718150487.0,1718150487.0,,,,
ETH,2024-06-22,1719043200,1721376000,27.0,3492.74163774269,3515.8220920026465,3515.8220920026465,0.5999419295796047,0.0,0.0,228.61253563665483,228.61253563665505,47.0,50.0,81.0,1024.7420370628502,1024.7420370628502,1718150607,1718150607,849.9101882653213,849.9101882653213,1718150487.0,1718150487.0,,,,
ETH,2024-06-23,1719129600,1721980800,33.0,3510.495951798018,3539.6524219722123,3539.6524219722123,0.6123376462267092,0.0,0.0,259.6325167751299,259.6325167751299,48.0,49.0,48.0,1023.9923153652104,1023.9923153652104,1718150607,1718150607,871.3687409411888,871.3687409411888,1718150487.0,1718150487.0,,,,
ETH,2024-06-24,1719216000,1721980800,32.0,3367.420386520279,3391.6030397082245,3391.6030397082245,0.6275413816827117,0.0,0.0,251.0507973870203,251.0507973870201,47.0,50.0,50.0,986.043462768138,986.043462768138,1718150607,1718150607,838.9036418627595,838.9036418627595,1718150487.0,1718150487.0,,,,
ETH,2024-06-25,1719302400,1721980800,31.0,3358.1602810412014,3384.397601531027,3384.397601531027,0.6066004259076725,0.0,0.0,238.37644865312183,238.37644865312183,41.0,50.0,83.0,981.210763822535,981.210763822535,1718150607,1718150607,825.4681094155717,825.4681094155717,1718150487.0,1718150487.0,,,,
ETH,2024-06-26,1719388800,1721980800,30.0,3401.498897638891,3426.6451097401396,3426.6451097401396,0.5832040715113573,0.0,0.0,228.3012542496324,228.3012542496324,47.0,50.0,84.0,995.3034571904186,995.3034571904186,1718150607,1718150607,824.1829355104744,824.1829355104744,1718150487.0,1718150487.0,,,,
ETH,2024-06-27,1719475200,1721980800,29.0,3373.578518557029,3396.90773916743,3396.90773916743,0.548811548374483,0.0,0.0,209.42897224644273,209.42897224644273,45.0,49.0,49.0,988.7443349567076,988.7443349567076,1718150607,1718150607,804.708763256114,804.708763256114,1718150487.0,1718150487.0,,,,
ETH,2024-06-28,1719561600,1721980800,28.0,3429.901660002799,3455.327782736108,3455.327782736108,0.5610151140057179,0.0,0.0,213.97830024554216,213.97830024554216,38.0,49.0,60.0,1003.5443752675304,1003.5443752675304,1718150607,1718150607,822.1294472846009,822.1294472846009,1718150487.0,1718150487.0,,,,
ETH,2024-06-29,1719648000,1721980800,27.0,3395.7386415961746,3417.437230541379,3417.437230541379,0.5237245105003928,0.0,0.0,194.03582902701493,194.03582902701493,45.0,49.0,50.0,997.023003533648,997.023003533648,1718150607,1718150607,801.907180585032,801.907180585032,1718150487.0,1718150487.0,,,,
ETH,2024-06-30,1719734400,1721980800,26.0,3388.3147307208133,3409.5129646988516,3409.5129646988516,0.525376756629856,0.0,0.0,190.5714481568194,190.57144815681957,35.0,49.0,54.0,995.2961852382056,995.2961852382056,1718150607,1718150607,800.5676545674299,800.5676545674299,1718150487.0,1718150487.0,,,,
ETH,2024-07-01,1719820800,1721980800,25.0,3487.353388953053,3513.596678295265,3513.596678295265,0.5354589727268411,0.0,0.0,196.27116450713183,196.27116450713183,31.0,49.0,57.0,1019.9627273437038,1019.9627273437038,1718150607,1718150607,827.5830303814225,827.5830303814225,1718150487.0,1718150487.0,,,,
ETH,2024-07-02,1719907200,1721980800,24.0,3435.8769912653015,3457.0651956615334,3457.0651956615334,0.529085635856174,0.0,0.0,186.96909308505428,186.96909308505408,47.0,50.0,60.0,1009.5748929833584,1009.5748929833584,1718150607,1718150607,812.9657461264817,812.9657461264817,1718150487.0,1718150487.0,,,,
ETH,2024-07-03,1719993600,1721980800,23.0,3350.7029926054315,3367.9249965777526,3367.9249965777526,0.4854866575135672,0.0,0.0,163.64342833605542,163.6434283360556,46.0,49.0,58.0,987.9888938093084,987.9888938093084,1718150607,1718150607,783.7691788521158,783.7691788521158,1718150487.0,1718150487.0,,,,
ETH,2024-07-04,1720080000,1721980800,22.0,3180.0236723013786,3190.8160983246853,3190.8160983246853,0.5425928067963326,0.0,0.0,169.44539383024383,169.445393830244,45.0,50.0,48.0,943.2146756671068,943.2146756671068,1718150607,1718150607,754.2093496581285,754.2093496581285,1718150487.0,1718150487.0,,,,
ETH,2024-07-05,1720166400,1721980800,21.0,2880.36383118256,2891.4297117942833,2891.4297117942833,0.6442091629699237,0.0,0.0,178.06596632791056,178.06596632791056,45.0,50.0,60.0,853.0432687430443,853.0432687430443,1718150607,1718150607,708.2501416534099,708.2501416534099,1718150487.0,1718150487.0,,,,
ETH,2024-07-06,1720252800,1722585600,27.0,3005.7979001690915,3021.522687461257,3021.522687461257,0.6015539737466521,0.0,0.0,196.9979938550311,196.9979938550311,46.0,50.0,53.0,886.0145827585617,886.0145827585617,1718150607,1718150607,731.1398054905459,731.1398054905459,1718150487.0,1718150487.0,,,,
ETH,2024-07-07,1720339200,1722585600,26.0,3005.5537062920444,3020.084082858495,3020.084082858495,0.5932708485774926,0.0,0.0,190.57628210989216,190.57628210989216,45.0,50.0,61.0,887.1357353211624,887.1357353211624,1718150607,1718150607,727.655590775435,727.655590775435,1718150487.0,1718150487.0,,,,
ETH,2024-07-08,1720425600,1722585600,25.0,2928.3532946912687,2943.883382306574,2943.883382306574,0.6324134328295459,0.0,0.0,194.16003800085176,194.16003800085176,44.0,50.0,60.0,862.975900792076,862.975900792076,1718150607,1718150607,720.610284074501,720.610284074501,1718150487.0,1718150487.0,,,,
ETH,2024-07-09,1720512000,1722585600,24.0,3061.4747484244967,3076.790038295453,3076.790038295453,0.6382735879094258,0.0,0.0,200.67324298828964,200.67324298828964,45.0,50.0,62.0,903.1271346563926,903.1271346563926,1718150607,1718150607,754.23572351087,754.23572351087,1718150487.0,1718150487.0,,,,
ETH,2024-07-10,1720598400,1722585600,23.0,3098.1174632082293,3114.4479691874967,3114.4479691874967,0.6084971346581439,0.0,0.0,189.60296582486075,189.60296582486097,39.0,49.0,60.0,913.1047329832012,913.1047329832012,1718150607,1718150607,753.2452747710043,753.2452747710043,1718150487.0,1718150487.0,,,,
ETH,2024-07-11,1720684800,1722585600,22.0,3119.4378392162507,3135.416416712761,3135.416416712761,0.5804721786913462,0.0,0.0,178.1083287837458,178.10832878374595,46.0,50.0,56.0,919.8527742683648,919.8527742683648,1718150607,1718150607,750.0177187394094,750.0177187394094,1718150487.0,1718150487.0,,,,
ETH,2024-07-12,1720771200,1722585600,21.0,3071.512825894903,3084.3830021255003,3084.3830021255003,0.5705229665136404,0.0,0.0,168.2580841830573,168.25808418305746,47.0,49.0,56.0,908.5836715378736,908.5836715378736,1718150607,1718150607,735.3443870923775,735.3443870923775,1718150487.0,1718150487.0,,,,
ETH,2024-07-13,1720857600,1723190400,27.0,3141.6458922290726,3160.267495814367,3160.267495814367,0.5545870251525119,0.0,0.0,189.98858951545245,189.98858951545245,12.0,49.0,30.0,923.8721640834274,923.8721640834274,1718150607,1718150607,749.9440469800204,749.9440469800204,1718150487.0,1718150487.0,,,,
ETH,2024-07-14,1720944000,1723190400,26.0,3197.58648620507,3218.581737846632,3218.581737846632,0.570693356186701,0.0,0.0,195.3880565409687,195.3880565409685,46.0,50.0,61.0,938.2806942199592,938.2806942199592,1718150607,1718150607,768.1451057861748,768.1451057861748,1718150487.0,1718150487.0,,,,
ETH,2024-07-15,1721030400,1723190400,25.0,3359.603227183933,3385.6478824853575,3385.6478824853575,0.5959692846364393,0.0,0.0,210.45500757837212,210.45500757837195,46.0,49.0,60.0,981.8363128537552,981.8363128537552,1718150607,1718150607,815.5421489892292,815.5421489892292,1718150487.0,1718150487.0,,,,
ETH,2024-07-16,1721116800,1723190400,24.0,3380.444596417061,3403.033053534501,3403.033053534501,0.6138691594196627,0.0,0.0,213.4828762242039,213.4828762242039,46.0,50.0,60.0,991.544921807678,991.544921807678,1718150607,1718150607,825.2966020268814,825.2966020268814,1718150487.0,1718150487.0,,,,
ETH,2024-07-17,1721203200,1723190400,23.0,3489.2034426075315,3516.882037785803,3516.882037785803,0.6645117168456224,0.0,0.0,233.767812826903,233.767812826903,45.0,50.0,56.0,1019.0824376039882,1019.0824376039882,1718150607,1718150607,870.4880966919814,870.4880966919814,1718150487.0,1718150487.0,,,,
ETH,2024-07-18,1721289600,1723190400,22.0,3435.162720161084,3458.228756889386,3458.228756889386,0.6283120986881777,0.0,0.0,212.60511320829625,212.6051132082964,46.0,49.0,47.0,1007.4827793200232,1007.4827793200232,1718150607,1718150607,842.0594685863794,842.0594685863794,1718150487.0,1718150487.0,,,,
ETH,2024-07-19,1721376000,1723190400,21.0,3391.5791301320883,3414.4907550663197,3414.4907550663197,0.6112384846560028,0.0,0.0,199.53591531780057,199.53591531780057,45.0,49.0,57.0,994.562114105395,994.562114105395,1718150607,1718150607,825.2365093076576,825.2365093076576,1718150487.0,1718150487.0,,,,
ETH,2024-07-20,1721462400,1723795200,27.0,3491.893091738802,3524.1470848375698,3524.1470848375698,0.632800729392098,0.0,0.0,241.67446233859775,241.67446233859755,44.0,50.0,76.0,1015.3139344228728,1015.3139344228728,1718150607,1718150607,864.2188647094556,864.2188647094556,1718150487.0,1718150487.0,,,,
ETH,2024-07-21,1721548800,1723795200,26.0,3487.267391673793,3516.181003516275,3516.181003516275,0.6511978652564866,0.0,0.0,243.4939426145426,243.4939426145428,44.0,49.0,60.0,1017.266605659656,1017.266605659656,1718150607,1718150607,868.7331389466772,868.7331389466772,1718150487.0,1718150487.0,,,,
ETH,2024-07-22,1721635200,1723795200,25.0,3480.2529346746855,3508.4420675955603,3508.4420675955603,0.6724844143997691,0.0,0.0,246.0197363777856,246.01973637778585,46.0,49.0,40.0,1015.886747481531,1015.886747481531,1718150607,1718150607,874.2789030422376,874.2789030422376,1718150487.0,1718150487.0,,,,
ETH,2024-07-23,1721721600,1723795200,24.0,3453.315949130362,3478.6919998922544,3478.6919998922544,0.6731954689787116,0.0,0.0,239.26956231128992,239.26956231129012,46.0,49.0,57.0,1010.6187339772158,1010.6187339772158,1718150607,1718150607,865.8810379914497,865.8810379914497,1718150487.0,1718150487.0,,,,
ETH,2024-07-24,1721808000,1723795200,23.0,3447.0367703509637,3467.5694207126335,3467.5694207126335,0.6188656502295696,0.0,0.0,214.69036385503907,214.69036385503907,46.0,50.0,51.0,1013.5783807436192,1013.5783807436192,1718150607,1718150607,842.0328801784945,842.0328801784945,1718150487.0,1718150487.0,,,,
ETH,2024-07-25,1721894400,1725004800,36.0,3171.679645836108,3201.0242995511203,3201.0242995511203,0.6262695364411155,0.0,0.0,250.7642266713156,250.76422667131575,46.0,50.0,63.0,922.1592400358204,922.1592400358204,1718150607,1718150607,801.8351530208579,801.8351530208579,1718150487.0,1718150487.0,,,,
ETH,2024-07-26,1721980800,1725004800,35.0,3249.99993076787,3281.012840607501,3281.012840607501,0.6320319502792472,0.0,0.0,255.7713600413583,255.7713600413583,27.0,49.0,47.0,943.98706939073,943.98706939073,1718150607,1718150607,821.6545518062626,821.6545518062626,1718150487.0,1718150487.0,,,,
ETH,2024-07-27,1722067200,1724400000,27.0,3273.6110373131387,3299.639236904669,3299.639236904669,0.6086744568055826,0.0,0.0,217.67139242174952,217.67139242174952,46.0,50.0,53.0,956.0551116024116,956.0551116024116,1718150607,1718150607,800.5101630265807,800.5101630265807,1718150487.0,1718150487.0,,,,
ETH,2024-07-28,1722153600,1725004800,33.0,3228.3829964374527,3259.0297727892334,3259.0297727892334,0.5706614071384332,0.0,0.0,222.82038067322665,222.82038067322665,16.0,20.0,28.0,937.8681225794552,937.8681225794552,1718150607,1718150607,785.4917971081588,785.4917971081588,1718150487.0,1718150487.0,,,,
ETH,2024-07-29,1722240000,1725004800,32.0,3368.0499600952267,3403.0651921629205,3403.0651921629205,0.5947626548589356,0.0,0.0,238.77655011766177,238.77655011766177,46.0,50.0,60.0,975.399755960874,975.399755960874,1718150607,1718150607,827.3568386547386,827.3568386547386,1718150487.0,1718150487.0,,,,
ETH,2024-07-30,1722326400,1725004800,31.0,3340.7492791872146,3373.042774534571,3373.042774534571,0.5225745164594838,0.0,0.0,204.73637961725015,204.73637961725015,46.0,49.0,63.0,969.931288408808,969.931288408808,1718150607,1718150607,792.2638638579405,792.2638638579405,1718150487.0,1718150487.0,,,,
ETH,2024-07-31,1722412800,1725004800,30.0,3317.4638200613313,3348.0922256653703,3348.0922256653703,0.5175404794681883,0.0,0.0,198.0011762203118,198.0011762203118,46.0,50.0,46.0,964.6107404143604,964.6107404143604,1718150607,1718150607,783.5048186167896,783.5048186167896,1718150487.0,1718150487.0,,,,
ETH,2024-08-01,1722499200,1725004800,29.0,3166.295075862322,3190.7218445984263,3190.7218445984263,0.5073150726733592,0.0,0.0,181.86931987392728,181.86931987392708,46.0,49.0,64.0,925.4617540225923,925.4617540225923,1718150607,1718150607,744.2603737749233,744.2603737749233,1718150487.0,1718150487.0,,,,
ETH,2024-08-02,1722585600,1725004800,28.0,3145.6002647735186,3168.4921747967205,3168.4921747967205,0.5010614181086741,0.0,0.0,175.28221363121486,175.28221363121486,52.0,49.0,65.0,920.7881694088536,920.7881694088536,1718150607,1718150607,737.7907801926867,737.7907801926867,1718150487.0,1718150487.0,,,,
ETH,2024-08-03,1722672000,1725004800,27.0,2982.3225733907134,3003.70188263312,3003.70188263312,0.5375027357741808,0.0,0.0,175.02352706156023,175.02352706156023,15.0,19.0,32.0,873.3174627748074,873.3174627748074,1718150607,1718150607,708.098594100006,708.098594100006,1718150487.0,1718150487.0,,,,
ETH,2024-08-04,1722758400,1725004800,26.0,2892.6214823520704,2910.1245150500363,2910.1245150500363,0.5746955082962645,0.0,0.0,177.89925269422451,177.89925269422451,44.0,50.0,51.0,850.2834120076552,850.2834120076552,1718150607,1718150607,695.6998197290322,695.6998197290322,1718150487.0,1718150487.0,,,,
ETH,2024-08-05,1722844800,1725004800,25.0,2357.6369449320587,2363.5645129386035,2363.5645129386035,0.7935415585712169,0.0,0.0,195.47483699491653,195.47483699491667,41.0,20.0,34.0,701.3635154730728,701.3635154730728,1718150607,1718150607,626.6528290806339,626.6528290806339,1718150487.0,1718150487.0,,,,
ETH,2024-08-06,1722931200,1725004800,24.0,2526.042247197555,2532.5886752470483,2532.5886752470483,0.6906713105018251,0.0,0.0,178.7055492538101,178.70554925380995,49.0,49.0,65.0,751.2662461097729,751.2662461097729,1718150607,1718150607,636.1720900541802,636.1720900541802,1718150487.0,1718150487.0,,,,
ETH,2024-08-07,1723017600,1725004800,23.0,2511.763502104946,2520.557355474907,2520.557355474907,0.6619335545108496,0.0,0.0,166.89339370103923,166.89339370103923,48.0,50.0,53.0,744.7351972615224,744.7351972615224,1718150607,1718150607,623.7175241574914,623.7175241574914,1718150487.0,1718150487.0,,,,
ETH,2024-08-08,1723104000,1725004800,22.0,2413.8533743766025,2421.4539150375076,2421.4539150375076,0.7171920469000834,0.0,0.0,169.8736125320694,169.8736125320694,48.0,49.0,63.0,716.5554716520755,716.5554716520755,1718150607,1718150607,613.4584690343348,613.4584690343348,1718150487.0,1718150487.0,,,,
ETH,2024-08-09,1723190400,1725004800,21.0,2669.452970915973,2678.519459730179,2678.519459730179,0.6531958403892579,0.0,0.0,167.25051783248426,167.25051783248426,48.0,49.0,63.0,791.7694024605859,791.7694024605859,1718150607,1718150607,658.5668419527865,658.5668419527865,1718150487.0,1718150487.0,,,,
ETH,2024-08-10,1723276800,1725609600,27.0,2635.4522105684,2647.208183522538,2647.208183522538,0.6725863662072873,0.0,0.0,192.9196536119073,192.91965361190745,49.0,50.0,54.0,778.879690216382,778.879690216382,1718150607,1718150607,662.3459657188862,662.3459657188862,1718150487.0,1718150487.0,,,,
ETH,2024-08-11,1723363200,1725609600,26.0,2678.793565255482,2691.4357704277268,2691.4357704277268,0.6716901677701653,0.0,0.0,192.23040202582993,192.2304020258298,48.0,49.0,74.0,790.9958644043999,790.9958644043999,1718150607,1718150607,671.975014992588,671.975014992588,1718150487.0,1718150487.0,,,,
ETH,2024-08-12,1723449600,1725609600,25.0,2570.378271897827,2579.835083782194,2579.835083782194,0.6997619544810835,0.0,0.0,188.22154888965076,188.22154888965065,49.0,49.0,51.0,761.6566696849808,761.6566696849808,1718150607,1718150607,651.9539341479802,651.9539341479802,1718150487.0,1718150487.0,,,,
ETH,2024-08-13,1723536000,1725609600,24.0,2649.528661828401,2658.2393753793253,2658.2393753793253,0.6879274753403862,0.0,0.0,186.82853129860607,186.8285312986062,51.0,50.0,60.0,786.1478849975957,786.1478849975957,1718150607,1718150607,666.7764230826446,666.7764230826446,1718150487.0,1718150487.0,,,,
ETH,2024-08-14,1723622400,1725609600,23.0,2728.9921558021597,2738.6971384129033,2738.6971384129033,0.6709683129629989,0.0,0.0,183.80633045173428,183.80633045173428,48.0,49.0,50.0,808.9926641299041,808.9926641299041,1718150607,1718150607,680.4316294695143,680.4316294695143,1718150487.0,1718150487.0,,,,
ETH,2024-08-15,1723708800,1725609600,22.0,2615.441462823227,2622.30080324881,2622.30080324881,0.648112806085105,0.0,0.0,166.28387320319433,166.28387320319433,47.0,50.0,48.0,777.773098421385,777.773098421385,1718150607,1718150607,644.2787142742472,644.2787142742472,1718150487.0,1718150487.0,,,,
ETH,2024-08-16,1723795200,1725609600,21.0,2617.861567637824,2625.0060725749036,2625.0060725749036,0.6071407713430212,0.0,0.0,152.37346746719982,152.37346746719982,29.0,30.0,36.0,778.2139653542677,778.2139653542677,1718150607,1718150607,633.9912718277141,633.9912718277141,1718150487.0,1718150487.0,,,,
ETH,2024-08-17,1723881600,1726214400,27.0,2601.1310355202286,2624.237512309853,2624.237512309853,0.604611565608262,0.0,0.0,171.9633914047343,171.96339140473415,31.0,30.0,57.0,757.2328338664438,757.2328338664438,1718150607,1718150607,635.3877286996125,635.3877286996125,1718150487.0,1718150487.0,,,,
ETH,2024-08-18,1723968000,1726214400,26.0,2607.6055788180415,2626.0749650893895,2626.0749650893895,0.6168086273596013,0.0,0.0,172.27318523203738,172.27318523203738,170.0,169.0,97.0,763.8122873740645,763.8122873740645,1718150607,1718150607,638.8678057887814,638.8678057887814,1718150487.0,1718150487.0,,,,
ETH,2024-08-19,1724054400,1726214400,25.0,2615.251439990234,2627.411461190873,2627.411461190873,0.6209897785929892,0.0,0.0,170.16429267128115,170.16429267128115,46.0,49.0,58.0,772.4154107964309,772.4154107964309,1718150607,1718150607,640.0126596890209,640.0126596890209,1718150487.0,1718150487.0,,,,
ETH,2024-08-20,1724140800,1726214400,24.0,2675.3504500049235,2704.7107040534092,2704.7107040534092,0.5742661414440697,0.0,0.0,158.7490142521361,158.7490142521361,51.0,50.0,74.0,773.2448809529913,773.2448809529913,1718150607,1718150607,645.2257563076064,645.2257563076064,1718150487.0,1718150487.0,,,,
ETH,2024-08-21,1724227200,1726214400,23.0,2601.431746383455,2609.036772085338,2609.036772085338,0.5571752115664274,0.0,0.0,145.46069668018526,145.4606966801854,50.0,49.0,62.0,772.824498213154,772.824498213154,1718150607,1718150607,619.5493302056259,619.5493302056259,1718150487.0,1718150487.0,,,,
ETH,2024-08-22,1724313600,1727424000,36.0,2637.306943285442,2651.4179603509247,2651.4179603509247,0.545964400895299,0.0,0.0,181.1447136757747,181.14471367577488,17.0,20.0,35.0,777.0810659201495,777.0810659201495,1718150607,1718150607,636.8345968134114,636.8345968134114,1718150487.0,1718150487.0,,,,
ETH,2024-08-23,1724400000,1727424000,35.0,2669.645721374577,2683.9129445864764,2683.9129445864764,0.5172653950724146,0.0,0.0,171.32290491963673,171.32290491963656,17.0,14.0,18.0,786.6264932004736,786.6264932004736,1718150607,1718150607,634.6144273271831,634.6144273271831,1718150487.0,1718150487.0,,,,
ETH,2024-08-24,1724486400,1726819200,27.0,2760.9991461141167,2770.2481704200936,2770.2481704200936,0.539556655697141,0.0,0.0,162.03606855294325,162.03606855294325,51.0,49.0,55.0,819.0507195282582,819.0507195282582,1718150607,1718150607,654.0710037537633,654.0710037537633,1718150487.0,1718150487.0,,,,
ETH,2024-08-25,1724572800,1727424000,33.0,2744.292185225566,2755.5744167818953,2755.5744167818953,0.5213731041209356,0.0,0.0,172.1618133955634,172.1618133955634,51.0,49.0,61.0,812.0054240113402,812.0054240113402,1718150607,1718150607,650.2478143794013,650.2478143794013,1718150487.0,1718150487.0,,,,
ETH,2024-08-26,1724659200,1727424000,32.0,2735.644092946757,2746.131339693655,2746.131339693655,0.5244097953668835,0.0,0.0,169.93960764388217,169.93960764388234,50.0,49.0,54.0,810.2059811371296,810.2059811371296,1718150607,1718150607,647.5614934405819,647.5614934405819,1718150487.0,1718150487.0,,,,
ETH,2024-08-27,1724745600,1727424000,31.0,2688.667545148045,2699.938380824967,2699.938380824967,0.4997848951096226,0.0,0.0,156.74644651560988,156.74644651560988,48.0,50.0,66.0,795.3294278674913,795.3294278674913,1718150607,1718150607,629.5590502373665,629.5590502373665,1718150487.0,1718150487.0,,,,
ETH,2024-08-28,1724832000,1727424000,30.0,2437.4074847602424,2444.4004643520366,2444.4004643520366,0.540642505416572,0.0,0.0,150.99836587738838,150.99836587738827,48.0,51.0,57.0,724.2292658362785,724.2292658362785,1718150607,1718150607,577.8789567460115,577.8789567460115,1718150487.0,1718150487.0,,,,
ETH,2024-08-29,1724918400,1727424000,29.0,2549.072164521478,2557.0820984126426,2557.0820984126426,0.5264100276048126,0.0,0.0,151.22834435418372,151.22834435418386,49.0,50.0,62.0,756.7117154652789,756.7117154652789,1718150607,1718150607,601.052176151366,601.052176151366,1718150487.0,1718150487.0,,,,
ETH,2024-08-30,1725004800,1727424000,28.0,2518.5481151672875,2528.125616372622,2528.125616372622,0.5424973481908761,0.0,0.0,151.4016237165239,151.4016237165239,44.0,49.0,63.0,745.9869333448516,745.9869333448516,1718150607,1718150607,597.6231322794537,597.6231322794537,1718150487.0,1718150487.0,,,,
ETH,2024-08-31,1725091200,1727424000,27.0,2521.879492962763,2531.3357782270004,2531.3357782270004,0.5225209112336319,0.0,0.0,143.39486588694197,143.3948658869421,16.0,50.0,33.0,747.1075626245913,747.1075626245913,1718150607,1718150607,594.0724463433017,594.0724463433017,1718150487.0,1718150487.0,,,,
ETH,2024-09-01,1725177600,1727424000,26.0,2484.9175582951493,2492.8571768038646,2492.8571768038646,0.5256153451256302,0.0,0.0,139.39902714721026,139.39902714721026,49.0,49.0,60.0,737.5356489798294,737.5356489798294,1718150607,1718150607,585.7567443723021,585.7567443723021,1718150487.0,1718150487.0,,,,
ETH,2024-09-02,1725264000,1727424000,25.0,2439.712717380713,2446.81509863077,2446.81509863077,0.5493050278606014,0.0,0.0,140.2085550257211,140.20855502572124,45.0,49.0,56.0,724.8114339641568,724.8114339641568,1718150607,1718150607,579.5943597848693,579.5943597848693,1718150487.0,1718150487.0,,,,
ETH,2024-09-03,1725350400,1727424000,24.0,2520.802363260829,2529.212914524314,2529.212914524314,0.5532771054134268,0.0,0.0,143.032008071768,143.032008071768,48.0,50.0,67.0,747.830157714764,747.830157714764,1718150607,1718150607,599.8077639691453,599.8077639691453,1718150487.0,1718150487.0,,,,
ETH,2024-09-04,1725436800,1727424000,23.0,2401.563121986425,2408.4993889302823,2408.4993889302823,0.6242128399154359,0.0,0.0,150.4051387176827,150.40513871768283,49.0,49.0,54.0,713.53266965207,713.53266965207,1718150607,1718150607,586.5066334455922,586.5066334455922,1718150487.0,1718150487.0,,,,
ETH,2024-09-05,1725523200,1727424000,22.0,2412.7535899543536,2419.2806057782063,2419.2806057782063,0.5985386908058276,0.0,0.0,141.69771546763033,141.6977154676302,38.0,39.0,38.0,717.2990611624533,717.2990611624533,1718150607,1718150607,582.7939209120559,582.7939209120559,1718150487.0,1718150487.0,,,,
ETH,2024-09-06,1725609600,1727424000,21.0,2345.393410314891,2351.546779494229,2351.546779494229,0.6426171460401632,0.0,0.0,144.46061071318715,144.46061071318726,47.0,50.0,61.0,697.4646539151288,697.4646539151288,1718150607,1718150607,575.7794530225822,575.7794530225822,1718150487.0,1718150487.0,,,,
ETH,2024-09-07,1725696000,1728028800,27.0,2290.018419010448,2298.8440228317822,2298.8440228317822,0.6433109329482165,0.0,0.0,160.25894015021825,160.25894015021825,49.0,49.0,102.0,678.1799218818,678.1799218818,1718150607,1718150607,567.1481484366445,567.1481484366445,1718150487.0,1718150487.0,,,,
ETH,2024-09-08,1725782400,1728028800,26.0,2295.059000836649,2303.8846046579833,2303.8846046579833,0.6428073213809344,0.0,0.0,157.49235926778292,157.49235926778292,27.0,50.0,73.0,679.6920964296601,679.6920964296601,1718150607,1718150607,567.4944710486986,567.4944710486986,1718150487.0,1718150487.0,,,,
ETH,2024-09-09,1725868800,1728028800,25.0,2314.3751523785004,2322.8758836829165,2322.8758836829165,0.6364235520453484,0.0,0.0,154.1715035569814,154.17150355698152,49.0,50.0,53.0,685.811814409134,685.811814409134,1718150607,1718150607,569.803119455386,569.803119455386,1718150487.0,1718150487.0,,,,
ETH,2024-09-10,1725955200,1728028800,24.0,2362.5182720167845,2372.9835815823126,2372.9835815823126,0.6259914157198466,0.0,0.0,151.79808952159928,151.79808952159928,49.0,50.0,66.0,698.2901720395073,698.2901720395073,1718150607,1718150607,578.6977494304185,578.6977494304185,1718150487.0,1718150487.0,,,,
ETH,2024-09-11,1726041600,1728028800,23.0,2342.2927253901316,2350.3252257974045,2350.3252257974045,0.5738086196078892,0.0,0.0,134.94203947094954,134.94203947094954,15.0,50.0,24.0,694.6553172097665,694.6553172097665,1718150607,1718150607,561.2671869711944,561.2671869711944,1718150487.0,1718150487.0,,,,
ETH,2024-09-12,1726128000,1728028800,22.0,2358.301923757003,2366.966917224365,2366.966917224365,0.5786372796763145,0.0,0.0,134.03200297560565,134.03200297560554,45.0,49.0,52.0,698.8255836597389,698.8255836597389,1718150607,1718150607,566.0052559687692,566.0052559687692,1718150487.0,1718150487.0,,,,
ETH,2024-09-13,1726214400,1728028800,21.0,2349.470894254635,2357.3376214973086,2357.3376214973086,0.5859262684152436,0.0,0.0,132.06286944761632,132.06286944761632,39.0,49.0,61.0,696.9745410337167,696.9745410337167,1718150607,1718150607,564.9972675135322,564.9972675135322,1718150487.0,1718150487.0,,,,
ETH,2024-09-14,1726300800,1728633600,27.0,2421.7559104983043,2431.123583993669,2431.123583993669,0.5797671879377848,0.0,0.0,152.77645716823568,152.77645716823554,44.0,49.0,51.0,717.1590996541267,717.1590996541267,1718150607,1718150607,582.9962100409908,582.9962100409908,1718150487.0,1718150487.0,,,,
ETH,2024-09-15,1726387200,1728633600,26.0,2423.569507694661,2432.269584992326,2432.269584992326,0.5814127765186221,0.0,0.0,150.4218852373917,150.4218852373917,44.0,49.0,52.0,718.3707750107328,718.3707750107328,1718150607,1718150607,583.3267829189774,583.3267829189774,1718150487.0,1718150487.0,,,,
ETH,2024-09-16,1726473600,1728633600,25.0,2310.8466972917404,2316.876235780026,2316.876235780026,0.6029226602812212,0.0,0.0,145.69602936117,145.69602936117,45.0,50.0,44.0,687.2244706992365,687.2244706992365,1718150607,1718150607,560.2871977572884,560.2871977572884,1718150487.0,1718150487.0,,,,
ETH,2024-09-17,1726560000,1728633600,24.0,2309.7438085394083,2317.6424203660945,2317.6424203660945,0.5950236299541638,0.0,0.0,140.93822344477428,140.93822344477417,44.0,49.0,53.0,685.0245307351362,685.0245307351362,1718150607,1718150607,558.1687476398725,558.1687476398725,1718150487.0,1718150487.0,,,,
ETH,2024-09-18,1726646400,1728633600,23.0,2331.262030357913,2338.0820769326037,2338.0820769326037,0.5828471704275601,0.0,0.0,136.34988392756793,136.34988392756807,47.0,50.0,64.0,692.5585625326829,692.5585625326829,1718150607,1718150607,560.230507259521,560.230507259521,1718150487.0,1718150487.0,,,,
ETH,2024-09-19,1726732800,1729843200,36.0,2438.414579814452,2451.948087186633,2451.948087186633,0.5578281662884349,0.0,0.0,171.147873228333,171.147873228333,43.0,50.0,57.0,717.9908665721543,717.9908665721543,1718150607,1718150607,592.4073964737577,592.4073964737577,1718150487.0,1718150487.0,,,,
ETH,2024-09-20,1726819200,1729843200,35.0,2560.6327564186504,2574.853816048042,2574.853816048042,0.5893783381729197,0.0,0.0,187.21558039907728,187.21558039907728,43.0,40.0,59.0,753.9687672962035,753.9687672962035,1718150607,1718150607,630.5691981543773,630.5691981543773,1718150487.0,1718150487.0,,,,
ETH,2024-09-21,1726905600,1729238400,27.0,2556.4721370972093,2568.131229681915,2568.131229681915,0.5647697494571084,0.0,0.0,157.219844618819,157.219844618819,44.0,50.0,59.0,755.2825485444569,755.2825485444569,1718150607,1718150607,612.0269891695398,612.0269891695398,1718150487.0,1718150487.0,,,,
ETH,2024-09-22,1726992000,1729843200,33.0,2588.175573896247,2601.376735056525,2601.376735056525,0.572212325557494,0.0,0.0,178.33871955565564,178.33871955565564,45.0,50.0,52.0,763.251511008596,763.251511008596,1718150607,1718150607,628.0167016382087,628.0167016382087,1718150487.0,1718150487.0,,,,
ETH,2024-09-23,1727078400,1729843200,32.0,2646.1626851502792,2660.4903930265714,2660.4903930265714,0.5693744706197992,0.0,0.0,178.7245616129611,178.72456161296094,33.0,39.0,45.0,779.5210976687918,779.5210976687918,1718150607,1718150607,639.6416804268044,639.6416804268044,1718150487.0,1718150487.0,,,,
ETH,2024-09-24,1727164800,1729843200,31.0,2646.9184593676437,2658.3502181387703,2658.3502181387703,0.5599462390197325,0.0,0.0,172.8706824990453,172.8706824990453,43.0,40.0,52.0,782.6437790391665,782.6437790391665,1718150607,1718150607,634.8861841376493,634.8861841376493,1718150487.0,1718150487.0,,,,
ETH,2024-09-25,1727251200,1729843200,30.0,2622.0844782026043,2632.600894171106,2632.600894171106,0.549954915644182,0.0,0.0,165.41950713689653,165.41950713689653,17.0,49.0,36.0,776.1089274922792,776.1089274922792,1718150607,1718150607,624.5800094741312,624.5800094741312,1727239635.0,1718150487.0,,,,
ETH,2024-09-26,1727337600,1729843200,29.0,2630.566235027674,2641.5017642543853,2641.5017642543853,0.5224989874172576,0.0,0.0,155.06244376022596,155.06244376022596,45.0,50.0,54.0,778.2343412815908,778.2343412815908,1718150607,1718150607,619.8802279000034,619.8802279000034,1727239635.0,1727239635.0,,,,
ETH,2024-09-27,1727424000,1729843200,28.0,2659.988102561107,2669.229611908819,2669.229611908819,0.5363986181610438,0.0,0.0,158.05817958069306,158.0581795806932,44.0,49.0,46.0,788.7549214206201,788.7549214206201,1718150607,1718150607,629.5839781278958,629.5839781278958,1727239635.0,1727239635.0,,,,
ETH,2024-09-28,1727510400,1729843200,27.0,2679.023896910797,2692.358910123899,2692.358910123899,0.5310051847751083,0.0,0.0,154.9886615878862,154.9886615878862,32.0,29.0,38.0,790.3721558601367,790.3721558601367,1718150607,1718150607,633.534920410226,633.534920410226,1727239635.0,1727239635.0,,,,
ETH,2024-09-29,1727596800,1729843200,26.0,2640.9488383369708,2654.792645487066,2654.792645487066,0.5323728310678646,0.0,0.0,150.35974831632956,150.3597483163297,44.0,50.0,50.0,778.440844350996,778.440844350996,1718150607,1718150607,624.9407896711123,624.9407896711123,1727239635.0,1727239635.0,,,,
ETH,2024-09-30,1727683200,1729843200,25.0,2638.6305764804365,2650.077648728872,2650.077648728872,0.5382310432618892,0.0,0.0,148.79969679759822,148.79969679759836,45.0,50.0,21.0,780.1421006956951,780.1421006956951,1718150607,1718150607,625.1834772545805,625.1834772545805,1727239635.0,1727239635.0,,,,
ETH,2024-10-01,1727769600,1729843200,24.0,2645.381047823039,2657.7517822668124,2657.7517822668124,0.5518352155023782,0.0,0.0,149.91009178215322,149.91009178215336,44.0,49.0,47.0,781.2435799031383,781.2435799031383,1718150607,1718150607,629.804529846921,629.804529846921,1727239635.0,1727239635.0,,,,
ETH,2024-10-02,1727856000,1729843200,23.0,2483.44415895828,2491.7336754101484,2491.7336754101484,0.5600257244729616,0.0,0.0,139.63029185223354,139.63029185223368,45.0,49.0,61.0,736.7437312356159,736.7437312356159,1718150607,1718150607,592.2090579031376,592.2090579031376,1727239635.0,1727239635.0,,,,
ETH,2024-10-03,1727942400,1731052800,36.0,2365.6232433927257,2379.2064857766704,2379.2064857766704,0.6272477035474703,0.0,0.0,186.67422327442517,186.6742232744253,46.0,49.0,53.0,696.103730633873,696.103730633873,1718150607,1718150607,596.7161585611715,596.7161585611715,1727239635.0,1727239635.0,,,,
ETH,2024-10-04,1728028800,1731052800,35.0,2381.5663689627095,2396.4504728859342,2396.4504728859342,0.6393256189526145,0.0,0.0,188.964161988973,188.964161988973,106.0,110.0,118.0,699.5858067655882,699.5858067655882,1718150607,1718150607,602.9785559826246,602.9785559826246,1727239635.0,1727239635.0,,,,
ETH,2024-10-05,1728115200,1730448000,27.0,2416.5247742308884,2427.6425457110977,2427.6425457110977,0.5940258288954855,0.0,0.0,156.30160957007453,156.3016095700744,36.0,39.0,50.0,713.8396607890572,713.8396607890572,1718150607,1718150607,585.5922419870346,585.5922419870346,1727239635.0,1727239635.0,,,,
ETH,2024-10-06,1728201600,1731052800,33.0,2417.5611445118584,2430.262214209945,2430.262214209945,0.6138063886050742,0.0,0.0,178.68541300021784,178.68541300021798,25.0,40.0,53.0,712.567273655471,712.567273655471,1718150607,1718150607,599.089672337793,599.089672337793,1727239635.0,1727239635.0,,,,
ETH,2024-10-07,1728288000,1731052800,32.0,2480.571169559764,2495.1210865846792,2495.1210865846792,0.6153000487189221,0.0,0.0,181.0993555930472,181.09935559304705,45.0,50.0,53.0,729.6214338430138,729.6214338430138,1718150607,1718150607,613.4505855173652,613.4505855173652,1727239635.0,1727239635.0,,,,
ETH,2024-10-08,1728374400,1731052800,31.0,2427.199922055353,2440.1343938416203,2440.1343938416203,0.5939800050753945,0.0,0.0,168.30154037091754,168.3015403709174,42.0,39.0,49.0,715.2255048303384,715.2255048303384,1718150607,1718150607,591.8368363914819,591.8368363914819,1727239635.0,1727239635.0,,,,
ETH,2024-10-09,1728460800,1731052800,30.0,2435.026407374473,2447.692950593629,2447.692950593629,0.5839793240392299,0.0,0.0,163.29454837198483,163.29454837198483,42.0,40.0,51.0,717.8413789931855,717.8413789931855,1728413207,1718150607,589.1950833888349,589.1950833888349,1727239635.0,1727239635.0,,,,
ETH,2024-10-10,1728547200,1731052800,29.0,2393.501309664953,2405.7877135986137,2405.7877135986137,0.5889232917780378,0.0,0.0,159.14032666640514,159.14032666640514,25.0,29.0,26.0,705.7639889658253,705.7639889658253,1728413207,1728413207,579.9228120577324,579.9228120577324,1727239635.0,1727239635.0,,,,
ETH,2024-10-11,1728633600,1731052800,28.0,2405.5690905482934,2417.553839295256,2417.553839295256,0.5739422002168569,0.0,0.0,153.15454266867317,153.15454266867332,32.0,30.0,33.0,709.6859784175256,709.6859784175256,1728413207,1728413207,578.5735378946013,578.5735378946013,1727239635.0,1727239635.0,,,,
ETH,2024-10-12,1728720000,1731052800,27.0,2446.0108977254818,2459.4422664103004,2459.4422664103004,0.5813848558470286,0.0,0.0,154.98640351643766,154.98640351643752,33.0,39.0,33.0,720.371900632826,720.371900632826,1728413207,1728413207,589.98610960734,589.98610960734,1727239635.0,1727239635.0,,,,
ETH,2024-10-13,1728806400,1731052800,26.0,2464.6834149623523,2478.418188368673,2478.418188368673,0.5838911488543137,0.0,0.0,153.92795758504886,153.927957585049,29.0,29.0,33.0,725.6702510823852,725.6702510823852,1728413207,1728413207,594.7493578117717,594.7493578117717,1727239635.0,1727239635.0,,,,
ETH,2024-10-14,1728892800,1731052800,25.0,2533.2983763818797,2547.33154204699,2547.33154204699,0.5989021953642423,0.0,0.0,159.1221493967516,159.1221493967516,32.0,29.0,33.0,745.9563472494538,745.9563472494538,1728413207,1728413207,614.6239546854183,614.6239546854183,1727239635.0,1727239635.0,,,,
ETH,2024-10-15,1728979200,1731052800,24.0,2614.139339679919,2630.3028881859277,2630.3028881859277,0.5934695511219606,0.0,0.0,159.53447519601886,159.534475196019,9.0,9.0,25.0,768.0782533979674,768.0782533979674,1728413207,1728413207,632.7205503474921,632.7205503474921,1727239635.0,1727239635.0,,,,
ETH,2024-10-16,1729065600,1731052800,23.0,2607.1341163739316,2619.289732336339,2619.289732336339,0.5900119152022134,0.0,0.0,154.62334887634316,154.62334887634302,24.0,29.0,33.0,769.984618949772,769.984618949772,1728413207,1728413207,629.0584509461868,629.0584509461868,1727239635.0,1727239635.0,,,,
ETH,2024-10-17,1729152000,1731052800,22.0,2626.7472718830095,2638.705187510296,2638.705187510296,0.575492359725702,0.0,0.0,148.6087218087402,148.60872180874034,33.0,39.0,33.0,776.0662659376162,776.0662659376162,1728413207,1728413207,630.1839162726835,630.1839162726835,1727239635.0,1727239635.0,,,,
ETH,2024-10-18,1729238400,1731052800,21.0,2643.58125945,2654.5503198750807,2654.5503198750807,0.5616984796975723,0.0,0.0,142.5735991797309,142.5735991797309,31.0,29.0,35.0,782.105317409919,782.105317409919,1728413207,1728413207,631.1081746079462,631.1081746079462,1727239635.0,1727239635.0,,,,
ETH,2024-10-19,1729324800,1731657600,27.0,2640.3799744000003,2654.852217973565,2654.852217973565,0.5724835934081063,0.0,0.0,164.74429588797517,164.7442958879753,91.0,89.0,98.0,777.6417487464353,777.6417487464353,1728413207,1728413207,634.5350985430671,634.5350985430671,1727239635.0,1727239635.0,,,,
ETH,2024-10-20,1729411200,1731657600,26.0,2645.8248841,2660.271788329665,2660.271788329665,0.5775282161825518,0.0,0.0,163.42547720413194,163.42547720413194,19.0,19.0,27.0,779.3005610003353,779.3005610003353,1728413207,1728413207,636.765445196211,636.765445196211,1727239635.0,1727239635.0,,,,
ETH,2024-10-21,1729497600,1731657600,25.0,2721.2124731500003,2738.465619119022,2738.465619119022,0.5984506896608985,0.0,0.0,170.9328730605307,170.9328730605307,29.0,29.0,38.0,799.1105959759784,799.1105959759784,1728413207,1728413207,660.5099392915264,660.5099392915264,1727239635.0,1727239635.0,,,,
ETH,2024-10-22,1729584000,1731657600,24.0,2645.15346075,2661.398850740167,2661.398850740167,0.5835612561607207,0.0,0.0,158.7305882962757,158.7305882962757,33.0,39.0,38.0,777.3006482348329,777.3006482348329,1728413207,1728413207,637.7519253670138,637.7519253670138,1727239635.0,1727239635.0,,,,
ETH,2024-10-23,1729670400,1731657600,23.0,2601.10927255,2614.502702361873,2614.502702361873,0.5823756119276476,0.0,0.0,152.34676208933416,152.34676208933416,32.0,29.0,38.0,766.9393519531271,766.9393519531271,1728413207,1728413207,626.0672019891506,626.0672019891506,1727239635.0,1727239635.0,,,,
ETH,2024-10-24,1729756800,1732867200,36.0,2541.4415417,2563.566264300792,2563.566264300792,0.5673776275657314,0.0,0.0,181.9941354843695,181.9941354843695,31.0,29.0,34.0,740.3077399092083,740.3077399092083,1728413207,1728413207,622.0131518889418,622.0131518889418,1727239635.0,1727239635.0,,,,
ETH,2024-10-25,1729843200,1732867200,35.0,2481.243248800001,2502.3744297784383,2502.3744297784383,0.5765897226331228,0.0,0.0,178.0083101709809,178.00831017098105,33.0,40.0,56.0,723.2417936615627,723.2417936615627,1728413207,1728413207,608.3947880111634,608.3947880111634,1727239635.0,1727239635.0,,,,
ETH,2024-10-26,1729929600,1732262400,27.0,2462.1217536000004,2478.0959424251587,2478.0959424251587,0.6122695509238179,0.0,0.0,164.43896233324588,164.43896233324588,33.0,39.0,37.0,722.6623372548418,722.6623372548418,1728413207,1728413207,602.3451992292257,602.3451992292257,1727239635.0,1727239635.0,,,,
ETH,2024-10-27,1730016000,1732867200,33.0,2478.2745539,2498.7844842531013,2498.7844842531013,0.5809345030179295,0.0,0.0,173.91006473730562,173.91006473730562,35.0,39.0,35.0,722.9724358168984,722.9724358168984,1728413207,1728413207,605.4282991285294,605.4282991285294,1727239635.0,1727239635.0,,,,
ETH,2024-10-28,1730102400,1732867200,32.0,2509.2699584,2530.124260337952,2530.124260337952,0.5874777219917175,0.0,0.0,175.35760911165644,175.3576091116563,34.0,39.0,46.0,731.9266855820482,731.9266855820482,1728413207,1728413207,613.1985420726935,613.1985420726935,1727239635.0,1727239635.0,,,,
ETH,2024-10-29,1730188800,1732867200,31.0,2610.9149620000003,2634.164521862927,2634.164521862927,0.5923996093383742,0.0,0.0,181.20202930231704,181.20202930231716,34.0,39.0,135.0,760.0249287370734,760.0249287370734,1728413207,1728413207,637.9519804180941,637.9519804180941,1727239635.0,1727239635.0,,,,
ETH,2024-10-30,1730275200,1732867200,30.0,2667.74422495,2692.6642344992024,2692.6642344992024,0.6111449303038919,0.0,0.0,187.97299145084344,187.9729914508436,30.0,30.0,35.0,775.4032579357975,775.4032579357975,1728413207,1728413207,655.8811266687217,655.8811266687217,1727239635.0,1727239635.0,,,,
ETH,2024-10-31,1730361600,1732867200,29.0,2645.88576725,2668.1548691457588,2668.1548691457588,0.6067547003424646,0.0,0.0,181.82674770510633,181.82674770510647,32.0,30.0,33.0,771.4966282792409,771.4966282792409,1728413207,1728413207,647.9913718423,647.9913718423,1727239635.0,1727239635.0,,,,
ETH,2024-11-01,1730448000,1732867200,28.0,2501.4705617,2518.957828889337,2518.957828889337,0.5946486599410535,0.0,0.0,165.32302789864607,165.32302789864607,33.0,39.0,49.0,732.9539013206629,732.9539013206629,1728413207,1728413207,608.0001005087322,608.0001005087322,1727239635.0,1727239635.0,,,,
ETH,2024-11-02,1730534400,1732867200,27.0,2506.9825732000004,2524.4899253270464,2524.4899253270464,0.6032951709479206,0.0,0.0,165.06767308464146,165.0676730846416,33.0,39.0,40.0,734.5874198329542,734.5874198329542,1728413207,1728413207,611.1179254145954,611.1179254145954,1727239635.0,1727239635.0,,,,
ETH,2024-11-03,1730620800,1732867200,26.0,2449.4462789500003,2464.2570270711735,2464.2570270711735,0.6163093592701873,0.0,0.0,161.5272071455759,161.52720714557603,16.0,19.0,45.0,720.0231355638268,720.0231355638268,1728413207,1728413207,599.4948916053199,599.4948916053199,1727239635.0,1727239635.0,,,,
ETH,2024-11-04,1730707200,1732867200,25.0,2458.1133046,2473.055332506283,2473.055332506283,0.62929533322829,0.0,0.0,162.30480469662064,162.30480469662064,27.0,29.0,28.0,722.4919634737173,722.4919634737173,1728413207,1728413207,604.4305258254362,604.4305258254362,1727239635.0,1727239635.0,,,,
ETH,2024-11-05,1730793600,1732867200,24.0,2441.8823377000003,2454.548159650035,2454.548159650035,0.6250330126750128,0.0,0.0,156.7758391020484,156.77583910204825,34.0,179.0,182.0,719.8988793599655,719.8988793599655,1728413207,1728413207,598.2526080983741,598.2526080983741,1727239635.0,1727239635.0,,,,
ETH,2024-11-06,1730880000,1732867200,23.0,2593.8360075500004,2609.505036788196,2609.505036788196,0.5231205834085811,0.0,0.0,136.60781608272325,136.60781608272325,32.0,180.0,189.0,762.4817730268046,762.4817730268046,1728413207,1728413207,612.7972848906438,612.7972848906438,1727239635.0,1727239635.0,,,,
ETH,2024-11-07,1730966400,1732867200,22.0,2822.01234035,2841.3937120421247,2841.3937120421247,0.5878523216534584,0.0,0.0,163.4548630652074,163.4548630652074,34.0,180.0,186.0,827.2223304128754,827.2223304128754,1728413207,1728413207,681.223437345862,681.223437345862,1727239635.0,1727239635.0,,,,
ETH,2024-11-08,1731052800,1732867200,21.0,2916.3007254000004,2937.0948820179538,2937.0948820179538,0.5711284474811538,0.0,0.0,160.39305399230784,160.39305399230767,34.0,179.0,182.0,854.0960610020468,854.0960610020468,1728413207,1728413207,699.9396516991253,699.9396516991253,1727239635.0,1727239635.0,,,,
ETH,2024-11-09,1731139200,1733472000,27.0,3032.7797768,3060.365286107463,3060.365286107463,0.5628551687056305,0.0,0.0,186.7203003125086,186.7203003125086,36.0,182.0,198.0,882.2484237325373,882.2484237325373,1728413207,1728413207,728.0978344519672,728.0978344519672,1727239635.0,1727239635.0,,,,
ETH,2024-11-10,1731225600,1733472000,26.0,3186.1204218000003,3214.14661152369,3214.14661152369,0.5760951064926509,0.0,0.0,196.96204473937604,196.9620447393762,32.0,180.0,197.0,927.8099368163104,927.8099368163104,1728413207,1728413207,768.372874498712,768.372874498712,1727239635.0,1727239635.0,,,,
ETH,2024-11-11,1731312000,1733472000,25.0,3142.62484555,3170.514818880296,3170.514818880296,0.583667661730172,0.0,0.0,193.02207897649336,193.02207897649316,34.0,180.0,193.0,914.897480334704,914.897480334704,1728413207,1728413207,759.7775552371877,759.7775552371877,1727239635.0,1727239635.0,,,,
ETH,2024-11-12,1731398400,1733472000,24.0,3372.73272255,3407.542041833144,3407.542041833144,0.6584178703503522,0.0,0.0,229.24322850381924,229.24322850381904,33.0,180.0,182.0,977.0104974818556,977.0104974818556,1728413207,1728413207,841.9471639642308,841.9471639642308,1727239635.0,1727239635.0,,,,
ETH,2024-11-13,1731484800,1733472000,23.0,3162.7257104,3188.746287704183,3188.746287704183,0.5760341419219324,0.0,0.0,183.7881538013285,183.7881538013283,31.0,179.0,197.0,922.797135815817,922.797135815817,1728413207,1728413207,761.3354041550842,761.3354041550842,1727239635.0,1727239635.0,,,,
ETH,2024-11-14,1731571200,1733472000,22.0,3221.11623385,3245.3271448137994,3245.3271448137994,0.5963722220107018,0.0,0.0,189.3926346068476,189.39263460684785,33.0,120.0,130.0,942.1239591912004,942.1239591912004,1728413207,1728413207,780.3845372685827,780.3845372685827,1727239635.0,1727239635.0,,,,
ETH,2024-11-15,1731657600,1733472000,21.0,3043.4414804,3062.377848048684,3062.377848048684,0.6212738418644431,0.0,0.0,181.891925825793,181.891925825793,33.0,119.0,138.0,894.0960764713157,894.0960764713157,1728413207,1728413207,743.0245740893481,743.0245740893481,1727239635.0,1727239635.0,,,,
ETH,2024-11-16,1731744000,1734076800,27.0,3107.7447873500005,3139.8653397633934,3139.8653397633934,0.5864710695626623,0.0,0.0,199.59190580475695,199.59190580475712,34.0,119.0,130.0,900.2028837916071,900.2028837916071,1728413207,1728413207,754.0705090625693,754.0705090625693,1727239635.0,1727239635.0,,,,
ETH,2024-11-17,1731830400,1734076800,26.0,3136.7085322999997,3170.314592678455,3170.314592678455,0.6160250265589473,0.0,0.0,207.7122377298664,207.7122377298664,32.0,60.0,72.0,907.4064993115446,907.4064993115446,1728413207,1728413207,770.4375586628355,770.4375586628355,1727239635.0,1727239635.0,,,,
ETH,2024-11-18,1731916800,1734076800,25.0,3130.61934765,3166.573833691604,3166.573833691604,0.609315888334401,0.0,0.0,201.23605658756424,201.23605658756424,31.0,60.0,68.0,903.2313182533964,903.2313182533964,1728413207,1728413207,766.4371702540211,766.4371702540211,1727239635.0,1727239635.0,,,,
ETH,2024-11-19,1732003200,1734076800,24.0,3120.2831211499997,3155.723532404129,3155.723532404129,0.608287316024146,0.0,0.0,196.1719378802295,196.1719378802295,32.0,60.0,83.0,900.6445250908707,900.6445250908707,1728413207,1728413207,762.8366500807488,762.8366500807488,1727239635.0,1727239635.0,,,,
ETH,2024-11-20,1732089600,1734076800,23.0,3112.0866177499997,3143.656671568322,3143.656671568322,0.5963402042643988,0.0,0.0,187.564825383388,187.5648253833878,35.0,62.0,88.0,902.0559315066776,902.0559315066776,1728413207,1728413207,755.9593478697216,755.9593478697216,1727239635.0,1727239635.0,,,,
ETH,2024-11-21,1732176000,1735286400,36.0,3138.3902402500003,3190.8394651123485,3190.8394651123485,0.6001548375906269,0.0,0.0,239.574549933503,239.574549933503,33.0,60.0,76.0,889.0678472126517,889.0678472126517,1728413207,1728413207,786.6020380411603,786.6020380411603,1727239635.0,1727239635.0,,,,
ETH,2024-11-22,1732262400,1735286400,35.0,3367.0574374,3424.0416650935617,3424.0416650935617,0.6390751995028078,0.0,0.0,269.8860517362862,269.8860517362864,17.0,60.0,68.0,953.133003526438,953.133003526438,1728413207,1728413207,859.6270978116816,859.6270978116816,1727239635.0,1727239635.0,,,,
ETH,2024-11-23,1732348800,1734681600,27.0,3343.2661606000006,3384.78489035932,3384.78489035932,0.6654017958669992,0.0,0.0,244.04404391470104,244.0440439147009,15.0,59.0,88.0,961.4611184206808,961.4611184206808,1728413207,1728413207,842.5788179075089,842.5788179075089,1727239635.0,1727239635.0,,,,
ETH,2024-11-24,1732435200,1735286400,33.0,3425.4136635500004,3484.6712301483763,3484.6712301483763,0.673564728252465,0.0,0.0,281.07356561930175,281.0735656193016,29.0,120.0,135.0,968.366532466624,968.366532466624,1728413207,1728413207,885.1587895202515,885.1587895202515,1727239635.0,1727239635.0,,,,
ETH,2024-11-25,1732521600,1735286400,32.0,3401.5204641000005,3454.2228616309794,3454.2228616309794,0.6806592803666095,0.0,0.0,277.2580985923093,277.25809859230947,27.0,60.0,60.0,967.7537416990212,967.7537416990212,1728413207,1728413207,877.6325856464323,877.6325856464323,1727239635.0,1727239635.0,,,,
ETH,2024-11-26,1732608000,1735286400,31.0,3395.1201539500007,3445.958016373578,3445.958016373578,0.6736940979415262,0.0,0.0,269.4760146676673,269.47601466766747,32.0,62.0,84.0,967.6981837614226,967.6981837614226,1728413207,1728413207,868.7717361241253,868.7717361241253,1727239635.0,1727239635.0,,,,
ETH,2024-11-27,1732694400,1735286400,30.0,3423.75570425,3474.4683335171753,3474.4683335171753,0.6614395355079578,0.0,0.0,262.45355345009835,262.4535534500981,29.0,119.0,125.0,976.414082007825,976.414082007825,1728413207,1728413207,866.8975057704075,866.8975057704075,1727239635.0,1727239635.0,,,,
ETH,2024-11-28,1732780800,1735286400,29.0,3593.46694905,3645.151012413799,3645.151012413799,0.6789652833218307,0.0,0.0,277.88387396612956,277.88387396612956,33.0,63.0,77.0,1026.3560213512003,1026.3560213512003,1728413207,1728413207,916.319848790447,916.319848790447,1727239635.0,1727239635.0,,,,
ETH,2024-11-29,1732867200,1735286400,28.0,3545.5082576,3598.630787048405,3598.630787048405,0.6483083289475712,0.0,0.0,257.4414114934993,257.4414114934993,14.0,59.0,74.0,1010.5299478315948,1010.5299478315948,1728413207,1728413207,889.2363959762253,889.2363959762253,1727239635.0,1727239635.0,,,,
ETH,2024-11-30,1732953600,1735286400,27.0,3703.48160545,3757.594005992724,3757.594005992724,0.6475800749611879,0.0,0.0,263.6864367636921,263.6864367636921,28.0,60.0,64.0,1056.9320810922757,1056.9320810922757,1728413207,1728413207,926.9380311059006,926.9380311059006,1727239635.0,1727239635.0,,,,
ETH,2024-12-01,1733040000,1735286400,26.0,3703.99846135,3757.407268093333,3757.407268093333,0.7569703632747037,0.0,0.0,302.3286842621003,302.3286842621005,28.0,59.0,60.0,1057.7907316616668,1057.7907316616668,1728413207,1728413207,977.6545485098154,977.6545485098154,1727239635.0,1727239635.0,,,,
ETH,2024-12-02,1733126400,1735286400,25.0,3669.4491467500006,3718.422798171383,3718.422798171383,0.6730355202632732,0.0,0.0,260.95718072665227,260.95718072665227,26.0,59.0,75.0,1051.8610926036176,1051.8610926036176,1728413207,1728413207,925.891933196754,925.891933196754,1727239635.0,1727239635.0,,,,
ETH,2024-12-03,1733212800,1735286400,24.0,3618.75940945,3664.805051517664,3664.805051517664,0.6271353673387405,0.0,0.0,234.86249020591416,234.8624902059144,28.0,60.0,69.0,1039.5821807673356,1039.5821807673356,1728413207,1728413207,892.675500445174,892.675500445174,1727239635.0,1727239635.0,,,,
ETH,2024-12-04,1733299200,1735286400,23.0,3717.645878,3766.082364294354,3766.082364294354,0.655069467552119,0.0,0.0,246.7832248274831,246.7832248274831,25.0,60.0,66.0,1066.8572771056456,1066.8572771056456,1728413207,1728413207,927.3430861765364,927.3430861765364,1727239635.0,1727239635.0,,,,
ETH,2024-12-05,1733385600,1735286400,22.0,3853.83495555,3907.527629837412,3907.527629837412,0.5963322904156663,0.0,0.0,228.02246296797932,228.02246296797952,25.0,60.0,78.0,1102.457812377588,1102.457812377588,1728413207,1728413207,938.3790001287352,938.3790001287352,1727239635.0,1727239635.0,,,,
ETH,2024-12-06,1733472000,1735286400,21.0,3894.927209899999,3943.609910357078,3943.609910357078,0.6816442569520356,0.0,0.0,256.94577586821333,256.94577586821356,27.0,61.0,96.0,1119.7954625129212,1119.7954625129212,1728413207,1728413207,979.5820691650508,979.5820691650508,1727239635.0,1727239635.0,,,,
ETH,2024-12-07,1733558400,1735891200,27.0,3991.838552449999,4053.310992586162,4053.310992586162,0.6725888951735132,0.0,0.0,295.3928178292897,295.3928178292899,16.0,59.0,71.0,1136.0791255988377,1136.0791255988377,1728413207,1728413207,1011.9882408494766,1011.9882408494766,1727239635.0,1727239635.0,,,,
ETH,2024-12-08,1733644800,1735891200,26.0,3983.2143155,4042.96965464888,4042.96965464888,0.6895308459757619,0.0,0.0,296.40940155082114,296.40940155082114,19.0,59.0,71.0,1135.2089555011196,1135.2089555011196,1728413207,1728413207,1016.2220563335632,1016.2220563335632,1727239635.0,1727239635.0,,,,
ETH,2024-12-09,1733731200,1735891200,25.0,3918.9633666,3968.821129003219,3968.821129003219,0.6996217969063177,0.0,0.0,289.5024026449002,289.5024026449,26.0,59.0,71.0,1125.8312475767802,1125.8312475767802,1728413207,1728413207,1001.1323575436091,1001.1323575436091,1727239635.0,1727239635.0,,,,
ETH,2024-12-10,1733817600,1735891200,24.0,3735.1198957,3779.6310037203816,3779.6310037203816,0.7060547398498136,0.0,0.0,272.62407123702656,272.6240712370263,26.0,59.0,71.0,1076.024860689618,1076.024860689618,1728413207,1728413207,954.697972950456,954.697972950456,1727239635.0,1727239635.0,,,,
ETH,2024-12-11,1733904000,1735891200,23.0,3653.5703317,3688.877189129592,3688.877189129592,0.6961695125517403,0.0,0.0,256.8528537846281,256.8528537846281,24.0,29.0,42.0,1060.7642420804073,1060.7642420804073,1728413207,1728413207,926.0456258206514,926.0456258206514,1727239635.0,1727239635.0,,,,
ETH,2024-12-12,1733990400,1735891200,22.0,3904.99290735,3942.526934533851,3942.526934533851,0.6870791360819779,0.0,0.0,264.9974871532671,264.9974871532671,24.0,59.0,62.0,1133.9638450211487,1133.9638450211487,1728413207,1728413207,983.861351965347,983.861351965347,1727239635.0,1727239635.0,,,,
ETH,2024-12-13,1734076800,1735891200,21.0,3886.08646085,3917.654762658735,3917.654762658735,0.6733355220711261,0.0,0.0,252.1501042425147,252.1501042425147,24.0,60.0,77.0,1134.2576364462643,1134.2576364462643,1728413207,1728413207,970.4941785337868,970.4941785337868,1727239635.0,1727239635.0,,,,
ETH,2024-12-14,1734163200,1736496000,27.0,3920.94562445,3966.283723425007,3966.283723425007,0.6876372436429569,0.0,0.0,295.49906617192556,295.49906617192556,25.0,60.0,63.0,1130.9455883599935,1130.9455883599935,1728413207,1728413207,998.4752313890334,998.4752313890334,1727239635.0,1727239635.0,,,,
ETH,2024-12-15,1734249600,1736496000,26.0,3843.723305600001,3882.845747823538,3882.845747823538,0.6921853607710903,0.0,0.0,285.76275180352997,285.76275180352974,24.0,60.0,63.0,1113.9945494564622,1113.9945494564622,1728413207,1728413207,978.1729918068678,978.1729918068678,1727239635.0,1727239635.0,,,,
ETH,2024-12-16,1734336000,1736496000,25.0,3972.2977866,4021.675894368,4021.675894368,0.6925190866187741,0.0,0.0,290.38780375793175,290.38780375793175,24.0,60.0,63.0,1142.3112282119996,1142.3112282119996,1728413207,1728413207,1011.008329759196,1011.008329759196,1727239635.0,1727239635.0,,,,
ETH,2024-12-17,1734422400,1736496000,24.0,3993.6717643,4037.968096216753,4037.968096216753,0.6621470432445717,0.0,0.0,273.1902257662283,273.1902257662281,23.0,60.0,77.0,1153.805197373247,1153.805197373247,1728413207,1728413207,999.25613849328,999.25613849328,1727239635.0,1727239635.0,,,,
ETH,2024-12-18,1734508800,1736496000,23.0,3847.40146375,3882.369454663923,3882.369454663923,0.6710521577259136,0.0,0.0,260.5958266888415,260.5958266888415,20.0,60.0,64.0,1119.2524482110764,1119.2524482110764,1728413207,1728413207,963.5538909624206,963.5538909624206,1727239635.0,1727239635.0,,,,
ETH,2024-12-19,1734595200,1736496000,22.0,3691.6318684,3726.0494287824663,3726.0494287824663,0.701646454102927,0.0,0.0,255.74386779828745,255.74386779828765,24.0,59.0,65.0,1073.072000137534,1073.072000137534,1728413207,1728413207,936.0674847837324,936.0674847837324,1727239635.0,1727239635.0,,,,
ETH,2024-12-20,1734681600,1736496000,21.0,3386.1239328,3412.0151843052204,3412.0151843052204,0.6954898761714969,0.0,0.0,226.81495570964285,226.81495570964285,20.0,119.0,126.0,989.9459283347796,989.9459283347796,1728413207,1728413207,853.5123012716076,853.5123012716076,1727239635.0,1727239635.0,,,,
ETH,2024-12-21,1734768000,1737100800,27.0,3521.3076526,3554.528653876696,3554.528653876696,0.7032024154969694,0.0,0.0,270.7985744256385,270.7985744256385,19.0,60.0,94.0,1023.171294503304,1023.171294503304,1728413207,1728413207,902.287445689521,902.287445689521,1727239635.0,1727239635.0,,,,
ETH,2024-12-22,1734854400,1737100800,26.0,3330.2171990000006,3360.4743483455572,3360.4743483455572,0.6998054501312163,0.0,0.0,250.03299306523695,250.03299306523675,21.0,119.0,136.0,968.8080103544436,968.8080103544436,1728413207,1728413207,849.9763276349529,849.9763276349529,1727239635.0,1727239635.0,,,,
ETH,2024-12-23,1734940800,1737100800,25.0,3299.0479878,3327.8280376013163,3327.8280376013163,0.7235048361529571,0.0,0.0,251.0079934363743,251.0079934363743,20.0,59.0,86.0,960.9343465386838,960.9343465386838,1728413207,1728413207,850.1045985746624,850.1045985746624,1727239635.0,1727239635.0,,,,
ETH,2024-12-24,1735027200,1737100800,24.0,3396.8280613,3426.946962755424,3426.946962755424,0.7160043443187365,0.0,0.0,250.65862181783464,250.65862181783484,20.0,59.0,66.0,988.9295169345762,988.9295169345762,1728413207,1728413207,870.3214388732579,870.3214388732579,1727239635.0,1727239635.0,,,,
ETH,2024-12-25,1735113600,1737100800,23.0,3487.23313925,3515.7876961395077,3515.7876961395077,0.6902252799244314,0.0,0.0,242.71582286640503,242.71582286640503,20.0,61.0,71.0,1017.6153848854924,1017.6153848854924,1728413207,1728413207,880.411258233822,880.411258233822,1727239635.0,1727239635.0,,,,
ETH,2024-12-26,1735200000,1738310400,36.0,3418.99082445,3456.6903953901046,3456.6903953901046,0.6860262993601121,0.0,0.0,296.53558051008787,296.53558051008764,22.0,72.0,97.0,987.9976763948948,987.9976763948948,1728413207,1728413207,896.1205967053762,896.1205967053762,1727239635.0,1727239635.0,,,,
ETH,2024-12-27,1735286400,1738310400,35.0,3321.8467848,3354.1852152639976,3354.1852152639976,0.7063408517491679,0.0,0.0,292.1016377132579,292.1016377132581,24.0,64.0,92.0,964.2156049760024,964.2156049760024,1728413207,1728413207,876.6501173667884,876.6501173667884,1727239635.0,1727239635.0,,,,
ETH,2024-12-28,1735372800,1737705600,27.0,3331.3545094,3357.634320732064,3357.634320732064,0.6931602961597645,0.0,0.0,252.15629926916895,252.15629926916895,19.0,63.0,60.0,973.126541487936,973.126541487936,1728413207,1728413207,848.2192281090363,848.2192281090363,1727239635.0,1727239635.0,,,,
ETH,2024-12-29,1735459200,1738310400,33.0,3402.7693209000004,3435.2458766234877,3435.2458766234877,0.7018920636069494,0.0,0.0,288.6977245583938,288.6977245583938,24.0,70.0,69.0,988.3542405465128,988.3542405465128,1728413207,1728413207,887.9622629845619,887.9622629845619,1727239635.0,1727239635.0,,,,
ETH,2024-12-30,1735545600,1738310400,32.0,3420.36169445,3454.034361097667,3454.034361097667,0.6964380094958661,0.0,0.0,283.6474026408097,283.64740264080984,21.0,61.0,76.0,992.4358416873324,992.4358416873324,1728413207,1728413207,886.2393789845221,886.2393789845221,1727239635.0,1727239635.0,,,,
ETH,2024-12-31,1735632000,1738310400,31.0,3349.2015183499993,3378.551971198964,3378.551971198964,0.6780179295804486,0.0,0.0,265.8950196988272,265.89501969882696,23.0,69.0,94.0,975.4100026560347,975.4100026560347,1728413207,1728413207,854.7815328238427,854.7815328238427,1727239635.0,1727239635.0,,,,
ETH,2025-01-01,1735718400,1738310400,30.0,3340.020846,3370.079594253349,3370.079594253349,0.6515894532628367,0.0,0.0,250.78835511130313,250.78835511130313,20.0,60.0,67.0,971.9475055466506,971.9475055466506,1728413207,1728413207,837.5641219904002,837.5641219904002,1727239635.0,1727239635.0,,,,
ETH,2025-01-02,1735804800,1738310400,29.0,3416.36717425,3453.5972550986794,3453.5972550986794,0.6940415614133861,0.0,0.0,269.1086737710663,269.1086737710663,18.0,59.0,70.0,987.6800714263204,987.6800714263204,1728413207,1728413207,875.6067566476837,875.6067566476837,1727239635.0,1727239635.0,,,,
ETH,2025-01-03,1735891200,1738310400,28.0,3431.37342885,3466.9247420624847,3466.9247420624847,0.6693003944987933,0.0,0.0,256.0275251296701,256.0275251296699,25.0,66.0,80.0,993.8607154425152,993.8607154425152,1728413207,1728413207,866.4451543603946,866.4451543603946,1727239635.0,1727239635.0,,,,
ETH,2025-01-04,1735977600,1738310400,27.0,3593.10221055,3625.375883843796,3625.375883843796,0.65721432719547,0.0,0.0,258.1830423664622,258.18304236646196,18.0,60.0,85.0,1045.6569898712046,1045.6569898712046,1728413207,1728413207,899.4815022416839,899.4815022416839,1727239635.0,1727239635.0,,,,
ETH,2025-01-05,1736064000,1738310400,26.0,3630.992752699999,3662.735249492844,3662.735249492844,0.6749243802358478,0.0,0.0,262.8597554930382,262.85975549303845,16.0,60.0,65.0,1057.5553290171547,1057.5553290171547,1728413207,1728413207,915.1886318863108,915.1886318863108,1727239635.0,1727239635.0,,,,
ETH,2025-01-06,1736150400,1738310400,25.0,3649.7258907,3678.3920202781223,3678.3920202781223,0.6723546752360745,0.0,0.0,257.8873695995048,257.8873695995048,13.0,69.0,96.0,1066.2516376318777,1066.2516376318777,1728413207,1728413207,916.6172854290828,916.6172854290828,1727239635.0,1727239635.0,,,,
ETH,2025-01-07,1736236800,1738310400,24.0,3667.6804248,3693.5021225847754,3693.5021225847754,0.6412160403006534,0.0,0.0,242.00424842715864,242.00424842715864,17.0,59.0,63.0,1074.4824296552242,1074.4824296552242,1728413207,1728413207,906.2112949149702,906.2112949149702,1727239635.0,1727239635.0,,,,
ETH,2025-01-08,1736323200,1738310400,23.0,3354.4679361999993,3372.1945098331344,3372.1945098331344,0.6624953087404679,0.0,0.0,223.47180744411983,223.47180744412,23.0,65.0,65.0,988.6138072268648,988.6138072268648,1728413207,1728413207,834.3670754575587,834.3670754575587,1727239635.0,1727239635.0,,,,
ETH,2025-01-09,1736409600,1738310400,22.0,3287.41166235,3306.1702204046965,3306.1702204046965,0.6543881329304144,0.0,0.0,211.6745954836128,211.6745954836128,15.0,60.0,59.0,967.4649406503032,967.4649406503032,1728413207,1728413207,813.953518607712,813.953518607712,1727239635.0,1727239635.0,,,,
ETH,2025-01-10,1736496000,1738310400,21.0,3295.9029091,3314.777069226414,3314.777069226414,0.6696053518923267,0.0,0.0,212.16801666440577,212.1680166644056,10.0,59.0,67.0,969.8967126035864,969.8967126035864,1728413207,1728413207,820.2339275575538,820.2339275575538,1727239635.0,1727239635.0,,,,
ETH,2025-01-11,1736582400,1738915200,27.0,3234.85658475,3257.7768935923045,3257.7768935923045,0.6510252032546265,0.0,0.0,229.82518454999993,229.82518454999993,14.0,59.0,74.0,947.5366665826951,947.5366665826951,1728413207,1728413207,806.1705057484892,806.1705057484892,1727239635.0,1727239635.0,,,,
ETH,2025-01-12,1736668800,1738915200,26.0,3265.6730152499995,3287.244642478523,3287.244642478523,0.6651731844652556,0.0,0.0,232.5128933342158,232.5128933342158,10.0,60.0,60.0,958.1302773464762,958.1302773464762,1728413207,1728413207,817.8531815886487,817.8531815886487,1727239635.0,1727239635.0,,,,
ETH,2025-01-13,1736755200,1738915200,25.0,3198.9789287,3218.896955618198,3218.896955618198,0.6785566366921402,0.0,0.0,227.74897693321296,227.74897693321296,8.0,60.0,75.0,939.7756516918024,939.7756516918024,1728413207,1728413207,804.7452001958695,804.7452001958695,1727239635.0,1727239635.0,,,,
ETH,2025-01-14,1736841600,1738915200,24.0,3170.5894560499996,3192.6510373704555,3192.6510373704555,0.7019826626479871,0.0,0.0,228.9607696545457,228.9607696545457,8.0,60.0,70.0,929.115255494544,929.115255494544,1728413207,1728413207,805.6268446840297,805.6268446840297,1727239635.0,1727239635.0,,,,
ETH,2025-01-15,1736928000,1738915200,23.0,3232.4992356500006,3254.176115868425,3254.176115868425,0.6855515482651304,0.0,0.0,223.13776548583544,223.1377654858356,13.0,59.0,71.0,948.0728904765758,948.0728904765758,1728413207,1728413207,813.3800405089748,813.3800405089748,1727239635.0,1727239635.0,,,,
ETH,2025-01-16,1737014400,1738915200,22.0,3383.0683384,3405.48479077554,3405.48479077554,0.670780148713029,0.0,0.0,223.4825349539256,223.48253495392544,10.0,60.0,85.0,992.50404914446,992.50404914446,1728413207,1728413207,844.2096414391526,844.2096414391526,1727239635.0,1727239635.0,,,,
ETH,2025-01-17,1737100800,1738915200,21.0,3371.2131797,3394.8911269307077,3394.8911269307077,0.6980888079826276,0.0,0.0,226.51797944818856,226.5179794481884,72.0,60.0,65.0,987.6860066792924,987.6860066792924,1728413207,1728413207,850.3129744029852,850.3129744029852,1727239635.0,1727239635.0,,,,
ETH,2025-01-18,1737187200,1739520000,27.0,3287.10984465,3314.6004472447244,3314.6004472447244,0.7028076843361862,0.0,0.0,252.378542703929,252.378542703929,9.0,59.0,94.0,958.6423508002756,958.6423508002756,1728413207,1728413207,841.3883396600913,841.3883396600913,1727239635.0,1727239635.0,,,,
ETH,2025-01-19,1737273600,1739520000,26.0,3270.6571598,3300.488261212238,3300.488261212238,0.7102194739627401,0.0,0.0,249.21333555346803,249.21333555346803,9.0,59.0,94.0,951.366046527762,951.366046527762,1728413207,1728413207,839.1793629902324,839.1793629902324,1727239635.0,1727239635.0,,,,
ETH,2025-01-20,1737360000,1739520000,25.0,3378.4140844999997,3407.9034334063967,3407.9034334063967,0.7495734426339232,0.0,0.0,266.28038238080813,266.2803823808083,11.0,60.0,91.0,984.0348764436028,984.0348764436028,1728413207,1728413207,882.1406009505274,882.1406009505274,1727239635.0,1727239635.0,,,,
ETH,2025-01-21,1737446400,1739520000,24.0,3251.5256121999996,3279.752304019247,3279.752304019247,0.706984520691641,0.0,0.0,236.8785919208932,236.8785919208932,12.0,60.0,82.0,947.2309918407524,947.2309918407524,1728413207,1728413207,829.3260350697155,829.3260350697155,1727239635.0,1727239635.0,,,,
ETH,2025-01-22,1737532800,1739520000,23.0,3287.78124325,3311.7793656671947,3311.7793656671947,0.6745761465773378,0.0,0.0,223.46077053971956,223.46077053971956,11.0,59.0,59.0,962.3362505578052,962.3362505578052,1728413207,1728413207,823.5426211925283,823.5426211925283,1727239635.0,1727239635.0,,,,
ETH,2025-01-23,1737619200,1740729600,36.0,3231.07110695,3261.284618218599,3261.284618218599,0.6638061882397116,0.0,0.0,270.7441071597314,270.7441071597316,10.0,59.0,79.0,939.1078208164008,939.1078208164008,1728413207,1728413207,834.7404114317835,834.7404114317835,1727239635.0,1727239635.0,,,,
ETH,2025-01-24,1737705600,1740729600,35.0,3380.41424425,3409.9597156066457,3409.9597156066457,0.6390231854652044,0.0,0.0,268.75429550688347,268.7542955068837,12.0,60.0,70.0,984.5788019183544,984.5788019183544,1728413207,1728413207,857.4269191938644,857.4269191938644,1727239635.0,1727239635.0,,,,
ETH,2025-01-25,1737792000,1740124800,27.0,3291.09346215,3316.3944361820913,3316.3944361820913,0.6194309831788307,0.0,0.0,222.6338800381912,222.633880038191,19.0,59.0,71.0,962.0270646129088,962.0270646129088,1728413207,1728413207,808.5256656012294,808.5256656012294,1727239635.0,1727239635.0,,,,
ETH,2025-01-26,1737878400,1740729600,33.0,3338.2161159500006,3370.0050205994658,3370.0050205994658,0.6380512146512033,0.0,0.0,257.53784190890156,257.53784190890156,18.0,60.0,79.0,969.675930135535,969.675930135535,1728413207,1728413207,840.7737287417535,840.7737287417535,1727239635.0,1727239635.0,,,,
ETH,2025-01-27,1737964800,1740729600,32.0,3067.756451200001,3096.367297036001,3096.367297036001,0.6556956507538518,0.0,0.0,239.44829382347308,239.44829382347308,16.0,61.0,66.0,891.7160895239998,891.7160895239998,1728413207,1728413207,777.0244684792073,777.0244684792073,1727239635.0,1727239635.0,,,,
ETH,2025-01-28,1738051200,1740729600,31.0,3196.8804225000003,3219.4628653123514,3219.4628653123514,0.6417953558669508,0.0,0.0,239.87875940527871,239.87875940527871,17.0,61.0,65.0,936.481683937649,936.481683937649,1728413207,1728413207,799.3921177608386,799.3921177608386,1727239635.0,1727239635.0,,,,
ETH,2025-01-29,1738137600,1740729600,30.0,3156.0723545500005,3179.196336350627,3179.196336350627,0.6361532792480847,0.0,0.0,230.99459240157805,230.99459240157805,15.0,60.0,73.0,923.6977245643734,923.6977245643734,1728413207,1728413207,784.2515298235833,784.2515298235833,1727239635.0,1727239635.0,,,,
ETH,2025-01-30,1738224000,1740729600,29.0,3191.00806535,3213.600193382307,3213.600193382307,0.6232395540647173,0.0,0.0,224.93203773231045,224.93203773231028,15.0,60.0,68.0,934.7102915726924,934.7102915726924,1728413207,1728413207,786.7751189619901,786.7751189619901,1727239635.0,1727239635.0,,,,
ETH,2025-01-31,1738310400,1740729600,28.0,3242.6067491999997,3264.55825870446,3264.55825870446,0.609489117053047,0.0,0.0,219.5925514615252,219.59255146152503,15.0,60.0,88.0,950.8305152555396,950.8305152555396,1728413207,1728413207,793.2807138312003,793.2807138312003,1727239635.0,1727239635.0,,,,
ETH,2025-02-01,1738396800,1740729600,27.0,3279.7145860000005,3298.8447090514233,3298.8447090514233,0.608134392980753,0.0,0.0,217.4263301427289,217.42633014272903,16.0,60.0,68.0,964.7842527485776,964.7842527485776,1728413207,1728413207,800.4696111438452,800.4696111438452,1727239635.0,1727239635.0,,,,
ETH,2025-02-02,1738483200,1740729600,26.0,3099.986760700001,3115.5623850171364,3115.5623850171364,0.6342241676556469,0.0,0.0,210.14124727455584,210.14124727455584,18.0,59.0,71.0,914.420403892864,914.420403892864,1728413207,1728413207,764.2215607893366,764.2215607893366,1727239635.0,1727239635.0,,,,
ETH,2025-02-03,1738569600,1740729600,25.0,2626.61106975,2635.03083756664,2635.03083756664,0.7060022360372797,0.0,0.0,193.95813078835417,193.95813078835417,19.0,59.0,62.0,779.5635531083598,779.5635531083598,1728413207,1728413207,668.0090274117146,668.0090274117146,1727239635.0,1727239635.0,,,,
ETH,2025-02-04,1738656000,1740729600,24.0,2702.8552478,2713.166250803479,2713.166250803479,0.6837110014622817,0.0,0.0,189.52316764480057,189.5231676448007,17.0,60.0,68.0,800.5455713365209,800.5455713365209,1728413207,1728413207,679.1321858467709,679.1321858467709,1727239635.0,1727239635.0,,,,
ETH,2025-02-05,1738742400,1740729600,23.0,2759.75266275,2768.825423270359,2768.825423270359,0.6767019635287697,0.0,0.0,187.41254320117216,187.41254320117216,16.0,60.0,61.0,818.8530383046411,818.8530383046411,1728413207,1728413207,689.7399193654578,689.7399193654578,1727239635.0,1727239635.0,,,,
ETH,2025-02-06,1738828800,1740729600,22.0,2832.56088725,2842.2983813799797,2842.2983813799797,0.652730481936773,0.0,0.0,181.51563407080587,181.51563407080587,17.0,60.0,79.0,840.0307720450205,840.0307720450205,1728413207,1728413207,699.5783661964999,699.5783661964999,1727239635.0,1727239635.0,,,,
ETH,2025-02-07,1738915200,1740729600,21.0,2713.9068305999995,2722.207580751454,2722.207580751454,0.6419619453432436,0.0,0.0,167.0609373923514,167.0609373923514,15.0,60.0,85.0,805.8712990285453,805.8712990285453,1728413207,1728413207,666.3017571930172,666.3017571930172,1727239635.0,1727239635.0,,,,
ETH,2025-02-08,1739001600,1741334400,27.0,2629.6564880000005,2640.733127094358,2640.733127094358,0.6543913763994882,0.0,0.0,187.25554302122703,187.25554302122703,15.0,60.0,74.0,777.8203073056425,777.8203073056425,1728413207,1728413207,654.9118922852199,654.9118922852199,1727239635.0,1727239635.0,,,,
ETH,2025-02-09,1739088000,1741334400,26.0,2662.0105444,2672.105535778645,2672.105535778645,0.6488892529136465,0.0,0.0,184.3877323537406,184.38773235374043,18.0,60.0,66.0,788.5081719413552,788.5081719413552,1728413207,1728413207,660.0688242089861,660.0688242089861,1727239635.0,1727239635.0,,,,
ETH,2025-02-10,1739174400,1741334400,25.0,2637.76104545,2647.945327451688,2647.945327451688,0.6658113833350817,0.0,0.0,183.84198594283927,183.8419859428394,17.0,60.0,66.0,781.1440316333118,781.1440316333118,1728413207,1728413207,658.3294567818263,658.3294567818263,1727239635.0,1727239635.0,,,,
ETH,2025-02-11,1739260800,1741334400,24.0,2712.6784526499996,2724.026166432527,2724.026166432527,0.653902903283763,0.0,0.0,182.0058165991648,182.0058165991648,18.0,59.0,65.0,802.4558220124724,802.4558220124724,1728413207,1728413207,672.514351337781,672.514351337781,1727239635.0,1727239635.0,,,,
ETH,2025-02-12,1739347200,1741334400,23.0,2618.82682835,2627.4445581553314,2627.4445581553314,0.6527085825553666,0.0,0.0,171.55163640223932,171.55163640223932,19.0,59.0,85.0,777.0303186996687,777.0303186996687,1728413207,1728413207,647.5595014521521,647.5595014521521,1727239635.0,1727239635.0,,,,
ETH,2025-02-13,1739433600,1741334400,22.0,2681.7844842500003,2691.3702707032157,2691.3702707032157,0.6621093199218062,0.0,0.0,174.34126325619766,174.34126325619752,15.0,61.0,79.0,794.9495588217848,794.9495588217848,1728413207,1728413207,665.0764065260881,665.0764065260881,1727239635.0,1727239635.0,,,,
ETH,2025-02-14,1739520000,1741334400,21.0,2700.1506835500004,2709.3034164864753,2709.3034164864753,0.6373878306579425,0.0,0.0,165.08662548371214,165.086625483712,9.0,60.0,71.0,800.892472128525,800.892472128525,1728413207,1728413207,661.8868162458892,661.8868162458892,1727239635.0,1727239635.0,,,,
ETH,2025-02-15,1739606400,1741939200,27.0,2698.83355485,2710.7537309158724,2710.7537309158724,0.6196298186371083,0.0,0.0,182.03470607457592,182.0347060745761,14.0,59.0,94.0,797.7298903891276,797.7298903891276,1728413207,1728413207,661.3703824175084,661.3703824175084,1727239635.0,1727239635.0,,,,
ETH,2025-02-16,1739692800,1741939200,26.0,2695.8907545499997,2707.8045414863454,2707.8045414863454,0.6265056803128906,0.0,0.0,180.4209325389054,180.4209325389054,18.0,59.0,74.0,796.8534394286539,796.8534394286539,1728413207,1728413207,661.9627131090641,661.9627131090641,1727239635.0,1727239635.0,,,,
ETH,2025-02-17,1739779200,1741939200,25.0,2682.5335935000003,2692.512960616746,2692.512960616746,0.6398349237256286,0.0,0.0,179.66033789396934,179.66033789396934,15.0,60.0,94.0,794.7807109332541,794.7807109332541,1728413207,1728413207,661.4802767044337,661.4802767044337,1727239635.0,1727239635.0,,,,
ETH,2025-02-18,1739865600,1741939200,24.0,2672.7815207,2681.322770221768,2681.322770221768,0.6420602156781144,0.0,0.0,175.91538703473506,175.91538703473506,17.0,60.0,74.0,793.293206688232,793.293206688232,1728413207,1728413207,658.6248166030207,658.6248166030207,1727239635.0,1727239635.0,,,,
ETH,2025-02-19,1739952000,1741939200,23.0,2709.0727947500004,2718.1440445803055,2718.1440445803055,0.6366452616697444,0.0,0.0,173.11534114436992,173.1153411443701,17.0,60.0,74.0,803.650588594695,803.650588594695,1728413207,1728413207,665.293506253764,665.293506253764,1727239635.0,1727239635.0,,,,
ETH,2025-02-20,1740038400,1743148800,36.0,2731.6038802999997,2745.7108725815515,2745.7108725815515,0.6093223223973643,0.0,0.0,209.292922126206,209.292922126206,17.0,59.0,65.0,805.3741718084482,805.3741718084482,1728413207,1728413207,681.8477493833027,681.8477493833027,1727239635.0,1727239635.0,,,,
ETH,2025-02-21,1740124800,1743148800,35.0,2756.106535,2772.4656438134543,2772.4656438134543,0.5819628848501551,0.0,0.0,199.0543889407844,199.0543889407844,22.0,59.0,70.0,810.4728516865455,810.4728516865455,1728413207,1728413207,676.2873171798435,676.2873171798435,1727239635.0,1727239635.0,,,,
ETH,2025-02-22,1740211200,1742544000,27.0,2684.3321394,2695.9336506506397,2695.9336506506397,0.6075600664047626,0.0,0.0,177.52112946901005,177.52112946901005,22.0,59.0,78.0,793.6981305693603,793.6981305693603,1728413207,1728413207,654.206997562007,654.206997562007,1727239635.0,1727239635.0,,,,
ETH,2025-02-23,1740297600,1743148800,33.0,2826.2104131499996,2840.830683815184,2840.830683815184,0.6081268515213251,0.0,0.0,206.94523585012303,206.94523585012303,21.0,60.0,81.0,833.2428532798156,833.2428532798156,1728413207,1728413207,578.0727582827767,698.2516757374028,1740253957.0,1727239635.0,,,,
ETH,2025-02-24,1740384000,1743148800,32.0,2722.80729655,2735.4143302328284,2735.4143302328284,0.6119667669912907,0.0,0.0,197.4675636470317,197.4675636470315,22.0,60.0,61.0,804.2351552821717,804.2351552821717,1728413207,1728413207,556.0157157860625,556.0157157860625,1740253957.0,1740253957.0,,,,
ETH,2025-02-25,1740470400,1743148800,31.0,2370.3537258,2381.462832422223,2381.462832422223,0.6467695076078996,0.0,0.0,178.8114435093809,178.81144350938104,21.0,60.0,61.0,699.997011117777,699.997011117777,1728413207,1728413207,490.9481068799524,490.9481068799524,1740253957.0,1740253957.0,,,,
ETH,2025-02-26,1740556800,1743148800,30.0,2483.4290771,2495.436933146017,2495.436933146017,0.5696959166820451,0.0,0.0,162.41699428482846,162.41699428482832,22.0,59.0,60.0,733.020867083983,733.020867083983,1728413207,1728413207,494.7014015772444,494.7014015772444,1740253957.0,1740253957.0,,,,
ETH,2025-02-27,1740643200,1743148800,29.0,2355.6064614,2367.146691574326,2367.146691574326,0.6004493891980724,0.0,0.0,159.64161028030983,159.64161028030983,22.0,59.0,71.0,695.1417082456744,695.1417082456744,1728413207,1728413207,475.2485944429265,475.2485944429265,1740253957.0,1740253957.0,,,,
ETH,2025-02-28,1740729600,1743148800,28.0,2105.9411969,2116.570180725041,2116.570180725041,0.6785222159924952,0.0,0.0,158.45307584240885,158.45307584240874,12.0,60.0,70.0,621.1533752449586,621.1533752449586,1728413207,1728413207,440.4098090508205,440.4098090508205,1740253957.0,1740253957.0,,,,
ETH,2025-03-01,1740816000,1743148800,27.0,2227.60534795,2240.318359854912,2240.318359854912,0.5887231285040229,0.0,0.0,142.95607150029394,142.95607150029394,18.0,60.0,70.0,655.568592480088,655.568592480088,1728413207,1728413207,446.9108044617416,446.9108044617416,1740253957.0,1740253957.0,,,,
ETH,2025-03-02,1740902400,1743148800,26.0,2221.5714865500004,2231.658692183814,2231.658692183814,0.5942177567826139,0.0,0.0,141.04859316537926,141.04859316537926,18.0,60.0,70.0,656.3842403311866,656.3842403311866,1728413207,1728413207,446.0404648527998,446.0404648527998,1740253957.0,1740253957.0,,,,
ETH,2025-03-03,1740988800,1743148800,25.0,2388.34323225,2397.6650181880636,2397.6650181880636,0.6517078818201408,0.0,0.0,162.94797249292057,162.94797249292057,18.0,60.0,70.0,707.181183736936,707.181183736936,1728413207,1728413207,490.6970718493192,490.6970718493192,1740253957.0,1740253957.0,,,,
ETH,2025-03-04,1741075200,1743148800,24.0,2078.9647137999996,2086.4474837706152,2086.4474837706152,0.7117061530522346,0.0,0.0,151.69633170875804,151.69633170875804,17.0,60.0,68.0,616.2066441693842,616.2066441693842,1728413207,1728413207,438.35955480645254,438.35955480645254,1740253957.0,1740253957.0,,,,
ETH,2025-03-05,1741161600,1743148800,23.0,2208.1028554,2214.61150487482,2214.61150487482,0.662966368280808,0.0,0.0,146.86410239863855,146.86410239863855,16.0,59.0,78.0,655.9222071451798,655.9222071451798,1728413207,1728413207,454.47731991411143,454.47731991411143,1740253957.0,1740253957.0,,,,
ETH,2025-03-06,1741248000,1743148800,22.0,2286.5286512,2293.9947315955774,2293.9947315955774,0.6722584633269824,0.0,0.0,150.87280803148187,150.87280803148198,18.0,60.0,67.0,678.4925149644228,678.4925149644228,1728413207,1728413207,472.03482505580854,472.03482505580854,1740253957.0,1740253957.0,,,,
ETH,2025-03-07,1741334400,1743148800,21.0,2191.02027105,2197.3862620089353,2197.3862620089353,0.6377422544494662,0.0,0.0,133.96816405681707,133.96816405681693,19.0,59.0,67.0,650.9400903560644,650.9400903560644,1728413207,1728413207,445.5112007749492,445.5112007749492,1740253957.0,1740253957.0,,,,
ETH,2025-03-08,1741420800,1743753600,27.0,2138.2957097,2145.912375762615,2145.912375762615,0.6234193374588995,0.0,0.0,144.98323224182909,144.98323224182909,19.0,60.0,70.0,633.8720468473848,633.8720468473848,1728413207,1728413207,434.6197511354299,434.6197511354299,1740253957.0,1740253957.0,,,,
ETH,2025-03-09,1741507200,1743753600,26.0,2184.95147255,2191.951754016319,2191.951754016319,0.6325489237830472,0.0,0.0,147.45513854085053,147.45513854085053,20.0,59.0,69.0,648.485160298681,648.485160298681,1728413207,1728413207,445.3420401469447,445.3420401469447,1740253957.0,1740253957.0,,,,
ETH,2025-03-10,1741593600,1743753600,25.0,2075.6281784,2081.083635954032,2081.083635954032,0.6831549609535004,0.0,0.0,148.2396108696142,148.2396108696142,20.0,60.0,81.0,617.2329959659676,617.2329959659676,1728413207,1728413207,432.1749144630849,432.1749144630849,1740253957.0,1740253957.0,,,,
ETH,2025-03-11,1741680000,1743753600,24.0,1905.0747184,1910.7566474071868,1910.7566474071868,0.7283255298317499,0.0,0.0,142.15736648783513,142.15736648783522,20.0,59.0,96.0,565.8404865128131,565.8404865128131,1728413207,1728413207,404.70485627163305,404.70485627163305,1740253957.0,1740253957.0,,,,
ETH,2025-03-12,1741766400,1743753600,23.0,1910.9309040500004,1915.538189170228,1915.538189170228,0.7050385838013796,0.0,0.0,135.07181689164744,135.07181689164744,20.0,60.0,77.0,568.6719860947726,568.6719860947726,1728413207,1728413207,400.5765490058457,400.5765490058457,1740253957.0,1740253957.0,,,,
ETH,2025-03-13,1741852800,1743753600,22.0,1872.1015073,1876.506876450454,1876.506876450454,0.7003778792996516,0.0,0.0,128.56501401964888,128.56501401964888,14.0,59.0,70.0,557.2250830395458,557.2250830395458,1728413207,1728413207,390.9421028617484,390.9421028617484,1740253957.0,1740253957.0,,,,
ETH,2025-03-14,1741939200,1743753600,21.0,1893.91671065,1898.481403678611,1898.481403678611,0.7045135779074106,0.0,0.0,127.83580026618772,127.83580026618772,20.0,59.0,66.0,563.6103201663888,563.6103201663888,1728413207,1728413207,395.59797121702456,395.59797121702456,1740253957.0,1740253957.0,,,,
ETH,2025-03-15,1742025600,1744358400,27.0,1918.43538835,1924.402738204535,1924.402738204535,0.6637922500071127,0.0,0.0,138.4153244030481,138.41532440304798,19.0,59.0,85.0,569.5632666504649,569.5632666504649,1728413207,1728413207,397.11239931968896,397.11239931968896,1740253957.0,1740253957.0,,,,
ETH,2025-03-16,1742112000,1744358400,26.0,1926.3910633,1931.1824162366613,1931.1824162366613,0.6794585599409648,0.0,0.0,139.52171974830483,139.52171974830483,19.0,59.0,65.0,573.1259660533387,573.1259660533387,1728413207,1728413207,400.9653965737456,400.9653965737456,1740253957.0,1740253957.0,,,,
ETH,2025-03-17,1742198400,1744358400,25.0,1901.61875185,1906.303174744652,1906.303174744652,0.6770291279527936,0.0,0.0,134.5752349885711,134.575234988571,19.0,59.0,65.0,565.801202660348,565.801202660348,1728413207,1728413207,394.7606029280783,394.7606029280783,1740253957.0,1740253957.0,,,,
ETH,2025-03-18,1742284800,1744358400,24.0,1905.27649135,1908.5836163172248,1908.5836163172248,0.6424402099330717,0.0,0.0,125.2916988833126,125.2916988833127,20.0,59.0,78.0,568.2758224377753,568.2758224377753,1728413207,1728413207,388.7660165454974,388.7660165454974,1740253957.0,1740253957.0,,,,
ETH,2025-03-19,1742371200,1744358400,23.0,1931.76493265,1935.9829637457324,1935.9829637457324,0.6252677002678528,0.0,0.0,121.10148275822549,121.10148275822556,19.0,59.0,78.0,575.3114486992675,575.3114486992675,1728413207,1728413207,391.21726398231544,391.21726398231544,1740253957.0,1740253957.0,,,,
ETH,2025-03-20,1742457600,1745568000,36.0,2007.76960175,2014.3499295662923,2014.3499295662923,0.6243072422741153,0.0,0.0,157.30878922137148,157.30878922137148,16.0,59.0,67.0,595.750552708708,595.750552708708,1728413207,1728413207,417.5429252650559,417.5429252650559,1740253957.0,1740253957.0,,,,
ETH,2025-03-21,1742544000,1745568000,35.0,1976.26543715,1981.4386551792168,1981.4386551792168,0.6147861079459952,0.0,0.0,150.26121312861426,150.26121312861414,19.0,60.0,91.0,587.706413115783,587.706413115783,1728413207,1728413207,407.32751959210793,407.32751959210793,1740253957.0,1740253957.0,,,,
ETH,2025-03-22,1742630400,1744963200,27.0,1983.1384332,1988.0433745219,1988.0433745219,0.5873791062646948,0.0,0.0,126.56925765658843,126.56925765658843,18.0,60.0,68.0,590.0365886380997,590.0365886380997,1728413207,1728413207,396.6085849731887,396.6085849731887,1740253957.0,1740253957.0,,,,
ETH,2025-03-23,1742716800,1745568000,33.0,2008.43234875,2014.5609290678055,2014.5609290678055,0.6049040111536452,0.0,0.0,145.97858945723098,145.97858945723087,20.0,59.0,79.0,596.4011243071946,596.4011243071946,1728413207,1728413207,409.4325521207888,409.4325521207888,1740253957.0,1740253957.0,,,,
ETH,2025-03-24,1742803200,1745568000,32.0,2070.6476236,2077.4969588796307,2077.4969588796307,0.5945879905082329,0.0,0.0,145.72517042667735,145.7251704266775,20.0,60.0,62.0,614.344951800369,614.344951800369,1728413207,1728413207,418.8330849088515,418.8330849088515,1740253957.0,1740253957.0,,,,
ETH,2025-03-25,1742889600,1745568000,31.0,2055.8415932,2062.22712225,2062.22712225,0.5814159075122358,0.0,0.0,139.2350570841583,139.2350570841583,20.0,60.0,62.0,610.3669489099999,610.3669489099999,1728413207,1728413207,412.0934606664041,412.0934606664041,1740253957.0,1740253957.0,,,,
ETH,2025-03-26,1742976000,1745568000,30.0,2070.2900718,2076.0765490060408,2076.0765490060408,0.5742106718814001,0.0,0.0,136.19109516086053,136.19109516086053,22.0,60.0,69.0,615.3005443339594,615.3005443339594,1728413207,1728413207,412.50883670325834,412.50883670325834,1740253957.0,1740253957.0,,,,
ETH,2025-03-27,1743062400,1745568000,29.0,2027.23918765,2032.3525284280804,2032.3525284280804,0.5600253731705082,0.0,0.0,127.85527542781529,127.85527542781529,18.0,60.0,61.0,603.0584155169197,603.0584155169197,1728413207,1728413207,401.343919477157,401.343919477157,1740253957.0,1740253957.0,,,,
ETH,2025-03-28,1743148800,1745568000,28.0,1909.8361896,1911.1120114210132,1911.1120114210132,0.6143020337919651,0.0,0.0,129.56483698626596,129.56483698626596,18.0,59.0,69.0,571.675035058987,571.675035058987,1728413207,1728413207,386.0510672996829,386.0510672996829,1740253957.0,1740253957.0,,,,
ETH,2025-03-29,1743235200,1745568000,27.0,1880.6883494500005,1883.541264226256,1883.541264226256,0.5987027164290709,0.0,0.0,122.22281682745415,122.22281682745415,20.0,59.0,69.0,561.3535900587444,561.3535900587444,1728413207,1728413207,377.58202902622145,377.58202902622145,1740253957.0,1740253957.0,,,,
ETH,2025-03-30,1743321600,1745568000,26.0,1837.43099835,1838.304855359214,1838.304855359214,0.6472088595746371,0.0,0.0,126.5239167491508,126.5239167491508,17.0,59.0,63.0,550.3554424957861,550.3554424957861,1728413207,1728413207,376.1325089202721,376.1325089202721,1740253957.0,1740253957.0,,,,
ETH,2025-03-31,1743408000,1745568000,25.0,1797.59625905,1798.5011335453787,1798.5011335453787,0.6671146523494548,0.0,0.0,125.11043018432176,125.11043018432188,17.0,59.0,76.0,538.3740032196213,538.3740032196213,1728413207,1728413207,370.8708895023807,370.8708895023807,1740253957.0,1740253957.0,,,,
ETH,2025-04-01,1743494400,1745568000,24.0,1854.3374841,1856.631930546631,1856.631930546631,0.6196949386574714,0.0,0.0,117.57535087141596,117.57535087141603,19.0,59.0,76.0,554.0067987833686,554.0067987833686,1728413207,1728413207,374.67676652522334,374.67676652522334,1740253957.0,1740253957.0,,,,
ETH,2025-04-02,1743580800,1745568000,23.0,1865.4326668,1868.5118720331832,1868.5118720331832,0.6208235723307942,0.0,0.0,116.0519131038236,116.0519131038236,19.0,60.0,73.0,556.5505948068167,556.5505948068167,1728413207,1728413207,376.9623336627319,376.9623336627319,1740253957.0,1740253957.0,,,,
ETH,2025-04-03,1743667200,1745568000,22.0,1815.7712059,1818.81782522902,1818.81782522902,0.6408361226984522,0.0,0.0,114.0416332422008,114.0416332422008,18.0,60.0,86.0,541.6847424409796,541.6847424409796,1728413207,1728413207,369.5650281884848,369.5650281884848,1740253957.0,1740253957.0,,,,
ETH,2025-04-04,1743753600,1745568000,21.0,1817.5308935999997,1822.7278527290125,1822.7278527290125,0.6406837259578899,0.0,0.0,111.63788975336888,111.63788975336878,17.0,60.0,119.0,540.062308950987,540.062308950987,1728413207,1728413207,369.96790531127465,369.96790531127465,1740253957.0,1740253957.0,,,,
ETH,2025-04-05,1743840000,1746172800,27.0,1812.2804141574247,1816.6574927430704,1816.6574927430704,0.6709822598909888,0.0,0.0,132.0770290430327,132.0770290430327,19.0,60.0,62.0,539.3070456615815,539.3070456615815,1728413207,1728413207,376.22069934732934,376.22069934732934,1740253957.0,1740253957.0,,,,
ETH,2025-04-06,1743926400,1746172800,26.0,1797.2228980390482,1801.4918587063864,1801.4918587063864,0.6945780769554057,0.0,0.0,133.03998111566702,133.0399811156669,54.0,60.0,76.0,534.8979087443763,534.8979087443763,1728413207,1728413207,376.78145650644746,376.78145650644746,1740253957.0,1740253957.0,,,,
ETH,2025-04-07,1744012800,1746172800,25.0,1459.2200003668827,1461.228184948281,1461.228184948281,0.8665601786395548,0.0,0.0,131.9229902589068,131.9229902589068,54.0,59.0,63.0,435.75781552866647,435.75781552866647,1728413207,1728413207,333.21694220838697,333.21694220838697,1740253957.0,1740253957.0,,,,
ETH,2025-04-08,1744099200,1746172800,24.0,1570.002235580537,1573.5686807890145,1573.5686807890145,0.7064846914132513,0.0,0.0,113.57013980192356,113.57013980192356,55.0,60.0,70.0,467.43422546568377,467.43422546568377,1728413207,1728413207,329.865612157085,329.865612157085,1740253957.0,1740253957.0,,,,
ETH,2025-04-09,1744185600,1746172800,23.0,1483.8598313700184,1487.501759055689,1487.501759055689,0.8028286680939828,0.0,0.0,119.3915157695268,119.3915157695268,55.0,60.0,60.0,441.5160217253349,441.5160217253349,1728413207,1728413207,326.142722716137,326.142722716137,1740253957.0,1740253957.0,,,,
ETH,2025-04-10,1744272000,1746172800,22.0,1594.2977897300138,1597.522148829965,1597.522148829965,0.6938327605913952,0.0,0.0,108.43059819498976,108.43059819498966,53.0,60.0,73.0,475.0649778190527,475.0649778190527,1728413207,1728413207,331.8771012619405,331.8771012619405,1740253957.0,1740253957.0,,,,
ETH,2025-04-11,1744358400,1746172800,21.0,1552.6113046593828,1553.9602369300512,1553.9602369300512,0.7342882275544853,0.0,0.0,109.04824732278313,109.04824732278313,54.0,59.0,69.0,464.4344591271463,464.4344591271463,1728413207,1728413207,328.20783651314605,328.20783651314605,1740253957.0,1740253957.0,,,,
ETH,2025-04-12,1744444800,1746777600,27.0,1580.3377264334065,1583.5222481650549,1583.5222481650549,0.7175468496116201,0.0,0.0,123.09238478555838,123.0923847855583,56.0,60.0,70.0,470.9167961983735,470.9167961983735,1728413207,1728413207,335.63143323458223,335.63143323458223,1740253957.0,1740253957.0,,,,
ETH,2025-04-13,1744531200,1746777600,26.0,1614.0211034579124,1617.2771232519076,1617.2771232519076,0.7304942987227379,0.0,0.0,125.59263657194452,125.59263657194452,69.0,60.0,70.0,480.9503112433785,480.9503112433785,1728413207,1728413207,344.36063590399,344.36063590399,1740253957.0,1740253957.0,,,,
ETH,2025-04-14,1744617600,1746777600,25.0,1635.8288359314147,1639.62351131666,1639.62351131666,0.7281649632722853,0.0,0.0,124.46601300974169,124.46601300974169,61.0,60.0,90.0,486.9539753941789,486.9539753941789,1728413207,1728413207,347.98781087488464,347.98781087488464,1740253957.0,1740253957.0,,,,
ETH,2025-04-15,1744704000,1746777600,24.0,1644.7577971616724,1648.191853421534,1648.191853421534,0.6897017876234446,0.0,0.0,116.13755192013164,116.13755192013164,62.0,59.0,61.0,489.99328288864007,489.99328288864007,1728413207,1728413207,342.82318793558983,342.82318793558983,1740253957.0,1740253957.0,,,,
ETH,2025-04-16,1744790400,1746777600,23.0,1564.2067749433131,1567.3251279352924,1567.3251279352924,0.6832123822955495,0.0,0.0,107.10515719375888,107.10515719375888,63.0,60.0,61.0,466.14367949101495,466.14367949101495,1728413207,1728413207,324.56073445107063,324.56073445107063,1740253957.0,1740253957.0,,,,
ETH,2025-04-17,1744876800,1746777600,22.0,1601.606179057981,1604.8578740840674,1604.8578740840674,0.6608609929749572,0.0,0.0,103.76371980310438,103.7637198031043,7.0,60.0,73.0,477.230158691308,477.230158691308,1728413207,1728413207,328.7297816147078,328.7297816147078,1740253957.0,1740253957.0,,,,
ETH,2025-04-18,1744963200,1746777600,21.0,1583.9839082074325,1587.048187036449,1587.048187036449,0.6277041415104803,0.0,0.0,95.23757536008934,95.23757536008924,10.0,60.0,81.0,472.13089363321296,472.13089363321296,1728413207,1728413207,320.6192824833022,320.6192824833022,1740253957.0,1740253957.0,,,,
ETH,2025-04-19,1745049600,1747382400,27.0,1600.54689292886,1603.9728479690348,1603.9728479690348,0.6390454631473393,0.0,0.0,111.07796416818816,111.07796416818825,62.0,60.0,67.0,476.7381128384832,476.7381128384832,1728413207,1728413207,327.2395296682482,327.2395296682482,1740253957.0,1740253957.0,,,,
ETH,2025-04-20,1745136000,1747382400,26.0,1597.2988666784977,1601.609214712132,1601.609214712132,0.6544680951805286,0.0,0.0,111.46628082548354,111.46628082548354,64.0,60.0,67.0,474.8793119699151,474.8793119699151,1728413207,1728413207,328.6556237923611,328.6556237923611,1740253957.0,1740253957.0,,,,
ETH,2025-04-21,1745222400,1747382400,25.0,1645.30090766665,1650.1781014900057,1650.1781014900057,0.6515137737205554,0.0,0.0,112.11461116213935,112.11461116213935,58.0,60.0,67.0,488.71307847663905,488.71307847663905,1728413207,1728413207,337.7477424548612,337.7477424548612,1740253957.0,1740253957.0,,,,
ETH,2025-04-22,1745308800,1747382400,24.0,1618.9649600736766,1621.840643560129,1621.840643560129,0.6548500669526509,0.0,0.0,108.51988111560276,108.51988111560276,66.0,59.0,78.0,482.8138045356506,482.8138045356506,1728413207,1728413207,332.1235616918295,332.1235616918295,1740253957.0,1740253957.0,,,,
ETH,2025-04-23,1745395200,1747382400,23.0,1793.44219815254,1798.367934344465,1798.367934344465,0.6907816867072398,0.0,0.0,124.25191081774904,124.25191081774896,62.0,59.0,62.0,533.1069232538368,533.1069232538368,1728413207,1728413207,373.6188091967403,373.6188091967403,1740253957.0,1740253957.0,,,,
ETH,2025-04-24,1745481600,1748592000,36.0,1756.1972490464375,1761.7547447353734,1761.7547447353734,0.6599057644299686,0.0,0.0,145.40039535016356,145.40039535016356,59.0,59.0,66.0,521.3016790249956,521.3016790249956,1728413207,1728413207,372.61679224305175,372.61679224305175,1740253957.0,1740253957.0,,,,
ETH,2025-04-25,1745568000,1748592000,35.0,1776.692218960466,1781.4720682102268,1781.4720682102268,0.6542623371095931,0.0,0.0,143.74287790213816,143.74287790213825,29.0,59.0,66.0,528.2278164383791,528.2278164383791,1728413207,1728413207,374.2410692063101,374.2410692063101,1740253957.0,1740253957.0,,,,
ETH,2025-04-26,1745654400,1747987200,27.0,1801.330353552922,1806.4480704647535,1806.4480704647535,0.6576382919411593,0.0,0.0,128.7299139727715,128.7299139727715,62.0,59.0,70.0,535.281389154045,535.281389154045,1728413207,1728413207,371.7021418147915,371.7021418147915,1740253957.0,1740253957.0,,,,
ETH,2025-04-27,1745740800,1748592000,33.0,1804.5602830278656,1810.255139111462,1810.255139111462,0.6566807203074518,0.0,0.0,142.36708983403395,142.36708983403395,63.0,60.0,81.0,535.6732288247637,535.6732288247637,1728413207,1728413207,377.9843252432792,377.9843252432792,1740253957.0,1740253957.0,,,,
ETH,2025-04-28,1745827200,1748592000,32.0,1805.345101836346,1810.6284488944616,1810.6284488944616,0.6469395350992634,0.0,0.0,138.1554674615359,138.1554674615358,61.0,60.0,61.0,536.3201834927881,536.3201834927881,1728413207,1728413207,374.7604494492924,374.7604494492924,1740253957.0,1740253957.0,,,,
ETH,2025-04-29,1745913600,1748592000,31.0,1821.6230978087297,1827.178394980686,1827.178394980686,0.6370808592078823,0.0,0.0,135.14393740624146,135.14393740624146,61.0,59.0,61.0,540.9316321706626,540.9316321706626,1728413207,1728413207,374.95115424155136,374.95115424155136,1740253957.0,1740253957.0,,,,
ETH,2025-04-30,1746000000,1748592000,30.0,1795.8259740237263,1801.3121229332437,1801.3121229332437,0.6271243576025397,0.0,0.0,129.02749935592402,129.02749935592394,61.0,59.0,77.0,533.2616432976007,533.2616432976007,1728413207,1728413207,366.5968971653929,366.5968971653929,1740253957.0,1740253957.0,,,,
ETH,2025-05-01,1746086400,1748592000,29.0,1811.57306626402,1817.557966046493,1817.557966046493,0.6114672565081406,0.0,0.0,124.82075864433013,124.82075864433013,59.0,59.0,77.0,537.4870200967327,537.4870200967327,1728413207,1728413207,366.8268667447172,366.8268667447172,1740253957.0,1740253957.0,,,,
ETH,2025-05-02,1746172800,1748592000,28.0,1817.5166658636224,1823.8091006428451,1823.8091006428451,0.6234199191854157,0.0,0.0,125.4768074204926,125.4768074204925,66.0,61.0,75.0,538.9625649798637,538.9625649798637,1728413207,1728413207,369.7412496801942,369.7412496801942,1740253957.0,1740253957.0,,,,
ETH,2025-05-03,1746259200,1748592000,27.0,1827.3371967332507,1832.5765398917097,1832.5765398917097,0.5973507481613168,0.0,0.0,118.64778036879925,118.64778036879925,62.0,59.0,71.0,542.9618158615162,542.9618158615162,1728413207,1728413207,367.0660328227723,367.0660328227723,1740253957.0,1740253957.0,,,,
ETH,2025-05-04,1746345600,1748592000,26.0,1840.7090892265971,1845.9907537147071,1845.9907537147071,0.5936578599121645,0.0,0.0,116.56333341482352,116.56333341482345,59.0,59.0,89.0,546.9310622798691,546.9310622798691,1728413207,1728413207,368.98945003897336,368.98945003897336,1740253957.0,1740253957.0,,,,
ETH,2025-05-05,1746432000,1748592000,25.0,1826.6021707825555,1829.573637408016,1829.573637408016,0.5959206170004429,0.0,0.0,113.71872316950578,113.71872316950568,58.0,60.0,114.0,545.0091846093065,545.0091846093065,1728413207,1728413207,365.9428218342646,365.9428218342646,1740253957.0,1740253957.0,,,,
ETH,2025-05-06,1746518400,1748592000,24.0,1806.150967153744,1810.121616135183,1810.121616135183,0.5692444775455865,0.0,0.0,105.31504426206595,105.31504426206608,34.0,60.0,74.0,537.8746411646841,537.8746411646841,1728413207,1728413207,358.4190277672619,358.4190277672619,1740253957.0,1740253957.0,,,,
ETH,2025-05-07,1746604800,1748592000,23.0,1838.0297371762415,1842.2817750888023,1842.2817750888023,0.5798641575547762,0.0,0.0,106.88742147537774,106.88742147537774,62.0,60.0,74.0,547.1568832403119,547.1568832403119,1728413207,1728413207,366.09159289680554,366.09159289680554,1740253957.0,1740253957.0,,,,
ETH,2025-05-08,1746691200,1748592000,22.0,1928.174672662318,1930.5441978291296,1930.5441978291296,0.579983487374136,0.0,0.0,109.57300879630546,109.57300879630546,62.0,59.0,99.0,576.0828766318841,576.0828766318841,1728413207,1728413207,383.72677522498856,383.72677522498856,1740253957.0,1740253957.0,,,,
ETH,2025-05-09,1746777600,1748592000,21.0,2367.831015612174,2374.4787491395664,2374.4787491395664,0.6836200743455997,0.0,0.0,155.15652399455823,155.15652399455837,61.0,59.0,79.0,703.7015711562595,703.7015711562595,1728413207,1728413207,490.3504438222619,490.3504438222619,1740253957.0,1740253957.0,,,,
ETH,2025-05-10,1746864000,1749196800,27.0,2402.930906413847,2412.6560085520305,2412.6560085520305,0.6797204995840437,0.0,0.0,177.6859919648821,177.68599196488228,34.0,60.0,65.0,711.1541697859705,711.1541697859705,1728413207,1728413207,501.6245165801024,501.6245165801024,1740253957.0,1740253957.0,,,,
ETH,2025-05-11,1746950400,1749196800,26.0,2472.216240401682,2477.8597948865445,2477.8597948865445,0.7057393850765988,0.0,0.0,185.9215622978332,185.92156229783308,59.0,60.0,65.0,736.0213176356424,736.0213176356424,1728413207,1728413207,521.0937600015038,521.0937600015038,1740253957.0,1740253957.0,,,,
ETH,2025-05-12,1747036800,1749196800,25.0,2553.290382646834,2561.161555457315,2561.161555457315,0.7097945169864464,0.0,0.0,189.53053077557385,189.530530775574,57.0,60.0,85.0,758.1159419835689,758.1159419835689,1728413207,1728413207,538.630251929278,538.630251929278,1740253957.0,1740253957.0,,,,
ETH,2025-05-13,1747123200,1749196800,24.0,2460.487766365709,2467.4604652541075,2467.4604652541075,0.6272204759845983,0.0,0.0,158.1509460288496,158.1509460288496,64.0,60.0,65.0,731.1736310213141,731.1736310213141,1728413207,1728413207,499.32183066524146,499.32183066524146,1740253957.0,1740253957.0,,,,
ETH,2025-05-14,1747209600,1749196800,23.0,2645.78810161373,2654.301620904004,2654.301620904004,0.6525436867994866,0.0,0.0,173.26150832762656,173.26150832762656,41.0,59.0,71.0,785.222911193845,785.222911193845,1728413207,1728413207,542.2737802706611,542.2737802706611,1740253957.0,1740253957.0,,,,
ETH,2025-05-15,1747296000,1749196800,22.0,2529.3983291331265,2536.2499471049287,2536.2499471049287,0.6162957952083765,0.0,0.0,152.9474074386217,152.9474074386217,50.0,59.0,91.0,751.9678807681357,751.9678807681357,1728413207,1728413207,510.4091677119134,510.4091677119134,1740253957.0,1740253957.0,,,,
ETH,2025-05-16,1747382400,1749196800,21.0,2601.3278145184654,2607.539726707239,2607.539726707239,0.6709309025463474,0.0,0.0,167.22975580569795,167.22975580569795,59.0,59.0,91.0,774.1864321667659,774.1864321667659,1728413207,1728413207,535.6936795515912,535.6936795515912,1740253957.0,1740253957.0,,,,
ETH,2025-05-17,1747468800,1749801600,27.0,2492.4164826831884,2501.7736326599975,2501.7736326599975,0.6401244352323638,0.0,0.0,173.5440443426869,173.5440443426869,58.0,59.0,70.0,738.3677948281475,738.3677948281475,1728413207,1728413207,510.5089236859328,510.5089236859328,1740253957.0,1740253957.0,,,,
ETH,2025-05-18,1747555200,1749801600,26.0,2510.1321840828896,2520.061120274281,2520.061120274281,0.652772587343208,0.0,0.0,174.93403293091131,174.93403293091131,60.0,59.0,70.0,743.1107190334752,743.1107190334752,1728413207,1728413207,516.6054223299262,516.6054223299262,1740253957.0,1740253957.0,,,,
ETH,2025-05-19,1747641600,1749801600,25.0,2404.6817363613977,2413.219763210693,2413.219763210693,0.682121646685905,0.0,0.0,171.63899279972054,171.63899279972054,53.0,59.0,70.0,712.8664940591239,712.8664940591239,1728413207,1728413207,500.8236642425578,500.8236642425578,1740253957.0,1740253957.0,,,,
ETH,2025-05-20,1747728000,1749801600,24.0,2532.3100428903863,2543.31640383655,2543.31640383655,0.6727423761201915,0.0,0.0,174.8156037989553,174.8156037989553,17.0,59.0,70.0,748.6866519209523,748.6866519209523,1728413207,1728413207,524.7223345070281,524.7223345070281,1740253957.0,1740253957.0,,,,
ETH,2025-05-21,1747814400,1749801600,23.0,2553.362573122201,2564.2489345220924,2564.2489345220924,0.6968947305164725,0.0,0.0,178.73162826270806,178.73162826270791,55.0,59.0,74.0,755.1224105367687,755.1224105367687,1728413207,1728413207,534.0649103772025,534.0649103772025,1740253957.0,1740253957.0,,,,
ETH,2025-05-22,1747900800,1751011200,36.0,2634.17500592982,2652.0871016562496,2652.0871016562496,0.6868456349107568,0.0,0.0,227.78256761197852,227.78256761197864,13.0,59.0,73.0,772.3404060525165,772.3404060525165,1728413207,1728413207,569.4310199214326,569.4310199214326,1740253957.0,1740253957.0,,,,
ETH,2025-05-23,1747987200,1751011200,35.0,2654.8769484946806,2673.975700455147,2673.975700455147,0.694554234712099,0.0,0.0,228.99439534748944,228.9943953474896,56.0,59.0,73.0,777.3643325879377,777.3643325879377,1728413207,1728413207,574.3795415533359,574.3795415533359,1740253957.0,1740253957.0,,,,
ETH,2025-05-24,1748073600,1750406400,27.0,2546.296035399972,2557.5157535403605,2557.5157535403605,0.6955927642386811,0.0,0.0,192.7398890646059,192.7398890646059,56.0,59.0,95.0,752.669092479603,752.669092479603,1728413207,1728413207,535.8856342510089,535.8856342510089,1740253957.0,1740253957.0,,,,
ETH,2025-05-25,1748160000,1751011200,33.0,2493.054999164704,2507.948022203509,2507.948022203509,0.6999317596425231,0.0,0.0,210.18122693062503,210.18122693062517,57.0,59.0,73.0,733.0234767106066,733.0234767106066,1728413207,1728413207,536.0535191112817,536.0535191112817,1740253957.0,1740253957.0,,,,
ETH,2025-05-26,1748246400,1751011200,32.0,2581.034240544476,2596.95289113069,2596.95289113069,0.690572717146085,0.0,0.0,211.47355590070737,211.47355590070737,56.0,59.0,73.0,758.3916215771283,758.3916215771283,1728413207,1728413207,549.8991985521263,549.8991985521263,1740253957.0,1740253957.0,,,,
ETH,2025-05-27,1748332800,1751011200,31.0,2607.915928989916,2622.8100096056796,2622.8100096056796,0.6719878158160251,0.0,0.0,204.58752418081716,204.5875241808173,56.0,60.0,73.0,767.4806980812116,767.4806980812116,1728413207,1728413207,547.7063077569561,547.7063077569561,1740253957.0,1740253957.0,,,,
ETH,2025-05-28,1748419200,1751011200,30.0,2636.352336990865,2649.5373454667083,2649.5373454667083,0.6514713335892952,0.0,0.0,197.13273489932715,197.13273489932715,51.0,59.0,77.0,777.720692621416,777.720692621416,1728413207,1728413207,545.5009388167794,545.5009388167794,1740253957.0,1740253957.0,,,,
ETH,2025-05-29,1748505600,1751011200,29.0,2731.0919595914347,2745.782176483965,2745.782176483965,0.6723814911599688,0.0,0.0,207.29787901638383,207.29787901638383,7.0,59.0,77.0,804.6373709849001,804.6373709849001,1728413207,1728413207,570.4239920987479,570.4239920987479,1740253957.0,1740253957.0,,,,
ETH,2025-05-30,1748592000,1751011200,28.0,2623.943419075087,2637.713868147385,2637.713868147385,0.6856055481605456,0.0,0.0,199.5228032127812,199.52280321278107,53.0,59.0,71.0,773.4125766502284,773.4125766502284,1728413207,1728413207,550.774583772518,550.774583772518,1740253957.0,1740253957.0,,,,
ETH,2025-05-31,1748678400,1751011200,27.0,2522.281722256704,2533.002947158406,2533.002947158406,0.6722320735126064,0.0,0.0,184.49979118514807,184.49979118514807,56.0,59.0,91.0,745.9632917753088,745.9632917753088,1728413207,1728413207,524.7155383123544,524.7155383123544,1740253957.0,1740253957.0,,,,
ETH,2025-06-01,1748764800,1751011200,26.0,2510.402453532972,2520.0729171841767,2520.0729171841767,0.6724595374834098,0.0,0.0,180.19676751236145,180.19676751236145,57.0,59.0,71.0,743.450272408687,743.450272408687,1728413207,1728413207,521.3709756230301,521.3709756230301,1740253957.0,1740253957.0,,,,
ETH,2025-06-02,1748851200,1751011200,25.0,2507.5391331883698,2516.933404231378,2516.933404231378,0.6641845541239915,0.0,0.0,174.32017301010418,174.32017301010418,58.0,60.0,86.0,742.8674689135025,742.8674689135025,1728413207,1728413207,518.0219341089955,518.0219341089955,1740253957.0,1740253957.0,,,,
ETH,2025-06-03,1748937600,1751011200,24.0,2609.6818217504474,2618.335503873779,2618.335503873779,0.6515731272381585,0.0,0.0,174.32224147996627,174.32224147996612,58.0,59.0,64.0,774.2508644018025,774.2508644018025,1728413207,1728413207,535.2752243696305,535.2752243696305,1740253957.0,1740253957.0,,,,
ETH,2025-06-04,1749024000,1751011200,23.0,2628.5168849725706,2636.931388523328,2636.931388523328,0.6293785721645776,0.0,0.0,166.03010440903657,166.0301044090367,55.0,59.0,64.0,780.1405619410141,780.1405619410141,1728413207,1728413207,533.6324605601368,533.6324605601368,1740253957.0,1740253957.0,,,,
ETH,2025-06-05,1749110400,1751011200,22.0,2604.3033282327906,2612.2887289498285,2612.2887289498285,0.6123704411175701,0.0,0.0,156.53141689500598,156.53141689500598,56.0,59.0,64.0,773.3055977527994,773.3055977527994,1728413207,1728413207,524.9164980935187,524.9164980935187,1740253957.0,1740253957.0,,,,
ETH,2025-06-06,1749196800,1751011200,21.0,2455.679953329236,2461.779493836263,2461.779493836263,0.6569899709044331,0.0,0.0,154.60800397206836,154.60800397206836,58.0,1859.0,1871.0,730.6044454917437,730.6044454917437,1728413207,1728413207,502.90163858090926,502.90163858090926,1740253957.0,1740253957.0,,,,
ETH,2025-06-07,1749283200,1751616000,27.0,2492.6031926275864,2501.5397211197687,2501.5397211197687,0.635482682467973,0.0,0.0,172.27265176693624,172.27265176693624,51.0,59.0,65.0,738.8444292960936,738.8444292960936,1728413207,1728413207,509.39627799804384,509.39627799804384,1740253957.0,1740253957.0,,,,
ETH,2025-06-08,1749369600,1751616000,26.0,2515.2231985316907,2523.6306781599815,2523.6306781599815,0.6508050187327767,0.0,0.0,174.6551196171949,174.65511961719506,40.0,59.0,65.0,746.1594799312164,746.1594799312164,1728413207,1728413207,516.9299057066877,516.9299057066877,1740253957.0,1740253957.0,,,,
ETH,2025-06-09,1749456000,1751616000,25.0,2493.0335798331,2500.845225934056,2500.845225934056,0.6374482202058556,0.0,0.0,166.25012128708138,166.25012128708138,14.0,59.0,85.0,740.0984278489743,740.0984278489743,1728413207,1728413207,508.6915406951661,508.6915406951661,1740253957.0,1740253957.0,,,,
ETH,2025-06-10,1749542400,1751616000,24.0,2678.399368484087,2687.9958065194332,2687.9958065194332,0.6603192238355825,0.0,0.0,181.3565439313356,181.3565439313356,61.0,59.0,65.0,793.9233725098799,793.9233725098799,1728413207,1728413207,551.5907845365554,551.5907845365554,1740253957.0,1740253957.0,,,,
ETH,2025-06-11,1749628800,1751616000,23.0,2792.9561864326315,2805.0011693294746,2805.0011693294746,0.7115772843657024,0.0,0.0,199.6207181027105,199.6207181027105,53.0,59.0,65.0,825.8418730329463,825.8418730329463,1728413207,1728413207,588.1557211181023,588.1557211181023,1740253957.0,1740253957.0,,,,
ETH,2025-06-12,1749715200,1751616000,22.0,2742.2784034510823,2750.7305957372528,2750.7305957372528,0.6749378493685928,0.0,0.0,181.6310889756847,181.63108897568452,58.0,59.0,93.0,814.2313287491543,814.2313287491543,1728413207,1728413207,566.6813876884173,566.6813876884173,1740253957.0,1740253957.0,,,,
ETH,2025-06-13,1749801600,1751616000,21.0,2529.2495523421007,2535.8221958595136,2535.8221958595136,0.7111394155827295,0.0422,0.0,172.35368478243856,172.35368478243856,56.0,60.0,109.0,752.2022221852174,752.2022221852174,1728413207,1728413207,529.918636570113,529.918636570113,1740253957.0,1740253957.0,361.7560800758258,364.2775594837385,1749766801.0,1749467333.0
ETH,2025-06-14,1749888000,1752220800,27.0,2539.1203257442144,2548.7785200279277,2548.7785200279277,0.6988392347841828,0.0422,0.0,192.97522542967843,192.97522542967843,25.0,59.0,89.0,752.0779034395509,752.0779034395509,1728413207,1728413207,534.9772438362397,534.9772438362397,1740253957.0,1740253957.0,365.54211932841855,365.54211932841855,1749766801.0,1749766801.0
ETH,2025-06-15,1749974400,1752220800,26.0,2530.993565392916,2541.1093268427107,2541.1093268427107,0.6855520534608387,0.0422,0.0,185.22884751551624,185.22884751551612,54.0,59.0,69.0,749.1823081680801,749.1823081680801,1728413207,1728413207,529.0023506810729,529.0023506810729,1740253957.0,1740253957.0,361.1293624626004,361.1293624626004,1749766801.0,1749766801.0
ETH,2025-06-16,1750060800,1752220800,25.0,2627.713903367049,2637.646660325775,2637.646660325775,0.7106128003873581,0.0422,0.0,195.41494228519173,195.41494228519156,56.0,59.0,69.0,778.3814140513889,778.3814140513889,1728413207,1728413207,554.867382986791,554.867382986791,1740253957.0,1740253957.0,379.16024888041346,379.16024888041346,1749766801.0,1749766801.0
ETH,2025-06-17,1750147200,1752220800,24.0,2583.6641964738865,2593.0241736416733,2593.0241736416733,0.7142238428980253,0.0422,0.0,189.19233759685983,189.19233759685983,56.0,60.0,89.0,765.7392817743792,765.7392817743792,1728413207,1728413207,545.4415055167085,545.4415055167085,1740253957.0,1740253957.0,372.6864186416327,372.6864186416327,1749766801.0,1749766801.0
ETH,2025-06-18,1750233600,1752220800,23.0,2532.7943131178727,2541.876708046439,2541.876708046439,0.6992623738311972,0.0422,0.0,177.77264076382656,177.77264076382656,19.0,59.0,63.0,750.7558990067955,750.7558990067955,1728413207,1728413207,530.0406844920863,530.0406844920863,1740253957.0,1740253957.0,361.820732140321,361.820732140321,1750211995.0,1749766801.0
ETH,2025-06-19,1750320000,1753430400,36.0,2519.551703143957,2530.7560784651573,2530.7560784651573,0.6802364979467742,0.0422626873691679,0.0,215.27811304834697,215.2781130483468,55.0,59.0,71.0,744.6611356219871,744.6611356219871,1728413207,1728413207,541.4973680820656,541.4973680820656,1740253957.0,1740253957.0,371.454620161443,371.454620161443,1750211995.0,1750211995.0
ETH,2025-06-20,1750406400,1753430400,35.0,2549.0740549713314,2560.81249321997,2560.81249321997,0.6638273076433729,0.0422546469281193,0.0,209.6362803612603,209.63628036126016,20.0,60.0,86.0,752.983778242761,752.983778242761,1728413207,1728413207,540.6897331329332,540.6897331329332,1740253957.0,1740253957.0,370.2823668546555,370.2823668546555,1750211995.0,1750211995.0
ETH,2025-06-21,1750492800,1752825600,27.0,2426.8596122321883,2434.3706270900216,2434.3706270900216,0.668186190204271,0.0422,0.0,176.25132895686218,176.2513289568623,53.0,60.0,60.0,720.5468688118233,720.5468688118233,1728413207,1728413207,503.406523233909,503.406523233909,1740253957.0,1740253957.0,345.5014827167909,345.5014827167909,1750211995.0,1750211995.0
ETH,2025-06-22,1750579200,1753430400,33.0,2271.656698497047,2279.281647772321,2279.281647772321,0.6939912176403581,0.0422546469281193,0.0,189.40227324377696,189.40227324377696,14.0,60.0,66.0,673.87206027384,673.87206027384,1728413207,1728413207,485.7779621338501,485.7779621338501,1740253957.0,1740253957.0,332.7908266537635,332.7908266537635,1750211995.0,1750211995.0
ETH,2025-06-23,1750665600,1753430400,32.0,2259.448263689473,2266.5188482293447,2266.5188482293447,0.6804076831817504,0.0422546469281193,0.0,181.85833168132945,181.85833168132945,53.0,60.0,66.0,670.7638945669703,670.7638945669703,1728413207,1728413207,477.53571048293,477.53571048293,1740253957.0,1740253957.0,326.6525046589173,326.6525046589173,1750211995.0,1750211995.0
ETH,2025-06-24,1750752000,1753430400,31.0,2395.5439716177148,2402.455032495683,2402.455032495683,0.6706109761462544,0.042225965270843,0.0,187.01639366869873,187.01639366869884,25.0,60.0,60.0,711.7521306073459,711.7521306073459,1728413207,1728413207,501.5806593125222,501.5806593125222,1740253957.0,1740253957.0,342.675928599859,342.675928599859,1750211995.0,1750211995.0
ETH,2025-06-25,1750838400,1753430400,30.0,2446.431478647858,2452.9491540962067,2452.9491540962067,0.6459294837849294,0.042225965270843,0.0,180.9579749081664,180.9579749081664,52.0,60.0,80.0,727.4117681460086,727.4117681460086,1728413207,1728413207,503.84997397204006,503.84997397204006,1740253957.0,1740253957.0,347.9779228029927,347.9779228029927,1750211995.0,1750211995.0
ETH,2025-06-26,1750924800,1753430400,29.0,2491.9193212175614,2497.8226353475634,2497.8226353475634,0.6483440356552194,0.0422113787173018,0.0,181.8552045402715,181.8552045402715,52.0,60.0,61.0,741.6724822352664,741.6724822352664,1728413207,1728413207,513.0473051012912,513.0473051012912,1740253957.0,1740253957.0,354.4887219773769,354.4887219773769,1750211995.0,1750211995.0
ETH,2025-06-27,1751011200,1753430400,28.0,2443.407668474184,2448.010267014772,2448.010267014772,0.6351565293024165,0.0422113787173018,0.0,171.5840540385408,171.58405403854067,36.0,60.0,81.0,728.4197020016671,728.4197020016671,1728413207,1728413207,499.1179075561976,499.1179075561976,1740253957.0,1740253957.0,347.8284365062581,347.8284365062581,1750211995.0,1750211995.0
ETH,2025-06-28,1751097600,1753430400,27.0,2433.1208071612486,2436.971585013617,2436.971585013617,0.6011261185586048,0.0422,0.0,158.77352823773782,158.77352823773782,55.0,59.0,70.0,726.0854642960061,726.0854642960061,1728413207,1728413207,489.0152125846888,489.0152125846888,1740253957.0,1740253957.0,346.99378932516345,346.99378932516345,1750211995.0,1750211995.0
ETH,2025-06-29,1751184000,1753430400,26.0,2440.622761749544,2445.7540215259382,2445.7540215259382,0.6062346287431783,0.0422,0.0,157.69949264448718,157.69949264448704,9.0,59.0,70.0,727.0555687484691,727.0555687484691,1728413207,1728413207,491.4511794273351,491.4511794273351,1740253957.0,1740253957.0,348.3153935581179,348.3153935581179,1750211995.0,1750211995.0
ETH,2025-06-30,1751270400,1753430400,25.0,2481.1947709905257,2486.901771848624,2486.901771848624,0.6153616905983038,0.0422,0.0,159.60761028406048,159.60761028406048,53.0,59.0,70.0,738.6514304390596,738.6514304390596,1728413207,1728413207,501.2399616183348,501.2399616183348,1740253957.0,1740253957.0,354.1983362801963,354.1983362801963,1750211995.0,1750211995.0
ETH,2025-07-01,1751356800,1753430400,24.0,2466.2351134667124,2469.777127138992,2469.777127138992,0.5880299815267396,0.0422,0.0,148.4277894860298,148.4277894860298,31.0,59.0,70.0,736.328520367734,736.328520367734,1728413207,1728413207,492.36246165750555,492.36246165750555,1740253957.0,1740253957.0,352.37600853566147,352.37600853566147,1750211995.0,1750211995.0
ETH,2025-07-02,1751443200,1753430400,23.0,2448.4299857742967,2451.639032910182,2451.639032910182,0.5722208223455417,0.0422,0.0,140.37006396661147,140.37006396661147,55.0,59.0,70.0,731.3199485964037,731.3199485964037,1728413207,1728413207,486.0259971556198,486.0259971556198,1740253957.0,1740253957.0,350.19359606949905,350.19359606949905,1750211995.0,1750211995.0
ETH,2025-07-03,1751529600,1753430400,22.0,2600.674517209074,2604.0916531242665,2604.0916531242665,0.6263164990811865,0.0422,0.0,159.58696354595233,159.5869635459522,11.0,60.0,85.0,776.78521924753,776.78521924753,1728413207,1728413207,526.1782530600335,526.1782530600335,1740253957.0,1740253957.0,371.31388506728945,371.31388506728945,1750211995.0,1750211995.0
ETH,2025-07-04,1751616000,1753430400,21.0,2536.792559934994,2542.210487819563,2542.210487819563,0.616171926318672,0.0422,0.0,149.75852695573042,149.75852695573042,51.0,59.0,60.0,755.6198400959304,755.6198400959304,1728413207,1728413207,511.42262927798674,511.42262927798674,1740253957.0,1740253957.0,362.8126946364564,362.8126946364564,1750211995.0,1750211995.0
ETH,2025-07-05,1751702400,1754035200,27.0,2520.7842245377924,2527.905905050192,2527.905905050192,0.6032092603787691,0.0422,0.0,165.2675471371762,165.2675471371762,39.0,59.0,72.0,749.1135868489382,749.1135868489382,1728413207,1728413207,507.5909367946565,507.5909367946565,1740253957.0,1740253957.0,359.875386251464,359.875386251464,1750211995.0,1750211995.0
ETH,2025-07-06,1751788800,1754035200,26.0,2518.6739860941316,2524.500584590706,2524.500584590706,0.5928887383922259,0.0422,0.0,159.20110115267548,159.20110115267548,51.0,59.0,72.0,749.775597331665,749.775597331665,1728413207,1728413207,504.51224459472184,504.51224459472184,1740253957.0,1740253957.0,359.74400942002245,359.74400942002245,1750211995.0,1750211995.0
ETH,2025-07-07,1751875200,1754035200,25.0,2579.307998473959,2585.852857178343,2585.852857178343,0.605324550008792,0.0422,0.0,163.25698694181278,163.25698694181278,52.0,59.0,72.0,767.2475408378032,767.2475408378032,1728413207,1728413207,519.0444357050086,519.0444357050086,1740253957.0,1740253957.0,368.4503075753332,368.4503075753332,1750211995.0,1750211995.0
ETH,2025-07-08,1751961600,1754035200,24.0,2552.454404768428,2557.4417948783635,2557.4417948783635,0.5907116147558373,0.0422,0.0,154.39580490357795,154.39580490357795,57.0,59.0,72.0,760.7489313205929,760.7489313205929,1728413207,1728413207,510.291768728012,510.291768728012,1740253957.0,1740253957.0,364.82783428547015,364.82783428547015,1750211995.0,1750211995.0
ETH,2025-07-09,1752048000,1754035200,23.0,2625.171259072773,2632.7645526278257,2632.7645526278257,0.6072906356463054,0.0422,0.0,159.96161742418985,159.96161742418968,45.0,59.0,92.0,779.9580841667791,779.9580841667791,1728413207,1728413207,528.281656407414,528.281656407414,1740253957.0,1740253957.0,375.4653664478301,375.4653664478301,1750211995.0,1750211995.0
ETH,2025-07-10,1752134400,1754035200,22.0,2792.330710857246,2802.403403284188,2802.403403284188,0.6310867330612993,0.0422,0.0,173.0455592193399,173.0455592193399,7.0,59.0,64.0,827.6265208302314,827.6265208302314,1728413207,1728413207,567.0477691873268,567.0477691873268,1740253957.0,1740253957.0,399.4481130325422,399.4481130325422,1750211995.0,1750211995.0
ETH,2025-07-11,1752220800,1754035200,21.0,2977.09167789936,2987.976587586724,2987.976587586724,0.6774503061412284,0.0422,0.0,193.48634274641915,193.48634274641933,53.0,59.0,64.0,882.2425936824438,882.2425936824438,1728413207,1728413207,615.3616647719409,615.3616647719409,1740253957.0,1740253957.0,425.33441713477094,425.33441713477094,1750211995.0,1750211995.0
ETH,2025-07-12,1752307200,1754640000,27.0,2964.0436432479046,2975.452190813298,2975.452190813298,0.6473909247782913,0.0422,0.0,208.73937104768024,208.7393710476804,10.0,60.0,68.0,877.804545408978,877.804545408978,1728413207,1728413207,609.1967342773038,609.1967342773038,1740253957.0,1740253957.0,422.68421541052805,422.68421541052805,1750211995.0,1750211995.0
ETH,2025-07-13,1752393600,1754640000,26.0,2964.1228760838612,2977.441589041205,2977.441589041205,0.6685689556536278,0.0422,0.0,211.67224036863624,211.67224036863624,50.0,64.0,98.0,875.9181498678145,875.9181498678145,1728413207,1728413207,614.7957726765671,614.7957726765671,1740253957.0,1740253957.0,422.7591393692896,422.7591393692896,1750211995.0,1750211995.0
ETH,2025-07-14,1752480000,1754640000,25.0,3044.8445778677387,3059.66177290982,3059.66177290982,0.647057487689321,0.0422,0.0,206.4577770638149,206.45777706381503,42.0,64.0,78.0,898.6361783182406,898.6361783182406,1728413207,1728413207,624.7801886662146,624.7801886662146,1740253957.0,1740253957.0,435.0799624326371,435.0799624326371,1750211995.0,1750211995.0
ETH,2025-07-15,1752566400,1754640000,24.0,2979.005904305176,2991.904749494357,2991.904749494357,0.648510674800921,0.0422,0.0,198.25948225649583,198.25948225649583,55.0,64.0,78.0,880.8029261023721,880.8029261023721,1728413207,1728413207,610.7248343863438,610.7248343863438,1740253957.0,1740253957.0,425.66213719593816,425.66213719593816,1750211995.0,1750211995.0
ETH,2025-07-16,1752652800,1754640000,23.0,3163.8265907066075,3178.64127792608,3178.64127792608,0.6515495659246137,0.0422,0.0,207.17277429445673,207.17277429445656,50.0,64.0,78.0,934.3332899925095,934.3332899925095,1728413207,1728413207,648.9518118141934,648.9518118141934,1740253957.0,1740253957.0,452.40661966944424,452.40661966944424,1750211995.0,1750211995.0
ETH,2025-07-17,1752739200,1754640000,22.0,3449.7100710168083,3461.1361137390063,3461.1361137390063,0.707157974733531,0.0422,0.0,239.42249056866171,239.42249056866171,57.0,64.0,98.0,1023.4869785828446,1023.4869785828446,1728413207,1728413207,723.1402381174121,723.1402381174121,1740253957.0,1740253957.0,493.7030007447455,493.7030007447455,1750211995.0,1750211995.0
ETH,2025-07-18,1752825600,1754640000,21.0,3608.363727706278,3623.9441607006297,3623.9441607006297,0.6892027655829644,0.0422,0.0,238.73026707503408,238.73026707503408,13.0,64.0,98.0,1066.9286853175315,1066.9286853175315,1728413207,1728413207,749.936776884577,749.936776884577,1740253957.0,1740253957.0,515.5954080432746,515.5954080432746,1750211995.0,1750211995.0
ETH,2025-07-19,1752912000,1755244800,27.0,3574.1749274219233,3591.395239427189,3591.395239427189,0.6506862734459988,0.0422,0.0,253.2292768733289,253.2292768733287,55.0,63.0,68.0,1055.0321662213112,1055.0321662213112,1728413207,1728413207,736.3059555682453,736.3059555682453,1740253957.0,1740253957.0,510.0701514413921,510.0701514413921,1750211995.0,1750211995.0
ETH,2025-07-20,1752998400,1755244800,26.0,3671.922027756869,3690.1277570975094,3690.1277570975094,0.6835146683377245,0.0422,0.0,268.1869684224129,268.1869684224127,57.0,63.0,68.0,1083.37087898642,1083.37087898642,1728413207,1728413207,767.318734735191,767.318734735191,1740253957.0,1740253957.0,523.8203722861291,523.8203722861291,1750211995.0,1750211995.0
ETH,2025-07-21,1753084800,1755244800,25.0,3788.124854138465,3805.213308429292,3805.213308429292,0.6764876140369319,0.0422,0.0,268.4142605869137,268.4142605869137,19.0,63.0,68.0,1119.349001950712,1119.349001950712,1728413207,1728413207,787.5020305320041,787.5020305320041,1740253957.0,1740253957.0,540.3986433464198,540.3986433464198,1750211995.0,1750211995.0
ETH,2025-07-22,1753171200,1755244800,24.0,3676.579262490312,3692.6604721448143,3692.6604721448143,0.6696290091691626,0.0422,0.0,252.6443685898506,252.6443685898506,44.0,63.0,68.0,1086.8925690925912,1086.8925690925912,1728413207,1728413207,760.7813015446525,760.7813015446525,1740253957.0,1740253957.0,524.8744132200361,524.8744132200361,1750211995.0,1750211995.0
ETH,2025-07-23,1753257600,1755244800,23.0,3675.8141592244574,3693.1162324959937,3693.1162324959937,0.6530508549125444,0.0422,0.0,241.25784847551955,241.25784847551955,49.0,63.0,68.0,1085.4421744958008,1085.4421744958008,1728413207,1728413207,754.4600947281859,754.4600947281859,1740253957.0,1740253957.0,525.5958863314398,525.5958863314398,1750211995.0,1750211995.0
ETH,2025-07-24,1753344000,1756454400,36.0,3595.0027031808745,3619.885808475887,3619.885808475887,0.6490459148543725,0.0423,0.0,293.8555122862402,293.85551228623996,23.0,63.0,74.0,1053.6177056592496,1053.6177056592496,1728413207,1728413207,760.3649862383401,760.3649862383401,1740253957.0,1740253957.0,520.7149586217855,520.7149586217855,1750211995.0,1750211995.0
ETH,2025-07-25,1753430400,1756454400,35.0,3637.277583811284,3657.065560184033,3657.065560184033,0.6694132760548908,0.0422554969150766,0.0,301.8892957640407,301.8892957640407,49.0,63.0,65.0,1071.3952987706357,1071.3952987706357,1728413207,1728413207,774.4953685806328,774.4953685806328,1740253957.0,1740253957.0,530.6287860361507,530.6287860361507,1750211995.0,1750211995.0
ETH,2025-07-26,1753516800,1755849600,27.0,3743.116414302933,3762.082525378049,3762.082525378049,0.6437312042941943,0.0422,0.0,262.43634775628846,262.43634775628846,46.0,63.0,81.0,1103.9688132157642,1103.9688132157642,1728413207,1728413207,768.7774530177535,768.7774530177535,1740253957.0,1740253957.0,534.4767757271109,534.4767757271109,1750211995.0,1750211995.0
ETH,2025-07-27,1753603200,1756454400,33.0,3770.363876262823,3795.054121452405,3795.054121452405,0.6532206065189257,0.0422536529995555,0.0,296.8935813840598,296.8935813840598,45.0,64.0,68.0,1106.4189176892646,1106.4189176892646,1728413207,1728413207,790.4582999474654,790.4582999474654,1740253957.0,1740253957.0,540.4082635174005,540.4082635174005,1750211995.0,1750211995.0
ETH,2025-07-28,1753689600,1756454400,32.0,3892.372049476427,3918.207755049517,3918.207755049517,0.6721292507526625,0.0422536529995555,0.0,310.5722542555944,310.5722542555944,57.0,63.0,61.0,1141.8759092698388,1141.8759092698388,1728413207,1728413207,821.3410776739137,821.3410776739137,1740253957.0,1740253957.0,561.7735535372616,561.7735535372616,1750211995.0,1750211995.0
ETH,2025-07-29,1753776000,1756454400,31.0,3876.3938280782304,3902.0050946386946,3902.0050946386946,0.6626872005295764,0.0422536529995555,0.0,300.1693771157798,300.1693771157796,56.0,63.0,82.0,1137.306881863005,1137.306881863005,1728413207,1728413207,810.7515934904085,810.7515934904085,1740253957.0,1740253957.0,553.8777599308788,553.8777599308788,1750211995.0,1750211995.0
ETH,2025-07-30,1753862400,1756454400,30.0,3811.326450928587,3830.3255050506896,3830.3255050506896,0.6325013357075161,0.0422180872558655,0.0,276.71117986641354,276.7111798664138,54.0,63.0,69.0,1124.3988811564732,1124.3988811564732,1728413207,1728413207,781.2832368929644,781.2832368929644,1740253957.0,1740253957.0,543.6506735857033,543.6506735857033,1750211995.0,1750211995.0
ETH,2025-07-31,1753948800,1756454400,29.0,3864.041994711859,3877.665260866169,3877.665260866169,0.6278215069892114,0.0422180872558655,0.0,273.4026606602074,273.40266066020723,54.0,183.0,209.0,1145.5893322592476,1145.5893322592476,1728413207,1728413207,788.5148970911964,788.5148970911964,1740253957.0,1740253957.0,550.8217282178855,550.8217282178855,1750211995.0,1750211995.0
ETH,2025-08-01,1754035200,1756454400,28.0,3647.233943891778,3660.7835153429737,3660.7835153429737,0.6679678177652475,0.0422180872558655,0.0,269.8070042164284,269.8070042164284,53.0,63.0,70.0,1080.6206117163374,1080.6206117163374,1728413207,1728413207,757.9438640923939,757.9438640923939,1740253957.0,1740253957.0,519.2636522155259,519.2636522155259,1750211995.0,1750211995.0
ETH,2025-08-02,1754121600,1756454400,27.0,3519.589349169759,3529.8590119907,3529.8590119907,0.6645885481897503,0.0422180872558655,0.0,254.1937274593647,254.1937274593645,58.0,63.0,70.0,1045.6071419299867,1045.6071419299867,1728413207,1728413207,728.710529800386,728.710529800386,1740253957.0,1740253957.0,501.06952141585,501.06952141585,1750211995.0,1750211995.0
ETH,2025-08-03,1754208000,1756454400,26.0,3455.6950191302913,3464.820195758871,3464.820195758871,0.6675118940037682,0.0422180872558655,0.0,245.9325306457461,245.9325306457461,59.0,64.0,62.0,1027.5833291105075,1027.5833291105075,1728413207,1728413207,715.3160770355529,715.3160770355529,1740253957.0,1740253957.0,492.0470672300877,492.0470672300877,1750211995.0,1750211995.0
ETH,2025-08-04,1754294400,1756454400,25.0,3552.8343318491216,3560.288746844393,3560.288746844393,0.6211087135652754,0.0422180872558655,0.0,230.6261513606853,230.6261513606853,62.0,64.0,82.0,1058.3958845594652,1058.3958845594652,1728413207,1728413207,719.318562673499,719.318562673499,1740253957.0,1740253957.0,506.9520621071317,506.9520621071317,1750211995.0,1750211995.0
ETH,2025-08-05,1754380800,1756454400,24.0,3612.047527720711,3620.9748899569618,3620.9748899569618,0.6360374859107412,0.0422180872558655,0.0,235.34032440681457,235.34032440681457,62.0,64.0,62.0,1074.6868960799632,1074.6868960799632,1728413207,1728413207,735.4812691542418,735.4812691542418,1740253957.0,1740253957.0,515.5065558636609,515.5065558636609,1750211995.0,1750211995.0
ETH,2025-08-06,1754467200,1756454400,23.0,3640.6750988219737,3650.3236684045496,3650.3236684045496,0.6208474672680644,0.0422,0.0,226.72765613845917,226.72765613845917,63.0,64.0,88.0,1082.5539600640154,1082.5539600640154,1728413207,1728413207,736.3040115065033,736.3040115065033,1740253957.0,1740253957.0,520.2914474339428,520.2914474339428,1750211995.0,1750211995.0
ETH,2025-08-07,1754553600,1756454400,22.0,3702.619267130315,3712.074261457828,3712.074261457828,0.5963613738545698,0.0422,0.0,216.6273929349404,216.62739293494064,44.0,64.0,70.0,1101.3307858115816,1101.3307858115816,1728413207,1728413207,741.7284725395455,741.7284725395455,1740253957.0,1740253957.0,529.9095176550339,529.9095176550339,1750211995.0,1750211995.0
ETH,2025-08-08,1754640000,1756454400,21.0,3916.706549766136,3933.6927578416658,3933.6927578416658,0.6107548744898648,0.0422,0.0,229.6954745669941,229.69547456699388,60.0,244.0,270.0,1158.025756854311,1158.025756854311,1728413207,1728413207,789.517035066666,789.517035066666,1740253957.0,1740253957.0,561.4350059397491,561.4350059397491,1750211995.0,1750211995.0
ETH,2025-08-09,1754726400,1757059200,27.0,4171.6507574425195,4196.013394192642,4196.013394192642,0.6514852222711569,0.0422,0.0,296.2232283220577,296.2232283220575,51.0,66.0,75.0,1227.1325904826328,1227.1325904826328,1728413207,1728413207,860.4268071759495,860.4268071759495,1740253957.0,1740253957.0,595.8767065841766,595.8767065841766,1750211995.0,1750211995.0
ETH,2025-08-10,1754812800,1757059200,26.0,4185.849913465938,4214.810925807482,4214.810925807482,0.6697481580527553,0.0422,0.0,300.1663763827336,300.1663763827336,60.0,65.0,74.0,1226.7939616982371,1226.7939616982371,1728413207,1728413207,870.39708737108,870.39708737108,1740253957.0,1740253957.0,598.31660211653,598.31660211653,1750211995.0,1750211995.0
ETH,2025-08-11,1754899200,1757059200,25.0,4271.781017375492,4298.466644135402,4298.466644135402,0.6485702045238483,0.0422,0.0,290.7254735636726,290.7254735636729,59.0,66.0,63.0,1254.848678452738,1254.848678452738,1728413207,1728413207,878.1098575836263,878.1098575836263,1740253957.0,1740253957.0,611.1364274153941,611.1364274153941,1750211995.0,1750211995.0
ETH,2025-08-12,1754985600,1757059200,24.0,4314.968746521238,4339.9080093909,4339.9080093909,0.6565060545022204,0.0422,0.0,291.12260699437553,291.12260699437576,61.0,66.0,63.0,1269.55136108671,1269.55136108671,1728413207,1728413207,888.7298340288572,888.7298340288572,1740253957.0,1740253957.0,617.1668400589384,617.1668400589384,1750211995.0,1750211995.0
ETH,2025-08-13,1755072000,1757059200,23.0,4625.042221411368,4652.792902462895,4652.792902462895,0.6658520857036972,0.0422,0.0,309.8943972021725,309.8943972021725,60.0,66.0,81.0,1359.7619853718834,1359.7619853718834,1728413207,1728413207,955.4950308475552,955.4950308475552,1740253957.0,1740253957.0,661.7551048578466,661.7551048578466,1750211995.0,1750211995.0
ETH,2025-08-14,1755158400,1757059200,22.0,4747.218434590897,4772.528819692809,4772.528819692809,0.6831321392130496,0.0422,0.0,318.94771607761595,318.94771607761623,62.0,66.0,81.0,1398.8551452753577,1398.8551452753577,1728413207,1728413207,986.2616021964752,986.2616021964752,1740253957.0,1740253957.0,678.7195328398682,678.7195328398682,1750211995.0,1750211995.0
ETH,2025-08-15,1755244800,1757059200,21.0,4642.052168533615,4662.544153656071,4662.544153656071,0.6729130066877856,0.0422,0.0,299.90515847981004,299.90515847981027,59.0,66.0,62.0,1372.1236654376285,1372.1236654376285,1728413207,1728413207,958.3020250906094,958.3020250906094,1740253957.0,1740253957.0,663.7931520334654,663.7931520334654,1750211995.0,1750211995.0
ETH,2025-08-16,1755331200,1757664000,27.0,4456.18887122339,4475.633130175178,4475.633130175178,0.6803725050542707,0.0422,0.0,329.93429967293855,329.93429967293827,58.0,66.0,83.0,1317.4124024152295,1317.4124024152295,1728413207,1728413207,930.7896143703488,930.7896143703488,1740253957.0,1740253957.0,635.4278668990378,635.4278668990378,1750211995.0,1750211995.0
ETH,2025-08-17,1755417600,1757664000,26.0,4470.215478757056,4492.421066446936,4492.421066446936,0.6950528554891827,0.0422,0.0,331.9909436685519,331.9909436685519,59.0,66.0,63.0,1318.8590559372374,1318.8590559372374,1728413207,1728413207,939.372148961342,939.372148961342,1740253957.0,1740253957.0,641.6468367681902,641.6468367681902,1750211995.0,1750211995.0
ETH,2025-08-18,1755504000,1757664000,25.0,4259.768425325004,4275.315428567021,4275.315428567021,0.6968305579432685,0.0422,0.0,310.6186228449716,310.6186228449718,22.0,65.0,64.0,1262.3835243554838,1262.3835243554838,1728413207,1728413207,893.4466484635605,893.4466484635605,1740253957.0,1740253957.0,610.0947018015866,610.0947018015866,1750211995.0,1750211995.0
ETH,2025-08-19,1755590400,1757664000,24.0,4234.012580191876,4245.218798114254,4245.218798114254,0.6871253291922214,0.0422,0.0,298.01889870715155,298.01889870715155,32.0,65.0,81.0,1258.9975561351844,1258.9975561351844,1728413207,1728413207,881.867704645057,881.867704645057,1740253957.0,1740253957.0,603.0273691287665,603.0273691287665,1750211995.0,1750211995.0
ETH,2025-08-20,1755676800,1757664000,23.0,4186.720541407273,4200.570409016304,4200.570409016304,0.6890918779405191,0.0422,0.0,289.51546437148573,289.51546437148596,57.0,66.0,69.0,1242.166294813151,1242.166294813151,1728413207,1728413207,871.9357517176842,871.9357517176842,1740253957.0,1740253957.0,596.958329696262,596.958329696262,1750211995.0,1750211995.0
ETH,2025-08-21,1755763200,1758873600,36.0,4310.832041458051,4335.348189090522,4335.348189090522,0.6707406307603915,0.0422608728617069,0.0,363.656303024319,363.656303024319,60.0,65.0,63.0,1268.733464804944,1268.733464804944,1728413207,1728413207,922.2974287063674,922.2974287063674,1740253957.0,1740253957.0,632.3811965162337,632.3811965162337,1750211995.0,1750211995.0
ETH,2025-08-22,1755849600,1758873600,35.0,4328.56932384864,4354.484105993944,4354.484105993944,0.673492087154329,0.0422556943545291,0.0,361.64325010364,361.64325010364,34.0,65.0,87.0,1272.6560150092887,1272.6560150092887,1728413207,1728413207,924.2572923741428,924.2572923741428,1740253957.0,1740253957.0,633.4302770604279,633.4302770604279,1755829813.0,1750211995.0
ETH,2025-08-23,1755936000,1758268800,27.0,4712.528267041964,4742.648267382717,4742.648267382717,0.6674740838945347,0.0422,0.0,343.0084367039061,343.00843670390634,57.0,65.0,80.0,1383.638479771836,1383.638479771836,1728413207,1728413207,979.822203519756,979.822203519756,1740253957.0,1740253957.0,672.9746143840798,672.9746143840798,1755829813.0,1755829813.0
ETH,2025-08-24,1756022400,1758873600,33.0,4758.782257071867,4794.876567143952,4794.876567143952,0.672806750207635,0.0422564137285648,0.0,386.3209812322745,386.32098123227473,56.0,66.0,71.0,1391.5403670494748,1391.5403670494748,1728413207,1728413207,1009.2286308283396,1009.2286308283396,1740253957.0,1740253957.0,690.8346338705205,690.8346338705205,1755829813.0,1755829813.0
ETH,2025-08-25,1756108800,1758873600,32.0,4590.8630727165255,4614.170732289635,4614.170732289635,0.7009046524266246,0.0422556943545291,0.0,381.34003932256434,381.34003932256405,34.0,66.0,63.0,1353.9512622418476,1353.9512622418476,1728413207,1728413207,982.7923684355994,982.7923684355994,1740253957.0,1740253957.0,673.2119005225652,673.2119005225652,1755829813.0,1755829813.0
ETH,2025-08-26,1756195200,1758873600,31.0,4428.26816946166,4451.2699925092975,4451.2699925092975,0.727616008053304,0.0422256368875271,0.0,375.852640969788,375.8526409697882,57.0,65.0,72.0,1305.478627790861,1305.478627790861,1728413207,1728413207,957.9442924352858,957.9442924352858,1740253957.0,1740253957.0,656.7632952805308,656.7632952805308,1755829813.0,1755829813.0
ETH,2025-08-27,1756281600,1758873600,30.0,4578.765804398238,4601.937816742977,4601.937816742977,0.7125312180556467,0.0422256368875271,0.0,374.3814486423252,374.3814486423249,24.0,65.0,99.0,1350.457728974733,1350.457728974733,1728413207,1728413207,977.916389575416,977.916389575416,1740253957.0,1740253957.0,669.3844433839163,669.3844433839163,1755829813.0,1755829813.0
ETH,2025-08-28,1756368000,1758873600,29.0,4598.320451054733,4617.9129418385355,4617.9129418385355,0.6811032616241718,0.0422256368875271,0.0,353.146394577331,353.14639457733125,57.0,66.0,83.0,1359.9036445326174,1359.9036445326174,1728413207,1728413207,963.7885503365547,963.7885503365547,1740253957.0,1740253957.0,658.3159560190808,658.3159560190808,1755829813.0,1755829813.0
ETH,2025-08-29,1756454400,1758873600,28.0,4376.801266721445,4393.327021657047,4393.327021657047,0.6843463917417826,0.0422256368875271,0.0,331.7129577598349,331.7129577598349,57.0,66.0,73.0,1296.5146250808316,1296.5146250808316,1728413207,1728413207,917.0210924029186,917.0210924029186,1740253957.0,1740253957.0,626.2758406287473,626.2758406287473,1755829813.0,1755829813.0
ETH,2025-08-30,1756540800,1758873600,27.0,4401.544859921131,4415.715622061652,4415.715622061652,0.681720714592511,0.0422256368875271,0.0,326.16049962739265,326.1604996273924,57.0,66.0,79.0,1306.292695835819,1306.292695835819,1728413207,1728413207,919.122212580079,919.122212580079,1740253957.0,1740253957.0,627.425323101815,627.425323101815,1755829813.0,1755829813.0
ETH,2025-08-31,1756627200,1758873600,26.0,4454.0372747861775,4470.916767259812,4470.916767259812,0.6801528020823511,0.0422228050981074,0.0,323.33849246323575,323.33849246323547,56.0,65.0,78.0,1319.3316899622182,1319.3316899622182,1728413207,1728413207,928.3732173345504,928.3732173345504,1740253957.0,1740253957.0,634.5064217151987,634.5064217151987,1755829813.0,1755829813.0
ETH,2025-09-01,1756713600,1758873600,25.0,4455.99797250055,4470.642050424841,4470.642050424841,0.6728919634125238,0.0422228050981074,0.0,313.6808288165535,313.6808288165535,54.0,66.0,70.0,1322.1553138258737,1322.1553138258737,1728413207,1728413207,923.8799107529252,923.8799107529252,1740253957.0,1740253957.0,635.0542221969248,635.0542221969248,1755829813.0,1755829813.0
ETH,2025-09-02,1756800000,1758873600,24.0,4378.911269832107,4391.742283298161,4391.742283298161,0.6884467054752784,0.0422256368875271,0.0,308.8963532651199,308.8963532651199,33.0,67.0,67.0,1300.842367483578,1300.842367483578,1728413207,1728413207,912.8139467237164,912.8139467237164,1740253957.0,1740253957.0,623.7904544221911,623.7904544221911,1755829813.0,1755829813.0
ETH,2025-09-03,1756886400,1758873600,23.0,4312.490927925568,4323.793741466219,4323.793741466219,0.6883462580553572,0.0422228050981074,0.0,297.68672007240406,297.68672007240434,34.0,66.0,71.0,1282.4444648370193,1282.4444648370193,1728413207,1728413207,897.3241555452471,897.3241555452471,1740253957.0,1740253957.0,614.517395553605,614.517395553605,1755829813.0,1755829813.0
ETH,2025-09-04,1756972800,1758873600,22.0,4373.503049631283,4385.040318355141,4385.040318355141,0.6822514643349105,0.0422228050981074,0.0,292.67497948578074,292.674979485781,55.0,65.0,78.0,1300.513646165527,1300.513646165527,1728413207,1728413207,906.2799875852731,906.2799875852731,1740253957.0,1740253957.0,623.751651892291,623.751651892291,1755829813.0,1755829813.0
ETH,2025-09-05,1757059200,1758873600,21.0,4422.666399300372,4430.981116172281,4430.981116172281,0.6694349223228766,0.0422,0.0,283.54054879701357,283.54054879701357,52.0,66.0,74.0,1318.485202918203,1318.485202918203,1728413207,1728413207,909.8292159901482,909.8292159901482,1740253957.0,1740253957.0,631.0262027541612,631.0262027541612,1755829813.0,1755829813.0
ETH,2025-09-06,1757145600,1759478400,27.0,4312.335363079316,4327.256180173422,4327.256180173422,0.6510787224537028,0.0422,0.0,305.29837546707165,305.29837546707193,114.0,66.0,72.0,1278.7797918296892,1278.7797918296892,1728413207,1728413207,887.5531021431743,887.5531021431743,1740253957.0,1740253957.0,614.6282515528569,614.6282515528569,1755829813.0,1755829813.0
ETH,2025-09-07,1757232000,1759478400,26.0,4293.939933162485,4306.711976100703,4306.711976100703,0.6556294960559909,0.0422,0.0,300.26231216960736,300.2623121696071,55.0,66.0,72.0,1275.4099370105273,1275.4099370105273,1728413207,1728413207,884.1791784219009,884.1791784219009,1740253957.0,1740253957.0,611.9258601717382,611.9258601717382,1755829813.0,1755829813.0
ETH,2025-09-08,1757318400,1759478400,25.0,4292.669460995794,4305.981359920372,4305.981359920372,0.6505384996158341,0.0422,0.0,292.11544191974997,292.11544191974997,56.0,66.0,72.0,1274.4889393741605,1274.4889393741605,1728413207,1728413207,880.9164304097033,880.9164304097033,1740253957.0,1740253957.0,612.2852085739946,612.2852085739946,1755829813.0,1755829813.0
ETH,2025-09-09,1757404800,1759478400,24.0,4360.558160739481,4374.6075747222485,4374.6075747222485,0.6358993937507759,0.0422,0.0,284.2600595647312,284.2600595647312,57.0,66.0,72.0,1294.1180342390762,1294.1180342390762,1728413207,1728413207,888.3830607085996,888.3830607085996,1740253957.0,1740253957.0,622.7712904055751,622.7712904055751,1755829813.0,1755829813.0
ETH,2025-09-10,1757491200,1759478400,23.0,4329.292870005553,4344.193877711588,4344.193877711588,0.6462176657186218,0.0422,0.0,280.8274857796204,280.8274857796207,58.0,66.0,70.0,1283.88685329563,1283.88685329563,1728413207,1728413207,885.1387401078523,885.1387401078523,1740253957.0,1740253957.0,618.4898500327643,618.4898500327643,1755829813.0,1755829813.0
ETH,2025-09-11,1757577600,1759478400,22.0,4442.591677189894,4459.738421892653,4459.738421892653,0.6317676883742747,0.0422,0.0,275.6808609002463,275.6808609002463,39.0,66.0,81.0,1315.6307584542092,1315.6307584542092,1728413207,1728413207,902.594615482928,902.594615482928,1740253957.0,1740253957.0,635.6517448782578,635.6517448782578,1755829813.0,1755829813.0
ETH,2025-09-12,1757664000,1759478400,21.0,4526.355817497961,4543.944765685163,4543.944765685163,0.6288829240918159,0.0422,0.0,273.1898301313901,273.18983013139035,54.0,66.0,87.0,1340.3177970621864,1340.3177970621864,1728413207,1728413207,918.0477697793376,918.0477697793376,1740253957.0,1740253957.0,648.0804866320331,648.0804866320331,1755829813.0,1755829813.0
ETH,2025-09-13,1757750400,1760083200,27.0,4713.761889285767,4738.263707898506,4738.263707898506,0.6051091499554336,0.0422,0.0,310.7481519055063,310.748151905506,35.0,66.0,70.0,1389.626748172991,1389.626748172991,1728413207,1728413207,951.76795392572,951.76795392572,1740253957.0,1740253957.0,674.3728848848541,674.3728848848541,1755829813.0,1755829813.0
ETH,2025-09-14,1757836800,1760083200,26.0,4653.26064921905,4679.007065905463,4679.007065905463,0.5958399914237685,0.0422,0.0,296.53517850544154,296.53517850544154,33.0,66.0,68.0,1370.231778079302,1370.231778079302,1728413207,1728413207,935.6271506329816,935.6271506329816,1740253957.0,1740253957.0,666.5241821757795,666.5241821757795,1755829813.0,1755829813.0
ETH,2025-09-15,1757923200,1760083200,25.0,4601.176093753927,4627.658967725338,4627.658967725338,0.6076825618773413,0.0422,0.0,293.30148291004093,293.30148291004116,58.0,66.0,68.0,1353.869954154767,1353.869954154767,1728413207,1728413207,929.2106014476856,929.2106014476856,1740253957.0,1740253957.0,659.1640088496763,659.1640088496763,1755829813.0,1755829813.0
ETH,2025-09-16,1758009600,1760083200,24.0,4513.113458436931,4535.147334315908,4535.147334315908,0.6089313760498162,0.0422,0.0,282.22013422358,282.2201342235802,57.0,65.0,83.0,1331.9001616521027,1331.9001616521027,1728413207,1728413207,910.6999980710588,910.6999980710588,1740253957.0,1740253957.0,646.3097546391593,646.3097546391593,1757933513.0,1755829813.0
ETH,2025-09-17,1758096000,1760083200,23.0,4545.661243440432,4562.650159652309,4562.650159652309,0.6118830004269119,0.0422,0.0,279.30991929004847,279.30991929004847,56.0,65.0,63.0,1346.7094568202526,1346.7094568202526,1728413207,1728413207,916.9714973720728,916.9714973720728,1740253957.0,1740253957.0,650.5262542369685,650.5262542369685,1757933513.0,1757933513.0
ETH,2025-09-18,1758182400,1760083200,22.0,4577.877339376471,4595.225498994807,4595.225498994807,0.5991622318273735,0.0422,0.0,269.423093933734,269.423093933734,55.0,65.0,63.0,1356.015042194606,1356.015042194606,1728413207,1728413207,918.881699819621,918.881699819621,1740253957.0,1740253957.0,655.8496076941597,655.8496076941597,1758145309.0,1757933513.0
ETH,2025-09-19,1758268800,1760083200,21.0,4542.80698712802,4558.564494771921,4558.564494771921,0.576606563800882,0.0422,0.0,251.3245602255018,251.32456022550156,60.0,65.0,63.0,1347.0845884945056,1347.0845884945056,1728413207,1728413207,904.883353953646,904.883353953646,1740253957.0,1740253957.0,651.5526990331417,651.5526990331417,1758145309.0,1758145309.0
ETH,2025-09-20,1758355200,1760688000,27.0,4485.300872861812,4506.639298348443,4506.639298348443,0.5785811663230855,0.0422,0.0,282.62768102546596,282.62768102546596,64.0,68.0,83.0,1324.2518363719132,1324.2518363719132,1728413207,1728413207,895.5255264119811,895.5255264119811,1740253957.0,1740253957.0,642.2218212334502,642.2218212334502,1758145309.0,1758145309.0
ETH,2025-09-21,1758441600,1760688000,26.0,4479.336089292204,4499.615967228772,4499.615967228772,0.5758474988365974,0.0422,0.0,275.61698424420166,275.61698424420166,33.0,66.0,71.0,1323.5209488510927,1323.5209488510927,1728413207,1728413207,892.9347996862251,892.9347996862251,1740253957.0,1740253957.0,641.5998693936391,641.5998693936391,1758145309.0,1758145309.0
ETH,2025-09-22,1758528000,1760688000,25.0,4196.032585566646,4210.439456909868,4210.439456909868,0.6332611445750614,0.0422,0.0,278.0654945204366,278.0654945204368,54.0,66.0,69.0,1244.4029043267722,1244.4029043267722,1728413207,1728413207,854.8464707364444,854.8464707364444,1740253957.0,1740253957.0,599.147880523492,599.147880523492,1758145309.0,1758145309.0
ETH,2025-09-23,1758614400,1760688000,24.0,4208.730301738228,4221.168849369106,4221.168849369106,0.6085777311544701,0.0422,0.0,262.52915117667357,262.5291511766738,56.0,66.0,69.0,1250.1805428905905,1250.1805428905905,1728413207,1728413207,847.8357123633169,847.8357123633169,1740253957.0,1740253957.0,601.6542313323188,601.6542313323188,1758145309.0,1758145309.0
ETH,2025-09-24,1758700800,1760688000,23.0,4174.322602695764,4187.264158319314,4187.264158319314,0.6156794221357003,0.0422,0.0,257.91730927069494,257.91730927069494,54.0,66.0,69.0,1239.3552251851784,1239.3552251851784,1728413207,1728413207,842.8508934733951,842.8508934733951,1740253957.0,1740253957.0,596.9353706873623,596.9353706873623,1758145309.0,1758145309.0
ETH,2025-09-25,1758787200,1761897600,36.0,4010.158630989903,4020.9179436979016,4020.9179436979016,0.6333946741686862,0.0423,0.0,318.5656485175693,318.5656485175693,60.0,67.0,83.0,1192.2882765889726,1192.2882765889726,1728413207,1728413207,837.7930554824515,837.7930554824515,1740253957.0,1740253957.0,572.9293310920485,572.9293310920485,1758145309.0,1758145309.0
ETH,2025-09-26,1758873600,1761897600,35.0,3939.1876866630946,3955.273710501732,3955.273710501732,0.6190593291929607,0.0422558163389544,0.0,302.0243038183454,302.0243038183454,57.0,69.0,74.0,1165.6702821602908,1165.6702821602908,1728413207,1728413207,814.7430491305938,814.7430491305938,1740253957.0,1740253957.0,560.4926596565961,560.4926596565961,1758145309.0,1758145309.0
ETH,2025-09-27,1758960000,1761292800,27.0,4010.5613604535624,4025.8698281349425,4025.8698281349425,0.6132858033018893,0.0422,0.0,267.5869462676744,267.5869462676744,36.0,63.0,91.0,1187.8599404546885,1187.8599404546885,1728413207,1728413207,811.7210561774355,811.7210561774355,1740253957.0,1740253957.0,572.8176832579429,572.8176832579429,1758145309.0,1758145309.0
ETH,2025-09-28,1759046400,1761897600,33.0,4017.70091961526,4033.520681218037,4033.520681218037,0.6132612469184534,0.0422558163389544,0.0,296.30260135965864,296.30260135965864,58.0,66.0,74.0,1189.490514281801,1189.490514281801,1728413207,1728413207,823.0928049243239,823.0928049243239,1740253957.0,1740253957.0,572.2857369006092,572.2857369006092,1758145309.0,1758145309.0
ETH,2025-09-29,1759132800,1761897600,32.0,4111.166453639361,4127.0297623768065,4127.0297623768065,0.6066888740849704,0.0422558164942798,0.0,295.36473133518166,295.36473133518143,56.0,66.0,77.0,1217.4866273543628,1217.4866273543628,1728413207,1728413207,836.826519110133,836.826519110133,1740253957.0,1740253957.0,586.0240781153884,586.0240781153884,1758145309.0,1758145309.0
ETH,2025-09-30,1759219200,1761897600,31.0,4184.820186742407,4200.366213735269,4200.366213735269,0.6026327742993646,0.0422558164942798,0.0,293.91823133765325,293.91823133765325,36.0,66.0,97.0,1239.9000290298595,1239.9000290298595,1728413207,1728413207,847.4987848019588,847.4987848019588,1740253957.0,1740253957.0,596.8381261674612,596.8381261674612,1758145309.0,1758145309.0
ETH,2025-10-01,1759305600,1761897600,30.0,4147.532396505918,4163.150390853362,4163.150390853362,0.5924033776821016,0.0422558163389544,0.0,281.7358924097555,281.7358924097557,52.0,66.0,70.0,1228.6417246043309,1228.6417246043309,1728413207,1728413207,833.6319600689037,833.6319600689037,1740253957.0,1740253957.0,592.1190080960403,592.1190080960403,1758145309.0,1758145309.0
ETH,2025-10-02,1759392000,1761897600,29.0,4377.836531251409,4397.1106158721495,4397.1106158721495,0.5975911989832267,0.0422092459763137,0.0,295.1352088921146,295.1352088921146,53.0,65.0,87.0,1294.0768747546815,1294.0768747546815,1728413207,1728413207,881.768103851935,881.768103851935,1740253957.0,1740253957.0,625.4940074696257,625.4940074696257,1758145309.0,1758145309.0
ETH,2025-10-03,1759478400,1761897600,28.0,4462.144964492193,4481.459255105184,4481.459255105184,0.602475368807399,0.0422092459763137,0.0,297.98730566912536,297.98730566912513,58.0,67.0,103.0,1319.3291987346672,1319.3291987346672,1728413207,1728413207,899.9599042422931,899.9599042422931,1740253957.0,1740253957.0,637.6400122858815,637.6400122858815,1758145309.0,1758145309.0
ETH,2025-10-04,1759564800,1761897600,27.0,4501.575118052067,4520.017234509474,4520.017234509474,0.5965411656337449,0.0422092459763137,0.0,292.2468813298229,292.2468813298231,53.0,67.0,74.0,1332.0304189582134,1332.0304189582134,1728413207,1728413207,904.8500892254776,904.8500892254776,1740253957.0,1740253957.0,643.6170505493909,643.6170505493909,1758145309.0,1758145309.0
ETH,2025-10-05,1759651200,1761897600,26.0,4608.332306871273,4629.353455456109,4629.353455456109,0.6001924007713846,0.0422,0.0,295.52688831661595,295.52688831661595,46.0,66.0,65.0,1361.4785434765463,1361.4785434765463,1728413207,1728413207,927.4972893406142,927.4972893406142,1740253957.0,1740253957.0,659.3645072807998,659.3645072807998,1758145309.0,1758145309.0
ETH,2025-10-06,1759737600,1761897600,25.0,4533.768325259738,4551.5603127404,4551.5603127404,0.6068313476550257,0.0422,0.0,288.07510444363373,288.075104443634,51.0,66.0,63.0,1342.3385100972594,1342.3385100972594,1728413207,1728413207,913.9270403553148,913.9270403553148,1740253957.0,1740253957.0,648.4316846915328,648.4316846915328,1758145309.0,1758145309.0
ETH,2025-10-07,1759824000,1761897600,24.0,4679.240057192323,4699.863703620456,4699.863703620456,0.6168767036556748,0.0422,0.0,296.27860777350475,296.2786077735045,50.0,66.0,91.0,1383.148370729563,1383.148370729563,1728413207,1728413207,946.8276887218592,946.8276887218592,1740253957.0,1740253957.0,669.5741547427535,669.5741547427535,1758145309.0,1758145309.0
ETH,2025-10-08,1759910400,1761897600,23.0,4465.78690701089,4476.770933042215,4476.770933042215,0.6282016960847433,0.0422,0.0,281.3466330429349,281.3466330429349,15.0,66.0,71.0,1328.752046071942,1328.752046071942,1728413207,1728413207,905.6576299147844,905.6576299147844,1740253957.0,1740253957.0,637.8967112378313,637.8967112378313,1758145309.0,1758145309.0
ETH,2025-10-09,1759996800,1761897600,22.0,4427.284650893091,4437.722354683717,4437.722354683717,0.6090512519659047,0.0422,0.0,264.47492732346217,264.47492732346194,50.0,66.0,71.0,1317.747691477301,1317.747691477301,1728413207,1728413207,890.7602095765368,890.7602095765368,1740253957.0,1740253957.0,633.1744523016658,633.1744523016658,1758145309.0,1758145309.0
ETH,2025-10-10,1760083200,1761897600,21.0,4323.36129438114,4334.6263100380775,4334.6263100380775,0.6121027495777668,0.0422,0.0,253.6642935633124,253.66429356331267,27.0,66.0,71.0,1285.743372657405,1285.743372657405,1728413207,1728413207,870.6775651348864,870.6775651348864,1740253957.0,1740253957.0,618.6990986491492,618.6990986491492,1758145309.0,1758145309.0
ETH,2025-10-11,1760169600,1762502400,27.0,3759.07521016146,3771.687049253302,3771.687049253302,0.6750511299879661,0.0422,0.0,275.872363085862,275.87236308586176,49.0,65.0,72.0,1115.1107239565958,1115.1107239565958,1728413207,1728413207,782.503524742771,782.503524742771,1740253957.0,1740253957.0,535.1201915678329,535.1201915678329,1760136931.0,1758145309.0
ETH,2025-10-12,1760256000,1762502400,26.0,3831.566782270772,3842.538325203764,3842.538325203764,0.6968061828333848,0.0422,0.0,284.67872437677136,284.67872437677136,51.0,65.0,72.0,1138.4984917482393,1138.4984917482393,1728413207,1728413207,804.4688393383046,804.4688393383046,1740253957.0,1740253957.0,549.423436630874,549.423436630874,1760136931.0,1760136931.0
ETH,2025-10-13,1760342400,1762502400,25.0,4180.337957629934,4192.290556040336,4192.290556040336,0.6860287957906219,0.0422,0.0,299.87782624510214,299.8778262451019,47.0,66.0,63.0,1242.148788878578,1242.148788878578,1728413207,1728413207,871.7449791072411,871.7449791072411,1740253957.0,1740253957.0,595.184330221268,595.184330221268,1760136931.0,1760136931.0
ETH,2025-10-14,1760428800,1762502400,24.0,3979.449276392682,3986.843483126217,3986.843483126217,0.7263512388932906,0.0422,0.0,295.8133283815604,295.8133283815606,49.0,66.0,103.0,1186.4405761842693,1186.4405761842693,1728413207,1728413207,843.7886748131536,843.7886748131536,1740253957.0,1740253957.0,576.7776671339261,576.7776671339261,1760136931.0,1760136931.0
ETH,2025-10-15,1760515200,1762502400,23.0,4127.585535198446,4137.774689094939,4137.774689094939,0.7026384193517261,0.0422,0.0,290.779390752155,290.7793907521552,49.0,66.0,65.0,1228.086506663041,1228.086506663041,1728413207,1728413207,864.328077798963,864.328077798963,1740253957.0,1740253957.0,590.0362290531609,590.0362290531609,1760136931.0,1760136931.0
ETH,2025-10-16,1760601600,1762502400,22.0,4002.3253271721446,4010.412002796781,4010.412002796781,0.7163410208328025,0.0422,0.0,281.0116932372814,281.0116932372814,46.0,65.0,81.0,1192.610922527007,1192.610922527007,1728413207,1728413207,841.5797140416598,841.5797140416598,1740253957.0,1740253957.0,574.7270862531268,574.7270862531268,1760136931.0,1760136931.0
ETH,2025-10-17,1760688000,1762502400,21.0,3755.83835072121,3759.7617190367937,3759.7617190367937,0.7696423823763933,0.0422,0.0,276.5070591001191,276.5070591001193,46.0,66.0,70.0,1122.8281369007796,1122.8281369007796,1728413207,1728413207,807.135060594113,807.135060594113,1740253957.0,1740253957.0,552.4156272540946,552.4156272540946,1760136931.0,1760136931.0
ETH,2025-10-18,1760774400,1763107200,27.0,3892.7439026673446,3904.5043647585712,3904.5043647585712,0.7178728311186126,0.0422,0.0,303.6473942183979,303.6473942183979,23.0,68.0,73.0,1156.0627087089763,1156.0627087089763,1728413207,1728413207,827.5600913237282,827.5600913237282,1740253957.0,1740253957.0,565.9816717421935,565.9816717421935,1760136931.0,1760136931.0
ETH,2025-10-19,1760860800,1763107200,26.0,3889.623729172402,3902.2132590753818,3902.2132590753818,0.7083841811536427,0.0422,0.0,293.88926035452016,293.88926035452016,30.0,65.0,89.0,1154.2975888487406,1154.2975888487406,1728413207,1728413207,821.5688166387968,821.5688166387968,1740253957.0,1740253957.0,561.4578425288848,561.4578425288848,1760136931.0,1760136931.0
ETH,2025-10-20,1760947200,1763107200,25.0,4057.496382674987,4072.3486460223294,4072.3486460223294,0.700043643535811,0.0422,0.0,297.23274507555044,297.2327450755502,17.0,68.0,73.0,1202.3966514551537,1202.3966514551537,1728413207,1728413207,852.338650854175,852.338650854175,1740253957.0,1740253957.0,582.1172178254966,582.1172178254966,1760136931.0,1760136931.0
ETH,2025-10-21,1761033600,1763107200,24.0,3894.933834846458,3906.307916245003,3906.307916245003,0.7007371730972102,0.0422,0.0,279.64492696863016,279.64492696862993,40.0,66.0,74.0,1157.1060690553925,1157.1060690553925,1728413207,1728413207,816.5700970342135,816.5700970342135,1740253957.0,1740253957.0,557.5321748058121,557.5321748058121,1760136931.0,1760136931.0
ETH,2025-10-22,1761120000,1763107200,23.0,3872.9026255568137,3882.9710095867113,3882.9710095867113,0.7152945844841255,0.0422,0.0,277.7752420343156,277.7752420343156,49.0,66.0,79.0,1151.8024036371469,1151.8024036371469,1728413207,1728413207,815.84182876103,815.84182876103,1740253957.0,1740253957.0,557.2796396852127,557.2796396852127,1760136931.0,1760136931.0
ETH,2025-10-23,1761206400,1764316800,36.0,3881.711613750845,3897.4221339084384,3897.4221339084384,0.7083506296099228,0.0422671339643867,0.0,345.1801599112524,345.1801599112522,46.0,66.0,95.0,1148.8029639676602,1148.8029639676602,1728413207,1728413207,847.9381199232121,847.9381199232121,1740253957.0,1740253957.0,582.6790118196186,582.6790118196186,1760136931.0,1760136931.0
ETH,2025-10-24,1761292800,1764316800,35.0,3950.179927952841,3963.520135799938,3963.520135799938,0.6821422867808381,0.0422671339643867,0.0,333.38563282767336,333.38563282767336,46.0,66.0,72.0,1171.713770538755,1171.713770538755,1728413207,1728413207,845.8459266053685,845.8459266053685,1740253957.0,1740253957.0,579.8384104521474,579.8384104521474,1760136931.0,1760136931.0
ETH,2025-10-25,1761379200,1763712000,27.0,3929.5724991165553,3939.2557233367343,3939.2557233367343,0.6659830288461278,0.0422,0.0,284.2689809995635,284.26898099956327,42.0,66.0,67.0,1169.1885255147877,1169.1885255147877,1728413207,1728413207,813.8362201793693,813.8362201793693,1740253957.0,1740253957.0,559.1668075275736,559.1668075275736,1760136931.0,1760136931.0
ETH,2025-10-26,1761465600,1764316800,33.0,3952.1607761483074,3965.63158950349,3965.63158950349,0.6650089602935707,0.0422671351596468,0.0,315.8184009419384,315.8184009419384,45.0,65.0,92.0,1172.1774194893096,1172.1774194893096,1728413207,1728413207,831.7449464516458,831.7449464516458,1740253957.0,1740253957.0,568.8273482379884,568.8273482379884,1760136931.0,1760136931.0
ETH,2025-10-27,1761552000,1764316800,32.0,4200.128814110067,4219.441153817827,4219.441153817827,0.6661655530783512,0.0422671351596468,0.0,331.49131157488694,331.4913115748867,41.0,65.0,71.0,1240.7263045252594,1240.7263045252594,1728413207,1728413207,881.9817081581161,881.9817081581161,1740253957.0,1740253957.0,602.9105998018586,602.9105998018586,1760136931.0,1760136931.0
ETH,2025-10-28,1761638400,1764316800,31.0,4117.350346140454,4131.049855177519,4131.049855177519,0.6598173775519539,0.0422671351596468,0.0,316.4171254770592,316.41712547705896,44.0,65.0,71.0,1221.5055948050715,1221.5055948050715,1728413207,1728413207,857.5675190375124,857.5675190375124,1740253957.0,1740253957.0,585.5578265033345,585.5578265033345,1760136931.0,1760136931.0
ETH,2025-10-29,1761724800,1764316800,30.0,4027.14910191282,4040.396132354774,4040.396132354774,0.6678682032598867,0.0422671351596468,0.0,308.1597895865458,308.159789586546,42.0,65.0,71.0,1194.897700131891,1194.897700131891,1728413207,1728413207,839.0311303108228,839.0311303108228,1740253957.0,1740253957.0,572.785817219918,572.785817219918,1760136931.0,1760136931.0
ETH,2025-10-30,1761811200,1764316800,29.0,3941.174977866402,3950.5999175447378,3950.5999175447378,0.6657049567276597,0.0422671351596468,0.0,295.3049298498317,295.3049298498319,37.0,65.0,71.0,1172.9275536815849,1172.9275536815849,1728413207,1728413207,818.4154373180567,818.4154373180567,1740253957.0,1740253957.0,560.1839965000571,560.1839965000571,1760136931.0,1760136931.0
ETH,2025-10-31,1761897600,1764316800,28.0,3831.550702963646,3839.9803954859744,3839.9803954859744,0.661832241514499,0.0422671351596468,0.0,280.4218656614625,280.4218656614625,21.0,65.0,71.0,1141.0355183667652,1141.0355183667652,1728413207,1728413207,792.8832108872349,792.8832108872349,1740253957.0,1740253957.0,544.8956562772133,544.8956562772133,1760136931.0,1760136931.0
ETH,2025-11-01,1761984000,1764316800,27.0,3859.621437579997,3873.9356469945287,3873.9356469945287,0.6623155479115661,0.0422671351596468,0.0,278.0199762565971,278.01997625659686,27.0,66.0,89.0,1143.5722218594665,1143.5722218594665,1728413207,1728413207,798.7618659487388,798.7618659487388,1740253957.0,1740253957.0,549.9360035790118,549.9360035790118,1760136931.0,1760136931.0
ETH,2025-11-02,1762070400,1764316800,26.0,3908.527523824426,3919.5385078882,3919.5385078882,0.6571817913586372,0.0422671351596468,0.0,273.9140731914648,273.9140731914648,29.0,66.0,109.0,1161.5472730835547,1161.5472730835547,1728413207,1728413207,805.2898349383952,805.2898349383952,1740253957.0,1740253957.0,556.8752043759516,556.8752043759516,1760136931.0,1760136931.0
ETH,2025-11-03,1762156800,1764316800,25.0,3714.706592457507,3722.878690871694,3722.878690871694,0.6631561669767545,0.0422671351596468,0.0,257.4444535992007,257.44445359920087,31.0,66.0,64.0,1106.2398793230657,1106.2398793230657,1728413207,1728413207,766.0796669635208,766.0796669635208,1740253957.0,1740253957.0,529.1018566967562,529.1018566967562,1760136931.0,1760136931.0
ETH,2025-11-04,1762243200,1764316800,24.0,3494.1896993156597,3498.7400609416413,3498.7400609416413,0.6892140629010873,0.0422671351596468,0.0,246.35997982651992,246.35997982651992,30.0,66.0,82.0,1043.7065481687164,1043.7065481687164,1728413207,1728413207,727.6753978511434,727.6753978511434,1740253957.0,1740253957.0,496.9884535821492,496.9884535821492,1760136931.0,1760136931.0
ETH,2025-11-05,1762329600,1764316800,23.0,3333.603552307089,3337.6057185968516,3337.6057185968516,0.7243713299277944,0.0422,0.0,241.78304854138744,241.78304854138727,31.0,65.0,62.0,996.0788994023644,996.0788994023644,1728413207,1728413207,704.4192157373662,704.4192157373662,1740253957.0,1740253957.0,481.3081037371824,481.3081037371824,1760136931.0,1760136931.0
ETH,2025-11-06,1762416000,1764316800,22.0,3380.405825850334,3387.7286222493117,3387.7286222493117,0.6957820605091113,0.0422,0.0,230.58393826277097,230.58393826277097,26.0,66.0,70.0,1006.7989513561226,1006.7989513561226,1728413207,1728413207,704.3702791212852,704.3702791212852,1740253957.0,1740253957.0,481.6357212156277,481.6357212156277,1760136931.0,1760136931.0
ETH,2025-11-07,1762502400,1764316800,21.0,3358.040053658324,3361.475861543431,3361.475861543431,0.7005249747262368,0.0422,0.0,225.0692836480239,225.0692836480237,32.0,66.0,70.0,1003.9762082123896,1003.9762082123896,1728413207,1728413207,699.4153883411406,699.4153883411406,1740253957.0,1740253957.0,478.1446587522086,478.1446587522086,1760136931.0,1760136931.0
ETH,2025-11-08,1762588800,1764921600,27.0,3448.29427219311,3458.589953061061,3458.589953061061,0.6847511548313655,0.0422,0.0,256.596122239634,256.596122239634,29.0,65.0,94.0,1024.192600789982,1024.192600789982,1728413207,1728413207,720.9988314317876,720.9988314317876,1740253957.0,1740253957.0,492.24489547779183,492.24489547779183,1760136931.0,1760136931.0
ETH,2025-11-09,1762675200,1764921600,26.0,3422.353813901509,3429.0552877995,3429.0552877995,0.6933026276972443,0.0422,0.0,252.7716783529154,252.7716783529152,31.0,66.0,72.0,1020.0046702724616,1020.0046702724616,1728413207,1728413207,716.7945552898336,716.7945552898336,1740253957.0,1740253957.0,489.4098423907385,489.4098423907385,1760136931.0,1760136931.0
ETH,2025-11-10,1762761600,1764921600,25.0,3610.2288235777646,3620.2482238953608,3620.2482238953608,0.7139072112995287,0.0422,0.0,269.4526342343509,269.4526342343509,17.0,66.0,72.0,1073.0492467557333,1073.0492467557333,1728413207,1728413207,762.9286667393206,762.9286667393206,1740253957.0,1740253957.0,521.3661020855376,521.3661020855376,1760136931.0,1760136931.0
ETH,2025-11-11,1762848000,1764921600,24.0,3544.8706497214284,3553.6526129242816,3553.6526129242816,0.6915180072393112,0.0422,0.0,251.06087348494307,251.06087348494327,35.0,66.0,66.0,1054.6792317135755,1054.6792317135755,1728413207,1728413207,739.7271903863939,739.7271903863939,1740253957.0,1740253957.0,504.8183841455116,504.8183841455116,1760136931.0,1760136931.0
ETH,2025-11-12,1762934400,1764921600,23.0,3428.88121523107,3433.9720894901548,3433.9720894901548,0.7068233530679945,0.0422,0.0,242.7536803342964,242.7536803342964,29.0,65.0,64.0,1023.5734903102364,1023.5734903102364,1728413207,1728413207,718.8198383278659,718.8198383278659,1740253957.0,1740253957.0,490.7488962604792,490.7488962604792,1762921663.0,1760136931.0
ETH,2025-11-13,1763020800,1764921600,22.0,3539.3750171941824,3544.4805054882104,3544.4805054882104,0.6912305796148273,0.0422,0.0,239.67880226814924,239.67880226814924,32.0,65.0,64.0,1056.7070168642267,1056.7070168642267,1728413207,1728413207,735.5833734659226,735.5833734659226,1740253957.0,1740253957.0,504.0418663736999,504.0418663736999,1762921663.0,1762921663.0
ETH,2025-11-14,1763107200,1764921600,21.0,3213.838464865928,3214.5961276590406,3214.5961276590406,0.731638299968865,0.0422,0.0,224.77039658527605,224.77039658527605,31.0,66.0,86.0,963.3938766666656,963.3938766666656,1728413207,1728413207,678.2097804380807,678.2097804380807,1740253957.0,1740253957.0,463.30108277104466,463.30108277104466,1762921663.0,1762921663.0
ETH,2025-11-15,1763193600,1765526400,27.0,3175.780173506468,3185.2762192590667,3185.2762192590667,0.7304044645253757,0.0422,0.0,252.02428088691457,252.0242808869144,30.0,65.0,82.0,943.238006299342,943.238006299342,1728413207,1728413207,679.4705271904091,679.4705271904091,1740253957.0,1740253957.0,465.0127819707001,465.0127819707001,1762921663.0,1762921663.0
ETH,2025-11-16,1763280000,1765526400,26.0,3218.732561277926,3225.979950521109,3225.979950521109,0.7244465047010814,0.0422,0.0,248.45183962851644,248.45183962851644,34.0,70.0,69.0,958.3723791401948,958.3723791401948,1728413207,1728413207,684.7766480159788,684.7766480159788,1740253957.0,1740253957.0,468.3170506699961,468.3170506699961,1762921663.0,1762921663.0
ETH,2025-11-17,1763366400,1765526400,25.0,3198.642496317159,3207.5904450277585,3207.5904450277585,0.7335560607098741,0.0422,0.0,245.28970907036023,245.28970907036043,32.0,78.0,90.0,950.644800184548,950.644800184548,1728413207,1728413207,682.5319924897035,682.5319924897035,1740253957.0,1740253957.0,466.8965105191089,466.8965105191089,1762921663.0,1762921663.0
ETH,2025-11-18,1763452800,1765526400,24.0,3024.8779407753514,3031.940836064323,3031.940836064323,0.757692629062441,0.0422,0.0,234.6390974557822,234.6390974557822,26.0,68.0,82.0,900.4004869436337,900.4004869436337,1728413207,1728413207,651.5752882173958,651.5752882173958,1740253957.0,1740253957.0,446.1245154027296,446.1245154027296,1762921663.0,1762921663.0
ETH,2025-11-19,1763539200,1765526400,23.0,3084.9135468254754,3091.9094643140784,3091.9094643140784,0.7316871709794683,0.0422,0.0,226.24012985969725,226.24012985969745,26.0,65.0,101.0,918.4781465590396,918.4781465590396,1728413207,1728413207,654.7016737705791,654.7016737705791,1740253957.0,1740253957.0,447.54914738560626,447.54914738560626,1762921663.0,1762921663.0
ETH,2025-11-20,1763625600,1766736000,36.0,3037.0123776251203,3048.9328065711725,3048.9328065711725,0.7170252639207779,0.0423,0.0,273.3256403755858,273.32564037558564,35.0,65.0,70.0,899.1832843414838,899.1832843414838,1728413207,1728413207,666.7935658293716,666.7935658293716,1740253957.0,1740253957.0,458.44647038093854,458.44647038093854,1762921663.0,1762921663.0
ETH,2025-11-21,1763712000,1766736000,35.0,2719.554408146044,2726.0820067561467,2726.0820067561467,0.782271681662066,0.0423,0.0,262.8048455006351,262.8048455006351,22.0,68.0,74.0,809.3387238337104,809.3387238337104,1728413207,1728413207,617.3494673014316,617.3494673014316,1740253957.0,1740253957.0,425.83004141074434,425.83004141074434,1762921663.0,1762921663.0
ETH,2025-11-22,1763798400,1766131200,27.0,2754.8202474950244,2761.822102372849,2761.822102372849,0.7643411678223213,0.0422,0.0,228.63726167923355,228.63726167923355,29.0,66.0,93.0,819.444219370683,819.444219370683,1728413207,1728413207,599.7101101397091,599.7101101397091,1740253957.0,1740253957.0,411.171403977142,411.171403977142,1762921663.0,1762921663.0
ETH,2025-11-23,1763884800,1766736000,33.0,2793.5725631870528,2801.808696153314,2801.808696153314,0.7599436668911687,0.0423,0.0,254.85694172860352,254.85694172860337,29.0,66.0,72.0,829.8356359898544,829.8356359898544,1728413207,1728413207,620.1167462974727,620.1167462974727,1740253957.0,1740253957.0,426.5078730128669,426.5078730128669,1762921663.0,1762921663.0
ETH,2025-11-24,1763971200,1766736000,32.0,2829.891258495795,2838.062850395697,2838.062850395697,0.7499262001953294,0.0423,0.0,250.89250118246005,250.89250118246005,18.0,66.0,72.0,840.7957856488365,840.7957856488365,1728413207,1728413207,621.5784881690722,621.5784881690722,1740253957.0,1740253957.0,426.9252911654041,426.9252911654041,1762921663.0,1762921663.0
ETH,2025-11-25,1764057600,1766736000,31.0,2903.400242273891,2911.9968748837487,2911.9968748837487,0.7338838230363426,0.0423,0.0,247.9908091608607,247.9908091608609,58.0,70.0,97.0,862.4234400723094,862.4234400723094,1728413207,1728413207,629.0982275291888,629.0982275291888,1740253957.0,1740253957.0,431.3588381815244,431.3588381815244,1762921663.0,1762921663.0
ETH,2025-11-26,1764144000,1766736000,30.0,2943.2680074578584,2950.9491360984744,2950.9491360984744,0.7086169066596979,0.0423,0.0,238.75428431115097,238.75428431115077,52.0,65.0,123.0,875.2992735967416,875.2992735967416,1728413207,1728413207,626.0410954565098,626.0410954565098,1740253957.0,1740253957.0,428.31305279931007,428.31305279931007,1762921663.0,1762921663.0
ETH,2025-11-27,1764230400,1766736000,29.0,3032.8818822150574,3041.5816850340375,3041.5816850340375,0.6908396606045215,0.0422114126102686,0.0,235.9139602173179,235.9139602173181,63.0,65.0,96.0,901.164761845537,901.164761845537,1728413207,1728413207,638.1261241541922,638.1261241541922,1740253957.0,1740253957.0,436.0363142474227,436.0363142474227,1762921663.0,1762921663.0
ETH,2025-11-28,1764316800,1766736000,28.0,3001.413270026317,3009.2667195112476,3009.2667195112476,0.6797398614070712,0.0422114126102686,0.0,225.6862272447467,225.68622724474685,65.0,68.0,98.0,892.5705315229648,892.5705315229648,1728413207,1728413207,626.811501706884,626.811501706884,1740253957.0,1740253957.0,427.9219599177327,427.9219599177327,1762921663.0,1762921663.0
ETH,2025-11-29,1764403200,1767168000,32.0,3005.885033709119,3013.2780342791507,3013.2780342791507,0.682090378330708,0.0422471270151479,0.0,242.3718375348448,242.37183753484464,26.0,66.0,70.0,894.3725095427038,894.3725095427038,1728413207,1728413207,635.5263296196744,635.5263296196744,1740253957.0,1740253957.0,434.7355893663913,434.7355893663913,1762921663.0,1762921663.0
ETH,2025-11-30,1764489600,1767168000,31.0,3006.3251118077796,3012.828292654532,3012.828292654532,0.6880088072770117,0.0422471270151479,0.0,240.59458677536497,240.59458677536497,14.0,66.0,90.0,895.3943526955813,895.3943526955813,1728413207,1728413207,634.9150433784016,634.9150433784016,1740253957.0,1740253957.0,434.1586258680198,434.1586258680198,1762921663.0,1762921663.0
ETH,2025-12-01,1764576000,1767168000,30.0,2840.5500262370806,2845.87578864584,2845.87578864584,0.7027227639037572,0.0422471270151479,0.0,228.34434384791567,228.34434384791552,62.0,66.0,90.0,846.8392454623646,846.8392454623646,1728413207,1728413207,601.9418393406467,601.9418393406467,1740253957.0,1740253957.0,411.6595597214267,411.6595597214267,1762921663.0,1762921663.0
ETH,2025-12-02,1764662400,1767168000,29.0,2806.5487947273755,2812.1686313313103,2812.1686313313103,0.6915904748643046,0.0422471270151479,0.0,218.35632018217177,218.35632018217177,62.0,66.0,70.0,836.3448018142778,836.3448018142778,1728413207,1728413207,590.3139497046061,590.3139497046061,1740253957.0,1740253957.0,403.3421835655834,403.3421835655834,1762921663.0,1762921663.0
ETH,2025-12-03,1764748800,1767168000,28.0,3058.128994998678,3066.4162916775413,3066.4162916775413,0.6703630407672488,0.0422471270151479,0.0,226.80904231584643,226.80904231584643,25.0,66.0,70.0,909.15140182074,909.15140182074,1728413207,1728413207,635.7461202788825,635.7461202788825,1740253957.0,1740253957.0,434.93449488704215,434.93449488704215,1762921663.0,1762921663.0
ETH,2025-12-04,1764835200,1767168000,27.0,3191.8660192193393,3200.6909976799766,3200.6909976799766,0.6603707088586114,0.0422471270151479,0.0,229.03066772433195,229.03066772433175,52.0,66.0,101.0,948.7348273051643,948.7348273051643,1728413207,1728413207,659.4491141941452,659.4491141941452,1740253957.0,1740253957.0,454.4362630060566,454.4362630060566,1762921663.0,1762921663.0
ETH,2025-12-05,1764921600,1767168000,26.0,3173.7543015471297,3180.1062355249765,3180.1062355249765,0.656259866295055,0.0422,0.0,221.9284203700833,221.9284203700831,62.0,65.0,95.0,945.774356486292,945.774356486292,1728413207,1728413207,653.1889429513097,653.1889429513097,1740253957.0,1740253957.0,451.8680948057875,451.8680948057875,1762921663.0,1762921663.0
ETH,2025-12-06,1765008000,1767340800,27.0,3025.9825935971407,3031.166683873865,3031.166683873865,0.6859491840262711,0.0422,0.0,225.2774943746747,225.27749437467452,51.0,65.0,80.0,902.610687802418,902.610687802418,1728413207,1728413207,632.4117267514828,632.4117267514828,1740253957.0,1740253957.0,431.7307910452218,431.7307910452218,1762921663.0,1762921663.0
ETH,2025-12-07,1765094400,1767340800,26.0,3037.546964614428,3041.701694855496,3041.701694855496,0.6988264459370213,0.0422,0.0,225.99931827132147,225.99931827132147,31.0,67.0,92.0,907.1093591432602,907.1093591432602,1728413207,1728413207,637.6055459214247,637.6055459214247,1740253957.0,1740253957.0,435.43584477848407,435.43584477848407,1762921663.0,1762921663.0
ETH,2025-12-08,1765180800,1767340800,25.0,3133.440695325058,3139.4687516041818,3139.4687516041818,0.7016509996223464,0.0422,0.0,229.66832728251612,229.66832728251612,62.0,65.0,70.0,934.0041523183938,934.0041523183938,1728413207,1728413207,657.7981214775007,657.7981214775007,1740253957.0,1740253957.0,449.2041555610285,449.2041555610285,1762921663.0,1762921663.0
ETH,2025-12-09,1765267200,1767340800,24.0,3122.834502335435,3126.814611828777,3126.814611828777,0.6846806477723545,0.0422,0.0,218.72677051044005,218.72677051044025,62.0,65.0,110.0,932.8702412072888,932.8702412072888,1728413207,1728413207,648.971185591641,648.971185591641,1740253957.0,1740253957.0,444.2497459028616,444.2497459028616,1762921663.0,1762921663.0
ETH,2025-12-10,1765353600,1767340800,23.0,3325.4252955929824,3332.5352368136437,3332.5352368136437,0.6731410520322788,0.0422,0.0,224.38403137159608,224.38403137159608,62.0,65.0,81.0,990.5176474572334,990.5176474572334,1728413207,1728413207,687.0202529943165,687.0202529943165,1740253957.0,1740253957.0,473.9589152162675,473.9589152162675,1762921663.0,1762921663.0
ETH,2025-12-11,1765440000,1767340800,22.0,3202.0779458699476,3205.3259761923605,3205.3259761923605,0.6552773535966041,0.0422,0.0,205.49639464572303,205.49639464572303,17.0,66.0,93.0,957.3753534385714,957.3753534385714,1728413207,1728413207,655.1723846743491,655.1723846743491,1740253957.0,1740253957.0,456.50537335524587,456.50537335524587,1762921663.0,1762921663.0
ETH,2025-12-12,1765526400,1767340800,21.0,3247.903310942693,3250.86895034973,3250.86895034973,0.6388483219534657,0.0422,0.0,198.53896794555823,198.53896794555823,62.0,66.0,95.0,971.4053538757712,971.4053538757712,1728413207,1728413207,659.6194434353182,659.6194434353182,1740253957.0,1740253957.0,463.565678187611,463.565678187611,1762921663.0,1762921663.0
ETH,2025-12-13,1765612800,1767945600,27.0,3095.354410364016,3100.421594642429,3100.421594642429,0.6463667407936982,0.0422,0.0,217.1632404229157,217.1632404229157,12.0,66.0,112.0,923.5391388307916,923.5391388307916,1728413207,1728413207,634.7371337012871,634.7371337012871,1740253957.0,1740253957.0,440.5263240637662,440.5263240637662,1762921663.0,1762921663.0
ETH,2025-12-14,1765699200,1767945600,26.0,3116.283741322001,3120.520375505253,3120.520375505253,0.6567294902627028,0.0422,0.0,217.92557228468524,217.92557228468524,54.0,66.0,87.0,930.6484882133484,930.6484882133484,1728413207,1728413207,641.163576898881,641.163576898881,1740253957.0,1740253957.0,443.4118505808485,443.4118505808485,1762921663.0,1762921663.0
ETH,2025-12-15,1765785600,1767945600,25.0,3129.14168066059,3135.3351298773255,3135.3351298773255,0.6429781877601728,0.0422,0.0,210.23338562436072,210.23338562436072,16.0,65.0,65.0,932.5490549814406,932.5490549814406,1728413207,1728413207,639.4230203805434,639.4230203805434,1740253957.0,1740253957.0,446.0117564810664,446.0117564810664,1762921663.0,1762921663.0
ETH,2025-12-16,1765872000,1767945600,24.0,2924.2227701400675,2926.6543978359396,2926.6543978359396,0.6665591331039207,0.0422,0.0,199.32004893274413,199.32004893274413,20.0,65.0,85.0,874.8352033461481,874.8352033461481,1728413207,1728413207,602.5260455616537,602.5260455616537,1740253957.0,1740253957.0,416.1532209678533,416.1532209678533,1762921663.0,1762921663.0
ETH,2025-12-17,1765958400,1767945600,23.0,2947.764030331538,2952.788713741168,2952.788713741168,0.6496987212599025,0.0422,0.0,191.90700654938183,191.90700654938183,62.0,65.0,85.0,879.304525689831,879.304525689831,1728413207,1728413207,602.7017984684614,602.7017984684614,1740253957.0,1740253957.0,420.3821239048337,420.3821239048337,1762921663.0,1762921663.0
ETH,2025-12-18,1766044800,1767945600,22.0,2836.3695808002717,2840.735736338483,2840.735736338483,0.6588030818825152,0.0422,0.0,183.0999613378163,183.09996133781613,21.0,66.0,71.0,846.5447187018701,846.5447187018701,1728413207,1728413207,581.4366135878445,581.4366135878445,1740253957.0,1740253957.0,404.5061934300489,404.5061934300489,1766020953.0,1762921663.0
ETH,2025-12-19,1766131200,1767945600,21.0,2950.6601859384514,2956.1109272680224,2956.1109272680224,0.6482520659547458,0.0422,0.0,183.18950292930717,183.18950292930717,16.0,65.0,82.0,879.7473144519643,879.7473144519643,1728413207,1728413207,601.8826343846863,601.8826343846863,1740253957.0,1740253957.0,421.3468479908194,421.3468479908194,1766020953.0,1766020953.0
ETH,2025-12-20,1766217600,1768550400,27.0,2981.546686889708,2988.6870534125796,2988.6870534125796,0.6449561574742306,0.0422,0.0,208.88133295308305,208.8813329530832,17.0,66.0,64.0,887.3236395440405,887.3236395440405,1728413207,1728413207,611.3780792714318,611.3780792714318,1740253957.0,1740253957.0,424.6558825796958,424.6558825796958,1766020953.0,1766020953.0
ETH,2025-12-21,1766304000,1768550400,26.0,2980.932762656958,2987.7719514963287,2987.7719514963287,0.6493220155349488,0.0422,0.0,206.30734291533497,206.30734291533497,21.0,66.0,84.0,887.4406399577165,887.4406399577165,1728413207,1728413207,611.7062451479319,611.7062451479319,1740253957.0,1740253957.0,424.66492256211865,424.66492256211865,1766020953.0,1766020953.0
ETH,2025-12-22,1766390400,1768550400,25.0,3029.9983614949565,3037.0216884937986,3037.0216884937986,0.6450433564092228,0.0422,0.0,204.2937036018565,204.2937036018565,12.0,66.0,69.0,901.9761814496449,901.9761814496449,1728413207,1728413207,619.8954521488611,619.8954521488611,1740253957.0,1740253957.0,431.9762665132572,431.9762665132572,1766020953.0,1766020953.0
ETH,2025-12-23,1766476800,1768550400,24.0,2963.296236430263,2967.0214372799287,2967.0214372799287,0.641450358361702,0.0422,0.0,194.47493649246616,194.47493649246636,19.0,66.0,65.0,885.2636700794136,885.2636700794136,1728413207,1728413207,604.1623451737346,604.1623451737346,1740253957.0,1740253957.0,422.34252765282656,422.34252765282656,1766020953.0,1766020953.0
ETH,2025-12-24,1766563200,1768550400,23.0,2933.0887775857304,2937.02043426735,2937.02043426735,0.624606805199371,0.0422,0.0,183.52555899055352,183.52555899055352,63.0,66.0,80.0,875.9949765940995,875.9949765940995,1728413207,1728413207,593.4416007381367,593.4416007381367,1740253957.0,1740253957.0,418.59373230790413,418.59373230790413,1766020953.0,1766020953.0
ETH,2025-12-25,1766649600,1769760000,36.0,2940.668995911132,2946.476021908212,2946.476021908212,0.6206711426805762,0.0422846476720335,0.0,228.76639683307272,228.7663968330729,12.0,66.0,73.0,876.3936727762593,876.3936727762593,1728413207,1728413207,609.6747239521374,609.6747239521374,1740253957.0,1740253957.0,417.37112822311815,417.37112822311815,1766020953.0,1766020953.0
ETH,2025-12-26,1766736000,1769760000,35.0,2954.268208708415,2962.506205800277,2962.506205800277,0.6138928378338794,0.0422846476720335,0.0,224.33443986686612,224.3344398668663,65.0,68.0,82.0,878.0424655206625,878.0424655206625,1728413207,1728413207,608.6974529659915,608.6974529659915,1740253957.0,1740253957.0,419.9648167551673,419.9648167551673,1766020953.0,1766020953.0
ETH,2025-12-27,1766822400,1769155200,27.0,2931.747180335452,2939.3307034016425,2939.3307034016425,0.5721166376273512,0.0422,0.0,182.28065521776497,182.28065521776512,36.0,66.0,81.0,871.9406310344449,871.9406310344449,1728413207,1728413207,582.8497771169592,582.8497771169592,1740253957.0,1740253957.0,419.0611500891931,419.0611500891931,1766020953.0,1766020953.0
ETH,2025-12-28,1766908800,1769760000,33.0,2937.437181166979,2944.7956994771625,2944.7956994771625,0.5900692611505224,0.0422846476720335,0.0,208.1658212640392,208.1658212640392,18.0,68.0,73.0,873.8726360399098,873.8726360399098,1728413207,1728413207,594.179109547721,594.179109547721,1740253957.0,1740253957.0,418.3674299115691,418.3674299115691,1766020953.0,1766020953.0
ETH,2025-12-29,1766995200,1769760000,32.0,3016.5587584735954,3025.173367183312,3025.173367183312,0.5897411238301926,0.042232869781276,0.0,210.47417744212595,210.47417744212595,14.0,67.0,91.0,896.353018832362,896.353018832362,1728413207,1728413207,608.5374310537321,608.5374310537321,1740253957.0,1740253957.0,429.9738517269192,429.9738517269192,1766020953.0,1766020953.0
ETH,2025-12-30,1767081600,1769760000,31.0,2947.880703355731,2952.3154597290663,2952.3154597290663,0.5863070829545041,0.0422328707730123,0.0,201.0038263974229,201.0038263974229,14.0,66.0,69.0,879.9294546333838,879.9294546333838,1728413207,1728413207,591.4398754824638,591.4398754824638,1740253957.0,1740253957.0,419.9150550643952,419.9150550643952,1766020953.0,1766020953.0
ETH,2025-12-31,1767168000,1769760000,30.0,2973.8246894060267,2980.301982475586,2980.301982475586,0.5786241663519205,0.0422328707730123,0.0,197.0077762582759,197.0077762582759,15.0,66.0,109.0,885.6701137522485,885.6701137522485,1728413207,1728413207,593.3616970869209,593.3616970869209,1740253957.0,1740253957.0,424.2237006498168,424.2237006498168,1766020953.0,1766020953.0
ETH,2026-01-01,1767254400,1769760000,29.0,2974.4682121016067,2980.4873870298616,2980.4873870298616,0.5732195413956084,0.0422328707730123,0.0,191.9104847778628,191.9104847778628,11.0,66.0,83.0,886.3212887022271,886.3212887022271,1728413207,1728413207,591.7721772817908,591.7721772817908,1740253957.0,1740253957.0,424.5510405974144,424.5510405974144,1766020953.0,1766020953.0
ETH,2026-01-02,1767340800,1769760000,28.0,3015.070490647279,3021.2450108785424,3021.2450108785424,0.5679219645674478,0.0422328707730123,0.0,189.39552625471708,189.39552625471708,47.0,69.0,86.0,898.34662696292,898.34662696292,1728413207,1728413207,598.3598368056469,598.3598368056469,1740253957.0,1740253957.0,430.6516010245365,430.6516010245365,1766020953.0,1766020953.0
ETH,2026-01-03,1767427200,1769760000,27.0,3089.308439678162,3096.0569672664196,3096.0569672664196,0.5699456210501161,0.0422328707730123,0.0,191.2728076538155,191.2728076538155,19.0,67.0,102.0,920.0440043151908,920.0440043151908,1728413207,1728413207,613.4626613797313,613.4626613797313,1740253957.0,1740253957.0,441.4608383533736,441.4608383533736,1766020953.0,1766020953.0
ETH,2026-01-04,1767513600,1769760000,26.0,3139.7944404405916,3145.8043669036597,3145.8043669036597,0.5875084080868807,0.0422328707730123,0.0,196.58544838280872,196.5854483828089,22.0,68.0,106.0,935.9284056691096,935.9284056691096,1728413207,1728413207,627.3889162727448,627.3889162727448,1740253957.0,1740253957.0,448.4011542379102,448.4011542379102,1766020953.0,1766020953.0
ETH,2026-01-05,1767600000,1769760000,25.0,3155.473416715075,3161.4891353185603,3161.4891353185603,0.5903434535600357,0.0422,0.0,194.66967721631116,194.66967721631133,13.0,66.0,101.0,940.6263064110371,940.6263064110371,1728413207,1728413207,630.9548685714777,630.9548685714777,1740253957.0,1740253957.0,450.7918144855049,450.7918144855049,1766020953.0,1766020953.0
ETH,2026-01-06,1767686400,1769760000,24.0,3218.0598241364964,3224.6712906620846,3224.6712906620846,0.5848716199858072,0.0422,0.0,192.7562148511606,192.7562148511604,65.0,66.0,93.0,958.8064807153607,958.8064807153607,1728413207,1728413207,642.0421414460245,642.0421414460245,1740253957.0,1740253957.0,460.12403197338926,460.12403197338926,1766020953.0,1766020953.0
ETH,2026-01-07,1767772800,1769760000,23.0,3252.2586439187003,3258.981133172885,3258.981133172885,0.5759659245817027,0.0422,0.0,187.81403805239597,187.81403805239617,26.0,66.0,91.0,968.955103921425,968.955103921425,1728413207,1728413207,646.7906209932555,646.7906209932555,1740253957.0,1740253957.0,465.41637764337867,465.41637764337867,1766020953.0,1766020953.0
ETH,2026-01-08,1767859200,1769760000,22.0,3124.4618399820724,3128.2349534964915,3128.2349534964915,0.5797820322739582,0.0422,0.0,177.4894651270373,177.48946512703716,12.0,66.0,89.0,933.5654384802028,933.5654384802028,1728413207,1728413207,621.7488505185665,621.7488505185665,1740253957.0,1740253957.0,446.91260304094465,446.91260304094465,1766020953.0,1766020953.0
ETH,2026-01-09,1767945600,1769760000,21.0,3108.3275480279976,3113.225444010637,3113.225444010637,0.5549498569482485,0.0422,0.0,165.20266865201648,165.20266865201648,16.0,65.0,111.0,927.6003684257596,927.6003684257596,1728413207,1728413207,614.3447133675636,614.3447133675636,1740253957.0,1740253957.0,452.6384632623823,445.41716594294473,1767912649.0,1766020953.0
ETH,2026-01-10,1768032000,1770364800,27.0,3089.2018994445025,3095.9023749788103,3095.9023749788103,0.5510231097623641,0.0422,0.0,184.9252909147691,184.9252909147691,16.0,66.0,66.0,920.0600942990428,920.0600942990428,1728413207,1728413207,609.1644731371399,609.1644731371399,1740253957.0,1740253957.0,448.6110424077533,448.6110424077533,1767912649.0,1767912649.0
ETH,2026-01-11,1768118400,1770364800,26.0,3091.9112050730573,3098.815881916058,3098.815881916058,0.555010111967122,0.0422,0.0,182.95743475638085,182.95743475638085,37.0,65.0,70.0,920.6686846789164,920.6686846789164,1728413207,1728413207,610.5824835387476,610.5824835387476,1740253957.0,1740253957.0,449.2039793988415,449.2039793988415,1767912649.0,1767912649.0
ETH,2026-01-12,1768204800,1770364800,25.0,3132.1976129076834,3140.0257030673783,3140.0257030673783,0.5568551759464935,0.0422,0.0,182.40003082134308,182.40003082134308,36.0,65.0,112.0,931.83119371261,931.83119371261,1728413207,1728413207,619.0890258485996,619.0890258485996,1740253957.0,1740253957.0,455.3935675388245,455.3935675388245,1767912649.0,1767912649.0
ETH,2026-01-13,1768291200,1770364800,24.0,3119.0572952691296,3127.308824751656,3127.308824751656,0.5511680083690252,0.0422,0.0,176.18246724346923,176.18246724346923,33.0,68.0,94.0,927.4656590982122,927.4656590982122,1728413207,1728413207,615.5309120919287,615.5309120919287,1740253957.0,1740253957.0,453.9187004432369,453.9187004432369,1767912649.0,1767912649.0
ETH,2026-01-14,1768377600,1770364800,23.0,3333.5902051339,3342.5108676858804,3342.5108676858804,0.5424859420310812,0.0422,0.0,181.44850746600451,181.44850746600451,34.0,64.0,74.0,991.1563989881894,991.1563989881894,1728413207,1728413207,656.4363636970842,656.4363636970842,1740253957.0,1740253957.0,485.6113916785897,485.6113916785897,1767912649.0,1767912649.0
ETH,2026-01-15,1768464000,1770364800,22.0,3328.485448407666,3334.894819362018,3334.894819362018,0.5324930826219099,0.0422,0.0,173.80485693719888,173.80485693719888,29.0,67.0,84.0,992.1362635679476,992.1362635679476,1728413207,1728413207,653.7228046100006,653.7228046100006,1740253957.0,1740253957.0,485.0069699154445,485.0069699154445,1767912649.0,1767912649.0
ETH,2026-01-16,1768550400,1770364800,21.0,3308.232992743994,3313.3034367486807,3313.3034367486807,0.5199922083090284,0.0422,0.0,164.75928228684546,164.75928228684546,37.0,65.0,74.0,987.3994538185116,987.3994538185116,1728413207,1728413207,648.3210182163609,648.3210182163609,1740253957.0,1740253957.0,482.3949996573541,482.3949996573541,1767912649.0,1767912649.0
ETH,2026-01-17,1768636800,1770969600,27.0,3290.3409316955303,3297.061929953923,3297.061929953923,0.5138795161803853,0.036,0.0,183.68790485551236,183.68790485551256,28.0,65.0,91.0,980.3812812502664,980.3812812502664,1728413207,1728413207,640.9774326760762,640.9774326760762,1740253957.0,1740253957.0,478.7425931847572,478.7425931847572,1767912649.0,1767912649.0
ETH,2026-01-18,1768723200,1770969600,26.0,3305.975249675799,3312.341759165061,3312.341759165061,0.520348227330419,0.036,0.0,183.37098839582316,183.37098839582316,38.0,69.0,106.0,985.426065413478,985.426065413478,1728413207,1728413207,645.4966358727843,645.4966358727843,1740253957.0,1740253957.0,481.0710068028588,481.0710068028588,1767912649.0,1767912649.0
ETH,2026-01-19,1768809600,1770969600,25.0,3205.461150841252,3210.4616433975475,3210.4616433975475,0.5302730801196387,0.036,0.0,177.60381989289263,177.6038198928928,39.0,69.0,70.0,956.6378526960798,956.6378526960798,1728413207,1728413207,627.8029494383658,627.8029494383658,1740253957.0,1740253957.0,466.32771276520066,466.32771276520066,1767912649.0,1767912649.0
ETH,2026-01-20,1768896000,1770969600,24.0,3122.016162817045,3127.288914437278,3127.288914437278,0.5277577199407772,0.036,0.0,168.7098928360932,168.70989283609336,16.0,66.0,64.0,931.3320972248804,931.3320972248804,1728413207,1728413207,611.4178759188751,611.4178759188751,1740253957.0,1740253957.0,454.53347323473406,454.53347323473406,1767912649.0,1767912649.0
ETH,2026-01-21,1768982400,1770969600,23.0,2966.3997143912634,2970.8005221191497,2970.8005221191497,0.5443254579341483,0.036,0.0,161.81617971954094,161.81617971954077,16.0,66.0,64.0,885.5191065894926,885.5191065894926,1728413207,1728413207,583.8747870525501,583.8747870525501,1740253957.0,1740253957.0,431.73286259041174,431.73286259041174,1767912649.0,1767912649.0
ETH,2026-01-22,1769068800,1772179200,36.0,2999.022394575713,3008.840214365148,3008.840214365148,0.5318077004673164,0.0359153568114687,0.0,200.24611403837648,200.24611403837648,41.0,66.0,64.0,889.8888985832789,889.8888985832789,1728413207,1728413207,594.8647959621949,594.8647959621949,1740253957.0,1740253957.0,434.5369207767439,434.5369207767439,1767912649.0,1767912649.0
ETH,2026-01-23,1769155200,1772179200,35.0,2946.239975167354,2952.4608704046545,2952.4608704046545,0.5280600168206773,0.0359153568114687,0.0,192.38953836028833,192.38953836028816,37.0,66.0,73.0,877.6510973129052,877.6510973129052,1728413207,1728413207,581.6727114180701,581.6727114180701,1740253957.0,1740253957.0,406.413369631109,426.72119436063855,1769142245.0,1767912649.0
ETH,2026-01-24,1769241600,1771574400,27.0,2953.698935883715,2961.2569354865072,2961.2569354865072,0.5156952642107377,0.036,0.0,165.561320870007,165.56132087000682,40.0,67.0,82.0,878.5516811623221,878.5516811623221,1728413207,1728413207,575.9443811956335,575.9443811956335,1740253957.0,1740253957.0,401.6815262388326,401.6815262388326,1769142245.0,1769142245.0
ETH,2026-01-25,1769328000,1772179200,33.0,2936.3011217983326,2944.7107676100004,2944.7107676100004,0.5323129426893488,0.0359536890902374,0.0,187.8308344283939,187.83083442839404,49.0,67.0,82.0,872.480690727832,872.480690727832,1728413207,1728413207,578.790418281194,578.790418281194,1740253957.0,1740253957.0,404.3063121889885,404.3063121889885,1769142245.0,1769142245.0
ETH,2026-01-26,1769414400,1772179200,32.0,2901.079347903233,2909.312014962978,2909.312014962978,0.542995880344765,0.0359653559689363,0.0,186.40514671834427,186.40514671834427,48.0,69.0,97.0,862.0911373112248,862.0911373112248,1728413207,1728413207,573.1898788828761,573.1898788828761,1740253957.0,1740253957.0,400.53031614823624,400.53031614823624,1769142245.0,1769142245.0
ETH,2026-01-27,1769500800,1772179200,31.0,2926.2178044222796,2935.1391214720975,2935.1391214720975,0.523181145365382,0.0359653559689363,0.0,178.36299014189925,178.36299014189925,45.0,65.0,72.0,868.944024276866,868.944024276866,1728413207,1728413207,572.6864070339254,572.6864070339254,1740253957.0,1740253957.0,399.6247695386948,399.6247695386948,1769142245.0,1769142245.0
ETH,2026-01-28,1769587200,1772179200,30.0,3001.576907907096,3011.545775559425,3011.545775559425,0.5210731746754267,0.035982516096817,0.0,179.31175679391782,179.31175679391782,42.0,65.0,89.0,890.5042047198,890.5042047198,1728413207,1728413207,586.129756671478,586.129756671478,1740253957.0,1740253957.0,408.8722671790407,408.8722671790407,1769142245.0,1769142245.0
ETH,2026-01-29,1769673600,1772179200,29.0,2955.947110979275,2964.469137528663,2964.469137528663,0.5048910339498314,0.035982516096817,0.0,168.16702775614436,168.1670277561442,49.0,70.0,64.0,878.2621067443943,878.2621067443943,1728413207,1728413207,574.1563139000318,574.1563139000318,1740253957.0,1740253957.0,400.2061089004399,400.2061089004399,1769142245.0,1769142245.0
ETH,2026-01-30,1769760000,1772179200,28.0,2738.8470487306213,2743.7154520613726,2743.7154520613726,0.5785872580490964,0.035982516096817,0.0,175.22096946826406,175.22096946826423,44.0,65.0,91.0,816.7857112884351,816.7857112884351,1728413207,1728413207,545.741906348914,545.741906348914,1740253957.0,1740253957.0,381.8165841045184,381.8165841045184,1769142245.0,1769142245.0
ETH,2026-01-31,1769846400,1772179200,27.0,2675.606515859306,2683.188711471131,2683.188711471131,0.5356203714929132,0.035982516096817,0.0,155.80088927042564,155.80088927042564,45.0,66.0,72.0,795.099759145967,795.099759145967,1728413207,1728413207,525.1062242645892,525.1062242645892,1740253957.0,1740253957.0,366.5728490944852,366.5728490944852,1769142245.0,1769142245.0
ETH,2026-02-01,1769932800,1772179200,26.0,2409.0042716848734,2413.0828918644897,2413.0828918644897,0.6043396973886342,0.036,0.0,155.10760694950864,155.10760694950864,19.0,67.0,100.0,718.6226613258457,718.6226613258457,1728413207,1728413207,484.5441300294518,484.5441300294518,1740253957.0,1740253957.0,339.4552185898641,339.4552185898641,1769142245.0,1769142245.0
ETH,2026-02-02,1770019200,1772179200,25.0,2230.2616906569383,2233.1949552129263,2233.1949552129263,0.6907867914443305,0.036,0.0,160.84708188084485,160.8470818808447,33.0,66.0,81.0,666.1452426410934,666.1452426410934,1728413207,1728413207,465.54358023393377,465.54358023393377,1740253957.0,1740253957.0,327.82963037400816,327.82963037400816,1769142245.0,1769142245.0
ETH,2026-02-03,1770105600,1772179200,24.0,2320.380096324657,2325.3986304774235,2325.3986304774235,0.6611768524551407,0.036,0.0,157.09574019039,157.09574019038988,30.0,65.0,72.0,691.095494744631,691.095494744631,1728413207,1728413207,477.48733368008817,477.48733368008817,1740253957.0,1740253957.0,335.5822650175772,335.5822650175772,1769142245.0,1769142245.0
ETH,2026-02-04,1770192000,1772179200,23.0,2281.5243646652116,2287.3070483635606,2287.3070483635606,0.6829867062171495,0.036,0.0,156.25453393291846,156.25453393291858,18.0,65.0,71.0,678.6746257012144,678.6746257012144,1728413207,1728413207,473.56038941275034,473.56038941275034,1740253957.0,1740253957.0,333.2178242368961,333.2178242368961,1769142245.0,1769142245.0
ETH,2026-02-05,1770278400,1772179200,22.0,2086.275566250764,2090.737417152062,2090.737417152062,0.789744792811725,0.036,0.0,161.46611670729564,161.46611670729575,28.0,65.0,71.0,621.4208189739311,621.4208189739311,1728413207,1728413207,454.24000984185903,454.24000984185903,1740253957.0,1740253957.0,321.66649654847214,321.66649654847214,1769142245.0,1769142245.0
ETH,2026-02-06,1770364800,1772179200,21.0,1899.2083586035783,1901.380359799827,1901.380359799827,0.8531556180977201,0.036,0.0,154.95773717012554,154.95773717012565,32.0,65.0,73.0,567.5905063848248,567.5905063848248,1728413207,1728413207,425.03833881675087,425.03833881675087,1740253957.0,1740253957.0,302.0465038813293,302.0465038813293,1769142245.0,1769142245.0
ETH,2026-02-07,1770451200,1772784000,27.0,2026.826196291248,2030.620968419605,2030.620968419605,0.7546811289550333,0.036,0.0,165.98774642818344,165.98774642818344,41.0,68.0,71.0,604.2530867590176,604.2530867590176,1728413207,1728413207,438.75058094712693,438.75058094712693,1740253957.0,1740253957.0,310.4639408318764,310.4639408318764,1769142245.0,1769142245.0
ETH,2026-02-08,1770537600,1772784000,26.0,2082.7910421537495,2089.197770763561,2089.197770763561,0.7664875877652779,0.036,0.0,170.2073158681711,170.20731586817124,18.0,68.0,70.0,618.4305840363132,618.4305840363132,1728413207,1728413207,453.0499313419126,453.0499313419126,1740253957.0,1740253957.0,320.78412423045506,320.78412423045506,1769142245.0,1769142245.0
ETH,2026-02-09,1770624000,1772784000,25.0,2064.198114269754,2068.567758035434,2068.567758035434,0.7499732262935638,0.036,0.0,161.71580592533095,161.71580592533095,41.0,69.0,84.0,614.8897905152462,614.8897905152462,1728413207,1728413207,443.8485589708,443.8485589708,1740253957.0,1740253957.0,313.79488489124486,313.79488489124486,1769142245.0,1769142245.0
ETH,2026-02-10,1770710400,1772784000,24.0,2006.436150198435,2010.4006256970413,2010.4006256970413,0.7431812362238779,0.036,0.0,152.61240068785838,152.6124006878585,11.0,66.0,64.0,597.966369560924,597.966369560924,1728413207,1728413207,428.9816239993045,428.9816239993045,1740253957.0,1740253957.0,303.0565761954747,303.0565761954747,1769142245.0,1769142245.0
ETH,2026-02-11,1770796800,1772784000,23.0,1950.970667728704,1954.574189775935,1954.574189775935,0.7208175952375852,0.036,0.0,140.9006361823577,140.9006361823578,19.0,65.0,71.0,581.6876782713799,581.6876782713799,1728413207,1728413207,411.7875862276228,411.7875862276228,1740253957.0,1740253957.0,290.4106556275241,290.4106556275241,1769142245.0,1769142245.0
ETH,2026-02-12,1770883200,1772784000,22.0,1969.5999613774743,1972.667852788379,1972.667852788379,0.6841615671541696,0.036,0.0,132.03142982125388,132.03142982125397,14.0,66.0,91.0,587.8120970023376,587.8120970023376,1728413207,1728413207,408.1185499849736,408.1185499849736,1740253957.0,1740253957.0,287.1028407604292,287.1028407604292,1769142245.0,1769142245.0
ETH,2026-02-13,1770969600,1772784000,21.0,1934.7333550164144,1936.734466937884,1936.734466937884,0.6654607956683177,0.036,0.0,123.19837712129345,123.19837712129332,13.0,65.0,78.0,578.4188945834542,578.4188945834542,1728413207,1728413207,397.0956805565903,397.0956805565903,1740253957.0,1740253957.0,278.9818773449441,278.9818773449441,1769142245.0,1769142245.0
ETH,2026-02-14,1771056000,1773388800,27.0,2056.591091073155,2060.568797672256,2060.568797672256,0.6440502241466689,0.036,0.0,143.8127566368958,143.8127566368958,40.0,69.0,80.0,612.9996207228454,612.9996207228454,1728413207,1728413207,421.3774170633676,421.3774170633676,1740253957.0,1740253957.0,295.9701118292311,295.9701118292311,1769142245.0,1769142245.0
ETH,2026-02-15,1771142400,1773388800,26.0,2090.7001213248236,2096.438962554284,2096.438962554284,0.6531003493408453,0.036,0.0,145.60051582156322,145.60051582156322,39.0,67.0,98.0,621.4711951679867,621.4711951679867,1728413207,1728413207,429.9231053732985,429.9231053732985,1740253957.0,1740253957.0,302.12448187214244,302.12448187214244,1769142245.0,1769142245.0
ETH,2026-02-16,1771228800,1773388800,25.0,1971.189872025173,1975.651853672226,1975.651853672226,0.6777746919399738,0.036,0.0,139.62408363184946,139.62408363184946,36.0,65.0,102.0,586.8949799604989,586.8949799604989,1728413207,1728413207,409.27793062998234,409.27793062998234,1740253957.0,1740253957.0,287.99854706348236,287.99854706348236,1769142245.0,1769142245.0
ETH,2026-02-17,1771315200,1773388800,24.0,1985.5551893574736,1990.0519146317924,1990.0519146317924,0.6642308234805631,0.036,0.0,135.06038250171778,135.06038250171778,33.0,65.0,82.0,591.1698315329229,591.1698315329229,1728413207,1728413207,409.1728644120605,409.1728644120605,1740253957.0,1740253957.0,287.62718774249896,287.62718774249896,1769142245.0,1769142245.0
ETH,2026-02-18,1771401600,1773388800,23.0,2017.4237476738183,2021.85660398762,2021.85660398762,0.6515140140716275,0.036,0.0,131.77040133784743,131.77040133784743,33.0,67.0,79.0,600.794267988344,600.794267988344,1728413207,1728413207,412.96348040645023,412.96348040645023,1740253957.0,1740253957.0,290.0223093716837,290.0223093716837,1769142245.0,1769142245.0
ETH,2026-02-19,1771488000,1774598400,36.0,1981.4724293527013,1985.8913397301908,1985.8913397301908,0.6564293249348702,0.0359153552324389,0.0,163.03837100755297,163.03837100755297,38.0,65.0,91.0,590.0228184283208,590.0228184283208,1728413207,1728413207,419.2531959254797,419.2531959254797,1740253957.0,1740253957.0,295.7731081533298,295.7731081533298,1769142245.0,1769142245.0
ETH,2026-02-20,1771574400,1774598400,35.0,1960.3601216391992,1964.9301031034377,1964.9301031034377,0.6514157077585683,0.0359153552324389,0.0,157.85820892704837,157.85820892704837,39.0,64.0,91.0,583.5380550275213,583.5380550275213,1728413207,1728413207,412.14856667738906,412.14856667738906,1740253957.0,1740253957.0,290.51165090912724,290.51165090912724,1769142245.0,1769142245.0
ETH,2026-02-21,1771660800,1773993600,27.0,1962.4082590537591,1967.786928179437,1967.786928179437,0.6333521360813789,0.036,0.0,135.06167806987742,135.06167806987742,31.0,67.0,80.0,583.34380859045,583.34380859045,1728413207,1728413207,400.3814067446229,400.3814067446229,1740253957.0,1740253957.0,281.05696021462313,281.05696021462313,1769142245.0,1769142245.0
ETH,2026-02-22,1771747200,1774598400,33.0,1975.868293494533,1980.760585430132,1980.760585430132,0.6484966466133877,0.0359153552324389,0.0,153.84122381211216,153.84122381211225,38.0,66.0,81.0,587.8681961127608,587.8681961127608,1728413207,1728413207,411.8200471316071,411.8200471316071,1740253957.0,1740253957.0,289.938671835395,289.938671835395,1769142245.0,1769142245.0
ETH,2026-02-23,1771833600,1774598400,32.0,1885.521285841676,1889.2948334296857,1889.2948334296857,0.661932215954444,0.0359653545485643,0.0,147.48817685225666,147.48817685225666,41.0,66.0,73.0,561.882838164493,561.882838164493,1728413207,1728413207,394.2084432074757,394.2084432074757,1740253957.0,1740253957.0,277.656328849147,277.656328849147,1771804945.0,1769142245.0
ETH,2026-02-24,1771920000,1774598400,31.0,1824.3925914930776,1827.5350149723877,1827.5350149723877,0.7014275533498798,0.0359653545485643,0.0,148.77754431499338,148.7775443149933,46.0,67.0,82.0,544.1753539686129,544.1753539686129,1728413207,1728413207,387.9468812738605,387.9468812738605,1740253957.0,1740253957.0,273.8696531892268,273.8696531892268,1771804945.0,1771804945.0
ETH,2026-02-25,1772006400,1774598400,30.0,1893.6787377908968,1897.0871194512629,1897.0871194512629,0.6529189048611175,0.0363166891925856,0.0,141.46112421483747,141.46112421483735,39.0,69.0,79.0,564.6952396769028,564.6952396769028,1728413207,1728413207,391.0913265776487,391.0913265776487,1740253957.0,1740253957.0,274.99948650630097,274.99948650630097,1771804945.0,1771804945.0
ETH,2026-02-26,1772092800,1774598400,29.0,2054.410784158234,2058.3242897200776,2058.3242897200776,0.655434644273618,0.036311474350155,0.0,151.49159347268122,151.49159347268122,36.0,66.0,77.0,612.4097296856266,612.4097296856266,1728413207,1728413207,424.2802273906537,424.2802273906537,1740253957.0,1740253957.0,298.33596622935823,298.33596622935823,1771804945.0,1771804945.0
ETH,2026-02-27,1772179200,1774598400,28.0,2032.5657090589696,2035.7724611915075,2035.7724611915075,0.6569605135910617,0.0363030338458334,0.0,147.57485259130115,147.57485259130115,42.0,65.0,94.0,606.5629605851532,606.5629605851532,1728413207,1728413207,419.4049152125769,419.4049152125769,1740253957.0,1740253957.0,294.8726179888824,294.8726179888824,1771804945.0,1771804945.0
ETH,2026-02-28,1772265600,1774598400,27.0,1867.537575459737,1869.771613141257,1869.771613141257,0.6887579439364919,0.0363030338458334,0.0,139.5295086313631,139.5295086313632,38.0,65.0,94.0,558.0272349564009,558.0272349564009,1728413207,1728413207,390.6787141548759,390.6787141548759,1740253957.0,1740253957.0,275.192219814706,275.192219814706,1771804945.0,1771804945.0
ETH,2026-03-01,1772352000,1774598400,26.0,2007.8855971707724,2011.3132820281771,2011.3132820281771,0.6758794116780974,0.0363,0.0,144.54754931555425,144.54754931555425,36.0,66.0,68.0,598.9379942938269,598.9379942938269,1728413207,1728413207,416.9505642033982,416.9505642033982,1740253957.0,1740253957.0,293.4027394193032,293.4027394193032,1771804945.0,1771804945.0
ETH,2026-03-02,1772438400,1774598400,25.0,1941.2802287122304,1943.4602411652609,1943.4602411652609,0.6871375764387835,0.0363,0.0,139.24131239033295,139.24131239033284,36.0,68.0,77.0,580.2040561606391,580.2040561606391,1728413207,1728413207,404.4602497277066,404.4602497277066,1740253957.0,1740253957.0,284.74259520792066,284.74259520792066,1771804945.0,1771804945.0
ETH,2026-03-03,1772524800,1774598400,24.0,1996.2811849914851,1999.78423478846,1999.78423478846,0.709210041439318,0.0363,0.0,144.88690394385122,144.88690394385122,21.0,70.0,74.0,595.3813057004709,595.3813057004709,1728413207,1728413207,419.7919700371441,419.7919700371441,1740253957.0,1740253957.0,295.9079523298857,295.9079523298857,1771804945.0,1771804945.0
ETH,2026-03-04,1772611200,1774598400,23.0,2006.683611662855,2009.4414776562403,2009.4414776562403,0.7237170586418862,0.0363,0.0,145.4369694631329,145.4369694631329,31.0,69.0,102.0,599.2472175054711,599.2472175054711,1728413207,1728413207,423.9595235850256,423.9595235850256,1740253957.0,1740253957.0,299.03394663476337,299.03394663476337,1771804945.0,1771804945.0
ETH,2026-03-05,1772697600,1774598400,22.0,2105.2641577784525,2108.9647250451717,2108.9647250451717,0.7141043575677124,0.0363,0.0,147.31604941557703,147.31604941557703,7.0,62.0,65.0,627.8786800668165,627.8786800668165,1728413207,1728413207,442.1349804746876,442.1349804746876,1740253957.0,1740253957.0,311.60270122418115,311.60270122418115,1771804945.0,1771804945.0
ETH,2026-03-06,1772784000,1774598400,21.0,2082.341637247046,2086.566158459344,2086.566158459344,0.7287256739557533,0.0363,0.0,145.31716496119083,145.31716496119094,27.0,66.0,76.0,620.4779699618158,620.4779699618158,1728413207,1728413207,439.5028860336954,439.5028860336954,1740253957.0,1740253957.0,309.95547608201525,309.95547608201525,1771804945.0,1771804945.0
ETH,2026-03-07,1772870400,1775203200,27.0,1983.0582968684532,1985.5995175015892,1985.5995175015892,0.723556430546444,0.0363,0.0,155.63570693091395,155.63570693091395,23.0,65.0,93.0,592.3762684274,592.3762684274,1728413207,1728413207,422.200151170048,422.200151170048,1740253957.0,1740253957.0,298.0989549986692,298.0989549986692,1771804945.0,1771804945.0
ETH,2026-03-08,1772956800,1775203200,26.0,1955.4511775869244,1957.5097905067291,1957.5097905067291,0.7508084602652074,0.0363,0.0,156.2274221576148,156.2274221576148,13.0,66.0,89.0,584.5767403562725,584.5767403562725,1728413207,1728413207,421.2145529245779,421.2145529245779,1740253957.0,1740253957.0,297.8626187879238,297.8626187879238,1771804945.0,1771804945.0
ETH,2026-03-09,1773043200,1775203200,25.0,1983.062290990075,1985.431613225672,1985.431613225672,0.7556589078775756,0.0363,0.0,156.3893235758144,156.38932357581427,23.0,66.0,85.0,592.5493650614254,592.5493650614254,1728413207,1728413207,427.3040894835409,427.3040894835409,1740253957.0,1740253957.0,302.1820257670314,302.1820257670314,1771804945.0,1771804945.0
ETH,2026-03-10,1773129600,1775203200,24.0,2050.4237268288475,2053.6322605210275,2053.6322605210275,0.7037976133775086,0.0363,0.0,147.65585525578908,147.65585525578908,20.0,66.0,79.0,611.9185843564742,611.9185843564742,1728413207,1728413207,430.01024758017985,430.01024758017985,1740253957.0,1740253957.0,302.9997235275669,302.9997235275669,1771804945.0,1771804945.0
ETH,2026-03-11,1773216000,1775203200,23.0,2012.508790237789,2016.4269145966905,2016.4269145966905,0.7134276031122341,0.0363,0.0,143.87319299025418,143.8731929902543,24.0,66.0,66.0,599.8345127124353,599.8345127124353,1728413207,1728413207,423.3478724701924,423.3478724701924,1740253957.0,1740253957.0,298.42812217139823,298.42812217139823,1771804945.0,1771804945.0
ETH,2026-03-12,1773302400,1775203200,22.0,2040.8020700650536,2043.8850308636436,2043.8850308636436,0.710140395241341,0.0363,0.0,141.97958316564643,141.97958316564632,31.0,67.0,63.0,609.1576602209261,609.1576602209261,1728413207,1728413207,427.7429288223087,427.7429288223087,1740253957.0,1740253957.0,301.37830165654566,301.37830165654566,1771804945.0,1771804945.0
ETH,2026-03-13,1773388800,1775203200,21.0,2100.399394280225,2104.6622860269913,2104.6622860269913,0.7167809423818875,0.0363,0.0,144.18082739808412,144.18082739808412,62.0,65.0,109.0,625.856926537301,625.856926537301,1728413207,1728413207,440.9578620684218,440.9578620684218,1740253957.0,1740253957.0,310.75830176913286,310.75830176913286,1771804945.0,1771804945.0
ETH,2026-03-14,1773475200,1775808000,27.0,2078.0305364460673,2082.247756382492,2082.247756382492,0.7190810318055737,0.0363,0.0,162.20492759815644,162.20492759815644,67.0,67.0,82.0,619.1919409973957,619.1919409973957,1728413207,1728413207,441.681463261331,441.681463261331,1740253957.0,1740253957.0,311.7845598801436,311.7845598801436,1771804945.0,1771804945.0
ETH,2026-03-15,1773561600,1775808000,26.0,2105.785126226335,2109.212022834576,2109.212022834576,0.722648191565148,0.0363,0.0,162.04093486668697,162.04093486668697,28.0,66.0,74.0,628.3086412596592,628.3086412596592,1728413207,1728413207,447.3660625503812,447.3660625503812,1740253957.0,1740253957.0,315.77714751577827,315.77714751577827,1771804945.0,1771804945.0
ETH,2026-03-16,1773648000,1775808000,25.0,2248.795755729239,2253.2522057195692,2253.2522057195692,0.723369233001729,0.0363,0.0,169.9242328284856,169.9242328284856,14.0,66.0,76.0,670.1822767284411,670.1822767284411,1728413207,1728413207,477.1207391918777,477.1207391918777,1740253957.0,1740253957.0,336.7206762389173,336.7206762389173,1771804945.0,1771804945.0
ETH,2026-03-17,1773734400,1775808000,24.0,2327.7401463310366,2332.788203805821,2332.788203805821,0.7388211170476393,0.0363,0.0,176.04948826656573,176.04948826656573,14.0,65.0,75.0,693.273986424527,693.273986424527,1728413207,1728413207,496.6936936593354,496.6936936593354,1740253957.0,1740253957.0,350.8001520008477,350.8001520008477,1771804945.0,1771804945.0
ETH,2026-03-18,1773820800,1775808000,23.0,2317.933797861515,2322.2440306586336,2322.2440306586336,0.7229104955594892,0.0363,0.0,167.8898181728976,167.8898181728976,19.0,65.0,72.0,691.0699065613356,691.0699065613356,1728413207,1728413207,489.7278400485451,489.7278400485451,1740253957.0,1740253957.0,345.42359608160575,345.42359608160575,1771804945.0,1771804945.0
ETH,2026-03-19,1773907200,1777017600,36.0,2165.757381650117,2170.514928130392,2170.514928130392,0.7455431668009365,0.0363625455374457,0.0,202.2829708174561,202.2829708174562,33.0,65.0,66.0,644.9696680147603,644.9696680147603,1728413207,1728413207,483.0366495296936,483.0366495296936,1740253957.0,1740253957.0,343.1141719907524,343.1141719907524,1771804945.0,1771804945.0
ETH,2026-03-20,1773993600,1777017600,35.0,2151.8199957452607,2157.830259211518,2157.830259211518,0.747749695110518,0.0363625455374457,0.0,198.88491638136455,198.88491638136455,39.0,65.0,66.0,639.5357352573209,639.5357352573209,1728413207,1728413207,478.6318648358172,478.6318648358172,1740253957.0,1740253957.0,339.86909195374847,339.86909195374847,1771804945.0,1771804945.0
ETH,2026-03-21,1774080000,1776412800,27.0,2154.8744103161653,2159.527510105501,2159.527510105501,0.7349555816919536,0.0363,0.0,171.92648494404884,171.92648494404884,28.0,65.0,66.0,641.809223305514,641.809223305514,1728413207,1728413207,461.8118133359022,461.8118133359022,1740253957.0,1740253957.0,326.3519624623985,326.3519624623985,1771804945.0,1771804945.0
ETH,2026-03-22,1774166400,1777017600,33.0,2093.7049294075746,2098.5145178464877,2098.5145178464877,0.7686864937410595,0.0363625455374457,0.0,193.0705306487091,193.0705306487091,62.0,66.0,66.0,623.3018903833593,623.3018903833593,1728413207,1728413207,466.8761363429848,466.8761363429848,1740253957.0,1740253957.0,331.62681048623625,331.62681048623625,1771804945.0,1771804945.0
ETH,2026-03-23,1774252800,1777017600,32.0,2043.5414990366935,2045.9659845956785,2045.9659845956785,0.763373165681538,0.0363346495027426,0.0,184.09848491492735,184.09848491492747,22.0,126.0,126.0,610.6379641520232,610.6379641520232,1728413207,1728413207,451.6762339663882,451.6762339663882,1740253957.0,1740253957.0,320.4701571923766,320.4701571923766,1771804945.0,1771804945.0
ETH,2026-03-24,1774339200,1777017600,31.0,2165.262267910012,2170.835173425104,2170.835173425104,0.7176441864152868,0.0363346495027426,0.0,180.79630944610375,180.7963094461037,31.0,65.0,86.0,644.0057748579111,644.0057748579111,1728413207,1728413207,464.83691056029016,464.83691056029016,1740253957.0,1740253957.0,328.5642830900319,328.5642830900319,1771804945.0,1771804945.0
ETH,2026-03-25,1774425600,1777017600,30.0,2163.6826356160973,2168.5142629933252,2168.5142629933252,0.6995794709145909,0.0363346495027426,0.0,173.21926121795138,173.21926121795138,24.0,65.0,66.0,644.2731633076012,644.2731633076012,1728413207,1728413207,457.8800457375644,457.8800457375644,1740253957.0,1740253957.0,323.0303838777295,323.0303838777295,1774363519.0,1771804945.0
ETH,2026-03-26,1774512000,1777017600,29.0,2122.5632428963586,2124.728666919467,2124.728666919467,0.6992961366359717,0.0363125273017803,0.0,166.81097507566253,166.81097507566264,22.0,66.0,66.0,634.6035488457992,634.6035488457992,1728413207,1728413207,447.8679740386765,447.8679740386765,1740253957.0,1740253957.0,315.84311437301375,315.84311437301375,1774363519.0,1774363519.0
ETH,2026-03-27,1774598400,1777017600,28.0,2064.606156015956,2064.431420629768,2064.431420629768,0.6995469026662543,0.0363125273017803,0.0,159.323946878792,159.323946878792,17.0,66.0,66.0,619.207111418599,619.207111418599,1728413207,1728413207,434.5307777884199,434.5307777884199,1740253957.0,1740253957.0,306.3324991104168,306.3324991104168,1774363519.0,1774363519.0
ETH,2026-03-28,1774684800,1777017600,27.0,2005.7567724955293,2006.1250454809615,2006.1250454809615,0.6952646145002593,0.0363125273017803,0.0,151.11478866203862,151.11478866203862,15.0,63.0,66.0,601.3587587632265,601.3587587632265,1728413207,1728413207,420.59830530806687,420.59830530806687,1740253957.0,1740253957.0,296.363508796543,296.363508796543,1774363519.0,1774363519.0
ETH,2026-03-29,1774771200,1777017600,26.0,2004.3926773063104,2005.1849875003604,2005.1849875003604,0.70656585214987,0.0363125273017803,0.0,150.6309664496871,150.63096644968718,11.0,66.0,66.0,600.5254929978432,600.5254929978432,1728413207,1728413207,422.0037835402383,422.0037835402383,1740253957.0,1740253957.0,297.51517328606445,297.51517328606445,1774363519.0,1774363519.0
ETH,2026-03-30,1774857600,1777017600,25.0,2056.8524691201737,2057.822720251902,2057.822720251902,0.7128723600686033,0.0363,0.0,152.9409832183433,152.94098321834318,17.0,65.0,66.0,616.0854896043238,616.0854896043238,1728413207,1728413207,433.6229069705715,433.6229069705715,1740253957.0,1740253957.0,305.76127619405366,305.76127619405366,1774363519.0,1774363519.0
ETH,2026-03-31,1774944000,1777017600,24.0,2054.1515032740213,2055.859634940449,2055.859634940449,0.7027731457344878,0.0363,0.0,147.60142009019498,147.60142009019486,19.0,66.0,66.0,614.5373193157789,614.5373193157789,1728413207,1728413207,430.32576023398127,430.32576023398127,1740253957.0,1740253957.0,303.1775781217047,303.1775781217047,1774363519.0,1774363519.0
ETH,2026-04-01,1775030400,1777017600,23.0,2129.5482278729874,2132.7511393528293,2132.7511393528293,0.7014290227661523,0.0363,0.0,149.62037513010915,149.62037513010904,19.0,66.0,66.0,635.6615568820541,635.6615568820541,1728413207,1728413207,445.334570039671,445.334570039671,1740253957.0,1740253957.0,313.67669147427705,313.67669147427705,1774363519.0,1774363519.0
ETH,2026-04-02,1775116800,1777017600,22.0,2055.1363298544575,2055.186300467951,2055.186300467951,0.6925050875792795,0.0363,0.0,139.2279196209458,139.2279196209457,23.0,35.0,66.0,616.4909283428437,616.4909283428437,1728413207,1728413207,426.8589872631427,426.8589872631427,1740253957.0,1740253957.0,300.384463213425,300.384463213425,1774363519.0,1774363519.0
ETH,2026-04-03,1775203200,1777017600,21.0,2065.0779082347112,2066.4778142231817,2066.4778142231817,0.6661753112719201,0.0363,0.0,131.5923738172019,131.59237381720175,19.0,66.0,66.0,618.1234664819428,618.1234664819428,1728413207,1728413207,423.8476951034141,423.8476951034141,1740253957.0,1740253957.0,297.776597918037,297.776597918037,1774363519.0,1774363519.0
ETH,2026-04-04,1775289600,1777622400,27.0,2053.4505904974485,2055.7307794512453,2055.7307794512453,0.6593791409269963,0.0363,0.0,146.88088542515814,146.88088542515814,20.0,63.0,66.0,613.7549881954378,613.7549881954378,1728413207,1728413207,423.47705206694826,423.47705206694826,1740253957.0,1740253957.0,297.7126298436098,297.7126298436098,1774363519.0,1774363519.0
ETH,2026-04-05,1775376000,1777622400,26.0,2036.7984763081788,2038.4855795774731,2038.4855795774731,0.6705518274148692,0.0363,0.0,145.34865735585103,145.34865735585117,31.0,66.0,66.0,609.352439623159,609.352439623159,1728413207,1728413207,421.5873577829953,421.5873577829953,1740253957.0,1740253957.0,296.5339167002325,296.5339167002325,1774363519.0,1774363519.0
ETH,2026-04-06,1775462400,1777622400,25.0,2134.3142283692987,2137.206376259932,2137.206376259932,0.6563740157275104,0.0363,0.0,146.28431561540404,146.28431561540404,10.0,63.0,66.0,637.4021206201564,637.4021206201564,1728413207,1728413207,438.5090141741168,438.5090141741168,1740253957.0,1740253957.0,308.1209267719077,308.1209267719077,1774363519.0,1774363519.0
ETH,2026-04-07,1775548800,1777622400,24.0,2103.8351455861552,2105.5277428222835,2105.5277428222835,0.6496638027237641,0.0363,0.0,139.77095542383756,139.77095542383756,20.0,66.0,66.0,629.4579464397184,629.4579464397184,1728413207,1728413207,430.2828691003938,430.2828691003938,1740253957.0,1740253957.0,302.14959236859204,302.14959236859204,1774363519.0,1774363519.0
ETH,2026-04-08,1775635200,1777622400,23.0,2252.556943325737,2256.374538336087,2256.374538336087,0.6380163066700459,0.0363,0.0,144.0146107558543,144.0146107558543,18.0,66.0,66.0,671.9494879873712,671.9494879873712,1728413207,1728413207,458.33975999703824,458.33975999703824,1740253957.0,1740253957.0,321.620669131116,321.620669131116,1774363519.0,1774363519.0
ETH,2026-04-09,1775721600,1777622400,22.0,2181.2118457932434,2182.111834290472,2182.111834290472,0.6193332881350535,0.0363,0.0,132.23858744994286,132.23858744994286,61.0,66.0,86.0,653.4635652407444,653.4635652407444,1728413207,1728413207,439.8250531525276,439.8250531525276,1740253957.0,1740253957.0,308.23580560615727,308.23580560615727,1774363519.0,1774363519.0
ETH,2026-04-10,1775808000,1777622400,21.0,2179.0483889639245,2180.8358654037684,2180.8358654037684,0.6099688056751553,0.0363,0.0,127.17936884564844,127.17936884564833,19.0,63.0,66.0,651.9270402493335,651.9270402493335,1728413207,1728413207,437.8735123287072,437.8735123287072,1740253957.0,1740253957.0,306.7178420836872,306.7178420836872,1774363519.0,1774363519.0
ETH,2026-04-11,1775894400,1778227200,27.0,2232.8380278935,2235.5786053256293,2235.5786053256293,0.6209362414325124,0.0363,0.0,150.4411377741264,150.4411377741264,21.0,65.0,66.0,667.1108309359208,667.1108309359208,1728413207,1728413207,452.4779950218268,452.4779950218268,1740253957.0,1740253957.0,317.3256354595916,317.3256354595916,1774363519.0,1774363519.0
ETH,2026-04-12,1775980800,1778227200,26.0,2219.6628347055525,2221.198543885565,2221.198543885565,0.6541644932767853,0.0363,0.0,154.51595539710237,154.5159553971025,22.0,36.0,46.0,664.3631412316533,664.3631412316533,1728413207,1728413207,455.90054212639126,455.90054212639126,1740253957.0,1740253957.0,320.32717700700204,320.32717700700204,1774363519.0,1774363519.0
ETH,2026-04-13,1776067200,1778227200,25.0,2186.354874583944,2186.934255143282,2186.934255143282,0.634181232069762,0.0363,0.0,144.63869682710654,144.63869682710654,12.0,66.0,66.0,655.3270818158453,655.3270818158453,1728413207,1728413207,444.4479967419442,444.4479967419442,1740253957.0,1740253957.0,311.83129990187643,311.83129990187643,1774363519.0,1774363519.0
ETH,2026-04-14,1776153600,1778227200,24.0,2377.9457602660177,2380.3630710505354,2380.3630710505354,0.6350605076813349,0.0363,0.0,154.4713381921515,154.4713381921514,56.0,66.0,66.0,710.9664172952877,710.9664172952877,1728413207,1728413207,483.423954300254,483.423954300254,1740253957.0,1740253957.0,339.1802482348829,339.1802482348829,1774363519.0,1774363519.0
ETH,2026-04-15,1776240000,1778227200,23.0,2316.6721226833565,2318.4154814291187,2318.4154814291187,0.6302783155655969,0.0363,0.0,146.18351519971606,146.18351519971606,12.0,66.0,66.0,693.2582780592447,693.2582780592447,1728413207,1728413207,469.5554895684228,469.5554895684228,1740253957.0,1740253957.0,329.31094920107114,329.31094920107114,1774363519.0,1774363519.0
ETH,2026-04-16,1776326400,1778227200,22.0,2341.4871061920257,2344.109234158962,2344.109234158962,0.6294427195413216,0.0363,0.0,144.37003953354508,144.37003953354522,60.0,66.0,66.0,699.8240038906715,699.8240038906715,1728413207,1728413207,474.2316892930495,474.2316892930495,1740253957.0,1740253957.0,332.5556093105989,332.5556093105989,1774363519.0,1774363519.0
ETH,2026-04-17,1776412800,1778227200,21.0,2333.8066820298704,2335.2806062341187,2335.2806062341187,0.6129525101975443,0.0363,0.0,136.85105935530473,136.85105935530473,17.0,66.0,66.0,698.6680804047128,698.6680804047128,1728413207,1728413207,469.39021142745,469.39021142745,1740253957.0,1740253957.0,328.83603550136246,328.83603550136246,1774363519.0,1774363519.0
ETH,2026-04-18,1776499200,1778832000,27.0,2404.293470941467,2406.4143051397814,2406.4143051397814,0.6195406334500255,0.0363,0.0,161.5742569294668,161.5742569294668,13.0,64.0,66.0,719.1672070841261,719.1672070841261,1728413207,1728413207,486.78685611421395,486.78685611421395,1740253957.0,1740253957.0,341.34361547254207,341.34361547254207,1774363519.0,1774363519.0
ETH,2026-04-19,1776585600,1778832000,26.0,2316.777523625543,2317.5636406652075,2317.5636406652075,0.6483805545526882,0.0363,0.0,159.7976305239427,159.79763052394284,11.0,65.0,66.0,694.2471400479983,694.2471400479983,1728413207,1728413207,474.45662195010505,474.45662195010505,1740253957.0,1740253957.0,333.2297470875732,333.2297470875732,1776540419.0,1774363519.0
ETH,2026-04-20,1776672000,1778832000,25.0,2295.8633467672894,2294.797517548713,2294.797517548713,0.6304886163858235,0.0363,0.0,150.89081054511988,150.89081054511988,62.0,66.0,66.0,687.6931748116106,687.6931748116106,1728413207,1728413207,465.6959012262316,465.6959012262316,1740253957.0,1740253957.0,326.63945404563964,326.63945404563964,1776540419.0,1776540419.0
ETH,2026-04-21,1776758400,1778832000,24.0,2319.902010169741,2320.313098477781,2320.313098477781,0.6269645364577089,0.0363,0.0,148.65903623497917,148.65903623497917,61.0,66.0,66.0,695.5595147428825,695.5595147428825,1728413207,1728413207,469.7259042996351,469.7259042996351,1740253957.0,1740253957.0,329.38268323631326,329.38268323631326,1776540419.0,1776540419.0
ETH,2026-04-22,1776844800,1778832000,23.0,2390.1950517846894,2391.1775870131614,2391.1775870131614,0.6132524624066408,0.0363,0.0,146.7067247516841,146.70672475168422,19.0,66.0,66.0,716.0759803069348,716.0759803069348,1728413207,1728413207,481.1110737966376,481.1110737966376,1740253957.0,1740253957.0,337.08495800161637,337.08495800161637,1776841647.0,1776540419.0
ETH,2026-04-23,1776931200,1780041600,36.0,2344.0556638889184,2345.538533748901,2345.538533748901,0.6155462290907608,0.0363627318276016,0.0,180.6102140545633,180.61021405456316,18.0,63.0,66.0,701.733829306693,701.733829306693,1728413207,1728413207,484.08379941531666,484.08379941531666,1740253957.0,1740253957.0,340.38592625447495,340.38592625447495,1776841647.0,1776841647.0
ETH,2026-04-24,1777017600,1780041600,35.0,2312.2207239439213,2313.3025812389565,2313.3025812389565,0.6046973055755758,0.0363627318276016,0.0,172.55756870942753,172.5575687094274,11.0,66.0,66.0,692.5843598881412,692.5843598881412,1728413207,1728413207,473.1946767762659,473.1946767762659,1740253957.0,1740253957.0,332.31132694213454,332.31132694213454,1776841647.0,1776841647.0
ETH,2026-04-25,1777104000,1779436800,27.0,2317.1411462062447,2317.806430108986,2317.806430108986,0.5731798934903746,0.0363,0.0,144.0038271200802,144.00382712008033,12.0,63.0,66.0,694.4770599591318,694.4770599591318,1728413207,1728413207,459.9935974047171,459.9935974047171,1740253957.0,1740253957.0,321.6520549996487,321.6520549996487,1776841647.0,1776841647.0
ETH,2026-04-26,1777190400,1780041600,33.0,2331.8185327109823,2331.6926026241354,2331.6926026241354,0.593707883517106,0.0363487834560642,0.0,165.8396352463122,165.83963524631235,15.0,64.0,66.0,699.4196297264479,699.4196297264479,1728413207,1728413207,471.5321024608264,471.5321024608264,1740253957.0,1740253957.0,330.58931131444126,330.58931131444126,1776841647.0,1776841647.0
ETH,2026-04-27,1777276800,1780041600,32.0,2317.301524945556,2317.455820041256,2317.455820041256,0.5785878966155605,0.036334646471294,0.0,158.1934871440326,158.19348714403273,62.0,65.0,66.0,695.0361623879668,695.0361623879668,1728413207,1728413207,463.9974461121966,463.9974461121966,1740253957.0,1740253957.0,324.8519263908463,324.8519263908463,1776841647.0,1776841647.0
ETH,2026-04-28,1777363200,1780041600,31.0,2287.2415470318774,2286.4114366834265,2286.4114366834265,0.5728326925597979,0.036334646471294,0.0,152.09767821548687,152.09767821548687,62.0,65.0,66.0,685.3423537611122,685.3423537611122,1728413207,1728413207,455.45227182365426,455.45227182365426,1740253957.0,1740253957.0,318.61698651828584,318.61698651828584,1776841647.0,1776841647.0
ETH,2026-04-29,1777449600,1780041600,30.0,2322.750401978874,2324.1002787348775,2324.1002787348775,0.5413200616252626,0.036334646471294,0.0,143.7466057695276,143.7466057695276,60.0,66.0,66.0,695.4752438376586,695.4752438376586,1728413207,1728413207,455.90700597999125,455.90700597999125,1740253957.0,1740253957.0,318.27059674441557,318.27059674441557,1776841647.0,1776841647.0
ETH,2026-04-30,1777536000,1780041600,29.0,2259.0413422844267,2258.787949093865,2258.787949093865,0.5476260996636722,0.036334646471294,0.0,138.96045776824818,138.96045776824818,59.0,66.0,66.0,677.4590094947662,677.4590094947662,1728413207,1728413207,444.1569355537885,444.1569355537885,1740253957.0,1740253957.0,310.1447215973423,310.1447215973423,1776841647.0,1776841647.0
ETH,2026-05-01,1777622400,1780041600,28.0,2278.939200570934,2280.2104359184345,2280.2104359184345,0.5279229421988052,0.036334646471294,0.0,132.8927746665749,132.892774666575,10.0,66.0,86.0,682.4105248237798,682.4105248237798,1728413207,1728413207,445.2120775214445,445.2120775214445,1740253957.0,1740253957.0,310.59087800573684,310.59087800573684,1776841647.0,1776841647.0
ETH,2026-05-02,1777708800,1780041600,27.0,2300.6079594989396,2301.518203412136,2301.518203412136,0.5165561665500039,0.036334646471294,0.0,128.89035635736997,128.89035635736982,30.0,66.0,66.0,689.2721439364857,689.2721439364857,1728413207,1728413207,447.9301124203166,447.9301124203166,1740253957.0,1740253957.0,312.33193074627445,312.33193074627445,1776841647.0,1776841647.0
ETH,2026-05-03,1777795200,1780041600,26.0,2308.834392362056,2309.904893248792,2309.904893248792,0.5184733987949577,0.036334646471294,0.0,127.41615443299118,127.41615443299104,61.0,66.0,66.0,691.5798168218805,691.5798168218805,1728413207,1728413207,450.0286484577167,450.0286484577167,1740253957.0,1740253957.0,313.8462309189322,313.8462309189322,1776841647.0,1776841647.0
ETH,2026-05-04,1777881600,1780041600,25.0,2362.3429425276786,2363.9491946481703,2363.9491946481703,0.5243968884952288,0.0363,0.0,129.32758193977028,129.32758193977014,57.0,65.0,66.0,707.0966306378118,707.0966306378118,1728413207,1728413207,461.56443094675626,461.56443094675626,1740253957.0,1740253957.0,322.00468590685136,322.00468590685136,1776841647.0,1776841647.0
ETH,2026-05-05,1777968000,1780041600,24.0,2380.1768001321043,2380.834320882571,2380.834320882571,0.5278383416148139,0.0363,0.0,128.46001144808736,128.4600114480875,61.0,63.0,66.0,713.3955192891647,713.3955192891647,1728413207,1728413207,465.6142992940124,465.6142992940124,1740253957.0,1740253957.0,324.8879034325679,324.8879034325679,1776841647.0,1776841647.0
ETH,2026-05-06,1778054400,1780041600,23.0,2370.6362159245277,2372.0071789747776,2372.0071789747776,0.5095448117489403,0.0363,0.0,120.95670845723564,120.95670845723564,46.0,66.0,66.0,709.8199017271083,709.8199017271083,1728413207,1728413207,462.1372050550502,462.1372050550502,1740253957.0,1740253957.0,322.2970397255497,322.2970397255497,1776841647.0,1776841647.0
ETH,2026-05-07,1778140800,1780041600,22.0,2344.563102667409,2344.8076752756997,2344.8076752756997,0.5234420453619566,0.0363,0.0,120.13015754411336,120.13015754411336,52.0,66.0,66.0,703.1243581919323,703.1243581919323,1728413207,1728413207,458.794386542328,458.794386542328,1740253957.0,1740253957.0,320.14424718051436,320.14424718051436,1776841647.0,1776841647.0
ETH,2026-05-08,1778227200,1780041600,21.0,2281.126801977105,2282.285779252377,2282.285779252377,0.5064835129009306,0.0363,0.0,110.54563799915891,110.5456379991588,56.0,64.0,66.0,683.1790633178598,683.1790633178598,1728413207,1728413207,445.4812850797244,445.4812850797244,1740253957.0,1740253957.0,310.7624920242375,310.7624920242375,1776841647.0,1776841647.0
ETH,2026-05-09,1778313600,1780646400,27.0,2314.503648936567,2317.292229297686,2317.292229297686,0.5066772331361656,0.0363,0.0,127.29583013888576,127.29583013888576,48.0,65.0,86.0,691.5625143198511,691.5625143198511,1728413207,1728413207,449.64924481290547,449.64924481290547,1740253957.0,1740253957.0,313.4293228715931,313.4293228715931,1776841647.0,1776841647.0
ETH,2026-05-10,1778400000,1780646400,26.0,2327.117321663848,2329.1907579032454,2329.1907579032454,0.511175054834641,0.0363,0.0,126.67423971110016,126.67423971110004,18.0,65.0,66.0,696.0617602597571,696.0617602597571,1728413207,1728413207,452.8237627030235,452.8237627030235,1740253957.0,1740253957.0,315.7166637291418,315.7166637291418,1776841647.0,1776841647.0
ETH,2026-05-11,1778486400,1780646400,25.0,2330.110220726685,2333.7971880812074,2333.7971880812074,0.5106555153554566,0.0363,0.0,124.33736791431396,124.33736791431396,11.0,66.0,86.0,695.346098863483,695.346098863483,1728413207,1728413207,453.9120072340222,453.9120072340222,1740253957.0,1740253957.0,316.52740137268415,316.52740137268415,1776841647.0,1776841647.0
ETH,2026-05-12,1778572800,1780646400,24.0,2294.9141759735094,2295.6202619721075,2295.6202619721075,0.5008756030420903,0.0363,0.0,117.54407953201869,117.54407953201856,59.0,66.0,66.0,687.7681667934546,687.7681667934546,1728413207,1728413207,445.9526322814722,445.9526322814722,1740253957.0,1740253957.0,310.86382230570774,310.86382230570774,1776841647.0,1776841647.0
ETH,2026-05-13,1778659200,1780646400,23.0,2300.4777909807267,2303.0030589864996,2303.0030589864996,0.4925433270345379,0.0363,0.0,113.5245915503075,113.5245915503075,61.0,66.0,66.0,687.618069288445,687.618069288445,1728413207,1728413207,447.0843293934351,447.0843293934351,1740253957.0,1740253957.0,311.65790769513364,311.65790769513364,1776841647.0,1776841647.0
ETH,2026-05-14,1778745600,1780646400,22.0,2264.318945673695,2265.730907572873,2265.730907572873,0.4982759665071983,0.0363,0.0,110.50514899733167,110.50514899733167,10.0,66.0,86.0,677.8837218029304,677.8837218029304,1728413207,1728413207,440.9536749625746,440.9536749625746,1740253957.0,1740253957.0,307.47656105658587,307.47656105658587,1776841647.0,1776841647.0
ETH,2026-05-15,1778832000,1780646400,21.0,2264.632774116953,2265.523152904832,2265.523152904832,0.4926837732949383,0.0363,0.0,106.74741959621032,106.74741959621032,61.0,65.0,66.0,678.4994534472069,678.4994534472069,1728413207,1728413207,441.1927024056756,441.1927024056756,1740253957.0,1740253957.0,307.66150644220147,307.66150644220147,1776841647.0,1776841647.0
ETH,2026-05-16,1778918400,1781251200,27.0,2194.0331669036514,2196.4008654540607,2196.4008654540607,0.5003398287889094,0.0363,0.0,119.14812190633914,119.148121906339,11.0,64.0,66.0,655.842251520686,655.842251520686,1728413207,1728413207,425.4676546462078,425.4676546462078,1740253957.0,1740253957.0,296.4934603788933,296.4934603788933,1776841647.0,1776841647.0
ETH,2026-05-17,1779004800,1781251200,26.0,2185.6373042514565,2187.6592532860277,2187.6592532860277,0.499162054629685,0.0363,0.0,116.1851098158479,116.1851098158479,14.0,65.0,66.0,653.6692422408657,653.6692422408657,1728413207,1728413207,423.97562686208346,423.97562686208346,1740253957.0,1740253957.0,295.4677554046376,295.4677554046376,1776841647.0,1776841647.0
ETH,2026-05-18,1779091200,1781251200,25.0,2120.169004207797,2120.8233322399237,2120.8233322399237,0.5285475608532331,0.0363,0.0,116.943493915105,116.943493915105,15.0,64.0,66.0,635.3963732302125,635.3963732302125,1728413207,1728413207,414.6157950342229,414.6157950342229,1740253957.0,1740253957.0,289.2892559432225,289.2892559432225,1776841647.0,1776841647.0
ETH,2026-05-19,1779177600,1781251200,24.0,2139.3290014171976,2140.0183502849923,2140.0183502849923,0.4863106011329403,0.0363,0.0,106.39449682521436,106.39449682521423,26.0,66.0,106.0,641.1093515573646,641.1093515573646,1728413207,1728413207,414.48066890750994,414.48066890750994,1740253957.0,1740253957.0,288.79795509766404,288.79795509766404,1776841647.0,1776841647.0
ETH,2026-05-20,1779264000,1781251200,23.0,2127.59478960506,2128.361464717149,2128.361464717149,0.4886491504724491,0.0363,0.0,104.08733363114008,104.08733363114018,42.0,66.0,66.0,637.5117617694289,637.5117617694289,1728413207,1728413207,412.9455821193773,412.9455821193773,1740253957.0,1740253957.0,287.80456990340065,287.80456990340065,1776841647.0,1776841647.0
ETH,2026-05-21,1779350400,1782460800,36.0,2133.391028829732,2135.1645796568423,2135.1645796568423,0.4839202875815159,0.0363616567871871,0.0,129.33089259548856,129.33089259548868,32.0,65.0,86.0,638.2437578218094,638.2437578218094,1728413207,1728413207,413.9536461171827,413.9536461171827,1740253957.0,1740253957.0,288.4950963171514,288.4950963171514,1776841647.0,1776841647.0
ETH,2026-05-22,1779436800,1782460800,35.0,2126.917469937833,2128.440744904429,2128.440744904429,0.4606920076400632,0.0363567365656708,0.0,121.03242918005655,121.03242918005655,62.0,66.0,86.0,636.5519660147543,636.5519660147543,1728413207,1728413207,408.9181455594598,408.9181455594598,1740253957.0,1740253957.0,284.59616704881125,284.59616704881125,1776841647.0,1776841647.0
ETH,2026-05-23,1779523200,1781856000,27.0,2026.3157056411171,2029.516841011811,2029.516841011811,0.4757228505379668,0.0363,0.0,104.68617583187624,104.68617583187624,13.0,64.0,66.0,604.6935763216414,604.6935763216414,1728413207,1728413207,390.7942958585322,390.7942958585322,1740253957.0,1740253957.0,272.10912257400344,272.10912257400344,1776841647.0,1776841647.0
ETH,2026-05-24,1779609600,1782460800,33.0,2118.023004679812,2119.6336689539726,2119.6336689539726,0.4732397261734662,0.0363454619288807,0.0,120.22542750144429,120.2254275014444,38.0,66.0,66.0,633.7962371297829,633.7962371297829,1728413207,1728413207,407.9789047254098,407.9789047254098,1740253957.0,1740253957.0,274.6383412899267,284.0226636867316,1779595507.0,1776841647.0
ETH,2026-05-25,1779696000,1782460800,32.0,2113.4327153782037,2115.449063339062,2115.449063339062,0.4665810639610638,0.0363346482719897,0.0,116.49922722151206,116.49922722151206,31.0,65.0,86.0,632.0134666526029,632.0134666526029,1728413207,1728413207,406.0058448269617,406.0058448269617,1740253957.0,1740253957.0,273.56885561295917,273.56885561295917,1779595507.0,1779595507.0
ETH,2026-05-26,1779782400,1782460800,31.0,2093.2970620383435,2095.7212626180185,2095.7212626180185,0.4473219714486247,0.0363346482719897,0.0,108.9157762695404,108.9157762695404,52.0,65.0,66.0,625.564918031828,625.564918031828,1728413207,1728413207,400.1321157345378,400.1321157345378,1740253957.0,1740253957.0,270.14659215559243,270.14659215559243,1779595507.0,1779595507.0
ETH,2026-05-27,1779868800,1782460800,30.0,2081.617877459534,2083.900792740439,2083.900792740439,0.455684459133065,0.0363346497867394,0.0,108.53174074117786,108.53174074117786,55.0,65.0,86.0,622.2024479569552,622.2024479569552,1728413207,1728413207,398.3939161783152,398.3939161783152,1740253957.0,1740253957.0,268.96294016423946,268.96294016423946,1779595507.0,1779595507.0
ETH,2026-05-28,1779955200,1782460800,29.0,1991.8430897311976,1994.336744818827,1994.336744818827,0.4756139566847254,0.0363346497867394,0.0,106.58364875953394,106.58364875953394,47.0,65.0,86.0,595.0592718317304,595.0592718317304,1728413207,1728413207,383.31494575468776,383.31494575468776,1740253957.0,1740253957.0,258.591439928911,258.591439928911,1779595507.0,1779595507.0
ETH,2026-05-29,1780041600,1782460800,28.0,2004.8358112901385,2009.6255182643808,2009.6255182643808,0.4453638992797683,0.0363025402197649,0.0,98.83198707507728,98.83198707507728,13.0,65.0,86.0,596.6610364127994,596.6610364127994,1728413207,1728413207,384.31385541610223,384.31385541610223,1740253957.0,1740253957.0,260.0943191137502,260.0943191137502,1779595507.0,1779595507.0
ETH,2026-05-30,1780128000,1782460800,27.0,2013.662889860378,2016.6201440085792,2016.6201440085792,0.4435966633070754,0.0363,0.0,97.00509570993704,97.00509570993717,10.0,64.0,66.0,601.1416128099122,601.1416128099122,1728413207,1728413207,386.1880040523356,386.1880040523356,1740253957.0,1740253957.0,261.58277250467455,261.58277250467455,1779595507.0,1779595507.0
ETH,2026-05-31,1780214400,1782460800,26.0,2022.3464595734215,2025.2997380749891,2025.2997380749891,0.4441833589887743,0.0363,0.0,95.72990745599176,95.72990745599176,42.0,65.0,86.0,603.7506593704591,603.7506593704591,1728413207,1728413207,388.4966707988358,388.4966707988358,1740253957.0,1740253957.0,263.3524961684715,263.3524961684715,1779595507.0,1779595507.0
ETH,2026-06-01,1780300800,1782460800,25.0,1974.3148258560016,1977.7383171371157,1977.7383171371157,0.4514021079719157,0.0363,0.0,93.1565845168284,93.1565845168284,57.0,65.0,66.0,588.8709564756863,588.8709564756863,1728413207,1728413207,380.3082102898528,380.3082102898528,1740253957.0,1740253957.0,257.8673757798457,257.8673757798457,1779595507.0,1779595507.0
ETH,2026-06-02,1780387200,1782460800,24.0,1979.684240107144,1981.598113679617,1981.598113679617,0.4544699169246981,0.0363,0.0,92.075540413744,92.075540413744,46.0,65.0,66.0,591.9913984596701,591.9913984596701,1728413207,1728413207,381.9044911980451,381.9044911980451,1740253957.0,1740253957.0,259.09018614920734,259.09018614920734,1779595507.0,1779595507.0
ETH,2026-06-03,1780473600,1782460800,23.0,1876.1268248697252,1877.2131885098504,1877.2131885098504,0.492162696172164,0.0363,0.0,92.46421999412424,92.46421999412436,30.0,66.0,106.0,561.7516838207921,561.7516838207921,1728413207,1728413207,364.4358496821951,364.4358496821951,1740253957.0,1740253957.0,246.69904708886847,246.69904708886847,1779595507.0,1779595507.0
ETH,2026-06-04,1780560000,1782460800,22.0,1776.2452030607772,1777.3217586261458,1777.3217586261458,0.5923141427447468,0.0363,0.0,103.017407002096,103.01740700209592,54.0,66.0,66.0,531.7970053528645,531.7970053528645,1728413207,1728413207,354.7700717292161,354.7700717292161,1740253957.0,1740253957.0,239.0568320920209,239.0568320920209,1779595507.0,1779595507.0
ETH,2026-06-05,1780646400,1782460800,21.0,1675.7180945686396,1678.253934434001,1678.253934434001,0.5844502252896567,0.0363,0.0,93.78275248215856,93.78275248215856,46.0,64.0,86.0,500.1795885052304,500.1795885052304,1728413207,1728413207,334.0717704842601,334.0717704842601,1740253957.0,1740253957.0,225.3711201158268,225.3711201158268,1779595507.0,1779595507.0
ETH,2026-06-06,1780732800,1783065600,27.0,1575.0636904491778,1575.9456167604033,1575.9456167604033,0.6428122071342792,0.0363,0.0,109.77868611972784,109.77868611972777,57.0,64.0,86.0,471.63718082352784,471.63718082352784,1728413207,1728413207,322.17112456244945,322.17112456244945,1740253957.0,1740253957.0,216.2494824966891,216.2494824966891,1779595507.0,1779595507.0
ETH,2026-06-07,1780819200,1783065600,26.0,1615.5493385847217,1618.4412586000262,1618.4412586000262,0.6284048205749541,0.0363,0.0,108.1628141330737,108.1628141330736,40.0,64.0,66.0,481.7728815601116,481.7728815601116,1728413207,1728413207,328.3097768787193,328.3097768787193,1740253957.0,1740253957.0,220.5370728527324,220.5370728527324,1779595507.0,1779595507.0
ETH,2026-06-08,1780905600,1783065600,25.0,1670.9451264111783,1671.6541360013182,1671.6541360013182,0.6223039752445781,0.0363,0.0,108.49328772934132,108.49328772934132,29.0,64.0,66.0,500.57452833321395,500.57452833321395,1728413207,1728413207,338.01316025793494,338.01316025793494,1740253957.0,1740253957.0,227.1548206863929,227.1548206863929,1779595507.0,1779595507.0
ETH,2026-06-09,1780992000,1783065600,24.0,1679.6149862756192,1680.3478971340458,1680.3478971340458,0.5678262251895708,0.0363,0.0,97.521507224459,97.52150722445889,49.0,64.0,86.0,503.1515850242593,503.1515850242593,1728413207,1728413207,332.67340826624155,332.67340826624155,1740253957.0,1740253957.0,224.06552380226424,224.06552380226424,1779595507.0,1779595507.0
ETH,2026-06-10,1781078400,1783065600,23.0,1638.2874144966786,1640.5308131794209,1640.5308131794209,0.5815799539584386,0.0363,0.0,95.46316510852444,95.46316510852456,43.0,64.0,66.0,489.2428256662613,489.2428256662613,1728413207,1728413207,326.24940288556957,326.24940288556957,1740253957.0,1740253957.0,219.79272425091017,219.79272425091017,1779595507.0,1779595507.0
ETH,2026-06-11,1781164800,1783065600,22.0,1652.878224002296,1654.1676625963796,1654.1676625963796,0.5693914519541311,0.0363,0.0,92.17474577475602,92.17474577475602,40.0,66.0,66.0,494.5740286066053,494.5740286066053,1728413207,1728413207,327.71444317470497,327.71444317470497,1740253957.0,1740253957.0,221.03618653519504,221.03618653519504,1779595507.0,1779595507.0
ETH,2026-06-12,1781251200,1783065600,21.0,1660.590615031726,1661.242943680284,1661.242943680284,0.5334459475675049,0.0363,0.0,84.74238180600511,84.74238180600521,31.0,64.0,86.0,497.5248558609597,497.5248558609597,1728413207,1728413207,326.10636815238223,326.10636815238223,1740253957.0,1740253957.0,220.54145712461252,220.54145712461252,1779595507.0,1779595507.0
ETH,2026-06-13,1781337600,1783670400,27.0,1675.2922580414593,1676.1765877534258,1676.1765877534258,0.5291811596342618,0.0363,0.0,96.16010816193456,96.16010816193466,50.0,62.0,86.0,501.7033477004712,501.7033477004712,1728413207,1728413207,327.48927574073946,327.48927574073946,1740253957.0,1740253957.0,220.52030246111633,220.52030246111633,1779595507.0,1779595507.0
ETH,2026-06-14,1781424000,1783670400,26.0,1674.3283095144295,1675.490672807884,1675.490672807884,0.527378784594106,0.0363,0.0,94.00621944819125,94.00621944819125,29.0,62.0,86.0,501.1361295608742,501.1361295608742,1728413207,1728413207,327.2715735712219,327.2715735712219,1740253957.0,1740253957.0,220.54195487172257,220.54195487172257,1779595507.0,1779595507.0
ETH,2026-06-15,1781510400,1783670400,25.0,1715.3705352228096,1716.5554183555105,1716.5554183555105,0.5153137344859052,0.0363,0.0,92.28564614815032,92.28564614815024,48.0,64.0,86.0,513.4262774341423,513.4262774341423,1728413207,1728413207,334.32533412365416,334.32533412365416,1740253957.0,1740253957.0,225.60430551886452,225.60430551886452,1779595507.0,1779595507.0
ETH,2026-06-16,1781596800,1783670400,24.0,1772.8160335018204,1773.7372598035618,1773.7372598035618,0.5184120335773332,0.0363,0.0,93.99698829257125,93.99698829257125,12.0,64.0,66.0,530.9235837488047,530.9235837488047,1728413207,1728413207,346.0038685992779,346.0038685992779,1740253957.0,1740253957.0,233.616838971926,233.616838971926,1779595507.0,1779595507.0
ETH,2026-06-17,1781683200,1783670400,23.0,1783.3375418844269,1784.8070990186,1784.8070990186,0.5083126219232911,0.0363,0.0,90.79358923163524,90.79358923163524,27.0,63.0,86.0,533.5317054311549,533.5317054311549,1728413207,1728413207,347.6218052766507,347.6218052766507,1740253957.0,1740253957.0,235.0595742400937,235.0595742400937,1779595507.0,1779595507.0
ETH,2026-06-18,1781769600,1783670400,22.0,1747.954115981736,1748.4391122840166,1748.4391122840166,0.5205540196078329,0.0363,0.0,89.08320210840665,89.08320210840655,35.0,63.0,66.0,523.90123849224,523.90123849224,1728413207,1728413207,341.86708640771457,341.86708640771457,1740253957.0,1740253957.0,231.1728626649204,231.1728626649204,1779595507.0,1779595507.0
ETH,2026-06-19,1781856000,1783670400,21.0,1693.8596314714907,1694.9823930900952,1694.9823930900952,0.5430311061699366,0.0363,0.0,88.01491204920585,88.01491204920585,28.0,63.0,86.0,507.0351278228427,507.0351278228427,1728413207,1728413207,333.49109654236986,333.49109654236986,1740253957.0,1740253957.0,225.4161653933332,225.4161653933332,1779595507.0,1779595507.0
ETH,2026-06-20,1781942400,1784275200,27.0,1723.9674657753676,1724.4136638546454,1724.4136638546454,0.5230546468254262,0.0363,0.0,97.78403240766777,97.78403240766777,50.0,63.0,66.0,516.7440416533325,516.7440416533325,1728413207,1728413207,336.2826024688247,336.2826024688247,1740253957.0,1740253957.0,226.5026765597175,226.5026765597175,1779595507.0,1779595507.0
ETH,2026-06-21,1782028800,1784275200,26.0,1730.1275318455876,1730.7647719860236,1730.7647719860236,0.5277845010147779,0.0363,0.0,97.18204775380718,97.18204775380718,11.0,63.0,86.0,518.4010194132402,518.4010194132402,1728413207,1728413207,338.13088621621023,338.13088621621023,1740253957.0,1740253957.0,227.846525552466,227.846525552466,1779595507.0,1779595507.0
ETH,2026-06-22,1782115200,1784275200,25.0,1744.5669218757548,1745.3293620612012,1745.3293620612012,0.519600895369792,0.0363,0.0,94.61203865550442,94.61203865550452,43.0,65.0,66.0,522.6076363772801,522.6076363772801,1728413207,1728413207,340.33945663476754,340.33945663476754,1740253957.0,1740253957.0,229.59936037340825,229.59936037340825,1779595507.0,1779595507.0
ETH,2026-06-23,1782201600,1784275200,24.0,1681.0645444783545,1680.6512395931168,1680.6512395931168,0.5228041597027051,0.0363,0.0,89.81746060992593,89.81746060992593,28.0,65.0,86.0,503.9060584582686,503.9060584582686,1728413207,1728413207,328.2689723609848,328.2689723609848,1740253957.0,1740253957.0,221.56594307732885,221.56594307732885,1779595507.0,1779595507.0
ETH,2026-06-24,1782288000,1784275200,23.0,1670.5613317889622,1670.283126136169,1670.283126136169,0.5184383184742806,0.0363,0.0,86.65793684001862,86.65793684001852,59.0,65.0,66.0,500.89019388389534,500.89019388389534,1728413207,1728413207,326.1389235290477,326.1389235290477,1740253957.0,1740253957.0,220.3651401262515,220.3651401262515,1779595507.0,1779595507.0
ETH,2026-06-25,1782374400,1785484800,36.0,1654.3790329770873,1654.9359858870362,1654.9359858870362,0.5392882555880338,0.0363846479680721,0.0,111.68586849609136,111.68586849609147,26.0,66.0,66.0,495.7567569831773,495.7567569831773,1728413207,1728413207,328.50653968050165,328.50653968050165,1740253957.0,1740253957.0,220.2981450685625,220.2981450685625,1779595507.0,1779595507.0
ETH,2026-06-26,1782460800,1785484800,35.0,1579.4250753115616,1577.748859682806,1577.748859682806,0.5748607329414188,0.0363542527694025,0.0,111.89870406256784,111.89870406256784,42.0,64.0,66.0,472.1513069647127,472.1513069647127,1728413207,1728413207,317.9262790216528,317.9262790216528,1740253957.0,1740253957.0,213.08044251927225,213.08044251927225,1779595507.0,1779595507.0
ETH,2026-06-27,1782547200,1784880000,27.0,1583.2654166834827,1582.1886885858096,1582.1886885858096,0.555388229774679,0.0363,0.0,95.2549880292108,95.2549880292108,42.0,63.0,66.0,473.90289690737166,473.90289690737166,1728413207,1728413207,311.9754357713364,311.9754357713364,1740253957.0,1740253957.0,209.80924618539856,209.80924618539856,1779595507.0,1779595507.0
ETH,2026-06-28,1782633600,1785484800,33.0,1573.5936125386386,1573.2158049559955,1573.2158049559955,0.5677926219548837,0.0363493386655333,0.0,107.02160620894824,107.02160620894824,60.0,63.0,66.0,471.7002761789487,471.7002761789487,1728413207,1728413207,314.2542557687125,314.2542557687125,1740253957.0,1740253957.0,210.75744034674835,210.75744034674835,1779595507.0,1779595507.0
ETH,2026-06-29,1782720000,1785484800,32.0,1577.8953841212094,1577.117111355239,1577.117111355239,0.5612661100107922,0.0363346513629696,0.0,104.4411990034736,104.4411990034737,19.0,63.0,66.0,472.5903424703925,472.5903424703925,1728413207,1728413207,313.3512809208483,313.3512809208483,1740253957.0,1740253957.0,210.23392960130633,210.23392960130633,1779595507.0,1779595507.0
ETH,2026-06-30,1782806400,1785484800,31.0,1589.743598490232,1589.9620833662766,1589.9620833662766,0.5479403548825188,0.0363252187084222,0.0,101.182008959981,101.18200895998088,17.0,64.0,66.0,476.70459467102495,476.70459467102495,1728413207,1728413207,313.3795636275834,313.3795636275834,1740253957.0,1740253957.0,210.414967394896,210.414967394896,1779595507.0,1779595507.0
ETH,2026-07-01,1782892800,1785484800,30.0,1576.1670679606675,1575.1844637855295,1575.1844637855295,0.5554387534065283,0.0363181012566864,0.0,99.9615999752815,99.9615999752816,35.0,62.0,66.0,471.867516213062,471.867516213062,1728413207,1728413207,310.770774340457,310.770774340457,1740253957.0,1740253957.0,208.67193928346163,208.67193928346163,1779595507.0,1779595507.0
ETH,2026-07-02,1782979200,1785484800,29.0,1613.4905289728038,1613.7859771141236,1613.7859771141236,0.5230230952293599,0.0363098213859038,0.0,94.82793263358198,94.82793263358198,55.0,64.0,66.0,483.7517105505213,483.7517105505213,1728413207,1728413207,314.5376437314851,314.5376437314851,1740253957.0,1740253957.0,211.59616130449243,211.59616130449243,1779595507.0,1779595507.0
ETH,2026-07-03,1783065600,1785484800,28.0,1715.763495477575,1716.1222650046534,1716.1222650046534,0.5042283977917149,0.0363098213859038,0.0,95.53562686115256,95.53562686115256,14.0,64.0,66.0,514.3702791161936,514.3702791161936,1728413207,1728413207,332.64396389644565,332.64396389644565,1740253957.0,1740253957.0,224.1305522793372,224.1305522793372,1779595507.0,1779595507.0
ETH,2026-07-04,1783152000,1785484800,27.0,1756.5050466149855,1757.213394376494,1757.213394376494,0.4865198584320315,0.0363,0.0,92.69447330675762,92.69447330675762,53.0,65.0,66.0,526.2431662229873,526.2431662229873,1728413207,1728413207,339.25745903364157,339.25745903364157,1740253957.0,1740253957.0,228.9995326383708,228.9995326383708,1779595507.0,1779595507.0
ETH,2026-07-05,1783238400,1785484800,26.0,1768.5121892033474,1771.206974796016,1771.206974796016,0.4902458512692978,0.0363,0.0,92.38975954730914,92.38975954730924,28.0,65.0,66.0,527.8588711683358,527.8588711683358,1728413207,1728413207,342.4952139465576,342.4952139465576,1740253957.0,1740253957.0,231.3294946068997,231.3294946068997,1779595507.0,1779595507.0
ETH,2026-07-06,1783324800,1785484800,25.0,1770.5379558239094,1771.9653837130927,1771.9653837130927,0.4929166268985049,0.0363,0.0,91.1299818293218,91.1299818293218,11.0,65.0,66.0,529.7339588579895,529.7339588579895,1728413207,1728413207,343.23386960879486,343.23386960879486,1740253957.0,1740253957.0,231.94746562987703,231.94746562987703,1779595507.0,1779595507.0
ETH,2026-07-07,1783411200,1785484800,24.0,1769.707797331751,1769.8045784034057,1769.8045784034057,0.4890196621164983,0.0363,0.0,88.47822959276776,88.47822959276776,36.0,65.0,66.0,530.8155581278708,530.8155581278708,1728413207,1728413207,342.9739857263519,342.9739857263519,1740253957.0,1740253957.0,232.0064349991648,232.0064349991648,1779595507.0,1779595507.0
ETH,2026-07-08,1783497600,1785484800,23.0,1756.2327637143833,1757.34681452723,1757.34681452723,0.4906029869087325,0.0363,0.0,86.28609884252668,86.28609884252678,24.0,66.0,66.0,525.7557783014684,525.7557783014684,1728413207,1728413207,341.0635272864335,341.0635272864335,1740253957.0,1740253957.0,230.90549867724673,230.90549867724673,1779595507.0,1779595507.0
ETH,2026-07-09,1783584000,1785484800,22.0,1751.055802004218,1751.5685075222934,1751.5685075222934,0.4812064796333924,0.0363,0.0,82.50515163748702,82.50515163748702,62.0,66.0,66.0,524.8040350831901,524.8040350831901,1728413207,1728413207,339.9567702758713,339.9567702758713,1740253957.0,1740253957.0,230.53031363019377,230.53031363019377,1779595507.0,1779595507.0
ETH,2026-07-10,1783670400,1785484800,21.0,1772.551731632698,1773.2428709438234,1773.2428709438234,0.4647362978112285,0.0363,0.0,78.81761403350941,78.81761403350951,10.0,65.0,66.0,531.0743801786839,531.0743801786839,1728413207,1728413207,344.1621250798704,344.1621250798704,1740253957.0,1740253957.0,233.95256792574492,233.95256792574492,1779595507.0,1779595507.0
ETH,2026-07-11,1783756800,1786089600,27.0,1798.5462530517575,1799.4938566153214,1799.4938566153214,0.4636399722646,0.0363,0.0,90.4667706536654,90.4667706536654,21.0,66.0,86.0,538.6162723519636,538.6162723519636,1728413207,1728413207,345.7493766758723,345.7493766758723,1740253957.0,1740253957.0,233.77307564204168,233.77307564204168,1779595507.0,1779595507.0
ETH,2026-07-12,1783843200,1786089600,26.0,1797.4633169094143,1797.7996623274478,1797.7996623274478,0.4690961461302051,0.0363,0.0,89.7366587069702,89.7366587069702,39.0,66.0,66.0,538.902649654791,538.902649654791,1728413207,1728413207,346.2200406342449,346.2200406342449,1740253957.0,1740253957.0,234.1673810752764,234.1673810752764,1779595507.0,1779595507.0
ETH,2026-07-13,1783929600,1786089600,25.0,1785.9508443337484,1786.5068805024955,1786.5068805024955,0.4795940509750752,0.0363,0.0,89.39785790010696,89.39785790010686,11.0,66.0,66.0,535.229217131377,535.229217131377,1728413207,1728413207,345.13897767240957,345.13897767240957,1740253957.0,1740253957.0,233.44354430690504,233.44354430690504,1779595507.0,1779595507.0
ETH,2026-07-14,1784016000,1786089600,24.0,1778.7762731055411,1779.6347269416526,1779.6347269416526,0.4757597781588525,0.0363,0.0,86.56026893259056,86.56026893259056,32.0,65.0,66.0,532.774428095551,532.774428095551,1728413207,1728413207,344.02609334321215,344.02609334321215,1740253957.0,1740253957.0,232.96293165891916,232.96293165891916,1779595507.0,1779595507.0
ETH,2026-07-15,1784102400,1786089600,23.0,1868.6660576865409,1869.829664568571,1869.829664568571,0.4451792876155522,0.0363,0.0,83.31795660013451,83.31795660013451,17.0,65.0,66.0,559.4362104239319,559.4362104239319,1728413207,1728413207,360.7899062793431,360.7899062793431,1740253957.0,1740253957.0,245.2020607560468,245.2020607560468,1779595507.0,1779595507.0
ETH,2026-07-16,1784188800,1786089600,22.0,1908.953947110754,1911.3852765775407,1911.3852765775407,0.4525285232051494,0.0363,0.0,84.67317795259535,84.67317795259524,61.0,65.0,106.0,570.2548546664393,570.2548546664393,1728413207,1728413207,369.7460326305764,369.7460326305764,1740253957.0,1740253957.0,251.38782779515412,251.38782779515412,1779595507.0,1779595507.0
ETH,2026-07-17,1784275200,1786089600,21.0,1826.216249881163,1826.4196042882256,1826.4196042882256,0.4700871259943408,0.0363,0.0,82.11493990602301,82.11493990602311,40.0,65.0,86.0,547.6615205572866,547.6615205572866,1728413207,1728413207,354.6791325295481,354.6791325295481,1740253957.0,1740253957.0,240.9791291180257,240.9791291180257,1779595507.0,1779595507.0
ETH,2026-07-18,1784361600,1786694400,27.0,1843.313256886698,1844.811298291659,1844.811298291659,0.4621154701913043,0.0363,0.0,92.44048040086496,92.44048040086508,34.0,65.0,86.0,551.4959356610484,551.4959356610484,1728413207,1728413207,354.3394736738093,354.3394736738093,1740253957.0,1740253957.0,239.61801104447824,239.61801104447824,1784322411.0,1779595507.0
ETH,2026-07-19,1784448000,1786694400,26.0,1867.963149988315,1868.8555643611296,1868.8555643611296,0.4660610662075053,0.0363,0.0,92.680625088417,92.680625088417,36.0,66.0,86.0,559.4965306236797,559.4965306236797,1728413207,1728413207,359.6907230121965,359.6907230121965,1740253957.0,1740253957.0,243.34462305566856,243.34462305566856,1784322411.0,1784322411.0
ETH,2026-07-20,1784534400,1786694400,25.0,1861.9135270234792,1861.562044462328,1861.562044462328,0.4708411537958447,0.0363,0.0,91.45571900114864,91.45571900114876,36.0,66.0,66.0,558.2225755458927,558.2225755458927,1728413207,1728413207,359.10896799683394,359.10896799683394,1740253957.0,1740253957.0,243.04149257662172,243.04149257662172,1784322411.0,1784322411.0
ETH,2026-07-21,1784620800,1786694400,24.0,1932.6895523224764,1934.0730084484649,1934.0730084484649,0.4727945213981521,0.0363,0.0,93.48644534472967,93.48644534472956,39.0,65.0,66.0,578.4234095707546,578.4234095707546,1728413207,1728413207,373.6851913705972,373.6851913705972,1740253957.0,1740253957.0,253.1135942977307,253.1135942977307,1784322411.0,1784322411.0
ETH,2026-07-22,1784707200,1786694400,23.0,1913.0734371407016,1913.9957396315108,1913.9957396315108,0.4834885781795282,0.0363,0.0,92.61647583216532,92.61647583216532,15.0,65.0,66.0,572.9997286514013,572.9997286514013,1728413207,1728413207,371.0148045277344,371.0148045277344,1740253957.0,1740253957.0,251.31351715237548,251.31351715237548,1784322411.0,1784322411.0
ETH,2026-07-23,1784793600,1787904000,36.0,1914.3359908660457,1916.3575204272345,1916.3575204272345,0.4870595319506558,0.0363846495922505,0.0,116.8288859648812,116.8288859648812,40.0,66.0,86.0,572.2792676986251,572.2792676986251,1728413207,1728413207,371.95745408111344,371.95745408111344,1740253957.0,1740253957.0,249.89870660013452,249.89870660013452,1784322411.0,1784322411.0
ETH,2026-07-24,1784880000,1787904000,35.0,1894.5227176268895,1895.0504888259077,1895.0504888259077,0.4878054362545766,0.0363846495922505,0.0,114.09124964790576,114.09124964790566,18.0,65.0,66.0,567.8290440890489,567.8290440890489,1728413207,1728413207,367.4610915072208,367.4610915072208,1740253957.0,1740253957.0,246.940738068744,246.940738068744,1784322411.0,1784322411.0
ETH,2026-07-25,1784966400,1787299200,27.0,1854.806000676044,1855.3954547076503,1855.3954547076503,0.4790784697468219,0.0363,0.0,96.37880098731848,96.37880098731848,25.0,65.0,66.0,555.8523461712067,555.8523461712067,1728413207,1728413207,357.61232032013993,357.61232032013993,1740253957.0,1740253957.0,241.5102369557075,241.5102369557075,1784322411.0,1784322411.0
ETH,2026-07-26,1785052800,1787904000,33.0,1879.5916627003955,1880.476439280468,1880.476439280468,0.4844395577555925,0.0363846495922505,0.0,109.18030065633684,109.18030065633684,15.0,65.0,66.0,562.992722230046,562.992722230046,1728413207,1728413207,363.245860985672,363.245860985672,1740253957.0,1740253957.0,244.36161016104967,244.36161016104967,1784322411.0,1784322411.0
ETH,2026-07-27,1785139200,1787904000,32.0,1963.092785887146,1964.387644101878,1964.387644101878,0.478033020630886,0.0363346749750263,0.0,110.83101303627436,110.83101303627436,41.0,65.0,66.0,587.6329775514116,587.6329775514116,1728413207,1728413207,378.2580817434578,378.2580817434578,1740253957.0,1740253957.0,254.68060257621255,254.68060257621255,1784322411.0,1784322411.0
ETH,2026-07-28,1785225600,1787904000,31.0,1881.6794719427116,1881.955901531517,1881.955901531517,0.48964802150493,0.0363346749750263,0.0,107.04578607123749,107.04578607123749,42.0,65.0,106.0,564.2274119940082,564.2274119940082,1728413207,1728413207,363.285491598626,363.285491598626,1740253957.0,1740253957.0,244.54295926796877,244.54295926796877,1784322411.0,1784322411.0
ETH,2026-07-29,1785312000,1787904000,30.0,1921.9133043084605,1922.329977247915,1922.329977247915,0.5031156034492567,0.036316824982052,0.0,110.52070352403636,110.52070352403636,15.0,65.0,66.0,576.1573183530834,576.1573183530834,1728413207,1728413207,372.15371497524296,372.15371497524296,1740253957.0,1740253957.0,250.4569952386126,250.4569952386126,1784322411.0,1784322411.0
ETH,2026-07-30,1785398400,1787904000,29.0,1900.5788878298583,1900.9197792256095,1900.9197792256095,0.495450201767369,0.0363129979743358,0.0,105.82142971796996,105.82142971796996,30.0,65.0,86.0,569.8327749532066,569.8327749532066,1728413207,1728413207,367.342733352724,367.342733352724,1740253957.0,1740253957.0,247.4746667513032,247.4746667513032,1784322411.0,1784322411.0
ETH,2026-07-31,1785484800,1787904000,28.0,1888.6701065416305,1888.4904417693128,1888.4904417693128,0.4742227885510224,0.0363129979743358,0.0,98.88439744132282,98.88439744132282,18.0,65.0,66.0,566.4213671901714,566.4213671901714,1728413207,1728413207,363.27501529895943,363.27501529895943,1740253957.0,1740253957.0,245.2277689836056,245.2277689836056,1784322411.0,1784322411.0
ETH,2026-08-01,1785571200,1787904000,27.0,1867.7201313482203,1868.5359434823008,1868.5359434823008,0.4697989039098288,0.0363,0.0,95.18392570026704,95.18392570026704,16.0,65.0,86.0,559.5002272703857,559.5002272703857,1728413207,1728413207,359.4409473456363,359.4409473456363,1740253957.0,1740253957.0,242.9128698343252,242.9128698343252,1784322411.0,1784322411.0
ETH,2026-08-02,1785657600,1787904000,26.0,1874.559184012964,1875.0292228008695,1875.0292228008695,0.4716631500693418,0.0363,0.0,94.10303098104346,94.10303098104356,27.0,65.0,66.0,561.8977164159833,561.8977164159833,1728413207,1728413207,361.2585894094881,361.2585894094881,1740253957.0,1740253957.0,244.292272930698,244.292272930698,1784322411.0,1784322411.0
ETH,2026-08-03,1785744000,1787904000,25.0,1841.261533732753,1840.2477191012033,1840.2477191012033,0.4726031855792328,0.0363,0.0,90.74648481490118,90.74648481490128,33.0,65.0,86.0,551.3646454882762,551.3646454882762,1728413207,1728413207,355.1293769206304,355.1293769206304,1740253957.0,1740253957.0,240.30465766780455,240.30465766780455,1784322411.0,1784322411.0
ETH,2026-08-04,1785830400,1787904000,24.0,1862.5779195471112,1863.418774718628,1863.418774718628,0.4536611967710244,0.0363,0.0,86.43040138632298,86.43040138632298,27.0,66.0,66.0,557.9325206926167,557.9325206926167,1728413207,1728413207,359.1323512293365,359.1323512293365,1740253957.0,1740253957.0,243.6440241433637,243.6440241433637,1784322411.0,1784322411.0
ETH,2026-08-05,1785916800,1787904000,23.0,1868.675345451088,1869.8946142183263,1869.8946142183263,0.4428757357571294,0.0363,0.0,82.89015729018709,82.89015729018709,39.0,65.0,66.0,559.383334868088,559.383334868088,1728413207,1728413207,360.7458526320151,360.7458526320151,1740253957.0,1740253957.0,245.2275234930322,245.2275234930322,1784322411.0,1784322411.0
ETH,2026-08-06,1786003200,1787904000,22.0,1907.8727748386489,1910.557135036256,1910.557135036256,0.4340020450267295,0.0363,0.0,81.17482814840757,81.17482814840757,59.0,65.0,86.0,569.6774722539873,569.6774722539873,1728413207,1728413207,369.2608321265552,369.2608321265552,1740253957.0,1740253957.0,251.52187139612545,251.52187139612545,1784322411.0,1784322411.0
ETH,2026-08-07,1786089600,1787904000,21.0,1901.4486021473872,1903.364061217793,1903.364061217793,0.4262553878175321,0.0363,0.0,77.60253276961365,77.60253276961365,22.0,65.0,66.0,568.5191215738107,568.5191215738107,1728413207,1728413207,368.8875369493441,368.8875369493441,1740253957.0,1740253957.0,251.7406691271563,251.7406691271563,1784322411.0,1784322411.0
ETH,2026-08-08,1786176000,1788508800,27.0,1914.2785657908828,1916.731915553516,1916.731915553516,0.4388377224753013,0.0363,0.0,91.21224016626596,91.21224016626589,16.0,66.0,66.0,571.8302199746317,571.8302199746317,1728413207,1728413207,366.85965989027864,366.85965989027864,1740253957.0,1740253957.0,248.59231348762205,248.59231348762205,1784322411.0,1784322411.0
ETH,2026-08-09,1786262400,1788508800,26.0,1917.5161330858057,1920.1127333099769,1920.1127333099769,0.4457795231108892,0.0363,0.0,91.08378328101284,91.08378328101294,33.0,65.0,66.0,572.6582397015704,572.6582397015704,1728413207,1728413207,368.3959779035987,368.3959779035987,1740253957.0,1740253957.0,249.68757671442492,249.68757671442492,1784322411.0,1784322411.0
ETH,2026-08-10,1786348800,1788508800,25.0,1923.6837040523196,1925.7719585701157,1925.7719585701157,0.4473169504147469,0.0363,0.0,89.88886754021516,89.88886754021516,38.0,65.0,86.0,575.0168566978998,575.0168566978998,1728413207,1728413207,370.1905633891359,370.1905633891359,1740253957.0,1740253957.0,251.08017631734157,251.08017631734157,1784322411.0,1784322411.0
ETH,2026-08-11,1786435200,1788508800,24.0,1876.0865565273025,1877.8986603510857,1877.8986603510857,0.4534896794628533,0.0363,0.0,87.06912376333295,87.06912376333305,13.0,65.0,86.0,561.0138631344073,561.0138631344073,1728413207,1728413207,361.8801075602432,361.8801075602432,1740253957.0,1740253957.0,245.52684308585953,245.52684308585953,1784322411.0,1784322411.0
ETH,2026-08-12,1786521600,1788508800,23.0,1889.9371091521905,1892.3660054297152,1892.3660054297152,0.4524263293645938,0.0363,0.0,85.69336738744681,85.69336738744681,36.0,65.0,66.0,564.5522364681324,564.5522364681324,1728413207,1728413207,365.300269832784,365.300269832784,1740253957.0,1740253957.0,248.11748373741324,248.11748373741324,1784322411.0,1784322411.0
ETH,2026-08-13,1786608000,1788508800,22.0,1893.6282035610132,1895.570163559214,1895.570163559214,0.4512902401501915,0.0363,0.0,83.74303397806018,83.74303397806018,57.0,66.0,66.0,566.146501070103,566.146501070103,1728413207,1728413207,366.6723673393225,366.6723673393225,1740253957.0,1740253957.0,249.3199596885563,249.3199596885563,1786589439.0,1784322411.0
ETH,2026-08-14,1786694400,1788508800,21.0,1871.4444515370456,1872.469572868247,1872.469572868247,0.438397321593327,0.0363,0.0,78.5155874982829,78.515587498283,11.0,65.0,66.0,560.4082141299123,560.4082141299123,1728413207,1728413207,362.9180925322814,362.9180925322814,1740253957.0,1740253957.0,247.33512520096036,247.33512520096036,1786589439.0,1786589439.0
ETH,2026-08-15,1786780800,1789113600,27.0,1878.841076878121,1880.8625194768376,1880.8625194768376,0.4351247496317615,0.0363,0.0,88.7488993181033,88.7488993181033,21.0,65.0,66.0,561.6308804647194,561.6308804647194,1728413207,1728413207,359.862183315154,359.862183315154,1740253957.0,1740253957.0,243.92878298511533,243.92878298511533,1786589439.0,1786589439.0
ETH,2026-08-16,1786867200,1789113600,26.0,1879.5931675815125,1881.7472646565009,1881.7472646565009,0.4405627333377486,0.0363,0.0,88.22044153840208,88.22044153840208,16.0,66.0,66.0,561.7238531994653,561.7238531994653,1728413207,1728413207,360.8389144675366,360.8389144675366,1740253957.0,1740253957.0,244.67615518496237,244.67615518496237,1786589439.0,1786589439.0
ETH,2026-08-17,1786953600,1789113600,25.0,1898.9858019591632,1901.265919729198,1901.265919729198,0.4183172736737747,0.0363,0.0,82.99758523105912,82.99758523105923,22.0,65.0,86.0,567.4156228177143,567.4156228177143,1728413207,1728413207,364.77835419260487,364.77835419260487,1740253957.0,1740253957.0,248.12323344053615,248.12323344053615,1786589439.0,1786589439.0
ETH,2026-08-18,1787040000,1789113600,24.0,1896.8758330321489,1898.4414374946296,1898.4414374946296,0.4174156262502183,0.0364,0.0,81.02665077675091,81.02665077675091,11.0,66.0,66.0,567.4971454471636,567.4971454471636,1728413207,1728413207,365.1008524973489,365.1008524973489,1740253957.0,1740253957.0,248.59663820998648,248.59663820998648,1786589439.0,1786589439.0
ETH,2026-08-19,1787126400,1789113600,23.0,1914.439440197432,1917.2531115902823,1917.2531115902823,0.4174680869597169,0.0364,0.0,80.11827591932106,80.11827591932106,18.0,65.0,66.0,571.5181606663791,571.5181606663791,1728413207,1728413207,369.5920645313135,369.5920645313135,1740253957.0,1740253957.0,251.9287119460842,251.9287119460842,1786589439.0,1786589439.0
ETH,2026-08-20,1787212800,1790323200,36.0,2249.8203136763946,2254.5352985482336,2254.5352985482336,0.4755328105248409,0.0364,0.0,134.19890361462683,134.19890361462697,15.0,66.0,66.0,670.2311092310794,670.2311092310794,1728413207,1728413207,435.64993555550893,435.64993555550893,1740253957.0,1740253957.0,292.88917918068876,292.88917918068876,1786589439.0,1786589439.0
ETH,2026-08-21,1787299200,1790323200,35.0,2368.8975467593755,2373.492908128995,2373.492908128995,0.4981558560287938,0.0364,0.0,145.92187460860094,145.9218746086011,50.0,65.0,86.0,706.0739026581929,706.0739026581929,1728413207,1728413207,461.8848078874737,461.8848078874737,1740253957.0,1740253957.0,258.47086656359534,310.3103715865386,1787263765.0,1786589439.0
ETH,2026-08-22,1787385600,1789718400,27.0,2432.3164256465125,2435.5452551399662,2435.5452551399662,0.5334081030796696,0.0364,0.0,140.83824467741553,140.83824467741567,26.0,65.0,66.0,726.4660982004999,726.4660982004999,1728413207,1728413207,476.43197473062014,476.43197473062014,1740253957.0,1740253957.0,267.19878698307537,267.19878698307537,1787263765.0,1787263765.0
ETH,2026-08-23,1787472000,1790323200,33.0,2386.9334675968757,2391.2412293765274,2391.2412293765274,0.5326260477389735,0.0364,0.0,152.61684254190203,152.61684254190203,61.0,65.0,86.0,711.7722784994111,711.7722784994111,1728413207,1728413207,470.1600255616046,470.1600255616046,1740253957.0,1740253957.0,263.29856432357894,263.29856432357894,1787263765.0,1787263765.0
ETH,2026-08-24,1787558400,1790323200,32.0,2453.2617016955146,2459.4384458589234,2459.4384458589234,0.5543513381543167,0.0364,0.0,160.869003110284,160.86900311028387,29.0,65.0,86.0,729.8017663452457,729.8017663452457,1728413207,1728413207,486.91378432172985,486.91378432172985,1740253957.0,1740253957.0,272.8618338773067,272.8618338773067,1787263765.0,1787263765.0
ETH,2026-08-25,1787644800,1790323200,31.0,2479.5024014951955,2486.2359010950054,2486.2359010950054,0.5543278993066875,0.0364,0.0,160.0595172486413,160.0595172486413,22.0,65.0,66.0,737.1172208487487,737.1172208487487,1728413207,1728413207,491.0783691616711,491.0783691616711,1740253957.0,1740253957.0,275.1997449939102,275.1997449939102,1787263765.0,1787263765.0
ETH,2026-08-26,1787731200,1790323200,30.0,2461.310431480246,2468.791910151819,2468.791910151819,0.5287850068677554,0.0364,0.0,149.166797715409,149.16679771540913,17.0,65.0,86.0,730.9116507725003,730.9116507725003,1728413207,1728413207,481.82875649497623,481.82875649497623,1740253957.0,1740253957.0,269.91784719920065,269.91784719920065,1787263765.0,1787263765.0
ETH,2026-08-27,1787817600,1790323200,29.0,2497.321806138627,2506.1547620574856,2506.1547620574856,0.510877243183879,0.0364,0.0,143.85069495444802,143.85069495444816,22.0,65.0,66.0,740.3635859227294,740.3635859227294,1728413207,1728413207,486.22653140872467,486.22653140872467,1740253957.0,1740253957.0,272.4963792654345,272.4963792654345,1787263765.0,1787263765.0
ETH,2026-08-28,1787904000,1790323200,28.0,2495.6704018263636,2503.724009849279,2503.724009849279,0.5133262548111917,0.0364,0.0,141.89167634399152,141.89167634399152,20.0,65.0,66.0,740.6475125249935,740.6475125249935,1728413207,1728413207,486.33662334673744,486.33662334673744,1740253957.0,1740253957.0,272.68463722047346,272.68463722047346,1787263765.0,1787263765.0
ETH,2026-08-29,1787990400,1790323200,27.0,2436.864745664891,2444.1377827830497,2444.1377827830497,0.4598681267537511,0.0364,0.0,121.8769291487932,121.8769291487932,23.0,65.0,66.0,723.7863865813084,723.7863865813084,1728413207,1728413207,469.0709981939535,469.0709981939535,1740253957.0,1740253957.0,263.43169576786545,263.43169576786545,1787263765.0,1787263765.0
ETH,2026-08-30,1788076800,1790323200,26.0,2455.4396422931054,2462.692770377886,2462.692770377886,0.4684478339658366,0.0364,0.0,122.75494299627088,122.75494299627088,21.0,65.0,86.0,729.3787646031509,729.3787646031509,1728413207,1728413207,473.9551429433624,473.9551429433624,1740253957.0,1740253957.0,266.29709298766056,266.29709298766056,1787263765.0,1787263765.0
ETH,2026-08-31,1788163200,1790323200,25.0,2440.1661201366855,2448.006904850201,2448.006904850201,0.4663805258450147,0.0364,0.0,119.12890853394322,119.12890853394308,12.0,66.0,86.0,724.2090513274903,724.2090513274903,1728413207,1728413207,471.5827137623785,471.5827137623785,1740253957.0,1740253957.0,265.2116116932192,265.2116116932192,1787263765.0,1787263765.0
ETH,2026-09-01,1788249600,1790323200,24.0,2471.5691313736525,2478.3190237261338,2478.3190237261338,0.467746787206787,0.0364,0.0,118.51600872189296,118.5160087218931,25.0,65.0,66.0,734.7208470596142,734.7208470596142,1728413207,1728413207,478.28681014534544,478.28681014534544,1740253957.0,1740253957.0,269.1832879070976,269.1832879070976,1787263765.0,1787263765.0
ETH,2026-09-02,1788336000,1790323200,23.0,2417.3813947489643,2423.462958981402,2423.462958981402,0.4779816047718648,0.0364,0.0,115.93502759368266,115.93502759368266,14.0,66.0,66.0,719.1328541922514,719.1328541922514,1728413207,1728413207,469.1726826337684,469.1726826337684,1740253957.0,1740253957.0,264.1736833399623,264.1736833399623,1787263765.0,1787263765.0
ETH,2026-09-03,1788422400,1790323200,22.0,2398.221908998132,2405.913914028011,2405.913914028011,0.467015470241033,0.0364,0.0,109.9888073744818,109.98880737448196,19.0,66.0,86.0,711.7745676695604,711.7745676695604,1728413207,1728413207,465.8511695828738,465.8511695828738,1740253957.0,1740253957.0,262.7235311089221,262.7235311089221,1787263765.0,1787263765.0
ETH,2026-09-04,1788508800,1790323200,21.0,2503.8461037365137,2510.082066245059,2510.082066245059,0.4881560252202138,0.0364,0.0,117.18494438465618,117.18494438465618,15.0,66.0,66.0,744.9178686124085,744.9178686124085,1728413207,1728413207,488.2936887330219,488.2936887330219,1740253957.0,1740253957.0,275.36228944524436,275.36228944524436,1787263765.0,1787263765.0
ETH,2026-09-05,1788595200,1790928000,27.0,2457.937911958816,2463.729147277588,2463.729147277588,0.4812757533018358,0.0364,0.0,128.5649241666557,128.56492416665583,20.0,66.0,66.0,731.5901382688731,731.5901382688731,1728413207,1728413207,474.9073659055026,474.9073659055026,1740253957.0,1740253957.0,266.51200281394074,266.51200281394074,1788562297.0,1787263765.0
ETH,2026-09-06,1788681600,1790928000,26.0,2497.4132950171565,2503.785703152599,2503.785703152599,0.492180838802266,0.0364,0.0,131.1173020440861,131.1173020440861,17.0,65.0,106.0,742.8515803697043,742.8515803697043,1728413207,1728413207,484.2736091466983,484.2736091466983,1740253957.0,1740253957.0,271.8984356975269,271.8984356975269,1788562297.0,1788562297.0
ETH,2026-09-07,1788768000,1790928000,25.0,2488.8247803076797,2495.213141314662,2495.213141314662,0.4948249921495824,0.0364,0.0,128.82184735597133,128.82184735597133,19.0,65.0,66.0,740.2590730853215,740.2590730853215,1728413207,1728413207,483.3693570413813,483.3693570413813,1740253957.0,1740253957.0,271.57052543881434,271.57052543881434,1788562297.0,1788562297.0
ETH,2026-09-08,1788854400,1790928000,24.0,2478.397065649862,2484.3511304136673,2484.3511304136673,0.4975674699351126,0.0364,0.0,126.36875784618816,126.36875784618816,18.0,66.0,66.0,737.5650549311524,737.5650549311524,1728413207,1728413207,482.0737177666138,482.0737177666138,1740253957.0,1740253957.0,271.0249569789932,271.0249569789932,1788562297.0,1788562297.0
ETH,2026-09-09,1788940800,1790928000,23.0,2509.9340349013805,2516.2423768925587,2516.2423768925587,0.5082877449190261,0.0364,0.0,127.99563113048404,127.99563113048404,22.0,65.0,66.0,746.6718684792359,746.6718684792359,1728413207,1728413207,489.919816173278,489.919816173278,1740253957.0,1740253957.0,275.58847563327555,275.58847563327555,1788562297.0,1788562297.0
ETH,2026-09-10,1789027200,1790928000,22.0,2472.6409502568094,2477.9351086587426,2477.9351086587426,0.5076091738967015,0.0364,0.0,123.11568966704355,123.1156896670437,16.0,66.0,66.0,736.4981266751097,736.4981266751097,1728413207,1728413207,482.9806626610134,482.9806626610134,1740253957.0,1740253957.0,271.9043775792604,271.9043775792604,1788562297.0,1788562297.0
ETH,2026-09-11,1789113600,1790928000,21.0,2466.991404704502,2472.7643334595487,2472.7643334595487,0.5028532587761402,0.0364,0.0,118.91429991796534,118.9142999179652,16.0,66.0,66.0,734.3244926563042,734.3244926563042,1728413207,1728413207,482.17752613445407,482.17752613445407,1740253957.0,1740253957.0,271.75235867447634,271.75235867447634,1788562297.0,1788562297.0
ETH,2026-09-12,1789200000,1791532800,27.0,2522.8727014361757,2530.1330106741148,2530.1330106741148,0.4900212955840285,0.0364,0.0,134.42575897752275,134.4257589775229,18.0,66.0,66.0,749.6015011929136,749.6015011929136,1728413207,1728413207,488.65828593574054,488.65828593574054,1740253957.0,1740253957.0,274.1997319634851,274.1997319634851,1788562297.0,1788562297.0
ETH,2026-09-13,1789286400,1791532800,26.0,2517.9107583847813,2523.991553660668,2523.991553660668,0.5064655524025667,0.0364,0.0,136.00584683043385,136.00584683043385,15.0,66.0,66.0,749.2924322395475,749.2924322395475,1728413207,1728413207,489.9327374222657,489.9327374222657,1740253957.0,1740253957.0,275.00416715941543,275.00416715941543,1788562297.0,1788562297.0
ETH,2026-09-14,1789372800,1791532800,25.0,2521.6700023816884,2528.5300350040175,2528.5300350040175,0.5119922982102522,0.0364,0.0,135.0642408424006,135.0642408424006,17.0,65.0,66.0,749.6409680921774,749.6409680921774,1728413207,1728413207,491.8487822527498,491.8487822527498,1740253957.0,1740253957.0,276.2537470130787,276.2537470130787,1788562297.0,1788562297.0
ETH,2026-09-15,1789459200,1791532800,24.0,2473.09318722017,2478.6627143263054,2478.6627143263054,0.5203160764230622,0.0364,0.0,131.8353578756262,131.83535787562607,9.0,65.0,66.0,736.3584290599156,736.3584290599156,1728413207,1728413207,483.5911319758462,483.5911319758462,1740253957.0,1740253957.0,271.75334737378637,271.75334737378637,1788562297.0,1788562297.0
ETH,2026-09-16,1789545600,1791532800,23.0,2395.3335716953884,2400.1613384251873,2400.1613384251873,0.5064039435460533,0.0364,0.0,121.63896846691271,121.63896846691271,38.0,65.0,66.0,713.7723047788177,713.7723047788177,1728413207,1728413207,467.1706468466093,467.1706468466093,1740253957.0,1740253957.0,262.784362906139,262.784362906139,1788562297.0,1788562297.0
ETH,2026-09-17,1789632000,1791532800,22.0,2441.459968101618,2446.8385588421297,2446.8385588421297,0.4833425624032079,0.0364,0.0,115.76588115120596,115.76588115120607,33.0,65.0,66.0,727.0593996899736,727.0593996899736,1728413207,1728413207,474.8739925359822,474.8739925359822,1740253957.0,1740253957.0,267.5677532444463,267.5677532444463,1788562297.0,1788562297.0
ETH,2026-09-18,1789718400,1791532800,21.0,2487.091779496747,2493.028579496747,2493.028579496747,0.4606610577709252,0.0364,0.0,109.84015816929238,109.84015816929224,42.0,65.0,66.0,740.1907338490242,740.1907338490242,1728413207,1728413207,483.516200280362,483.516200280362,1740253957.0,1740253957.0,273.05121914699987,273.05121914699987,1788562297.0,1788562297.0
ETH,2026-09-19,1789804800,1792137600,27.0,2626.8649763327435,2634.128976332743,2634.128976332743,0.475799670542319,0.0364,0.0,135.89508147385624,135.89508147385624,59.0,65.0,66.0,780.7954928998232,780.7954928998232,1728413207,1728413207,507.1072381940322,507.1072381940322,1740253957.0,1740253957.0,284.63862381585363,284.63862381585363,1788562297.0,1788562297.0
ETH,2026-09-20,1789891200,1792137600,26.0,2576.0449100141063,2583.441610014106,2583.441610014106,0.4762477796645309,0.0364,0.0,130.91506914363862,130.91506914363876,22.0,65.0,66.0,765.416773004232,765.416773004232,1728413207,1728413207,497.9327900060355,497.9327900060355,1740253957.0,1740253957.0,279.6942400943324,279.6942400943324,1788562297.0,1788562297.0
ETH,2026-09-21,1789977600,1792137600,25.0,2658.8595841520487,2667.147184152049,2667.147184152049,0.5002241612257211,0.0364,0.0,139.1987193021087,139.1987193021087,42.0,65.0,66.0,789.3702752456146,789.3702752456146,1728413207,1728413207,517.2633469874838,517.2633469874838,1740253957.0,1740253957.0,290.6027726745589,290.6027726745589,1788562297.0,1788562297.0
ETH,2026-09-22,1790064000,1792137600,24.0,2724.836723724885,2733.3750237248846,2733.3750237248846,0.497383911482869,0.0364,0.0,138.98436012355717,138.984360123557,60.0,65.0,66.0,808.9127171174657,808.9127171174657,1728413207,1728413207,530.299958687674,530.299958687674,1740253957.0,1740253957.0,298.1714145011694,298.1714145011694,1788562297.0,1788562297.0
ETH,2026-09-23,1790150400,1792137600,23.0,2742.593034135567,2748.234934135567,2748.234934135567,0.504999889777645,0.0364,0.0,138.8935157602891,138.8935157602891,41.0,65.0,66.0,817.13601024067,817.13601024067,1728413207,1728413207,534.7542260186826,534.7542260186826,1740253957.0,1740253957.0,300.8125562555319,300.8125562555319,1788562297.0,1788562297.0
ETH,2026-09-24,1790236800,1793347200,36.0,2692.4319455871296,2703.34104558713,2703.34104558713,0.4997368888452527,0.0364,0.0,169.08753411018333,169.08753411018333,16.0,65.0,66.0,796.8204836761386,796.8204836761386,1728413207,1728413207,527.0279975914916,527.0279975914916,1740253957.0,1740253957.0,295.0023192852656,295.0023192852656,1788562297.0,1788562297.0
ETH,2026-09-25,1790323200,1793347200,35.0,2672.287561793356,2680.232161793356,2680.232161793356,0.4864213280800843,0.0364,0.0,160.90601432236053,160.90601432236053,37.0,65.0,66.0,793.7416685380067,793.7416685380067,1728413207,1728413207,519.1796428672343,519.1796428672343,1740253957.0,1740253957.0,290.53748541006655,290.53748541006655,1788562297.0,1788562297.0
ETH,2026-09-26,1790409600,1792742400,27.0,2690.991210322716,2697.278110322716,2697.278110322716,0.4579968354605403,0.0364,0.0,133.95317493472157,133.95317493472157,59.0,65.0,66.0,801.0104630968149,801.0104630968149,1728413207,1728413207,517.5533502751483,517.5533502751483,1740253957.0,1740253957.0,290.65219773359536,290.65219773359536,1788562297.0,1788562297.0
ETH,2026-09-27,1790496000,1793347200,33.0,2717.8391755972825,2726.9679755972825,2726.9679755972825,0.4701150026100998,0.0364,0.0,153.6537961360963,153.65379613609616,41.0,65.0,66.0,806.2229526791847,806.2229526791847,1728413207,1728413207,524.1215706192356,524.1215706192356,1740253957.0,1740253957.0,293.42431300938915,293.42431300938915,1788562297.0,1788562297.0
ETH,2026-09-28,1790582400,1793347200,32.0,2643.944917366112,2652.094717366112,2652.094717366112,0.4779832646806563,0.0364,0.0,149.61598950554588,149.61598950554605,15.0,65.0,66.0,785.0336752098333,785.0336752098333,1728413207,1728413207,510.4338389662063,510.4338389662063,1740253957.0,1740253957.0,285.8017732232704,285.8017732232704,1788562297.0,1788562297.0
ETH,2026-09-29,1790668800,1793347200,31.0,2708.261861936616,2717.4392619366163,2717.4392619366163,0.4813172268642736,0.0364,0.0,151.94268761249444,151.9426876124943,54.0,65.0,66.0,803.3011585809849,803.3011585809849,1728413207,1728413207,522.9506060033908,522.9506060033908,1740253957.0,1740253957.0,292.88964535814887,292.88964535814887,1788562297.0,1788562297.0
ETH,2026-09-30,1790755200,1793347200,30.0,2673.383286022654,2679.603186022654,2679.603186022654,0.4775721518445421,0.0364,0.0,146.24958024750595,146.24958024750595,30.0,65.0,66.0,795.7950858067961,795.7950858067961,1728413207,1728413207,514.7685262534252,514.7685262534252,1740253957.0,1740253957.0,288.3583810779612,288.3583810779612,1788562297.0,1788562297.0
HYPE,2025-11-11,1762848000,1764921600,24.0,39.81481147083258,39.903945435482015,39.903945435482015,0.9712442037065232,0.0422,0.0,3.954506469616348,3.9545064696163506,35.0,65.0,80.0,23.79975291785011,23.79975291785011,1761775179,1761775179,,,,,16.267394976105027,16.267394976105027,1761775179.0,1761775179.0
HYPE,2025-11-12,1762934400,1764921600,23.0,39.29852342247232,39.35416991661626,39.35416991661626,0.9944433840318592,0.0422,0.0,3.9090561376114015,3.909056137611404,29.0,65.0,79.0,23.523467559339455,23.523467559339455,1761775179,1761775179,,,,,16.041975941382777,16.041975941382777,1761775179.0,1761775179.0
HYPE,2025-11-13,1763020800,1764921600,22.0,39.21448589765697,39.26389893294617,39.26389893294617,0.9731678784157964,0.0422,0.0,3.733569131085875,3.733569131085875,32.0,65.0,79.0,23.479278503304982,23.479278503304982,1761775179,1761775179,,,,,16.0300450704266,16.0300450704266,1761775179.0,1761775179.0
HYPE,2025-11-14,1763107200,1764921600,21.0,37.54852143917449,37.5522924771645,37.5522924771645,1.0221902762765636,0.0422,0.0,3.663993846391773,3.663993846391773,31.0,65.0,71.0,22.525341825514687,22.525341825514687,1761775179,1761775179,,,,,15.317418132271516,15.317418132271516,1761775179.0,1761775179.0
HYPE,2025-11-15,1763193600,1765526400,27.0,39.15135773212268,39.26219970681385,39.26219970681385,1.016529268674172,0.0422,0.0,4.316766882139235,4.316766882139235,29.0,65.0,63.0,23.37997266458244,23.37997266458244,1761775179,1761775179,,,,,15.94206591944951,15.94206591944951,1761775179.0,1761775179.0
HYPE,2025-11-16,1763280000,1765526400,26.0,39.21683971695943,39.3016604139184,39.3016604139184,1.0086632074282234,0.0422,0.0,4.208211284937676,4.208211284937676,33.0,70.0,89.0,23.445283133216684,23.445283133216684,1761775179,1761775179,,,,,15.97572904804889,15.97572904804889,1761775179.0,1761775179.0
HYPE,2025-11-17,1763366400,1765526400,25.0,38.59150317651787,38.69176837189322,38.69176837189322,1.0149098029703196,0.0422,0.0,4.087939927856803,4.087939927856806,32.0,77.0,90.0,23.05463671053537,23.05463671053537,1761775179,1761775179,,,,,15.734200283397456,15.734200283397456,1761775179.0,1761775179.0
HYPE,2025-11-18,1763452800,1765526400,24.0,40.269128435197594,40.36599734042421,40.36599734042421,1.0204062010979944,0.0422,0.0,4.201656456001654,4.201656456001654,26.0,68.0,102.0,24.06460815589194,24.06460815589194,1761775179,1761775179,,,,,16.42384789216537,16.42384789216537,1761775179.0,1761775179.0
HYPE,2025-11-19,1763539200,1765526400,23.0,38.62469782740984,38.70548353940051,38.70548353940051,0.9885582842521192,0.0422,0.0,3.821986468479765,3.821986468479763,26.0,65.0,121.0,23.094032984455232,23.094032984455232,1761775179,1761775179,,,,,15.779793827793869,15.779793827793869,1761775179.0,1761775179.0
HYPE,2025-11-20,1763625600,1766736000,36.0,39.441302939033186,39.55572451723752,39.55572451723752,0.9798668230774542,0.0423,0.0,4.837047525356244,4.837047525356247,35.0,65.0,120.0,23.55036018521557,23.55036018521557,1761775179,1761775179,,,,,15.996034295407942,15.996034295407942,1761775179.0,1761775179.0
HYPE,2025-11-21,1763712000,1766736000,35.0,34.26243641861096,34.32420678826063,34.32420678826063,1.026562644318688,0.0423,0.0,4.334690535333684,4.334690535333682,22.0,68.0,94.0,20.495691481516904,20.495691481516904,1761775179,1761775179,,,,,13.859493063596712,13.859493063596712,1761775179.0,1761775179.0
HYPE,2025-11-22,1763798400,1766131200,27.0,33.93824440784232,34.01554222190224,34.01554222190224,1.0111553816187513,0.0422,0.0,3.720265419991452,3.720265419991452,29.0,66.0,67.0,20.28564883064547,20.28564883064547,1761775179,1761775179,,,,,13.815733424609368,13.815733424609368,1761775179.0,1761775179.0
HYPE,2025-11-23,1763884800,1766736000,33.0,30.91477433021401,30.99512791239425,30.99512791239425,1.0247819234819953,0.0423,0.0,3.795159871702904,3.7951598717029023,29.0,66.0,72.0,18.468511015948167,18.468511015948167,1761775179,1761775179,,,,,12.530826678618226,12.530826678618226,1761775179.0,1761775179.0
HYPE,2025-11-24,1763971200,1766736000,32.0,31.54583493090005,31.63712080503142,31.63712080503142,1.0139118742715738,0.0423,0.0,3.7749162483735152,3.7749162483735152,63.0,66.0,92.0,18.836215084408657,18.836215084408657,1761775179,1761775179,,,,,12.80446035518994,12.80446035518994,1761775179.0,1761775179.0
HYPE,2025-11-25,1764057600,1766736000,31.0,31.885708399449783,31.983723519983013,31.983723519983013,0.9802318069090862,0.0423,0.0,3.6326836257407304,3.6326836257407304,58.0,70.0,77.0,19.03340991913664,19.03340991913664,1761775179,1761775179,,,,,12.972357444040114,12.972357444040114,1761775179.0,1761775179.0
HYPE,2025-11-26,1764144000,1766736000,30.0,34.79176423715139,34.88194676053382,34.88194676053382,0.947214609762111,0.0423,0.0,3.7673898680466897,3.767389868046691,52.0,65.0,78.0,20.784876018908403,20.784876018908403,1761775179,1761775179,,,,,14.178187354694014,14.178187354694014,1761775179.0,1761775179.0
HYPE,2025-11-27,1764230400,1766736000,29.0,35.56214899775364,35.66057242378227,35.66057242378227,0.928831833672598,0.0422114126102686,0.0,3.714061383941705,3.714061383941707,62.0,65.0,72.0,21.23886597262355,21.23886597262355,1761775179,1761775179,,,,,14.514909340242756,14.514909340242756,1761775179.0,1761775179.0
HYPE,2025-11-28,1764316800,1766736000,28.0,34.6600724353606,34.75632934209148,34.75632934209148,0.9132734850195748,0.0422114126102686,0.0,3.498008167043026,3.498008167043026,29.0,68.0,79.0,20.69978655448547,20.69978655448547,1761775179,1761775179,,,,,14.1647736855812,14.1647736855812,1761775179.0,1761775179.0
HYPE,2025-11-29,1764403200,1767168000,32.0,35.958702470542704,36.04672184556891,36.04672184556891,0.9133528257887228,0.0422471270151479,0.0,3.8772261905181513,3.8772261905181513,49.0,66.0,70.0,21.487202107299417,21.487202107299417,1761775179,1761775179,,,,,14.657103243012866,14.657103243012866,1761775179.0,1761775179.0
HYPE,2025-11-30,1764489600,1767168000,31.0,33.99136262959974,34.063634955208194,34.063634955208194,0.92184531998248,0.0422471270151479,0.0,3.639896638520935,3.6398966385209337,15.0,66.0,90.0,20.322545252151393,20.322545252151393,1761775179,1761775179,,,,,13.853867079153764,13.853867079153764,1761775179.0,1761775179.0
HYPE,2025-12-01,1764576000,1767168000,30.0,31.212952855018727,31.269908428124538,31.269908428124538,0.9476207903775212,0.0422471270151479,0.0,3.3787146160943857,3.3787146160943857,62.0,66.0,90.0,18.670816139905423,18.670816139905423,1761775179,1761775179,,,,,12.711075686022792,12.711075686022792,1761775179.0,1761775179.0
HYPE,2025-12-02,1764662400,1767168000,29.0,31.679903330094103,31.740504755676255,31.740504755676255,0.9339442417139348,0.0422471270151479,0.0,3.3238758396024046,3.323875839602403,62.0,66.0,70.0,18.94734057247431,18.94734057247431,1761775179,1761775179,,,,,12.91776886439032,12.91776886439032,1761775179.0,1761775179.0
HYPE,2025-12-03,1764748800,1767168000,28.0,34.243885310969986,34.33658758483074,34.33658758483074,0.9050358274047234,0.0422471270151479,0.0,3.424756661339422,3.424756661339422,24.0,66.0,90.0,20.453628912721236,20.453628912721236,1761775179,1761775179,,,,,13.998667309665942,13.998667309665942,1761775179.0,1761775179.0
HYPE,2025-12-04,1764835200,1767168000,27.0,35.248728321972465,35.3423603343166,35.3423603343166,0.883583701674278,0.0422471270151479,0.0,3.380218018264373,3.38021801826437,25.0,66.0,81.0,21.05560498083934,21.05560498083934,1761775179,1761775179,,,,,14.430281356000943,14.430281356000943,1761775179.0,1761775179.0
HYPE,2025-12-05,1764921600,1767168000,26.0,33.22912963470481,33.21275934580537,33.21275934580537,1.1112499455277731,0.0422,0.0,3.915413130037455,3.915413130037455,24.0,66.0,62.0,19.92110749192344,19.92110749192344,1761775179,1761775179,,,,,13.448726545913283,13.448726545913283,1761775179.0,1761775179.0
HYPE,2025-12-06,1765008000,1767340800,27.0,31.0699917266202,31.2250434480764,31.2250434480764,1.1579094342931278,0.0422,0.0,3.906892111710233,3.906892111710233,51.0,65.0,91.0,18.486943314515916,18.486943314515916,1761775179,1761775179,,,,,12.601088002838877,12.601088002838877,1761775179.0,1761775179.0
HYPE,2025-12-07,1765094400,1767340800,26.0,30.535871982903004,30.597741554728874,30.597741554728874,1.2452207218554563,0.0422,0.0,4.0382295390509455,4.038229539050944,31.0,67.0,70.0,18.25965361791593,18.25965361791593,1761775179,1761775179,,,,,12.319013734855131,12.319013734855131,1761775179.0,1761775179.0
HYPE,2025-12-08,1765180800,1767340800,25.0,30.007829398425972,30.023308999963472,30.023308999963472,1.2476738911050258,0.0422,0.0,3.893743206594229,3.8937432065942272,62.0,65.0,70.0,17.989218037518086,17.989218037518086,1761775179,1761775179,,,,,12.099699569207976,12.099699569207976,1761775179.0,1761775179.0
HYPE,2025-12-09,1765267200,1767340800,24.0,28.287300767529523,28.33709822865649,28.33709822865649,1.209308716819951,0.0422,0.0,3.4916003924522117,3.4916003924522117,62.0,65.0,90.0,16.922582999390745,16.922582999390745,1761775179,1761775179,,,,,11.445880821544446,11.445880821544446,1761775179.0,1761775179.0
HYPE,2025-12-10,1765353600,1767340800,23.0,29.291201143763843,29.241876913536927,29.241876913536927,1.1778393327772676,0.0422,0.0,3.436681210797298,3.436681210797298,62.0,65.0,81.0,17.52539645603139,17.52539645603139,1761775179,1761775179,,,,,11.841277091297275,11.841277091297275,1765330287.0,1761775179.0
HYPE,2025-12-11,1765440000,1767340800,22.0,28.056875313241495,28.006281680263847,28.006281680263847,1.1448490368988986,0.0422,0.0,3.130047878675215,3.130047878675215,18.0,66.0,73.0,16.783531554967247,16.783531554967247,1761775179,1761775179,,,,,11.365287604678375,11.365287604678375,1765330287.0,1765330287.0
HYPE,2025-12-12,1765526400,1767340800,21.0,29.53368113090676,29.505369647635145,29.505369647635145,1.083432245576417,0.0422,0.0,3.0503901037303747,3.0503901037303764,62.0,66.0,104.0,17.69189719527244,17.69189719527244,1761775179,1761775179,,,,,12.00989138439644,12.00989138439644,1765330287.0,1765330287.0
HYPE,2025-12-13,1765612800,1767945600,27.0,28.035605554822418,27.996168574215083,27.996168574215083,1.086725226234657,0.0422,0.0,3.289162576638544,3.289162576638544,12.0,66.0,83.0,16.781926352286117,16.781926352286117,1761775179,1761775179,,,,,11.340378420476792,11.340378420476792,1765330287.0,1765330287.0
HYPE,2025-12-14,1765699200,1767945600,26.0,29.495882241095252,29.5136139378122,29.5136139378122,1.0892740577464783,0.0422,0.0,3.411006831944346,3.411006831944346,54.0,66.0,62.0,17.679797647940205,17.679797647940205,1761775179,1761775179,,,,,11.959924610836884,11.959924610836884,1765330287.0,1765330287.0
HYPE,2025-12-15,1765785600,1767945600,25.0,29.11559326202359,29.09478317909974,29.09478317909974,1.0776236642682355,0.0422,0.0,3.2627100391944643,3.2627100391944626,60.0,65.0,68.0,17.448545874290303,17.448545874290303,1761775179,1761775179,,,,,11.806756096364758,11.806756096364758,1765330287.0,1765330287.0
HYPE,2025-12-16,1765872000,1767945600,24.0,26.307645280653556,26.389299119105527,26.389299119105527,1.121976927722775,0.0422,0.0,3.0184590095543937,3.0184590095543937,20.0,65.0,68.0,15.70293332994016,15.70293332994016,1761775179,1761775179,,,,,10.69366952799044,10.69366952799044,1765330287.0,1765330287.0
HYPE,2025-12-17,1765958400,1767945600,23.0,27.201866946747977,27.24698345816935,27.24698345816935,1.0640113166158112,0.0422,0.0,2.894695174657742,2.8946951746577434,62.0,65.0,68.0,16.276003656627413,16.276003656627413,1761775179,1761775179,,,,,11.076913547874558,11.076913547874558,1765330287.0,1765330287.0
HYPE,2025-12-18,1766044800,1767945600,22.0,23.98132413465648,24.11350352908655,24.11350352908655,1.0933631237247872,0.0422,0.0,2.574526780793519,2.5745267807935206,21.0,66.0,71.0,14.256615086363816,14.256615086363816,1761775179,1761775179,,,,,9.795561026129857,9.795561026129857,1766020953.0,1765330287.0
HYPE,2025-12-19,1766131200,1767945600,21.0,23.92747186652637,23.88693345854213,23.88693345854213,1.0790299346160857,0.0422,0.0,2.4595539217337685,2.4595539217337685,18.0,65.0,102.0,14.315944711931586,14.315944711931586,1761775179,1761775179,,,,,9.725396568142042,9.725396568142042,1766020953.0,1766020953.0
HYPE,2025-12-20,1766217600,1768550400,27.0,24.915100164149287,24.843591288783685,24.843591288783685,1.0237014143886165,0.0422,0.0,2.750630301274753,2.750630301274754,17.0,66.0,103.0,14.87755122312397,14.87755122312397,1761775179,1761775179,,,,,10.09159042627139,10.09159042627139,1766020953.0,1766020953.0
HYPE,2025-12-21,1766304000,1768550400,26.0,24.19741722680813,24.09284205194145,24.09284205194145,1.0818340491803444,0.0422,0.0,2.765619822765201,2.765619822765201,21.0,66.0,123.0,14.413875161218192,14.413875161218192,1761775179,1761775179,,,,,9.772154086087363,9.772154086087363,1766020953.0,1766020953.0
HYPE,2025-12-22,1766390400,1768550400,25.0,25.38591814683216,25.33955306659099,25.33955306659099,0.9960674886237716,0.0422,0.0,2.6278044858174145,2.627804485817413,12.0,65.0,65.0,15.185185807858126,15.185185807858126,1761775179,1761775179,,,,,10.317813886051404,10.317813886051404,1766020953.0,1766020953.0
HYPE,2025-12-23,1766476800,1768550400,24.0,24.26968551594673,24.249663835991083,24.249663835991083,1.0036971579409777,0.0422,0.0,2.4830206521063056,2.4830206521063056,19.0,66.0,99.0,14.54178962961239,14.54178962961239,1761775179,1761775179,,,,,9.87689592906006,9.87689592906006,1766020953.0,1766020953.0
HYPE,2025-12-24,1766563200,1768550400,23.0,23.759920943354036,23.753146621219607,23.753146621219607,0.945953600994892,0.0422,0.0,2.2449111025069635,2.2449111025069635,63.0,66.0,79.0,14.249178243877992,14.249178243877992,1761775179,1761775179,,,,,9.702470208756512,9.702470208756512,1766020953.0,1766020953.0
HYPE,2025-12-25,1766649600,1769760000,36.0,24.707757923167016,24.71978100917036,24.71978100917036,0.903196794787023,0.0422846476720335,0.0,2.787968666449277,2.787968666449277,12.0,66.0,80.0,14.812631667896865,14.812631667896865,1761775179,1761775179,,,,,10.036799378103474,10.036799378103474,1766020953.0,1766020953.0
HYPE,2025-12-26,1766736000,1769760000,35.0,25.089076591243227,25.08895914688821,25.08895914688821,1.0139122095862532,0.0422846476720335,0.0,3.1296788135158953,3.1296788135158953,65.0,68.0,72.0,15.05332851039092,15.05332851039092,1761775179,1761775179,,,,,10.138864458869731,10.138864458869731,1766020953.0,1766020953.0
HYPE,2025-12-27,1766822400,1769155200,27.0,25.955997399239205,25.93660727678928,25.93660727678928,0.8432603190147505,0.0422,0.0,2.3679325801377353,2.367932580137734,35.0,66.0,92.0,15.5542083170936,15.5542083170936,1761775179,1761775179,,,,,10.61212330006557,10.61212330006557,1766020953.0,1766020953.0
HYPE,2025-12-28,1766908800,1769760000,33.0,25.822929087053367,25.815624750042545,25.815624750042545,0.8374084730035413,0.0422846476720335,0.0,2.586393065591053,2.586393065591053,18.0,68.0,73.0,15.486453115221195,15.486453115221195,1761775179,1761775179,,,,,10.531617614638352,10.531617614638352,1766020953.0,1766020953.0
HYPE,2025-12-29,1766995200,1769760000,32.0,25.938454876352395,25.915236260363116,25.915236260363116,0.8416802725628021,0.042232869781276,0.0,2.569911776748664,2.5699117767486626,17.0,67.0,71.0,15.539854309822156,15.539854309822156,1761775179,1761775179,,,,,10.57633308125761,10.57633308125761,1766020953.0,1766020953.0
HYPE,2025-12-30,1767081600,1769760000,31.0,26.11464905025511,26.106555763605034,26.106555763605034,0.906189603858649,0.0422328707730123,0.0,2.742537289208883,2.7425372892088813,14.0,66.0,67.0,15.66069614350299,15.66069614350299,1761775179,1761775179,,,,,10.628326187911542,10.628326187911542,1766020953.0,1766020953.0
HYPE,2025-12-31,1767168000,1769760000,30.0,25.75614196916496,25.77379329266559,25.77379329266559,0.9016258385568764,0.0422328707730123,0.0,2.650459786386313,2.650459786386313,16.0,66.0,67.0,15.43603385799834,15.43603385799834,1761775179,1761775179,,,,,10.499655819561182,10.499655819561182,1766020953.0,1766020953.0
HYPE,2026-01-01,1767254400,1769760000,29.0,25.66301583158483,25.68869595495746,25.68869595495746,0.9081914165807742,0.0422328707730123,0.0,2.6163601145353073,2.616360114535309,11.0,66.0,63.0,15.372129375578268,15.372129375578268,1761775179,1761775179,,,,,10.46763224215124,10.46763224215124,1766020953.0,1766020953.0
HYPE,2026-01-02,1767340800,1769760000,28.0,24.29064509885934,24.395537009173072,24.395537009173072,0.8810529928951114,0.0422328707730123,0.0,2.369073688836536,2.369073688836536,68.0,68.0,109.0,14.469495149001869,14.469495149001869,1761775179,1761775179,,,,,9.953987816128851,9.953987816128851,1766020953.0,1766020953.0
HYPE,2026-01-03,1767427200,1769760000,27.0,24.514919010355303,24.512148693046345,24.512148693046345,0.8597035313653467,0.0422328707730123,0.0,2.2813251032117923,2.281325103211791,19.0,67.0,102.0,14.70618108890422,14.70618108890422,1761775179,1761775179,,,,,10.021642999937333,10.021642999937333,1766020953.0,1766020953.0
HYPE,2026-01-04,1767513600,1769760000,26.0,25.117915100456138,25.142641774704483,25.142641774704483,0.9238042174180572,0.0422328707730123,0.0,2.4668470172940027,2.4668470172940027,22.0,68.0,106.0,15.04602238602534,15.04602238602534,1761775179,1761775179,,,,,10.257096003127817,10.257096003127817,1766020953.0,1766020953.0
HYPE,2026-01-05,1767600000,1769760000,25.0,26.39506878172004,26.38518264962119,26.38518264962119,0.9021490688962324,0.0422,0.0,2.479500786846379,2.479500786846379,13.0,66.0,66.0,15.827155136933172,15.827155136933172,1761775179,1761775179,,,,,10.781979994203615,10.781979994203615,1766020953.0,1766020953.0
HYPE,2026-01-06,1767686400,1769760000,24.0,26.41184062026054,26.40220769521632,26.40220769521632,1.097246386908032,0.0422,0.0,2.9538132138498137,2.9538132138498137,65.0,65.0,113.0,15.837471447112106,15.837471447112106,1761775179,1761775179,,,,,10.713802156745578,10.713802156745578,1766020953.0,1766020953.0
HYPE,2026-01-07,1767772800,1769760000,23.0,27.597958483359157,27.611670388058577,27.611670388058577,0.9806612075257009,0.0422,0.0,2.7048534550545904,2.704853455054592,26.0,66.0,91.0,16.545063185316074,16.545063185316074,1761775179,1761775179,,,,,11.262560308994406,11.262560308994406,1766020953.0,1766020953.0
HYPE,2026-01-08,1767859200,1769760000,22.0,26.67747156966019,26.67386278103954,26.67386278103954,0.8999360276837256,0.0422,0.0,2.3463343958384915,2.3463343958384915,12.0,66.0,89.0,16.002874153175462,16.002874153175462,1761775179,1761775179,,,,,10.921581866116355,10.921581866116355,1766020953.0,1766020953.0
HYPE,2026-01-09,1767945600,1769760000,21.0,26.07978881476399,26.066548503822663,26.066548503822663,0.8718265329600996,0.0422,0.0,2.170681653077118,2.170681653077118,17.0,65.0,69.0,15.634632977917068,15.634632977917068,1761775179,1761775179,,,,,10.857006591017257,10.69145370953133,1767912649.0,1766020953.0
HYPE,2026-01-10,1768032000,1770364800,27.0,24.334546653779903,24.34235481731841,24.34235481731841,0.7892536240387179,0.0422,0.0,2.0806139199677665,2.0806139199677665,16.0,66.0,77.0,14.59291982872944,14.59291982872944,1761775179,1761775179,,,,,10.126828744417898,10.126828744417898,1767912649.0,1767912649.0
HYPE,2026-01-11,1768118400,1770364800,26.0,24.450816005939657,24.457692276734026,24.457692276734026,0.7851826912936906,0.0422,0.0,2.040997148286732,2.040997148286732,36.0,65.0,70.0,14.663613332769428,14.663613332769428,1761775179,1761775179,,,,,10.183089530525995,10.183089530525995,1767912649.0,1767912649.0
HYPE,2026-01-12,1768204800,1770364800,25.0,24.6929476168337,24.73741508634565,24.73741508634565,0.8466638255403568,0.0422,0.0,2.18228374013949,2.18228374013949,35.0,65.0,102.0,14.771301100588266,14.771301100588266,1761775179,1761775179,,,,,10.279585214242363,10.279585214242363,1767912649.0,1767912649.0
HYPE,2026-01-13,1768291200,1770364800,24.0,24.25943798256198,24.25929639151339,24.25929639151339,0.8178660228132972,0.0422,0.0,2.025976061908945,2.025976061908945,33.0,68.0,94.0,14.5555211984886,14.5555211984886,1761775179,1761775179,,,,,10.10145628561871,10.10145628561871,1767912649.0,1767912649.0
HYPE,2026-01-14,1768377600,1770364800,23.0,26.16215880370746,26.142212693633585,26.142212693633585,0.8264515516494285,0.0422,0.0,2.159777551932099,2.159777551932101,34.0,64.0,74.0,15.677349172150604,15.677349172150604,1761775179,1761775179,,,,,10.890623007188005,10.890623007188005,1767912649.0,1767912649.0
HYPE,2026-01-15,1768464000,1770364800,22.0,25.024844761685944,25.008940454970652,25.008940454970652,0.8648437870362286,0.0422,0.0,2.114427309306119,2.114427309306119,29.0,67.0,84.0,14.999002550296272,14.999002550296272,1761775179,1761775179,,,,,10.411238025931496,10.411238025931496,1767912649.0,1767912649.0
HYPE,2026-01-16,1768550400,1770364800,21.0,24.81771551631776,24.794816523292507,24.794816523292507,0.8313777134764271,0.0422,0.0,1.9693070087469369,1.9693070087469369,37.0,65.0,74.0,14.8677303167654,14.8677303167654,1761775179,1761775179,,,,,10.342751686505473,10.342751686505473,1767912649.0,1767912649.0
HYPE,2026-01-17,1768636800,1770969600,27.0,24.93842366786464,24.911628056752285,24.911628056752285,0.6915175443607139,0.036,0.0,1.8664274074772784,1.8664274074772784,28.0,65.0,81.0,14.936258589606432,14.936258589606432,1761775179,1761775179,,,,,10.40838642521367,10.40838642521367,1767912649.0,1767912649.0
HYPE,2026-01-18,1768723200,1770969600,26.0,25.832723887078604,25.82436719287756,25.82436719287756,0.8577521031145177,0.036,0.0,2.3533918596786005,2.3533918596786005,38.0,69.0,86.0,15.491277638046116,15.491277638046116,1761775179,1761775179,,,,,10.72360018379786,10.72360018379786,1767912649.0,1767912649.0
HYPE,2026-01-19,1768809600,1770969600,25.0,23.812326653602977,23.79614588805074,23.79614588805074,0.8757900482968252,0.036,0.0,2.1711531030122986,2.1711531030122972,39.0,69.0,70.0,14.271215226609549,14.271215226609549,1761775179,1761775179,,,,,9.881791648407829,9.881791648407829,1767912649.0,1767912649.0
HYPE,2026-01-20,1768896000,1770969600,24.0,23.08479106617158,23.09158690065628,23.09158690065628,0.8469946097243044,0.036,0.0,1.996874424118056,1.996874424118056,16.0,66.0,64.0,13.844078805218247,13.844078805218247,1761775179,1761775179,,,,,9.605645752186724,9.605645752186724,1767912649.0,1767912649.0
HYPE,2026-01-21,1768982400,1770969600,23.0,21.264985032308147,21.278041016900612,21.278041016900612,0.913641348621408,0.036,0.0,1.9426024999376752,1.9426024999376752,17.0,66.0,64.0,12.745935034792424,12.745935034792424,1761775179,1761775179,,,,,8.835244764228303,8.835244764228303,1767912649.0,1767912649.0
HYPE,2026-01-22,1769068800,1772179200,36.0,21.932690035294115,21.926564514064356,21.926564514064356,0.8885897969126804,0.0359153568114687,0.0,2.4332088312870197,2.433208831287019,41.0,66.0,64.0,13.15348849994671,13.15348849994671,1761775179,1761775179,,,,,9.032538436721463,9.032538436721463,1767912649.0,1767912649.0
HYPE,2026-01-23,1769155200,1772179200,35.0,21.451971545189828,21.45591199671286,21.45591199671286,0.9015575151891626,0.0359153568114687,0.0,2.3819329223680703,2.3819329223680694,37.0,66.0,73.0,12.867242475590862,12.867242475590862,1761775179,1761775179,,,,,8.838440744775488,8.838440744775488,1767912649.0,1767912649.0
HYPE,2026-01-24,1769241600,1771574400,27.0,22.817153563762467,22.819348550322687,22.819348550322687,0.8956230869751193,0.036,0.0,2.2120827569639583,2.212082756963957,40.0,67.0,82.0,13.688097151697258,13.688097151697258,1761775179,1761775179,,,,,9.45413716359286,9.45413716359286,1767912649.0,1767912649.0
HYPE,2026-01-25,1769328000,1772179200,33.0,22.88573686905456,22.89548993552391,22.89548993552391,0.9133337047666076,0.0359536890902374,0.0,2.50055835469236,2.50055835469236,49.0,67.0,102.0,13.72168905496338,13.72168905496338,1761775179,1761775179,,,,,9.438572260910972,9.438572260910972,1767912649.0,1767912649.0
HYPE,2026-01-26,1769414400,1772179200,32.0,22.30518452209217,22.30384297415638,22.30384297415638,0.92605177413635,0.0359653559689363,0.0,2.432174812927801,2.432174812927801,48.0,69.0,75.0,13.381769165319511,13.381769165319511,1761775179,1761775179,,,,,9.196241422952202,9.196241422952202,1767912649.0,1767912649.0
HYPE,2026-01-27,1769500800,1772179200,31.0,27.41799696583658,27.513007600375666,27.513007600375666,0.950326403491249,0.0359653559689363,0.0,3.0301848601231023,3.0301848601231023,45.0,65.0,72.0,16.355787544962865,16.355787544962865,1761775179,1761775179,,,,,11.335068177118853,11.335068177118853,1767912649.0,1767912649.0
HYPE,2026-01-28,1769587200,1772179200,30.0,33.47083004764443,33.4998700218139,33.4998700218139,0.9932956323530256,0.035982516096817,0.0,3.7929791643749686,3.7929791643749704,42.0,65.0,63.0,20.05345805441718,20.05345805441718,1761775179,1761775179,,,,,13.790358009768578,13.790358009768578,1767912649.0,1767912649.0
HYPE,2026-01-29,1769673600,1772179200,29.0,32.44886563226663,32.42434228837014,32.42434228837014,1.0054270429912395,0.035982516096817,0.0,3.653700410575591,3.653700410575591,49.0,70.0,64.0,19.444796035463487,19.444796035463487,1761775179,1761775179,,,,,13.353659317633394,13.353659317633394,1767912649.0,1767912649.0
HYPE,2026-01-30,1769760000,1772179200,28.0,29.15920193727781,29.139598217236564,29.139598217236564,1.086909933752248,0.035982516096817,0.0,3.486440931551157,3.486440931551159,44.0,65.0,71.0,17.47591744232544,17.47591744232544,1761775179,1761775179,,,,,11.969659905915822,11.969659905915822,1767912649.0,1767912649.0
HYPE,2026-01-31,1769846400,1772179200,27.0,30.622765748464076,30.71286380336254,30.71286380336254,1.1123635841992168,0.035982516096817,0.0,3.692825813318928,3.69282581331893,45.0,65.0,72.0,18.283561394179976,18.283561394179976,1761775179,1761775179,,,,,12.608231489130688,12.608231489130688,1767912649.0,1767912649.0
HYPE,2026-02-01,1769932800,1772179200,26.0,30.69343580551192,30.70065471561376,30.70065471561376,1.234421344176701,0.036,0.0,4.01698991632407,4.016989916324071,16.0,67.0,76.0,18.408842573205305,18.408842573205305,1761775179,1761775179,,,,,12.557751090582087,12.557751090582087,1767912649.0,1767912649.0
HYPE,2026-02-02,1770019200,1772179200,25.0,31.25930885893649,31.231972179331617,31.231972179331617,1.299354404332491,0.036,0.0,4.216694631845338,4.216694631845338,15.0,66.0,71.0,18.72824863575702,18.72824863575702,1761775179,1761775179,,,,,12.96338803450224,12.96338803450224,1767912649.0,1767912649.0
HYPE,2026-02-03,1770105600,1772179200,24.0,37.211376225413375,35.768113891205005,35.768113891205005,1.3193798973226472,0.036,0.0,4.804717535037799,4.804717535037799,30.0,65.0,72.0,20.883563401039655,20.883563401039655,1761775179,1761775179,,,,,14.970692113916352,14.970692113916352,1767912649.0,1767912649.0
HYPE,2026-02-04,1770192000,1772179200,23.0,33.35400162974034,33.31421539402307,33.31421539402307,1.3358223341675943,0.036,0.0,4.435830343185986,4.435830343185984,34.0,65.0,101.0,19.972614742126936,19.972614742126936,1761775179,1761775179,,,,,13.906254005966296,13.906254005966296,1767912649.0,1767912649.0
HYPE,2026-02-05,1770278400,1772179200,22.0,34.17303127371629,34.137800032932866,34.137800032932866,1.474893821240134,0.036,0.0,4.904602784606797,4.904602784606797,29.0,65.0,101.0,20.468587523446345,20.468587523446345,1761775179,1761775179,,,,,14.934853404280128,14.934853404280128,1767912649.0,1767912649.0
HYPE,2026-02-06,1770364800,1772179200,21.0,32.9533133552965,32.997031583869806,32.997031583869806,1.2226658969769348,0.036,0.0,3.8468194547244106,3.846819454724408,39.0,65.0,82.0,19.728269784604596,19.728269784604596,1761775179,1761775179,,,,,13.5716757622277,13.5716757622277,1767912649.0,1767912649.0
HYPE,2026-02-07,1770451200,1772784000,27.0,32.97238893502614,33.04065661193056,33.04065661193056,1.045895606624995,0.036,0.0,3.7369753146004694,3.736975314600471,40.0,68.0,95.0,19.715165684111263,19.715165684111263,1761775179,1761775179,,,,,13.60201782975968,13.60201782975968,1767912649.0,1767912649.0
HYPE,2026-02-08,1770537600,1772784000,26.0,30.99499043831009,31.095852966647875,31.095852966647875,1.0747166049909933,0.036,0.0,3.546173363985942,3.546173363985942,18.0,68.0,70.0,18.49613173464827,18.49613173464827,1761775179,1761775179,,,,,12.795659591816564,12.795659591816564,1767912649.0,1767912649.0
HYPE,2026-02-09,1770624000,1772784000,25.0,32.39547782959711,32.467030118248545,32.467030118248545,1.0510916396151528,0.036,0.0,3.551805706956368,3.551805706956366,41.0,69.0,105.0,19.365734409106835,19.365734409106835,1761775179,1761775179,,,,,13.385752706769283,13.385752706769283,1767912649.0,1767912649.0
HYPE,2026-02-10,1770710400,1772784000,24.0,30.00762557033638,30.076598430647696,30.076598430647696,1.0451767904367928,0.036,0.0,3.206191812017515,3.206191812017515,11.0,66.0,64.0,17.935602481890513,17.935602481890513,1761775179,1761775179,,,,,12.413785573557076,12.413785573557076,1767912649.0,1767912649.0
HYPE,2026-02-11,1770796800,1772784000,23.0,28.72257721439132,28.77801280809779,28.77801280809779,1.0170138741150785,0.036,0.0,2.9230558233313935,2.9230558233313917,19.0,65.0,91.0,17.178110734928325,17.178110734928325,1761775179,1761775179,,,,,11.901442538676022,11.901442538676022,1767912649.0,1767912649.0
HYPE,2026-02-12,1770883200,1772784000,22.0,30.247501256833313,30.2980801110052,30.2980801110052,0.9608559408197764,0.036,0.0,2.844738300590304,2.844738300590304,14.0,66.0,71.0,18.0979218999281,18.0979218999281,1761775179,1761775179,,,,,12.567273485141776,12.567273485141776,1767912649.0,1767912649.0
HYPE,2026-02-13,1770969600,1772784000,21.0,30.71540953607747,30.753351466632573,30.753351466632573,0.9391711536470844,0.036,0.0,2.757991634511376,2.757991634511376,12.0,65.0,78.0,18.391303791091374,18.391303791091374,1761775179,1761775179,,,,,12.77745913082887,12.77745913082887,1767912649.0,1767912649.0
HYPE,2026-02-14,1771056000,1773388800,27.0,31.792477314380513,31.754393172512955,31.754393172512955,1.0548358695393705,0.036,0.0,3.6219867441602407,3.6219867441602407,40.0,69.0,80.0,19.03740224676075,19.03740224676075,1761775179,1761775179,,,,,13.072917665815195,13.072917665815195,1767912649.0,1767912649.0
HYPE,2026-02-15,1771142400,1773388800,26.0,31.3628124066206,31.36275166954095,31.36275166954095,1.0532551202412297,0.036,0.0,3.5056614951354637,3.5056614951354654,39.0,67.0,78.0,18.817626706892707,18.817626706892707,1761775179,1761775179,,,,,12.921644073099449,12.921644073099449,1767912649.0,1767912649.0
HYPE,2026-02-16,1771228800,1773388800,25.0,29.68251628398225,29.763638428891444,29.763638428891444,1.084602182503669,0.036,0.0,3.3591861920460655,3.359186192046064,35.0,66.0,72.0,17.728387625480153,17.728387625480153,1761775179,1761775179,,,,,12.254324445316714,12.254324445316714,1767912649.0,1767912649.0
HYPE,2026-02-17,1771315200,1773388800,24.0,30.11782927724652,30.154067050335247,30.154067050335247,1.0480336982220015,0.036,0.0,3.2231837969646144,3.2231837969646127,33.0,66.0,72.0,18.034459793259185,18.034459793259185,1761775179,1761775179,,,,,12.44604389774818,12.44604389774818,1767912649.0,1767912649.0
HYPE,2026-02-18,1771401600,1773388800,23.0,29.65439052149581,29.666517064180475,29.666517064180475,1.05738523659969,0.036,0.0,3.1322322494217025,3.132232249421704,33.0,67.0,79.0,17.780507770212818,17.780507770212818,1761775179,1761775179,,,,,12.252613747020488,12.252613747020488,1767912649.0,1767912649.0
HYPE,2026-02-19,1771488000,1774598400,36.0,29.189081476175375,29.250229539516855,29.250229539516855,1.0348937925222192,0.0359153552324389,0.0,3.77599844787081,3.775998447870811,38.0,65.0,91.0,17.45230082236374,17.45230082236374,1761775179,1761775179,,,,,11.962582574787332,11.962582574787332,1767912649.0,1767912649.0
HYPE,2026-02-20,1771574400,1774598400,35.0,29.09718969678548,29.12454466180776,29.12454466180776,1.0273475591997565,0.0359153552324389,0.0,3.680831025334986,3.680831025334986,38.0,64.0,71.0,17.430958853049006,17.430958853049006,1761775179,1761775179,,,,,11.925890691806629,11.925890691806629,1767912649.0,1767912649.0
HYPE,2026-02-21,1771660800,1773993600,27.0,30.08698772224199,30.09435351356347,30.09435351356347,1.0458135548238965,0.036,0.0,3.403476331142686,3.4034763311426843,31.0,67.0,80.0,18.044826842023717,18.044826842023717,1761775179,1761775179,,,,,12.391880158642412,12.391880158642412,1767912649.0,1767912649.0
HYPE,2026-02-22,1771747200,1774598400,33.0,29.46250783038366,29.48437733737921,29.48437733737921,1.0574254615942102,0.0359153552324389,0.0,3.724226367528028,3.72422636752803,38.0,66.0,101.0,17.655635191234644,17.655635191234644,1761775179,1761775179,,,,,12.075219564942136,12.075219564942136,1767912649.0,1767912649.0
HYPE,2026-02-23,1771833600,1774598400,32.0,27.747548180778345,27.799268594617377,27.799268594617377,1.0303980499802163,0.0359653545485643,0.0,3.370507136945075,3.370507136945075,41.0,66.0,73.0,16.596808494627975,16.596808494627975,1761775179,1761775179,,,,,11.406167593641442,11.406167593641442,1767912649.0,1767912649.0
HYPE,2026-02-24,1771920000,1774598400,31.0,26.276536861852847,26.394638733117496,26.394638733117496,1.0652631736913578,0.0359653545485643,0.0,3.2559361414564467,3.2559361414564467,46.0,67.0,105.0,15.647820245847058,15.647820245847058,1761775179,1761775179,,,,,10.81826867201688,10.81826867201688,1767912649.0,1767912649.0
HYPE,2026-02-25,1772006400,1774598400,30.0,26.94969867315444,27.00598471806597,27.00598471806597,1.052983200244331,0.0363166891925856,0.0,3.2401053692045565,3.240105369204555,39.0,69.0,99.0,16.113533158981134,16.113533158981134,1761775179,1761775179,,,,,11.086752405767845,11.086752405767845,1767912649.0,1767912649.0
HYPE,2026-02-26,1772092800,1774598400,29.0,28.25815050443544,28.2596101505571,28.2596101505571,1.0421925097188411,0.036311474350155,0.0,3.3000261058406313,3.3000261058406313,36.0,66.0,70.0,16.953430656539606,16.953430656539606,1761775179,1761775179,,,,,11.619054171557329,11.619054171557329,1767912649.0,1767912649.0
HYPE,2026-02-27,1772179200,1774598400,28.0,29.298687294047173,29.290748298023285,29.290748298023285,1.0407388840264398,0.0363030338458334,0.0,3.3567068458582368,3.3567068458582368,42.0,65.0,64.0,17.571273380404413,17.571273380404413,1761775179,1761775179,,,,,12.054085496817663,12.054085496817663,1767912649.0,1767912649.0
HYPE,2026-02-28,1772265600,1774598400,27.0,26.650159272630283,26.693829719069107,26.693829719069107,1.0656425195164667,0.0363030338458334,0.0,3.075742592592137,3.075742592592136,22.0,65.0,64.0,15.946425117139349,15.946425117139349,1761775179,1761775179,,,,,10.980794943793624,10.980794943793624,1767912649.0,1767912649.0
HYPE,2026-03-01,1772352000,1774598400,26.0,30.93529037284295,30.91155784117099,30.91155784117099,1.0184565357513098,0.0363,0.0,3.3417835990430076,3.3417835990430076,36.0,66.0,71.0,18.53744169203381,18.53744169203381,1761775179,1761775179,,,,,12.754518682277912,12.754518682277912,1767912649.0,1767912649.0
HYPE,2026-03-02,1772438400,1774598400,25.0,30.304019927428453,30.310618977873265,30.310618977873265,1.043955297138019,0.0363,0.0,3.293527142369525,3.293527142369525,36.0,68.0,75.0,18.175812906012258,18.175812906012258,1761775179,1761775179,,,,,12.50306697699498,12.50306697699498,1767912649.0,1767912649.0
HYPE,2026-03-03,1772524800,1774598400,24.0,33.041547193575305,33.05185302503486,33.05185302503486,1.0701559039095163,0.0363,0.0,3.6070417938886905,3.6070417938886905,20.0,69.0,78.0,19.81462248468563,19.81462248468563,1761775179,1761775179,,,,,13.631889593270907,13.631889593270907,1767912649.0,1767912649.0
HYPE,2026-03-04,1772611200,1774598400,23.0,32.07532639214322,32.08233887651818,32.08233887651818,1.0739172951989244,0.0363,0.0,3.4399404899947705,3.4399404899947688,31.0,70.0,82.0,19.23818335091097,19.23818335091097,1761775179,1761775179,,,,,13.242364103066729,13.242364103066729,1767912649.0,1767912649.0
HYPE,2026-03-05,1772697600,1774598400,22.0,31.55066329523697,31.59834202821574,31.59834202821574,1.0298091919119932,0.0363,0.0,3.1786343830289985,3.1786343830289985,7.0,62.0,65.0,18.88271924416341,18.88271924416341,1761775179,1761775179,,,,,13.07376697690467,13.07376697690467,1767912649.0,1767912649.0
HYPE,2026-03-06,1772784000,1774598400,21.0,30.82147185821707,30.824220703386153,30.824220703386153,1.026528171844752,0.0363,0.0,3.0202318261467895,3.0202318261467895,26.0,65.0,72.0,18.490134269761157,18.490134269761157,1761775179,1761775179,,,,,12.768760789335314,12.768760789335314,1767912649.0,1767912649.0
HYPE,2026-03-07,1772870400,1775203200,27.0,30.446302311461203,30.442739248917356,30.442739248917356,1.0193168351030784,0.0363,0.0,3.3562123295720094,3.3562123295720077,22.0,65.0,64.0,18.264218324332877,18.264218324332877,1761775179,1761775179,,,,,12.549292881223138,12.549292881223138,1767912649.0,1767912649.0
HYPE,2026-03-08,1772956800,1775203200,26.0,30.176794657115096,30.13122029993609,30.13122029993609,1.0766807794696984,0.0363,0.0,3.4424035365876553,3.4424035365876553,12.0,65.0,91.0,18.060502437090047,18.060502437090047,1761775179,1761775179,,,,,12.404779357714451,12.404779357714451,1767912649.0,1767912649.0
HYPE,2026-03-09,1773043200,1775203200,25.0,30.70600870788145,30.712871033035885,30.712871033035885,1.0207873942322154,0.0363,0.0,3.263618590878966,3.2636185908789677,23.0,66.0,91.0,18.41674289957443,18.41674289957443,1761775179,1761775179,,,,,12.680479221413933,12.680479221413933,1767912649.0,1767912649.0
HYPE,2026-03-10,1773129600,1775203200,24.0,34.55283330684665,34.53820858216277,34.53820858216277,1.0043060544236786,0.0363,0.0,3.538639752739509,3.538639752739509,19.0,66.0,91.0,20.717075259424107,20.717075259424107,1761775179,1761775179,,,,,14.282159171003215,14.282159171003215,1767912649.0,1767912649.0
HYPE,2026-03-11,1773216000,1775203200,23.0,34.385879317010264,34.37589538288042,34.37589538288042,0.9973662267075392,0.0363,0.0,3.424547074079419,3.424547074079421,24.0,66.0,69.0,20.621543656076312,20.621543656076312,1761775179,1761775179,,,,,14.230654493496896,14.230654493496896,1767912649.0,1767912649.0
HYPE,2026-03-12,1773302400,1775203200,22.0,36.829866155077205,36.80710657220547,36.80710657220547,1.0174216070686934,0.0363,0.0,3.658303684326859,3.658303684326859,24.0,67.0,63.0,22.075160110174583,22.075160110174583,1761775179,1761775179,,,,,15.239700261044792,15.239700261044792,1767912649.0,1767912649.0
HYPE,2026-03-13,1773388800,1775203200,21.0,37.729033270028154,37.73293157589983,37.73293157589983,1.0572595631841173,0.0363,0.0,3.8072635388795737,3.8072635388795737,62.0,65.0,69.0,22.633521656145213,22.633521656145213,1761775179,1761775179,,,,,15.61350350610522,15.61350350610522,1767912649.0,1767912649.0
HYPE,2026-03-14,1773475200,1775808000,27.0,37.22306638102216,37.22878472859495,37.22878472859495,1.0390167937726988,0.0363,0.0,4.183153429105124,4.183153429105124,67.0,67.0,82.0,22.328121481040508,22.328121481040508,1761775179,1761775179,,,,,15.333853118941352,15.333853118941352,1767912649.0,1767912649.0
HYPE,2026-03-15,1773561600,1775808000,26.0,37.51173488472729,37.56710832543491,37.56710832543491,1.0242075782786346,0.0363,0.0,4.084092578537984,4.084092578537984,28.0,66.0,74.0,22.451667490128756,22.451667490128756,1761775179,1761775179,,,,,15.49291431070288,15.49291431070288,1767912649.0,1767912649.0
HYPE,2026-03-16,1773648000,1775808000,25.0,38.74539050960008,38.737609850071856,38.737609850071856,1.0700704586911258,0.0363,0.0,4.313814669065924,4.313814669065922,15.0,66.0,77.0,23.239453646231823,23.239453646231823,1761775179,1761775179,,,,,15.963673330333144,15.963673330333144,1767912649.0,1767912649.0
HYPE,2026-03-17,1773734400,1775808000,24.0,41.465674119004824,41.441223129544866,41.441223129544866,0.9631747443751262,0.0363,0.0,4.072904236767884,4.072904236767884,14.0,66.0,96.0,24.854953481942935,24.854953481942935,1761775179,1761775179,,,,,17.1640279336172,17.1640279336172,1767912649.0,1767912649.0
HYPE,2026-03-18,1773820800,1775808000,23.0,41.68767615083914,41.68762736185072,41.68762736185072,0.9406969608728788,0.0363,0.0,3.91810770340102,3.9181077034010223,18.0,66.0,70.0,25.01255690151506,25.01255690151506,1761775179,1761775179,,,,,17.293529847932582,17.293529847932582,1767912649.0,1767912649.0
HYPE,2026-03-19,1773907200,1777017600,36.0,40.186044649685655,40.195115756484846,40.195115756484846,0.9441958918764132,0.0363625455374457,0.0,4.737633595972119,4.737633595972118,62.0,65.0,66.0,24.1025556830122,24.1025556830122,1761775179,1761775179,,,,,16.51301472133393,16.51301472133393,1767912649.0,1767912649.0
HYPE,2026-03-20,1773993600,1777017600,35.0,40.316485870363,40.259775550725024,40.259775550725024,1.0054829160470342,0.0363625455374457,0.0,4.980721499401512,4.98072149940151,56.0,65.0,66.0,24.13318120257982,24.13318120257982,1761775179,1761775179,,,,,16.506702173535228,16.506702173535228,1767912649.0,1767912649.0
HYPE,2026-03-21,1774080000,1776412800,27.0,39.699341239736746,39.694799740468746,39.694799740468746,0.9577461172045344,0.0363,0.0,4.113420141696033,4.113420141696033,28.0,64.0,66.0,23.81506324457405,23.81506324457405,1761775179,1761775179,,,,,16.40436631152027,16.40436631152027,1767912649.0,1767912649.0
HYPE,2026-03-22,1774166400,1777017600,33.0,38.26137619496407,38.247704109819225,38.247704109819225,0.9476406791211596,0.0363625455374457,0.0,4.333137341566147,4.3331373415661485,47.0,65.0,106.0,22.943153631833596,22.943153631833596,1761775179,1761775179,,,,,15.744114372573646,15.744114372573646,1767912649.0,1767912649.0
HYPE,2026-03-23,1774252800,1777017600,32.0,37.46794831803185,37.47075004837145,37.47075004837145,0.9549096650162292,0.0363346495027426,0.0,4.212584286448568,4.212584286448568,22.0,126.0,126.0,22.477967260479513,22.477967260479513,1761775179,1761775179,,,,,15.429400547018304,15.429400547018304,1767912649.0,1767912649.0
HYPE,2026-03-24,1774339200,1777017600,31.0,38.55689834519385,38.55966360920682,38.55966360920682,0.9504748669727574,0.0363346495027426,0.0,4.247483510364143,4.247483510364143,61.0,65.0,66.0,23.13137374310334,23.13137374310334,1761775179,1761775179,,,,,15.89234419909635,15.89234419909635,1767912649.0,1767912649.0
HYPE,2026-03-25,1774425600,1777017600,30.0,40.2691178058123,40.28088720827938,40.28088720827938,0.9434894066925854,0.0363346495027426,0.0,4.3334916931014344,4.3334916931014344,24.0,65.0,86.0,24.149701281020302,24.149701281020302,1761775179,1761775179,,,,,16.61838935573956,16.61838935573956,1767912649.0,1767912649.0
HYPE,2026-03-26,1774512000,1777017600,29.0,39.04151208154494,39.05203580462031,39.05203580462031,0.9371454202574928,0.0363125273017803,0.0,4.103477811573482,4.103477811573482,22.0,65.0,66.0,23.414383525851587,23.414383525851587,1761775179,1761775179,,,,,16.127595134586155,16.127595134586155,1767912649.0,1767912649.0
HYPE,2026-03-27,1774598400,1777017600,28.0,39.3208343531845,39.33483071542339,39.33483071542339,0.9579478464616658,0.0363125273017803,0.0,4.151350791950729,4.151350791950729,17.0,65.0,66.0,23.578504249671816,23.578504249671816,1761775179,1761775179,,,,,16.242126553599874,16.242126553599874,1767912649.0,1767912649.0
HYPE,2026-03-28,1774684800,1777017600,27.0,39.3674335770644,39.38506031548967,39.38506031548967,0.9264517347591948,0.0363125273017803,0.0,3.9486816832609666,3.9486816832609666,15.0,63.0,66.0,23.602833407813375,23.602833407813375,1761775179,1761775179,,,,,16.296028708399138,16.296028708399138,1767912649.0,1767912649.0
HYPE,2026-03-29,1774771200,1777536000,32.0,39.675082209667856,39.68807336520779,39.68807336520779,0.9561268490654496,0.0363553776278214,0.0,4.467512519804279,4.467512519804276,11.0,65.0,66.0,23.79205817026078,23.79205817026078,1761775179,1761775179,,,,,16.34102700535687,16.34102700535687,1767912649.0,1767912649.0
HYPE,2026-03-30,1774857600,1777536000,31.0,38.41156588324138,38.43732991969976,38.43732991969976,0.9824932307673192,0.0363275000712008,0.0,4.375681860146761,4.375681860146761,17.0,65.0,66.0,23.02117549348645,23.02117549348645,1761775179,1761775179,,,,,15.818515737828193,15.818515737828193,1767912649.0,1767912649.0
HYPE,2026-03-31,1774944000,1777536000,30.0,36.69677286489707,36.70767858711184,36.70767858711184,0.9840081804024988,0.0363195992292464,0.0,4.1175765179594634,4.1175765179594634,19.0,65.0,66.0,22.00715799672348,22.00715799672348,1761775179,1761775179,,,,,15.117756445008894,15.117756445008894,1767912649.0,1767912649.0
HYPE,2026-04-01,1775030400,1777536000,29.0,37.35044606777746,37.39381035791033,37.39381035791033,0.9774348262399704,0.0363195992292464,0.0,4.097116563252767,4.097116563252767,19.0,65.0,66.0,22.366903350533608,22.366903350533608,1761775179,1761775179,,,,,15.414772851009968,15.414772851009968,1767912649.0,1767912649.0
HYPE,2026-04-02,1775116800,1777536000,28.0,35.07278494270479,35.07771080915624,35.07771080915624,0.9623801990362308,0.0363195992292464,0.0,3.719087676100631,3.719087676100629,23.0,35.0,46.0,21.038745099171432,21.038745099171432,1761775179,1761775179,,,,,14.481982357369258,14.481982357369258,1767912649.0,1767912649.0
HYPE,2026-04-03,1775203200,1777536000,27.0,35.835902352370425,35.839364937335624,35.839364937335624,0.9723120912161044,0.0363195992292464,0.0,3.770053399316842,3.770053399316842,19.0,65.0,66.0,21.498078826457057,21.498078826457057,1761775179,1761775179,,,,,14.80187721464286,14.80187721464286,1767912649.0,1767912649.0
HYPE,2026-04-04,1775289600,1777622400,27.0,35.742459748067176,35.7524265174339,35.7524265174339,0.8660143314772657,0.0363,0.0,3.3517617215987427,3.3517617215987427,20.0,63.0,66.0,21.43550907947358,21.43550907947358,1761775179,1761775179,,,,,14.829762374145378,14.829762374145378,1767912649.0,1767912649.0
HYPE,2026-04-05,1775376000,1777622400,26.0,35.646381727607334,35.63985547821458,35.63985547821458,0.8779838030175161,0.0363,0.0,3.324145467876417,3.324145467876417,31.0,64.0,66.0,21.381302787171645,21.381302787171645,1761775179,1761775179,,,,,14.787176129150758,14.787176129150758,1767912649.0,1767912649.0
HYPE,2026-04-06,1775462400,1777622400,25.0,37.17113961540469,37.09674208675466,37.09674208675466,0.864194275651162,0.0363,0.0,3.3400728618073936,3.3400728618073936,10.0,62.0,66.0,22.228286240592787,22.228286240592787,1761775179,1761775179,,,,,15.4144197062104,15.4144197062104,1767912649.0,1767912649.0
HYPE,2026-04-07,1775548800,1777622400,24.0,36.20430667396877,36.212647020820505,36.212647020820505,0.8804734014207053,0.0363,0.0,3.2547987466382957,3.2547987466382957,20.0,65.0,66.0,21.714243657529533,21.714243657529533,1775526033,1761775179,,,,,15.044496833431024,15.044496833431024,1767912649.0,1767912649.0
HYPE,2026-04-08,1775635200,1777622400,23.0,39.35915928732751,39.35382649961115,39.35382649961115,0.8640935158816322,0.0363,0.0,3.398791628395771,3.398791628395771,18.0,65.0,86.0,23.61016278468015,23.61016278468015,1775526033,1775526033,,,,,16.372446987664937,16.372446987664937,1767912649.0,1767912649.0
HYPE,2026-04-09,1775721600,1777622400,22.0,38.73932009330528,38.71959591709966,38.71959591709966,0.8713316706975727,0.0363,0.0,3.298085013203727,3.298085013203729,61.0,65.0,66.0,23.223867879777547,23.223867879777547,1775526033,1775526033,,,,,16.117081766154595,16.117081766154595,1767912649.0,1767912649.0
HYPE,2026-04-10,1775808000,1777622400,21.0,40.03633981098877,40.032380669380686,40.032380669380686,0.8689220901030664,0.0363,0.0,3.322615111130186,3.322615111130186,19.0,63.0,66.0,24.01784474498518,24.01784474498518,1775526033,1775526033,,,,,16.676921025566642,16.676921025566642,1767912649.0,1767912649.0
HYPE,2026-04-11,1775894400,1778227200,27.0,42.51018356606742,42.50979797538383,42.50979797538383,0.8034624476049229,0.0363,0.0,3.698594380295964,3.698594380295964,21.0,65.0,86.0,25.505724548956863,25.505724548956863,1775526033,1775526033,,,,,17.678200630309956,17.678200630309956,1767912649.0,1767912649.0
HYPE,2026-04-12,1775980800,1778227200,26.0,40.785667101344664,40.791487197719505,40.791487197719505,0.8319146930355086,0.0363,0.0,3.605846868035051,3.605846868035051,22.0,34.0,66.0,24.46558016443196,24.46558016443196,1775526033,1775526033,,,,,16.955075967356954,16.955075967356954,1767912649.0,1767912649.0
HYPE,2026-04-13,1776067200,1778227200,25.0,41.23576038265702,41.22483400358636,41.22483400358636,0.8228098245973986,0.0363,0.0,3.5347081394087407,3.534708139408743,12.0,65.0,66.0,24.730529850523546,24.730529850523546,1775526033,1775526033,,,,,17.153821793000503,17.153821793000503,1767912649.0,1767912649.0
HYPE,2026-04-14,1776153600,1778227200,24.0,44.53144041475268,45.23962424211953,45.23962424211953,0.7979430040817562,0.0363,0.0,3.686405044505276,3.6864050445052783,56.0,65.0,86.0,26.01068042148475,26.01068042148475,1775526033,1775526033,,,,,18.819170536798623,18.819170536798623,1767912649.0,1767912649.0
HYPE,2026-04-15,1776240000,1778227200,23.0,43.34381498088451,43.36342950232955,43.36342950232955,0.7983703874616017,0.0363,0.0,3.4612205765328956,3.4612205765328956,11.0,65.0,66.0,25.986674467085663,25.986674467085663,1776200787,1775526033,,,,,18.08358321517489,18.08358321517489,1776200787.0,1767912649.0
HYPE,2026-04-16,1776326400,1778227200,22.0,45.29209935993463,45.28489182234175,45.28489182234175,0.7728899391685303,0.0363,0.0,3.4229047799290284,3.4229047799290284,60.0,65.0,66.0,27.168052078367896,27.168052078367896,1776200787,1776200787,,,,,18.91679820999444,18.91679820999444,1776200787.0,1776200787.0
HYPE,2026-04-17,1776412800,1778227200,21.0,43.88588358040725,43.8851377876961,43.8851377876961,0.750805635789333,0.0363,0.0,3.148703023792075,3.148703023792075,17.0,65.0,66.0,26.330784355533194,26.330784355533194,1776200787,1776200787,,,,,18.35858969060792,18.35858969060792,1776200787.0,1776200787.0
HYPE,2026-04-18,1776499200,1778832000,27.0,44.624983520563326,44.64851177338392,44.64851177338392,0.7479195222099393,0.0363,0.0,3.6170882903151207,3.6170882903151207,12.0,64.0,66.0,26.75146185951741,26.75146185951741,1776200787,1776200787,,,,,18.608358663806538,18.608358663806538,1776200787.0,1776200787.0
HYPE,2026-04-19,1776585600,1778832000,26.0,43.17565538852987,43.18997644146551,43.18997644146551,0.7459244111609985,0.0363,0.0,3.4246119174691803,3.4246119174691803,11.0,65.0,66.0,25.891072180182288,25.891072180182288,1776200787,1776200787,,,,,18.013177735033114,18.013177735033114,1776200787.0,1776200787.0
HYPE,2026-04-20,1776672000,1778832000,25.0,40.89051650829592,40.8889336980568,40.8889336980568,0.7451473415513994,0.0363,0.0,3.176097541300069,3.176097541300067,61.0,66.0,66.0,24.532727094738437,24.532727094738437,1776200787,1776200787,,,,,17.06516796040918,17.06516796040918,1776200787.0,1776200787.0
HYPE,2026-04-21,1776758400,1778832000,24.0,40.91626345424097,40.94528857113261,40.94528857113261,0.7469796534927146,0.0363,0.0,3.1240534765659023,3.1240534765659,61.0,64.0,66.0,24.52073295565294,24.52073295565294,1776200787,1776200787,,,,,17.096553944799524,17.096553944799524,1776200787.0,1776200787.0
HYPE,2026-04-22,1776844800,1778832000,23.0,40.41620555655206,40.420230857196,40.420230857196,0.7450751495091051,0.0363,0.0,3.011575686388731,3.0115756863887286,19.0,64.0,86.0,24.245698033287297,24.245698033287297,1776200787,1776200787,,,,,16.8904136166527,16.8904136166527,1776200787.0,1776200787.0
HYPE,2026-04-23,1776931200,1780041600,36.0,41.238877339602325,41.22662386304507,41.22662386304507,0.7498020185242026,0.0363627318276016,0.0,3.863997020550257,3.863997020550257,13.0,63.0,66.0,24.731072927204146,24.731072927204146,1776200787,1776200787,,,,,17.095328124250187,17.095328124250187,1776200787.0,1776200787.0
HYPE,2026-04-24,1777017600,1780041600,35.0,41.01199747453822,40.95334154976995,40.95334154976995,0.7478577166697302,0.0363627318276016,0.0,3.775168723673768,3.77516872367377,11.0,65.0,86.0,24.54854255995466,24.54854255995466,1776200787,1776200787,,,,,16.995037424155655,16.995037424155655,1776200787.0,1776200787.0
HYPE,2026-04-25,1777104000,1779436800,27.0,41.252688313326026,41.28118210635012,41.28118210635012,0.7508733584866877,0.0363,0.0,3.357454651326605,3.357454651326605,12.0,63.0,66.0,24.723119194971517,24.723119194971517,1776200787,1776200787,,,,,17.202541464633818,17.202541464633818,1776200787.0,1776200787.0
HYPE,2026-04-26,1777190400,1780041600,33.0,41.259181579717,41.25325245311035,41.25325245311035,0.7513258202584555,0.0363487834560642,0.0,3.710089342309169,3.710089342309169,15.0,63.0,66.0,24.749579821223552,24.749579821223552,1776200787,1776200787,,,,,17.132880232398936,17.132880232398936,1776200787.0,1776200787.0
HYPE,2026-04-27,1777276800,1780041600,32.0,42.361644632372936,42.3719861574084,42.3719861574084,0.7503157522865159,0.036334646471294,0.0,3.7477369936684073,3.7477369936684046,62.0,65.0,86.0,25.406645254388295,25.406645254388295,1776200787,1776200787,,,,,17.607315510157896,17.607315510157896,1776200787.0,1776200787.0
HYPE,2026-04-28,1777363200,1780041600,31.0,40.61544201615055,40.61676820771441,40.61676820771441,0.7379316288008569,0.036334646471294,0.0,3.478001091819147,3.4780010918191446,62.0,65.0,66.0,24.36793901812648,24.36793901812648,1776200787,1776200787,,,,,16.897069196850268,16.897069196850268,1776200787.0,1776200787.0
HYPE,2026-04-29,1777449600,1780041600,30.0,40.5503747445567,40.560296374804295,40.560296374804295,0.7396641255734612,0.036334646471294,0.0,3.424891629586207,3.424891629586207,60.0,65.0,66.0,24.320303216486423,24.320303216486423,1776200787,1776200787,,,,,16.881377378868336,16.881377378868336,1776200787.0,1776200787.0
HYPE,2026-04-30,1777536000,1780041600,29.0,39.508587936806336,39.55310971144074,39.55310971144074,0.7431623522189004,0.036334646471294,0.0,3.299388844964602,3.299388844964602,30.0,66.0,66.0,23.6606309874494,23.6606309874494,1776200787,1776200787,,,,,16.4674089163104,16.4674089163104,1776200787.0,1776200787.0
HYPE,2026-05-01,1777622400,1780041600,28.0,39.9098610992163,39.929321761520754,39.929321761520754,0.6014672240115002,0.036334646471294,0.0,2.6506024666198247,2.6506024666198225,10.0,65.0,66.0,23.926455997225325,23.926455997225325,1776200787,1776200787,,,,,16.73267359965042,16.73267359965042,1776200787.0,1776200787.0
HYPE,2026-05-02,1777708800,1780041600,27.0,41.69076345855108,41.70821647470356,41.70821647470356,0.6158293853573871,0.036334646471294,0.0,2.783685258998709,2.7836852589987067,30.0,66.0,66.0,24.997005058978168,24.997005058978168,1776200787,1776200787,,,,,17.476433419693116,17.476433419693116,1776200787.0,1776200787.0
HYPE,2026-05-03,1777795200,1780041600,26.0,41.0063070092743,41.01740094996856,41.01740094996856,0.6109652891168612,0.036334646471294,0.0,2.6653487287361437,2.665348728736146,61.0,66.0,66.0,24.59269026487032,24.59269026487032,1776200787,1776200787,,,,,17.199085728455543,17.199085728455543,1776200787.0,1776200787.0
HYPE,2026-05-04,1777881600,1780041600,25.0,41.82932022534408,41.85238451275482,41.85238451275482,0.6013917210963087,0.0363,0.0,2.625204920344702,2.625204920344704,57.0,63.0,66.0,25.07452784779571,25.07452784779571,1776200787,1776200787,,,,,17.563891516126333,17.563891516126333,1776200787.0,1776200787.0
HYPE,2026-05-05,1777968000,1780041600,24.0,43.21865482675186,43.21702254062108,43.21702254062108,0.5935170611385082,0.0363,0.0,2.6214303768721505,2.6214303768721505,61.0,63.0,66.0,25.929560609920337,25.929560609920337,1776200787,1776200787,,,,,18.152309342040716,18.152309342040716,1776200787.0,1776200787.0
HYPE,2026-05-06,1778054400,1780041600,23.0,44.38593313277317,44.30319632194803,44.30319632194803,0.5733262520987787,0.0363,0.0,2.54149792169633,2.5414979216963323,46.0,65.0,66.0,26.548823068838768,26.548823068838768,1776200787,1776200787,,,,,18.63582820093276,18.63582820093276,1776200787.0,1776200787.0
HYPE,2026-05-07,1778140800,1780041600,22.0,43.321047982140456,43.54504229906027,43.54504229906027,0.5532420127526532,0.0363,0.0,2.357735648743514,2.357735648743516,52.0,66.0,66.0,25.76863447236446,25.76863447236446,1776200787,1776200787,,,,,18.323967984700133,18.323967984700133,1776200787.0,1776200787.0
HYPE,2026-05-08,1778227200,1780041600,21.0,42.6958868971314,42.70809700494865,42.70809700494865,0.5848713837615287,0.0363,0.0,2.3882943523033275,2.3882943523033275,56.0,64.0,66.0,25.605322030461597,25.605322030461597,1776200787,1776200787,,,,,17.97076499140869,17.97076499140869,1776200787.0,1776200787.0
HYPE,2026-05-09,1778313600,1780646400,27.0,43.8391788436328,43.8251313535756,43.8251313535756,0.6010072215680857,0.0363,0.0,2.854730664892509,2.854730664892509,48.0,63.0,66.0,26.289459816122477,26.289459816122477,1776200787,1776200787,,,,,17.060924366767228,18.37609973207621,1778243063.0,1776200787.0
HYPE,2026-05-10,1778400000,1780646400,26.0,43.069970017499585,43.09576724303478,43.09576724303478,0.6069549065609413,0.0363,0.0,2.782061318107075,2.782061318107075,18.0,64.0,66.0,25.816184784964555,25.816184784964555,1776200787,1776200787,,,,,16.780647893797266,16.780647893797266,1778243063.0,1778243063.0
HYPE,2026-05-11,1778486400,1780646400,25.0,41.871459262793856,41.89419038242606,41.89419038242606,0.6132895154243938,0.0363,0.0,2.6797050996352803,2.6797050996352825,11.0,65.0,66.0,25.100144438044108,25.100144438044108,1776200787,1776200787,,,,,16.31719676326687,16.31719676326687,1778243063.0,1778243063.0
HYPE,2026-05-12,1778572800,1780646400,24.0,41.28198742789153,41.296338787768285,41.296338787768285,0.5884232116655327,0.0363,0.0,2.483469220175056,2.483469220175056,59.0,65.0,66.0,24.754841096858165,24.754841096858165,1776200787,1776200787,,,,,16.10966724128512,16.10966724128512,1778243063.0,1778243063.0
HYPE,2026-05-13,1778659200,1780646400,23.0,40.193872101642285,40.22143903379598,40.22143903379598,0.5957882066182936,0.0363,0.0,2.3975763980744143,2.397576398074412,61.0,65.0,66.0,24.08875632883167,24.08875632883167,1776200787,1776200787,,,,,15.693837125392676,15.693837125392676,1778243063.0,1778243063.0
HYPE,2026-05-14,1778745600,1780646400,22.0,39.00181839245024,39.075184985723254,39.075184985723254,0.598431927472392,0.0363,0.0,2.2882333604644987,2.2882333604644987,10.0,65.0,66.0,23.327724442197127,23.327724442197127,1776200787,1776200787,,,,,15.2524722937503,15.2524722937503,1778243063.0,1778243063.0
HYPE,2026-05-15,1778832000,1780646400,21.0,46.62550579464394,46.53885565294351,46.53885565294351,0.6367212702182965,0.0363,0.0,2.8328033017618215,2.832803301761819,38.0,65.0,66.0,27.888653335085937,27.888653335085937,1776200787,1776200787,,,,,18.153063217617692,18.153063217617692,1778243063.0,1778243063.0
HYPE,2026-05-16,1778918400,1781251200,27.0,41.97937110241738,42.0035371687094,42.0035371687094,0.7065305859951122,0.0363,0.0,3.215100547841258,3.215100547841258,10.0,64.0,66.0,25.16345659515841,25.16345659515841,1776200787,1776200787,,,,,16.275943037120644,16.275943037120644,1778891559.0,1778243063.0
HYPE,2026-05-17,1779004800,1781251200,26.0,42.802764317408624,42.81996226801784,42.81996226801784,0.7241432806926098,0.0363,0.0,3.2964430898995967,3.296443089899594,14.0,65.0,66.0,25.664460639835955,25.664460639835955,1776200787,1776200787,,,,,16.59009760367253,16.59009760367253,1778891559.0,1778891559.0
HYPE,2026-05-18,1779091200,1781251200,25.0,45.30675808725766,45.28614153410207,45.28614153410207,0.7408714596922131,0.0363,0.0,3.497533959449117,3.4975339594491146,15.0,64.0,66.0,27.163438299199,27.163438299199,1776200787,1776200787,,,,,17.54524839623494,17.54524839623494,1778891559.0,1778891559.0
HYPE,2026-05-19,1779177600,1781251200,24.0,47.906847611998465,47.743255454387715,47.743255454387715,0.7460688321070275,0.0363,0.0,3.638298209702592,3.6382982097025898,42.0,64.0,66.0,28.580516409588327,28.580516409588327,1776200787,1776200787,,,,,18.508377986587856,18.508377986587856,1778891559.0,1778891559.0
HYPE,2026-05-20,1779264000,1781251200,23.0,48.45652078844203,48.297076383952415,48.297076383952415,0.7576714703948829,0.0363,0.0,3.6591071888502698,3.6591071888502698,42.0,64.0,66.0,28.9144680685756,28.9144680685756,1776200787,1776200787,,,,,18.726967003500366,18.726967003500366,1778891559.0,1778891559.0
HYPE,2026-05-21,1779350400,1782460800,36.0,58.34741691766509,58.32200129098019,58.32200129098019,0.7296790936478998,0.0363616567871871,0.0,5.32022216108503,5.320222161085026,10.0,65.0,86.0,34.98303452391416,34.98303452391416,1776200787,1776200787,,,,,22.45733856507579,22.45733856507579,1778891559.0,1778891559.0
HYPE,2026-05-22,1779436800,1782460800,35.0,57.88389696895784,57.95218915882443,57.95218915882443,0.8582164667907543,0.0363567365656708,0.0,6.126152675743762,6.126152675743765,61.0,64.0,86.0,34.662045991508116,34.662045991508116,1779399511,1776200787,,,,,22.18121832718502,22.18121832718502,1778891559.0,1778891559.0
HYPE,2026-05-23,1779523200,1781856000,27.0,55.45966811416702,55.43725621803595,55.43725621803595,0.853038894517599,0.0363,0.0,5.119680970721772,5.119680970721772,13.0,64.0,66.0,33.25338897236914,33.25338897236914,1779399511,1779399511,,,,,21.34509365129136,21.34509365129136,1778891559.0,1778891559.0
HYPE,2026-05-24,1779609600,1782460800,33.0,61.89965131743683,61.94841831119386,61.94841831119386,0.8392749805675714,0.0363454619288807,0.0,6.220193949565512,6.220193949565512,38.0,64.0,66.0,37.09102379670506,37.09102379670506,1779399511,1779399511,,,,,16.344844298120655,23.765492770397017,1779595507.0,1778891559.0
HYPE,2026-05-25,1779696000,1782460800,32.0,63.4310299954368,63.50066967933672,63.50066967933672,0.8111531474250482,0.0363346482719897,0.0,6.069835819820082,6.069835819820086,12.0,65.0,66.0,37.98897831336215,37.98897831336215,1779399511,1779399511,,,,,16.463847643180763,16.463847643180763,1779595507.0,1779595507.0
HYPE,2026-05-26,1779782400,1782460800,31.0,59.77418288485821,59.80094371808518,59.80094371808518,0.8289864962805251,0.0363346482719897,0.0,5.74969521775367,5.74969521775367,52.0,65.0,66.0,35.83774889768796,35.83774889768796,1779399511,1779399511,,,,,15.568041204355811,15.568041204355811,1779595507.0,1779595507.0
HYPE,2026-05-27,1779868800,1782460800,30.0,62.17044700224604,62.20176034821484,62.20176034821484,0.8175099107963595,0.0363346497867394,0.0,5.80265660230812,5.802656602308123,55.0,63.0,66.0,37.270954855378825,37.270954855378825,1779399511,1779399511,,,,,16.041791044361396,16.041791044361396,1779595507.0,1779595507.0
HYPE,2026-05-28,1779955200,1782460800,29.0,58.01798486820519,58.1244115915827,58.1244115915827,0.83473190997856,0.0363346497867394,0.0,5.443363816839731,5.443363816839734,47.0,63.0,86.0,34.70436419754561,34.70436419754561,1779399511,1779399511,,,,,15.076473393998318,15.076473393998318,1779595507.0,1779595507.0
HYPE,2026-05-29,1780041600,1782460800,28.0,62.76321149688155,62.79956767508165,62.79956767508165,0.843361121851823,0.0363025402197649,0.0,5.8388381952635795,5.838838195263583,13.0,65.0,66.0,37.62157071992884,37.62157071992884,1779399511,1779399511,,,,,16.32205007573946,16.32205007573946,1779595507.0,1779595507.0
HYPE,2026-05-30,1780128000,1782460800,27.0,66.03866901593804,66.07442453650333,66.07442453650333,0.7425181428984183,0.0363,0.0,5.314329442128134,5.31432944212813,10.0,64.0,66.0,39.587445888997536,39.587445888997536,1779399511,1779399511,,,,,16.487835356849384,16.487835356849384,1779595507.0,1779595507.0
HYPE,2026-05-31,1780214400,1782460800,26.0,69.28702297065956,69.2535990647929,69.2535990647929,0.8165974829870274,0.0363,0.0,6.009548245278092,6.009548245278092,42.0,64.0,66.0,41.538789876529066,41.538789876529066,1779399511,1779399511,,,,,17.736612127153006,17.736612127153006,1779595507.0,1779595507.0
HYPE,2026-06-01,1780300800,1782460800,25.0,72.25161464925874,72.43014003248453,72.43014003248453,0.7255710571386894,0.0363,0.0,5.478741449700609,5.478741449700609,35.0,65.0,66.0,43.17244340632945,43.17244340632945,1779399511,1779399511,,,,,18.107817223716257,18.107817223716257,1779595507.0,1779595507.0
HYPE,2026-06-02,1780387200,1782460800,24.0,72.07410746870582,72.21935234067479,72.21935234067479,0.7676213214781216,0.0363,0.0,5.661991547525231,5.661991547525231,32.0,64.0,86.0,43.09921960925452,43.09921960925452,1779399511,1779399511,,,,,18.10342885960365,18.10342885960365,1779595507.0,1779595507.0
HYPE,2026-06-03,1780473600,1782460800,23.0,73.0372642645968,73.07409178119059,73.07409178119059,0.769131741634593,0.0363,0.0,5.6197576722341465,5.619757672234142,30.0,64.0,66.0,43.78553104216429,43.78553104216429,1779399511,1779399511,,,,,18.311975245909608,18.311975245909608,1779595507.0,1779595507.0
HYPE,2026-06-04,1780560000,1782460800,22.0,67.81050458055995,67.9681443893517,67.9681443893517,0.7797951843544748,0.0363,0.0,5.1832017252330145,5.183201725233011,54.0,64.0,66.0,40.52866293954422,40.52866293954422,1779399511,1779399511,,,,,17.07573908278689,17.07573908278689,1779595507.0,1779595507.0
HYPE,2026-06-05,1780646400,1782460800,21.0,62.55651065561795,62.44616803167332,62.44616803167332,0.8511517876563892,0.0363,0.0,5.077294642020705,5.077294642020702,46.0,64.0,66.0,37.42356376942613,37.42356376942613,1779399511,1779399511,,,,,16.075160155274368,16.075160155274368,1779595507.0,1779595507.0
HYPE,2026-06-06,1780732800,1783065600,27.0,59.89190629456852,59.942098026596895,59.942098026596895,0.836188201009374,0.0363,0.0,5.426831637699483,5.426831637699483,57.0,64.0,66.0,35.88495204471274,35.88495204471274,1779399511,1779399511,,,,,15.50219716686854,15.50219716686854,1779595507.0,1779595507.0
HYPE,2026-06-07,1780819200,1783065600,26.0,59.88573808887621,59.86681193027261,59.86681193027261,0.8317503111660599,0.0363,0.0,5.291007785231513,5.291007785231517,36.0,64.0,66.0,35.91251669472213,35.91251669472213,1779399511,1779399511,,,,,15.427785571841438,15.427785571841438,1779595507.0,1779595507.0
HYPE,2026-06-08,1780905600,1783065600,25.0,63.024428818990685,63.1776966364419,63.1776966364419,0.8359131890444403,0.0363,0.0,5.502920580272329,5.502920580272326,29.0,64.0,86.0,37.6613894739432,37.6613894739432,1779399511,1779399511,,,,,16.276680113904376,16.276680113904376,1779595507.0,1779595507.0
HYPE,2026-06-09,1780992000,1783065600,24.0,62.09991815865323,61.8933476815929,61.8933476815929,0.9669836017785672,0.0363,0.0,6.106901297133999,6.106901297134002,49.0,64.0,66.0,37.0533804181316,37.0533804181316,1779399511,1779399511,,,,,16.829581900894993,16.829581900894993,1779595507.0,1779595507.0
HYPE,2026-06-10,1781078400,1783065600,23.0,55.55784913381206,55.45976542810466,55.45976542810466,0.970860968703854,0.0363,0.0,5.37884337908574,5.37884337908574,43.0,64.0,66.0,33.236625774579835,33.236625774579835,1779399511,1779399511,,,,,15.05948429633922,15.05948429633922,1779595507.0,1779595507.0
HYPE,2026-06-11,1781164800,1783065600,22.0,55.544981790836275,55.43306257174978,55.43306257174978,0.9654882604194636,0.0363,0.0,5.229679654146928,5.229679654146928,40.0,64.0,86.0,33.215069855415265,33.215069855415265,1779399511,1779399511,,,,,14.973403197562533,14.973403197562533,1779595507.0,1779595507.0
HYPE,2026-06-12,1781251200,1783065600,21.0,56.97225609418084,57.04773751098273,57.04773751098273,0.9660232181177644,0.0363,0.0,5.261730117475129,5.261730117475129,31.0,64.0,86.0,34.107872239706616,34.107872239706616,1779399511,1779399511,,,,,15.363703634056924,15.363703634056924,1779595507.0,1779595507.0
HYPE,2026-06-13,1781337600,1783670400,27.0,58.71578451048344,58.85608952215461,58.85608952215461,0.922302373810625,0.0363,0.0,5.8745254318394435,5.8745254318394435,50.0,64.0,86.0,35.089165694618885,35.089165694618885,1779399511,1779399511,,,,,15.808751360802887,15.808751360802887,1779595507.0,1779595507.0
HYPE,2026-06-14,1781424000,1783670400,26.0,60.04552312528275,60.14149850388796,60.14149850388796,0.919730173222964,0.0363,0.0,5.874835494383597,5.874835494383601,29.0,63.0,86.0,35.93133849656444,35.93133849656444,1779399511,1779399511,,,,,16.095496589187483,16.095496589187483,1779595507.0,1779595507.0
HYPE,2026-06-15,1781510400,1783670400,25.0,65.13102966973135,65.14216916927,65.14216916927,0.8876122048580022,0.0363,0.0,6.023425031922654,6.023425031922654,48.0,62.0,86.0,39.067478302300145,39.067478302300145,1779399511,1779399511,,,,,17.15163042409813,17.15163042409813,1779595507.0,1779595507.0
HYPE,2026-06-16,1781596800,1783670400,24.0,72.8862169436409,72.91695527118549,72.91695527118549,0.8620547623791778,0.0363,0.0,6.417252590264516,6.417252590264516,12.0,62.0,66.0,43.70099183863995,43.70099183863995,1779399511,1779399511,,,,,18.954078055533568,18.954078055533568,1779595507.0,1779595507.0
HYPE,2026-06-17,1781683200,1783670400,23.0,73.25906654943793,73.2931001744619,73.2931001744619,0.8530280721778898,0.0363,0.0,6.24920648848057,6.249206488480573,27.0,62.0,66.0,43.9214063046388,43.9214063046388,1779399511,1779399511,,,,,18.94634224186411,18.94634224186411,1779595507.0,1779595507.0
HYPE,2026-06-18,1781769600,1783670400,22.0,71.43734322482351,71.51644526880534,71.51644526880534,0.883007616221152,0.0363,0.0,6.172990268896706,6.172990268896706,35.0,62.0,66.0,42.78330389091228,42.78330389091228,1779399511,1779399511,,,,,18.66902132383608,18.66902132383608,1779595507.0,1779595507.0
HYPE,2026-06-19,1781856000,1783670400,21.0,66.50419714877734,66.6204241878784,66.6204241878784,0.8842628409457421,0.0363,0.0,5.626633000058174,5.626633000058174,28.0,64.0,86.0,39.78629125016534,39.78629125016534,1779399511,1779399511,,,,,17.361480260776872,17.361480260776872,1779595507.0,1779595507.0
HYPE,2026-06-20,1781942400,1784275200,27.0,69.94878590601637,69.95791253769639,69.95791253769639,0.8271960977439996,0.0363,0.0,6.265787760737556,6.2657877607375525,50.0,63.0,66.0,41.9601449119298,41.9601449119298,1779399511,1779399511,,,,,18.024852825418517,18.024852825418517,1779595507.0,1779595507.0
HYPE,2026-06-21,1782028800,1784275200,26.0,68.54718093725513,68.57509174812934,68.57509174812934,0.8137971422390619,0.0363,0.0,5.930343840573077,5.930343840573073,22.0,63.0,66.0,41.10039775147888,41.10039775147888,1779399511,1779399511,,,,,17.541719170738777,17.541719170738777,1779595507.0,1779595507.0
HYPE,2026-06-22,1782115200,1784275200,25.0,67.25870075791121,67.30221606375699,67.30221606375699,0.8179690456279283,0.0363,0.0,5.736820195961533,5.7368201959615295,60.0,64.0,66.0,40.311705148900955,40.311705148900955,1779399511,1779399511,,,,,17.217314861587106,17.217314861587106,1779595507.0,1779595507.0
HYPE,2026-06-23,1782201600,1784275200,24.0,63.52487083951744,63.61386997364836,63.61386997364836,0.8360556306405021,0.0363,0.0,5.430317136871494,5.430317136871497,27.0,64.0,86.0,38.025923369579544,38.025923369579544,1779399511,1779399511,,,,,16.36267721522747,16.36267721522747,1779595507.0,1779595507.0
HYPE,2026-06-24,1782288000,1784275200,23.0,61.88414645888896,61.8879283217821,61.8879283217821,0.9053559935467504,0.0363,0.0,5.599110476525562,5.599110476525564,59.0,64.0,66.0,37.12670601244023,37.12670601244023,1779399511,1779399511,,,,,16.34123332928534,16.34123332928534,1779595507.0,1779595507.0
HYPE,2026-06-25,1782374400,1785484800,36.0,63.72586590630905,63.84148745234919,63.84148745234919,0.8870200260608447,0.0363846479680721,0.0,7.0721075167916565,7.07210751679166,26.0,65.0,66.0,38.11989799774529,38.11989799774529,1779399511,1779399511,,,,,17.485495862685063,17.485495862685063,1779595507.0,1779595507.0
HYPE,2026-06-26,1782460800,1785484800,35.0,64.91930572535315,64.8786996387204,64.8786996387204,0.8831864641191932,0.0363542527694025,0.0,7.056679601147737,7.056679601147733,55.0,63.0,66.0,38.910977348579145,38.910977348579145,1779399511,1779399511,,,,,17.655734421883487,17.655734421883487,1779595507.0,1779595507.0
HYPE,2026-06-27,1782547200,1784880000,27.0,63.523416459864414,63.56953110915762,63.56953110915762,0.9159233443243786,0.0363,0.0,6.30132468805419,6.30132468805419,42.0,63.0,66.0,38.06793522662544,38.06793522662544,1779399511,1779399511,,,,,17.02754014484728,17.02754014484728,1779595507.0,1779595507.0
HYPE,2026-06-28,1782633600,1785484800,33.0,62.54887459265488,62.57907846127549,62.57907846127549,0.9176095980964728,0.0363493326298106,0.0,6.866444322265791,6.866444322265795,60.0,62.0,66.0,37.49912088697232,37.49912088697232,1779399511,1779399511,,,,,17.161502871651543,17.161502871651543,1779595507.0,1779595507.0
HYPE,2026-06-29,1782720000,1785484800,32.0,62.53238263057799,62.5655619290159,62.5655619290159,0.9161053742772688,0.0363346513629696,0.0,6.749779671234213,6.749779671234217,18.0,63.0,86.0,37.48625027990889,37.48625027990889,1779399511,1779399511,,,,,17.058678746801917,17.058678746801917,1779595507.0,1779595507.0
HYPE,2026-06-30,1782806400,1785484800,31.0,65.59603191628453,65.63798884134523,65.63798884134523,0.8968929704172894,0.0363252187084222,0.0,6.825044312713643,6.825044312713643,17.0,64.0,66.0,39.31566222471002,39.31566222471002,1779399511,1779399511,,,,,17.641277839972005,17.641277839972005,1779595507.0,1779595507.0
HYPE,2026-07-01,1782892800,1785484800,30.0,64.4233575115249,64.53445586088019,64.53445586088019,0.8959899702415146,0.0363181012566864,0.0,6.595175619364168,6.595175619364165,35.0,62.0,66.0,38.54291615755965,38.54291615755965,1779399511,1779399511,,,,,17.25000897149443,17.25000897149443,1779595507.0,1779595507.0
HYPE,2026-07-02,1782979200,1785484800,29.0,63.084884044990375,63.18768466077654,63.18768466077654,0.883807706283485,0.0363098213859038,0.0,6.263700497602291,6.263700497602291,55.0,63.0,66.0,37.74812981120805,37.74812981120805,1779399511,1779399511,,,,,16.756718998932485,16.756718998932485,1779595507.0,1779595507.0
HYPE,2026-07-03,1783065600,1785484800,28.0,67.26975289391628,67.42330857348513,67.42330857348513,0.8627026313599838,0.0363098213859038,0.0,6.411825166237817,6.411825166237813,14.0,65.0,66.0,40.20829605678091,40.20829605678091,1779399511,1779399511,,,,,17.67143126376478,17.67143126376478,1779595507.0,1779595507.0
HYPE,2026-07-04,1783152000,1785484800,27.0,71.45085422322828,71.53075758886315,71.53075758886315,0.9130579164260136,0.0363,0.0,7.0684122952359365,7.068412295235932,53.0,66.0,66.0,42.79060916830209,42.79060916830209,1779399511,1779399511,,,,,19.134623671109416,19.134623671109416,1779595507.0,1779595507.0
HYPE,2026-07-05,1783238400,1785484800,26.0,68.64026457164087,68.70531646728166,68.70531646728166,0.9224068397767904,0.0363,0.0,6.7308133398726415,6.730813339872637,27.0,66.0,66.0,41.11910684734373,41.11910684734373,1779399511,1779399511,,,,,18.41027983226356,18.41027983226356,1779595507.0,1779595507.0
HYPE,2026-07-06,1783324800,1785484800,25.0,70.78396402114872,70.85315898267437,70.85315898267437,0.9389194329640558,0.0363,0.0,6.928347200550807,6.928347200550807,10.0,65.0,66.0,42.401183451163575,42.401183451163575,1779399511,1779399511,,,,,19.075770368105943,19.075770368105943,1779595507.0,1779595507.0
HYPE,2026-07-07,1783411200,1785484800,24.0,70.52225342098734,70.60760628123688,70.60760628123688,0.8768243753749108,0.0363,0.0,6.320033026761917,6.320033026761917,36.0,66.0,66.0,42.22799919234286,42.22799919234286,1779399511,1779399511,,,,,18.464436430569947,18.464436430569947,1779595507.0,1779595507.0
HYPE,2026-07-08,1783497600,1785484800,23.0,68.27191043677159,68.29526996418885,68.29526996418885,0.8662873392808976,0.0363,0.0,5.913234452171505,5.913234452171509,24.0,66.0,66.0,40.93978673464569,40.93978673464569,1779399511,1779399511,,,,,17.74768241945888,17.74768241945888,1779595507.0,1779595507.0
HYPE,2026-07-09,1783584000,1785484800,22.0,67.91667570666203,67.96214922926805,67.96214922926805,0.795621146887717,0.0363,0.0,5.287597782116236,5.287597782116236,62.0,66.0,66.0,40.7045319013912,40.7045319013912,1779399511,1779399511,,,,,17.169787226467804,17.169787226467804,1779595507.0,1779595507.0
HYPE,2026-07-10,1783670400,1785484800,21.0,68.25677189589837,68.28044664540943,68.28044664540943,0.7512267790512583,0.0363,0.0,4.9017760706207625,4.9017760706207625,10.0,65.0,66.0,40.93038838802796,40.93038838802796,1779399511,1779399511,,,,,17.10322341840189,17.10322341840189,1779595507.0,1779595507.0
HYPE,2026-07-11,1783756800,1786089600,27.0,66.39668168514257,66.4647820743496,66.4647820743496,0.6709782822249546,0.0363,0.0,4.832181680828949,4.832181680828949,21.0,66.0,86.0,39.76990862187851,39.76990862187851,1779399511,1779399511,,,,,16.6360308449863,16.6360308449863,1779595507.0,1779595507.0
HYPE,2026-07-12,1783843200,1786089600,26.0,66.90343404322792,66.97078044222023,66.97078044222023,0.6931014594552186,0.0363,0.0,4.9353006108735835,4.93530061087358,39.0,66.0,66.0,40.074714026944434,40.074714026944434,1779399511,1779399511,,,,,16.756996456954212,16.756996456954212,1779595507.0,1779595507.0
HYPE,2026-07-13,1783929600,1786089600,25.0,65.42716811825792,65.49378286862175,65.49378286862175,0.6618837703532137,0.0363,0.0,4.520357024719048,4.520357024719048,11.0,66.0,66.0,39.18968612059093,39.18968612059093,1779399511,1779399511,,,,,16.41886824591711,16.41886824591711,1779595507.0,1779595507.0
HYPE,2026-07-14,1784016000,1786089600,24.0,63.430368511036775,63.55258730568393,63.55258730568393,0.6358082396308581,0.0363,0.0,4.129028272934598,4.129028272934598,32.0,65.0,66.0,37.93600231197491,37.93600231197491,1779399511,1779399511,,,,,15.95752757222838,15.95752757222838,1779595507.0,1779595507.0
HYPE,2026-07-15,1784102400,1786089600,23.0,66.8006492374636,66.87078354623964,66.87078354623964,0.6537718713946135,0.0363,0.0,4.373237278587595,4.373237278587599,16.0,65.0,66.0,40.010255233702125,40.010255233702125,1779399511,1779399511,,,,,16.789844516676826,16.789844516676826,1779595507.0,1779595507.0
HYPE,2026-07-16,1784188800,1786089600,22.0,66.47076710940907,66.51213441711012,66.51213441711012,0.6608004664301542,0.0363,0.0,4.3000167684929,4.300016768492896,61.0,65.0,106.0,39.84109295794439,39.84109295794439,1779399511,1779399511,,,,,16.706122231465272,16.706122231465272,1779595507.0,1779595507.0
HYPE,2026-07-17,1784275200,1786089600,21.0,58.58015251047894,58.71999890725812,58.71999890725812,0.6539671669852383,0.0363,0.0,3.670880013922898,3.670880013922898,27.0,65.0,86.0,35.00824510950818,35.00824510950818,1779399511,1779399511,,,,,14.76000501309501,14.76000501309501,1779595507.0,1779595507.0
HYPE,2026-07-18,1784361600,1786694400,27.0,59.3565928514033,59.38304697306049,59.38304697306049,0.6380128676969128,0.0363,0.0,4.105753030416264,4.105753030416268,34.0,65.0,86.0,35.58750158918478,35.58750158918478,1779399511,1779399511,,,,,14.88535943672466,14.88535943672466,1779595507.0,1779595507.0
HYPE,2026-07-19,1784448000,1786694400,26.0,60.704029858503766,60.720049992761496,60.720049992761496,0.6489351344515647,0.0363,0.0,4.1902618914855285,4.1902618914855285,36.0,66.0,86.0,36.40639778084453,36.40639778084453,1779399511,1779399511,,,,,15.222308436416078,15.222308436416078,1779595507.0,1779595507.0
HYPE,2026-07-20,1784534400,1786694400,25.0,60.65853155154808,60.69336067415749,60.69336067415749,0.6517933242447342,0.0363,0.0,4.125327543192549,4.125327543192546,36.0,65.0,66.0,36.36028980831944,36.36028980831944,1779399511,1779399511,,,,,15.222327459050923,15.222327459050923,1779595507.0,1779595507.0
HYPE,2026-07-21,1784620800,1786694400,24.0,62.93374435953493,62.97057836138986,62.97057836138986,0.6732241374210978,0.0363,0.0,4.331393169224537,4.331393169224537,39.0,66.0,66.0,37.72341261386602,37.72341261386602,1779399511,1779399511,,,,,15.78915797826038,15.78915797826038,1779595507.0,1779595507.0
HYPE,2026-07-22,1784707200,1786694400,23.0,58.54018298751979,58.59488034398365,58.59488034398365,0.6588319068156109,0.0363,0.0,3.86159858903118,3.86159858903118,15.0,65.0,66.0,35.06941243604802,35.06941243604802,1779399511,1779399511,,,,,14.709133598616429,14.709133598616429,1779595507.0,1779595507.0
HYPE,2026-07-23,1784793600,1787904000,36.0,58.6056231391937,58.64025526065508,58.64025526065508,0.6985271772021114,0.0363846495922505,0.0,5.1218149093408325,5.1218149093408325,40.0,66.0,86.0,35.128741762054844,35.128741762054844,1779399511,1779399511,,,,,14.649145005425089,14.649145005425089,1779595507.0,1779595507.0
HYPE,2026-07-24,1784880000,1787904000,35.0,58.620859879353745,58.63060473104104,58.63060473104104,0.7260980753374662,0.0363846495922505,0.0,5.248113982574328,5.248113982574325,18.0,65.0,66.0,35.16277107592495,35.16277107592495,1779399511,1779399511,,,,,14.782968654305034,14.782968654305034,1779595507.0,1779595507.0
HYPE,2026-07-25,1784966400,1787299200,27.0,57.13168616397716,57.150781971032025,57.150781971032025,0.7196698177931714,0.0363,0.0,4.455619967011502,4.455619967011502,25.0,65.0,66.0,34.25991589133143,34.25991589133143,1779399511,1779399511,,,,,14.27543654839275,14.27543654839275,1779595507.0,1779595507.0
HYPE,2026-07-26,1785052800,1787904000,33.0,58.5854656975267,58.57431772559478,58.57431772559478,0.7000851671937872,0.0363846495922505,0.0,4.909954361566983,4.909954361566983,15.0,65.0,66.0,35.14013144658411,35.14013144658411,1779399511,1779399511,,,,,14.591607495376971,14.591607495376971,1779595507.0,1779595507.0
HYPE,2026-07-27,1785139200,1787904000,32.0,59.964516683257685,59.9692944910909,59.9692944910909,0.6854804342089214,0.0363346749750263,0.0,4.847498508185325,4.847498508185321,41.0,65.0,66.0,35.97393220212139,35.97393220212139,1779399511,1779399511,,,,,14.957919374595502,14.957919374595502,1779595507.0,1779595507.0
HYPE,2026-07-28,1785225600,1787904000,31.0,55.29428292532295,55.31734332103882,55.31734332103882,0.6802446504653453,0.0363346749750263,0.0,4.3677746945428355,4.3677746945428355,36.0,65.0,106.0,33.1535093594779,33.1535093594779,1779399511,1779399511,,,,,13.8085361853116,13.8085361853116,1779595507.0,1779595507.0
HYPE,2026-07-29,1785312000,1787904000,30.0,55.413791155442226,55.4138255971989,55.4138255971989,0.6736183013639506,0.036316824982052,0.0,4.262670933670412,4.262670933670412,15.0,65.0,66.0,33.24824025150866,33.24824025150866,1779399511,1779399511,,,,,13.84527428170735,13.84527428170735,1779595507.0,1779595507.0
HYPE,2026-07-30,1785398400,1787904000,29.0,53.64661209140618,53.86635234436584,53.86635234436584,0.677514848912968,0.0363129979743358,0.0,4.097693414294828,4.097693414294826,30.0,65.0,86.0,31.968227001884053,31.968227001884053,1779399511,1779399511,,,,,13.45964398201351,13.45964398201351,1779595507.0,1779595507.0
HYPE,2026-07-31,1785484800,1787904000,28.0,54.467185639715616,54.83963815420993,54.83963815420993,0.6650856923517406,0.0363129979743358,0.0,4.024400059098192,4.0244000590981885,18.0,65.0,66.0,32.30785886933505,32.30785886933505,1779399511,1779399511,,,,,13.71543675129226,13.71543675129226,1779595507.0,1779595507.0
HYPE,2026-08-01,1785571200,1787904000,27.0,51.84815441642873,51.86903264851815,51.86903264851815,0.6441283228693703,0.0363,0.0,3.620520125731643,3.6205201257316455,16.0,65.0,86.0,31.08801441776781,31.08801441776781,1779399511,1779399511,,,,,12.998456138077303,12.998456138077303,1779595507.0,1779595507.0
HYPE,2026-08-02,1785657600,1787904000,26.0,51.90201099906032,51.98685481353743,51.98685481353743,0.6345850220976527,0.0363,0.0,3.5084463348400465,3.508446334840049,21.0,65.0,66.0,31.056362784959084,31.056362784959084,1779399511,1779399511,,,,,13.039414754419496,13.039414754419496,1779595507.0,1779595507.0
HYPE,2026-08-03,1785744000,1787904000,25.0,52.3236344450632,52.377683939700496,52.377683939700496,0.6168017284870285,0.0363,0.0,3.3694125040177125,3.3694125040177125,33.0,65.0,86.0,31.340131172400618,31.340131172400618,1779399511,1779399511,,,,,13.155242686927108,13.155242686927108,1779595507.0,1779595507.0
HYPE,2026-08-04,1785830400,1787904000,24.0,54.75500966453209,54.927614284600686,54.927614284600686,0.6067066006339815,0.0363,0.0,3.4056570532855623,3.4056570532855623,27.0,65.0,66.0,32.680401178650655,32.680401178650655,1779399511,1779399511,,,,,13.806761146289643,13.806761146289643,1779595507.0,1779595507.0
HYPE,2026-08-05,1785916800,1787904000,23.0,57.020363671863215,57.009353949843785,57.009353949843785,0.6156740018472964,0.0363,0.0,3.5114980636081077,3.511498063608104,39.0,65.0,66.0,34.2012084810985,34.2012084810985,1779399511,1779399511,,,,,14.336813479692877,14.336813479692877,1779595507.0,1779595507.0
HYPE,2026-08-06,1786003200,1787904000,22.0,55.99810469196926,56.037369443702545,56.037369443702545,0.5870622961897776,0.0363,0.0,3.219297660657218,3.219297660657215,59.0,65.0,86.0,33.55959806344827,33.55959806344827,1779399511,1779399511,,,,,14.11507582650832,14.11507582650832,1779595507.0,1779595507.0
HYPE,2026-08-07,1786089600,1787904000,21.0,55.58971085111687,55.67216849390989,55.67216849390989,0.5816152082224055,0.0363,0.0,3.0959582966841066,3.0959582966841066,22.0,65.0,66.0,33.271368867877094,33.271368867877094,1779399511,1779399511,,,,,14.032957170534694,14.032957170534694,1779595507.0,1779595507.0
HYPE,2026-08-08,1786176000,1788508800,27.0,54.39183360882207,54.45594082100997,54.45594082100997,0.5877839577144642,0.0363,0.0,3.469335031683503,3.4693350316835,16.0,66.0,66.0,32.570992953105346,32.570992953105346,1779399511,1779399511,,,,,13.679120040973896,13.679120040973896,1779595507.0,1779595507.0
HYPE,2026-08-09,1786262400,1788508800,26.0,54.76344689385803,54.82875623044634,54.82875623044634,0.5822494460483418,0.0363,0.0,3.3957129541272293,3.3957129541272324,33.0,65.0,66.0,32.79275879972651,32.79275879972651,1779399511,1779399511,,,,,13.783148009366476,13.783148009366476,1779595507.0,1779595507.0
HYPE,2026-08-10,1786348800,1788508800,25.0,54.74318403132592,54.80032615903541,54.80032615903541,0.5945512134891735,0.0363,0.0,3.398349974985486,3.398349974985486,39.0,65.0,86.0,32.78876829108607,32.78876829108607,1779399511,1779399511,,,,,13.776366366285965,13.776366366285965,1779595507.0,1779595507.0
HYPE,2026-08-11,1786435200,1788508800,24.0,55.02626334024726,55.05286134802488,55.05286134802488,0.5909125646355787,0.0363,0.0,3.324735233247027,3.324735233247027,13.0,65.0,86.0,32.989159996370745,32.989159996370745,1779399511,1779399511,,,,,13.85000323266802,13.85000323266802,1779595507.0,1779595507.0
HYPE,2026-08-12,1786521600,1788508800,23.0,55.099972405155384,55.15799188663055,55.15799188663055,0.5802636517786952,0.0363,0.0,3.202414657318001,3.2024146573180037,36.0,65.0,66.0,33.00196396161807,33.00196396161807,1779399511,1779399511,,,,,13.889242576035564,13.889242576035564,1779595507.0,1779595507.0
HYPE,2026-08-13,1786608000,1788508800,22.0,57.29649288399752,57.38888077024944,57.38888077024944,0.5756837418862494,0.0363,0.0,3.233146211800834,3.233146211800834,57.0,66.0,66.0,34.28550784414658,34.28550784414658,1779399511,1779399511,,,,,14.460788858291432,14.460788858291432,1786589439.0,1779595507.0
HYPE,2026-08-14,1786694400,1788508800,21.0,56.422184996809776,56.504770804028475,56.504770804028475,0.5890346010930156,0.0363,0.0,3.1822778644277423,3.182277864427739,11.0,65.0,66.0,33.77072519086717,33.77072519086717,1779399511,1779399511,,,,,14.238886086934723,14.238886086934723,1786589439.0,1786589439.0
HYPE,2026-08-15,1786780800,1789113600,27.0,56.43857780882723,56.53014464682599,56.53014464682599,0.5826568168380252,0.0363,0.0,3.5701314073726595,3.5701314073726564,21.0,65.0,66.0,33.77157984729759,33.77157984729759,1779399511,1779399511,,,,,14.20279116353036,14.20279116353036,1786589439.0,1786589439.0
HYPE,2026-08-16,1786867200,1789113600,26.0,57.44014901034865,57.50313266411294,57.50313266411294,0.5681201491918805,0.0363,0.0,3.475090549654907,3.4750905496549103,16.0,66.0,66.0,34.401105752444906,34.401105752444906,1779399511,1779399511,,,,,14.464179355994458,14.464179355994458,1786589439.0,1786589439.0
HYPE,2026-08-17,1786953600,1789113600,25.0,59.53341722680116,59.65754993611996,59.65754993611996,0.5614213253040234,0.0363,0.0,3.493795151518861,3.493795151518861,22.0,65.0,86.0,35.595917626761896,35.595917626761896,1779399511,1779399511,,,,,15.016724794128546,15.016724794128546,1786589439.0,1786589439.0
HYPE,2026-08-18,1787040000,1789113600,24.0,59.61410354271523,59.69161623346972,59.69161623346972,0.5478440917189795,0.0364,0.0,3.342585920946023,3.34258592094602,11.0,66.0,66.0,35.69094943487464,35.69094943487464,1779399511,1779399511,,,,,15.042108831991335,15.042108831991335,1786589439.0,1786589439.0
HYPE,2026-08-19,1787126400,1789113600,23.0,58.14695425239431,58.29569587284428,58.29569587284428,0.552854595205874,0.0364,0.0,3.224976514094145,3.2249765140941413,18.0,65.0,66.0,34.739430930986614,34.739430930986614,1779399511,1779399511,,,,,14.693419578960036,14.693419578960036,1786589439.0,1786589439.0
HYPE,2026-08-20,1787212800,1790323200,36.0,71.98815095752211,72.34510323381066,72.34510323381066,0.6835404999154181,0.0364,0.0,6.183794119217669,6.183794119217669,15.0,66.0,66.0,42.83593829822471,42.83593829822471,1779399511,1779399511,,,,,17.999036266600243,17.999036266600243,1786589439.0,1786589439.0
HYPE,2026-08-21,1787299200,1790323200,35.0,73.74195259853538,74.159997723473,74.159997723473,0.7201638342956295,0.0364,0.0,6.584146456150934,6.584146456150934,50.0,66.0,86.0,43.8271264341836,43.8271264341836,1787263765,1779399511,,,,,15.212189330966307,18.64111723082922,1787263765.0,1786589439.0
HYPE,2026-08-22,1787385600,1789718400,27.0,78.84364024710914,79.39201694575112,79.39201694575112,0.7719592456892483,0.0364,0.0,6.637730606784728,6.637730606784728,26.0,65.0,66.0,46.75780744962349,46.75780744962349,1787263765,1787263765,,,,,16.353801835789938,16.353801835789938,1787263765.0,1787263765.0
HYPE,2026-08-23,1787472000,1790323200,33.0,78.63303749045451,79.39437190864481,79.39437190864481,0.7828084215477614,0.0364,0.0,7.438137245511632,7.438137245511627,61.0,65.0,86.0,46.4184880760824,46.4184880760824,1787263765,1787263765,,,,,16.56864920665232,16.56864920665232,1787263765.0,1787263765.0
HYPE,2026-08-24,1787558400,1790323200,32.0,79.47436281886102,79.82572421632399,79.82572421632399,0.7471822550839151,0.0364,0.0,7.031096659759561,7.031096659759557,29.0,65.0,86.0,47.33325629385365,47.33325629385365,1787263765,1787263765,,,,,16.412741143739506,16.412741143739506,1787263765.0,1787263765.0
HYPE,2026-08-25,1787644800,1790323200,31.0,81.08159743376756,81.63002195995404,81.63002195995404,0.7431525880706944,0.0364,0.0,7.039215586949383,7.039215586949378,31.0,65.0,66.0,48.10053393407405,48.10053393407405,1787263765,1787263765,,,,,16.721321447204964,16.721321447204964,1787263765.0,1787263765.0
HYPE,2026-08-26,1787731200,1790323200,30.0,81.90948545556813,82.22488650337245,82.22488650337245,0.7118638413010148,0.0364,0.0,6.682997612442433,6.6829976124424375,17.0,65.0,86.0,48.830290225536565,48.830290225536565,1787263765,1787263765,,,,,16.65950640653587,16.65950640653587,1787263765.0,1787263765.0
HYPE,2026-08-27,1787817600,1790323200,29.0,81.76222117812762,81.98514636880036,81.98514636880036,0.7509436132354176,0.0364,0.0,6.910269434910222,6.910269434910222,22.0,65.0,66.0,48.83440751620383,48.83440751620383,1787263765,1787263765,,,,,16.79535358650712,16.79535358650712,1787263765.0,1787263765.0
HYPE,2026-08-28,1787904000,1790323200,28.0,84.04991139208204,84.50969345763835,84.50969345763835,0.7288273251586982,0.0364,0.0,6.794178451572067,6.794178451572062,20.0,65.0,66.0,49.97016476969291,49.97016476969291,1787263765,1787263765,,,,,17.202540402704557,17.202540402704557,1787263765.0,1787263765.0
HYPE,2026-08-29,1787990400,1790323200,27.0,81.40297008528886,81.64811734302002,81.64811734302002,0.707083262951881,0.0364,0.0,6.254511792262567,6.254511792262562,23.0,65.0,66.0,48.59663479344215,48.59663479344215,1787263765,1787263765,,,,,16.53833169424629,16.53833169424629,1787263765.0,1787263765.0
HYPE,2026-08-30,1788076800,1790323200,26.0,82.87073071320656,83.17375100409807,83.17375100409807,0.7046642976812904,0.0364,0.0,6.231307522743236,6.231307522743232,22.0,65.0,86.0,49.41941813703242,49.41941813703242,1787263765,1787263765,,,,,16.84715786980856,16.84715786980856,1787263765.0,1787263765.0
HYPE,2026-08-31,1788163200,1790323200,25.0,81.15116603459467,81.45827024625338,81.45827024625338,0.6903813266646988,0.0364,0.0,5.863641858708017,5.863641858708017,12.0,65.0,86.0,48.383595409098085,48.383595409098085,1787263765,1787263765,,,,,16.46596010479248,16.46596010479248,1787263765.0,1787263765.0
HYPE,2026-09-01,1788249600,1790323200,24.0,83.43698053261355,83.67875815251755,83.67875815251755,0.6768727955361792,0.0364,0.0,5.786909320314324,5.78690932031432,25.0,65.0,66.0,49.82041069966413,49.82041069966413,1787263765,1787263765,,,,,16.896142612761285,16.896142612761285,1787263765.0,1787263765.0
HYPE,2026-09-02,1788336000,1790323200,23.0,82.32605408591125,82.60836212414642,82.60836212414642,0.6598691356780596,0.0364,0.0,5.452718787635051,5.452718787635051,14.0,66.0,66.0,49.11332441331159,49.11332441331159,1787263765,1787263765,,,,,16.66658004102269,16.66658004102269,1787263765.0,1787263765.0
HYPE,2026-09-03,1788422400,1790323200,22.0,82.04406556004355,82.21406180877932,82.21406180877932,0.6556786822538253,0.0364,0.0,5.274040256107232,5.274040256107227,20.0,66.0,86.0,49.05644308729036,49.05644308729036,1787263765,1787263765,,,,,16.611180986721212,16.611180986721212,1787263765.0,1787263765.0
HYPE,2026-09-04,1788508800,1790323200,21.0,86.29128430845763,86.59210899328468,86.59210899328468,0.6620284630962097,0.0364,0.0,5.479893891794493,5.479893891794493,15.0,66.0,66.0,51.47394590024753,51.47394590024753,1787263765,1787263765,,,,,17.54011488498606,17.54011488498606,1787263765.0,1787263765.0
HYPE,2026-09-05,1788595200,1790928000,27.0,84.56999356497002,84.9175627423356,84.9175627423356,0.6545111118308522,0.0364,0.0,6.0226404473908515,6.0226404473908515,20.0,66.0,66.0,50.394426961616425,50.394426961616425,1787263765,1787263765,,,,,17.02415131647397,17.02415131647397,1788562297.0,1787263765.0
HYPE,2026-09-06,1788681600,1790928000,26.0,86.60841511372558,86.88724780505505,86.88724780505505,0.6488805395433441,0.0364,0.0,5.995544631209335,5.995544631209335,18.0,66.0,106.0,51.686216376905875,51.686216376905875,1787263765,1787263765,,,,,17.426595790229378,17.426595790229378,1788562297.0,1788562297.0
HYPE,2026-09-07,1788768000,1790928000,25.0,86.3465906443199,86.6291378418662,86.6291378418662,0.6576666939701097,0.0364,0.0,5.9411109169855845,5.941110916985589,19.0,65.0,66.0,51.52540718904565,51.52540718904565,1787263765,1787263765,,,,,17.41961557695166,17.41961557695166,1788562297.0,1788562297.0
HYPE,2026-09-08,1788854400,1790928000,24.0,84.10239055092335,84.32907827462512,84.32907827462512,0.6483308196485685,0.0364,0.0,5.586545923808013,5.586545923808018,18.0,66.0,66.0,50.23474660685223,50.23474660685223,1787263765,1787263765,,,,,16.963619063690366,16.963619063690366,1788562297.0,1788562297.0
HYPE,2026-09-09,1788940800,1790928000,23.0,86.89242072402203,87.19743508995398,87.19743508995398,0.6347058445699237,0.0364,0.0,5.536618427772103,5.536618427772103,22.0,65.0,66.0,51.83043806848126,51.83043806848126,1787263765,1787263765,,,,,17.550034467178353,17.550034467178353,1788562297.0,1788562297.0
HYPE,2026-09-10,1789027200,1790928000,22.0,83.31224463754182,83.64510562347282,83.64510562347282,0.6406944334812431,0.0364,0.0,5.243471659254751,5.243471659254746,16.0,65.0,66.0,49.6544857965941,49.6544857965941,1787263765,1787263765,,,,,16.877743959969063,16.877743959969063,1788562297.0,1788562297.0
HYPE,2026-09-11,1789113600,1790928000,21.0,79.89047918353324,80.20966558346407,80.20966558346407,0.6353133301619407,0.0364,0.0,4.8715582323192095,4.871558232319214,16.0,66.0,66.0,47.61510111018912,47.61510111018912,1787263765,1787263765,,,,,16.217044847742446,16.217044847742446,1788562297.0,1788562297.0
HYPE,2026-09-12,1789200000,1791532800,27.0,79.06462107090633,79.42609319467668,79.42609319467668,0.625800885458501,0.0364,0.0,5.386676813028381,5.3866768130283855,18.0,65.0,66.0,47.07730051877344,47.07730051877344,1787263765,1787263765,,,,,15.85969180880377,15.85969180880377,1788562297.0,1788562297.0
HYPE,2026-09-13,1789286400,1791532800,26.0,78.52722858505074,78.87000431963247,78.87000431963247,0.6342053102184569,0.0364,0.0,5.3195370261661346,5.3195370261661346,15.0,66.0,66.0,46.77356141644871,46.77356141644871,1787263765,1787263765,,,,,15.788064243449508,15.788064243449508,1788562297.0,1788562297.0
HYPE,2026-09-14,1789372800,1791532800,25.0,79.91492871448446,80.25855991675067,80.25855991675067,0.6421653983024214,0.0364,0.0,5.3747842102341155,5.3747842102341155,17.0,65.0,66.0,47.605326026424464,47.605326026424464,1787263765,1787263765,,,,,16.10599103409148,16.10599103409148,1788562297.0,1788562297.0
HYPE,2026-09-15,1789459200,1791532800,24.0,78.6757935005154,79.02573093778233,79.02573093778233,0.656956339741623,0.0364,0.0,5.304702080940979,5.304702080940979,9.0,65.0,86.0,46.85553866304231,46.85553866304231,1787263765,1787263765,,,,,15.911577726494285,15.911577726494285,1788562297.0,1788562297.0
HYPE,2026-09-16,1789545600,1791532800,23.0,77.55840775902213,77.85074834736167,77.85074834736167,0.6472171393792937,0.0364,0.0,5.0403757656771475,5.0403757656771475,39.0,65.0,66.0,46.24270406707373,46.24270406707373,1787263765,1787263765,,,,,15.685564107301268,15.685564107301268,1788562297.0,1788562297.0
HYPE,2026-09-17,1789632000,1791532800,22.0,79.50292999436914,79.82050228000465,79.82050228000465,0.6464005439462718,0.0364,0.0,5.048188999899819,5.048188999899819,33.0,65.0,66.0,47.384185710985975,47.384185710985975,1787263765,1787263765,,,,,16.113002021678653,16.113002021678653,1788562297.0,1788562297.0
HYPE,2026-09-18,1789718400,1791532800,21.0,88.22589460755515,88.67820060755515,88.67820060755515,0.6517863172758999,0.0364,0.0,5.5252671284399515,5.5252671284399515,42.0,65.0,66.0,52.48323076453309,52.48323076453309,1787263765,1787263765,,,,,17.946313825804992,17.946313825804992,1788562297.0,1788562297.0
HYPE,2026-09-19,1789804800,1792137600,27.0,92.87084123701842,93.50643523701842,93.50643523701842,0.6444502530706604,0.0364,0.0,6.530114044816784,6.530114044816779,59.0,65.0,66.0,55.08691074221105,55.08691074221105,1787263765,1787263765,,,,,18.714753118236057,18.714753118236057,1788562297.0,1788562297.0
HYPE,2026-09-20,1789891200,1792137600,26.0,90.98157961998056,91.53999961998056,91.53999961998056,0.6491807627241845,0.0364,0.0,6.319517139578154,6.319517139578154,22.0,65.0,66.0,54.030527771988346,54.030527771988346,1787263765,1787263765,,,,,18.357898206889764,18.357898206889764,1788562297.0,1788562297.0
HYPE,2026-09-21,1789977600,1792137600,25.0,94.2045739016859,94.7245809016859,94.7245809016859,0.6508612490765131,0.0364,0.0,6.429244676493574,6.429244676493574,43.0,65.0,66.0,56.00273734101154,56.00273734101154,1787263765,1787263765,,,,,19.028043552496257,19.028043552496257,1788562297.0,1788562297.0
HYPE,2026-09-22,1790064000,1792137600,24.0,94.58890175807636,95.09381475807638,95.09381475807638,0.6336914672906642,0.0364,0.0,6.157746310596639,6.157746310596639,60.0,65.0,66.0,56.24842805484581,56.24842805484581,1787263765,1787263765,,,,,19.098505277877607,19.098505277877607,1788562297.0,1788562297.0
HYPE,2026-09-23,1790150400,1792137600,23.0,96.49375409627548,96.95754409627548,96.95754409627548,0.6200532987539437,0.0364,0.0,6.014505991309595,6.014505991309595,41.0,65.0,66.0,57.43246245776529,57.43246245776529,1787263765,1787263765,,,,,19.494656953962796,19.494656953962796,1788562297.0,1788562297.0
HYPE,2026-09-24,1790236800,1793347200,36.0,93.8780307621372,94.5062467621372,94.5062467621372,0.6031060491510257,0.0364,0.0,7.130504937862382,7.130504937862386,16.0,65.0,66.0,55.698602457282306,55.698602457282306,1787263765,1787263765,,,,,18.783274814056625,18.783274814056625,1788562297.0,1788562297.0
HYPE,2026-09-25,1790323200,1793347200,35.0,92.94840887481564,93.24612787481564,93.24612787481564,0.5884897261851461,0.0364,0.0,6.76965828393127,6.76965828393127,37.0,65.0,66.0,55.47132632488939,55.47132632488939,1787263765,1787263765,,,,,18.475606179970313,18.475606179970313,1788562297.0,1788562297.0
HYPE,2026-09-26,1790409600,1792742400,27.0,91.93978754727476,92.48586554727476,92.48586554727476,0.5888344834499787,0.0364,0.0,5.902692978857203,5.902692978857203,59.0,65.0,66.0,54.61779452836484,54.61779452836484,1787263765,1787263765,,,,,18.40830118379514,18.40830118379514,1788562297.0,1788562297.0
HYPE,2026-09-27,1790496000,1793347200,33.0,93.29245216445622,93.92357416445624,93.92357416445624,0.5895073299357372,0.0364,0.0,6.63309422178613,6.63309422178613,41.0,65.0,66.0,55.34434929867372,55.34434929867372,1787263765,1787263765,,,,,18.59830047669395,18.59830047669395,1788562297.0,1788562297.0
HYPE,2026-09-28,1790582400,1793347200,32.0,88.84909563241575,89.52345763241576,89.52345763241576,0.5863147636941581,0.0364,0.0,6.192431389156484,6.192431389156484,15.0,65.0,66.0,52.63509537944945,52.63509537944945,1787263765,1787263765,,,,,17.716855424405335,17.716855424405335,1788562297.0,1788562297.0
HYPE,2026-09-29,1790668800,1793347200,31.0,88.4423135371132,89.2498135371132,89.2498135371132,0.6015009722553973,0.0364,0.0,6.233505764078259,6.233505764078265,54.0,65.0,66.0,52.25788812226791,52.25788812226791,1787263765,1787263765,,,,,17.692589753919314,17.692589753919314,1788562297.0,1788562297.0
HYPE,2026-09-30,1790755200,1793347200,30.0,86.11774653249753,86.90618853249754,86.90618853249754,0.5941408963388418,0.0364,0.0,5.898473597475418,5.898473597475418,31.0,65.0,66.0,50.88220591949852,50.88220591949852,1787263765,1787263765,,,,,17.21286266882994,17.21286266882994,1788562297.0,1788562297.0
