map,cell,ccy,side,delta_bucket,tenor_bucket,fills,contracts,fills_k_le_0,sum_edge,sum_index,sum_K,sum_den,scale,occupied,A_bp,B_bp,rank_A,rank_B,rank_shift,A_lo,A_hi,B_lo,B_hi,rank_A_lo,rank_A_hi,rank_B_lo,rank_B_hi
pm2,BTC|buy|00-10|2-7d,BTC,buy,00-10,2-7d,2259,3724.674916955914,0,68127.87167872435,275494476.7852959,310449.86436221877,310449.86436221877,1.0,True,2.4729305819012546,2194.488692036787,85.0,5.0,-80.0,1.1515663108331504,3.81123876214118,1027.5810168251144,3594.966411191559,73.0,98.0,3.0,16.0
pm2,BTC|buy|00-10|30-90d,BTC,buy,00-10,30-90d,1061,3691.3077370665183,2,182379.86144893864,268896760.6410184,1095682.1592089878,1095682.1592089878,1.0,True,6.782523560870216,1664.532546378278,60.0,7.0,-53.0,5.204047005065262,8.194419975737297,1219.968844363379,2244.1566345488604,55.0,71.0,4.0,14.0
pm2,BTC|buy|00-10|7-30d,BTC,buy,00-10,7-30d,2003,4213.8085279094985,7,88280.0253567816,305339501.18033373,578558.3572326835,578558.3572326835,1.0,True,2.891208802514004,1525.8620717024285,80.0,9.0,-71.0,1.931144338612762,3.9920248781829617,1035.4672414097258,2037.2534819567488,72.0,90.0,5.0,16.0
pm2,BTC|buy|00-10|<=2d,BTC,buy,00-10,<=2d,2209,2196.407384557396,0,-29564.44948030354,166832040.98966768,121893.99913402354,121893.99913402354,1.0,True,-1.7721086012569098,-2425.4228830245506,122.0,181.0,59.0,-3.0666277602763667,-0.6641050199389604,-3620.6214611829596,-1054.6604952204375,114.0,134.0,180.0,181.0
pm2,BTC|buy|00-10|>90d,BTC,buy,00-10,>90d,423,1694.2726089303912,2,152334.16823279145,117117563.05310363,499009.34618057834,499009.34618057834,1.0,True,13.006944839154471,3052.731765421999,41.0,3.0,-38.0,3.6720145491472946,18.27689877812377,625.436569953755,9230.371384506076,32.0,76.0,1.0,26.0
pm2,BTC|buy|10-25|2-7d,BTC,buy,10-25,2-7d,3418,5924.722609999993,0,64528.10715373823,440901313.04863405,1817233.1035535592,1817233.1035535592,1.0,True,1.4635498975395518,355.0898727717151,90.0,36.0,-54.0,-1.8435689514808746,4.768895727561433,-389.53694115334304,1328.7041848481156,69.0,126.0,12.0,170.0
pm2,BTC|buy|10-25|30-90d,BTC,buy,10-25,30-90d,1961,3754.4555819764687,0,220211.06749440214,275977039.4202416,3240308.9286515303,3240308.9286515303,1.0,True,7.979325669882185,679.5989899211369,56.0,25.0,-31.0,5.726126371139343,9.925402104109692,456.802548514993,883.7438274762696,50.0,68.0,19.0,33.0
pm2,BTC|buy|10-25|7-30d,BTC,buy,10-25,7-30d,3444,5084.8181825111515,0,107556.23430528959,378462278.6703313,2738178.7251323005,2738178.7251323005,1.0,True,2.8419274619169914,392.8020962185103,81.0,32.0,-49.0,1.5342116106824728,4.134916868508419,201.0593268430208,597.0449001400143,71.0,93.0,27.0,50.0
pm2,BTC|buy|10-25|<=2d,BTC,buy,10-25,<=2d,2872,1681.7235419999727,0,-11369.225317826103,128269907.61394277,265053.1955102544,265053.1955102544,1.0,True,-0.8863517195353686,-428.941265768903,114.0,173.0,59.0,-2.037659757913748,0.22547836805206864,-959.7985315300152,111.63801319063109,105.0,129.0,61.0,179.0
pm2,BTC|buy|10-25|>90d,BTC,buy,10-25,>90d,625,1851.8525112313132,2,242724.43733266953,141349254.55823362,2782943.317583294,2782943.317583294,1.0,True,17.171964443057675,872.1860621417588,35.0,20.0,-15.0,11.978022000626437,19.67145148526695,514.7617492018096,1067.4591380682807,29.0,47.0,15.0,30.0
pm2,BTC|buy|25-40|2-7d,BTC,buy,25-40,2-7d,1724,1899.9409219132874,0,-16616.329336433017,133827552.6527516,1252106.7488281757,1252106.7488281757,1.0,True,-1.2416224467280037,-132.7069704878114,117.0,153.0,36.0,-6.1103324067551315,1.1774485454119683,-670.6784718615061,123.3628725084455,96.0,147.0,59.0,177.0
pm2,BTC|buy|25-40|30-90d,BTC,buy,25-40,30-90d,1842,1392.6729665783673,0,10417.17129486432,111069968.91094509,3333961.5478767864,3333961.5478767864,1.0,True,0.9378926992602937,31.245625197742406,99.0,81.0,-18.0,-2.2868625589712455,4.4232565495913025,-76.31809493164889,146.90716555481438,71.0,128.0,55.0,143.0
pm2,BTC|buy|25-40|7-30d,BTC,buy,25-40,7-30d,2690,4536.390241060661,0,32772.29887960242,338134097.1451472,6168371.115461041,6168371.115461041,1.0,True,0.9692101197808101,53.12958359048559,98.0,69.0,-29.0,-2.3264236770274627,3.3902638917449566,-140.57592447665874,175.35358590650426,76.0,129.0,52.0,154.0
pm2,BTC|buy|25-40|<=2d,BTC,buy,25-40,<=2d,2174,1052.1942770000005,0,-18624.69166470446,82702907.66400895,411154.76135014213,411154.76135014213,1.0,True,-2.2519996201789705,-452.9849442469073,128.0,175.0,47.0,-4.064415294890217,-0.3224424983495336,-826.6847711659528,-64.27108651576462,111.0,140.0,140.0,178.0
pm2,BTC|buy|25-40|>90d,BTC,buy,25-40,>90d,542,610.9403282354809,1,51955.66328836472,51397764.859522216,1997209.6497493726,1997209.6497493726,1.0,True,10.108545270473789,260.14125905552567,48.0,42.0,-6.0,5.499419761238951,17.208633568744467,157.0229649892435,373.94178898967033,35.0,68.0,36.0,55.0
pm2,BTC|buy|40-60|2-7d,BTC,buy,40-60,2-7d,2085,2462.631527725737,0,-140977.92638966074,191229795.91991636,3404531.4494820386,3404531.4494820386,1.0,True,-7.372173656907514,-414.0890706446814,151.0,172.0,21.0,-10.478200282047164,-3.691954740481898,-593.5945520759294,-207.56504211343875,135.0,159.0,162.0,176.0
pm2,BTC|buy|40-60|30-90d,BTC,buy,40-60,30-90d,1968,2656.1469040851057,0,-285686.3793151727,218884824.5583354,11796149.757707244,11796149.757707244,1.0,True,-13.051904347029497,-242.18612444159072,159.0,167.0,8.0,-31.05024624371257,-1.8613355501750641,-574.3813435284076,-34.704448491329714,126.0,172.0,132.0,175.0
pm2,BTC|buy|40-60|7-30d,BTC,buy,40-60,7-30d,2595,2317.112974460847,1,-69960.79848304378,181338842.68358234,6017005.42536595,6017005.42536595,1.0,True,-3.8580150533506044,-116.27178893359368,139.0,148.0,9.0,-7.689221242603771,-0.4492785415998924,-244.14598648948376,-13.275959448471472,113.0,151.0,120.0,165.0
pm2,BTC|buy|40-60|<=2d,BTC,buy,40-60,<=2d,2355,1181.472832522489,0,-33989.29965669814,94474957.04452208,834158.9700674353,834158.9700674353,1.0,True,-3.5977046955078698,-407.4678913295192,138.0,171.0,33.0,-6.579589655928893,-0.5081157054617512,-774.870540401888,-56.25717648096247,113.0,149.0,138.0,178.0
pm2,BTC|buy|40-60|>90d,BTC,buy,40-60,>90d,617,424.9740583570257,0,53607.90746759576,34239996.33974138,2545886.433081484,2545886.433081484,1.0,True,15.65651670510683,210.56676673008525,38.0,49.0,11.0,11.386715483152498,20.6719632798914,151.97593255245178,275.0670969434441,28.0,48.0,41.0,56.0
pm2,BTC|buy|60-75|2-7d,BTC,buy,60-75,2-7d,942,977.942774747913,0,-27339.42229389856,77082232.24172649,2196401.157411085,2196401.157411085,1.0,True,-3.5467865289841805,-124.47372012007017,137.0,150.0,13.0,-8.903437311732993,1.5693711732019682,-325.9834176364981,53.80444831513475,92.0,154.0,73.0,169.0
pm2,BTC|buy|60-75|30-90d,BTC,buy,60-75,30-90d,566,1121.7226745889857,0,195470.0379779214,84834145.49823053,5446842.578639535,5446842.578639535,1.0,True,23.041434180768462,358.8685282451181,25.0,34.0,9.0,-2.9616691040793994,34.685114090863216,-40.738636836069034,587.9677614349854,12.0,133.0,28.0,134.0
pm2,BTC|buy|60-75|7-30d,BTC,buy,60-75,7-30d,903,1270.7951439006624,0,-60210.55196681071,96058141.2712208,4749599.426788743,4749599.426788743,1.0,True,-6.2681362735102075,-126.76974741745691,147.0,151.0,4.0,-12.626491574111359,-3.022339200342947,-274.7965069003282,-58.42916175720079,132.0,161.0,138.0,167.0
pm2,BTC|buy|60-75|<=2d,BTC,buy,60-75,<=2d,887,744.0871800000008,0,-50097.862643657405,56717510.89249681,913040.7862021825,913040.7862021825,1.0,True,-8.832873984652398,-548.6924943631576,154.0,176.0,22.0,-14.680754577200512,-0.8575261600980926,-807.4356956837836,-62.64714418457451,116.0,164.0,139.0,179.0
pm2,BTC|buy|60-75|>90d,BTC,buy,60-75,>90d,161,53.19105999999998,0,7299.3511260368805,3943112.0672782,358275.8423464437,358275.8423464437,1.0,False,18.51165019277624,203.73550943963988,,,,,,,,,,,
pm2,BTC|buy|75-90|2-7d,BTC,buy,75-90,2-7d,592,439.9981589062513,0,14286.958428348475,33745092.016397215,1371147.5024764263,1371147.5024764263,1.0,True,4.233788552541579,104.19709332908992,75.0,60.0,-15.0,-8.818510601420144,16.499521127198093,-225.24894770357812,385.52826205940414,36.0,153.0,35.0,163.0
pm2,BTC|buy|75-90|30-90d,BTC,buy,75-90,30-90d,278,376.41903570272615,0,64425.04181258441,30358977.235954348,2905786.476359945,2905786.476359945,1.0,True,21.22108439683712,221.71292466502612,28.0,48.0,20.0,4.195601581492363,38.13276780692007,41.75498960490947,422.3505657054203,11.0,73.0,33.899999999999864,76.0
pm2,BTC|buy|75-90|7-30d,BTC,buy,75-90,7-30d,750,728.8422936902381,0,91162.59183861875,53777669.26767247,4355412.991269012,4355412.991269012,1.0,True,16.951755827287144,209.30872002578388,36.0,51.0,15.0,-1.8638296769381928,32.171029969566675,-22.783161197806297,396.69281294383353,15.0,125.0,35.0,125.0
pm2,BTC|buy|75-90|<=2d,BTC,buy,75-90,<=2d,681,410.72342966684874,0,6508.528222288825,32495970.96336355,675421.1213155336,675421.1213155336,1.0,True,2.002872365200793,96.36252134982115,87.0,61.0,-26.0,-6.26273354108454,11.597777802287272,-292.2810021319575,566.9053977515049,47.0,147.0,28.0,167.0
pm2,BTC|buy|75-90|>90d,BTC,buy,75-90,>90d,100,42.97400385325913,0,24713.963649545312,3691137.9216785305,420492.10516750935,420492.10516750935,1.0,False,66.95486371397017,587.7390644397505,,,,,,,,,,,
pm2,BTC|buy|90-100|2-7d,BTC,buy,90-100,2-7d,328,603.8020778183214,0,26095.178269503223,48768348.55964007,3727334.605663453,3727334.605663453,1.0,True,5.350843126785554,70.01029161657026,70.0,64.0,-6.0,-0.5556893642052647,14.796919807470603,-6.601076553819006,189.65673406995637,40.0,114.0,51.0,113.0
pm2,BTC|buy|90-100|30-90d,BTC,buy,90-100,30-90d,73,19.79606645463951,0,-2196.0007824636587,1614251.9201649087,190555.11141921024,190555.11141921024,1.0,False,-13.603829458287525,-115.24229216987959,,,,,,,,,,,
pm2,BTC|buy|90-100|7-30d,BTC,buy,90-100,7-30d,313,400.00955895581995,0,-102478.2579147689,27558285.449235346,2981725.4048615308,2981725.4048615308,1.0,True,-37.18600640215531,-343.6877780485219,173.0,169.0,-4.0,-79.97568434349509,2.1469220165299157,-689.5513350396068,20.74420820431705,86.0,178.0,86.89999999999986,177.0
pm2,BTC|buy|90-100|<=2d,BTC,buy,90-100,<=2d,595,426.1481808426069,0,135188.21918718633,34765479.40087664,1324556.601421542,1324556.601421542,1.0,True,38.885762980094974,1020.6299907614329,7.0,15.0,8.0,11.524617517211398,109.60651651169258,296.3925645556051,3020.7823703395725,2.0,47.0,3.0,41.0
pm2,BTC|buy|90-100|>90d,BTC,buy,90-100,>90d,48,18.851497400000007,0,18220.82720731041,1475650.7418919094,234294.0501865762,234294.0501865762,1.0,False,123.47655641029098,777.6905641778164,,,,,,,,,,,
pm2,BTC|sell|00-10|2-7d,BTC,sell,00-10,2-7d,2895,5293.336099607965,0,24842.414255320706,388125710.3037293,37730646.75770422,37730646.75770422,1.0,True,0.6400610316662655,6.584147474293728,100.0,100.0,0.0,-0.11616318888599557,1.5641647700906407,-1.1809356861944436,15.790927837505938,90.0,112.0,89.0,112.0
pm2,BTC|sell|00-10|30-90d,BTC,sell,00-10,30-90d,1426,2096.0194487594563,0,-15184.717769852408,166284562.14745885,12352179.662362976,12352179.662362976,1.0,True,-0.9131766397163683,-12.293148403694419,115.0,117.0,2.0,-2.3558081683667202,0.002124658675514034,-30.479229842363956,0.02480222210630696,107.0,130.0,107.0,130.0
pm2,BTC|sell|00-10|7-30d,BTC,sell,00-10,7-30d,3100,4289.559623811595,1,12240.445360945065,319283122.56801647,29621156.138580926,29621156.138580926,1.0,True,0.38337276529038894,4.1323320749800665,102.0,103.0,1.0,-1.140022421352509,1.746692455696494,-12.369809741134308,18.782414761851225,89.0,120.0,88.0,120.0
pm2,BTC|sell|00-10|<=2d,BTC,sell,00-10,<=2d,4909,3455.342891529434,0,28815.43548961563,279393793.2898307,35820225.71817839,35820225.71817839,1.0,True,1.0313556056602797,8.04445949512599,96.0,99.0,3.0,0.7747903643005123,1.2835182331443054,5.986633014391908,10.093010931441174,91.0,105.0,93.0,107.0
pm2,BTC|sell|00-10|>90d,BTC,sell,00-10,>90d,526,2155.946268352503,0,-141106.9188581386,153654975.279863,10877698.349079164,10877698.349079164,1.0,True,-9.183361528068342,-129.72130163003078,156.0,152.0,-4.0,-11.112522887575738,-5.490506493270616,-142.11130235200918,-93.03106247848356,143.0,161.0,145.0,158.0
pm2,BTC|sell|10-25|2-7d,BTC,sell,10-25,2-7d,3268,3919.0878299999717,1,73221.1426965983,302188110.6033557,36388479.14642689,36388479.14642689,1.0,True,2.4230318840275773,20.122067317503742,86.0,88.0,2.0,0.9608280436125007,3.8812995338149765,7.726127723713646,32.44180289945261,73.0,99.0,78.0,101.0
pm2,BTC|sell|10-25|30-90d,BTC,sell,10-25,30-90d,2587,4773.868689623045,0,-71888.54423657838,355082443.3998312,34444363.901375756,34444363.901375756,1.0,True,-2.024559241742915,-20.870916485035465,127.0,125.0,-2.0,-3.8413438744677637,-0.07543677237240859,-40.849158930707155,-0.7518015277967374,109.0,138.0,108.0,135.0
pm2,BTC|sell|10-25|7-30d,BTC,sell,10-25,7-30d,3990,5099.532344316922,0,-49727.39633770144,389255858.8437627,43923239.474745184,43923239.474745184,1.0,True,-1.277498981914123,-11.32143187350594,118.0,114.0,-4.0,-3.1472501957746797,0.39964304505970333,-27.786089733917166,3.534175542092838,104.0,134.0,104.0,129.0
pm2,BTC|sell|10-25|<=2d,BTC,sell,10-25,<=2d,4040,1897.581717999957,0,20342.352439567905,158920283.637743,23847283.370803293,23847283.370803293,1.0,True,1.280034994522038,8.530259872063018,91.0,98.0,7.0,0.6821534095896793,1.8375979311197146,4.523203019205374,12.323508627795379,87.0,104.0,92.0,107.0
pm2,BTC|sell|10-25|>90d,BTC,sell,10-25,>90d,624,1049.4002299999993,1,-119039.41135024645,80911204.38215585,7315743.239233091,7315743.239233091,1.0,True,-14.71235192446343,-162.71677047365233,161.0,156.0,-5.0,-19.2701858259435,-7.639619714597499,-219.09653358678673,-85.04918027802191,150.0,168.0,144.0,164.0
pm2,BTC|sell|25-40|2-7d,BTC,sell,25-40,2-7d,2396,4495.765661286037,1,6051.186734562044,328158489.2837172,46228389.069039755,46228389.069039755,1.0,True,0.18439829936352328,1.308976336061571,105.0,105.0,0.0,-3.6826009536465723,4.836215941379056,-26.207315644486442,34.25207323652918,70.0,137.0,78.0,128.0
pm2,BTC|sell|25-40|30-90d,BTC,sell,25-40,30-90d,2049,3136.337195931783,0,109758.21412371132,239959672.14907622,27472759.13182556,27472759.13182556,1.0,True,4.574027508069083,39.95165305277363,73.0,74.0,1.0,-0.8331215080490507,9.698652678157453,-7.2526434236369575,85.7937000152276,52.0,117.0,64.0,115.0
pm2,BTC|sell|25-40|7-30d,BTC,sell,25-40,7-30d,3341,4496.704664920501,2,188264.6984148691,327481499.81543595,44356520.80784356,44356520.80784356,1.0,True,5.748865157908844,42.443522392220245,67.0,73.0,6.0,4.034769152199295,7.511159320839043,30.00090111510051,55.26909795580082,58.0,76.0,69.0,83.0
pm2,BTC|sell|25-40|<=2d,BTC,sell,25-40,<=2d,2868,1190.5813599999917,0,24057.7245436196,96021861.97560944,15622236.051979413,15622236.051979413,1.0,True,2.505442411617733,15.399667796321237,84.0,92.0,8.0,1.0844967102185938,3.860233228599003,6.685991096508023,23.781917417203573,73.0,98.0,82.0,103.0
pm2,BTC|sell|25-40|>90d,BTC,sell,25-40,>90d,643,718.2221812537126,1,90792.88042316925,54352227.22545933,7074942.625331508,7074942.625331508,1.0,True,16.704537248593304,128.3302003016809,37.0,58.0,21.0,11.009426383700418,28.307647954822194,84.12784641195641,228.4651314986289,18.0,49.0,46.0,65.0
pm2,BTC|sell|40-60|2-7d,BTC,sell,40-60,2-7d,2597,2275.579050421831,0,90015.02786360598,180069613.45295286,27555746.031535935,27555746.031535935,1.0,True,4.998901599082089,32.66651817758411,71.0,80.0,9.0,-2.774248700486926,11.447367919741621,-17.268671424861395,79.31076737839955,47.0,131.0,65.0,122.0
pm2,BTC|sell|40-60|30-90d,BTC,sell,40-60,30-90d,2450,3288.076955102535,0,-65858.7197980325,264362453.60933858,36215385.37421551,36215385.37421551,1.0,True,-2.491228194430181,-18.185287583581072,130.0,122.0,-8.0,-6.0928393112236785,3.594289355107274,-47.25966014319231,25.575770182067362,75.0,146.0,83.0,136.0
pm2,BTC|sell|40-60|7-30d,BTC,sell,40-60,7-30d,3428,3909.735684520923,1,122345.33491724735,300635616.5041212,44020238.12456834,44020238.12456834,1.0,True,4.069555574948659,27.792974352168397,76.0,84.0,8.0,-0.26734490029685193,9.362220713015127,-1.7984274779400211,64.42003443831116,52.0,112.0,68.0,111.0
pm2,BTC|sell|40-60|<=2d,BTC,sell,40-60,<=2d,2794,1473.0003182919465,0,-23092.7583576986,117865276.31359254,19230806.331032716,19230806.331032716,1.0,True,-1.9592503475118463,-12.008211179597737,125.0,115.0,-10.0,-6.681586982617865,2.42980053756612,-40.761113664359335,14.79689784105551,85.0,148.0,92.0,133.0
pm2,BTC|sell|40-60|>90d,BTC,sell,40-60,>90d,948,361.98279205629035,0,19775.23829610231,27561710.80748821,4023650.829136245,4023650.829136245,1.0,True,7.174895068824827,49.14750095337534,57.0,70.0,13.0,-2.451432918726361,17.094516137907863,-17.166479738490498,116.97279365442597,35.0,129.0,59.0,122.0
pm2,BTC|sell|60-75|2-7d,BTC,sell,60-75,2-7d,727,991.7929644037631,0,-14963.297422129162,74575469.41817118,12419309.330289789,12419309.330289789,1.0,True,-2.0064637257895934,-12.048413502057457,126.0,116.0,-10.0,-11.378400683269406,4.650359684874686,-70.13918296545492,27.532366222802583,71.0,159.0,82.0,142.0
pm2,BTC|sell|60-75|30-90d,BTC,sell,60-75,30-90d,595,118.1542091023209,0,-2399.305374848173,9264842.83335131,1456408.658516982,1456408.658516982,1.0,True,-2.589688155541315,-16.474121880676776,131.0,120.0,-11.0,-15.252261498489325,10.378856650967808,-96.87317481316478,65.86531001592253,50.0,163.0,69.0,147.0
pm2,BTC|sell|60-75|7-30d,BTC,sell,60-75,7-30d,1011,1413.382646653485,0,-37433.00825326357,106478382.94172636,17492029.091602378,17492029.091602378,1.0,True,-3.515550031760903,-21.400037729890645,136.0,126.0,-10.0,-11.23364762731043,0.9479713110021312,-70.50500847478794,5.813122830028421,98.89999999999986,158.0,102.0,142.0
pm2,BTC|sell|60-75|<=2d,BTC,sell,60-75,<=2d,823,367.1864900000007,0,-9696.338117558362,29127108.583138335,4935020.547149959,4935020.547149959,1.0,True,-3.3289737942514366,-19.6480197497012,135.0,123.0,-12.0,-7.730231157203484,1.013644799056756,-45.50112135437635,5.969016500419443,98.0,151.0,102.0,136.0
pm2,BTC|sell|60-75|>90d,BTC,sell,60-75,>90d,222,55.72799903362769,0,-12880.633270926195,4360492.192116393,727134.1010529138,727134.1010529138,1.0,True,-29.539402212928852,-177.14247278837038,170.0,158.0,-12.0,-48.67854042636337,-15.858249963378645,-298.2288090521553,-94.58001520073174,163.0,176.0,146.0,168.0
pm2,BTC|sell|75-90|2-7d,BTC,sell,75-90,2-7d,387,271.3812600000003,0,-41577.01477073141,21696639.84761402,3560923.253935195,3560923.253935195,1.0,True,-19.162881931371338,-116.75908691596885,168.0,149.0,-19.0,-30.513185530637998,-7.940319053239521,-188.9096431931574,-47.547936607686715,152.0,172.0,136.0,160.0
pm2,BTC|sell|75-90|30-90d,BTC,sell,75-90,30-90d,225,76.90011879997597,0,-10311.038436518013,5835832.071201645,947412.3534015316,947412.3534015316,1.0,True,-17.668497500811203,-108.83369210352691,167.0,147.0,-20.0,-38.24267716004537,1.656473799279311,-235.04265082582185,10.299270678046923,92.89999999999986,174.0,98.89999999999986,164.0
pm2,BTC|sell|75-90|7-30d,BTC,sell,75-90,7-30d,554,439.75651335841866,0,-4879.48080028481,32670054.44108048,5446476.447675048,5446476.447675048,1.0,True,-1.493563718751928,-8.958967962429595,120.0,112.0,-8.0,-8.357106082519445,3.4643445248969695,-51.267043963295365,20.50690342614197,77.0,153.0,86.0,137.0
pm2,BTC|sell|75-90|<=2d,BTC,sell,75-90,<=2d,512,322.5790998232866,0,14677.072698759683,24721032.115435597,4172999.547402464,4172999.547402464,1.0,True,5.937079257138074,35.171517590735455,64.0,77.0,13.0,-12.22511495547739,13.542879845910889,-70.92590874138048,79.82111874208805,42.0,159.0,64.0,142.0
pm2,BTC|sell|75-90|>90d,BTC,sell,75-90,>90d,118,53.02491222930619,0,-24869.292382644733,3993911.550489693,672139.7179669641,672139.7179669641,1.0,False,-62.26800986515466,-370.00182726691753,,,,,,,,,,,
pm2,BTC|sell|90-100|2-7d,BTC,sell,90-100,2-7d,221,84.5426752032587,0,6526.2497483971365,6791619.979816204,1053418.124490568,1053418.124490568,1.0,True,9.609268138959905,61.95308013665728,50.0,67.0,17.0,-0.26817685684527065,21.3981404941316,-1.6861458702162406,136.63807627903063,28.0,112.0,56.0,111.0
pm2,BTC|sell|90-100|30-90d,BTC,sell,90-100,30-90d,68,25.61661114595518,0,-24230.500671545822,1643552.4200825044,296348.0555973512,296348.0555973512,1.0,False,-147.4276109205539,-817.6365666615967,,,,,,,,,,,
pm2,BTC|sell|90-100|7-30d,BTC,sell,90-100,7-30d,203,83.0738139497629,0,-21400.023990220583,6133938.141129799,1062623.0723274343,1062623.0723274343,1.0,True,-34.887903167342586,-201.38866308773717,172.0,160.0,-12.0,-79.35355631099958,11.661350856824761,-428.6282727043274,71.65685684702181,47.0,179.0,67.0,172.0
pm2,BTC|sell|90-100|<=2d,BTC,sell,90-100,<=2d,523,484.62115605916546,0,-27308.881829151407,37756148.17580494,6004636.954469873,6004636.954469873,1.0,True,-7.232962881169008,-45.47965520017423,150.0,135.0,-15.0,-26.369396010402276,7.066790336194962,-154.2699011651364,42.79385188663623,61.0,170.0,76.0,156.0
pm2,BTC|sell|90-100|>90d,BTC,sell,90-100,>90d,118,36.14760000000003,0,-30681.85677611186,2669079.9888873994,547178.503106558,547178.503106558,1.0,False,-114.95293098691107,-560.7284752949596,,,,,,,,,,,
pm2,ETH|buy|00-10|2-7d,ETH,buy,00-10,2-7d,3038,65094.48262454078,0,41745.66171496377,161706338.58158225,284566.4583554763,284566.4583554763,1.0,True,2.581572378741525,1466.9916460363606,83.0,10.0,-73.0,2.0281393176821982,3.1966658878660614,1114.9654944349388,1804.6706318300512,76.0,90.0,6.0,15.0
pm2,ETH|buy|00-10|30-90d,ETH,buy,00-10,30-90d,1745,42042.86513073237,2,86659.9884065096,95994265.96801236,550458.3681323376,550458.3681323376,1.0,True,9.027621340985807,1574.3241164729714,54.0,8.0,-46.0,6.006901327574202,11.406531089750173,971.1105219926197,2111.546413740426,46.0,66.0,5.0,17.0
pm2,ETH|buy|00-10|7-30d,ETH,buy,00-10,7-30d,3057,48072.419289181,0,36598.031875193636,124298542.01076931,407356.8797959554,407356.8797959554,1.0,True,2.9443653387360538,898.4267528150145,78.0,19.0,-59.0,0.6337652637364423,4.867527691802669,187.45191413257712,1577.2994570428118,69.0,103.0,9.0,51.0
pm2,ETH|buy|00-10|<=2d,ETH,buy,00-10,<=2d,3128,36466.054138022555,0,-7369.804760598173,88263053.0314996,68156.35224307702,68156.35224307702,1.0,True,-0.8349818533886442,-1081.3085674412337,113.0,180.0,67.0,-1.6317717549961737,-0.022216851361799572,-1962.3612985318157,-30.912714361302235,107.0,125.0,130.0,181.0
pm2,ETH|buy|00-10|>90d,ETH,buy,00-10,>90d,1292,102496.25722457729,0,505561.73082172073,252799927.381651,930654.9918482422,930654.9918482422,1.0,True,19.99849193225741,5432.321700845295,30.0,2.0,-28.0,17.27137915822607,22.7687667688523,3985.278432374218,7078.51178909425,23.0,37.0,1.0,3.0
pm2,ETH|buy|10-25|2-7d,ETH,buy,10-25,2-7d,5721,116094.34337838397,0,35414.95093852402,294953011.2399991,1259965.3782780813,1259965.3782780813,1.0,True,1.2006980633843192,281.07876255237665,92.0,41.0,-51.0,0.2914519397500863,2.710748928549306,77.864762807441,545.5289478288965,80.0,107.0,29.0,66.0
pm2,ETH|buy|10-25|30-90d,ETH,buy,10-25,30-90d,4120,66739.59899754533,0,169880.03738351635,152412662.187345,2804616.735467709,2804616.735467709,1.0,True,11.146058007614915,605.7156945374445,46.0,28.0,-18.0,7.857489869517585,15.5461860187676,420.3441174235409,855.4596577099117,38.0,59.0,19.0,35.0
pm2,ETH|buy|10-25|7-30d,ETH,buy,10-25,7-30d,6280,73728.44586878059,0,172034.5865606846,179985231.6470422,1830690.6986471638,1830690.6986471638,1.0,True,9.558261252126002,939.7250266678801,51.0,16.0,-35.0,3.2781905483640728,18.522885308106655,314.080292105974,1822.000115818872,33.0,79.0,7.0,40.0
pm2,ETH|buy|10-25|<=2d,ETH,buy,10-25,<=2d,4897,38138.296562677824,0,-7244.745870221661,94059233.05256988,263494.4645331429,263494.4645331429,1.0,True,-0.7702322924717618,-274.9486932508368,112.0,168.0,56.0,-2.360694466048668,0.9515797955645906,-814.3176362979356,350.9980321605547,98.0,131.0,39.0,178.0
pm2,ETH|buy|10-25|>90d,ETH,buy,10-25,>90d,1373,26440.17674022586,0,110232.42631777491,60353000.416180015,1696949.9307982214,1696949.9307982214,1.0,True,18.264614113240135,649.5915071926909,33.0,26.0,-7.0,14.851275495952867,21.061738802693295,491.4945530940384,789.1788438854111,26.0,41.0,20.899999999999864,32.0
pm2,ETH|buy|25-40|2-7d,ETH,buy,25-40,2-7d,4222,40068.4791234486,0,2747.472758361602,107235592.2795228,1316568.232195133,1316568.232195133,1.0,True,0.25620903470183437,20.868441841261056,104.0,87.0,-17.0,-1.3454806422136296,1.9329688653376391,-110.84812589957204,157.16157817473007,88.0,122.0,54.0,149.0
pm2,ETH|buy|25-40|30-90d,ETH,buy,25-40,30-90d,3796,37094.3372475582,0,56558.331727399236,96058926.92395957,3902750.5166416583,3902750.5166416583,1.0,True,5.8878787780099735,144.91915762032374,65.0,56.0,-9.0,2.4919058212296923,9.60981319040819,60.71724809857504,237.35914878496948,52.0,83.0,46.0,70.0
pm2,ETH|buy|25-40|7-30d,ETH,buy,25-40,7-30d,6316,44696.17146384616,0,13089.524382229387,118866335.99377482,2865410.407006024,2865410.407006024,1.0,True,1.1011969261772232,45.68115042168153,94.0,71.0,-23.0,-1.390141954468136,3.5801237109855895,-58.40748972521901,146.83040032840145,75.0,122.0,55.0,138.0
pm2,ETH|buy|25-40|<=2d,ETH,buy,25-40,<=2d,3933,24255.50935331657,0,-19254.8704856842,67031965.227903135,439299.7715980396,439299.7715980396,1.0,True,-2.872490821389353,-438.30822892624803,132.0,174.0,42.0,-7.379703763190893,2.20117463861348,-1118.6180629962023,333.0403761259301,86.0,152.0,40.0,179.0
pm2,ETH|buy|25-40|>90d,ETH,buy,25-40,>90d,1466,26850.324672206105,0,211996.9405869498,66021769.17488339,3822921.511635559,3822921.511635559,1.0,True,32.11015748841817,554.5417030972503,10.0,29.0,19.0,24.233981674979773,39.61717605772463,423.8763549298309,677.887908110121,9.0,24.0,24.0,35.0
pm2,ETH|buy|40-60|2-7d,ETH,buy,40-60,2-7d,5252,63505.747699999636,0,-78080.94313440874,180976805.43026215,4230534.446755879,4230534.446755879,1.0,True,-4.314417140294619,-184.56519883506428,141.0,159.0,18.0,-6.078457313364107,-2.777693960251883,-266.31488920199916,-117.72156009217291,129.0,148.0,150.0,167.0
pm2,ETH|buy|40-60|30-90d,ETH,buy,40-60,30-90d,3840,25033.348544787703,0,38984.96938962649,67446815.32127503,4684346.240645411,4684346.240645411,1.0,True,5.7801052879852275,83.22392792266166,66.0,62.0,-4.0,2.4122164739937424,9.433615944597625,34.6994642511288,135.64137346468124,52.0,84.0,55.0,79.0
pm2,ETH|buy|40-60|7-30d,ETH,buy,40-60,7-30d,6636,33696.450683325944,0,-33987.71270237317,86480545.90282813,3879134.5757917096,3879134.5757917096,1.0,True,-3.930099231862236,-87.6167403793576,140.0,143.0,3.0,-8.211896563146132,-0.3463955424800257,-180.55617003666947,-7.79893819020618,111.0,153.0,114.0,159.0
pm2,ETH|buy|40-60|<=2d,ETH,buy,40-60,<=2d,4381,20821.978299999944,0,-4024.025569723298,58341894.16995415,646300.3146941017,646300.3146941017,1.0,True,-0.689731731712553,-62.262472696271175,111.0,138.0,27.0,-4.440956241188356,3.39689225458996,-398.9051559843474,305.993227370197,77.0,140.0,41.0,171.0
pm2,ETH|buy|40-60|>90d,ETH,buy,40-60,>90d,1569,15542.433658690758,0,247103.2835663599,41735251.166987635,3962310.7620332376,3962310.7620332376,1.0,True,59.207331130624006,623.6342841507975,3.0,27.0,24.0,48.18836293286712,69.76932271364488,515.7794553664778,731.249783185857,3.0,8.0,22.0,31.0
pm2,ETH|buy|60-75|2-7d,ETH,buy,60-75,2-7d,1539,16178.1310803239,0,-14521.296182247926,45686278.5317392,1505101.9086044072,1505101.9086044072,1.0,True,-3.1784808587899502,-96.4804848045982,133.0,144.0,11.0,-9.003186343131809,2.7849350010254534,-275.38418635907766,81.78213583856527,82.0,155.0,66.0,167.0
pm2,ETH|buy|60-75|30-90d,ETH,buy,60-75,30-90d,1101,13260.588559267413,0,101895.92498082739,31856046.792375322,3066688.4553444814,3066688.4553444814,1.0,True,31.986368442055394,332.2669598316971,11.0,37.0,26.0,18.892314001532647,48.21060966421241,198.87106028322407,489.4288185455914,7.0,32.0,31.0,50.0
pm2,ETH|buy|60-75|7-30d,ETH,buy,60-75,7-30d,2441,13953.437307403738,0,-6305.245890866424,33823436.00919921,2208201.120792742,2208201.120792742,1.0,True,-1.8641648025208142,-28.55376637343091,123.0,128.0,5.0,-11.167320884931744,7.815933497602116,-176.37731097288042,116.27103181108573,58.0,158.0,58.0,159.0
pm2,ETH|buy|60-75|<=2d,ETH,buy,60-75,<=2d,1462,8201.225935787113,0,14649.11257791993,21188451.092517655,359294.0445835061,359294.0445835061,1.0,True,6.9137250825724665,407.7193262387967,58.0,31.0,-27.0,-3.872141252945086,19.18968619057422,-236.6834202367062,1103.5386613045803,32.0,138.0,16.0,163.0
pm2,ETH|buy|60-75|>90d,ETH,buy,60-75,>90d,750,10414.979219657205,0,265730.26531250065,26644425.750061244,3235661.8752477737,3235661.8752477737,1.0,True,99.73202943279416,821.2547403215675,2.0,21.0,19.0,79.57598415818673,122.44526487666653,679.3744697781722,987.4420139117478,2.0,3.0,16.0,25.0
pm2,ETH|buy|75-90|2-7d,ETH,buy,75-90,2-7d,899,5479.166983177723,0,20800.15662188219,13823269.072298944,895280.5647305254,895280.5647305254,1.0,True,15.047205196609056,232.3311533981856,39.0,47.0,8.0,8.827848111976548,21.26324759243408,137.17135706605887,329.88611508880905,27.0,55.0,38.0,57.0
pm2,ETH|buy|75-90|30-90d,ETH,buy,75-90,30-90d,540,9840.630718183495,0,79560.76206748885,25052029.487118468,2660882.9893577206,2660882.9893577206,1.0,True,31.75821029126534,299.0013555112887,13.0,40.0,27.0,22.630248945477792,45.789229723579005,217.5337234120093,403.0657836054504,7.0,26.0,34.0,49.0
pm2,ETH|buy|75-90|7-30d,ETH,buy,75-90,7-30d,1099,11646.41575326142,0,65632.31033142252,27386446.178037934,2781068.453294232,2781068.453294232,1.0,True,23.965252703746266,235.9967452569523,22.0,45.0,23.0,8.533848394630413,40.53974086451048,86.50093567413847,378.6772567206611,9.0,56.0,35.0,64.0
pm2,ETH|buy|75-90|<=2d,ETH,buy,75-90,<=2d,1061,5413.8154590799195,0,27689.443510860794,12888955.206285147,348485.256220795,348485.256220795,1.0,True,21.483078393629892,794.5657102152173,26.0,22.0,-4.0,6.823832679479853,33.95958982089461,239.4140746598,1368.9328114017314,13.0,61.0,12.0,45.0
pm2,ETH|buy|75-90|>90d,ETH,buy,75-90,>90d,333,1902.036182683302,0,75529.4940138134,4988573.802389307,686564.429542415,686564.429542415,1.0,True,151.40498468247196,1100.1078815596766,1.0,14.0,13.0,123.11726445409326,184.7540641261137,914.2083751276351,1296.8737326805137,1.0,2.0,12.0,19.0
pm2,ETH|buy|90-100|2-7d,ETH,buy,90-100,2-7d,473,3480.289862472201,0,-12667.38022617257,8322117.940985399,900706.2620396664,900706.2620396664,1.0,True,-15.2213418699431,-140.6383052948588,163.0,154.0,-9.0,-42.128947540095545,9.46377782958316,-384.95371083351574,89.2676415822856,54.0,174.0,64.0,171.0
pm2,ETH|buy|90-100|30-90d,ETH,buy,90-100,30-90d,246,1738.7046452401582,0,27098.13358338228,5255813.031246547,760416.5574690447,760416.5574690447,1.0,True,51.55840480298684,356.35906816094547,4.0,35.0,31.0,29.458836336417573,85.60148851672517,209.45709192097985,578.4134945473982,3.0,17.0,27.0,49.0
pm2,ETH|buy|90-100|7-30d,ETH,buy,90-100,7-30d,390,5103.651350228187,0,31400.171467237382,12332363.874443773,1499300.401133671,1499300.401133671,1.0,True,25.461599890275394,209.43215544726505,20.0,50.0,30.0,6.220984155434323,46.86881553437343,50.097372392654684,385.0640788160528,7.0,64.0,35.0,73.0
pm2,ETH|buy|90-100|<=2d,ETH,buy,90-100,<=2d,1022,8058.899286115168,0,-47459.34305895321,19863799.35841931,1179256.604545936,1179256.604545936,1.0,True,-23.892379399632564,-402.4513653432289,169.0,170.0,1.0,-37.79087873231899,5.798182013210796,-672.526411624732,89.19424187050917,67.0,174.0,64.0,177.0
pm2,ETH|buy|90-100|>90d,ETH,buy,90-100,>90d,95,1045.379234129902,0,32014.880350650084,2416691.756695751,392329.71470699407,392329.71470699407,1.0,False,132.47399161249587,816.0197698652509,,,,,,,,,,,
pm2,ETH|sell|00-10|2-7d,ETH,sell,00-10,2-7d,4955,116801.23514681435,0,29536.163264975745,298842718.7646538,29424184.679545574,29424184.679545574,1.0,True,0.9883514440998049,10.038056648518799,97.0,97.0,0.0,0.31699454544459177,1.5001712821959907,3.101053512919862,15.758209856282416,90.0,108.0,89.0,108.0
pm2,ETH|sell|00-10|30-90d,ETH,sell,00-10,30-90d,2973,53970.7263741304,0,-14.615092505696119,125437863.32788897,9795723.827375757,9795723.827375757,1.0,True,-0.0011651260726191518,-0.014919869897568822,107.0,107.0,0.0,-1.3723890512999657,1.2283060866552522,-17.361415994923007,15.857991918836088,94.0,122.0,90.0,123.0
pm2,ETH|sell|00-10|7-30d,ETH,sell,00-10,7-30d,4306,70174.98542272062,0,17911.26567002202,173359713.66871172,16685698.01709129,16685698.01709129,1.0,True,1.0331850053842515,10.734501878000774,95.0,95.0,0.0,0.13949383834084594,2.0693613699359243,1.4380146393575854,21.69021952827382,86.0,110.0,85.0,110.0
pm2,ETH|sell|00-10|<=2d,ETH,sell,00-10,<=2d,9698,122416.78596230787,0,64666.67012861957,327455248.9452137,41128174.18223422,41128174.18223422,1.0,True,1.9748246619017826,15.723204692260095,88.0,90.0,2.0,1.7293716126060985,2.211366363840397,13.631458755529428,17.73641976037419,82.0,94.0,85.0,98.0
pm2,ETH|sell|00-10|>90d,ETH,sell,00-10,>90d,1259,87909.56937801171,0,-110983.98560047937,212628915.66856965,14826090.407435605,14826090.407435605,1.0,True,-5.219609254532109,-74.8572162657382,143.0,142.0,-1.0,-8.450670048789462,-1.7312364703462937,-118.95479102260589,-25.063993128684707,123.0,155.0,126.0,152.0
pm2,ETH|sell|10-25|2-7d,ETH,sell,10-25,2-7d,5732,63660.02718268499,0,-3008.073502930127,162099915.07622895,20670306.468898997,20670306.468898997,1.0,True,-0.18556909801683444,-1.4552631367397193,108.0,108.0,0.0,-1.6047051211373815,1.1355825839327045,-12.592884112596343,8.903670165811377,96.0,124.0,98.0,120.0
pm2,ETH|sell|10-25|30-90d,ETH,sell,10-25,30-90d,4615,54288.409561230364,0,7620.21943054683,127399032.65715903,13387579.267151512,13387579.267151512,1.0,True,0.5981379349287094,5.692006955465215,101.0,102.0,1.0,-1.1176681441530316,2.695932591039106,-10.684018737640413,25.77857997804508,82.0,120.0,82.0,119.0
pm2,ETH|sell|10-25|7-30d,ETH,sell,10-25,7-30d,6458,56041.005098997965,0,4013.410619832418,141383699.7665938,16198722.05095736,16198722.05095736,1.0,True,0.2838665720629775,2.4776094109196856,103.0,104.0,1.0,-1.1295357706904432,1.4874275538931463,-9.844201838829443,12.981494407602995,92.0,120.0,93.0,118.0
pm2,ETH|sell|10-25|<=2d,ETH,sell,10-25,<=2d,8045,55493.599782125704,0,-27105.72798424822,144205240.51639396,20973990.63208844,20973990.63208844,1.0,True,-1.8796631722386474,-12.923495799973676,124.0,118.0,-6.0,-8.309665616807216,2.2205231047060994,-56.89194416580248,15.07483845686118,85.0,151.0,90.0,138.0
pm2,ETH|sell|10-25|>90d,ETH,sell,10-25,>90d,1692,55488.25843371025,0,132932.753598892,138284517.90351763,12241313.820149792,12241313.820149792,1.0,True,9.612988902462705,108.59353460906974,49.0,59.0,10.0,-1.8963612626251323,14.768060081942457,-19.89953892120261,172.25220369238565,39.0,126.0,51.0,124.0
pm2,ETH|sell|25-40|2-7d,ETH,sell,25-40,2-7d,4643,64114.624462662694,0,157048.26509700686,174752428.14976662,24819825.895424016,24819825.895424016,1.0,True,8.986900311474534,63.27532906907359,55.0,66.0,11.0,-0.6315737844159982,15.76400258599161,-4.259108162600537,114.44741793807786,38.0,115.0,58.0,112.0
pm2,ETH|sell|25-40|30-90d,ETH,sell,25-40,30-90d,4389,45504.03556657938,0,-53006.94608548793,106197634.01759343,13543456.295386918,13543456.295386918,1.0,True,-4.991349061195321,-39.13841853171764,142.0,133.0,-9.0,-18.230127719756215,5.402380575746737,-142.80606611646576,42.34916275489169,67.0,166.0,75.0,154.0
pm2,ETH|sell|25-40|7-30d,ETH,sell,25-40,7-30d,5791,49786.492339907665,0,-3662.0399833367205,124780998.63317566,16584056.74917374,16584056.74917374,1.0,True,-0.2934773742356547,-2.208168989483935,109.0,110.0,1.0,-2.7538195965674714,2.43071099386958,-20.611331909601027,18.40462242389019,84.0,132.0,88.0,125.0
pm2,ETH|sell|25-40|<=2d,ETH,sell,25-40,<=2d,6415,32744.8752651837,0,-57892.04545364032,86322337.3978642,13936506.497631313,13936506.497631313,1.0,True,-6.706496510493319,-41.53985467124046,149.0,134.0,-15.0,-13.399550545700341,-0.2664891154114878,-82.83740992424832,-1.6456419151872848,112.0,161.0,110.0,146.0
pm2,ETH|sell|25-40|>90d,ETH,sell,25-40,>90d,1507,18607.14768940686,0,18165.50276098497,45517943.13919433,5935704.748907133,5935704.748907133,1.0,True,3.990844380958665,30.60378426728445,77.0,82.0,5.0,-7.640304012800939,24.221752463538476,-60.21174922267101,179.30465777461933,24.0,150.0,52.0,139.0
pm2,ETH|sell|40-60|2-7d,ETH,sell,40-60,2-7d,6033,56566.165699999656,1,-27161.267034740922,163399500.16431835,26065981.60663715,26065981.60663715,1.0,True,-1.6622613292835609,-10.420197268851323,121.0,113.0,-8.0,-4.264250405655011,0.6681320560796802,-26.75586323792975,4.198764440243155,101.0,140.0,103.0,129.0
pm2,ETH|sell|40-60|30-90d,ETH,sell,40-60,30-90d,5287,34248.08263752955,0,16208.268512072847,88825623.78958902,13097100.23608101,13097100.23608101,1.0,True,1.8247289262462312,12.375463438403658,89.0,94.0,5.0,-1.322592196894547,5.481086198547246,-9.035385394479068,36.95709367253339,67.0,120.0,77.0,116.0
pm2,ETH|sell|40-60|7-30d,ETH,sell,40-60,7-30d,6849,34317.020053039465,0,-133399.33024724544,88973976.97795025,13197384.356674032,13197384.356674032,1.0,True,-14.99307266891136,-101.08012818447939,162.0,146.0,-16.0,-44.56551900314404,4.647009416325049,-303.96002515653663,31.22318476470835,70.0,175.0,80.0,167.0
pm2,ETH|sell|40-60|<=2d,ETH,sell,40-60,<=2d,6678,28659.097525094636,0,-17781.743008396363,74675108.248224,12590647.688957388,12590647.688957388,1.0,True,-2.3812142259357576,-14.122977187259254,129.0,119.0,-10.0,-5.1850540149576405,0.43953670807796635,-30.756738157554597,2.6010074776047074,105.0,143.0,106.0,131.0
pm2,ETH|sell|40-60|>90d,ETH,sell,40-60,>90d,2296,19862.186400749655,0,-46323.112716152595,51693041.81900491,8399895.518228374,8399895.518228374,1.0,True,-8.961189182549118,-55.1472486956869,155.0,137.0,-18.0,-23.90798222784947,8.402583859050303,-145.25725731758845,51.33633856928526,57.0,170.0,73.0,155.0
pm2,ETH|sell|60-75|2-7d,ETH,sell,60-75,2-7d,1639,8265.549900000005,0,-15259.750135092088,23237325.361946616,3926660.9501102474,3926660.9501102474,1.0,True,-6.566913316143267,-38.86189902559233,148.0,131.0,-17.0,-13.696129479935543,0.03538493310835327,-81.58715978225315,0.21220686448519463,109.0,162.0,109.0,145.0
pm2,ETH|sell|60-75|30-90d,ETH,sell,60-75,30-90d,1080,6021.012004476628,0,8886.813398292777,14947044.623725224,2455990.61425782,2455990.61425782,1.0,True,5.945532124917102,36.184231921335325,63.0,76.0,13.0,-0.09437724278520193,12.016902148699646,-0.5801895160840906,72.86071121373641,45.0,109.10000000000036,66.0,109.0
pm2,ETH|sell|60-75|7-30d,ETH,sell,60-75,7-30d,1794,12111.82634221975,0,-47931.07942161157,29331556.39922435,4826602.952172023,4826602.952172023,1.0,True,-16.34113061347098,-99.30603344955496,164.0,145.0,-19.0,-29.3034458461329,-4.417626372258182,-178.15926129245008,-27.066493763811085,140.0,172.0,127.0,160.0
pm2,ETH|sell|60-75|<=2d,ETH,sell,60-75,<=2d,1771,7940.423000760263,0,85.52624675321815,19961076.499034915,3483649.1376212034,3483649.1376212034,1.0,True,0.04284651018563713,0.2455076368902622,106.0,106.0,0.0,-10.52496630997621,9.96632261292614,-60.22180200763223,57.00363248886209,52.0,157.0,71.0,139.0
pm2,ETH|sell|60-75|>90d,ETH,sell,60-75,>90d,1083,7267.236724452421,0,-60203.39735323743,17623755.294760212,3419849.952143655,3419849.952143655,1.0,True,-34.160368404080565,-176.04104915626576,171.0,157.0,-14.0,-55.30109912046906,-8.032552490441956,-280.69353218260676,-42.103337039879754,152.0,177.0,134.0,168.0
pm2,ETH|sell|75-90|2-7d,ETH,sell,75-90,2-7d,856,3907.230460304174,0,-11958.955140230259,10162867.218966423,1754834.8585892248,1754834.8585892248,1.0,True,-11.767304327180318,-68.1486071563708,158.0,140.0,-18.0,-20.372160718828205,-3.6663379983986264,-118.36089645547861,-21.223714785025926,135.0,168.0,124.0,151.0
pm2,ETH|sell|75-90|30-90d,ETH,sell,75-90,30-90d,518,5578.073267661812,0,16545.83912375433,14776651.495642813,2592662.182312022,2592662.182312022,1.0,True,11.197285886205814,63.817952206173956,45.0,65.0,20.0,-0.29504386866105275,22.570880996905654,-1.6772115364904214,128.58417362808515,26.0,112.0,56.0,110.0
pm2,ETH|sell|75-90|7-30d,ETH,sell,75-90,7-30d,951,5588.4251007257735,0,-54074.65850441956,14182737.66344718,2512668.672231534,2512668.672231534,1.0,True,-38.12709491467564,-215.20807379826624,174.0,163.0,-11.0,-86.91022692764383,17.06165351941,-487.1395467719081,97.51653828272958,35.0,179.0,62.0,174.0
pm2,ETH|sell|75-90|<=2d,ETH,sell,75-90,<=2d,1210,7473.00117981294,0,11207.01487005121,18748948.747183453,3216109.107843646,3216109.107843646,1.0,True,5.977409731697505,34.84650083145143,62.0,78.0,16.0,-18.075852781095318,20.352129663412725,-101.52102055335135,121.7239462511954,28.0,166.0,57.0,148.0
pm2,ETH|sell|75-90|>90d,ETH,sell,75-90,>90d,465,2999.0822662669934,0,-127157.43279494318,8280600.204539678,1766039.6996479575,1766039.6996479575,1.0,True,-153.5606473613248,-720.0145773636388,180.0,178.0,-2.0,-200.03057755542264,-104.19771921196912,-919.3860999569329,-502.67061927397134,179.0,181.0,173.0,179.0
pm2,ETH|sell|90-100|2-7d,ETH,sell,90-100,2-7d,458,2234.429108509112,0,-3221.3299977906836,6096168.092591504,1057909.4547208217,1057909.4547208217,1.0,True,-5.284188278380106,-30.44995943098722,144.0,129.0,-15.0,-23.493247760102733,16.5107683857183,-135.18643730890895,94.62703152438037,37.0,168.0,63.0,152.0
pm2,ETH|sell|90-100|30-90d,ETH,sell,90-100,30-90d,273,3038.168298974756,0,-39551.40184825859,9133693.341090983,1727729.283951084,1727729.283951084,1.0,True,-43.30274771797225,-228.92129117479487,176.0,166.0,-10.0,-74.15368929302807,-13.19855682340303,-386.48812278057665,-71.02206215979744,161.0,178.0,142.0,171.0
pm2,ETH|sell|90-100|7-30d,ETH,sell,90-100,7-30d,489,3663.1616539755287,0,6340.71311939082,9202210.997486243,1660591.4997951915,1660591.4997951915,1.0,True,6.890423530956751,38.183461255660106,59.0,75.0,16.0,-12.230593727371717,21.98251150851704,-67.28120976012507,122.90844370613594,27.0,159.0,58.0,141.0
pm2,ETH|sell|90-100|<=2d,ETH,sell,90-100,<=2d,1109,9176.693279676294,0,-11866.794955690217,21110222.628893092,3784571.3938946403,3784571.3938946403,1.0,True,-5.621349980197935,-31.355716990394235,145.0,130.0,-15.0,-13.04183194458795,4.528044447652408,-72.76700326999809,25.257013239921573,73.0,161.0,84.89999999999986,143.0
pm2,ETH|sell|90-100|>90d,ETH,sell,90-100,>90d,227,1825.1336398571682,0,-87077.76390284179,5149814.976383944,1071450.9623674303,1071450.9623674303,1.0,True,-169.0891115548104,-812.7088122674196,181.0,179.0,-2.0,-205.99749880360665,-127.66790070892569,-961.4417045612803,-629.94520104594,180.0,181.0,175.0,180.0
pm2,HYPE|buy|00-10|2-7d,HYPE,buy,00-10,2-7d,216,240778.839,0,32216.628831161343,16949389.909338817,46358.95733734491,46358.95733734491,1.0,True,19.00754481635386,6949.385983107287,32.0,1.0,-31.0,5.049211303286394,27.254381912676173,1926.7998547392508,9295.960649761184,20.0,69.0,1.0,6.0
pm2,HYPE|buy|00-10|30-90d,HYPE,buy,00-10,30-90d,186,926521.12,4,178413.99405237412,46836625.391097955,399395.5994636912,399395.5994636912,1.0,False,38.092837082640145,4467.099644862102,,,,,,,,,,,
pm2,HYPE|buy|00-10|7-30d,HYPE,buy,00-10,7-30d,485,238303.1686,0,12419.560068041335,13550367.099809268,60282.92741026355,60282.92741026355,1.0,True,9.16547867416533,2060.2118380081897,53.0,6.0,-47.0,5.540038069010335,12.610128446086547,944.521246762281,3476.361337231132,43.0,68.0,3.0,18.0
pm2,HYPE|buy|00-10|<=2d,HYPE,buy,00-10,<=2d,181,41723.0,0,-892.0788524002757,2240544.8994181277,4013.2280329951204,4013.2280329951204,1.0,False,-3.981526335990632,-2222.846160412436,,,,,,,,,,,
pm2,HYPE|buy|00-10|>90d,HYPE,buy,00-10,>90d,196,67615.44,1,31148.179656834505,5592061.689083756,38090.208671999884,38090.208671999884,1.0,False,55.70070823367124,8177.476769701064,,,,,,,,,,,
pm2,HYPE|buy|10-25|2-7d,HYPE,buy,10-25,2-7d,1329,840716.6448156161,0,114866.59957255353,48018849.47311279,514489.4479847114,514489.4479847114,1.0,True,23.921147806107022,2232.6327589903635,23.0,4.0,-19.0,18.575458586295095,29.24699211531,1743.055323501582,2756.433822987646,17.0,33.0,3.0,8.0
pm2,HYPE|buy|10-25|30-90d,HYPE,buy,10-25,30-90d,1554,1331089.4059496867,0,154401.76373642494,72712401.00495721,2117384.2808818785,2117384.2808818785,1.0,True,21.234584692905205,729.2099272226461,27.0,24.0,-3.0,12.087111794606574,31.239268500449302,410.61147797987286,1078.0854515140636,16.0,46.0,15.0,34.0
pm2,HYPE|buy|10-25|7-30d,HYPE,buy,10-25,7-30d,3225,1765183.4789893222,0,231581.24207121198,97121301.96090691,1688646.0681135796,1688646.0681135796,1.0,True,23.844536409162597,1371.401896727335,24.0,12.0,-12.0,17.56071047636665,30.3656953942749,950.4319389123245,1856.0544473629238,16.0,35.0,7.0,18.0
pm2,HYPE|buy|10-25|<=2d,HYPE,buy,10-25,<=2d,610,666964.7343000001,0,-13857.277246816118,43238338.69596843,250122.9753690175,250122.9753690175,1.0,True,-3.204858850904043,-554.0185673216091,134.0,177.0,43.0,-10.744615407032084,5.522140230527417,-1771.7906509542133,964.3527690898663,68.0,158.0,18.0,180.0
pm2,HYPE|buy|10-25|>90d,HYPE,buy,10-25,>90d,761,814098.5860000001,0,220869.3166618409,50312146.30953407,2352850.6932572164,2352850.6932572164,1.0,True,43.899800120430655,938.7306950449796,6.0,17.0,11.0,18.510903502772646,65.95381449275493,376.51799176686285,1464.540571080148,4.0,32.0,11.0,35.0
pm2,HYPE|buy|25-40|2-7d,HYPE,buy,25-40,2-7d,1522,1099165.3947580706,0,172594.7406684047,60125902.284704655,1178944.5270005988,1178944.5270005988,1.0,True,28.705555195021304,1463.9767751202855,14.0,11.0,-3.0,21.884524416420895,36.5902671525754,1094.7112986411303,1915.071759871706,11.0,27.0,6.0,16.0
pm2,HYPE|buy|25-40|30-90d,HYPE,buy,25-40,30-90d,1320,2221096.55,0,334407.1303539116,121168536.36473154,7693413.874757223,7693413.874757223,1.0,True,27.598511988896757,434.6667627633179,18.0,30.0,12.0,3.74256760784495,42.392244405533376,54.50811137954671,717.3127248943026,8.0,77.0,23.0,73.0
pm2,HYPE|buy|25-40|7-30d,HYPE,buy,25-40,7-30d,3682,3136372.274009669,0,455576.11329303245,159449466.58195916,5817663.96320852,5817663.96320852,1.0,True,28.571817959570296,783.0911447861903,15.0,23.0,8.0,14.229553022265291,42.45127003195065,378.6561083283764,1205.7638267721984,9.0,41.0,14.0,36.0
pm2,HYPE|buy|25-40|<=2d,HYPE,buy,25-40,<=2d,661,297105.3499,0,19211.728908989637,16224856.012202786,169093.73094648268,169093.73094648268,1.0,True,11.840924131801485,1136.158555462358,43.0,13.0,-30.0,3.921544099575518,21.598419654637723,353.87479889942864,2227.757104651802,27.0,75.0,5.0,37.0
pm2,HYPE|buy|25-40|>90d,HYPE,buy,25-40,>90d,641,707245.6252954319,0,108762.81500376835,38325208.09569437,3493250.859146566,3493250.859146566,1.0,True,28.378923535704757,311.3512867791583,16.0,38.0,22.0,-4.377614732924744,72.33467375304166,-46.74832325697733,844.884555439738,4.0,139.10000000000036,21.0,135.0
pm2,HYPE|buy|40-60|2-7d,HYPE,buy,40-60,2-7d,1594,747157.1891,0,120164.11541879136,37806932.730523944,1321277.202312088,1321277.202312088,1.0,True,31.783619230706655,909.4542402496428,12.0,18.0,6.0,22.87724254748274,40.910516803441276,651.2125371557058,1173.5557386405544,9.0,25.0,14.0,26.0
pm2,HYPE|buy|40-60|30-90d,HYPE,buy,40-60,30-90d,1229,712772.4800000001,0,74022.74044954445,35727953.87697373,3883202.398611713,3883202.398611713,1.0,True,20.718438202320698,190.62292626314917,29.0,53.0,24.0,0.3114608215075988,37.58715702286475,2.8802291272215887,346.37290376778685,11.0,106.0,37.0,106.0
pm2,HYPE|buy|40-60|7-30d,HYPE,buy,40-60,7-30d,2850,2387897.8559115394,0,257339.51685336806,130525092.8082182,8520640.417876018,8520640.417876018,1.0,True,19.715712229485217,302.01898476255184,31.0,39.0,8.0,7.811894257557664,33.11325997226122,113.92523903345331,537.9014079030534,14.0,58.0,29.0,59.0
pm2,HYPE|buy|40-60|<=2d,HYPE,buy,40-60,<=2d,631,312308.5,0,4330.9886041414165,16373270.56645216,291838.6202285479,291838.6202285479,1.0,True,2.6451579032813086,148.40354579355142,82.0,54.0,-28.0,-4.1589336982892595,14.492534747097595,-235.30620369379912,776.2742096260008,41.0,139.0,23.0,164.0
pm2,HYPE|buy|40-60|>90d,HYPE,buy,40-60,>90d,473,404024.9517235621,0,62826.74999553084,22352507.79022486,2680046.9088847646,2680046.9088847646,1.0,True,28.107248898043583,234.4240684267524,17.0,46.0,29.0,-3.0956809760608994,52.10606575593227,-25.483909180539676,469.0582833424846,6.0,132.0,32.0,126.0
pm2,HYPE|buy|60-75|2-7d,HYPE,buy,60-75,2-7d,598,340441.6061173347,0,-2372.2444233653564,19890644.380103793,1193424.747064646,1193424.747064646,1.0,True,-1.1926433241842402,-19.877620513569386,116.0,124.0,8.0,-20.349833208566093,58.47992378606983,-376.53364061375845,789.820569149801,6.0,168.0,22.0,171.0
pm2,HYPE|buy|60-75|30-90d,HYPE,buy,60-75,30-90d,288,323640.50000000006,0,-17384.63664816757,16086607.924065053,2499117.921278648,2499117.921278648,1.0,True,-10.806900205580758,-69.56309064148881,157.0,141.0,-16.0,-47.094773404719874,26.216397108931478,-310.9977101038124,169.40052414314476,22.0,175.0,53.0,168.0
pm2,HYPE|buy|60-75|7-30d,HYPE,buy,60-75,7-30d,1034,777642.4474711823,0,96971.34920737275,37148326.960239545,3898175.8324881266,3898175.8324881266,1.0,True,26.10382677829953,248.76083936285116,19.0,44.0,25.0,9.895382683837273,44.0086897608001,95.33968230845204,413.79254305160833,8.0,51.0,34.0,62.0
pm2,HYPE|buy|60-75|<=2d,HYPE,buy,60-75,<=2d,335,242733.0,0,14196.541091035242,12524345.505846024,361616.43462632765,361616.43462632765,1.0,True,11.335156064170125,392.58561646140555,44.0,33.0,-11.0,-11.601671961622124,80.12704001039194,-429.21855705125205,2348.826260192608,3.0,159.0,5.0,172.0
pm2,HYPE|buy|60-75|>90d,HYPE,buy,60-75,>90d,189,225064.1117235621,0,19465.10273330823,14639249.865616588,2504886.5772495368,2504886.5772495368,1.0,False,13.296516496399308,77.70851945991772,,,,,,,,,,,
pm2,HYPE|buy|75-90|2-7d,HYPE,buy,75-90,2-7d,203,188741.05574649255,0,16687.558831560844,13153096.572728217,1184236.0769469985,1184236.0769469985,1.0,True,12.687171221840659,140.9141230909123,42.0,57.0,15.0,8.089566895352739,57.8028321658697,91.11501102808649,562.5807886180972,5.0,58.0,29.0,64.0
pm2,HYPE|buy|75-90|30-90d,HYPE,buy,75-90,30-90d,218,97515.8,0,19382.345819161437,5547885.971085027,994446.3490175903,994446.3490175903,1.0,True,34.936453128597265,194.90589752085853,9.0,52.0,43.0,7.508974662278641,69.83722550079038,42.19773894880483,392.5047508750008,4.0,59.0,35.0,76.0
pm2,HYPE|buy|75-90|7-30d,HYPE,buy,75-90,7-30d,736,616316.6828295654,0,105810.5441870752,29994681.897750992,4138964.131916039,4138964.131916039,1.0,True,35.276434851942504,255.6449894580087,8.0,43.0,35.0,4.346203212477698,62.45910540260246,30.662097639244998,448.5359093343489,4.0,72.0,32.0,80.0
pm2,HYPE|buy|75-90|<=2d,HYPE,buy,75-90,<=2d,255,129417.43853381717,0,-8391.674711045516,4799263.329509262,392155.61264305393,392155.61264305393,1.0,True,-17.485339175801357,-213.98838727532754,166.0,162.0,-4.0,-38.46797335374881,27.663177410868627,-410.69507582154506,605.2330961538556,19.0,174.0,27.0,172.0
pm2,HYPE|buy|75-90|>90d,HYPE,buy,75-90,>90d,51,124303.0,0,86237.18904161266,8695822.927976971,1679504.3074004797,1679504.3074004797,1.0,False,99.17082000849251,513.4681028302317,,,,,,,,,,,
pm2,HYPE|buy|90-100|2-7d,HYPE,buy,90-100,2-7d,131,26348.177435110887,0,6711.044598912704,1742415.613524028,259687.59119118282,259687.59119118282,1.0,False,38.51575104598406,258.42761943800434,,,,,,,,,,,
pm2,HYPE|buy|90-100|30-90d,HYPE,buy,90-100,30-90d,25,29859.16,0,22647.108188593567,2003909.811793329,452815.40865902463,452815.40865902463,1.0,False,113.0146080193416,500.1399633387279,,,,,,,,,,,
pm2,HYPE|buy|90-100|7-30d,HYPE,buy,90-100,7-30d,99,92673.0,0,38070.68203396223,6996407.942538326,1402457.5105459807,1402457.5105459807,1.0,False,54.41461153585911,271.4569371812284,,,,,,,,,,,
pm2,HYPE|buy|90-100|<=2d,HYPE,buy,90-100,<=2d,146,30686.704319381675,0,-588.8540583127258,1553731.4057431093,177003.61541180676,177003.61541180676,1.0,False,-3.789934709024512,-33.267911332925635,,,,,,,,,,,
pm2,HYPE|buy|90-100|>90d,HYPE,buy,90-100,>90d,8,15820.0,0,7528.6933491091095,955641.2577610668,249733.6793394569,249733.6793394569,1.0,False,78.78158553710604,301.46888353314733,,,,,,,,,,,
pm2,HYPE|sell|00-10|2-7d,HYPE,sell,00-10,2-7d,439,257146.83544480367,0,9809.700606185052,17623298.023137182,3686699.777580796,3686699.777580796,1.0,True,5.566325096078012,26.608352179471893,69.0,85.0,16.0,2.1416871460988993,10.442268635046128,9.729815167816486,50.48202690877093,50.0,87.0,72.0,98.0
pm2,HYPE|sell|00-10|30-90d,HYPE,sell,00-10,30-90d,450,360342.00815227383,0,-17350.93894959654,20874509.31913908,4442087.2521806685,4442087.2521806685,1.0,True,-8.312022421378831,-39.060328995291066,152.0,132.0,-20.0,-12.920252060941374,-2.8150176327894165,-64.55511416548292,-16.05945913873059,132.0,161.0,120.0,142.0
pm2,HYPE|sell|00-10|7-30d,HYPE,sell,00-10,7-30d,685,262242.7688180837,0,1834.5903743642978,15678097.547881149,3167002.0708850008,3167002.0708850008,1.0,True,1.1701613469117862,5.792829727615656,93.0,101.0,8.0,-1.8546523815666627,4.6105052968669975,-8.904677717935039,22.76000655067394,70.0,126.0,84.0,117.0
pm2,HYPE|sell|00-10|<=2d,HYPE,sell,00-10,<=2d,506,272085.82325367164,0,7736.876631882691,12339266.906445906,3992185.143525117,3992185.143525117,1.0,True,6.270126653829838,19.380054666129524,61.0,89.0,28.0,4.334941817958812,8.706816752596696,13.113433340440931,27.55976395336845,54.0,74.0,80.0,96.0
pm2,HYPE|sell|00-10|>90d,HYPE,sell,00-10,>90d,149,220096.8434997073,0,-26006.52678361446,15172607.717670321,1616138.7699638943,1616138.7699638943,1.0,False,-17.140446301347882,-160.91765921929752,,,,,,,,,,,
pm2,HYPE|sell|10-25|2-7d,HYPE,sell,10-25,2-7d,806,276804.0565596901,0,9446.867588099085,16709187.952048501,4078840.406891608,4078840.406891608,1.0,True,5.653696406557522,23.16066981227718,68.0,86.0,18.0,-1.9577937482924728,13.354349546114047,-7.67254676196966,57.02823443151811,43.0,125.0,70.0,115.0
pm2,HYPE|sell|10-25|30-90d,HYPE,sell,10-25,30-90d,1187,1470086.94,0,-126820.08945055566,76135092.9082061,19540414.740413304,19540414.740413304,1.0,True,-16.657244984708825,-64.9014317942124,165.0,139.0,-26.0,-29.509833549070425,-4.083634453131275,-112.34811679881713,-17.247552404678657,138.0,172.0,122.0,151.0
pm2,HYPE|sell|10-25|7-30d,HYPE,sell,10-25,7-30d,1755,1320103.308729277,0,-9689.375757346996,74169416.58267108,19558178.80415394,19558178.80415394,1.0,True,-1.306384248896845,-4.954129857576043,119.0,111.0,-8.0,-11.217321529892937,7.651999642844808,-40.418859345141676,30.492021180977165,59.0,158.0,81.0,134.0
pm2,HYPE|sell|10-25|<=2d,HYPE,sell,10-25,<=2d,788,324095.0,0,6854.084427176393,15173703.749546627,5078203.352715625,5078203.352715625,1.0,True,4.517080694541162,13.49706569649499,74.0,93.0,19.0,-1.9573614567273425,10.734543263020598,-5.697232879001997,32.99777292401679,49.0,125.0,79.0,114.0
pm2,HYPE|sell|10-25|>90d,HYPE,sell,10-25,>90d,467,422184.0695248364,0,-105873.07581349298,27618956.914338212,4801476.207314442,4801476.207314442,1.0,True,-38.33348092828575,-220.50109433471468,175.0,164.0,-11.0,-77.88954403046553,-10.986174442843938,-444.381858497565,-62.91185006873123,158.0,178.0,140.0,173.0
pm2,HYPE|sell|25-40|2-7d,HYPE,sell,25-40,2-7d,826,583851.6068194897,1,33612.64487551172,36271323.17258655,10172622.930624492,10172622.930624492,1.0,True,9.267002671938853,33.0422597050378,52.0,79.0,27.0,-7.151828684661573,20.71385686973061,-26.88531927841935,74.55477826115732,28.0,149.0,65.0,128.0
pm2,HYPE|sell|25-40|30-90d,HYPE,sell,25-40,30-90d,980,1358125.6,0,-3195.75374757487,78852695.64756235,19781543.36490156,19781543.36490156,1.0,True,-0.4052814835726752,-1.61552295926773,110.0,109.0,-1.0,-24.168692654434565,31.03407021586557,-103.90359947697786,114.03050346527465,16.0,169.0,59.0,148.0
pm2,HYPE|sell|25-40|7-30d,HYPE,sell,25-40,7-30d,1635,1288531.3308535074,0,-102507.53270296573,77487524.64428084,19850026.084382307,19850026.084382307,1.0,True,-13.22890790143876,-51.64100654941561,160.0,136.0,-24.0,-28.303586814066886,1.5387384078427493,-110.32828879038362,6.0621101629610195,92.0,170.0,103.0,149.0
pm2,HYPE|sell|25-40|<=2d,HYPE,sell,25-40,<=2d,959,608938.0285338172,0,-17675.23366894707,28577138.18199381,9990432.15825107,9990432.15825107,1.0,True,-6.185095777044627,-17.692161248849622,146.0,121.0,-25.0,-13.250318043149012,3.1487029857880304,-40.25129075373244,9.155314332670914,79.0,161.0,98.0,134.0
pm2,HYPE|sell|25-40|>90d,HYPE,sell,25-40,>90d,496,939838.876408579,0,14853.278188689424,50675152.598963894,14478144.870159121,14478144.870159121,1.0,True,2.931077150617819,10.259103166803843,79.0,96.0,17.0,-20.7854449285443,26.675184742447758,-78.60596589815174,88.99036297648995,21.0,167.0,63.0,143.0
pm2,HYPE|sell|40-60|2-7d,HYPE,sell,40-60,2-7d,955,241685.2393999999,0,5787.26645945119,11730354.30138622,3696387.4500248185,3696387.4500248185,1.0,True,4.933581979503625,15.656547203709211,72.0,91.0,19.0,-5.792555168797415,16.89600149363456,-18.140169208125542,54.12888228247066,35.0,145.0,71.0,123.0
pm2,HYPE|sell|40-60|30-90d,HYPE,sell,40-60,30-90d,1142,1608187.63,0,114226.43810479007,81924997.88940117,25920539.61296006,25920539.61296006,1.0,True,13.942806353073806,44.0679244376833,40.0,72.0,32.0,-4.354414811601769,35.772419104243454,-14.141835406272339,106.77889910445145,12.0,139.0,60.0,120.0
pm2,HYPE|sell|40-60|7-30d,HYPE,sell,40-60,7-30d,1487,1845657.5632022247,0,166551.88626025335,93724842.42970918,30469120.744158693,30469120.744158693,1.0,True,17.77030314936643,54.66251804859955,34.0,68.0,34.0,-4.61374038980132,37.79423335141126,-14.015635411308493,118.55249262872653,10.0,141.0,57.0,121.0
pm2,HYPE|sell|40-60|<=2d,HYPE,sell,40-60,<=2d,1055,251157.9037,0,11500.421268437105,11131846.194635203,3829773.56134568,3829773.56134568,1.0,True,10.33109968226073,30.028984962745852,47.0,83.0,36.0,-0.05086801787531606,20.183724943215577,-0.1416913704373422,59.30954722707021,30.0,109.0,69.0,109.0
pm2,HYPE|sell|40-60|>90d,HYPE,sell,40-60,>90d,582,446882.04,0,65566.06091875226,26434748.325285982,8101931.54126337,8101931.54126337,1.0,True,24.802982843621585,80.92645634540656,21.0,63.0,42.0,-0.14159141059431105,56.87483262947791,-0.46981032939824513,189.27842091823072,5.0,110.0,50.0,109.0
pm2,HYPE|sell|60-75|2-7d,HYPE,sell,60-75,2-7d,263,69056.019,0,-22809.7368447181,2864158.4692782513,1026191.6670593922,1026191.6670593922,1.0,True,-79.63852939486969,-222.27559993817368,179.0,165.0,-14.0,-153.51697737806782,-18.233775339031457,-418.76168885920396,-51.13524566151489,167.0,180.0,138.0,172.0
pm2,HYPE|sell|60-75|30-90d,HYPE,sell,60-75,30-90d,160,90205.765,0,-26401.274343311037,4703422.652323902,1620479.2438475173,1620479.2438475173,1.0,False,-56.132047436278135,-162.9226319531639,,,,,,,,,,,
pm2,HYPE|sell|60-75|7-30d,HYPE,sell,60-75,7-30d,255,244720.57349999997,0,-12128.110138488046,14217196.63898505,4817122.807248911,4817122.807248911,1.0,True,-8.530591822322757,-25.177083134018094,153.0,127.0,-26.0,-84.89358327126243,90.83387452659473,-228.20050702447855,305.47805251064403,3.0,178.0,40.0,163.0
pm2,HYPE|sell|60-75|<=2d,HYPE,sell,60-75,<=2d,197,45060.3,0,-2270.6951016751245,1961438.714600365,708627.9871792325,708627.9871792325,1.0,False,-11.576681365432156,-32.043542489958135,,,,,,,,,,,
pm2,HYPE|sell|60-75|>90d,HYPE,sell,60-75,>90d,204,196799.48313556152,0,56642.38159611183,11264975.545602487,3889493.558290228,3889493.558290228,1.0,True,50.2818504725679,145.6291950281854,5.0,55.0,50.0,-16.569464620854117,140.75484277099739,-43.52952050902346,451.44382439542983,2.0,163.0,32.0,133.0
pm2,HYPE|sell|75-90|2-7d,HYPE,sell,75-90,2-7d,162,26282.446781150546,0,1371.5907403457193,1589919.8805116126,477770.8330479762,477770.8330479762,1.0,False,8.626791558228467,28.708130456510904,,,,,,,,,,,
pm2,HYPE|sell|75-90|30-90d,HYPE,sell,75-90,30-90d,104,34505.37247765609,0,-7145.005816873126,2038720.8735607064,628852.0981425565,628852.0981425565,1.0,False,-35.046513279643285,-113.61981359332924,,,,,,,,,,,
pm2,HYPE|sell|75-90|7-30d,HYPE,sell,75-90,7-30d,269,166704.45947260284,0,-66042.78085671061,8890662.225416668,3124403.965617558,3124403.965617558,1.0,True,-74.28330891697493,-211.37721492955808,178.0,161.0,-17.0,-130.2716477587919,57.71058953678729,-345.0197980380689,194.50679741904798,6.0,179.0,51.0,170.0
pm2,HYPE|sell|75-90|<=2d,HYPE,sell,75-90,<=2d,240,112302.0,0,-23668.579253935015,3843216.7041143994,1481940.8805460096,1481940.8805460096,1.0,True,-61.58533612896808,-159.7133837431795,177.0,155.0,-22.0,-84.34805923941578,5.755450312607196,-213.4627781639147,17.201753275083057,67.0,178.0,91.0,163.0
pm2,HYPE|sell|75-90|>90d,HYPE,sell,75-90,>90d,47,21457.0,0,12927.603901824246,1221473.3313136173,421742.4497836105,421742.4497836105,1.0,False,105.83615352388763,306.5284015981128,,,,,,,,,,,
pm2,HYPE|sell|90-100|2-7d,HYPE,sell,90-100,2-7d,76,168351.759,0,5133.1139176080615,12111354.13446895,3700925.1432925733,3700925.1432925733,1.0,False,4.238265895470106,13.869812868036894,,,,,,,,,,,
pm2,HYPE|sell|90-100|30-90d,HYPE,sell,90-100,30-90d,44,9009.0,0,-2792.942111472703,671023.2055382706,201047.96379252942,201047.96379252942,1.0,False,-41.62213897256065,-138.91919414587394,,,,,,,,,,,
pm2,HYPE|sell|90-100|7-30d,HYPE,sell,90-100,7-30d,94,76307.09000168307,0,81861.97913695022,4170685.1889897296,1502746.9868599183,1502746.9868599183,1.0,False,196.27944912519217,544.7489155044378,,,,,,,,,,,
pm2,HYPE|sell|90-100|<=2d,HYPE,sell,90-100,<=2d,175,40780.90613262388,0,-8821.522820873002,2191114.9678887525,737540.1413598892,737540.1413598892,1.0,False,-40.26042882347235,-119.60735865315381,,,,,,,,,,,
pm2,HYPE|sell|90-100|>90d,HYPE,sell,90-100,>90d,27,12329.467658247022,0,509.20787895713653,586641.1587163773,244790.99366719596,244790.99366719596,1.0,False,8.680057159155494,20.801740755602587,,,,,,,,,,,
sm_all,BTC|buy|00-10|2-7d,BTC,buy,00-10,2-7d,2930,4360.315004508309,0,80817.2449667462,324955684.0029542,392368.97146084014,392368.97146084014,1.0,True,2.4870235833761103,2059.725687937382,87.0,8.0,-79.0,1.375364491119391,3.648581290776024,1123.022593130415,3246.1995867517626,79.0,102.0,4.0,16.0
sm_all,BTC|buy|00-10|30-90d,BTC,buy,00-10,30-90d,1279,3841.990900016552,0,189933.2674567905,281706287.3955726,1190089.2746901845,1190089.2746901845,1.0,True,6.742244527545307,1595.9581478140433,68.0,11.0,-57.0,5.238339535565427,8.100904672463624,1189.920636084933,2136.9053940873087,62.0,77.0,6.0,16.0
sm_all,BTC|buy|00-10|7-30d,BTC,buy,00-10,7-30d,2677,4792.656889421988,0,92264.05061534166,349121599.91898954,689211.7307688922,689211.7307688922,1.0,True,2.6427482755793594,1338.6894983985671,83.0,14.0,-69.0,1.7289360483143008,3.6315092341005437,873.9235841657546,1809.6428690061864,79.0,99.0,9.0,21.0
sm_all,BTC|buy|00-10|<=2d,BTC,buy,00-10,<=2d,3874,2842.8151852853302,0,-29282.619963794903,220446303.55520687,156576.33223151867,156576.33223151867,1.0,True,-1.3283334531604696,-1870.1817539381818,131.0,182.0,51.0,-2.2963708112893477,-0.4658918889542701,-2882.605303312219,-733.6896332314616,118.0,136.0,177.0,182.0
sm_all,BTC|buy|00-10|>90d,BTC,buy,00-10,>90d,479,1743.8113264190542,0,168643.28393404026,121469111.87299989,564628.7790618261,564628.7790618261,1.0,True,13.883635216692996,2986.799295180348,47.0,4.0,-43.0,5.490103966372494,19.022254584851765,848.7076742461168,7840.82942064084,38.0,73.0,1.0,21.0
sm_all,BTC|buy|10-25|2-7d,BTC,buy,10-25,2-7d,4858,6843.934610000058,0,82672.59984206394,516637524.04876584,2189852.0106253843,2189852.0106253843,1.0,True,1.6002050953283138,377.5259672385535,95.0,34.0,-61.0,-1.193151851621208,4.423388968570674,-251.95638158600147,1161.1683374586373,76.0,127.0,16.0,166.0
sm_all,BTC|buy|10-25|30-90d,BTC,buy,10-25,30-90d,2649,4433.794021976467,0,352373.241491441,324422239.7194534,4019297.6112298807,4019297.6112298807,1.0,True,10.861562443935977,876.7035327439137,56.0,20.0,-36.0,6.292064630326626,16.44849969869633,472.74133825600893,1360.4668464196545,44.0,72.0,13.0,31.0
sm_all,BTC|buy|10-25|7-30d,BTC,buy,10-25,7-30d,5202,5807.745682511177,0,112021.30330991502,434630182.3528091,3298246.0225626985,3298246.0225626985,1.0,True,2.577393560279305,339.63901583932113,86.0,39.0,-47.0,1.408798903335859,3.753993893876353,178.41611489294496,514.0460700607354,79.0,101.0,29.0,56.0
sm_all,BTC|buy|10-25|<=2d,BTC,buy,10-25,<=2d,5025,2907.8915419999985,0,12120.527900589996,229703775.2553214,497570.6090713507,497570.6090713507,1.0,True,0.5276590638145903,243.594128745091,108.0,48.0,-60.0,-0.22459822359881945,1.2726574428635544,-102.30467443839247,595.5993398618128,100.0,119.0,28.0,152.0
sm_all,BTC|buy|10-25|>90d,BTC,buy,10-25,>90d,871,1974.9461707965859,0,287218.33112135745,151787930.1784825,3462326.5913791168,3462326.5913791168,1.0,True,18.922343218174642,829.5529712202926,41.0,23.0,-18.0,15.074987963274376,21.650007895205533,565.788628903898,997.6233681154629,33.0,49.0,17.0,29.0
sm_all,BTC|buy|25-40|2-7d,BTC,buy,25-40,2-7d,3145,2562.464921913281,0,-17627.685736371554,189261673.78203598,1943504.6233950541,1943504.6233950541,1.0,True,-0.9313922562405611,-90.70050837120336,124.0,150.0,26.0,-3.7810524766315696,0.9387283861072935,-363.17882945302466,92.18326558839706,104.0,143.0,69.0,172.0
sm_all,BTC|buy|25-40|30-90d,BTC,buy,25-40,30-90d,2575,1685.853366578359,0,-2284.591029743324,136030182.5274816,4556918.078875249,4556918.078875249,1.0,True,-0.1679473619232833,-5.013456441830995,113.0,118.0,5.0,-3.026423668009334,2.8385677735338177,-89.97865490694264,84.28911368462263,86.0,139.0,70.0,150.0
sm_all,BTC|buy|25-40|7-30d,BTC,buy,25-40,7-30d,4588,6607.781091060736,0,1502133.944150623,495572460.6894534,8215331.79882255,8215331.79882255,1.0,True,30.311085932031308,1828.4519492760037,17.0,9.0,-8.0,2.73553640208308,63.341251761806895,147.85500960241336,4537.576577525305,7.0,87.0,4.0,59.0
sm_all,BTC|buy|25-40|<=2d,BTC,buy,25-40,<=2d,3698,1728.7922769999732,0,-12460.297999356648,138481340.9933685,735155.8385774525,735155.8385774525,1.0,True,-0.8997817258249498,-169.49192736423996,123.0,161.0,38.0,-2.21334089303582,0.47318858174040634,-419.32678127992693,88.3365765985604,109.0,136.0,70.0,174.0
sm_all,BTC|buy|25-40|>90d,BTC,buy,25-40,>90d,777,835.8099079120286,0,93409.73214457341,70342470.95840627,3643439.6214108723,3643439.6214108723,1.0,True,13.279279341751712,256.37787873756986,48.0,47.0,-1.0,6.422027515901414,23.51083377482699,125.09425532207194,423.7228497761249,32.0,70.0,34.0,62.0
sm_all,BTC|buy|40-60|2-7d,BTC,buy,40-60,2-7d,3562,2898.208669284045,0,-151836.34882515922,227823159.6861179,4091714.2072799318,4091714.2072799318,1.0,True,-6.664658195169926,-371.0824880071382,151.0,174.0,23.0,-9.403464760417537,-3.4429373440275386,-523.8274112270766,-191.19516282448294,139.0,158.0,162.0,176.0
sm_all,BTC|buy|40-60|30-90d,BTC,buy,40-60,30-90d,2800,2946.4746836504223,0,-241215.75421395726,243800424.3008049,15390040.82714078,15390040.82714078,1.0,True,-9.893984184225264,-156.73496706296342,159.0,158.0,-1.0,-26.29598808240104,2.324346534458167,-401.26570172451085,36.722366083427225,92.0,169.0,84.89999999999986,173.0
sm_all,BTC|buy|40-60|7-30d,BTC,buy,40-60,7-30d,4747,4080.260495700253,0,2944333.6082779495,310255281.4996449,7953270.733744931,7953270.733744931,1.0,True,94.9003541227813,3702.041219074106,4.0,3.0,-1.0,32.77080445984435,153.11680051703968,1068.8457706328245,7359.799749325716,2.0,18.0,1.0,16.0
sm_all,BTC|buy|40-60|<=2d,BTC,buy,40-60,<=2d,3994,1874.172832522465,0,-27774.81040810782,151178590.16765752,1369254.4958290597,1369254.4958290597,1.0,True,-1.837218509400403,-202.84622393217452,133.0,165.0,32.0,-4.0182832788034615,0.33647774010477516,-454.509845095173,36.76156218549182,111.0,143.0,85.0,174.0
sm_all,BTC|buy|40-60|>90d,BTC,buy,40-60,>90d,751,682.7770583570241,0,174875.57582035902,57801999.84731123,5955408.3829601025,5955408.3829601025,1.0,True,30.254243154615295,293.6416188027026,18.0,42.0,24.0,10.318899202504364,47.87817952058267,97.01951278244691,475.0897037651581,10.0,57.0,31.0,68.0
sm_all,BTC|buy|60-75|2-7d,BTC,buy,60-75,2-7d,1436,1070.6787747479125,0,-28926.602118602586,84290959.21198905,2475231.237350398,2475231.237350398,1.0,True,-3.4317561917705923,-116.86424153877016,140.0,152.0,12.0,-8.351932832603339,1.2028159080382372,-295.0406720844368,39.96246565267817,103.0,154.0,84.0,169.0
sm_all,BTC|buy|60-75|30-90d,BTC,buy,60-75,30-90d,870,1209.3866745889854,0,205974.9310574601,91877788.80149598,7310854.66190188,7310854.66190188,1.0,True,22.41835962143947,281.7385115461683,33.0,43.0,10.0,-0.7154314025672083,33.83915431451212,-7.986817136026441,468.96285192378116,18.0,122.10000000000036,31.0,121.0
sm_all,BTC|buy|60-75|7-30d,BTC,buy,60-75,7-30d,1724,2312.8978340026056,0,1989263.8992118062,172590470.76376167,8720104.701829212,8720104.701829212,1.0,True,115.25919654826541,2281.2385484253637,2.0,7.0,5.0,-5.758764814068466,304.88443804144976,-101.06542432389364,8528.57761296998,1.0,149.0,1.0,153.0
sm_all,BTC|buy|60-75|<=2d,BTC,buy,60-75,<=2d,1407,889.8601799999981,0,-38952.45690653967,68273905.5868103,1090056.9098423254,1090056.9098423254,1.0,True,-5.705321318847302,-357.3433327639203,147.0,173.0,26.0,-11.709069266974343,1.9986957209200802,-652.6236611830451,145.14545483104132,93.0,160.0,61.0,177.0
sm_all,BTC|buy|60-75|>90d,BTC,buy,60-75,>90d,203,62.95621366878161,0,10251.11210643089,4846382.720987948,746976.9827679128,746976.9827679128,1.0,True,21.152089499735535,137.23464501470363,35.0,62.0,27.0,2.051380330096122,42.5677907474545,13.977266977285495,274.6517982997965,12.0,93.0,46.0,99.0
sm_all,BTC|buy|75-90|2-7d,BTC,buy,75-90,2-7d,905,494.7238589062519,0,-22549.816656346084,37905055.51372149,1701683.577946764,1701683.577946764,1.0,True,-5.949026152509692,-132.5147456823582,148.0,153.0,5.0,-34.8017195200297,13.653183500550792,-711.0336637274178,309.7971796527405,49.0,171.0,42.0,177.0
sm_all,BTC|buy|75-90|30-90d,BTC,buy,75-90,30-90d,362,384.76703570272616,0,71733.29071985975,31057078.78722346,4437575.310163407,4437575.310163407,1.0,True,23.097243372860312,161.6497427222667,32.0,58.0,26.0,7.305377836710731,40.45021460268418,48.2321342850851,300.9702941758071,13.0,67.0,43.0,80.0
sm_all,BTC|buy|75-90|7-30d,BTC,buy,75-90,7-30d,1032,821.0361697639913,0,89687.88961462337,60726995.66256664,5900089.270760656,5900089.270760656,1.0,True,14.769031241555199,152.01107220376102,45.0,60.0,15.0,-2.0250518151957073,29.31568533409599,-20.69260919811913,303.7493848426988,23.0,133.0,43.0,128.0
sm_all,BTC|buy|75-90|<=2d,BTC,buy,75-90,<=2d,1038,493.22642966684805,0,9134.960335485133,39002422.87263038,868953.2675034426,868953.2675034426,1.0,True,2.3421520158675873,105.12602549652007,89.0,65.0,-24.0,-4.836901163176136,10.28639479432914,-212.0516901329292,467.2261778308143,57.0,145.0,32.0,163.0
sm_all,BTC|buy|75-90|>90d,BTC,buy,75-90,>90d,110,43.13100385325913,0,25151.671674103858,3706550.526264482,863203.5536141711,863203.5536141711,1.0,False,67.857355500431,291.3759051245285,,,,,,,,,,,
sm_all,BTC|buy|90-100|2-7d,BTC,buy,90-100,2-7d,456,643.0670778183209,0,6035.6590833087985,51328602.396087654,4446889.475841686,4446889.475841686,1.0,True,1.1758861144773438,13.572766123597884,101.0,96.0,-5.0,-14.373763846042685,11.39496724705563,-132.77808560115292,125.60676371779061,55.0,162.0,63.0,156.0
sm_all,BTC|buy|90-100|30-90d,BTC,buy,90-100,30-90d,83,19.98106645463951,0,-2016.021925580126,1630268.9002615525,385380.4040138387,385380.4040138387,1.0,False,-12.36619262783388,-52.31251782868888,,,,,,,,,,,
sm_all,BTC|buy|90-100|7-30d,BTC,buy,90-100,7-30d,386,430.6067952752809,0,-89230.29466834429,30191702.223153543,5443468.009283607,5443468.009283607,1.0,True,-29.554575627708388,-163.92177655157658,169.0,160.0,-9.0,-68.53748159488887,9.128725867885324,-360.1742006898091,48.29753700553112,61.0,177.0,80.0,172.0
sm_all,BTC|buy|90-100|<=2d,BTC,buy,90-100,<=2d,849,471.2395440217784,0,143525.1779713807,38003443.23386118,1516319.6809215108,1516319.6809215108,1.0,True,37.76636161312335,946.536405068332,11.0,19.0,8.0,12.275494845218969,96.18438286268673,307.4961473104359,2410.0645657471546,4.0,52.0,6.0,42.0
sm_all,BTC|buy|90-100|>90d,BTC,buy,90-100,>90d,49,18.861497400000005,0,18289.90335186221,1476765.1528304357,776884.8210524999,776884.8210524999,1.0,False,123.85113040355093,235.42619003784378,,,,,,,,,,,
sm_all,BTC|sell|00-10|2-7d,BTC,sell,00-10,2-7d,4466,6578.730099608015,0,22521.708144923054,488356754.1606403,63461757.09639068,63461757.09639068,1.0,True,0.46117327042260486,3.5488629964523866,109.0,109.0,0.0,-0.1482906382798646,1.1925758168171545,-1.1407360232589665,9.180945729330196,100.0,119.0,102.0,119.0
sm_all,BTC|sell|00-10|30-90d,BTC,sell,00-10,30-90d,2124,2330.616611709483,0,-8769.896544700092,186178623.34834966,24212565.650223322,24212565.650223322,1.0,True,-0.47104744825033806,-3.6220434758508144,117.0,114.0,-3.0,-1.5876973839195252,0.4104944162941457,-12.199080620582409,3.1578272702791805,109.0,131.0,109.0,126.0
sm_all,BTC|sell|00-10|7-30d,BTC,sell,00-10,7-30d,4498,5539.865003462421,1,25938.024801017815,421520204.6483649,54762354.565260224,54762354.565260224,1.0,True,0.615344757261529,4.736469972288629,106.0,106.0,0.0,-0.63707453216716,1.6954236129055602,-4.899014558367492,13.062335135574667,96.0,122.0,98.0,121.0
sm_all,BTC|sell|00-10|<=2d,BTC,sell,00-10,<=2d,7649,5584.180267626843,0,60397.602703940196,455079409.9218776,59382356.961760156,59382356.961760156,1.0,True,1.3271882090712148,10.170967572545802,97.0,99.0,2.0,1.1181421549163353,1.5307735705338605,8.569708862224658,11.731025721143583,94.0,107.0,97.0,110.0
sm_all,BTC|sell|00-10|>90d,BTC,sell,00-10,>90d,573,2160.381562097767,0,-139632.4162940151,154021195.26068613,20162567.475850776,20162567.475850776,1.0,True,-9.065792279931504,-69.25329150727278,156.0,146.0,-10.0,-11.044866022503513,-5.230269485860935,-84.24592276792784,-40.08017928757836,145.0,161.0,136.0,152.0
sm_all,BTC|sell|10-25|2-7d,BTC,sell,10-25,2-7d,4679,4802.963829999999,1,73864.29379622346,374649399.5932438,48632794.723621555,48632794.723621555,1.0,True,1.9715577784568132,15.188165561118094,93.0,93.0,0.0,0.7722805856664632,3.164804725519075,5.946704382608654,24.391556300604194,82.0,108.0,89.0,110.0
sm_all,BTC|sell|10-25|30-90d,BTC,sell,10-25,30-90d,3328,5227.9448091883705,0,-49726.13452137482,393316681.55503196,51098432.38457333,51098432.38457333,1.0,True,-1.2642772822341444,-9.731440320346733,129.0,122.0,-7.0,-3.0357078563642395,0.6514309162401493,-23.33563802406753,5.018311212718999,108.0,139.0,109.0,132.0
sm_all,BTC|sell|10-25|7-30d,BTC,sell,10-25,7-30d,5700,5990.494180630845,0,-12867.941977887636,457739941.8132698,59432780.33122057,59432780.33122057,1.0,True,-0.2811190547827915,-2.1651253577864322,114.0,113.0,-1.0,-2.0767338770363226,1.4748844215514731,-15.978267248135518,11.36630403669028,98.0,133.0,101.0,128.0
sm_all,BTC|sell|10-25|<=2d,BTC,sell,10-25,<=2d,6830,3800.826718000071,0,28791.098726370805,316370549.56096464,42008164.82688462,42008164.82688462,1.0,True,0.9100435791613642,6.8536911443331885,103.0,103.0,0.0,0.39208125110538716,1.39761077512557,2.9561630464378688,10.521370141737682,97.0,113.0,100.0,115.0
sm_all,BTC|sell|10-25|>90d,BTC,sell,10-25,>90d,791,1135.2184538823906,1,-82840.98610099651,88758516.31862026,11599625.496053262,11599625.496053262,1.0,True,-9.333300007361396,-71.41694887406744,158.0,147.0,-11.0,-15.389140660316839,1.7382966811223957,-117.35830761409538,13.397397742939475,97.0,164.0,101.0,155.0
sm_all,BTC|sell|25-40|2-7d,BTC,sell,25-40,2-7d,3583,4890.7996612860325,1,23080.921443132407,359468425.2266289,47804407.6226817,47804407.6226817,1.0,True,0.6420848069919051,4.828199446651281,105.0,105.0,0.0,-2.914569949874052,4.969493272366134,-21.90168468716466,37.450115914214244,75.0,138.0,83.0,130.0
sm_all,BTC|sell|25-40|30-90d,BTC,sell,25-40,30-90d,2852,3500.147512931782,0,38274.15978834048,266471499.69863963,34608320.50594096,34608320.50594096,1.0,True,1.4363322093216666,11.059236400035719,96.0,98.0,2.0,-7.895167155645447,8.596315480195976,-60.41123261756535,66.50262449273846,62.0,154.0,75.0,144.0
sm_all,BTC|sell|25-40|7-30d,BTC,sell,25-40,7-30d,5279,5849.053637002143,2,-387324.5702459557,428593923.669637,56163880.37164934,56163880.37164934,1.0,True,-9.037098961405436,-68.96328524363697,155.0,145.0,-10.0,-34.11137138274634,6.47994520800164,-255.4928401159578,49.96583772706447,68.0,171.0,77.0,167.0
sm_all,BTC|sell|25-40|<=2d,BTC,sell,25-40,<=2d,4677,1824.973359999963,0,38405.11529650593,148201080.66275212,20620113.55935785,20620113.55935785,1.0,True,2.591419382689995,18.625074583586304,85.0,89.0,4.0,1.3542893610434168,3.8014365286578315,9.721020780320131,27.355900165545165,78.0,101.0,87.0,105.0
sm_all,BTC|sell|25-40|>90d,BTC,sell,25-40,>90d,907,856.8978942441227,1,286626.99533724645,66312447.694751196,8334775.350766128,8334775.350766128,1.0,True,43.22370916794461,343.892886460221,9.0,38.0,29.0,22.31017165032279,82.49684476388799,174.59645242268027,677.1449521257142,4.0,34.0,25.0,56.0
sm_all,BTC|sell|40-60|2-7d,BTC,sell,40-60,2-7d,4663,2801.698050421827,0,126027.97856477374,221687896.25426427,32078265.854456186,32078265.854456186,1.0,True,5.684928256986405,39.28765324677501,70.0,79.0,9.0,-0.17551346481732563,10.962141981574637,-1.2042661556366385,76.00479365102633,55.0,116.0,71.0,116.0
sm_all,BTC|sell|40-60|30-90d,BTC,sell,40-60,30-90d,3653,3601.3058148083837,0,36131.67969117274,290074512.0179678,39467185.05269948,39467185.05269948,1.0,True,1.2455999474002277,9.154866161072059,100.0,101.0,1.0,-3.361181874109189,10.186449955611593,-24.894333682358848,74.99689020588293,57.0,139.0,72.0,131.0
sm_all,BTC|sell|40-60|7-30d,BTC,sell,40-60,7-30d,6340,5752.519804520993,1,-1769245.1283040645,434995487.47112346,62901205.85573817,62901205.85573817,1.0,True,-40.67272372386422,-281.27364241025356,173.0,171.0,-2.0,-73.11915622543124,-9.353208859936943,-495.43853759718695,-66.1870162645743,155.0,177.0,145.0,175.0
sm_all,BTC|sell|40-60|<=2d,BTC,sell,40-60,<=2d,5033,2014.4827215342898,0,1092.3730900047278,162486440.2305672,23959303.039557967,23959303.039557967,1.0,True,0.0672285692550503,0.45592857530169684,111.0,111.0,0.0,-3.445197344291686,3.390713585938315,-23.399268413204968,23.005064560972823,83.0,140.0,92.0,130.0
sm_all,BTC|sell|40-60|>90d,BTC,sell,40-60,>90d,1160,451.0321393999752,0,88840.03277009072,34718754.08170358,4535439.157300442,4535439.157300442,1.0,True,25.588485278309133,195.87967049913985,27.0,52.0,25.0,12.735466116259564,44.532756685055205,96.87753316587829,344.8720240909453,11.0,51.0,39.0,68.0
sm_all,BTC|sell|60-75|2-7d,BTC,sell,60-75,2-7d,1094,1096.6229644037624,0,-4654.288150927385,83210449.32603276,12444539.448477786,12444539.448477786,1.0,True,-0.5593393844913742,-3.7400244261322957,119.0,115.0,-4.0,-8.540523347811327,5.384014364987169,-57.03576455967609,35.9889061190007,74.0,155.0,85.0,143.0
sm_all,BTC|sell|60-75|30-90d,BTC,sell,60-75,30-90d,821,204.88493036451396,0,-6208.5310863827435,15522927.41711686,2327623.3841717653,2327623.3841717653,1.0,True,-3.9995877836397695,-26.67326307426627,144.0,131.0,-13.0,-14.838813678614802,7.380431305168774,-98.46005898315998,49.524573536507845,67.0,163.0,80.0,152.0
sm_all,BTC|sell|60-75|7-30d,BTC,sell,60-75,7-30d,1599,2947.859902580181,0,-4110175.785225323,218868833.91233486,36816965.88903207,36816965.88903207,1.0,True,-187.79173406075722,-1116.3809091747457,181.0,180.0,-1.0,-351.88767641538936,-31.3802594931701,-1905.505104725204,-206.45395163372734,171.0,182.0,164.0,182.0
sm_all,BTC|sell|60-75|<=2d,BTC,sell,60-75,<=2d,1282,501.0399009392376,0,-8734.779542832826,40430253.10607258,6041970.632649963,6041970.632649963,1.0,True,-2.160456309762966,-14.456838793011176,136.0,124.0,-12.0,-5.826387389998389,1.4450284405412475,-38.98397285438811,9.685349043633801,100.0,148.0,104.0,138.0
sm_all,BTC|sell|60-75|>90d,BTC,sell,60-75,>90d,307,92.44699903362762,0,-29295.044559583344,7341395.818991026,1107744.638617855,1107744.638617855,1.0,True,-39.903916478391906,-264.456658496087,171.0,169.0,-2.0,-113.7541293275415,46.47879546108745,-718.9409229135924,327.9181815752669,11.0,179.0,41.0,177.0
sm_all,BTC|sell|75-90|2-7d,BTC,sell,75-90,2-7d,602,310.66426000000007,0,-31244.154443353895,24834938.222939372,3733647.6637453465,3733647.6637453465,1.0,True,-12.580725654672458,-83.68265368674838,161.0,149.0,-12.0,-22.92657328232956,-1.878048126724949,-151.8488678488772,-12.532111867406913,133.0,168.0,125.0,159.0
sm_all,BTC|sell|75-90|30-90d,BTC,sell,75-90,30-90d,307,99.77411879997602,0,-17719.551633426876,7815666.486895977,1182784.0241336136,1182784.0241336136,1.0,True,-22.671836961231783,-149.81223344140452,166.0,156.0,-10.0,-43.629090019795754,-2.976680166535123,-284.8250320086491,-19.840624416565625,138.0,174.0,128.0,169.0
sm_all,BTC|sell|75-90|7-30d,BTC,sell,75-90,7-30d,756,525.738561488395,0,-13852.49138969369,39037153.152550474,5875458.220724181,5875458.220724181,1.0,True,-3.5485403701341998,-23.576869870051254,141.0,129.0,-12.0,-12.221980585481365,3.7210361547689517,-81.00305103286466,24.820185061815693,81.0,161.0,90.0,149.0
sm_all,BTC|sell|75-90|<=2d,BTC,sell,75-90,<=2d,801,423.75009982328635,0,52413.568134647474,31823008.337109465,4764254.498162606,4764254.498162606,1.0,True,16.47033730419727,110.01420716475458,44.0,64.0,20.0,-1.0243821199321916,33.67791688244088,-6.83087296488184,225.84892608366192,19.0,125.0,50.0,120.0
sm_all,BTC|sell|75-90|>90d,BTC,sell,75-90,>90d,132,53.2620726522192,0,-25124.805495585464,4017445.3777085664,626829.745033482,626829.745033482,1.0,False,-62.53925849246001,-400.82344041033707,,,,,,,,,,,
sm_all,BTC|sell|90-100|2-7d,BTC,sell,90-100,2-7d,300,100.60737520325875,0,6704.067071995338,8112200.662870249,1209879.0899068872,1209879.0899068872,1.0,True,8.264178057971403,55.41104997947593,65.0,75.0,10.0,-1.3960945179051445,18.933566797768115,-9.337068812273726,127.09855857263668,40.0,128.0,62.0,123.0
sm_all,BTC|sell|90-100|30-90d,BTC,sell,90-100,30-90d,112,34.27161114595515,0,-32494.85442911498,2495254.3941159593,387919.4878924268,387919.4878924268,1.0,False,-130.22661940097512,-837.6700692625699,,,,,,,,,,,
sm_all,BTC|sell|90-100|7-30d,BTC,sell,90-100,7-30d,265,108.61216609726984,0,-23645.297381922177,8345942.090058878,1269203.975080698,1269203.975080698,1.0,True,-28.331489874686355,-186.30021530163242,168.0,163.0,-5.0,-63.455357523422265,5.694252331845608,-407.6188886211587,38.11813487925812,74.0,176.0,84.0,174.0
sm_all,BTC|sell|90-100|<=2d,BTC,sell,90-100,<=2d,792,605.8111560591666,0,47518.67083416742,44668624.25190382,6691760.058093071,6691760.058093071,1.0,True,10.638042167180048,71.01072127757769,57.0,71.0,14.0,-16.818994678775816,48.692103050975206,-111.81513510518707,325.6133598730222,10.0,164.0,41.0,154.0
sm_all,BTC|sell|90-100|>90d,BTC,sell,90-100,>90d,121,36.207600000000035,0,-30730.42503554801,2673930.8514027945,438956.31197784253,438956.31197784253,1.0,False,-114.92602742298386,-700.0793517943356,,,,,,,,,,,
sm_all,ETH|buy|00-10|2-7d,ETH,buy,00-10,2-7d,8107,177620.7253105501,0,135616.70299015322,480803557.46493006,1109147.9192900686,1109147.9192900686,1.0,True,2.820626030830588,1222.710700994303,81.0,16.0,-65.0,1.8263550447892276,3.860811123239665,777.4895123210162,1707.093650944727,78.0,97.0,9.0,23.0
sm_all,ETH|buy|00-10|30-90d,ETH,buy,00-10,30-90d,2761,48437.16164118823,0,100208.50726938655,113811675.54455316,673332.4609732686,673332.4609732686,1.0,True,8.804765134149926,1488.2470856156278,62.0,13.0,-49.0,6.229792249089043,10.942838190073271,987.9682099380528,1960.4650493554045,54.0,72.0,7.0,19.0
sm_all,ETH|buy|00-10|7-30d,ETH,buy,00-10,7-30d,7358,73640.78548936895,0,-28289.31367918788,197537154.84731546,736392.470201088,736392.470201088,1.0,True,-1.4321008977300418,-384.1608221694997,132.0,175.0,43.0,-5.259752373991315,1.9027182699296001,-1305.9112229610291,552.0376518792468,95.0,147.0,29.0,180.0
sm_all,ETH|buy|00-10|<=2d,ETH,buy,00-10,<=2d,7859,74199.12269511336,0,-10661.940212220472,195523496.77634147,134463.09527723127,134463.09527723127,1.0,True,-0.5453022469425566,-792.9268763476,118.0,178.0,60.0,-1.0333569990793847,-0.05368386643259323,-1448.1091637550724,-79.03539196134072,113.0,128.0,149.0,181.0
sm_all,ETH|buy|00-10|>90d,ETH,buy,00-10,>90d,1404,103682.40619374825,0,503948.6354282521,256293482.84687153,1059206.9232853835,1059206.9232853835,1.0,True,19.662951622119394,4757.792121157356,39.0,2.0,-37.0,16.909740913480455,22.228764309854828,3495.194023193778,6069.851808971367,31.0,46.0,1.0,4.0
sm_all,ETH|buy|10-25|2-7d,ETH,buy,10-25,2-7d,11313,196874.17837838706,0,128856.42172439385,523497186.74640524,2471369.899105574,2471369.899105574,1.0,True,2.4614539483058393,521.3967434459282,88.0,28.0,-60.0,1.3239184903826395,3.8756880658386823,304.2069350490534,759.6871191359157,78.0,101.0,23.0,43.0
sm_all,ETH|buy|10-25|30-90d,ETH,buy,10-25,30-90d,6844,84368.97463752268,0,195073.16397708494,203878406.590093,4217325.415681447,4217325.415681447,1.0,True,9.56811303559423,462.55184210290423,59.0,29.0,-30.0,6.805384683098797,13.062705251138524,324.116575914763,641.3144534930872,50.0,71.0,25.0,42.0
sm_all,ETH|buy|10-25|7-30d,ETH,buy,10-25,7-30d,13225,120711.24997649161,0,146825.3807313342,315180935.128262,3465567.2863808516,3465567.2863808516,1.0,True,4.658447398526311,423.66910984050276,74.0,32.0,-42.0,0.3728302875885831,10.364611613494613,33.23143531704073,950.4725413468839,57.0,112.0,20.0,86.0
sm_all,ETH|buy|10-25|<=2d,ETH,buy,10-25,<=2d,12082,96755.34656267695,0,62447.82554707123,274271557.70237154,828868.14522156,828868.14522156,1.0,True,2.2768611543322,753.4108519803069,90.0,25.0,-65.0,1.3782115553377596,3.257786316061207,453.8210605563683,1083.058878897637,82.0,102.0,17.0,32.0
sm_all,ETH|buy|10-25|>90d,ETH,buy,10-25,>90d,1765,29016.296049023775,0,137965.8005718443,66113368.82195534,2255316.201708026,2255316.201708026,1.0,True,20.868063907526636,611.7359528892587,36.0,27.0,-9.0,16.16016348150884,25.9679144110808,448.6785644927445,767.5637186086049,27.0,47.0,22.0,33.0
sm_all,ETH|buy|25-40|2-7d,ETH,buy,25-40,2-7d,8465,65517.059123447456,0,-6016.562787098507,183839370.03790918,2535963.98520344,2535963.98520344,1.0,True,-0.3272728135359604,-23.724953596357352,115.0,130.0,15.0,-1.9514184823886866,1.4683705905093134,-142.12664481267893,106.004062359146,99.0,133.0,66.0,157.0
sm_all,ETH|buy|25-40|30-90d,ETH,buy,25-40,30-90d,6798,50664.296606683514,0,95024.31428000465,136564910.01912728,6548833.491666224,6548833.491666224,1.0,True,6.958179393718016,145.1011304546507,67.0,61.0,-6.0,2.3540293660971376,12.791053264315225,49.28244035038028,268.22178027960024,52.0,90.0,46.0,79.0
sm_all,ETH|buy|25-40|7-30d,ETH,buy,25-40,7-30d,12066,69606.48576513815,0,-19626.802743790027,190319976.76243943,4839067.5724828895,4839067.5724828895,1.0,True,-1.0312528972346675,-40.55905905384921,127.0,138.0,11.0,-2.7921619113743095,0.7915197664888902,-110.2315646335886,30.976923002748777,106.0,138.0,87.0,154.0
sm_all,ETH|buy|25-40|<=2d,ETH,buy,25-40,<=2d,9038,53428.10935331554,0,-1056.4742293022841,155545203.9832699,1118970.6847680348,1118970.6847680348,1.0,True,-0.06792072029529861,-9.441482638316781,112.0,121.0,9.0,-2.2143643967827353,2.3495197194887854,-308.1756213363043,327.71189009365077,90.0,135.0,42.0,169.0
sm_all,ETH|buy|25-40|>90d,ETH,buy,25-40,>90d,1993,29665.22671652148,0,248219.8199165426,73811612.46108125,5917940.215886384,5917940.215886384,1.0,True,33.628830429279915,419.4361735020745,14.0,33.0,19.0,25.545063880259082,41.44687670101172,324.29099655758137,509.7804292799397,12.0,29.0,29.0,42.0
sm_all,ETH|buy|40-60|2-7d,ETH,buy,40-60,2-7d,9906,80610.3976999988,0,-82786.91566911858,229061354.97289452,5591451.549865078,5591451.549865078,1.0,True,-3.614180824125265,-148.05979257947112,142.0,155.0,13.0,-5.295720987783348,-1.9549632193433912,-219.7507214522214,-79.6071898599164,131.0,149.0,148.0,165.0
sm_all,ETH|buy|40-60|30-90d,ETH,buy,40-60,30-90d,6691,36232.784629409405,0,46495.70447150834,101091607.17112482,9188674.511281572,9188674.511281572,1.0,True,4.5993634657328,50.60110075117183,75.0,78.0,3.0,-0.4748210192716142,10.456561011089965,-5.206359077091729,116.17440283879128,57.0,120.0,64.0,120.0
sm_all,ETH|buy|40-60|7-30d,ETH,buy,40-60,7-30d,13236,54365.841908597424,0,-53388.18558310186,145075225.92970014,6942684.709821048,6942684.709821048,1.0,True,-3.6800346331338787,-76.89847345016187,143.0,148.0,5.0,-8.177992537078596,1.8531359045093208,-170.35874055911478,39.032909946085596,95.0,155.0,83.0,161.0
sm_all,ETH|buy|40-60|<=2d,ETH,buy,40-60,<=2d,9810,46617.44829999866,0,-10445.6083375045,136285053.69892833,1645220.6004543062,1645220.6004543062,1.0,True,-0.766452964136495,-63.49062450725503,122.0,142.0,20.0,-2.8866875474943736,1.3877139706132795,-238.59567992633671,115.10585299179313,99.0,138.0,65.0,165.0
sm_all,ETH|buy|40-60|>90d,ETH,buy,40-60,>90d,2072,17249.486798690745,0,253275.04718714618,46376646.76728503,8449893.857216826,8449893.857216826,1.0,True,54.612626147393485,299.7375487395393,6.0,41.0,35.0,43.990888820052035,64.67495403592427,246.3640725543813,359.28544267227795,5.0,12.0,37.0,50.0
sm_all,ETH|buy|60-75|2-7d,ETH,buy,60-75,2-7d,3201,21138.09900725326,0,-5769.779897543785,59241027.9170099,2142297.0226895115,2142297.0226895115,1.0,True,-0.9739499972260115,-26.932679439101356,126.0,132.0,6.0,-5.499557677628932,3.971432484825746,-154.48905660864736,106.51138773523657,80.0,148.0,67.0,159.0
sm_all,ETH|buy|60-75|30-90d,ETH,buy,60-75,30-90d,2031,16446.14078844417,0,131538.78282258532,41269195.09951597,6394777.820491303,6394777.820491303,1.0,True,31.8733579623723,205.69718998068234,15.0,51.0,36.0,21.03786772170111,44.553518930017674,137.70154688840466,278.6921575434506,11.0,36.0,44.0,62.0
sm_all,ETH|buy|60-75|7-30d,ETH,buy,60-75,7-30d,5009,21500.680720085114,0,-12363.699454735977,54561678.25252194,4248717.958732745,4248717.958732745,1.0,True,-2.2660042452349796,-29.09983570296502,137.0,134.0,-3.0,-8.533560632038402,3.964675669026879,-112.92483303565032,48.94496597191165,80.0,155.0,79.0,154.0
sm_all,ETH|buy|60-75|<=2d,ETH,buy,60-75,<=2d,3156,15610.93793578716,0,51110.377418430886,41440956.14907084,770221.5105880355,770221.5105880355,1.0,True,12.333300716947106,663.5802391367909,52.0,26.0,-26.0,5.547108153712543,19.958311747169166,305.86580099358474,1049.0963620350117,38.0,74.0,18.0,42.0
sm_all,ETH|buy|60-75|>90d,ETH,buy,60-75,>90d,993,10799.590493390784,0,279958.4278386029,27709294.14951776,7917440.419680449,7917440.419680449,1.0,True,101.03412462546441,353.5971387201195,3.0,37.0,34.0,81.5406252497426,122.8945690579043,298.16584109767547,418.6835792206174,2.0,5.0,33.0,45.0
sm_all,ETH|buy|75-90|2-7d,ETH,buy,75-90,2-7d,2088,8432.01040058608,0,53064.13967790582,21847090.57290783,1497076.326760499,1497076.326760499,1.0,True,24.288881625139446,354.45179867836475,29.0,36.0,7.0,18.739699635244072,30.481351381655823,273.5455435740988,443.7094971512182,21.0,41.0,31.0,47.0
sm_all,ETH|buy|75-90|30-90d,ETH,buy,75-90,30-90d,936,11882.581780977585,0,122940.14913215562,30429099.00356834,5837287.671406043,5837287.671406043,1.0,True,40.402165413356066,210.61177048782096,10.0,49.0,39.0,29.367126344326895,57.2552138131175,164.28649982654838,258.17485234806685,7.0,24.0,45.0,59.0
sm_all,ETH|buy|75-90|7-30d,ETH,buy,75-90,7-30d,2422,15147.688115904768,0,95249.16264423695,37203223.99388126,5183400.203884336,5183400.203884336,1.0,True,25.602394744042176,183.7580717245393,26.0,53.0,27.0,14.253923453734604,38.32986192930201,108.81885265078124,252.95735753104435,14.0,48.0,46.0,66.0
sm_all,ETH|buy|75-90|<=2d,ETH,buy,75-90,<=2d,2275,9129.697459079916,0,68785.35234122806,23141893.695702296,686784.6039341522,686784.6039341522,1.0,True,29.72330322042844,1001.5564115328232,19.0,18.0,-1.0,21.699654387868605,37.03037375500907,709.0968582757152,1313.9755654742723,14.0,35.0,13.0,25.0
sm_all,ETH|buy|75-90|>90d,ETH,buy,75-90,>90d,478,2077.641215880703,0,88468.67935043699,5441667.408005768,2425650.30423741,2425650.30423741,1.0,True,162.57641769925533,364.72149013355113,1.0,35.0,34.0,135.9317422131458,196.07278208670888,322.55014351773264,426.1743369357608,1.0,2.0,32.0,43.0
sm_all,ETH|buy|90-100|2-7d,ETH,buy,90-100,2-7d,941,4328.304388911567,0,-2779.5997323349266,10637261.513865562,1592299.8106728413,1592299.8106728413,1.0,True,-2.6130783084647744,-17.456509846348474,138.0,126.0,-12.0,-25.07049915799989,18.77711532541145,-163.65996603261672,129.66980997028517,40.0,168.0,62.0,159.0
sm_all,ETH|buy|90-100|30-90d,ETH,buy,90-100,30-90d,338,2053.202459553377,0,34523.275352089375,6005374.0759534845,3973674.781558285,3973674.781558285,1.0,True,57.48730206553877,86.87997194010678,5.0,70.0,65.0,36.85938901243251,87.57120889482111,49.26611921414022,169.5164905315043,4.0,16.0,56.0,81.0
sm_all,ETH|buy|90-100|7-30d,ETH,buy,90-100,7-30d,884,7671.277445469257,0,-79716.65783761477,19663104.7670728,4594596.605284753,4594596.605284753,1.0,True,-40.54123638251966,-173.500885248389,172.0,162.0,-10.0,-139.4820906492648,40.155745998810794,-603.1684681317467,171.27520484892318,13.0,179.0,56.0,176.0
sm_all,ETH|buy|90-100|<=2d,ETH,buy,90-100,<=2d,2040,9826.143276283725,0,-16260.378084164402,24837377.249798745,1638534.9117725072,1638534.9117725072,1.0,True,-6.546737169801678,-99.23730014745013,150.0,151.0,1.0,-23.899880385011624,23.99960453351429,-395.62809782656586,322.28361332841547,31.0,168.0,41.0,173.0
sm_all,ETH|buy|90-100|>90d,ETH,buy,90-100,>90d,120,1067.4792341299021,0,35193.18837480752,2475313.7132427925,1317883.7412057791,1317883.7412057791,1.0,False,142.1766792084813,267.0431941334067,,,,,,,,,,,
sm_all,ETH|sell|00-10|2-7d,ETH,sell,00-10,2-7d,14085,222724.83693329355,0,-119429.53447777136,603646659.4822052,78536996.65886539,78536996.65886539,1.0,True,-1.97846757870267,-15.206786553925339,135.0,125.0,-10.0,-3.3257190125670584,-0.6668563521609717,-25.5422739400408,-5.129782139796986,120.0,142.0,116.0,134.0
sm_all,ETH|sell|00-10|30-90d,ETH,sell,00-10,30-90d,5124,79006.991555926,0,84200.72967088486,197600209.5100245,25589169.93882394,25589169.93882394,1.0,True,4.26116601190209,32.904830391991474,77.0,82.0,5.0,0.8081762690318179,7.847799217351374,6.223056062364073,60.76372091096183,65.0,106.0,75.0,108.0
sm_all,ETH|sell|00-10|7-30d,ETH,sell,00-10,7-30d,11829,123621.1388859383,0,84486.60397444924,325489740.2224095,42194428.94890372,42194428.94890372,1.0,True,2.595676408009633,20.023165635624594,84.0,88.0,4.0,-0.04577983295242855,6.377779486339416,-0.3524041046542056,49.35110162892117,70.0,117.0,79.0,117.0
sm_all,ETH|sell|00-10|<=2d,ETH,sell,00-10,<=2d,20538,195086.82839595323,0,99394.3191869427,536559765.0201198,69718428.34714676,69718428.34714676,1.0,True,1.852437056722202,14.25653468434941,94.0,95.0,1.0,1.6022692285599778,2.0717609042119847,12.328370856734622,15.946546154685128,89.0,102.0,92.0,106.0
sm_all,ETH|sell|00-10|>90d,ETH,sell,00-10,>90d,1528,89682.88476735984,0,-97613.50956206203,217921449.5999321,28450548.61922455,28450548.61922455,1.0,True,-4.479297918642904,-34.309886557373034,146.0,137.0,-9.0,-7.548957508061573,-0.9744562476524625,-57.71321436499896,-7.479966957478976,124.0,154.0,120.0,145.0
sm_all,ETH|sell|10-25|2-7d,ETH,sell,10-25,2-7d,12318,162979.64510799298,0,-194441.25926391632,437934137.1269265,56969476.00054019,56969476.00054019,1.0,True,-4.4399658026102085,-34.130778956449,145.0,136.0,-9.0,-6.386489965007267,-2.5183170435138336,-49.07393667238139,-19.36199727729028,134.0,152.0,125.0,143.0
sm_all,ETH|sell|10-25|30-90d,ETH,sell,10-25,30-90d,7645,77762.62560267467,0,24482.699391113678,195050763.83785933,25309288.82288411,25309288.82288411,1.0,True,1.25519628374619,9.673404718103717,99.0,100.0,1.0,-0.8296077275497844,3.2615285539928243,-6.383497049928438,25.178822613412112,82.0,123.0,89.0,121.0
sm_all,ETH|sell|10-25|7-30d,ETH,sell,10-25,7-30d,14118,115433.28209078172,0,18242.191779938534,306090167.94051045,39715835.23878038,39715835.23878038,1.0,True,0.5959744444808158,4.59317843128879,107.0,108.0,1.0,-0.268441131221445,1.4453596124593915,-2.06709530092205,11.143195187409797,98.0,119.0,100.0,119.0
sm_all,ETH|sell|10-25|<=2d,ETH,sell,10-25,<=2d,18564,124672.26921590268,0,-21728.418002732997,338306742.1495006,44270667.31899539,44270667.31899539,1.0,True,-0.6422697302654118,-4.908084589321269,120.0,116.0,-4.0,-3.4250694296188238,1.2288210853640198,-26.18013747869833,9.39752691251134,101.0,139.0,103.0,132.0
sm_all,ETH|sell|10-25|>90d,ETH,sell,10-25,>90d,2200,58661.16216454124,0,164645.34283827015,145977348.60124627,18807023.495684195,18807023.495684195,1.0,True,11.278828148058617,87.54460421451205,55.0,69.0,14.0,2.3264139756973687,15.856346885535029,17.949209870894975,123.52890880778081,44.0,91.0,61.0,97.0
sm_all,ETH|sell|25-40|2-7d,ETH,sell,25-40,2-7d,8898,85738.05531496592,0,204023.43907761047,234626657.04933995,30662525.79572458,30662525.79572458,1.0,True,8.695663214206139,66.53836687715349,63.0,72.0,9.0,2.296113458178351,14.159380823594914,17.506380288652853,108.86747330419566,47.0,92.0,64.0,97.0
sm_all,ETH|sell|25-40|30-90d,ETH,sell,25-40,30-90d,7787,61487.7578912973,0,33311.67777653677,154643454.00333348,19940198.200696696,19940198.200696696,1.0,True,2.1540955607353878,16.705790705416806,91.0,92.0,1.0,-8.009028240283522,10.185947285493315,-62.03805736261958,79.0775377966597,56.0,153.0,70.0,143.0
sm_all,ETH|sell|25-40|7-30d,ETH,sell,25-40,7-30d,12260,80867.27557160285,0,81637.87680996476,210764252.04680178,27216834.638595045,27216834.638595045,1.0,True,3.873421418345482,29.995360553132628,78.0,83.0,5.0,1.7677836286404278,6.099357766174279,13.672338187216788,47.27280664199587,70.0,97.0,78.0,101.0
sm_all,ETH|sell|25-40|<=2d,ETH,sell,25-40,<=2d,13879,71398.78198903947,0,-18776.827126584594,195884608.3652676,26762504.7896433,26762504.7896433,1.0,True,-0.9585657231205882,-7.0160948215321595,125.0,120.0,-5.0,-4.414302590083365,2.1303984090642896,-32.22369936568546,15.665035811851599,93.0,144.0,97.0,135.0
sm_all,ETH|sell|25-40|>90d,ETH,sell,25-40,>90d,2204,21820.739889134944,0,68630.68383395596,54038017.491377585,6955441.912170814,6955441.912170814,1.0,True,12.700444431535043,98.67192437315047,50.0,66.0,16.0,0.04114936691612381,32.423571898495815,0.3167727933056939,255.02025584745468,20.0,113.0,47.0,113.0
sm_all,ETH|sell|40-60|2-7d,ETH,sell,40-60,2-7d,11851,77805.44815756817,1,8560.456822888491,224822394.18824852,32393522.05909626,32393522.05909626,1.0,True,0.3807653082690971,2.642644664347226,110.0,110.0,0.0,-2.0079239281459635,2.8091193370743,-13.905265719100928,19.505443151848734,86.0,133.0,94.0,127.0
sm_all,ETH|sell|40-60|30-90d,ETH,sell,40-60,30-90d,9391,49977.9942474369,0,173057.3190910841,135702611.67404035,18376455.943041433,18376455.943041433,1.0,True,12.752688909685121,94.17339209882594,49.0,68.0,19.0,7.415243446922981,19.4828743707128,54.750244707757396,144.40395966123236,39.0,67.0,59.0,79.0
sm_all,ETH|sell|40-60|7-30d,ETH,sell,40-60,7-30d,15983,61757.92521582244,0,33858.97873718215,165544051.5308588,23047676.59427184,23047676.59427184,1.0,True,2.0453153359527723,14.690842523188348,92.0,94.0,2.0,-15.953493439665312,14.978861294837735,-114.3255898553226,108.03235950465391,46.0,163.0,64.0,153.0
sm_all,ETH|sell|40-60|<=2d,ETH,sell,40-60,<=2d,14109,56511.42410030238,0,11350.698127608395,155069008.0125853,22686914.909636457,22686914.909636457,1.0,True,0.7319772192446848,5.003191563427203,104.0,104.0,0.0,-1.0337675001333586,2.4870631845483806,-7.064726152571505,17.00791032655275,89.0,125.0,95.0,122.0
sm_all,ETH|sell|40-60|>90d,ETH,sell,40-60,>90d,3273,23065.093490471176,0,43280.4776125833,60655210.560923696,8076958.032154352,8076958.032154352,1.0,True,7.135492105680063,53.58512132944583,66.0,77.0,11.0,-8.522481475641552,26.332258854692473,-63.58514644145538,199.54109187039194,28.0,154.0,53.0,144.0
sm_all,ETH|sell|60-75|2-7d,ETH,sell,60-75,2-7d,3282,15320.291900000078,0,15304.102723733626,43461346.175454564,6474425.314105637,6474425.314105637,1.0,True,3.5213135511151843,23.637777843218043,79.0,85.0,6.0,-2.120875769920244,9.998471714486898,-14.22631655622968,67.16249026844574,58.0,133.0,74.0,125.0
sm_all,ETH|sell|60-75|30-90d,ETH,sell,60-75,30-90d,2250,10750.925023136695,0,25489.92466809635,29442363.184198014,4381117.657100835,4381117.657100835,1.0,True,8.657567501842728,58.18132874560616,64.0,74.0,10.0,-17.203431389793497,41.93712498707989,-113.79751376837326,288.5353652812679,12.0,165.0,44.0,155.0
sm_all,ETH|sell|60-75|7-30d,ETH,sell,60-75,7-30d,4265,18905.044277467783,0,-36191.84260029086,48787858.39254762,7281718.286376769,7281718.286376769,1.0,True,-7.418206863906776,-49.70233834505999,152.0,139.0,-13.0,-16.654149355880794,1.7734281443156594,-111.4963664501801,11.887952377103186,97.0,165.0,101.89999999999986,154.0
sm_all,ETH|sell|60-75|<=2d,ETH,sell,60-75,<=2d,3523,13719.197583271245,0,-6774.310596151396,36745759.75141734,5490633.723822297,5490633.723822297,1.0,True,-1.8435625340118598,-12.337939365285996,134.0,123.0,-11.0,-8.993745900607573,4.984733926872069,-60.20095065539074,33.373760176141225,76.0,156.0,86.0,144.0
sm_all,ETH|sell|60-75|>90d,ETH,sell,60-75,>90d,1544,8139.252438755013,0,-42466.76819475594,20087896.083580192,2991416.457722716,2991416.457722716,1.0,True,-21.140475845784664,-141.96207313469398,165.0,154.0,-11.0,-43.486892945606456,6.95304681485727,-284.5411734243219,48.149060022539246,69.0,173.0,81.0,169.0
sm_all,ETH|sell|75-90|2-7d,ETH,sell,75-90,2-7d,1848,6573.972977108554,0,-41922.388068395216,17724655.37563112,2672191.804650402,2672191.804650402,1.0,True,-23.652018716275034,-156.88390330154405,167.0,159.0,-8.0,-46.7606989722872,-4.785539371697312,-306.96828969881744,-31.98386875831574,144.0,174.0,134.0,170.0
sm_all,ETH|sell|75-90|30-90d,ETH,sell,75-90,30-90d,1070,8646.645393881077,0,-224300.74943343783,24354967.355672315,3889334.363102234,3889334.363102234,1.0,True,-92.09650998821716,-576.7072935702287,179.0,176.0,-3.0,-189.25454335348172,-18.333333470878557,-1118.557681431639,-120.41840822839598,165.0,181.0,155.0,180.0
sm_all,ETH|sell|75-90|7-30d,ETH,sell,75-90,7-30d,2111,13416.399635903072,0,62778.74744629662,37167887.83264233,5455106.218680448,5455106.218680448,1.0,True,16.890587845339386,115.08253905545833,43.0,63.0,20.0,-40.78117385077749,74.93592630147633,-269.44054582363873,529.9591582551209,5.0,173.0,29.0,168.0
sm_all,ETH|sell|75-90|<=2d,ETH,sell,75-90,<=2d,2326,10046.67527573207,0,-1964.4427963586727,26250248.40709468,3958886.2053173487,3958886.2053173487,1.0,True,-0.7483520787665159,-4.962109781584895,121.0,117.0,-4.0,-18.710467001503382,13.043849905034628,-123.3934827025938,86.76702524792064,51.0,166.0,69.0,156.0
sm_all,ETH|sell|75-90|>90d,ETH,sell,75-90,>90d,611,3161.64469151085,0,-148524.13717072987,8735921.619004546,1470309.779488683,1470309.779488683,1.0,True,-170.0154186910552,-1010.1554056341844,180.0,179.0,-1.0,-224.5545491613046,-121.68618588610504,-1262.6709087414526,-748.7277283911625,179.0,182.0,177.0,181.0
sm_all,ETH|sell|90-100|2-7d,ETH,sell,90-100,2-7d,936,3475.8228008166247,0,1234.3695177585294,9427316.428260729,1408366.3042664211,1408366.3042664211,1.0,True,1.309354074568028,8.764548782651245,98.0,102.0,4.0,-15.680793393401089,19.74415842958681,-104.52489405104332,133.1265524061404,38.0,162.0,61.0,152.0
sm_all,ETH|sell|90-100|30-90d,ETH,sell,90-100,30-90d,389,3498.498298974757,0,-51922.69977954548,10764342.118227243,1814763.3064781683,1814763.3064781683,1.0,True,-48.23583198050242,-286.11279274931775,175.0,172.0,-3.0,-76.28446807049963,-20.43773914534961,-441.7100696528284,-123.72187178411835,166.0,177.0,156.0,174.0
sm_all,ETH|sell|90-100|7-30d,ETH,sell,90-100,7-30d,900,6999.8213996772765,0,-81493.93330650979,18840956.456458148,2911918.8261584574,2911918.8261584574,1.0,True,-43.25360737117779,-279.8633415685577,174.0,170.0,-4.0,-103.6463871519563,12.820801849771142,-644.0012726747115,85.54970683971072,52.0,179.0,70.0,177.0
sm_all,ETH|sell|90-100|<=2d,ETH,sell,90-100,<=2d,2110,11855.453883991971,0,-26127.237867163225,28635272.72226992,4270021.928358312,4270021.928358312,1.0,True,-9.124144938505799,-61.1875964702793,157.0,141.0,-16.0,-15.867040194045101,-1.6318065145669696,-106.23249162258718,-10.947758204455353,131.0,164.0,124.0,154.0
sm_all,ETH|sell|90-100|>90d,ETH,sell,90-100,>90d,253,1893.0336398571685,0,-138525.85228813032,5318234.8697322775,1022704.0973512417,1022704.0973512417,1.0,True,-260.47336321403156,-1354.5056937476456,182.0,181.0,-1.0,-455.9193928294941,-142.8052621250173,-1844.3487901378624,-867.0522541527838,180.0,182.0,178.0,182.0
sm_all,HYPE|buy|00-10|2-7d,HYPE,buy,00-10,2-7d,216,240778.839,0,32216.628831161343,16949389.909338817,37908.66232959163,37908.66232959163,1.0,True,19.00754481635386,8498.48737764955,40.0,1.0,-39.0,5.161413620396742,27.11754489447115,2251.2531383956307,12523.081437367427,26.0,74.0,1.0,6.0
sm_all,HYPE|buy|00-10|30-90d,HYPE,buy,00-10,30-90d,186,926521.12,0,178413.99405237412,46836625.391097955,337121.064911111,337121.064911111,1.0,False,38.092837082640145,5292.282583985569,,,,,,,,,,,
sm_all,HYPE|buy|00-10|7-30d,HYPE,buy,00-10,7-30d,485,238303.1686,0,12419.560068041335,13550367.099809268,51431.22506901119,51431.22506901119,1.0,True,9.16547867416533,2414.789857985413,61.0,6.0,-55.0,5.653718681368267,12.62535330620735,1129.6585619248801,4169.212498269069,50.0,74.0,3.0,16.0
sm_all,HYPE|buy|00-10|<=2d,HYPE,buy,00-10,<=2d,181,41723.0,0,-892.0788524002757,2240544.8994181277,3392.896647563502,3392.896647563502,1.0,False,-3.981526335990632,-2629.254424949528,,,,,,,,,,,
sm_all,HYPE|buy|00-10|>90d,HYPE,buy,00-10,>90d,196,67615.44,0,31148.179656834505,5592061.689083756,41533.65890262474,41533.65890262474,1.0,False,55.70070823367124,7499.502928422731,,,,,,,,,,,
sm_all,HYPE|buy|10-25|2-7d,HYPE,buy,10-25,2-7d,1329,840716.6448156161,0,114866.59957255353,48018849.47311279,461828.22159214393,461828.22159214393,1.0,True,23.921147806107022,2487.214817157625,30.0,5.0,-25.0,18.646200977310855,28.98308833118187,1934.5547884378866,3083.4993004806574,22.0,41.0,4.0,9.0
sm_all,HYPE|buy|10-25|30-90d,HYPE,buy,10-25,30-90d,1554,1331089.4059496867,0,154401.76373642494,72712401.00495721,2000126.1823250798,2000126.1823250798,1.0,True,21.234584692905205,771.9601148210462,34.0,24.0,-10.0,11.889796756737244,31.266772171952642,423.66025104998545,1141.2401335238878,21.0,54.0,16.0,33.0
sm_all,HYPE|buy|10-25|7-30d,HYPE,buy,10-25,7-30d,3225,1765183.4789893222,0,231581.24207121198,97121301.96090691,1527572.902797416,1527572.902797416,1.0,True,23.844536409162597,1516.0077901822,31.0,12.0,-19.0,17.744378783841338,30.422728286282847,1055.5647314137163,2063.899417307622,21.0,43.0,7.0,17.0
sm_all,HYPE|buy|10-25|<=2d,HYPE,buy,10-25,<=2d,610,666964.7343000001,0,-13857.277246816118,43238338.69596843,229363.1421976622,229363.1421976622,1.0,True,-3.204858850904043,-604.1632109693586,139.0,177.0,38.0,-10.601304666171625,5.427003287631885,-1881.2927524260117,1058.6420743345905,74.0,159.0,17.0,182.0
sm_all,HYPE|buy|10-25|>90d,HYPE,buy,10-25,>90d,761,814098.5860000001,0,220869.3166618409,50312146.30953407,2575015.510667281,2575015.510667281,1.0,True,43.899800120430655,857.7397524281533,8.0,22.0,14.0,18.738451409737788,66.67709798399297,351.55647221065277,1349.979970987202,5.0,40.0,14.0,38.0
sm_all,HYPE|buy|25-40|2-7d,HYPE,buy,25-40,2-7d,1522,1099165.3947580706,0,172594.7406684047,60125902.284704655,1050193.5271328965,1050193.5271328965,1.0,True,28.705555195021304,1643.456526908909,20.0,10.0,-10.0,21.916952627748596,36.35697176966017,1239.9178071881993,2129.41292481075,15.0,35.0,6.0,15.0
sm_all,HYPE|buy|25-40|30-90d,HYPE,buy,25-40,30-90d,1320,2221096.55,0,334407.1303539116,121168536.36473154,7771700.495939367,7771700.495939367,1.0,True,27.598511988896757,430.2882368262079,24.0,31.0,7.0,3.8111330156450864,42.464550162421,55.693339250271244,696.6917522608351,11.0,82.0,25.0,79.0
sm_all,HYPE|buy|25-40|7-30d,HYPE,buy,25-40,7-30d,3682,3136372.274009669,0,455576.11329303245,159449466.58195916,5250036.146945471,5250036.146945471,1.0,True,28.571817959570296,867.7580506909303,21.0,21.0,0.0,14.037609502801134,42.681778664306826,412.6280440968772,1356.179843944056,12.0,48.0,13.0,34.0
sm_all,HYPE|buy|25-40|<=2d,HYPE,buy,25-40,<=2d,661,297105.3499,0,19211.728908989637,16224856.012202786,150998.9517194363,150998.9517194363,1.0,True,11.840924131801485,1272.3087604400064,53.0,15.0,-38.0,4.037078276486888,21.575910748840144,404.6068662621325,2501.767499662787,35.0,80.0,6.0,35.0
sm_all,HYPE|buy|25-40|>90d,HYPE,buy,25-40,>90d,641,707245.6252954319,0,108762.81500376835,38325208.09569437,4125410.7218716415,4125410.7218716415,1.0,True,28.378923535704757,263.6411798397231,22.0,46.0,24.0,-3.102781038534291,73.53435908623017,-28.815285095565873,717.1637753432869,5.0,139.0,25.0,132.10000000000036
sm_all,HYPE|buy|40-60|2-7d,HYPE,buy,40-60,2-7d,1594,747157.1891,0,120164.11541879136,37806932.730523944,1185924.029296772,1185924.029296772,1.0,True,31.783619230706655,1013.253062171665,16.0,17.0,1.0,22.7610177218783,40.86234698236813,715.4943268441924,1316.2091594908336,12.0,33.0,13.0,24.0
sm_all,HYPE|buy|40-60|30-90d,HYPE,buy,40-60,30-90d,1229,712772.4800000001,0,74022.74044954445,35727953.87697373,4028338.915059856,4028338.915059856,1.0,True,20.718438202320698,183.7549968122396,37.0,54.0,17.0,0.5656700882558422,37.49542747054203,4.849458046184744,334.42901240087593,15.0,109.0,40.0,109.0
sm_all,HYPE|buy|40-60|7-30d,HYPE,buy,40-60,7-30d,2850,2387897.8559115394,0,257339.51685336806,130525092.8082182,7902916.924611891,7902916.924611891,1.0,True,19.715712229485217,325.62599266600023,38.0,40.0,2.0,7.72540122756057,32.96362045445828,121.87152343318266,582.1965571394325,19.0,66.0,28.0,64.0
sm_all,HYPE|buy|40-60|<=2d,HYPE,buy,40-60,<=2d,631,312308.5,0,4330.9886041414165,16373270.56645216,261475.6910236819,261475.6910236819,1.0,True,2.6451579032813086,165.63637664310286,82.0,56.0,-26.0,-4.401729246887198,14.15347914097596,-276.21460455062044,866.2748478281326,48.0,144.0,22.0,168.0
sm_all,HYPE|buy|40-60|>90d,HYPE,buy,40-60,>90d,473,404024.9517235621,0,62826.74999553084,22352507.79022486,3013211.586343346,3013211.586343346,1.0,True,28.107248898043583,208.5042759037497,23.0,50.0,27.0,-3.236566026807852,51.78748039845137,-23.655927850573526,405.60477530117277,9.0,138.10000000000036,35.0,129.0
sm_all,HYPE|buy|60-75|2-7d,HYPE,buy,60-75,2-7d,598,340441.6061173347,0,-2372.2444233653564,19890644.380103793,1078796.9858700838,1078796.9858700838,1.0,True,-1.1926433241842402,-21.989720535343046,128.0,127.0,-1.0,-20.37404502067289,58.68633075779377,-411.3106970975029,888.6558449971986,7.0,167.0,21.0,173.0
sm_all,HYPE|buy|60-75|30-90d,HYPE,buy,60-75,30-90d,288,323640.50000000006,0,-17384.63664816757,16086607.924065053,2561045.3779902244,2561045.3779902244,1.0,True,-10.806900205580758,-67.8810176405782,160.0,144.0,-16.0,-48.081558686095825,26.444517553503402,-291.69664031198903,162.91682382294894,28.0,174.0,58.0,169.0
sm_all,HYPE|buy|60-75|7-30d,HYPE,buy,60-75,7-30d,1034,777642.4474711823,0,96971.34920737275,37148326.960239545,3576490.417881358,3576490.417881358,1.0,True,26.10382677829953,271.13549283550617,25.0,45.0,20.0,9.246635265519085,44.27570857923194,97.62036247389632,452.0629848463862,11.0,61.0,32.0,68.0
sm_all,HYPE|buy|60-75|<=2d,HYPE,buy,60-75,<=2d,335,242733.0,0,14196.541091035242,12524345.505846024,320904.6787395137,320904.6787395137,1.0,True,11.335156064170125,442.3912155721147,54.0,30.0,-24.0,-11.79188219653664,80.34626115004924,-483.6295730188571,2700.50754396465,5.0,159.0,5.0,175.0
sm_all,HYPE|buy|60-75|>90d,HYPE,buy,60-75,>90d,189,225064.1117235621,0,19465.10273330823,14639249.865616588,3272262.264010956,3272262.264010956,1.0,False,13.296516496399308,59.485154803725905,,,,,,,,,,,
sm_all,HYPE|buy|75-90|2-7d,HYPE,buy,75-90,2-7d,203,188741.05574649255,0,16687.558831560844,13153096.572728217,1080124.8023141094,1080124.8023141094,1.0,True,12.687171221840659,154.49658035635,51.0,59.0,8.0,8.106402271499555,58.05640874752693,100.2730872212203,625.5217453567981,7.0,65.0,27.0,68.0
sm_all,HYPE|buy|75-90|30-90d,HYPE,buy,75-90,30-90d,218,97515.8,0,19382.345819161437,5547885.971085027,1180151.522102092,1180151.522102092,1.0,True,34.936453128597265,164.23607864045715,13.0,57.0,44.0,7.503300014341254,69.83012484694221,36.097874812998015,320.4014090557073,5.0,65.0,41.0,84.0
sm_all,HYPE|buy|75-90|7-30d,HYPE,buy,75-90,7-30d,736,616316.6828295654,0,105810.5441870752,29994681.897750992,3857314.2995498623,3857314.2995498623,1.0,True,35.276434851942504,274.31144047407025,12.0,44.0,32.0,3.9851022398528793,62.82348172665987,30.471036728689636,490.0599819613089,6.0,79.10000000000036,30.0,87.0
sm_all,HYPE|buy|75-90|<=2d,HYPE,buy,75-90,<=2d,255,129417.43853381717,0,-8391.674711045516,4799263.329509262,345488.56504273316,345488.56504273316,1.0,True,-17.485339175801357,-242.89297997482367,164.0,166.0,2.0,-38.32026784309334,27.279561033461295,-464.3187620938711,665.3766915639368,26.0,172.0,26.0,175.0
sm_all,HYPE|buy|75-90|>90d,HYPE,buy,75-90,>90d,51,124303.0,0,86237.18904161266,8695822.927976971,2516080.596604082,2516080.596604082,1.0,False,99.17082000849251,342.74414403896986,,,,,,,,,,,
sm_all,HYPE|buy|90-100|2-7d,HYPE,buy,90-100,2-7d,131,26348.177435110887,0,6711.044598912704,1742415.613524028,267038.687266449,267038.687266449,1.0,False,38.51575104598406,251.31357061445107,,,,,,,,,,,
sm_all,HYPE|buy|90-100|30-90d,HYPE,buy,90-100,30-90d,25,29859.16,0,22647.108188593567,2003909.811793329,794863.2023067957,794863.2023067957,1.0,False,113.0146080193416,284.91831201732236,,,,,,,,,,,
sm_all,HYPE|buy|90-100|7-30d,HYPE,buy,90-100,7-30d,99,92673.0,0,38070.68203396223,6996407.942538326,2045324.2088249777,2045324.2088249777,1.0,False,54.41461153585911,186.1351949470814,,,,,,,,,,,
sm_all,HYPE|buy|90-100|<=2d,HYPE,buy,90-100,<=2d,146,30686.704319381675,0,-588.8540583127258,1553731.4057431093,172654.62015015393,172654.62015015393,1.0,False,-3.789934709024512,-34.10589637280557,,,,,,,,,,,
sm_all,HYPE|buy|90-100|>90d,HYPE,buy,90-100,>90d,8,15820.0,0,7528.6933491091095,955641.2577610668,602179.6,602179.6,1.0,False,78.78158553710604,125.02405177972003,,,,,,,,,,,
sm_all,HYPE|sell|00-10|2-7d,HYPE,sell,00-10,2-7d,439,257146.83544480367,0,9809.700606185052,17623298.023137182,4394876.90675096,4394876.90675096,1.0,True,5.566325096078012,22.32076304825829,72.0,87.0,15.0,2.1409194404141516,10.358402962815825,8.573694245499494,41.619441408394025,57.0,93.0,81.0,107.0
sm_all,HYPE|sell|00-10|30-90d,HYPE,sell,00-10,30-90d,450,360342.00815227383,0,-17350.93894959654,20874509.31913908,5220082.928151056,5220082.928151056,1.0,True,-8.312022421378831,-33.238818594290436,153.0,135.0,-18.0,-12.913351343335972,-2.5312288616177674,-51.605990605752204,-10.113439749488016,136.0,162.0,122.0,143.0
sm_all,HYPE|sell|00-10|7-30d,HYPE,sell,00-10,7-30d,685,262242.7688180837,0,1834.5903743642978,15678097.547881149,3913035.176231291,3913035.176231291,1.0,True,1.1701613469117862,4.688407570440555,102.0,107.0,5.0,-1.944106278516643,4.568839151377789,-7.781989799071518,18.331645293314068,76.0,133.0,94.0,123.0
sm_all,HYPE|sell|00-10|<=2d,HYPE,sell,00-10,<=2d,506,272085.82325367164,0,7736.876631882691,12339266.906445906,3090595.698810637,3090595.698810637,1.0,True,6.270126653829838,25.033609652857848,69.0,84.0,15.0,4.311153255597055,8.718502571906729,17.20986789214411,34.81337743082094,61.0,79.0,83.0,98.0
sm_all,HYPE|sell|00-10|>90d,HYPE,sell,00-10,>90d,149,220096.8434997073,0,-26006.52678361446,15172607.717670321,3808667.7548229937,3808667.7548229937,1.0,False,-17.140446301347882,-68.28247686000404,,,,,,,,,,,
sm_all,HYPE|sell|10-25|2-7d,HYPE,sell,10-25,2-7d,806,276804.0565596901,0,9446.867588099085,16709187.952048501,4164630.501823766,4164630.501823766,1.0,True,5.653696406557522,22.6835672071319,71.0,86.0,15.0,-1.8069843281491558,13.3816494382219,-7.223749967424923,53.864548339152066,50.0,131.0,78.0,121.0
sm_all,HYPE|sell|10-25|30-90d,HYPE,sell,10-25,30-90d,1187,1470086.94,0,-126820.08945055566,76135092.9082061,19141655.08944544,19141655.08944544,1.0,True,-16.657244984708825,-66.25346076812515,163.0,143.0,-20.0,-29.698738331678705,-4.337758393083341,-117.90608006529312,-17.28928135910037,143.0,170.0,127.0,155.0
sm_all,HYPE|sell|10-25|7-30d,HYPE,sell,10-25,7-30d,1755,1320103.308729277,0,-9689.375757346996,74169416.58267108,18562927.0403633,18562927.0403633,1.0,True,-1.306384248896845,-5.2197456447888735,130.0,119.0,-11.0,-11.289738285659768,7.2529371818698465,-44.96169073380233,29.053474010260608,67.0,159.0,88.0,139.0
sm_all,HYPE|sell|10-25|<=2d,HYPE,sell,10-25,<=2d,788,324095.0,0,6854.084427176393,15173703.749546627,3901467.0453984565,3901467.0453984565,1.0,True,4.517080694541162,17.567966991443306,76.0,90.0,14.0,-1.8786176479381287,10.819556770367333,-7.299212360030039,42.185860146139134,56.0,132.0,81.0,121.0
sm_all,HYPE|sell|10-25|>90d,HYPE,sell,10-25,>90d,467,422184.0695248364,0,-105873.07581349298,27618956.914338212,6952811.536378371,6952811.536378371,1.0,True,-38.33348092828575,-152.2737604198616,170.0,157.0,-13.0,-79.40286420839523,-11.173964081236457,-313.0544196612111,-44.6568694470711,159.0,178.0,139.0,170.0
sm_all,HYPE|sell|25-40|2-7d,HYPE,sell,25-40,2-7d,826,583851.6068194897,1,33612.64487551172,36271323.17258655,9647557.222209474,9647557.222209474,1.0,True,9.267002671938853,34.840575807244385,60.0,81.0,21.0,-7.114491849082898,20.43407590029665,-27.221147970021363,76.12728829865736,36.0,151.0,71.0,133.0
sm_all,HYPE|sell|25-40|30-90d,HYPE,sell,25-40,30-90d,980,1358125.6,0,-3195.75374757487,78852695.64756235,19715549.47914577,19715549.47914577,1.0,True,-0.4052814835726752,-1.6209306014804183,116.0,112.0,-4.0,-23.643896771286922,30.958053799423883,-93.77176561664946,125.04936291366373,21.0,168.0,62.0,151.0
sm_all,HYPE|sell|25-40|7-30d,HYPE,sell,25-40,7-30d,1635,1288531.3308535074,0,-102507.53270296573,77487524.64428084,19553266.811328296,19553266.811328296,1.0,True,-13.22890790143876,-52.42476036974927,162.0,140.0,-22.0,-28.732215398589545,1.1408722707867278,-113.45178109747069,4.540163575763162,103.0,169.0,110.0,154.0
sm_all,HYPE|sell|25-40|<=2d,HYPE,sell,25-40,<=2d,959,608938.0285338172,0,-17675.23366894707,28577138.18199381,7859763.333250629,7859763.333250629,1.0,True,-6.185095777044627,-22.48825176983665,149.0,128.0,-21.0,-13.202415822376635,3.017919972832097,-47.760842481404694,10.956821862330496,86.0,161.0,103.0,140.0
sm_all,HYPE|sell|25-40|>90d,HYPE,sell,25-40,>90d,496,939838.876408579,0,14853.278188689424,50675152.598963894,12608106.20325059,12608106.20325059,1.0,True,2.931077150617819,11.780736892000474,80.0,97.0,17.0,-20.73823503287353,26.462097301121204,-82.90311991106364,107.08837964984163,27.0,166.0,65.0,148.0
sm_all,HYPE|sell|40-60|2-7d,HYPE,sell,40-60,2-7d,955,241685.2393999999,0,5787.26645945119,11730354.30138622,3388750.412151968,3388750.412151968,1.0,True,4.933581979503625,17.07787755244,73.0,91.0,18.0,-5.551927936009318,16.98017838592114,-19.22135332702649,58.86767674281014,43.0,147.0,76.0,128.0
sm_all,HYPE|sell|40-60|30-90d,HYPE,sell,40-60,30-90d,1142,1608187.63,0,114226.43810479007,81924997.88940117,20793846.78928669,20793846.78928669,1.0,True,13.942806353073806,54.932807412835835,46.0,76.0,30.0,-5.026939232039513,36.077925190890824,-19.559170245813423,142.68619503096807,16.0,144.0,60.0,128.0
sm_all,HYPE|sell|40-60|7-30d,HYPE,sell,40-60,7-30d,1487,1845657.5632022247,0,166551.88626025335,93724842.42970918,26092414.3997228,26092414.3997228,1.0,True,17.77030314936643,63.83153498513452,42.0,73.0,31.0,-4.848679459247195,37.86761799130131,-17.368076273200867,135.170118013358,14.0,145.0,60.0,128.0
sm_all,HYPE|sell|40-60|<=2d,HYPE,sell,40-60,<=2d,1055,251157.9037,0,11500.421268437105,11131846.194635203,3280257.900663391,3280257.900663391,1.0,True,10.33109968226073,35.05950329732089,58.0,80.0,22.0,-0.3430382697077591,19.99074188806974,-1.1628591502873262,67.89350633688571,38.0,118.0,73.0,115.0
sm_all,HYPE|sell|40-60|>90d,HYPE,sell,40-60,>90d,582,446882.04,0,65566.06091875226,26434748.325285982,6769174.828353441,6769174.828353441,1.0,True,24.802982843621585,96.85975407832802,28.0,67.0,39.0,-0.006032961750808201,56.726695599138274,-0.02312743727023304,223.57718481379288,7.0,115.0,50.0,115.0
sm_all,HYPE|sell|60-75|2-7d,HYPE,sell,60-75,2-7d,263,69056.019,0,-22809.7368447181,2864158.4692782513,872063.7789419248,872063.7789419248,1.0,True,-79.63852939486969,-261.5604201838673,178.0,168.0,-10.0,-154.84626765815034,-18.488643034986517,-497.8908348674777,-61.75093780526111,166.0,180.0,145.0,175.0
sm_all,HYPE|sell|60-75|30-90d,HYPE,sell,60-75,30-90d,160,90205.765,0,-26401.274343311037,4703422.652323902,1418938.8692243614,1418938.8692243614,1.0,False,-56.132047436278135,-186.06350785036176,,,,,,,,,,,
sm_all,HYPE|sell|60-75|7-30d,HYPE,sell,60-75,7-30d,255,244720.57349999997,0,-12128.110138488046,14217196.63898505,4251006.607215544,4251006.607215544,1.0,True,-8.530591822322757,-28.529972449118564,154.0,133.0,-21.0,-84.87257171663845,90.71248806086527,-280.5604354219912,307.972808960412,4.0,177.0,42.0,168.0
sm_all,HYPE|sell|60-75|<=2d,HYPE,sell,60-75,<=2d,197,45060.3,0,-2270.6951016751245,1961438.714600365,591060.8572721052,591060.8572721052,1.0,False,-11.576681365432156,-38.417280957411975,,,,,,,,,,,
sm_all,HYPE|sell|60-75|>90d,HYPE,sell,60-75,>90d,204,196799.48313556152,0,56642.38159611183,11264975.545602487,3311951.733784375,3311951.733784375,1.0,True,50.2818504725679,171.02417592115654,7.0,55.0,48.0,-17.452891838638283,142.07184580230816,-58.84093480760204,495.5591463093861,2.0,163.0,30.0,142.0
sm_all,HYPE|sell|75-90|2-7d,HYPE,sell,75-90,2-7d,162,26282.446781150546,0,1371.5907403457193,1589919.8805116126,471539.31246293895,471539.31246293895,1.0,False,8.626791558228467,29.0875162281092,,,,,,,,,,,
sm_all,HYPE|sell|75-90|30-90d,HYPE,sell,75-90,30-90d,104,34505.37247765609,0,-7145.005816873126,2038720.8735607064,612140.6888722918,612140.6888722918,1.0,False,-35.046513279643285,-116.72162865102007,,,,,,,,,,,
sm_all,HYPE|sell|75-90|7-30d,HYPE,sell,75-90,7-30d,269,166704.45947260284,0,-66042.78085671061,8890662.225416668,2669951.9281510985,2669951.9281510985,1.0,True,-74.28330891697493,-247.35569266389092,177.0,167.0,-10.0,-131.4853197254098,57.894955204602226,-434.26167373485,196.79914968168205,8.0,180.0,54.0,174.0
sm_all,HYPE|sell|75-90|<=2d,HYPE,sell,75-90,<=2d,240,112302.0,0,-23668.579253935015,3843216.7041143994,1181136.5107357646,1181136.5107357646,1.0,True,-61.58533612896808,-200.38817730891378,176.0,164.0,-12.0,-84.3179806724033,5.726578364806577,-271.94038811661727,19.119811039257833,73.0,178.0,95.0,168.0
sm_all,HYPE|sell|75-90|>90d,HYPE,sell,75-90,>90d,47,21457.0,0,12927.603901824246,1221473.3313136173,352961.58179573173,352961.58179573173,1.0,False,105.83615352388763,366.26093514352493,,,,,,,,,,,
sm_all,HYPE|sell|90-100|2-7d,HYPE,sell,90-100,2-7d,76,168351.759,0,5133.1139176080615,12111354.13446895,3608526.478415108,3608526.478415108,1.0,False,4.238265895470106,14.22495843750207,,,,,,,,,,,
sm_all,HYPE|sell|90-100|30-90d,HYPE,sell,90-100,30-90d,44,9009.0,0,-2792.942111472703,671023.2055382706,203436.9737277427,203436.9737277427,1.0,False,-41.62213897256065,-137.2878322113887,,,,,,,,,,,
sm_all,HYPE|sell|90-100|7-30d,HYPE,sell,90-100,7-30d,94,76307.09000168307,0,81861.97913695022,4170685.1889897296,1178876.8932487797,1178876.8932487797,1.0,False,196.27944912519217,694.4065118737958,,,,,,,,,,,
sm_all,HYPE|sell|90-100|<=2d,HYPE,sell,90-100,<=2d,175,40780.90613262388,0,-8821.522820873002,2191114.9678887525,661384.9327520663,661384.9327520663,1.0,False,-40.26042882347235,-133.3795552941623,,,,,,,,,,,
sm_all,HYPE|sell|90-100|>90d,HYPE,sell,90-100,>90d,27,12329.467658247022,0,509.20787895713653,586641.1587163773,176468.04900673346,176468.04900673346,1.0,False,8.680057159155494,28.855528342000696,,,,,,,,,,,
pm_all,BTC|buy|00-10|2-7d,BTC,buy,00-10,2-7d,2930,4360.315004508309,0,80817.2449667462,324955684.0029542,510653.80395363807,510653.80395363807,1.0,True,2.4870235833761103,1582.6229892156753,54.0,5.0,-49.0,1.375364491119391,3.648581290776024,871.6518541591018,2466.792821664008,49.0,68.0,3.0,10.0
pm_all,BTC|buy|00-10|30-90d,BTC,buy,00-10,30-90d,1279,3841.990900016552,0,189933.2674567905,281706287.3955726,1495921.5553599033,1495921.5553599033,1.0,True,6.742244527545307,1269.6739797368218,42.0,7.0,-35.0,5.238339535565427,8.100904672463624,955.4846822963761,1671.5933466650188,36.0,47.0,3.0,10.0
pm_all,BTC|buy|00-10|7-30d,BTC,buy,00-10,7-30d,2677,4792.656889421988,0,92264.05061534166,349121599.91898954,885026.0021613507,885026.0021613507,1.0,True,2.6427482755793594,1042.5010156766089,50.0,9.0,-41.0,1.7289360483143008,3.6315092341005437,684.673511285275,1399.0773021440575,48.0,65.0,5.0,14.0
pm_all,BTC|buy|00-10|<=2d,BTC,buy,00-10,<=2d,3874,2842.8151852853302,0,-29282.619963794903,220446303.55520687,189807.1749651922,189807.1749651922,1.0,True,-1.3283334531604696,-1542.7562192612004,94.0,133.0,39.0,-2.2963708112893477,-0.4658918889542701,-2424.0057758975972,-591.563919556868,83.0,99.0,130.0,133.0
pm_all,BTC|buy|00-10|>90d,BTC,buy,00-10,>90d,479,1743.8113264190542,0,168643.28393404026,121469111.87299989,718315.645058125,718315.645058125,1.0,True,13.883635216692996,2347.760139908882,27.0,3.0,-24.0,5.490103966372494,19.022254584851765,694.8955885458164,5684.389800449842,22.0,44.0,1.0,14.0
pm_all,BTC|buy|10-25|2-7d,BTC,buy,10-25,2-7d,4858,6843.934610000058,0,82672.59984206394,516637524.04876584,2787673.7198024374,2787673.7198024374,1.0,True,1.6002050953283138,296.5648356003548,62.0,26.0,-36.0,-1.193151851621208,4.423388968570674,-198.9569202394312,904.4833248373363,46.0,91.0,10.0,120.0
pm_all,BTC|buy|10-25|30-90d,BTC,buy,10-25,30-90d,2649,4433.794021976467,0,352373.241491441,324422239.7194534,4989850.061237763,4989850.061237763,1.0,True,10.861562443935977,706.1800197740464,33.0,15.0,-18.0,6.292064630326626,16.44849969869633,384.3142761976395,1085.6914314713888,25.0,43.0,8.0,23.0
pm_all,BTC|buy|10-25|7-30d,BTC,buy,10-25,7-30d,5202,5807.745682511177,0,112021.30330991502,434630182.3528091,4158411.1005648933,4158411.1005648933,1.0,True,2.577393560279305,269.38486984775903,53.0,30.0,-23.0,1.408798903335859,3.753993893876353,141.79912913951637,407.133651361108,48.0,67.0,22.0,39.0
pm_all,BTC|buy|10-25|<=2d,BTC,buy,10-25,<=2d,5025,2907.8915419999985,0,12120.527900589996,229703775.2553214,630936.9409168164,630936.9409168164,1.0,True,0.5276590638145903,192.10363373204333,74.0,36.0,-38.0,-0.22459822359881945,1.2726574428635544,-80.98004106920693,468.64082511704623,67.0,84.0,20.0,109.0
pm_all,BTC|buy|10-25|>90d,BTC,buy,10-25,>90d,871,1974.9461707965859,0,287218.33112135745,151787930.1784825,4004907.094979945,4004907.094979945,1.0,True,18.922343218174642,717.1660273502442,23.0,14.0,-9.0,15.074987963274376,21.650007895205533,502.722608840431,852.7670894281478,18.0,29.0,10.0,19.0
pm_all,BTC|buy|25-40|2-7d,BTC,buy,25-40,2-7d,3145,2562.464921913281,0,-17627.685736371554,189261673.78203598,2433143.167164039,2433143.167164039,1.0,True,-0.9313922562405611,-72.44820598418622,89.0,106.0,17.0,-3.7810524766315696,0.9387283861072935,-290.7847033960255,73.4979064389571,71.0,105.0,46.0,125.0
pm_all,BTC|buy|25-40|30-90d,BTC,buy,25-40,30-90d,2575,1685.853366578359,0,-2284.591029743324,136030182.5274816,5399974.97373105,5399974.97373105,1.0,True,-0.1679473619232833,-4.2307437365118234,79.0,83.0,4.0,-3.026423668009334,2.8385677735338177,-75.98849034114632,71.35311486892427,54.0,102.0,46.0,109.0
pm_all,BTC|buy|25-40|7-30d,BTC,buy,25-40,7-30d,4588,6607.781091060736,0,1502133.944150623,495572460.6894534,10591476.836459521,10591476.836459521,1.0,True,30.311085932031308,1418.2478679269345,12.0,6.0,-6.0,2.73553640208308,63.341251761806895,118.09608548002363,3349.1763729252825,6.0,55.0,3.0,40.0
pm_all,BTC|buy|25-40|<=2d,BTC,buy,25-40,<=2d,3698,1728.7922769999732,0,-12460.297999356648,138481340.9933685,920713.2413665075,920713.2413665075,1.0,True,-0.8997817258249498,-135.33310307195407,88.0,116.0,28.0,-2.21334089303582,0.47318858174040634,-334.97813514613284,70.51290600672614,75.0,99.0,47.0,126.0
pm_all,BTC|buy|25-40|>90d,BTC,buy,25-40,>90d,777,835.8099079120286,1,93409.73214457341,70342470.95840627,3793477.41519355,3793477.41519355,1.0,True,13.279279341751712,246.23774421445313,28.0,33.0,5.0,6.422027515901414,23.51083377482699,120.00234988016379,410.0707205789714,18.0,42.0,22.0,40.0
pm_all,BTC|buy|40-60|2-7d,BTC,buy,40-60,2-7d,3562,2898.208669284045,0,-151836.34882515922,227823159.6861179,5109550.242646594,5109550.242646594,1.0,True,-6.664658195169926,-297.16186672921833,112.0,126.0,14.0,-9.403464760417537,-3.4429373440275386,-419.7251949475241,-153.1739201456168,102.0,117.0,118.0,128.0
pm_all,BTC|buy|40-60|30-90d,BTC,buy,40-60,30-90d,2800,2946.4746836504223,0,-241215.75421395726,243800424.3008049,17206478.850484785,17206478.850484785,1.0,True,-9.893984184225264,-140.1889115780136,118.0,117.0,-1.0,-26.29598808240104,2.324346534458167,-361.6252080863087,33.15568421349911,59.899999999999864,124.0,56.0,127.0
pm_all,BTC|buy|40-60|7-30d,BTC,buy,40-60,7-30d,4747,4080.260495700253,0,2944333.6082779495,310255281.4996449,10479446.490401354,10479446.490401354,1.0,True,94.9003541227813,2809.627026556041,4.0,2.0,-2.0,32.77080445984435,153.11680051703968,853.6523732802782,5196.581153434707,2.0,11.0,1.0,10.0
pm_all,BTC|buy|40-60|<=2d,BTC,buy,40-60,<=2d,3994,1874.172832522465,0,-27774.81040810782,151178590.16765752,1713352.1697625304,1713352.1697625304,1.0,True,-1.837218509400403,-162.10800615472644,96.0,119.0,23.0,-4.0182832788034615,0.33647774010477516,-363.56079948720134,29.318814159913764,77.0,105.0,57.0,127.0
pm_all,BTC|buy|40-60|>90d,BTC,buy,40-60,>90d,751,682.7770583570241,0,174875.57582035902,57801999.84731123,5480199.923639568,5480199.923639568,1.0,True,30.254243154615295,319.1043725722671,13.0,25.0,12.0,10.318899202504364,47.87817952058267,109.25961717898319,498.69882885970577,7.0,33.0,19.0,42.0
pm_all,BTC|buy|60-75|2-7d,BTC,buy,60-75,2-7d,1436,1070.6787747479125,0,-28926.602118602586,84290959.21198905,3103713.7801438053,3103713.7801438053,1.0,True,-3.4317561917705923,-93.19996677419888,102.0,111.0,9.0,-8.351932832603339,1.2028159080382372,-235.45891222849437,31.854467873927028,69.0,114.0,56.0,123.0
pm_all,BTC|buy|60-75|30-90d,BTC,buy,60-75,30-90d,870,1209.3866745889854,0,205974.9310574601,91877788.80149598,8027688.158996061,8027688.158996061,1.0,True,22.41835962143947,256.5806331510755,19.0,31.0,12.0,-0.7154314025672083,33.83915431451212,-7.518907511212596,415.5359107238837,12.0,87.0,22.0,87.0
pm_all,BTC|buy|60-75|7-30d,BTC,buy,60-75,7-30d,1724,2312.8978340026056,0,1989263.8992118062,172590470.76376167,10882811.78682632,10882811.78682632,1.0,True,115.25919654826541,1827.8951599804534,2.0,4.0,2.0,-5.758764814068466,304.88443804144976,-83.15924608694792,6355.610196994029,1.0,110.0,1.0,111.0
pm_all,BTC|buy|60-75|<=2d,BTC,buy,60-75,<=2d,1407,889.8601799999981,0,-38952.45690653967,68273905.5868103,1370810.3121274153,1370810.3121274153,1.0,True,-5.705321318847302,-284.1564333294794,109.0,125.0,16.0,-11.709069266974343,1.9986957209200802,-519.8768161799262,114.86078906044631,61.0,118.0,41.0,129.0
pm_all,BTC|buy|60-75|>90d,BTC,buy,60-75,>90d,203,62.95621366878161,0,10251.11210643089,4846382.720987948,628186.4368812024,628186.4368812024,1.0,True,21.152089499735535,163.1858235801022,20.0,38.0,18.0,2.051380330096122,42.5677907474545,16.25715905647198,326.89381875203975,8.0,60.100000000000364,26.0,62.0
pm_all,BTC|buy|75-90|2-7d,BTC,buy,75-90,2-7d,905,494.7238589062519,0,-22549.816656346084,37905055.51372149,2117672.715477564,2117672.715477564,1.0,True,-5.949026152509692,-106.48395520013484,110.0,113.0,3.0,-34.8017195200297,13.653183500550792,-581.089745280781,246.16881223521466,28.0,125.0,31.0,129.0
pm_all,BTC|buy|75-90|30-90d,BTC,buy,75-90,30-90d,362,384.76703570272616,0,71733.29071985975,31057078.78722346,4130487.182885719,4130487.182885719,1.0,True,23.097243372860312,173.66786905205717,18.0,37.0,19.0,7.305377836710731,40.45021460268418,53.77840920173328,312.5950041550397,9.0,40.0,27.0,50.0
pm_all,BTC|buy|75-90|7-30d,BTC,buy,75-90,7-30d,1032,821.0361697639913,0,89687.88961462337,60726995.66256664,6545435.3153392775,6545435.3153392775,1.0,True,14.769031241555199,137.02356725524294,26.0,39.0,13.0,-2.0250518151957073,29.31568533409599,-18.622924532546595,274.2870759909077,14.0,96.0,29.0,92.0
pm_all,BTC|buy|75-90|<=2d,BTC,buy,75-90,<=2d,1038,493.22642966684805,0,9134.960335485133,39002422.87263038,1099085.7209092577,1099085.7209092577,1.0,True,2.3421520158675873,83.11417537048806,56.0,42.0,-14.0,-4.836901163176136,10.28639479432914,-167.78776432561688,368.31664772918725,33.0,107.0,24.0,119.0
pm_all,BTC|buy|75-90|>90d,BTC,buy,75-90,>90d,110,43.13100385325913,0,25151.671674103858,3706550.526264482,601598.9031463478,601598.9031463478,1.0,False,67.857355500431,418.08041109385704,,,,,,,,,,,
pm_all,BTC|buy|90-100|2-7d,BTC,buy,90-100,2-7d,456,643.0670778183209,0,6035.6590833087985,51328602.396087654,5261419.307579367,5261419.307579367,1.0,True,1.1758861144773438,11.471541670541438,68.0,59.0,-9.0,-14.373763846042685,11.39496724705563,-118.29380510367601,108.37692476581094,32.0,119.0,42.0,114.0
pm_all,BTC|buy|90-100|30-90d,BTC,buy,90-100,30-90d,83,19.98106645463951,0,-2016.021925580126,1630268.9002615525,284011.8836666733,284011.8836666733,1.0,False,-12.36619262783388,-70.98371728509089,,,,,,,,,,,
pm_all,BTC|buy|90-100|7-30d,BTC,buy,90-100,7-30d,386,430.6067952752809,0,-89230.29466834429,30191702.223153543,4558114.653289542,4558114.653289542,1.0,True,-29.554575627708388,-195.76140894996522,124.0,123.0,-1.0,-68.53748159488887,9.128725867885324,-441.17617636071526,59.22189476133959,36.0,129.0,49.0,128.0
pm_all,BTC|buy|90-100|<=2d,BTC,buy,90-100,<=2d,849,471.2395440217784,0,143525.1779713807,38003443.23386118,1912382.94714842,1912382.94714842,1.0,True,37.76636161312335,750.5043808584104,9.0,13.0,4.0,12.275494845218969,96.18438286268673,246.52129454813567,1869.0873678294208,3.0,30.0,4.0,31.0
pm_all,BTC|buy|90-100|>90d,BTC,buy,90-100,>90d,49,18.861497400000005,0,18289.90335186221,1476765.1528304357,324726.7429181118,324726.7429181118,1.0,False,123.85113040355093,563.2398239671464,,,,,,,,,,,
pm_all,BTC|sell|00-10|2-7d,BTC,sell,00-10,2-7d,4466,6578.730099608015,0,22521.708144923054,488356754.1606403,66368107.67568172,66368107.67568172,1.0,True,0.46117327042260486,3.393453412138696,75.0,73.0,-2.0,-0.1482906382798646,1.1925758168171545,-1.0746359404606518,8.657357713406313,67.0,84.0,67.0,84.0
pm_all,BTC|sell|00-10|30-90d,BTC,sell,00-10,30-90d,2124,2330.616611709483,0,-8769.896544700092,186178623.34834966,15259249.18110264,15259249.18110264,1.0,True,-0.47104744825033806,-5.7472660945604765,82.0,84.0,2.0,-1.5876973839195252,0.4104944162941457,-18.466869239624252,4.896801363517233,75.0,95.0,73.0,94.0
pm_all,BTC|sell|00-10|7-30d,BTC,sell,00-10,7-30d,4498,5539.865003462421,1,25938.024801017815,421520204.6483649,47526102.744084574,47526102.744084574,1.0,True,0.615344757261529,5.4576376566551605,72.0,69.0,-3.0,-0.63707453216716,1.6954236129055602,-5.656228278868895,15.378192675110467,63.0,87.0,62.0,86.0
pm_all,BTC|sell|00-10|<=2d,BTC,sell,00-10,<=2d,7649,5584.180267626843,0,60397.602703940196,455079409.9218776,86684380.97675194,86684380.97675194,1.0,True,1.3271882090712148,6.967530023677317,64.0,67.0,3.0,1.1181421549163353,1.5307735705338605,5.890672047872652,8.017554516679088,62.0,73.0,65.0,77.0
pm_all,BTC|sell|00-10|>90d,BTC,sell,00-10,>90d,573,2160.381562097767,0,-139632.4162940151,154021195.26068613,15330628.76148823,15330628.76148823,1.0,True,-9.065792279931504,-91.08068459969687,115.0,109.0,-6.0,-11.044866022503513,-5.230269485860935,-107.4833159123112,-56.10654181175474,107.0,119.0,104.0,116.0
pm_all,BTC|sell|10-25|2-7d,BTC,sell,10-25,2-7d,4679,4802.963829999999,1,73864.29379622346,374649399.5932438,70958754.12515263,70958754.12515263,1.0,True,1.9715577784568132,10.409468811409262,60.0,63.0,3.0,0.7722805856664632,3.164804725519075,4.036515169220417,16.781681830352596,51.0,73.0,60.0,76.0
pm_all,BTC|sell|10-25|30-90d,BTC,sell,10-25,30-90d,3328,5227.9448091883705,0,-49726.13452137482,393316681.55503196,54963397.39556868,54963397.39556868,1.0,True,-1.2642772822341444,-9.047136253877913,93.0,88.0,-5.0,-3.0357078563642395,0.6514309162401493,-21.79937754544664,4.665689079805816,74.0,102.0,74.0,96.0
pm_all,BTC|sell|10-25|7-30d,BTC,sell,10-25,7-30d,5700,5990.494180630845,0,-12867.941977887636,457739941.8132698,74255766.40037447,74255766.40037447,1.0,True,-0.2811190547827915,-1.7329215765555337,80.0,78.0,-2.0,-2.0767338770363226,1.4748844215514731,-12.793186155178159,9.08177207943339,65.0,97.0,67.0,91.0
pm_all,BTC|sell|10-25|<=2d,BTC,sell,10-25,<=2d,6830,3800.826718000071,0,28791.098726370805,316370549.56096464,70588350.12664688,70588350.12664688,1.0,True,0.9100435791613642,4.078732350977878,69.0,71.0,2.0,0.39208125110538716,1.39761077512557,1.7559407017176494,6.268213723959541,65.0,78.0,69.0,81.0
pm_all,BTC|sell|10-25|>90d,BTC,sell,10-25,>90d,791,1135.2184538823906,1,-82840.98610099651,88758516.31862026,12627621.471881567,12627621.471881567,1.0,True,-9.333300007361396,-65.60300075945567,117.0,105.0,-12.0,-15.389140660316839,1.7382966811223957,-105.65738412172603,12.28887935566237,64.0,121.0,66.0,114.0
pm_all,BTC|sell|25-40|2-7d,BTC,sell,25-40,2-7d,3583,4890.7996612860325,1,23080.921443132407,359468425.2266289,75225756.91475101,75225756.91475101,1.0,True,0.6420848069919051,3.068220565635342,71.0,74.0,3.0,-2.914569949874052,4.969493272366134,-13.921442360890664,23.6970813958933,45.0,101.0,57.0,92.0
pm_all,BTC|sell|25-40|30-90d,BTC,sell,25-40,30-90d,2852,3500.147512931782,0,38274.15978834048,266471499.69863963,47568429.78286261,47568429.78286261,1.0,True,1.4363322093216666,8.046126383202466,63.0,66.0,3.0,-7.895167155645447,8.596315480195976,-43.79754513876711,48.17118478201705,36.0,114.0,50.0,102.0
pm_all,BTC|sell|25-40|7-30d,BTC,sell,25-40,7-30d,5279,5849.053637002143,2,-387324.5702459557,428593923.669637,84258412.85991432,84258412.85991432,1.0,True,-9.037098961405436,-45.96865251780979,114.0,101.0,-13.0,-34.11137138274634,6.47994520800164,-168.88503271801721,33.66750008165806,40.0,125.0,53.0,119.0
pm_all,BTC|sell|25-40|<=2d,BTC,sell,25-40,<=2d,4677,1824.973359999963,0,38405.11529650593,148201080.66275212,34355955.83454238,34355955.83454238,1.0,True,2.591419382689995,11.178590251269451,52.0,61.0,9.0,1.3542893610434168,3.8014365286578315,5.823835482084982,16.431672475365822,48.0,68.0,60.0,74.0
pm_all,BTC|sell|25-40|>90d,BTC,sell,25-40,>90d,907,856.8978942441227,1,286626.99533724645,66312447.694751196,12698960.864695994,12698960.864695994,1.0,True,43.22370916794461,225.70901539990544,7.0,34.0,27.0,22.31017165032279,82.49684476388799,119.82555881047604,408.60579084087044,4.0,19.0,22.0,41.0
pm_all,BTC|sell|40-60|2-7d,BTC,sell,40-60,2-7d,4663,2801.698050421827,0,126027.97856477374,221687896.25426427,49896548.89986958,49896548.89986958,1.0,True,5.684928256986405,25.257854770213008,43.0,55.0,12.0,-0.17551346481732563,10.962141981574637,-0.7669689610461816,49.10573505356336,32.0,81.0,50.0,81.0
pm_all,BTC|sell|40-60|30-90d,BTC,sell,40-60,30-90d,3653,3601.3058148083837,0,36131.67969117274,290074512.0179678,58449249.81731023,58449249.81731023,1.0,True,1.2455999474002277,6.18171829477819,67.0,68.0,1.0,-3.361181874109189,10.186449955611593,-16.840584951032728,49.24992204709271,34.0,102.0,50.0,92.0
pm_all,BTC|sell|40-60|7-30d,BTC,sell,40-60,7-30d,6340,5752.519804520993,1,-1769245.1283040645,434995487.47112346,95841666.2988801,95841666.2988801,1.0,True,-40.67272372386422,-184.6008314157136,127.0,121.0,-6.0,-73.11915622543124,-9.353208859936943,-321.80966048282846,-43.87871991820582,115.0,129.0,102.0,126.0
pm_all,BTC|sell|40-60|<=2d,BTC,sell,40-60,<=2d,5033,2014.4827215342898,0,1092.3730900047278,162486440.2305672,38643476.8470089,38643476.8470089,1.0,True,0.0672285692550503,0.28267981536171743,77.0,77.0,0.0,-3.445197344291686,3.390713585938315,-14.522938365691466,14.238210948412776,51.0,103.0,63.0,91.0
pm_all,BTC|sell|40-60|>90d,BTC,sell,40-60,>90d,1160,451.0321393999752,0,88840.03277009072,34718754.08170358,7613373.774429016,7613373.774429016,1.0,True,25.588485278309133,116.6894407161213,16.0,41.0,25.0,12.735466116259564,44.532756685055205,57.964124557988846,201.717152054487,8.0,30.0,34.0,49.0
pm_all,BTC|sell|60-75|2-7d,BTC,sell,60-75,2-7d,1094,1096.6229644037624,0,-4654.288150927385,83210449.32603276,19548799.708047055,19548799.708047055,1.0,True,-0.5593393844913742,-2.380856226692781,84.0,79.0,-5.0,-8.540523347811327,5.384014364987169,-36.312270181643775,22.933114319921426,45.0,114.0,59.0,100.0
pm_all,BTC|sell|60-75|30-90d,BTC,sell,60-75,30-90d,821,204.88493036451396,0,-6208.5310863827435,15522927.41711686,3684809.6253192434,3684809.6253192434,1.0,True,-3.9995877836397695,-16.848987377047603,106.0,91.0,-15.0,-14.838813678614802,7.380431305168774,-62.57727697321673,31.227832851621258,40.0,120.0,56.0,107.0
pm_all,BTC|sell|60-75|7-30d,BTC,sell,60-75,7-30d,1599,2947.859902580181,0,-4110175.785225323,218868833.91233486,56538472.31745378,56538472.31745378,1.0,True,-187.79173406075722,-726.9697281786098,132.0,131.0,-1.0,-351.88767641538936,-31.3802594931701,-1262.2245959317675,-132.29529421894748,125.0,133.0,117.0,133.0
pm_all,BTC|sell|60-75|<=2d,BTC,sell,60-75,<=2d,1282,501.0399009392376,0,-8734.779542832826,40430253.10607258,9801961.494263096,9801961.494263096,1.0,True,-2.160456309762966,-8.911256739730236,99.0,87.0,-12.0,-5.826387389998389,1.4450284405412475,-24.093039293204573,5.9511096199751865,66.0,109.0,72.0,96.0
pm_all,BTC|sell|60-75|>90d,BTC,sell,60-75,>90d,307,92.44699903362762,0,-29295.044559583344,7341395.818991026,1900454.264940585,1900454.264940585,1.0,True,-39.903916478391906,-154.1475903946534,125.0,118.0,-7.0,-113.7541293275415,46.47879546108745,-423.16032000589985,185.09544343015733,8.0,130.0,36.0,127.0
pm_all,BTC|sell|75-90|2-7d,BTC,sell,75-90,2-7d,602,310.66426000000007,0,-31244.154443353895,24834938.222939372,6026194.043982114,6026194.043982114,1.0,True,-12.580725654672458,-51.84724258017376,119.0,103.0,-16.0,-22.92657328232956,-1.878048126724949,-94.21752764000816,-7.747536691093244,97.0,123.0,87.0,112.0
pm_all,BTC|sell|75-90|30-90d,BTC,sell,75-90,30-90d,307,99.77411879997602,0,-17719.551633426876,7815666.486895977,1940661.5445159015,1940661.5445159015,1.0,True,-22.671836961231783,-91.30675920023458,121.0,110.0,-11.0,-43.629090019795754,-2.976680166535123,-174.1706953709013,-12.03400760668605,101.0,127.0,90.0,120.0
pm_all,BTC|sell|75-90|7-30d,BTC,sell,75-90,7-30d,756,525.738561488395,0,-13852.49138969369,39037153.152550474,9455222.216342686,9455222.216342686,1.0,True,-3.5485403701341998,-14.650624885103847,103.0,90.0,-13.0,-12.221980585481365,3.7210361547689517,-49.35821315935046,15.634255862338334,49.0,118.0,62.0,104.0
pm_all,BTC|sell|75-90|<=2d,BTC,sell,75-90,<=2d,801,423.75009982328635,0,52413.568134647474,31823008.337109465,7798676.3056503795,7798676.3056503795,1.0,True,16.47033730419727,67.20828776631265,25.0,44.0,19.0,-1.0243821199321916,33.67791688244088,-4.1837172278702175,135.7916673007688,12.0,89.0,39.0,83.0
pm_all,BTC|sell|75-90|>90d,BTC,sell,75-90,>90d,132,53.2620726522192,0,-25124.805495585464,4017445.3777085664,1022551.3568887275,1022551.3568887275,1.0,False,-62.53925849246001,-245.70702807565203,,,,,,,,,,,
pm_all,BTC|sell|90-100|2-7d,BTC,sell,90-100,2-7d,300,100.60737520325875,0,6704.067071995338,8112200.662870249,1976308.670570921,1976308.670570921,1.0,True,8.264178057971403,33.92216596438172,39.0,53.0,14.0,-1.3960945179051445,18.933566797768115,-5.720966302484677,77.7509813688473,23.0,92.0,45.0,86.0
pm_all,BTC|sell|90-100|30-90d,BTC,sell,90-100,30-90d,112,34.27161114595515,0,-32494.85442911498,2495254.3941159593,662897.9317489108,662897.9317489108,1.0,False,-130.22661940097512,-490.1939329239485,,,,,,,,,,,
pm_all,BTC|sell|90-100|7-30d,BTC,sell,90-100,7-30d,265,108.61216609726984,0,-23645.297381922177,8345942.090058878,2110309.2317233705,2110309.2317233705,1.0,True,-28.331489874686355,-112.04659974222069,123.0,114.0,-9.0,-63.455357523422265,5.694252331845608,-249.8068404443346,22.68690779581942,45.0,129.0,60.0,124.0
pm_all,BTC|sell|90-100|<=2d,BTC,sell,90-100,<=2d,792,605.8111560591666,0,47518.67083416742,44668624.25190382,11055439.707269391,11055439.707269391,1.0,True,10.638042167180048,42.98216271119637,34.0,50.0,16.0,-16.818994678775816,48.692103050975206,-68.52699896154488,192.22885950936453,8.0,120.0,35.0,108.0
pm_all,BTC|sell|90-100|>90d,BTC,sell,90-100,>90d,121,36.207600000000035,0,-30730.42503554801,2673930.8514027945,731237.0503711604,731237.0503711604,1.0,False,-114.92602742298386,-420.2525708995449,,,,,,,,,,,
pm_all,ETH|buy|00-10|2-7d,ETH,buy,00-10,2-7d,8107,177620.7253105501,0,135616.70299015322,480803557.46493006,1442604.1549198863,1442604.1549198863,1.0,True,2.820626030830588,940.0825758586878,49.0,10.0,-39.0,1.8263550447892276,3.860811123239665,600.4203323212524,1307.3140399737085,47.0,64.0,6.0,16.0
pm_all,ETH|buy|00-10|30-90d,ETH,buy,00-10,30-90d,2761,48437.16164118823,0,100208.50726938655,113811675.54455316,839266.4569502522,839266.4569502522,1.0,True,8.804765134149926,1194.001099883424,36.0,8.0,-28.0,6.229792249089043,10.942838190073271,802.9328512590307,1550.4124272680558,31.0,44.0,4.0,12.0
pm_all,ETH|buy|00-10|7-30d,ETH,buy,00-10,7-30d,7358,73640.78548936895,0,-28289.31367918788,197537154.84731546,916191.3920700301,916191.3920700301,1.0,True,-1.4321008977300418,-308.7707865850103,95.0,127.0,32.0,-5.259752373991315,1.9027182699296001,-1069.0636080637214,435.219312354141,62.0,109.0,21.0,132.0
pm_all,ETH|buy|00-10|<=2d,ETH,buy,00-10,<=2d,7859,74199.12269511336,0,-10661.940212220472,195523496.77634147,167760.24975669853,167760.24975669853,1.0,True,-0.5453022469425566,-635.5462767660042,83.0,130.0,47.0,-1.0333569990793847,-0.05368386643259323,-1174.9471760180966,-62.5701656013783,79.0,92.0,107.89999999999986,132.0
pm_all,ETH|buy|00-10|>90d,ETH,buy,00-10,>90d,1404,103682.40619374825,0,503948.6354282521,256293482.84687153,1368453.4877342219,1368453.4877342219,1.0,True,19.662951622119394,3682.614279149895,22.0,1.0,-21.0,16.909740913480455,22.228764309854828,2775.4995090099246,4589.839421674121,17.0,27.0,1.0,3.0
pm_all,ETH|buy|10-25|2-7d,ETH,buy,10-25,2-7d,11313,196874.17837838706,0,128856.42172439385,523497186.74640524,3149337.9925025078,3149337.9925025078,1.0,True,2.4614539483058393,409.1539937318787,55.0,22.0,-33.0,1.3239184903826395,3.8756880658386823,238.82197544256624,595.7339993672113,48.0,67.0,16.0,31.0
pm_all,ETH|buy|10-25|30-90d,ETH,buy,10-25,30-90d,6844,84368.97463752268,0,195073.16397708494,203878406.590093,4967982.07186295,4967982.07186295,1.0,True,9.56811303559423,392.66076478398844,35.0,23.0,-12.0,6.805384683098797,13.062705251138524,275.214414455666,545.3003227509712,29.0,43.0,17.0,30.0
pm_all,ETH|buy|10-25|7-30d,ETH,buy,10-25,7-30d,13225,120711.24997649161,0,146825.3807313342,315180935.128262,4324455.329957942,4324455.329957942,1.0,True,4.658447398526311,339.5234070616754,44.0,24.0,-20.0,0.3728302875885831,10.364611613494613,26.703863653717715,761.5889862219723,33.0,77.0,13.0,58.0
pm_all,ETH|buy|10-25|<=2d,ETH,buy,10-25,<=2d,12082,96755.34656267695,0,62447.82554707123,274271557.70237154,1060332.8689441714,1060332.8689441714,1.0,True,2.2768611543322,588.9454847255068,57.0,17.0,-40.0,1.3782115553377596,3.257786316061207,355.97733868470004,843.5890111109849,51.0,67.0,11.0,24.0
pm_all,ETH|buy|10-25|>90d,ETH,buy,10-25,>90d,1765,29016.296049023775,0,137965.8005718443,66113368.82195534,2435711.1397257284,2435711.1397257284,1.0,True,20.868063907526636,566.4292383512268,21.0,18.0,-3.0,16.16016348150884,25.9679144110808,419.3335901873147,709.1746726797655,16.0,27.0,13.0,22.0
pm_all,ETH|buy|25-40|2-7d,ETH,buy,25-40,2-7d,8465,65517.059123447456,0,-6016.562787098507,183839370.03790918,3174802.7127304343,3174802.7127304343,1.0,True,-0.3272728135359604,-18.950981624694617,81.0,93.0,12.0,-1.9514184823886866,1.4683705905093134,-113.58880768135857,84.56013515905639,66.0,97.0,44.0,114.0
pm_all,ETH|buy|25-40|30-90d,ETH,buy,25-40,30-90d,6798,50664.296606683514,0,95024.31428000465,136564910.01912728,7164434.132218427,7164434.132218427,1.0,True,6.958179393718016,132.6333839160873,41.0,40.0,-1.0,2.3540293660971376,12.791053264315225,44.92118174741626,245.51110383333503,30.0,57.0,31.0,52.0
pm_all,ETH|buy|25-40|7-30d,ETH,buy,25-40,7-30d,12066,69606.48576513815,0,-19626.802743790027,190319976.76243943,5953361.9471018305,5953361.9471018305,1.0,True,-1.0312528972346675,-32.96759531535722,92.0,98.0,6.0,-2.7921619113743095,0.7915197664888902,-89.54247427473645,25.183131980631817,72.0,101.0,58.0,111.0
pm_all,ETH|buy|25-40|<=2d,ETH,buy,25-40,<=2d,9038,53428.10935331554,0,-1056.4742293022841,155545203.9832699,1401642.761595863,1401642.761595863,1.0,True,-0.06792072029529861,-7.537400101145733,78.0,86.0,8.0,-2.2143643967827353,2.3495197194887854,-246.7068367963798,260.79771774377883,57.0,99.0,31.0,123.0
pm_all,ETH|buy|25-40|>90d,ETH,buy,25-40,>90d,1993,29665.22671652148,0,248219.8199165426,73811612.46108125,5547117.329596675,5547117.329596675,1.0,True,33.628830429279915,447.47533749135675,10.0,20.0,10.0,25.545063880259082,41.44687670101172,346.05721351968367,542.6669216085658,8.0,17.0,17.0,25.0
pm_all,ETH|buy|40-60|2-7d,ETH,buy,40-60,2-7d,9906,80610.3976999988,0,-82786.91566911858,229061354.97289452,6984537.880694948,6984537.880694948,1.0,True,-3.614180824125265,-118.52883767434223,104.0,115.0,11.0,-5.295720987783348,-1.9549632193433912,-176.03078413324528,-63.673341904543825,95.0,109.0,106.0,121.0
pm_all,ETH|buy|40-60|30-90d,ETH,buy,40-60,30-90d,6691,36232.784629409405,0,46495.70447150834,101091607.17112482,9023947.18415289,9023947.18415289,1.0,True,4.5993634657328,51.52479676871364,45.0,48.0,3.0,-0.4748210192716142,10.456561011089965,-5.262283111326809,117.96222874257143,33.0,85.0,40.0,85.0
pm_all,ETH|buy|40-60|7-30d,ETH,buy,40-60,7-30d,13236,54365.841908597424,0,-53388.18558310186,145075225.92970014,8205841.172245088,8205841.172245088,1.0,True,-3.6800346331338787,-65.06119782537182,105.0,104.0,-1.0,-8.177992537078596,1.8531359045093208,-144.1784403762768,32.960172537209836,62.0,115.0,55.0,118.0
pm_all,ETH|buy|40-60|<=2d,ETH,buy,40-60,<=2d,9810,46617.44829999866,0,-10445.6083375045,136285053.69892833,2062161.8111436432,2062161.8111436432,1.0,True,-0.766452964136495,-50.653679459380186,87.0,102.0,15.0,-2.8866875474943736,1.3877139706132795,-190.41758331934466,91.75695525850132,66.0,101.0,43.0,121.0
pm_all,ETH|buy|40-60|>90d,ETH,buy,40-60,>90d,2072,17249.486798690745,0,253275.04718714618,46376646.76728503,5751675.512334645,5751675.512334645,1.0,True,54.612626147393485,440.3500278205717,6.0,21.0,15.0,43.990888820052035,64.67495403592427,359.2838035575165,519.2864488838648,4.0,9.0,17.0,25.0
pm_all,ETH|buy|60-75|2-7d,ETH,buy,60-75,2-7d,3201,21138.09900725326,0,-5769.779897543785,59241027.9170099,2674705.492088541,2674705.492088541,1.0,True,-0.9739499972260115,-21.571645605881113,91.0,94.0,3.0,-5.499557677628932,3.971432484825746,-123.74021318378014,85.37033032889698,49.0,109.0,44.0,116.0
pm_all,ETH|buy|60-75|30-90d,ETH,buy,60-75,30-90d,2031,16446.14078844417,0,131538.78282258532,41269195.09951597,5206000.6526143085,5206000.6526143085,1.0,True,31.8733579623723,252.66762645627063,11.0,32.0,21.0,21.03786772170111,44.553518930017674,167.99281184519282,347.67375434219593,7.0,21.0,24.0,37.0
pm_all,ETH|buy|60-75|7-30d,ETH,buy,60-75,7-30d,5009,21500.680720085114,0,-12363.699454735977,54561678.25252194,4748723.918024906,4748723.918024906,1.0,True,-2.2660042452349796,-26.035835454250414,100.0,96.0,-4.0,-8.533560632038402,3.964675669026879,-100.04011259603715,44.20085484002199,49.0,114.0,51.0,113.0
pm_all,ETH|buy|60-75|<=2d,ETH,buy,60-75,<=2d,3156,15610.93793578716,0,51110.377418430886,41440956.14907084,971836.3873357502,971836.3873357502,1.0,True,12.333300716947106,525.9154533053439,31.0,19.0,-12.0,5.547108153712543,19.958311747169166,242.27206196903597,830.8035655250158,22.0,44.0,11.0,31.0
pm_all,ETH|buy|60-75|>90d,ETH,buy,60-75,>90d,993,10799.590493390784,0,279958.4278386029,27709294.14951776,4540563.760689948,4540563.760689948,1.0,True,101.03412462546441,616.571955805027,3.0,16.0,13.0,81.5406252497426,122.8945690579043,518.6151282045873,728.8660268948213,2.0,4.0,12.0,19.0
pm_all,ETH|buy|75-90|2-7d,ETH,buy,75-90,2-7d,2088,8432.01040058608,0,53064.13967790582,21847090.57290783,1841747.7141902668,1841747.7141902668,1.0,True,24.288881625139446,288.118395744749,17.0,27.0,10.0,18.739699635244072,30.481351381655823,222.15743731487646,361.20331575520515,13.0,24.0,23.0,34.0
pm_all,ETH|buy|75-90|30-90d,ETH,buy,75-90,30-90d,936,11882.581780977585,0,122940.14913215562,30429099.00356834,4468428.562421555,4468428.562421555,1.0,True,40.402165413356066,275.13061340188744,8.0,28.0,20.0,29.367126344326895,57.2552138131175,207.09936575066462,365.41365011414337,6.0,14.0,23.0,35.0
pm_all,ETH|buy|75-90|7-30d,ETH,buy,75-90,7-30d,2422,15147.688115904768,0,95249.16264423695,37203223.99388126,4936422.044834147,4936422.044834147,1.0,True,25.602394744042176,192.95182174286134,15.0,35.0,20.0,14.253923453734604,38.32986192930201,109.5566564935441,279.86890565950796,9.0,28.0,28.0,42.0
pm_all,ETH|buy|75-90|<=2d,ETH,buy,75-90,<=2d,2275,9129.697459079916,0,68785.35234122806,23141893.695702296,875262.8852782825,875262.8852782825,1.0,True,29.72330322042844,785.8822017725377,14.0,12.0,-2.0,21.699654387868605,37.03037375500907,558.7385760187931,1025.9081288644732,9.0,20.0,8.0,17.0
pm_all,ETH|buy|75-90|>90d,ETH,buy,75-90,>90d,478,2077.641215880703,0,88468.67935043699,5441667.408005768,1071888.7507628931,1071888.7507628931,1.0,True,162.57641769925533,825.3531841571372,1.0,11.0,10.0,135.9317422131458,196.07278208670888,718.3883544883519,946.8578026961795,1.0,2.0,8.0,14.0
pm_all,ETH|buy|90-100|2-7d,ETH,buy,90-100,2-7d,941,4328.304388911567,0,-2779.5997323349266,10637261.513865562,1548396.1224418196,1548396.1224418196,1.0,True,-2.6130783084647744,-17.95147696412143,101.0,92.0,-9.0,-25.07049915799989,18.77711532541145,-169.85481667067168,130.1889692409043,23.0,123.0,40.0,119.0
pm_all,ETH|buy|90-100|30-90d,ETH,buy,90-100,30-90d,338,2053.202459553377,0,34523.275352089375,6005374.0759534845,1256681.660019424,1256681.660019424,1.0,True,57.48730206553877,274.7177463507804,5.0,29.0,24.0,36.85938901243251,87.57120889482111,181.1431654563803,415.88222285884586,3.0,10.0,22.0,37.0
pm_all,ETH|buy|90-100|7-30d,ETH,buy,90-100,7-30d,884,7671.277445469257,0,-79716.65783761477,19663104.7670728,3451592.5025504865,3451592.5025504865,1.0,True,-40.54123638251966,-230.95616814183512,126.0,124.0,-2.0,-139.4820906492648,40.155745998810794,-751.0949335485233,239.59011777844574,9.0,131.0,31.0,131.0
pm_all,ETH|buy|90-100|<=2d,ETH,buy,90-100,<=2d,2040,9826.143276283725,0,-16260.378084164402,24837377.249798745,1954264.9131186334,1954264.9131186334,1.0,True,-6.546737169801678,-83.20457464600305,111.0,108.0,-3.0,-23.899880385011624,23.99960453351429,-326.8818517226047,275.244828685802,18.0,123.0,29.0,126.0
pm_all,ETH|buy|90-100|>90d,ETH,buy,90-100,>90d,120,1067.4792341299021,0,35193.18837480752,2475313.7132427925,551177.2149654332,551177.2149654332,1.0,False,142.1766792084813,638.5094923964634,,,,,,,,,,,
pm_all,ETH|sell|00-10|2-7d,ETH,sell,00-10,2-7d,14085,222724.83693329355,0,-119429.53447777136,603646659.4822052,85068496.27411547,85068496.27411547,1.0,True,-1.97846757870267,-14.039220123620689,98.0,89.0,-9.0,-3.3257190125670584,-0.6668563521609717,-23.19815732764187,-4.843197962294251,85.0,104.0,82.0,97.0
pm_all,ETH|sell|00-10|30-90d,ETH,sell,00-10,30-90d,5124,79006.991555926,0,84200.72967088486,197600209.5100245,19193547.883986067,19193547.883986067,1.0,True,4.26116601190209,43.86928887761123,46.0,49.0,3.0,0.8081762690318179,7.847799217351374,8.60361445787163,78.73162839684063,39.0,72.0,45.0,68.0
pm_all,ETH|sell|00-10|7-30d,ETH,sell,00-10,7-30d,11829,123621.1388859383,0,84486.60397444924,325489740.2224095,35152517.92710869,35152517.92710869,1.0,True,2.595676408009633,24.03429653307862,51.0,56.0,5.0,-0.04577983295242855,6.377779486339416,-0.4192278212933617,58.529954114252945,42.0,82.0,48.0,82.0
pm_all,ETH|sell|00-10|<=2d,ETH,sell,00-10,<=2d,20538,195086.82839595323,0,99394.3191869427,536559765.0201198,94449085.15414272,94449085.15414272,1.0,True,1.852437056722202,10.523587287767716,61.0,62.0,1.0,1.6022692285599778,2.0717609042119847,9.107319524634658,11.750791830015595,57.0,68.0,61.0,72.0
pm_all,ETH|sell|00-10|>90d,ETH,sell,00-10,>90d,1528,89682.88476735984,0,-97613.50956206203,217921449.5999321,26570487.855873592,26570487.855873592,1.0,True,-4.479297918642904,-36.73756766964438,108.0,100.0,-8.0,-7.548957508061573,-0.9744562476524625,-61.11533827329767,-8.163384821369227,89.0,114.0,87.0,107.0
pm_all,ETH|sell|10-25|2-7d,ETH,sell,10-25,2-7d,12318,162979.64510799298,0,-194441.25926391632,437934137.1269265,78563878.63480698,78563878.63480698,1.0,True,-4.4399658026102085,-24.749447537811733,107.0,95.0,-12.0,-6.386489965007267,-2.5183170435138336,-35.72449997896262,-14.018837554567131,98.0,112.0,89.0,102.0
pm_all,ETH|sell|10-25|30-90d,ETH,sell,10-25,30-90d,7645,77762.62560267467,0,24482.699391113678,195050763.83785933,29976323.093957193,29976323.093957193,1.0,True,1.25519628374619,8.167345712940039,66.0,65.0,-1.0,-0.8296077275497844,3.2615285539928243,-5.400897980349947,21.22553945680663,51.0,88.0,58.0,85.0
pm_all,ETH|sell|10-25|7-30d,ETH,sell,10-25,7-30d,14118,115433.28209078172,0,18242.191779938534,306090167.94051045,49618994.57791842,49618994.57791842,1.0,True,0.5959744444808158,3.676453329035555,73.0,72.0,-1.0,-0.268441131221445,1.4453596124593915,-1.6525699900021011,8.91390336489002,65.0,84.0,67.0,84.0
pm_all,ETH|sell|10-25|<=2d,ETH,sell,10-25,<=2d,18564,124672.26921590268,0,-21728.418002732997,338306742.1495006,72954331.15616393,72954331.15616393,1.0,True,-0.6422697302654118,-2.978358879916502,85.0,80.0,-5.0,-3.4250694296188238,1.2288210853640198,-15.89879045707698,5.686202400746408,68.0,102.0,72.0,93.0
pm_all,ETH|sell|10-25|>90d,ETH,sell,10-25,>90d,2200,58661.16216454124,0,164645.34283827015,145977348.60124627,22054967.408502966,22054967.408502966,1.0,True,11.278828148058617,74.65227211117691,32.0,43.0,11.0,2.3264139756973687,15.856346885535029,15.01034419750439,106.54588980895811,25.0,59.0,40.0,64.0
pm_all,ETH|sell|25-40|2-7d,ETH,sell,25-40,2-7d,8898,85738.05531496592,0,204023.43907761047,234626657.04933995,49061304.2662796,49061304.2662796,1.0,True,8.695663214206139,41.58540873073326,37.0,51.0,14.0,2.296113458178351,14.159380823594914,10.952656796577372,68.22116292238995,27.0,59.0,45.0,67.0
pm_all,ETH|sell|25-40|30-90d,ETH,sell,25-40,30-90d,7787,61487.7578912973,0,33311.67777653677,154643454.00333348,29288747.605457738,29288747.605457738,1.0,True,2.1540955607353878,11.373541206087417,58.0,60.0,2.0,-8.009028240283522,10.185947285493315,-42.72631682687202,53.12824789073487,32.0,113.0,48.0,101.0
pm_all,ETH|sell|25-40|7-30d,ETH,sell,25-40,7-30d,12260,80867.27557160285,0,81637.87680996476,210764252.04680178,40898333.05903102,40898333.05903102,1.0,True,3.873421418345482,19.9611746259027,47.0,57.0,10.0,1.7677836286404278,6.099357766174279,9.110790655280304,31.34592746551483,42.0,63.0,54.0,69.0
pm_all,ETH|sell|25-40|<=2d,ETH,sell,25-40,<=2d,13879,71398.78198903947,0,-18776.827126584594,195884608.3652676,45667731.23053876,45667731.23053876,1.0,True,-0.9585657231205882,-4.11161812085559,90.0,82.0,-8.0,-4.414302590083365,2.1303984090642896,-18.967763420133313,9.130840194958504,60.0,106.0,68.0,94.0
pm_all,ETH|sell|25-40|>90d,ETH,sell,25-40,>90d,2204,21820.739889134944,0,68630.68383395596,54038017.491377585,10944929.298211832,10944929.298211832,1.0,True,12.700444431535043,62.70546109892986,30.0,46.0,16.0,0.04114936691612381,32.423571898495815,0.20606769070512576,157.9884767638017,13.0,79.0,37.0,79.0
pm_all,ETH|sell|40-60|2-7d,ETH,sell,40-60,2-7d,11851,77805.44815756817,0,8560.456822888491,224822394.18824852,50271766.43157843,50271766.43157843,1.0,True,0.3807653082690971,1.7028358918995936,76.0,76.0,0.0,-2.0079239281459635,2.8091193370743,-8.970940441986599,12.536353805948885,54.0,97.0,64.0,89.0
pm_all,ETH|sell|40-60|30-90d,ETH,sell,40-60,30-90d,9391,49977.9942474369,0,173057.3190910841,135702611.67404035,29974508.43126714,29974508.43126714,1.0,True,12.752688909685121,57.7348314111346,29.0,47.0,18.0,7.415243446922981,19.4828743707128,33.698335709667774,87.98896007070414,22.0,40.0,43.0,56.0
pm_all,ETH|sell|40-60|7-30d,ETH,sell,40-60,7-30d,15983,61757.92521582244,0,33858.97873718215,165544051.5308588,36067026.802563064,36067026.802563064,1.0,True,2.0453153359527723,9.387793155929337,59.0,64.0,5.0,-15.953493439665312,14.978861294837735,-73.4550159732389,68.69746922278298,26.0,120.0,45.0,107.0
pm_all,ETH|sell|40-60|<=2d,ETH,sell,40-60,<=2d,14109,56511.42410030238,0,11350.698127608395,155069008.0125853,37318192.56388429,37318192.56388429,1.0,True,0.7319772192446848,3.0415991096507033,70.0,75.0,5.0,-1.0337675001333586,2.4870631845483806,-4.298164380165629,10.321878635791318,57.0,90.0,66.0,85.0
pm_all,ETH|sell|40-60|>90d,ETH,sell,40-60,>90d,3273,23065.093490471176,0,43280.4776125833,60655210.560923696,14565553.62571072,14565553.62571072,1.0,True,7.135492105680063,29.714268832312545,40.0,54.0,14.0,-8.522481475641552,26.332258854692473,-35.05209599068259,109.96848347811522,17.0,114.0,41.0,99.0
pm_all,ETH|sell|60-75|2-7d,ETH,sell,60-75,2-7d,3282,15320.291900000078,0,15304.102723733626,43461346.175454564,10511578.542808624,10511578.542808624,1.0,True,3.5213135511151843,14.559281140703412,48.0,58.0,10.0,-2.120875769920244,9.998471714486898,-8.822020582942972,40.97542413641065,34.0,96.0,52.0,87.0
pm_all,ETH|sell|60-75|30-90d,ETH,sell,60-75,30-90d,2250,10750.925023136695,0,25489.92466809635,29442363.184198014,7276823.233970278,7276823.233970278,1.0,True,8.657567501842728,35.02891831850764,38.0,52.0,14.0,-17.203431389793497,41.93712498707989,-68.56486044635952,171.54249640988635,9.0,121.0,37.0,108.0
pm_all,ETH|sell|60-75|7-30d,ETH,sell,60-75,7-30d,4265,18905.044277467783,0,-36191.84260029086,48787858.39254762,11577793.427334858,11577793.427334858,1.0,True,-7.418206863906776,-31.259706633599883,113.0,97.0,-16.0,-16.654149355880794,1.7734281443156594,-70.25117946466246,7.39975949450256,64.0,121.0,70.0,108.0
pm_all,ETH|sell|60-75|<=2d,ETH,sell,60-75,<=2d,3523,13719.197583271245,0,-6774.310596151396,36745759.75141734,9056953.125534989,9056953.125534989,1.0,True,-1.8435625340118598,-7.479679426684943,97.0,85.0,-12.0,-8.993745900607573,4.984733926872069,-36.44949590795749,20.235570761031394,46.0,115.0,60.0,100.0
pm_all,ETH|sell|60-75|>90d,ETH,sell,60-75,>90d,1544,8139.252438755013,0,-42466.76819475594,20087896.083580192,5426835.744505976,5426835.744505976,1.0,True,-21.140475845784664,-78.25327722098181,120.0,107.0,-13.0,-43.486892945606456,6.95304681485727,-160.828214055283,25.660041630235163,41.899999999999864,127.0,58.0,119.0
pm_all,ETH|sell|75-90|2-7d,ETH,sell,75-90,2-7d,1848,6573.972977108554,0,-41922.388068395216,17724655.37563112,4453254.823476568,4453254.823476568,1.0,True,-23.652018716275034,-94.13875857134813,122.0,112.0,-10.0,-46.7606989722872,-4.785539371697312,-181.44523717527235,-19.31028283294718,107.0,127.0,94.0,120.0
pm_all,ETH|sell|75-90|30-90d,ETH,sell,75-90,30-90d,1070,8646.645393881077,0,-224300.74943343783,24354967.355672315,6550174.001854336,6550174.001854336,1.0,True,-92.09650998821716,-342.43479542671525,130.0,128.0,-2.0,-189.25454335348172,-18.333333470878557,-673.316462045527,-70.81069068901357,121.0,132.0,108.0,130.0
pm_all,ETH|sell|75-90|7-30d,ETH,sell,75-90,7-30d,2111,13416.399635903072,0,62778.74744629662,37167887.83264233,9471755.519226769,9471755.519226769,1.0,True,16.890587845339386,66.27994918034116,24.0,45.0,21.0,-40.78117385077749,74.93592630147633,-157.66161064071596,300.7605404027808,4.0,127.0,27.0,119.0
pm_all,ETH|sell|75-90|<=2d,ETH,sell,75-90,<=2d,2326,10046.67527573207,0,-1964.4427963586727,26250248.40709468,6548981.611338914,6548981.611338914,1.0,True,-0.7483520787665159,-2.9996156852195677,86.0,81.0,-5.0,-18.710467001503382,13.043849905034628,-74.29499283505224,52.7360303745143,29.0,122.0,49.0,110.0
pm_all,ETH|sell|75-90|>90d,ETH,sell,75-90,>90d,611,3161.64469151085,0,-148524.13717072987,8735921.619004546,2476841.033847267,2476841.033847267,1.0,True,-170.0154186910552,-599.6514719397553,131.0,129.0,-2.0,-224.5545491613046,-121.68618588610504,-772.3515082569121,-436.0310855199731,130.0,133.0,127.0,132.0
pm_all,ETH|sell|90-100|2-7d,ETH,sell,90-100,2-7d,936,3475.8228008166247,0,1234.3695177585294,9427316.428260729,2368480.78171263,2368480.78171263,1.0,True,1.309354074568028,5.211650975972735,65.0,70.0,5.0,-15.680793393401089,19.74415842958681,-62.74782483614709,78.19686033189933,22.0,120.0,45.0,106.0
pm_all,ETH|sell|90-100|30-90d,ETH,sell,90-100,30-90d,389,3498.498298974757,0,-51922.69977954548,10764342.118227243,2804439.565314064,2804439.565314064,1.0,True,-48.23583198050242,-185.1446557156626,129.0,122.0,-7.0,-76.28446807049963,-20.43773914534961,-286.69804187410836,-79.83382403910397,122.0,130.0,109.0,125.0
pm_all,ETH|sell|90-100|7-30d,ETH,sell,90-100,7-30d,900,6999.8213996772765,0,-81493.93330650979,18840956.456458148,4987720.010764715,4987720.010764715,1.0,True,-43.25360737117779,-163.38915001368565,128.0,120.0,-8.0,-103.6463871519563,12.820801849771142,-380.2593752723058,49.44200578273044,30.899999999999864,130.0,51.0,127.0
pm_all,ETH|sell|90-100|<=2d,ETH,sell,90-100,<=2d,2110,11855.453883991971,0,-26127.237867163225,28635272.72226992,7150944.588890293,7150944.588890293,1.0,True,-9.124144938505799,-36.53676453842826,116.0,99.0,-17.0,-15.867040194045101,-1.6318065145669696,-63.33384542313462,-6.507719525374499,95.0,121.0,86.0,108.0
pm_all,ETH|sell|90-100|>90d,ETH,sell,90-100,>90d,253,1893.0336398571685,0,-138525.85228813032,5318234.8697322775,1576988.9410158887,1576988.9410158887,1.0,True,-260.47336321403156,-878.4199348848487,133.0,132.0,-1.0,-455.9193928294941,-142.8052621250173,-1430.4677692776552,-501.86036344244457,131.0,133.0,128.0,133.0
sm_pm2win,BTC|buy|00-10|2-7d,BTC,buy,00-10,2-7d,2259,3724.674916955914,0,68127.87167872435,275494476.7852959,305840.53004650975,305840.53004650975,1.0,True,2.4729305819012546,2227.561914974579,85.0,6.0,-79.0,1.1515663108331504,3.81123876214118,1042.5624188354939,3660.7511422092934,73.0,98.0,3.0,15.0
sm_pm2win,BTC|buy|00-10|30-90d,BTC,buy,00-10,30-90d,1061,3691.3077370665183,0,182379.86144893864,268896760.6410184,1123274.7600981686,1123274.7600981686,1.0,True,6.782523560870216,1623.6442580887292,60.0,8.0,-52.0,5.204047005065262,8.194419975737297,1192.0112338679307,2191.7455682151913,55.0,71.0,5.0,15.0
sm_pm2win,BTC|buy|00-10|7-30d,BTC,buy,00-10,7-30d,2003,4213.8085279094985,0,88280.0253567816,305339501.18033373,577812.0510642728,577812.0510642728,1.0,True,2.891208802514004,1527.8328860427628,80.0,10.0,-70.0,1.931144338612762,3.9920248781829617,1037.9877948735525,2037.829919084284,72.0,90.0,6.0,16.0
sm_pm2win,BTC|buy|00-10|<=2d,BTC,buy,00-10,<=2d,2209,2196.407384557396,0,-29564.44948030354,166832040.98966768,121266.88889218423,121266.88889218423,1.0,True,-1.7721086012569098,-2437.965527967709,122.0,181.0,59.0,-3.0666277602763667,-0.6641050199389604,-3641.2771857671937,-1060.0538035433315,114.0,134.0,179.0,181.0
sm_pm2win,BTC|buy|00-10|>90d,BTC,buy,00-10,>90d,423,1694.2726089303912,0,152334.16823279145,117117563.05310363,521975.1196588411,521975.1196588411,1.0,True,13.006944839154471,2918.4181869119716,41.0,3.0,-38.0,3.6720145491472946,18.27689877812377,592.220112684776,8637.225688761748,32.0,76.0,1.0,24.0
sm_pm2win,BTC|buy|10-25|2-7d,BTC,buy,10-25,2-7d,3418,5924.722609999993,0,64528.10715373823,440901313.04863405,1817234.2972326772,1817234.2972326772,1.0,True,1.4635498975395518,355.0896395253105,90.0,31.0,-59.0,-1.8435689514808746,4.768895727561433,-389.5367397109326,1328.7027802181926,69.0,126.0,13.0,171.0
sm_pm2win,BTC|buy|10-25|30-90d,BTC,buy,10-25,30-90d,1961,3754.4555819764687,0,220211.06749440214,275977039.4202416,3340860.8917566407,3340860.8917566407,1.0,True,7.979325669882185,659.1446774625031,56.0,23.0,-33.0,5.726126371139343,9.925402104109692,443.65129494239284,856.6677422003916,50.0,68.0,18.0,29.0
sm_pm2win,BTC|buy|10-25|7-30d,BTC,buy,10-25,7-30d,3444,5084.8181825111515,0,107556.23430528959,378462278.6703313,2741590.221480277,2741590.221480277,1.0,True,2.8419274619169914,392.31331313698786,81.0,30.0,-51.0,1.5342116106824728,4.134916868508419,200.82083585932367,596.295970402325,71.0,93.0,23.0,46.0
sm_pm2win,BTC|buy|10-25|<=2d,BTC,buy,10-25,<=2d,2872,1681.7235419999727,0,-11369.225317826103,128269907.61394277,265053.1955102544,265053.1955102544,1.0,True,-0.8863517195353686,-428.941265768903,114.0,173.0,59.0,-2.037659757913748,0.22547836805206864,-959.7985315300152,111.63801319063109,105.0,129.0,59.0,178.0
sm_pm2win,BTC|buy|10-25|>90d,BTC,buy,10-25,>90d,625,1851.8525112313132,0,242724.43733266953,141349254.55823362,3129145.527920414,3129145.527920414,1.0,True,17.171964443057675,775.6891942765627,35.0,21.0,-14.0,11.978022000626437,19.67145148526695,449.82488247022644,956.7646483292419,29.0,47.0,16.0,29.0
sm_pm2win,BTC|buy|25-40|2-7d,BTC,buy,25-40,2-7d,1724,1899.9409219132874,0,-16616.329336433017,133827552.6527516,1252125.9678620005,1252125.9678620005,1.0,True,-1.2416224467280037,-132.70493355237514,117.0,155.0,38.0,-6.1103324067551315,1.1774485454119683,-670.6583043436954,123.36192904534289,96.0,147.0,57.0,176.0
sm_pm2win,BTC|buy|25-40|30-90d,BTC,buy,25-40,30-90d,1842,1392.6729665783673,0,10417.17129486432,111069968.91094509,3491841.2398076183,3491841.2398076183,1.0,True,0.9378926992602937,29.832889239369454,99.0,83.0,-16.0,-2.2868625589712455,4.4232565495913025,-72.93743665035291,139.27169172316144,71.0,128.0,53.0,142.0
sm_pm2win,BTC|buy|25-40|7-30d,BTC,buy,25-40,7-30d,2690,4536.390241060661,0,32772.29887960242,338134097.1451472,6196535.2879395215,6196535.2879395215,1.0,True,0.9692101197808101,52.88810174838833,98.0,71.0,-27.0,-2.3264236770274627,3.3902638917449566,-139.92838736321096,174.6634473631683,76.0,129.0,48.0,154.0
sm_pm2win,BTC|buy|25-40|<=2d,BTC,buy,25-40,<=2d,2174,1052.1942770000005,0,-18624.69166470446,82702907.66400895,411154.7613502169,411154.7613502169,1.0,True,-2.2519996201789705,-452.98494424682485,128.0,175.0,47.0,-4.064415294890217,-0.3224424983495336,-826.6847711657118,-64.27108651576462,111.0,140.0,140.89999999999986,177.0
sm_pm2win,BTC|buy|25-40|>90d,BTC,buy,25-40,>90d,542,610.9403282354809,0,51955.66328836472,51397764.859522216,2457031.142012642,2457031.142012642,1.0,True,10.108545270473789,211.45708086469745,48.0,43.0,-5.0,5.499419761238951,17.208633568744467,129.67787379072706,295.59207570549563,35.0,68.0,37.0,56.0
sm_pm2win,BTC|buy|40-60|2-7d,BTC,buy,40-60,2-7d,2085,2462.631527725737,0,-140977.92638966074,191229795.91991636,3404655.4894926143,3404655.4894926143,1.0,True,-7.372173656907514,-414.0739843568439,151.0,172.0,21.0,-10.478200282047164,-3.691954740481898,-593.5906802732571,-207.54646106382916,135.0,159.0,161.0,176.0
sm_pm2win,BTC|buy|40-60|30-90d,BTC,buy,40-60,30-90d,1968,2656.1469040851057,0,-285686.3793151727,218884824.5583354,13427288.256461073,13427288.256461073,1.0,True,-13.051904347029497,-212.7655069724919,159.0,160.0,1.0,-31.05024624371257,-1.8613355501750641,-481.3296880253608,-31.52998303600119,126.0,172.0,130.0,173.0
sm_pm2win,BTC|buy|40-60|7-30d,BTC,buy,40-60,7-30d,2595,2317.112974460847,0,-69960.79848304378,181338842.68358234,6135841.127626184,6135841.127626184,1.0,True,-3.8580150533506044,-114.01989886610706,139.0,150.0,11.0,-7.689221242603771,-0.4492785415998924,-239.7047771903382,-13.043326522155368,113.0,151.0,120.0,164.0
sm_pm2win,BTC|buy|40-60|<=2d,BTC,buy,40-60,<=2d,2355,1181.472832522489,0,-33989.29965669814,94474957.04452208,834158.9704184206,834158.9704184206,1.0,True,-3.5977046955078698,-407.46789115807076,138.0,171.0,33.0,-6.579589655928893,-0.5081157054617512,-774.8705396069558,-56.25717636810508,113.0,149.0,138.0,177.0
sm_pm2win,BTC|buy|40-60|>90d,BTC,buy,40-60,>90d,617,424.9740583570257,0,53607.90746759576,34239996.33974138,3639080.4065446663,3639080.4065446663,1.0,True,15.65651670510683,147.31168723610827,38.0,54.0,16.0,11.386715483152498,20.6719632798914,103.26260588702303,194.94738290973692,28.0,48.0,45.0,61.0
sm_pm2win,BTC|buy|60-75|2-7d,BTC,buy,60-75,2-7d,942,977.942774747913,0,-27339.42229389856,77082232.24172649,2197509.3690284584,2197509.3690284584,1.0,True,-3.5467865289841805,-124.41094759011472,137.0,152.0,15.0,-8.903437311732993,1.5693711732019682,-325.85974843062513,53.79573910292553,92.0,154.0,73.0,168.0
sm_pm2win,BTC|buy|60-75|30-90d,BTC,buy,60-75,30-90d,566,1121.7226745889857,0,195470.0379779214,84834145.49823053,6387377.51785256,6387377.51785256,1.0,True,23.041434180768462,306.0254970550708,25.0,36.0,11.0,-2.9616691040793994,34.685114090863216,-34.48415444164878,502.5810004506931,12.0,133.0,27.0,131.0
sm_pm2win,BTC|buy|60-75|7-30d,BTC,buy,60-75,7-30d,903,1270.7951439006624,0,-60210.55196681071,96058141.2712208,4823169.452812123,4823169.452812123,1.0,True,-6.2681362735102075,-124.83607004872131,147.0,153.0,6.0,-12.626491574111359,-3.022339200342947,-268.7802616404085,-57.74145472955172,132.0,161.0,138.0,166.0
sm_pm2win,BTC|buy|60-75|<=2d,BTC,buy,60-75,<=2d,887,744.0871800000008,0,-50097.862643657405,56717510.89249681,913040.7862140012,913040.7862140012,1.0,True,-8.832873984652398,-548.6924943560551,154.0,176.0,22.0,-14.680754577200512,-0.8575261600980926,-807.4356956822987,-62.64714418344668,116.0,164.0,139.0,178.0
sm_pm2win,BTC|buy|60-75|>90d,BTC,buy,60-75,>90d,161,53.19105999999998,0,7299.3511260368805,3943112.0672782,573580.6658565494,573580.6658565494,1.0,False,18.51165019277624,127.2593649079243,,,,,,,,,,,
sm_pm2win,BTC|buy|75-90|2-7d,BTC,buy,75-90,2-7d,592,439.9981589062513,0,14286.958428348475,33745092.016397215,1373257.6445247524,1373257.6445247524,1.0,True,4.233788552541579,104.03698450404627,75.0,58.0,-17.0,-8.818510601420144,16.499521127198093,-224.69172448717444,385.1036956384751,36.0,153.0,32.0,162.0
sm_pm2win,BTC|buy|75-90|30-90d,BTC,buy,75-90,30-90d,278,376.41903570272615,0,64425.04181258441,30358977.235954348,4294165.59544643,4294165.59544643,1.0,True,21.22108439683712,150.0292440536091,28.0,53.0,25.0,4.195601581492363,38.13276780692007,27.720109604132254,288.35737873021753,11.0,73.0,38.0,83.0
sm_pm2win,BTC|buy|75-90|7-30d,BTC,buy,75-90,7-30d,750,728.8422936902381,0,91162.59183861875,53777669.26767247,5276093.715361127,5276093.715361127,1.0,True,16.951755827287144,172.78425433043896,36.0,47.0,11.0,-1.8638296769381928,32.171029969566675,-18.97393070255733,334.29701053315785,15.0,125.0,35.0,122.0
sm_pm2win,BTC|buy|75-90|<=2d,BTC,buy,75-90,<=2d,681,410.72342966684874,0,6508.528222288825,32495970.96336355,675421.5920812633,675421.5920812633,1.0,True,2.002872365200793,96.3624541855889,87.0,60.0,-27.0,-6.26273354108454,11.597777802287272,-292.28067325167467,566.9053896971403,47.0,147.0,25.0,167.0
sm_pm2win,BTC|buy|75-90|>90d,BTC,buy,75-90,>90d,100,42.97400385325913,0,24713.963649545312,3691137.9216785305,859586.936614171,859586.936614171,1.0,False,66.95486371397017,287.50976308331536,,,,,,,,,,,
sm_pm2win,BTC|buy|90-100|2-7d,BTC,buy,90-100,2-7d,328,603.8020778183214,0,26095.178269503223,48768348.55964007,3963141.1696436703,3963141.1696436703,1.0,True,5.350843126785554,65.84468519411703,70.0,65.0,-5.0,-0.5556893642052647,14.796919807470603,-5.7161107741095565,173.95336508816138,40.0,114.0,49.0,113.0
sm_pm2win,BTC|buy|90-100|30-90d,BTC,buy,90-100,30-90d,73,19.79606645463951,0,-2196.0007824636587,1614251.9201649087,380052.36101383873,380052.36101383873,1.0,False,-13.603829458287525,-57.781532434255716,,,,,,,,,,,
sm_pm2win,BTC|buy|90-100|7-30d,BTC,buy,90-100,7-30d,313,400.00955895581995,0,-102478.2579147689,27558285.449235346,4616891.5832797075,4616891.5832797075,1.0,True,-37.18600640215531,-221.9637521615166,173.0,161.0,-12.0,-79.97568434349509,2.1469220165299157,-436.11051345167056,13.570885429154336,86.0,178.0,92.0,173.0
sm_pm2win,BTC|buy|90-100|<=2d,BTC,buy,90-100,<=2d,595,426.1481808426069,0,135188.21918718633,34765479.40087664,1350934.2236819835,1350934.2236819835,1.0,True,38.885762980094974,1000.7017130614222,7.0,15.0,8.0,11.524617517211398,109.60651651169258,291.22714390713514,2933.768291789789,2.0,47.0,4.0,38.0
sm_pm2win,BTC|buy|90-100|>90d,BTC,buy,90-100,>90d,48,18.851497400000007,0,18220.82720731041,1475650.7418919094,776374.6910525,776374.6910525,1.0,False,123.47655641029098,234.69115386295198,,,,,,,,,,,
sm_pm2win,BTC|sell|00-10|2-7d,BTC,sell,00-10,2-7d,2895,5293.336099607965,0,24842.414255320706,388125710.3037293,50438116.3635806,50438116.3635806,1.0,True,0.6400610316662655,4.925325536791546,100.0,100.0,0.0,-0.11616318888599557,1.5641647700906407,-0.8934490735301996,12.042205603619367,90.0,112.0,93.0,112.0
sm_pm2win,BTC|sell|00-10|30-90d,BTC,sell,00-10,30-90d,1426,2096.0194487594563,0,-15184.717769852408,166284562.14745885,21634149.81622783,21634149.81622783,1.0,True,-0.9131766397163683,-7.018865034604833,115.0,112.0,-3.0,-2.3558081683667202,0.002124658675514034,-18.083512656834095,0.016337076642469188,107.0,130.0,106.0,125.0
sm_pm2win,BTC|sell|00-10|7-30d,BTC,sell,00-10,7-30d,3100,4289.559623811595,1,12240.445360945065,319283122.56801647,41494312.59372165,41494312.59372165,1.0,True,0.38337276529038894,2.9499091793117502,102.0,103.0,1.0,-1.140022421352509,1.746692455696494,-8.762078353129798,13.454868763189237,89.0,120.0,92.0,117.0
sm_pm2win,BTC|sell|00-10|<=2d,BTC,sell,00-10,<=2d,4909,3455.342891529434,0,28815.43548961563,279393793.2898307,36496999.0405454,36496999.0405454,1.0,True,1.0313556056602797,7.895288995570257,96.0,98.0,2.0,0.7747903643005123,1.2835182331443054,5.929163246887512,9.826102853857964,91.0,105.0,93.0,106.0
sm_pm2win,BTC|sell|00-10|>90d,BTC,sell,00-10,>90d,526,2155.946268352503,0,-141106.9188581386,153654975.279863,20116480.79663375,20116480.79663375,1.0,True,-9.183361528068342,-70.14493254791918,156.0,142.0,-14.0,-11.112522887575738,-5.490506493270616,-84.763875934814,-42.071732312578824,143.0,161.0,132.0,148.0
sm_pm2win,BTC|sell|10-25|2-7d,BTC,sell,10-25,2-7d,3268,3919.0878299999717,1,73221.1426965983,302188110.6033557,39233089.982875824,39233089.982875824,1.0,True,2.4230318840275773,18.663108801411596,86.0,89.0,3.0,0.9608280436125007,3.8812995338149765,7.3984296090125525,29.914350040757565,73.0,99.0,80.0,101.0
sm_pm2win,BTC|sell|10-25|30-90d,BTC,sell,10-25,30-90d,2587,4773.868689623045,0,-71888.54423657838,355082443.3998312,46161467.622141145,46161467.622141145,1.0,True,-2.024559241742915,-15.573279607361824,127.0,119.0,-8.0,-3.8413438744677637,-0.07543677237240859,-29.506950083814196,-0.580948976353869,109.0,138.0,108.0,130.0
sm_pm2win,BTC|sell|10-25|7-30d,BTC,sell,10-25,7-30d,3990,5099.532344316922,0,-49727.39633770144,389255858.8437627,50576858.06718756,50576858.06718756,1.0,True,-1.277498981914123,-9.832045373724545,118.0,113.0,-5.0,-3.1472501957746797,0.39964304505970333,-24.201335233078225,3.07806825795049,104.0,134.0,104.0,127.0
sm_pm2win,BTC|sell|10-25|<=2d,BTC,sell,10-25,<=2d,4040,1897.581717999957,0,20342.352439567905,158920283.637743,21173825.844543442,21173825.844543442,1.0,True,1.280034994522038,9.607310737757008,91.0,96.0,5.0,0.6821534095896793,1.8375979311197146,5.121419222337443,13.795049490749944,87.0,104.0,90.0,106.0
sm_pm2win,BTC|sell|10-25|>90d,BTC,sell,10-25,>90d,624,1049.4002299999993,1,-119039.41135024645,80911204.38215585,10618330.719922207,10618330.719922207,1.0,True,-14.71235192446343,-112.10746254767112,161.0,149.0,-12.0,-19.2701858259435,-7.639619714597499,-146.50271908469767,-58.474642977693094,150.0,168.0,138.0,157.0
sm_pm2win,BTC|sell|25-40|2-7d,BTC,sell,25-40,2-7d,2396,4495.765661286037,1,6051.186734562044,328158489.2837172,43708909.911077105,43708909.911077105,1.0,True,0.18439829936352328,1.3844286546776812,105.0,105.0,0.0,-3.6826009536465723,4.836215941379056,-27.580030987327618,36.39952698146003,70.0,137.0,78.0,129.0
sm_pm2win,BTC|sell|25-40|30-90d,BTC,sell,25-40,30-90d,2049,3136.337195931783,0,109758.21412371132,239959672.14907622,31094876.10008902,31094876.10008902,1.0,True,4.574027508069083,35.297845783472056,73.0,78.0,5.0,-0.8331215080490507,9.698652678157453,-6.425985823698912,75.01028821505004,52.0,117.0,66.0,115.0
sm_pm2win,BTC|sell|25-40|7-30d,BTC,sell,25-40,7-30d,3341,4496.704664920501,2,188264.6984148691,327481499.81543595,42465709.95643985,42465709.95643985,1.0,True,5.748865157908844,44.333345329204626,67.0,74.0,7.0,4.034769152199295,7.511159320839043,31.100249619677236,57.942835960865246,58.0,76.0,68.0,83.0
sm_pm2win,BTC|sell|25-40|<=2d,BTC,sell,25-40,<=2d,2868,1190.5813599999917,0,24057.7245436196,96021861.97560944,13443230.00431764,13443230.00431764,1.0,True,2.505442411617733,17.89579181185834,84.0,90.0,6.0,1.0844967102185938,3.860233228599003,7.743638227611988,27.615517918090216,73.0,98.0,81.0,101.0
sm_pm2win,BTC|sell|25-40|>90d,BTC,sell,25-40,>90d,643,718.2221812537126,1,90792.88042316925,54352227.22545933,6974150.941340059,6974150.941340059,1.0,True,16.704537248593304,130.1848514418928,37.0,55.0,18.0,11.009426383700418,28.307647954822194,85.36389799103327,223.05906339442635,18.0,49.0,42.0,64.0
sm_pm2win,BTC|sell|40-60|2-7d,BTC,sell,40-60,2-7d,2597,2275.579050421831,0,90015.02786360598,180069613.45295286,26177720.87654629,26177720.87654629,1.0,True,4.998901599082089,34.38612104090933,71.0,81.0,10.0,-2.774248700486926,11.447367919741621,-18.933364908212162,79.22342101136793,47.0,131.0,64.0,123.0
sm_pm2win,BTC|sell|40-60|30-90d,BTC,sell,40-60,30-90d,2450,3288.076955102535,0,-65858.7197980325,264362453.60933858,36069447.66319178,36069447.66319178,1.0,True,-2.491228194430181,-18.25886562306307,130.0,122.0,-8.0,-6.0928393112236785,3.594289355107274,-45.02488828897367,26.207336996083708,75.0,146.0,83.0,135.0
sm_pm2win,BTC|sell|40-60|7-30d,BTC,sell,40-60,7-30d,3428,3909.735684520923,1,122345.33491724735,300635616.5041212,42129820.07533749,42129820.07533749,1.0,True,4.069555574948659,29.04008009017524,76.0,84.0,8.0,-0.26734490029685193,9.362220713015127,-1.9120162094539914,66.3910962028077,52.0,112.0,67.0,111.0
sm_pm2win,BTC|sell|40-60|<=2d,BTC,sell,40-60,<=2d,2794,1473.0003182919465,0,-23092.7583576986,117865276.31359254,17432791.289371636,17432791.289371636,1.0,True,-1.9592503475118463,-13.246735978407377,125.0,116.0,-9.0,-6.681586982617865,2.42980053756612,-45.14809688794182,16.442927364211712,85.0,148.0,91.0,135.0
sm_pm2win,BTC|sell|40-60|>90d,BTC,sell,40-60,>90d,948,361.98279205629035,0,19775.23829610231,27561710.80748821,3660474.7915892615,3660474.7915892615,1.0,True,7.174895068824827,54.023697531096865,57.0,70.0,13.0,-2.451432918726361,17.094516137907863,-18.31676931493649,129.21277368021327,35.0,129.0,55.0,123.0
sm_pm2win,BTC|sell|60-75|2-7d,BTC,sell,60-75,2-7d,727,991.7929644037631,0,-14963.297422129162,74575469.41817118,11163398.441143015,11163398.441143015,1.0,True,-2.0064637257895934,-13.40389085010306,126.0,117.0,-9.0,-11.378400683269406,4.650359684874686,-76.02470701480429,31.07207013039827,71.0,159.0,81.0,144.0
sm_pm2win,BTC|sell|60-75|30-90d,BTC,sell,60-75,30-90d,595,118.1542091023209,0,-2399.305374848173,9264842.83335131,1389052.4328019386,1389052.4328019386,1.0,True,-2.589688155541315,-17.272964779366852,131.0,121.0,-10.0,-15.252261498489325,10.378856650967808,-100.9460803530403,69.59347675479468,50.0,163.0,68.0,148.0
sm_pm2win,BTC|sell|60-75|7-30d,BTC,sell,60-75,7-30d,1011,1413.382646653485,0,-37433.00825326357,106478382.94172636,15943522.094101634,15943522.094101634,1.0,True,-3.515550031760903,-23.478506212320582,136.0,126.0,-10.0,-11.23364762731043,0.9479713110021312,-75.20684532446504,6.322087822175883,98.89999999999986,158.0,101.0,144.0
sm_pm2win,BTC|sell|60-75|<=2d,BTC,sell,60-75,<=2d,823,367.1864900000007,0,-9696.338117558362,29127108.583138335,4354947.705272635,4354947.705272635,1.0,True,-3.3289737942514366,-22.265108042098372,135.0,124.0,-11.0,-7.730231157203484,1.013644799056756,-51.72644193730384,6.782637574179808,98.0,151.0,101.0,138.0
sm_pm2win,BTC|sell|60-75|>90d,BTC,sell,60-75,>90d,222,55.72799903362769,0,-12880.633270926195,4360492.192116393,663356.6417851151,663356.6417851151,1.0,True,-29.539402212928852,-194.17357812629984,170.0,158.0,-12.0,-48.67854042636337,-15.858249963378645,-318.77278404493296,-104.55767208409429,163.0,176.0,148.0,169.0
sm_pm2win,BTC|sell|75-90|2-7d,BTC,sell,75-90,2-7d,387,271.3812600000003,0,-41577.01477073141,21696639.84761402,3270192.675450767,3270192.675450767,1.0,True,-19.162881931371338,-127.13934283704059,168.0,154.0,-14.0,-30.513185530637998,-7.940319053239521,-201.47774475928952,-52.84998356861387,152.0,172.0,138.0,161.0
sm_pm2win,BTC|sell|75-90|30-90d,BTC,sell,75-90,30-90d,225,76.90011879997597,0,-10311.038436518013,5835832.071201645,880081.7080785427,880081.7080785427,1.0,True,-17.668497500811203,-117.16001300640377,167.0,151.0,-16.0,-38.24267716004537,1.656473799279311,-250.92701027642363,11.130839354900676,92.89999999999986,174.0,97.0,165.0
sm_pm2win,BTC|sell|75-90|7-30d,BTC,sell,75-90,7-30d,554,439.75651335841866,0,-4879.48080028481,32670054.44108048,4916515.977248172,4916515.977248172,1.0,True,-1.493563718751928,-9.924671907637956,120.0,114.0,-6.0,-8.357106082519445,3.4643445248969695,-55.47505619222521,23.023773484051024,77.0,153.0,85.0,138.0
sm_pm2win,BTC|sell|75-90|<=2d,BTC,sell,75-90,<=2d,512,322.5790998232866,0,14677.072698759683,24721032.115435597,3713649.5209637024,3713649.5209637024,1.0,True,5.937079257138074,39.52196516097443,64.0,77.0,13.0,-12.22511495547739,13.542879845910889,-81.33985941163138,90.2474844535793,42.0,159.0,61.0,145.0
sm_pm2win,BTC|sell|75-90|>90d,BTC,sell,75-90,>90d,118,53.02491222930619,0,-24869.292382644733,3993911.550489693,623077.0404509325,623077.0404509325,1.0,False,-62.26800986515466,-399.1367161378048,,,,,,,,,,,
sm_pm2win,BTC|sell|90-100|2-7d,BTC,sell,90-100,2-7d,221,84.5426752032587,0,6526.2497483971365,6791619.979816204,1012611.725554633,1012611.725554633,1.0,True,9.609268138959905,64.44967585994074,50.0,66.0,16.0,-0.26817685684527065,21.3981404941316,-1.7933684444933748,143.91363497943613,28.0,112.0,52.0,111.0
sm_pm2win,BTC|sell|90-100|30-90d,BTC,sell,90-100,30-90d,68,25.61661114595518,0,-24230.500671545822,1643552.4200825044,254688.65046956195,254688.65046956195,1.0,False,-147.4276109205539,-951.3773239157993,,,,,,,,,,,
sm_pm2win,BTC|sell|90-100|7-30d,BTC,sell,90-100,7-30d,203,83.0738139497629,0,-21400.023990220583,6133938.141129799,936936.9422780921,936936.9422780921,1.0,True,-34.887903167342586,-228.4041009012626,172.0,163.0,-9.0,-79.35355631099958,11.661350856824761,-504.64165124025635,78.34207036257499,47.0,179.0,65.0,174.0
sm_pm2win,BTC|sell|90-100|<=2d,BTC,sell,90-100,<=2d,523,484.62115605916546,0,-27308.881829151407,37756148.17580494,5651373.299955105,5651373.299955105,1.0,True,-7.232962881169008,-48.32255874756734,150.0,135.0,-15.0,-26.369396010402276,7.066790336194962,-174.93722032327852,47.56155493633567,61.0,170.0,74.0,158.10000000000036
sm_pm2win,BTC|sell|90-100|>90d,BTC,sell,90-100,>90d,118,36.14760000000003,0,-30681.85677611186,2669079.9888873994,438185.41469280905,438185.41469280905,1.0,False,-114.95293098691107,-700.2026025357655,,,,,,,,,,,
sm_pm2win,ETH|buy|00-10|2-7d,ETH,buy,00-10,2-7d,3038,65094.48262454078,0,41745.66171496377,161706338.58158225,280933.02261784876,280933.02261784876,1.0,True,2.581572378741525,1485.9649223847246,83.0,12.0,-71.0,2.0281393176821982,3.1966658878660614,1130.8898593230817,1827.9656031307072,76.0,90.0,7.0,15.0
sm_pm2win,ETH|buy|00-10|30-90d,ETH,buy,00-10,30-90d,1745,42042.86513073237,0,86659.9884065096,95994265.96801236,554199.989808838,554199.989808838,1.0,True,9.027621340985807,1563.6952363785051,54.0,9.0,-45.0,6.006901327574202,11.406531089750173,966.568289332928,2095.363648874835,46.0,66.0,5.0,17.0
sm_pm2win,ETH|buy|00-10|7-30d,ETH,buy,00-10,7-30d,3057,48072.419289181,0,36598.031875193636,124298542.01076931,400263.8709243005,400263.8709243005,1.0,True,2.9443653387360538,914.3476224991389,78.0,17.0,-61.0,0.6337652637364423,4.867527691802669,191.17474941076156,1606.6118429809028,69.0,103.0,9.0,46.0
sm_pm2win,ETH|buy|00-10|<=2d,ETH,buy,00-10,<=2d,3128,36466.054138022555,0,-7369.804760598173,88263053.0314996,64875.29405597674,64875.29405597674,1.0,True,-0.8349818533886442,-1135.9955847351134,113.0,180.0,67.0,-1.6317717549961737,-0.022216851361799572,-2049.187781330459,-32.638759112513156,107.0,125.0,131.0,181.0
sm_pm2win,ETH|buy|00-10|>90d,ETH,buy,00-10,>90d,1292,102496.25722457729,0,505561.73082172073,252799927.381651,1015744.8969898244,1015744.8969898244,1.0,True,19.99849193225741,4977.251003868793,30.0,2.0,-28.0,17.27137915822607,22.7687667688523,3660.7864396309765,6469.266855075008,23.0,37.0,1.0,3.0
sm_pm2win,ETH|buy|10-25|2-7d,ETH,buy,10-25,2-7d,5721,116094.34337838397,0,35414.95093852402,294953011.2399991,1259976.5940597896,1259976.5940597896,1.0,True,1.2006980633843192,281.076260507451,92.0,37.0,-55.0,0.2914519397500863,2.710748928549306,77.86445067941038,545.5253253112152,80.0,107.0,25.0,65.0
sm_pm2win,ETH|buy|10-25|30-90d,ETH,buy,10-25,30-90d,4120,66739.59899754533,0,169880.03738351635,152412662.187345,2993699.001262159,2993699.001262159,1.0,True,11.146058007614915,567.4586433435494,46.0,24.0,-22.0,7.857489869517585,15.5461860187676,394.06196107124197,799.2834017937893,38.0,59.0,19.0,32.0
sm_pm2win,ETH|buy|10-25|7-30d,ETH,buy,10-25,7-30d,6280,73728.44586878059,0,172034.5865606846,179985231.6470422,1841166.396563714,1841166.396563714,1.0,True,9.558261252126002,934.378266308595,51.0,16.0,-35.0,3.2781905483640728,18.522885308106655,312.3747597892526,1811.5922398009725,33.0,79.0,8.0,37.0
sm_pm2win,ETH|buy|10-25|<=2d,ETH,buy,10-25,<=2d,4897,38138.296562677824,0,-7244.745870221661,94059233.05256988,263494.46453314304,263494.46453314304,1.0,True,-0.7702322924717618,-274.9486932508367,112.0,169.0,57.0,-2.360694466048668,0.9515797955645906,-814.3176362979352,350.9980321605545,98.0,131.0,35.0,177.0
sm_pm2win,ETH|buy|10-25|>90d,ETH,buy,10-25,>90d,1373,26440.17674022586,0,110232.42631777491,60353000.416180015,2012227.162304996,2012227.162304996,1.0,True,18.264614113240135,547.8130321603662,33.0,25.0,-8.0,14.851275495952867,21.061738802693295,412.2101434221517,668.4995995312036,26.0,41.0,21.0,31.0
sm_pm2win,ETH|buy|25-40|2-7d,ETH,buy,25-40,2-7d,4222,40068.4791234486,0,2747.472758361602,107235592.2795228,1316621.3684241006,1316621.3684241006,1.0,True,0.25620903470183437,20.867599632308306,104.0,88.0,-16.0,-1.3454806422136296,1.9329688653376391,-110.8443883839048,157.15521592466095,88.0,122.0,51.0,149.0
sm_pm2win,ETH|buy|25-40|30-90d,ETH,buy,25-40,30-90d,3796,37094.3372475582,0,56558.331727399236,96058926.92395957,4516322.181953131,4516322.181953131,1.0,True,5.8878787780099735,125.23094998271358,65.0,56.0,-9.0,2.4919058212296923,9.60981319040819,53.06353554447703,204.895018645543,52.0,83.0,45.0,72.0
sm_pm2win,ETH|buy|25-40|7-30d,ETH,buy,25-40,7-30d,6316,44696.17146384616,0,13089.524382229387,118866335.99377482,2914386.299095142,2914386.299095142,1.0,True,1.1011969261772232,44.913484483142874,94.0,73.0,-21.0,-1.390141954468136,3.5801237109855895,-57.441956350382554,144.14627718213393,75.0,122.0,53.0,138.0
sm_pm2win,ETH|buy|25-40|<=2d,ETH,buy,25-40,<=2d,3933,24255.50935331657,0,-19254.8704856842,67031965.227903135,439299.77168605675,439299.77168605675,1.0,True,-2.872490821389353,-438.30822883842956,132.0,174.0,42.0,-7.379703763190893,2.20117463861348,-1118.6180628788256,333.0403760925461,86.0,152.0,37.0,179.0
sm_pm2win,ETH|buy|25-40|>90d,ETH,buy,25-40,>90d,1466,26850.324672206105,0,211996.9405869498,66021769.17488339,5203119.066551763,5203119.066551763,1.0,True,32.11015748841817,407.4420321260214,10.0,29.0,19.0,24.233981674979773,39.61717605772463,314.00655786028767,493.380194628425,9.0,24.0,26.0,37.0
sm_pm2win,ETH|buy|40-60|2-7d,ETH,buy,40-60,2-7d,5252,63505.747699999636,0,-78080.94313440874,180976805.43026215,4231286.195013206,4231286.195013206,1.0,True,-4.314417140294619,-184.53240819879127,141.0,157.0,16.0,-6.078457313364107,-2.777693960251883,-266.24821404076164,-117.69902499194515,129.0,148.0,150.0,167.0
sm_pm2win,ETH|buy|40-60|30-90d,ETH,buy,40-60,30-90d,3840,25033.348544787703,0,38984.96938962649,67446815.32127503,6113594.205186601,6113594.205186601,1.0,True,5.7801052879852275,63.76767590585705,66.0,68.0,2.0,2.4122164739937424,9.433615944597625,26.70469574145216,103.35329471461444,52.0,84.0,59.0,84.0
sm_pm2win,ETH|buy|40-60|7-30d,ETH,buy,40-60,7-30d,6636,33696.450683325944,0,-33987.71270237317,86480545.90282813,4149329.146605759,4149329.146605759,1.0,True,-3.930099231862236,-81.91134398237809,140.0,144.0,4.0,-8.211896563146132,-0.3463955424800257,-168.18744938122623,-7.26876472657747,111.0,153.0,114.0,158.0
sm_pm2win,ETH|buy|40-60|<=2d,ETH,buy,40-60,<=2d,4381,20821.978299999944,0,-4024.025569723298,58341894.16995415,646300.3148094313,646300.3148094313,1.0,True,-0.689731731712553,-62.262472685160695,111.0,138.0,27.0,-4.440956241188356,3.39689225458996,-398.9051559774172,305.9932273686283,77.0,140.0,37.0,171.0
sm_pm2win,ETH|buy|40-60|>90d,ETH,buy,40-60,>90d,1569,15542.433658690758,0,247103.2835663599,41735251.166987635,7693599.3953782115,7693599.3953782115,1.0,True,59.207331130624006,321.18033558493136,3.0,35.0,32.0,48.18836293286712,69.76932271364488,266.22757373319604,384.384133542398,3.0,8.0,30.0,42.0
sm_pm2win,ETH|buy|60-75|2-7d,ETH,buy,60-75,2-7d,1539,16178.1310803239,0,-14521.296182247926,45686278.5317392,1509924.2077237258,1509924.2077237258,1.0,True,-3.1784808587899502,-96.17235161849212,133.0,145.0,12.0,-9.003186343131809,2.7849350010254534,-274.82343102184615,81.56708086083717,82.0,155.0,66.0,166.0
sm_pm2win,ETH|buy|60-75|30-90d,ETH,buy,60-75,30-90d,1101,13260.588559267413,0,101895.92498082739,31856046.792375322,4814979.414325185,4814979.414325185,1.0,True,31.986368442055394,211.62276349027343,11.0,42.0,31.0,18.892314001532647,48.21060966421241,128.324302424336,303.66348042434277,7.0,32.0,37.0,55.100000000000364
sm_pm2win,ETH|buy|60-75|7-30d,ETH,buy,60-75,7-30d,2441,13953.437307403738,0,-6305.245890866424,33823436.00919921,2482845.5365861896,2482845.5365861896,1.0,True,-1.8641648025208142,-25.395240251376563,123.0,127.0,4.0,-11.167320884931744,7.815933497602116,-160.21242303361512,102.03575377351424,58.0,158.0,59.0,157.0
sm_pm2win,ETH|buy|60-75|<=2d,ETH,buy,60-75,<=2d,1462,8201.225935787113,0,14649.11257791993,21188451.092517655,359320.5041829396,359320.5041829396,1.0,True,6.9137250825724665,407.68930265281153,58.0,28.0,-30.0,-3.872141252945086,19.18968619057422,-236.68149256630235,1103.538660596207,32.0,138.0,15.0,163.0
sm_pm2win,ETH|buy|60-75|>90d,ETH,buy,60-75,>90d,750,10414.979219657205,0,265730.26531250065,26644425.750061244,7621612.833766608,7621612.833766608,1.0,True,99.73202943279416,348.65358698780364,2.0,32.0,30.0,79.57598415818673,122.44526487666653,291.99047827762416,417.1857659441513,2.0,3.0,29.0,40.0
sm_pm2win,ETH|buy|75-90|2-7d,ETH,buy,75-90,2-7d,899,5479.166983177723,0,20800.15662188219,13823269.072298944,908844.2326494926,908844.2326494926,1.0,True,15.047205196609056,228.86382368565944,39.0,41.0,2.0,8.827848111976548,21.26324759243408,135.22584873724307,324.2307644097824,27.0,55.0,35.0,55.0
sm_pm2win,ETH|buy|75-90|30-90d,ETH,buy,75-90,30-90d,540,9840.630718183495,0,79560.76206748885,25052029.487118468,4510637.245666498,4510637.245666498,1.0,True,31.75821029126534,176.38474950280076,13.0,46.0,33.0,22.630248945477792,45.789229723579005,130.98059046156163,220.2007231681032,7.0,26.0,41.0,56.0
sm_pm2win,ETH|buy|75-90|7-30d,ETH,buy,75-90,7-30d,1099,11646.41575326142,0,65632.31033142252,27386446.178037934,3819148.232691147,3819148.232691147,1.0,True,23.965252703746266,171.8506492354055,22.0,48.0,26.0,8.533848394630413,40.53974086451048,67.0063112259487,259.2280854961633,9.0,56.0,40.0,68.0
sm_pm2win,ETH|buy|75-90|<=2d,ETH,buy,75-90,<=2d,1061,5413.8154590799195,0,27689.443510860794,12888955.206285147,348485.8462228296,348485.8462228296,1.0,True,21.483078393629892,794.564364980136,26.0,20.0,-6.0,6.823832679479853,33.95958982089461,239.41383337919268,1368.9326638293812,13.0,61.0,12.0,41.0
sm_pm2win,ETH|buy|75-90|>90d,ETH,buy,75-90,>90d,333,1902.036182683302,0,75529.4940138134,4988573.802389307,2246588.1823558537,2246588.1823558537,1.0,True,151.40498468247196,336.1964360313266,1.0,33.0,32.0,123.11726445409326,184.7540641261137,295.47488482767847,393.0767596033656,1.0,2.0,29.0,40.0
sm_pm2win,ETH|buy|90-100|2-7d,ETH,buy,90-100,2-7d,473,3480.289862472201,0,-12667.38022617257,8322117.940985399,1144295.0714876817,1144295.0714876817,1.0,True,-15.2213418699431,-110.70029524556014,163.0,148.0,-15.0,-42.128947540095545,9.46377782958316,-295.15069502995897,72.10012007993318,54.0,174.0,67.0,167.0
sm_pm2win,ETH|buy|90-100|30-90d,ETH,buy,90-100,30-90d,246,1738.7046452401582,0,27098.13358338228,5255813.031246547,3514252.0966046606,3514252.0966046606,1.0,True,51.55840480298684,77.10924782420557,4.0,61.0,57.0,29.458836336417573,85.60148851672517,40.568848149558455,170.2251282699015,3.0,17.0,49.0,78.0
sm_pm2win,ETH|buy|90-100|7-30d,ETH,buy,90-100,7-30d,390,5103.651350228187,0,31400.171467237382,12332363.874443773,2723102.9838800672,2723102.9838800672,1.0,True,25.461599890275394,115.31026058550393,20.0,57.0,37.0,6.220984155434323,46.86881553437343,25.98913426405592,220.63126840905517,7.0,64.0,43.0,84.0
sm_pm2win,ETH|buy|90-100|<=2d,ETH,buy,90-100,<=2d,1022,8058.899286115168,0,-47459.34305895321,19863799.35841931,1237866.505793678,1237866.505793678,1.0,True,-23.892379399632564,-383.3962938396486,169.0,170.0,1.0,-37.79087873231899,5.798182013210796,-649.868840832729,82.50698341733671,67.0,174.0,65.0,176.0
sm_pm2win,ETH|buy|90-100|>90d,ETH,buy,90-100,>90d,95,1045.379234129902,0,32014.880350650084,2416691.756695751,1292187.911205779,1292187.911205779,1.0,False,132.47399161249587,247.75715724484718,,,,,,,,,,,
sm_pm2win,ETH|sell|00-10|2-7d,ETH,sell,00-10,2-7d,4955,116801.23514681435,0,29536.163264975745,298842718.7646538,38821751.29460594,38821751.29460594,1.0,True,0.9883514440998049,7.6081480819438525,97.0,99.0,2.0,0.31699454544459177,1.5001712821959907,2.4391976539332783,11.55068810231665,90.0,108.0,92.0,109.0
sm_pm2win,ETH|sell|00-10|30-90d,ETH,sell,00-10,30-90d,2973,53970.7263741304,0,-14.615092505696119,125437863.32788897,16307898.76460359,16307898.76460359,1.0,True,-0.0011651260726191518,-0.008961971567678775,107.0,107.0,0.0,-1.3723890512999657,1.2283060866552522,-10.547820141931771,9.455383172254379,94.0,122.0,96.0,119.0
sm_pm2win,ETH|sell|00-10|7-30d,ETH,sell,00-10,7-30d,4306,70174.98542272062,0,17911.26567002202,173359713.66871172,22520116.636370692,22520116.636370692,1.0,True,1.0331850053842515,7.953451555883493,95.0,97.0,2.0,0.13949383834084594,2.0693613699359243,1.0732066833129452,15.938932293565959,86.0,110.0,90.0,110.0
sm_pm2win,ETH|sell|00-10|<=2d,ETH,sell,00-10,<=2d,9698,122416.78596230787,0,64666.67012861957,327455248.9452137,42552965.76115311,42552965.76115311,1.0,True,1.9748246619017826,15.1967480930916,88.0,93.0,5.0,1.7293716126060985,2.211366363840397,13.305705776371592,17.022724730359318,82.0,94.0,85.0,98.0
sm_pm2win,ETH|sell|00-10|>90d,ETH,sell,00-10,>90d,1259,87909.56937801171,0,-110983.98560047937,212628915.66856965,27774280.465891413,27774280.465891413,1.0,True,-5.219609254532109,-39.95926581672378,143.0,133.0,-10.0,-8.450670048789462,-1.7312364703462937,-64.55405557483155,-13.281544007084461,123.0,155.0,118.0,143.0
sm_pm2win,ETH|sell|10-25|2-7d,ETH,sell,10-25,2-7d,5732,63660.02718268499,0,-3008.073502930127,162099915.07622895,21045258.664638814,21045258.664638814,1.0,True,-0.18556909801683444,-1.429335486374623,108.0,108.0,0.0,-1.6047051211373815,1.1355825839327045,-12.34791821854323,8.75034220346419,96.0,124.0,97.0,120.0
sm_pm2win,ETH|sell|10-25|30-90d,ETH,sell,10-25,30-90d,4615,54288.409561230364,0,7620.21943054683,127399032.65715903,16542153.242025696,16542153.242025696,1.0,True,0.5981379349287094,4.606546269434562,101.0,102.0,1.0,-1.1176681441530316,2.695932591039106,-8.598674972827105,20.796052885700142,82.0,120.0,86.0,118.0
sm_pm2win,ETH|sell|10-25|7-30d,ETH,sell,10-25,7-30d,6458,56041.005098997965,0,4013.410619832418,141383699.7665938,18359778.29729176,18359778.29729176,1.0,True,0.2838665720629775,2.1859798930275938,103.0,104.0,1.0,-1.1295357706904432,1.4874275538931463,-8.695987527390008,11.462034606233487,92.0,120.0,94.0,118.0
sm_pm2win,ETH|sell|10-25|<=2d,ETH,sell,10-25,<=2d,8045,55493.599782125704,0,-27105.72798424822,144205240.51639396,18894285.31864543,18894285.31864543,1.0,True,-1.8796631722386474,-14.34599273119873,124.0,118.0,-6.0,-8.309665616807216,2.2205231047060994,-63.39592574467573,16.931387108380765,85.0,151.0,89.0,140.0
sm_pm2win,ETH|sell|10-25|>90d,ETH,sell,10-25,>90d,1692,55488.25843371025,0,132932.753598892,138284517.90351763,17843423.07294012,17843423.07294012,1.0,True,9.612988902462705,74.49958063287028,49.0,62.0,13.0,-1.8963612626251323,14.768060081942457,-14.572713148788141,114.90579270390154,39.0,126.0,56.0,121.0
sm_pm2win,ETH|sell|25-40|2-7d,ETH,sell,25-40,2-7d,4643,64114.624462662694,0,157048.26509700686,174752428.14976662,22922938.973447688,22922938.973447688,1.0,True,8.986900311474534,68.51140042684774,55.0,64.0,9.0,-0.6315737844159982,15.76400258599161,-4.776427984812493,121.03393794669033,38.0,115.0,55.0,113.0
sm_pm2win,ETH|sell|25-40|30-90d,ETH,sell,25-40,30-90d,4389,45504.03556657938,0,-53006.94608548793,106197634.01759343,13742871.692881092,13742871.692881092,1.0,True,-4.991349061195321,-38.57050205376356,142.0,132.0,-10.0,-18.230127719756215,5.402380575746737,-140.84684994625073,41.7515021385148,67.0,166.0,76.0,154.0
sm_pm2win,ETH|sell|25-40|7-30d,ETH,sell,25-40,7-30d,5791,49786.492339907665,0,-3662.0399833367205,124780998.63317566,16155401.121758334,16155401.121758334,1.0,True,-0.2934773742356547,-2.266758934511772,109.0,110.0,1.0,-2.7538195965674714,2.43071099386958,-21.25664649302349,18.79553474939099,84.0,132.0,88.0,125.0
sm_pm2win,ETH|sell|25-40|<=2d,ETH,sell,25-40,<=2d,6415,32744.8752651837,0,-57892.04545364032,86322337.3978642,11860503.26652276,11860503.26652276,1.0,True,-6.706496510493319,-48.810783280204774,149.0,136.0,-13.0,-13.399550545700341,-0.2664891154114878,-97.35934186955485,-1.9460870110568715,112.0,161.0,111.0,149.0
sm_pm2win,ETH|sell|25-40|>90d,ETH,sell,25-40,>90d,1507,18607.14768940686,0,18165.50276098497,45517943.13919433,5896970.457789073,5896970.457789073,1.0,True,3.990844380958665,30.804805435290735,77.0,82.0,5.0,-7.640304012800939,24.221752463538476,-58.51182406108179,189.8425702807936,24.0,150.0,47.0,139.0
sm_pm2win,ETH|sell|40-60|2-7d,ETH,sell,40-60,2-7d,6033,56566.165699999656,1,-27161.267034740922,163399500.16431835,23582881.617011312,23582881.617011312,1.0,True,-1.6622613292835609,-11.517365636584621,121.0,115.0,-6.0,-4.264250405655011,0.6681320560796802,-29.52820130563283,4.637831870923282,101.0,140.0,103.0,130.10000000000036
sm_pm2win,ETH|sell|40-60|30-90d,ETH,sell,40-60,30-90d,5287,34248.08263752955,0,16208.268512072847,88825623.78958902,12163568.235047862,12163568.235047862,1.0,True,1.8247289262462312,13.325258015465122,89.0,94.0,5.0,-1.322592196894547,5.481086198547246,-9.719022991209762,39.98807064649525,67.0,120.0,77.0,117.0
sm_pm2win,ETH|sell|40-60|7-30d,ETH,sell,40-60,7-30d,6849,34317.020053039465,0,-133399.33024724544,88973976.97795025,12512550.48179312,12512550.48179312,1.0,True,-14.99307266891136,-106.6124212176833,162.0,146.0,-16.0,-44.56551900314404,4.647009416325049,-315.17394752730394,33.087929311879876,70.0,175.0,79.0,168.0
sm_pm2win,ETH|sell|40-60|<=2d,ETH,sell,40-60,<=2d,6678,28659.097525094636,0,-17781.743008396363,74675108.248224,10961834.574935952,10961834.574935952,1.0,True,-2.3812142259357576,-16.221502784811236,129.0,120.0,-9.0,-5.1850540149576405,0.43953670807796635,-35.346826218523596,2.987484407925086,105.0,143.0,105.0,132.0
sm_pm2win,ETH|sell|40-60|>90d,ETH,sell,40-60,>90d,2296,19862.186400749655,0,-46323.112716152595,51693041.81900491,6968296.929494025,6968296.929494025,1.0,True,-8.961189182549118,-66.47695008530034,155.0,140.0,-15.0,-23.90798222784947,8.402583859050303,-176.3967348943317,62.22461524503297,57.0,170.0,70.0,159.0
sm_pm2win,ETH|sell|60-75|2-7d,ETH,sell,60-75,2-7d,1639,8265.549900000005,0,-15259.750135092088,23237325.361946616,3472480.3788566818,3472480.3788566818,1.0,True,-6.566913316143267,-43.94481313128796,148.0,134.0,-14.0,-13.696129479935543,0.03538493310835327,-91.63620560812029,0.23795646341075113,109.0,162.0,109.0,147.0
sm_pm2win,ETH|sell|60-75|30-90d,ETH,sell,60-75,30-90d,1080,6021.012004476628,0,8886.813398292777,14947044.623725224,2232106.8978198357,2232106.8978198357,1.0,True,5.945532124917102,39.8135654120006,63.0,75.0,12.0,-0.09437724278520193,12.016902148699646,-0.6305822707640035,80.55244417472937,45.0,109.10000000000036,63.0,109.0
sm_pm2win,ETH|sell|60-75|7-30d,ETH,sell,60-75,7-30d,1794,12111.82634221975,0,-47931.07942161157,29331556.39922435,4393038.447107884,4393038.447107884,1.0,True,-16.34113061347098,-109.10689719359625,164.0,147.0,-17.0,-29.3034458461329,-4.417626372258182,-195.6591122678071,-29.496307665238785,140.0,172.0,128.0,161.0
sm_pm2win,ETH|sell|60-75|<=2d,ETH,sell,60-75,<=2d,1771,7940.423000760263,0,85.52624675321815,19961076.499034915,2990592.92935723,2990592.92935723,1.0,True,0.04284651018563713,0.2859842471827162,106.0,106.0,0.0,-10.52496630997621,9.96632261292614,-70.16108412699478,66.63925254781378,52.0,157.0,68.0,142.0
sm_pm2win,ETH|sell|60-75|>90d,ETH,sell,60-75,>90d,1083,7267.236724452421,0,-60203.39735323743,17623755.294760212,2663730.635407335,2663730.635407335,1.0,True,-34.160368404080565,-226.01158147520866,171.0,162.0,-9.0,-55.30109912046906,-8.032552490441956,-358.1356109054072,-54.625007289437704,152.0,177.0,137.0,171.0
sm_pm2win,ETH|sell|75-90|2-7d,ETH,sell,75-90,2-7d,856,3907.230460304174,0,-11958.955140230259,10162867.218966423,1520856.962225772,1520856.962225772,1.0,True,-11.767304327180318,-78.63300387387086,158.0,143.0,-15.0,-20.372160718828205,-3.6663379983986264,-135.55408323850526,-24.540611589004303,135.0,168.0,125.0,154.0
sm_pm2win,ETH|sell|75-90|30-90d,ETH,sell,75-90,30-90d,518,5578.073267661812,0,16545.83912375433,14776651.495642813,2223940.7195802927,2223940.7195802927,1.0,True,11.197285886205814,74.39874173838994,45.0,63.0,18.0,-0.29504386866105275,22.570880996905654,-1.9582303345945333,150.39900614713832,26.0,112.0,51.0,111.0
sm_pm2win,ETH|sell|75-90|7-30d,ETH,sell,75-90,7-30d,951,5588.4251007257735,0,-54074.65850441956,14182737.66344718,2125971.2397259553,2125971.2397259553,1.0,True,-38.12709491467564,-254.35272826828066,174.0,167.0,-7.0,-86.91022692764383,17.06165351941,-576.814745531019,114.51465207136927,35.0,179.0,57.0,176.0
sm_pm2win,ETH|sell|75-90|<=2d,ETH,sell,75-90,<=2d,1210,7473.00117981294,0,11207.01487005121,18748948.747183453,2821515.936894533,2821515.936894533,1.0,True,5.977409731697505,39.71983543848444,62.0,76.0,14.0,-18.075852781095318,20.352129663412725,-119.36244484910868,135.5777292834364,28.0,166.0,53.0,152.0
sm_pm2win,ETH|sell|75-90|>90d,ETH,sell,75-90,>90d,465,2999.0822662669934,0,-127157.43279494318,8280600.204539678,1366168.281328554,1366168.281328554,1.0,True,-153.5606473613248,-930.7596621353756,180.0,178.0,-2.0,-200.03057755542264,-104.19771921196912,-1165.1285652499282,-650.5353077542272,179.0,181.0,175.0,180.0
sm_pm2win,ETH|sell|90-100|2-7d,ETH,sell,90-100,2-7d,458,2234.429108509112,0,-3221.3299977906836,6096168.092591504,910463.243836097,910463.243836097,1.0,True,-5.284188278380106,-35.38121961099829,144.0,130.0,-14.0,-23.493247760102733,16.5107683857183,-156.38202317430995,111.5121249612743,37.0,168.0,59.0,156.0
sm_pm2win,ETH|sell|90-100|30-90d,ETH,sell,90-100,30-90d,273,3038.168298974756,0,-39551.40184825859,9133693.341090983,1558149.8901331841,1558149.8901331841,1.0,True,-43.30274771797225,-253.83566817745566,176.0,166.0,-10.0,-74.15368929302807,-13.19855682340303,-426.13451548419414,-80.04359351627551,161.0,178.0,145.0,172.0
sm_pm2win,ETH|sell|90-100|7-30d,ETH,sell,90-100,7-30d,489,3663.1616539755287,0,6340.71311939082,9202210.997486243,1378521.522990688,1378521.522990688,1.0,True,6.890423530956751,45.99647530808739,59.0,72.0,13.0,-12.230593727371717,21.98251150851704,-81.21145964441627,147.44943655484732,27.0,159.0,52.0,144.0
sm_pm2win,ETH|sell|90-100|<=2d,ETH,sell,90-100,<=2d,1109,9176.693279676294,0,-11866.794955690217,21110222.628893092,3137138.4080797844,3137138.4080797844,1.0,True,-5.621349980197935,-37.82681352256237,145.0,131.0,-14.0,-13.04183194458795,4.528044447652408,-87.7303800870301,30.284136730164274,73.0,161.0,83.0,147.0
sm_pm2win,ETH|sell|90-100|>90d,ETH,sell,90-100,>90d,227,1825.1336398571682,0,-87077.76390284179,5149814.976383944,858464.7345396081,858464.7345396081,1.0,True,-169.0891115548104,-1014.342935700688,181.0,179.0,-2.0,-205.99749880360665,-127.66790070892569,-1216.415992111734,-782.1519834719346,180.0,181.0,177.0,180.0
sm_pm2win,HYPE|buy|00-10|2-7d,HYPE,buy,00-10,2-7d,216,240778.839,0,32216.628831161343,16949389.909338817,37908.66232959163,37908.66232959163,1.0,True,19.00754481635386,8498.48737764955,32.0,1.0,-31.0,5.049211303286394,27.254381912676173,2189.104753440948,12378.38260438898,20.0,69.0,1.0,5.0
sm_pm2win,HYPE|buy|00-10|30-90d,HYPE,buy,00-10,30-90d,186,926521.12,0,178413.99405237412,46836625.391097955,337121.064911111,337121.064911111,1.0,False,38.092837082640145,5292.282583985569,,,,,,,,,,,
sm_pm2win,HYPE|buy|00-10|7-30d,HYPE,buy,00-10,7-30d,485,238303.1686,0,12419.560068041335,13550367.099809268,51431.22506901119,51431.22506901119,1.0,True,9.16547867416533,2414.789857985413,53.0,5.0,-48.0,5.540038069010335,12.610128446086547,1090.039976161943,4162.9892712154815,43.0,68.0,3.0,15.0
sm_pm2win,HYPE|buy|00-10|<=2d,HYPE,buy,00-10,<=2d,181,41723.0,0,-892.0788524002757,2240544.8994181277,3392.896647563502,3392.896647563502,1.0,False,-3.981526335990632,-2629.254424949528,,,,,,,,,,,
sm_pm2win,HYPE|buy|00-10|>90d,HYPE,buy,00-10,>90d,196,67615.44,0,31148.179656834505,5592061.689083756,41533.65890262474,41533.65890262474,1.0,False,55.70070823367124,7499.502928422731,,,,,,,,,,,
sm_pm2win,HYPE|buy|10-25|2-7d,HYPE,buy,10-25,2-7d,1329,840716.6448156161,0,114866.59957255353,48018849.47311279,461828.22159214393,461828.22159214393,1.0,True,23.921147806107022,2487.214817157625,23.0,4.0,-19.0,18.575458586295095,29.24699211531,1930.43382086793,3101.7725156081237,17.0,33.0,3.0,7.0
sm_pm2win,HYPE|buy|10-25|30-90d,HYPE,buy,10-25,30-90d,1554,1331089.4059496867,0,154401.76373642494,72712401.00495721,2000126.1823250798,2000126.1823250798,1.0,True,21.234584692905205,771.9601148210462,27.0,22.0,-5.0,12.087111794606574,31.239268500449302,433.3704761745188,1136.3012044687068,16.0,46.0,14.0,29.0
sm_pm2win,HYPE|buy|10-25|7-30d,HYPE,buy,10-25,7-30d,3225,1765183.4789893222,0,231581.24207121198,97121301.96090691,1527572.902797416,1527572.902797416,1.0,True,23.844536409162597,1516.0077901822,24.0,11.0,-13.0,17.56071047636665,30.3656953942749,1044.6935941954202,2060.173462190688,16.0,35.0,6.0,16.0
sm_pm2win,HYPE|buy|10-25|<=2d,HYPE,buy,10-25,<=2d,610,666964.7343000001,0,-13857.277246816118,43238338.69596843,229363.1421976622,229363.1421976622,1.0,True,-3.204858850904043,-604.1632109693586,134.0,177.0,43.0,-10.744615407032084,5.522140230527417,-1907.1368400880328,1077.9468641994808,68.0,158.0,15.0,180.0
sm_pm2win,HYPE|buy|10-25|>90d,HYPE,buy,10-25,>90d,761,814098.5860000001,0,220869.3166618409,50312146.30953407,2575015.510667281,2575015.510667281,1.0,True,43.899800120430655,857.7397524281533,6.0,19.0,13.0,18.510903502772646,65.95381449275493,347.6365647808549,1338.0285948638268,4.0,32.0,12.899999999999864,33.0
sm_pm2win,HYPE|buy|25-40|2-7d,HYPE,buy,25-40,2-7d,1522,1099165.3947580706,0,172594.7406684047,60125902.284704655,1050193.5271328965,1050193.5271328965,1.0,True,28.705555195021304,1643.456526908909,14.0,7.0,-7.0,21.884524416420895,36.5902671525754,1236.0960939191787,2135.4800738753747,11.0,27.0,5.0,14.0
sm_pm2win,HYPE|buy|25-40|30-90d,HYPE,buy,25-40,30-90d,1320,2221096.55,0,334407.1303539116,121168536.36473154,7771700.495939367,7771700.495939367,1.0,True,27.598511988896757,430.2882368262079,18.0,27.0,9.0,3.74256760784495,42.392244405533376,55.00448117021885,697.2831020371153,8.0,77.0,21.0,73.0
sm_pm2win,HYPE|buy|25-40|7-30d,HYPE,buy,25-40,7-30d,3682,3136372.274009669,0,455576.11329303245,159449466.58195916,5250036.146945471,5250036.146945471,1.0,True,28.571817959570296,867.7580506909303,15.0,18.0,3.0,14.229553022265291,42.45127003195065,417.55131036271473,1342.8213221767742,9.0,41.0,12.0,30.0
sm_pm2win,HYPE|buy|25-40|<=2d,HYPE,buy,25-40,<=2d,661,297105.3499,0,19211.728908989637,16224856.012202786,150998.9517194363,150998.9517194363,1.0,True,11.840924131801485,1272.3087604400064,43.0,13.0,-30.0,3.921544099575518,21.598419654637723,392.86015715110113,2508.9774261016187,27.0,75.0,4.0,31.0
sm_pm2win,HYPE|buy|25-40|>90d,HYPE,buy,25-40,>90d,641,707245.6252954319,0,108762.81500376835,38325208.09569437,4125410.7218716415,4125410.7218716415,1.0,True,28.378923535704757,263.6411798397231,16.0,40.0,24.0,-4.377614732924744,72.33467375304166,-39.84404874379043,712.5853843278594,4.0,139.10000000000036,22.0,133.0
sm_pm2win,HYPE|buy|40-60|2-7d,HYPE,buy,40-60,2-7d,1594,747157.1891,0,120164.11541879136,37806932.730523944,1185924.029296772,1185924.029296772,1.0,True,31.783619230706655,1013.253062171665,12.0,14.0,2.0,22.87724254748274,40.910516803441276,721.2735076526803,1319.1344081464865,9.0,25.0,12.0,21.0
sm_pm2win,HYPE|buy|40-60|30-90d,HYPE,buy,40-60,30-90d,1229,712772.4800000001,0,74022.74044954445,35727953.87697373,4028338.915059856,4028338.915059856,1.0,True,20.718438202320698,183.7549968122396,29.0,45.0,16.0,0.3114608215075988,37.58715702286475,2.7006245483719655,336.62421943897203,11.0,106.0,34.0,106.0
sm_pm2win,HYPE|buy|40-60|7-30d,HYPE,buy,40-60,7-30d,2850,2387897.8559115394,0,257339.51685336806,130525092.8082182,7902916.924611891,7902916.924611891,1.0,True,19.715712229485217,325.62599266600023,31.0,34.0,3.0,7.811894257557664,33.11325997226122,121.8791818021064,583.0841432691948,14.0,58.0,24.0,56.0
sm_pm2win,HYPE|buy|40-60|<=2d,HYPE,buy,40-60,<=2d,631,312308.5,0,4330.9886041414165,16373270.56645216,261475.6910236819,261475.6910236819,1.0,True,2.6451579032813086,165.63637664310286,82.0,50.0,-32.0,-4.1589336982892595,14.492534747097595,-261.7210327971127,877.4879224549326,41.0,139.0,19.0,165.0
sm_pm2win,HYPE|buy|40-60|>90d,HYPE,buy,40-60,>90d,473,404024.9517235621,0,62826.74999553084,22352507.79022486,3013211.586343346,3013211.586343346,1.0,True,28.107248898043583,208.5042759037497,17.0,44.0,27.0,-3.0956809760608994,52.10606575593227,-21.47642823645973,406.45341991813706,6.0,132.0,30.0,124.0
sm_pm2win,HYPE|buy|60-75|2-7d,HYPE,buy,60-75,2-7d,598,340441.6061173347,0,-2372.2444233653564,19890644.380103793,1078796.9858700838,1078796.9858700838,1.0,True,-1.1926433241842402,-21.989720535343046,116.0,123.0,7.0,-20.349833208566093,58.47992378606983,-413.55518971040595,884.5536284389004,6.0,168.0,18.0,172.0
sm_pm2win,HYPE|buy|60-75|30-90d,HYPE,buy,60-75,30-90d,288,323640.50000000006,0,-17384.63664816757,16086607.924065053,2561045.3779902244,2561045.3779902244,1.0,True,-10.806900205580758,-67.8810176405782,157.0,141.0,-16.0,-47.094773404719874,26.216397108931478,-285.43871933048655,160.88356392114673,22.0,175.0,51.0,167.0
sm_pm2win,HYPE|buy|60-75|7-30d,HYPE,buy,60-75,7-30d,1034,777642.4474711823,0,96971.34920737275,37148326.960239545,3576490.417881358,3576490.417881358,1.0,True,26.10382677829953,271.13549283550617,19.0,39.0,20.0,9.895382683837273,44.0086897608001,104.80749234160363,451.6104790951439,8.0,51.0,28.0,59.0
sm_pm2win,HYPE|buy|60-75|<=2d,HYPE,buy,60-75,<=2d,335,242733.0,0,14196.541091035242,12524345.505846024,320904.6787395137,320904.6787395137,1.0,True,11.335156064170125,442.3912155721147,44.0,26.0,-18.0,-11.601671961622124,80.12704001039194,-478.314890967158,2724.5441680434087,3.0,159.0,4.0,173.0
sm_pm2win,HYPE|buy|60-75|>90d,HYPE,buy,60-75,>90d,189,225064.1117235621,0,19465.10273330823,14639249.865616588,3272262.264010956,3272262.264010956,1.0,False,13.296516496399308,59.485154803725905,,,,,,,,,,,
sm_pm2win,HYPE|buy|75-90|2-7d,HYPE,buy,75-90,2-7d,203,188741.05574649255,0,16687.558831560844,13153096.572728217,1080124.8023141094,1080124.8023141094,1.0,True,12.687171221840659,154.49658035635,42.0,52.0,10.0,8.089566895352739,57.8028321658697,100.05453577036175,619.1170651644085,5.0,58.0,24.0,61.0
sm_pm2win,HYPE|buy|75-90|30-90d,HYPE,buy,75-90,30-90d,218,97515.8,0,19382.345819161437,5547885.971085027,1180151.522102092,1180151.522102092,1.0,True,34.936453128597265,164.23607864045715,9.0,51.0,42.0,7.508974662278641,69.83722550079038,35.6898433503363,320.02930591655524,4.0,59.0,36.0,79.0
sm_pm2win,HYPE|buy|75-90|7-30d,HYPE,buy,75-90,7-30d,736,616316.6828295654,0,105810.5441870752,29994681.897750992,3857314.2995498623,3857314.2995498623,1.0,True,35.276434851942504,274.31144047407025,8.0,38.0,30.0,4.346203212477698,62.45910540260246,33.08735701942784,485.1689439228511,4.0,72.0,27.0,80.0
sm_pm2win,HYPE|buy|75-90|<=2d,HYPE,buy,75-90,<=2d,255,129417.43853381717,0,-8391.674711045516,4799263.329509262,345488.56504273316,345488.56504273316,1.0,True,-17.485339175801357,-242.89297997482367,166.0,164.0,-2.0,-38.46797335374881,27.663177410868627,-463.92183837705517,674.8164593723909,19.0,174.0,22.0,173.0
sm_pm2win,HYPE|buy|75-90|>90d,HYPE,buy,75-90,>90d,51,124303.0,0,86237.18904161266,8695822.927976971,2516080.596604082,2516080.596604082,1.0,False,99.17082000849251,342.74414403896986,,,,,,,,,,,
sm_pm2win,HYPE|buy|90-100|2-7d,HYPE,buy,90-100,2-7d,131,26348.177435110887,0,6711.044598912704,1742415.613524028,267038.687266449,267038.687266449,1.0,False,38.51575104598406,251.31357061445107,,,,,,,,,,,
sm_pm2win,HYPE|buy|90-100|30-90d,HYPE,buy,90-100,30-90d,25,29859.16,0,22647.108188593567,2003909.811793329,794863.2023067957,794863.2023067957,1.0,False,113.0146080193416,284.91831201732236,,,,,,,,,,,
sm_pm2win,HYPE|buy|90-100|7-30d,HYPE,buy,90-100,7-30d,99,92673.0,0,38070.68203396223,6996407.942538326,2045324.2088249777,2045324.2088249777,1.0,False,54.41461153585911,186.1351949470814,,,,,,,,,,,
sm_pm2win,HYPE|buy|90-100|<=2d,HYPE,buy,90-100,<=2d,146,30686.704319381675,0,-588.8540583127258,1553731.4057431093,172654.62015015393,172654.62015015393,1.0,False,-3.789934709024512,-34.10589637280557,,,,,,,,,,,
sm_pm2win,HYPE|buy|90-100|>90d,HYPE,buy,90-100,>90d,8,15820.0,0,7528.6933491091095,955641.2577610668,602179.6,602179.6,1.0,False,78.78158553710604,125.02405177972003,,,,,,,,,,,
sm_pm2win,HYPE|sell|00-10|2-7d,HYPE,sell,00-10,2-7d,439,257146.83544480367,0,9809.700606185052,17623298.023137182,4394876.90675096,4394876.90675096,1.0,True,5.566325096078012,22.32076304825829,69.0,87.0,18.0,2.1416871460988993,10.442268635046128,8.57608436072047,41.95095338060876,50.0,87.0,75.0,100.0
sm_pm2win,HYPE|sell|00-10|30-90d,HYPE,sell,00-10,30-90d,450,360342.00815227383,0,-17350.93894959654,20874509.31913908,5220082.928151056,5220082.928151056,1.0,True,-8.312022421378831,-33.238818594290436,152.0,129.0,-23.0,-12.920252060941374,-2.8150176327894165,-51.63449536264356,-11.25018328921301,132.0,161.0,117.0,139.0
sm_pm2win,HYPE|sell|00-10|7-30d,HYPE,sell,00-10,7-30d,685,262242.7688180837,0,1834.5903743642978,15678097.547881149,3913035.176231291,3913035.176231291,1.0,True,1.1701613469117862,4.688407570440555,93.0,101.0,8.0,-1.8546523815666627,4.6105052968669975,-7.419820198271826,18.495605935341644,70.0,126.0,88.0,117.0
sm_pm2win,HYPE|sell|00-10|<=2d,HYPE,sell,00-10,<=2d,506,272085.82325367164,0,7736.876631882691,12339266.906445906,3090595.698810637,3090595.698810637,1.0,True,6.270126653829838,25.033609652857848,61.0,85.0,24.0,4.334941817958812,8.706816752596696,17.330140713310612,34.771446508996625,54.0,74.0,77.0,92.0
sm_pm2win,HYPE|sell|00-10|>90d,HYPE,sell,00-10,>90d,149,220096.8434997073,0,-26006.52678361446,15172607.717670321,3808667.7548229937,3808667.7548229937,1.0,False,-17.140446301347882,-68.28247686000404,,,,,,,,,,,
sm_pm2win,HYPE|sell|10-25|2-7d,HYPE,sell,10-25,2-7d,806,276804.0565596901,0,9446.867588099085,16709187.952048501,4164630.501823766,4164630.501823766,1.0,True,5.653696406557522,22.6835672071319,68.0,86.0,18.0,-1.9577937482924728,13.354349546114047,-7.8383665789668004,53.7755035515735,43.0,125.0,72.0,115.0
sm_pm2win,HYPE|sell|10-25|30-90d,HYPE,sell,10-25,30-90d,1187,1470086.94,0,-126820.08945055566,76135092.9082061,19141655.08944544,19141655.08944544,1.0,True,-16.657244984708825,-66.25346076812515,165.0,139.0,-26.0,-29.509833549070425,-4.083634453131275,-117.09054803844445,-16.296625116009167,138.0,172.0,121.0,152.0
sm_pm2win,HYPE|sell|10-25|7-30d,HYPE,sell,10-25,7-30d,1755,1320103.308729277,0,-9689.375757346996,74169416.58267108,18562927.0403633,18562927.0403633,1.0,True,-1.306384248896845,-5.2197456447888735,119.0,111.0,-8.0,-11.217321529892937,7.651999642844808,-44.62227680462902,30.683270395100486,59.0,158.0,81.0,135.0
sm_pm2win,HYPE|sell|10-25|<=2d,HYPE,sell,10-25,<=2d,788,324095.0,0,6854.084427176393,15173703.749546627,3901467.0453984565,3901467.0453984565,1.0,True,4.517080694541162,17.567966991443306,74.0,91.0,17.0,-1.9573614567273425,10.734543263020598,-7.564712212463098,41.74934648562486,49.0,125.0,76.0,115.0
sm_pm2win,HYPE|sell|10-25|>90d,HYPE,sell,10-25,>90d,467,422184.0695248364,0,-105873.07581349298,27618956.914338212,6952811.536378371,6952811.536378371,1.0,True,-38.33348092828575,-152.2737604198616,175.0,156.0,-19.0,-77.88954403046553,-10.986174442843938,-307.45510890515504,-43.97537058685377,158.0,178.0,135.0,169.0
sm_pm2win,HYPE|sell|25-40|2-7d,HYPE,sell,25-40,2-7d,826,583851.6068194897,1,33612.64487551172,36271323.17258655,9647557.222209474,9647557.222209474,1.0,True,9.267002671938853,34.840575807244385,52.0,80.0,28.0,-7.151828684661573,20.71385686973061,-27.46563901405,77.17065461878182,28.0,149.0,64.0,128.0
sm_pm2win,HYPE|sell|25-40|30-90d,HYPE,sell,25-40,30-90d,980,1358125.6,0,-3195.75374757487,78852695.64756235,19715549.47914577,19715549.47914577,1.0,True,-0.4052814835726752,-1.6209306014804183,110.0,109.0,-1.0,-24.168692654434565,31.03407021586557,-95.94184213929273,125.21082155650701,16.0,169.0,55.0,148.0
sm_pm2win,HYPE|sell|25-40|7-30d,HYPE,sell,25-40,7-30d,1635,1288531.3308535074,0,-102507.53270296573,77487524.64428084,19553266.811328296,19553266.811328296,1.0,True,-13.22890790143876,-52.42476036974927,160.0,137.0,-23.0,-28.303586814066886,1.5387384078427493,-111.68815763455207,6.133466413426657,92.0,170.0,102.0,151.0
sm_pm2win,HYPE|sell|25-40|<=2d,HYPE,sell,25-40,<=2d,959,608938.0285338172,0,-17675.23366894707,28577138.18199381,7859763.333250629,7859763.333250629,1.0,True,-6.185095777044627,-22.48825176983665,146.0,125.0,-21.0,-13.250318043149012,3.1487029857880304,-47.81145883450382,11.435621772662312,79.0,161.0,96.0,136.0
sm_pm2win,HYPE|sell|25-40|>90d,HYPE,sell,25-40,>90d,496,939838.876408579,0,14853.278188689424,50675152.598963894,12608106.20325059,12608106.20325059,1.0,True,2.931077150617819,11.780736892000474,79.0,95.0,16.0,-20.7854449285443,26.675184742447758,-82.8826472640673,107.95676865907434,21.0,167.0,58.0,144.0
sm_pm2win,HYPE|sell|40-60|2-7d,HYPE,sell,40-60,2-7d,955,241685.2393999999,0,5787.26645945119,11730354.30138622,3388750.412151968,3388750.412151968,1.0,True,4.933581979503625,17.07787755244,72.0,92.0,20.0,-5.792555168797415,16.89600149363456,-20.028100743205712,58.564182046109856,35.0,145.0,69.0,124.0
sm_pm2win,HYPE|sell|40-60|30-90d,HYPE,sell,40-60,30-90d,1142,1608187.63,0,114226.43810479007,81924997.88940117,20793846.78928669,20793846.78928669,1.0,True,13.942806353073806,54.932807412835835,40.0,69.0,29.0,-4.354414811601769,35.772419104243454,-16.946875014583334,141.36271466943336,12.0,139.0,53.0,122.0
sm_pm2win,HYPE|sell|40-60|7-30d,HYPE,sell,40-60,7-30d,1487,1845657.5632022247,0,166551.88626025335,93724842.42970918,26092414.3997228,26092414.3997228,1.0,True,17.77030314936643,63.83153498513452,34.0,67.0,33.0,-4.61374038980132,37.79423335141126,-16.581873613671274,135.06463414897132,10.0,141.0,53.0,123.0
sm_pm2win,HYPE|sell|40-60|<=2d,HYPE,sell,40-60,<=2d,1055,251157.9037,0,11500.421268437105,11131846.194635203,3280257.900663391,3280257.900663391,1.0,True,10.33109968226073,35.05950329732089,47.0,79.0,32.0,-0.05086801787531606,20.183724943215577,-0.1727464687546255,68.53778521230481,30.0,109.0,67.0,109.0
sm_pm2win,HYPE|sell|40-60|>90d,HYPE,sell,40-60,>90d,582,446882.04,0,65566.06091875226,26434748.325285982,6769174.828353441,6769174.828353441,1.0,True,24.802982843621585,96.85975407832802,21.0,59.0,38.0,-0.14159141059431105,56.87483262947791,-0.5452455234452233,223.69490615125503,5.0,110.0,42.0,109.0
sm_pm2win,HYPE|sell|60-75|2-7d,HYPE,sell,60-75,2-7d,263,69056.019,0,-22809.7368447181,2864158.4692782513,872063.7789419248,872063.7789419248,1.0,True,-79.63852939486969,-261.5604201838673,179.0,168.0,-11.0,-153.51697737806782,-18.233775339031457,-494.2638430237437,-60.81822585163348,167.0,180.0,141.0,174.0
sm_pm2win,HYPE|sell|60-75|30-90d,HYPE,sell,60-75,30-90d,160,90205.765,0,-26401.274343311037,4703422.652323902,1418938.8692243614,1418938.8692243614,1.0,False,-56.132047436278135,-186.06350785036176,,,,,,,,,,,
sm_pm2win,HYPE|sell|60-75|7-30d,HYPE,sell,60-75,7-30d,255,244720.57349999997,0,-12128.110138488046,14217196.63898505,4251006.607215544,4251006.607215544,1.0,True,-8.530591822322757,-28.529972449118564,153.0,128.0,-25.0,-84.89358327126243,90.83387452659473,-280.5922650885276,308.50766378418797,3.0,178.0,36.0,166.0
sm_pm2win,HYPE|sell|60-75|<=2d,HYPE,sell,60-75,<=2d,197,45060.3,0,-2270.6951016751245,1961438.714600365,591060.8572721052,591060.8572721052,1.0,False,-11.576681365432156,-38.417280957411975,,,,,,,,,,,
sm_pm2win,HYPE|sell|60-75|>90d,HYPE,sell,60-75,>90d,204,196799.48313556152,0,56642.38159611183,11264975.545602487,3311951.733784375,3311951.733784375,1.0,True,50.2818504725679,171.02417592115654,5.0,49.0,44.0,-16.569464620854117,140.75484277099739,-55.84655469445205,488.54167291245153,2.0,163.0,27.0,137.0
sm_pm2win,HYPE|sell|75-90|2-7d,HYPE,sell,75-90,2-7d,162,26282.446781150546,0,1371.5907403457193,1589919.8805116126,471539.31246293895,471539.31246293895,1.0,False,8.626791558228467,29.0875162281092,,,,,,,,,,,
sm_pm2win,HYPE|sell|75-90|30-90d,HYPE,sell,75-90,30-90d,104,34505.37247765609,0,-7145.005816873126,2038720.8735607064,612140.6888722918,612140.6888722918,1.0,False,-35.046513279643285,-116.72162865102007,,,,,,,,,,,
sm_pm2win,HYPE|sell|75-90|7-30d,HYPE,sell,75-90,7-30d,269,166704.45947260284,0,-66042.78085671061,8890662.225416668,2669951.9281510985,2669951.9281510985,1.0,True,-74.28330891697493,-247.35569266389092,178.0,165.0,-13.0,-130.2716477587919,57.71058953678729,-430.2618951376793,196.29827524652495,6.0,179.0,46.0,173.0
sm_pm2win,HYPE|sell|75-90|<=2d,HYPE,sell,75-90,<=2d,240,112302.0,0,-23668.579253935015,3843216.7041143994,1181136.5107357646,1181136.5107357646,1.0,True,-61.58533612896808,-200.38817730891378,177.0,159.0,-18.0,-84.34805923941578,5.755450312607196,-272.0527067963357,19.185315873063495,67.0,178.0,89.0,166.0
sm_pm2win,HYPE|sell|75-90|>90d,HYPE,sell,75-90,>90d,47,21457.0,0,12927.603901824246,1221473.3313136173,352961.58179573173,352961.58179573173,1.0,False,105.83615352388763,366.26093514352493,,,,,,,,,,,
sm_pm2win,HYPE|sell|90-100|2-7d,HYPE,sell,90-100,2-7d,76,168351.759,0,5133.1139176080615,12111354.13446895,3608526.478415108,3608526.478415108,1.0,False,4.238265895470106,14.22495843750207,,,,,,,,,,,
sm_pm2win,HYPE|sell|90-100|30-90d,HYPE,sell,90-100,30-90d,44,9009.0,0,-2792.942111472703,671023.2055382706,203436.9737277427,203436.9737277427,1.0,False,-41.62213897256065,-137.2878322113887,,,,,,,,,,,
sm_pm2win,HYPE|sell|90-100|7-30d,HYPE,sell,90-100,7-30d,94,76307.09000168307,0,81861.97913695022,4170685.1889897296,1178876.8932487797,1178876.8932487797,1.0,False,196.27944912519217,694.4065118737958,,,,,,,,,,,
sm_pm2win,HYPE|sell|90-100|<=2d,HYPE,sell,90-100,<=2d,175,40780.90613262388,0,-8821.522820873002,2191114.9678887525,661384.9327520663,661384.9327520663,1.0,False,-40.26042882347235,-133.3795552941623,,,,,,,,,,,
sm_pm2win,HYPE|sell|90-100|>90d,HYPE,sell,90-100,>90d,27,12329.467658247022,0,509.20787895713653,586641.1587163773,176468.04900673346,176468.04900673346,1.0,False,8.680057159155494,28.855528342000696,,,,,,,,,,,
pm_pm2win,BTC|buy|00-10|2-7d,BTC,buy,00-10,2-7d,2259,3724.674916955914,0,68127.87167872435,275494476.7852959,398519.71278181,398519.71278181,1.0,True,2.4729305819012546,1709.523255529004,52.0,3.0,-49.0,1.1515663108331504,3.81123876214118,809.6802026556846,2778.611224666034,43.0,63.0,2.0,9.0
pm_pm2win,BTC|buy|00-10|30-90d,BTC,buy,00-10,30-90d,1061,3691.3077370665183,0,182379.86144893864,268896760.6410184,1412509.1107616548,1412509.1107616548,1.0,True,6.782523560870216,1291.1765316019487,34.0,4.0,-30.0,5.204047005065262,8.194419975737297,958.0051435075683,1714.2338828165566,30.0,40.0,2.0,8.0
pm_pm2win,BTC|buy|00-10|7-30d,BTC,buy,00-10,7-30d,2003,4213.8085279094985,0,88280.0253567816,305339501.18033373,742430.1169885093,742430.1169885093,1.0,True,2.891208802514004,1189.0684838442232,48.0,6.0,-42.0,1.931144338612762,3.9920248781829617,813.6144277452427,1570.771580139458,42.0,56.0,3.0,9.0
pm_pm2win,BTC|buy|00-10|<=2d,BTC,buy,00-10,<=2d,2209,2196.407384557396,0,-29564.44948030354,166832040.98966768,144894.6729935854,144894.6729935854,1.0,True,-1.7721086012569098,-2040.4096899830392,85.0,132.0,47.0,-3.0666277602763667,-0.6641050199389604,-3118.6327045978796,-863.3095161676885,79.0,97.0,131.0,132.0
pm_pm2win,BTC|buy|00-10|>90d,BTC,buy,00-10,>90d,423,1694.2726089303912,0,152334.16823279145,117117563.05310363,664408.3614825344,664408.3614825344,1.0,True,13.006944839154471,2292.7792162771557,21.0,2.0,-19.0,3.6720145491472946,18.27689877812377,486.8861465779746,6188.734725032351,15.0,45.0,1.0,16.0
pm_pm2win,BTC|buy|10-25|2-7d,BTC,buy,10-25,2-7d,3418,5924.722609999993,0,64528.10715373823,440901313.04863405,2314748.1570221,2314748.1570221,1.0,True,1.4635498975395518,278.7694503956447,57.0,22.0,-35.0,-1.8435689514808746,4.768895727561433,-307.7773387203608,1032.3267805181358,40.0,89.10000000000036,7.0,123.0
pm_pm2win,BTC|buy|10-25|30-90d,BTC,buy,10-25,30-90d,1961,3754.4555819764687,0,220211.06749440214,275977039.4202416,4133492.3548821323,4133492.3548821323,1.0,True,7.979325669882185,532.7482152817033,30.0,15.0,-15.0,5.726126371139343,9.925402104109692,360.6570297942312,689.2481887392013,26.0,39.0,11.0,21.0
pm_pm2win,BTC|buy|10-25|7-30d,BTC,buy,10-25,7-30d,3444,5084.8181825111515,0,107556.23430528959,378462278.6703313,3461065.709866435,3461065.709866435,1.0,True,2.8419274619169914,310.7604516108429,49.0,21.0,-28.0,1.5342116106824728,4.134916868508419,159.44931654267518,471.36593605115627,41.0,59.0,16.0,31.0
pm_pm2win,BTC|buy|10-25|<=2d,BTC,buy,10-25,<=2d,2872,1681.7235419999727,0,-11369.225317826103,128269907.61394277,330812.6726469086,330812.6726469086,1.0,True,-0.8863517195353686,-343.67562847149435,79.0,125.0,46.0,-2.037659757913748,0.22547836805206864,-774.4715563334005,89.15604173776933,71.0,92.0,39.0,130.0
pm_pm2win,BTC|buy|10-25|>90d,BTC,buy,10-25,>90d,625,1851.8525112313132,0,242724.43733266953,141349254.55823362,3641881.610059963,3641881.610059963,1.0,True,17.171964443057675,666.480856110732,16.0,12.0,-4.0,11.978022000626437,19.67145148526695,398.723229387713,810.0911064369116,13.0,24.0,9.0,19.0
pm_pm2win,BTC|buy|25-40|2-7d,BTC,buy,25-40,2-7d,1724,1899.9409219132874,0,-16616.329336433017,133827552.6527516,1567080.6748799477,1567080.6748799477,1.0,True,-1.2416224467280037,-106.03365610201259,81.0,110.0,29.0,-6.1103324067551315,1.1774485454119683,-539.1042601201585,98.32629729919343,62.0,108.0,37.0,128.0
pm_pm2win,BTC|buy|25-40|30-90d,BTC,buy,25-40,30-90d,1842,1392.6729665783673,0,10417.17129486432,111069968.91094509,4168069.505069393,4168069.505069393,1.0,True,0.9378926992602937,24.992796502540298,65.0,52.0,-13.0,-2.2868625589712455,4.4232565495913025,-61.03330842516207,117.30819965904278,41.0,92.0,34.0,102.0
pm_pm2win,BTC|buy|25-40|7-30d,BTC,buy,25-40,7-30d,2690,4536.390241060661,0,32772.29887960242,338134097.1451472,7709480.992036738,7709480.992036738,1.0,True,0.9692101197808101,42.50908577821713,64.0,44.0,-20.0,-2.3264236770274627,3.3902638917449566,-112.54244152862056,140.33781235480888,45.0,92.0,33.0,111.0
pm_pm2win,BTC|buy|25-40|<=2d,BTC,buy,25-40,<=2d,2174,1052.1942770000005,0,-18624.69166470446,82702907.66400895,511339.3963979748,511339.3963979748,1.0,True,-2.2519996201789705,-364.2334581669683,91.0,127.0,36.0,-4.064415294890217,-0.3224424983495336,-663.0768706449879,-51.72933535489198,76.0,102.0,100.0,130.0
pm_pm2win,BTC|buy|25-40|>90d,BTC,buy,25-40,>90d,542,610.9403282354809,1,51955.66328836472,51397764.859522216,2563818.936808447,2563818.936808447,1.0,True,10.108545270473789,202.64950282737746,24.0,28.0,4.0,5.499419761238951,17.208633568744467,120.16075597290224,297.4349689098923,17.0,39.0,22.0,35.0
pm_pm2win,BTC|buy|40-60|2-7d,BTC,buy,40-60,2-7d,2085,2462.631527725737,0,-140977.92638966074,191229795.91991636,4250448.52055461,4250448.52055461,1.0,True,-7.372173656907514,-331.6777646121581,112.0,124.0,12.0,-10.478200282047164,-3.691954740481898,-475.59794356837614,-165.9830882036711,98.0,117.0,117.0,128.0
pm_pm2win,BTC|buy|40-60|30-90d,BTC,buy,40-60,30-90d,1968,2656.1469040851057,0,-285686.3793151727,218884824.5583354,15071742.827287287,15071742.827287287,1.0,True,-13.051904347029497,-189.5509912748375,117.0,119.0,2.0,-31.05024624371257,-1.8613355501750641,-433.7034324684544,-27.82252262373026,90.0,127.0,93.0,126.0
pm_pm2win,BTC|buy|40-60|7-30d,BTC,buy,40-60,7-30d,2595,2317.112974460847,0,-69960.79848304378,181338842.68358234,7509329.841870013,7509329.841870013,1.0,True,-3.8580150533506044,-93.16516913794503,101.0,107.0,6.0,-7.689221242603771,-0.4492785415998924,-195.56297120245617,-10.632722687960927,78.0,111.0,84.0,119.0
pm_pm2win,BTC|buy|40-60|<=2d,BTC,buy,40-60,<=2d,2355,1181.472832522489,0,-33989.29965669814,94474957.04452208,1038116.7350604658,1038116.7350604658,1.0,True,-3.5977046955078698,-327.41307898016316,100.0,123.0,23.0,-6.579589655928893,-0.5081157054617512,-624.2448009280283,-45.116845700893634,78.0,109.0,98.0,130.0
pm_pm2win,BTC|buy|40-60|>90d,BTC,buy,40-60,>90d,617,424.9740583570257,0,53607.90746759576,34239996.33974138,3203444.7046778263,3203444.7046778263,1.0,True,15.65651670510683,167.3445693921761,19.0,31.0,12.0,11.386715483152498,20.6719632798914,120.85713669858472,217.60790513704478,12.0,25.0,26.0,36.0
pm_pm2win,BTC|buy|60-75|2-7d,BTC,buy,60-75,2-7d,942,977.942774747913,0,-27339.42229389856,77082232.24172649,2754791.722077011,2754791.722077011,1.0,True,-3.5467865289841805,-99.24315538920541,99.0,108.0,9.0,-8.903437311732993,1.5693711732019682,-260.0894385934554,42.80845865588214,59.0,113.0,46.0,122.0
pm_pm2win,BTC|buy|60-75|30-90d,BTC,buy,60-75,30-90d,566,1121.7226745889857,0,195470.0379779214,84834145.49823053,7160182.624633386,7160182.624633386,1.0,True,23.041434180768462,272.9958832410784,11.0,23.0,12.0,-2.9616691040793994,34.685114090863216,-32.07950429153268,438.0600886171927,7.0,96.0,18.0,95.0
pm_pm2win,BTC|buy|60-75|7-30d,BTC,buy,60-75,7-30d,903,1270.7951439006624,0,-60210.55196681071,96058141.2712208,5951436.43299917,5951436.43299917,1.0,True,-6.2681362735102075,-101.16978084981102,108.0,109.0,1.0,-12.626491574111359,-3.022339200342947,-219.24555260655427,-46.673508138823095,96.0,118.0,98.0,120.0
pm_pm2win,BTC|buy|60-75|<=2d,BTC,buy,60-75,<=2d,887,744.0871800000008,0,-50097.862643657405,56717510.89249681,1145625.5318153345,1145625.5318153345,1.0,True,-8.832873984652398,-437.29701593044433,113.0,128.0,15.0,-14.680754577200512,-0.8575261600980926,-644.5510361086051,-49.73725732917276,80.0,121.0,99.0,130.0
pm_pm2win,BTC|buy|60-75|>90d,BTC,buy,60-75,>90d,161,53.19105999999998,0,7299.3511260368805,3943112.0672782,492912.51868567587,492912.51868567587,1.0,False,18.51165019277624,148.08613799260362,,,,,,,,,,,
pm_pm2win,BTC|buy|75-90|2-7d,BTC,buy,75-90,2-7d,592,439.9981589062513,0,14286.958428348475,33745092.016397215,1724956.2270887366,1724956.2270887366,1.0,True,4.233788552541579,82.82504914609358,44.0,37.0,-7.0,-8.818510601420144,16.499521127198093,-179.43961120490837,305.8057243075915,18.0,112.0,22.0,117.0
pm_pm2win,BTC|buy|75-90|30-90d,BTC,buy,75-90,30-90d,278,376.41903570272615,0,64425.04181258441,30358977.235954348,4024506.9077051603,4024506.9077051603,1.0,True,21.22108439683712,160.08182689223068,13.0,32.0,19.0,4.195601581492363,38.13276780692007,30.708847831603887,295.85407544591715,6.0,42.0,22.0,49.0
pm_pm2win,BTC|buy|75-90|7-30d,BTC,buy,75-90,7-30d,750,728.8422936902381,0,91162.59183861875,53777669.26767247,5804730.594341297,5804730.594341297,1.0,True,16.951755827287144,157.0487903908719,17.0,33.0,16.0,-1.8638296769381928,32.171029969566675,-17.309711840398233,303.5429537069787,7.0,89.0,22.0,88.0
pm_pm2win,BTC|buy|75-90|<=2d,BTC,buy,75-90,<=2d,681,410.72342966684874,0,6508.528222288825,32495970.96336355,853343.4599757463,853343.4599757463,1.0,True,2.002872365200793,76.27090998592537,54.0,38.0,-16.0,-6.26273354108454,11.597777802287272,-231.5927527049398,446.8264669931786,24.0,108.0,18.0,120.0
pm_pm2win,BTC|buy|75-90|>90d,BTC,buy,75-90,>90d,100,42.97400385325913,0,24713.963649545312,3691137.9216785305,599212.9940919103,599212.9940919103,1.0,False,66.95486371397017,412.44038252205456,,,,,,,,,,,
pm_pm2win,BTC|buy|90-100|2-7d,BTC,buy,90-100,2-7d,328,603.8020778183214,0,26095.178269503223,48768348.55964007,4799514.444157121,4799514.444157121,1.0,True,5.350843126785554,54.370454705623864,41.0,41.0,0.0,-0.5556893642052647,14.796919807470603,-4.952592104096662,147.42221315321873,20.0,78.0,33.0,78.0
pm_pm2win,BTC|buy|90-100|30-90d,BTC,buy,90-100,30-90d,73,19.79606645463951,0,-2196.0007824636587,1614251.9201649087,281042.6109104393,281042.6109104393,1.0,False,-13.603829458287525,-78.13764522574354,,,,,,,,,,,
pm_pm2win,BTC|buy|90-100|7-30d,BTC,buy,90-100,7-30d,313,400.00955895581995,0,-102478.2579147689,27558285.449235346,4044675.1797867483,4044675.1797867483,1.0,True,-37.18600640215531,-253.3658535224378,128.0,121.0,-7.0,-79.97568434349509,2.1469220165299157,-523.9649401728645,15.040064044069295,54.0,130.0,57.0,128.0
pm_pm2win,BTC|buy|90-100|<=2d,BTC,buy,90-100,<=2d,595,426.1481808426069,0,135188.21918718633,34765479.40087664,1703858.2117779118,1703858.2117779118,1.0,True,38.885762980094974,793.4241138886935,5.0,8.0,3.0,11.524617517211398,109.60651651169258,233.7768006799847,2253.1164392738974,2.0,24.0,2.0,25.0
pm_pm2win,BTC|buy|90-100|>90d,BTC,buy,90-100,>90d,48,18.851497400000007,0,18220.82720731041,1475650.7418919094,324535.04828331893,324535.04828331893,1.0,False,123.47655641029098,561.4440506100171,,,,,,,,,,,
pm_pm2win,BTC|sell|00-10|2-7d,BTC,sell,00-10,2-7d,2895,5293.336099607965,0,24842.414255320706,388125710.3037293,50818835.766107254,50818835.766107254,1.0,True,0.6400610316662655,4.888426482192047,66.0,67.0,1.0,-0.11616318888599557,1.5641647700906407,-0.8708725236708046,11.750401842286488,58.0,77.0,58.0,77.0
pm_pm2win,BTC|sell|00-10|30-90d,BTC,sell,00-10,30-90d,1426,2096.0194487594563,0,-15184.717769852408,166284562.14745885,13082068.776649095,13082068.776649095,1.0,True,-0.9131766397163683,-11.607275599220552,80.0,83.0,3.0,-2.3558081683667202,0.002124658675514034,-27.75471354511927,0.025590918561873833,72.0,94.0,73.0,94.0
pm_pm2win,BTC|sell|00-10|7-30d,BTC,sell,00-10,7-30d,3100,4289.559623811595,1,12240.445360945065,319283122.56801647,35356505.51520504,35356505.51520504,1.0,True,0.38337276529038894,3.4620065480399558,68.0,69.0,1.0,-1.140022421352509,1.746692455696494,-10.337463134973847,16.112546049768405,57.0,84.0,56.0,84.0
pm_pm2win,BTC|sell|00-10|<=2d,BTC,sell,00-10,<=2d,4909,3455.342891529434,0,28815.43548961563,279393793.2898307,50968527.9431026,50968527.9431026,1.0,True,1.0313556056602797,5.653574205985113,62.0,66.0,4.0,0.7747903643005123,1.2835182331443054,4.297701625795082,6.96876032959881,58.0,70.0,62.0,73.0
pm_pm2win,BTC|sell|00-10|>90d,BTC,sell,00-10,>90d,526,2155.946268352503,0,-141106.9188581386,153654975.279863,15290627.000056343,15290627.000056343,1.0,True,-9.183361528068342,-92.28327841469068,115.0,106.0,-9.0,-11.112522887575738,-5.490506493270616,-108.10651754450627,-58.94597501442887,104.0,118.0,100.0,113.0
pm_pm2win,BTC|sell|10-25|2-7d,BTC,sell,10-25,2-7d,3268,3919.0878299999717,1,73221.1426965983,302188110.6033557,56526619.68820239,56526619.68820239,1.0,True,2.4230318840275773,12.95339135799769,53.0,59.0,6.0,0.9608280436125007,3.8812995338149765,5.090516818663946,20.78965145656062,43.0,65.0,52.0,68.0
pm_pm2win,BTC|sell|10-25|30-90d,BTC,sell,10-25,30-90d,2587,4773.868689623045,0,-71888.54423657838,355082443.3998312,48620219.81068336,48620219.81068336,1.0,True,-2.024559241742915,-14.785729993919578,90.0,87.0,-3.0,-3.8413438744677637,-0.07543677237240859,-28.217548108200717,-0.5516249198571453,75.0,100.0,74.0,94.0
pm_pm2win,BTC|sell|10-25|7-30d,BTC,sell,10-25,7-30d,3990,5099.532344316922,0,-49727.39633770144,389255858.8437627,62102755.21013993,62102755.21013993,1.0,True,-1.277498981914123,-8.00727699913419,82.0,78.0,-4.0,-3.1472501957746797,0.39964304505970333,-19.65919288304657,2.5190303971509755,70.0,97.0,70.0,90.0
pm_pm2win,BTC|sell|10-25|<=2d,BTC,sell,10-25,<=2d,4040,1897.581717999957,0,20342.352439567905,158920283.637743,34199407.300201274,34199407.300201274,1.0,True,1.280034994522038,5.948159352881003,58.0,65.0,7.0,0.6821534095896793,1.8375979311197146,3.1756000593365634,8.533072821152166,54.0,69.0,60.0,73.0
pm_pm2win,BTC|sell|10-25|>90d,BTC,sell,10-25,>90d,624,1049.4002299999993,1,-119039.41135024645,80911204.38215585,11192742.662728919,11192742.662728919,1.0,True,-14.71235192446343,-106.35410366990719,118.0,111.0,-7.0,-19.2701858259435,-7.639619714597499,-132.99113429890673,-56.82519109852801,110.0,124.0,101.0,115.0
pm_pm2win,BTC|sell|25-40|2-7d,BTC,sell,25-40,2-7d,2396,4495.765661286037,1,6051.186734562044,328158489.2837172,68179536.34065203,68179536.34065203,1.0,True,0.18439829936352328,0.8875370909429352,71.0,71.0,0.0,-3.6826009536465723,4.836215941379056,-17.694588993912994,23.281903673875885,40.0,99.0,52.0,89.0
pm_pm2win,BTC|sell|25-40|30-90d,BTC,sell,25-40,30-90d,2049,3136.337195931783,0,109758.21412371132,239959672.14907622,42030193.96284199,42030193.96284199,1.0,True,4.574027508069083,26.114134572099825,43.0,50.0,7.0,-0.8331215080490507,9.698652678157453,-4.780939246259608,55.064058803831905,27.0,82.0,42.0,79.0
pm_pm2win,BTC|sell|25-40|7-30d,BTC,sell,25-40,7-30d,3341,4496.704664920501,2,188264.6984148691,327481499.81543595,61860236.60852149,61860236.60852149,1.0,True,5.748865157908844,30.433879457379074,40.0,48.0,8.0,4.034769152199295,7.511159320839043,21.389596726748096,39.65850677041637,32.0,44.0,45.0,55.0
pm_pm2win,BTC|sell|25-40|<=2d,BTC,sell,25-40,<=2d,2868,1190.5813599999917,0,24057.7245436196,96021861.97560944,21652297.576540392,21652297.576540392,1.0,True,2.505442411617733,11.1109338205685,51.0,61.0,10.0,1.0844967102185938,3.860233228599003,4.811692300319266,17.13336318801594,43.0,64.0,53.0,69.0
pm_pm2win,BTC|sell|25-40|>90d,BTC,sell,25-40,>90d,643,718.2221812537126,1,90792.88042316925,54352227.22545933,9790130.626304766,9790130.626304766,1.0,True,16.704537248593304,92.73919203817462,18.0,36.0,18.0,11.009426383700418,28.307647954822194,60.94421342836785,160.62691264280764,9.0,26.0,30.0,43.0
pm_pm2win,BTC|sell|40-60|2-7d,BTC,sell,40-60,2-7d,2597,2275.579050421831,0,90015.02786360598,180069613.45295286,39930067.49010865,39930067.49010865,1.0,True,4.998901599082089,22.543169476461372,42.0,55.0,13.0,-2.774248700486926,11.447367919741621,-12.388779759716629,51.995091964169134,25.0,94.0,43.0,85.0
pm_pm2win,BTC|sell|40-60|30-90d,BTC,sell,40-60,30-90d,2450,3288.076955102535,0,-65858.7197980325,264362453.60933858,52274774.64824033,52274774.64824033,1.0,True,-2.491228194430181,-12.598565989274798,93.0,85.0,-8.0,-6.0928393112236785,3.594289355107274,-30.954769836623523,17.98821930264802,45.0,107.0,55.0,94.0
pm_pm2win,BTC|sell|40-60|7-30d,BTC,sell,40-60,7-30d,3428,3909.735684520923,1,122345.33491724735,300635616.5041212,62068518.21163431,62068518.21163431,1.0,True,4.069555574948659,19.711334899294336,45.0,57.0,12.0,-0.26734490029685193,9.362220713015127,-1.3011039722355733,45.403342840961955,28.0,76.0,44.0,75.0
pm_pm2win,BTC|sell|40-60|<=2d,BTC,sell,40-60,<=2d,2794,1473.0003182919465,0,-23092.7583576986,117865276.31359254,27426981.201857083,27426981.201857083,1.0,True,-1.9592503475118463,-8.419722968321059,88.0,79.0,-9.0,-6.681586982617865,2.42980053756612,-28.698636599896155,10.457395122622124,52.0,109.0,61.0,93.0
pm_pm2win,BTC|sell|40-60|>90d,BTC,sell,40-60,>90d,948,361.98279205629035,0,19775.23829610231,27561710.80748821,5823124.361605669,5823124.361605669,1.0,True,7.174895068824827,33.959841947544255,31.0,47.0,16.0,-2.451432918726361,17.094516137907863,-11.355522948653494,81.5855639708095,17.0,92.0,38.0,84.0
pm_pm2win,BTC|sell|60-75|2-7d,BTC,sell,60-75,2-7d,727,991.7929644037631,0,-14963.297422129162,74575469.41817118,17433098.270576008,17433098.270576008,1.0,True,-2.0064637257895934,-8.583269129724673,89.0,80.0,-9.0,-11.378400683269406,4.650359684874686,-48.815120192667315,19.884939949229953,41.0,117.0,54.0,100.0
pm_pm2win,BTC|sell|60-75|30-90d,BTC,sell,60-75,30-90d,595,118.1542091023209,0,-2399.305374848173,9264842.83335131,2062614.9757871812,2062614.9757871812,1.0,True,-2.589688155541315,-11.632347301912207,94.0,84.0,-10.0,-15.252261498489325,10.378856650967808,-68.13994125800485,46.8100879108048,27.0,120.0,45.0,104.0
pm_pm2win,BTC|sell|60-75|7-30d,BTC,sell,60-75,7-30d,1011,1413.382646653485,0,-37433.00825326357,106478382.94172636,23925459.21345512,23925459.21345512,1.0,True,-3.515550031760903,-15.645680159907702,98.0,88.0,-10.0,-11.23364762731043,0.9479713110021312,-50.12850361518787,4.208143718894989,65.0,116.0,69.0,100.0
pm_pm2win,BTC|sell|60-75|<=2d,BTC,sell,60-75,<=2d,823,367.1864900000007,0,-9696.338117558362,29127108.583138335,6903980.41311582,6903980.41311582,1.0,True,-3.3289737942514366,-14.044562031401142,97.0,86.0,-11.0,-7.730231157203484,1.013644799056756,-32.62294482531562,4.27816270163235,65.0,111.0,69.0,95.0
pm_pm2win,BTC|sell|60-75|>90d,BTC,sell,60-75,>90d,222,55.72799903362769,0,-12880.633270926195,4360492.192116393,1044567.3985706273,1044567.3985706273,1.0,True,-29.539402212928852,-123.31069578231036,125.0,113.0,-12.0,-48.67854042636337,-15.858249963378645,-202.22545578207811,-66.31476099047752,120.0,129.0,102.0,120.0
pm_pm2win,BTC|sell|75-90|2-7d,BTC,sell,75-90,2-7d,387,271.3812600000003,0,-41577.01477073141,21696639.84761402,5209930.332550391,5209930.332550391,1.0,True,-19.162881931371338,-79.8033987344672,123.0,105.0,-18.0,-30.513185530637998,-7.940319053239521,-126.69227121456042,-33.145999048896165,112.0,127.0,95.0,114.0
pm_pm2win,BTC|sell|75-90|30-90d,BTC,sell,75-90,30-90d,225,76.90011879997597,0,-10311.038436518013,5835832.071201645,1388310.4036687915,1388310.4036687915,1.0,True,-17.668497500811203,-74.27041106419534,122.0,103.0,-19.0,-38.24267716004537,1.656473799279311,-159.5415950432946,7.025519970605351,59.0,128.0,66.0,117.0
pm_pm2win,BTC|sell|75-90|7-30d,BTC,sell,75-90,7-30d,554,439.75651335841866,0,-4879.48080028481,32670054.44108048,7748310.19194503,7748310.19194503,1.0,True,-1.493563718751928,-6.297477358814841,83.0,76.0,-7.0,-8.357106082519445,3.4643445248969695,-35.123856989775504,14.645173461721297,46.0,112.0,57.0,96.0
pm_pm2win,BTC|sell|75-90|<=2d,BTC,sell,75-90,<=2d,512,322.5790998232866,0,14677.072698759683,24721032.115435597,5950521.564269342,5950521.564269342,1.0,True,5.937079257138074,24.665186976029158,37.0,54.0,17.0,-12.22511495547739,13.542879845910889,-50.69035757701233,56.396335532376234,21.0,117.0,42.0,100.0
pm_pm2win,BTC|sell|75-90|>90d,BTC,sell,75-90,>90d,118,53.02491222930619,0,-24869.292382644733,3993911.550489693,1015808.655913302,1015808.655913302,1.0,False,-62.26800986515466,-244.8226074652321,,,,,,,,,,,
pm_pm2win,BTC|sell|90-100|2-7d,BTC,sell,90-100,2-7d,221,84.5426752032587,0,6526.2497483971365,6791619.979816204,1644569.4086407635,1644569.4086407635,1.0,True,9.609268138959905,39.68363824662823,26.0,45.0,19.0,-0.26817685684527065,21.3981404941316,-1.105529492988023,88.47958290148522,12.0,77.0,37.0,76.0
pm_pm2win,BTC|sell|90-100|30-90d,BTC,sell,90-100,30-90d,68,25.61661114595518,0,-24230.500671545822,1643552.4200825044,411175.5106140095,411175.5106140095,1.0,False,-147.4276109205539,-589.2982448142972,,,,,,,,,,,
pm_pm2win,BTC|sell|90-100|7-30d,BTC,sell,90-100,7-30d,203,83.0738139497629,0,-21400.023990220583,6133938.141129799,1508936.3325401784,1508936.3325401784,1.0,True,-34.887903167342586,-141.8219147404005,127.0,115.0,-12.0,-79.35355631099958,11.661350856824761,-316.669276557311,48.20064404786734,24.0,130.0,44.0,123.0
pm_pm2win,BTC|sell|90-100|<=2d,BTC,sell,90-100,<=2d,523,484.62115605916546,0,-27308.881829151407,37756148.17580494,9178665.490075022,9178665.490075022,1.0,True,-7.232962881169008,-29.752562459848615,111.0,94.0,-17.0,-26.369396010402276,7.066790336194962,-108.10768479735569,29.201511600072234,34.0,125.0,50.0,111.0
pm_pm2win,BTC|sell|90-100|>90d,BTC,sell,90-100,>90d,118,36.14760000000003,0,-30681.85677611186,2669079.9888873994,729819.259134594,729819.259134594,1.0,False,-114.95293098691107,-420.4034956886974,,,,,,,,,,,
pm_pm2win,ETH|buy|00-10|2-7d,ETH,buy,00-10,2-7d,3038,65094.48262454078,0,41745.66171496377,161706338.58158225,363219.9897021421,363219.9897021421,1.0,True,2.581572378741525,1149.3217030592734,50.0,7.0,-43.0,2.0281393176821982,3.1966658878660614,880.2634089225221,1404.3814427947957,45.0,56.0,3.0,9.0
pm_pm2win,ETH|buy|00-10|30-90d,ETH,buy,00-10,30-90d,1745,42042.86513073237,0,86659.9884065096,95994265.96801236,692223.3001941906,692223.3001941906,1.0,True,9.027621340985807,1251.9079953275009,28.0,5.0,-23.0,6.006901327574202,11.406531089750173,786.2667788419674,1654.5778004768251,23.0,37.0,2.0,10.0
pm_pm2win,ETH|buy|00-10|7-30d,ETH,buy,00-10,7-30d,3057,48072.419289181,0,36598.031875193636,124298542.01076931,509530.8777548284,509530.8777548284,1.0,True,2.9443653387360538,718.269166266378,47.0,11.0,-36.0,0.6337652637364423,4.867527691802669,151.96191407756282,1246.9282564228815,39.0,68.0,5.0,32.0
pm_pm2win,ETH|buy|00-10|<=2d,ETH,buy,00-10,<=2d,3128,36466.054138022555,0,-7369.804760598173,88263053.0314996,80013.29208613548,80013.29208613548,1.0,True,-0.8349818533886442,-921.0725578775673,78.0,131.0,53.0,-1.6317717549961737,-0.022216851361799572,-1691.8864687140447,-25.926431254095796,73.0,89.0,92.89999999999986,132.0
pm_pm2win,ETH|buy|00-10|>90d,ETH,buy,00-10,>90d,1292,102496.25722457729,0,505561.73082172073,252799927.381651,1319180.27660486,1319180.27660486,1.0,True,19.99849193225741,3832.3930382197022,14.0,1.0,-13.0,17.27137915822607,22.7687667688523,2884.711027137261,4848.836016156622,10.0,18.0,1.0,2.0
pm_pm2win,ETH|buy|10-25|2-7d,ETH,buy,10-25,2-7d,5721,116094.34337838397,0,35414.95093852402,294953011.2399991,1601124.3332899571,1601124.3332899571,1.0,True,1.2006980633843192,221.18801271200542,59.0,27.0,-32.0,0.2914519397500863,2.710748928549306,61.25174052897982,429.7097351923433,48.0,72.0,18.0,41.0
pm_pm2win,ETH|buy|10-25|30-90d,ETH,buy,10-25,30-90d,4120,66739.59899754533,0,169880.03738351635,152412662.187345,3519667.0476154443,3519667.0476154443,1.0,True,11.146058007614915,482.659396713701,23.0,17.0,-6.0,7.857489869517585,15.5461860187676,334.9826696116271,681.7909772857936,18.0,33.0,11.0,22.0
pm_pm2win,ETH|buy|10-25|7-30d,ETH,buy,10-25,7-30d,6280,73728.44586878059,0,172034.5865606846,179985231.6470422,2303288.2398883053,2303288.2398883053,1.0,True,9.558261252126002,746.9086308061347,27.0,10.0,-17.0,3.2781905483640728,18.522885308106655,249.9000905255569,1448.0043094742646,15.0,47.0,4.0,25.0
pm_pm2win,ETH|buy|10-25|<=2d,ETH,buy,10-25,<=2d,4897,38138.296562677824,0,-7244.745870221661,94059233.05256988,327797.6132566675,327797.6132566675,1.0,True,-0.7702322924717618,-221.01277060089456,77.0,120.0,43.0,-2.360694466048668,0.9515797955645906,-661.8448395166009,278.3950715928238,65.0,94.0,24.0,129.0
pm_pm2win,ETH|buy|10-25|>90d,ETH,buy,10-25,>90d,1373,26440.17674022586,0,110232.42631777491,60353000.416180015,2179223.4013259755,2179223.4013259755,1.0,True,18.264614113240135,505.83352881904,15.0,16.0,1.0,14.851275495952867,21.061738802693295,384.1015461661793,611.479211591325,12.0,20.0,12.0,20.0
pm_pm2win,ETH|buy|25-40|2-7d,ETH,buy,25-40,2-7d,4222,40068.4791234486,0,2747.472758361602,107235592.2795228,1648698.8988450335,1648698.8988450335,1.0,True,0.25620903470183437,16.664490770790803,70.0,58.0,-12.0,-1.3454806422136296,1.9329688653376391,-88.57792173401411,125.39667070315312,56.0,86.0,34.0,107.0
pm_pm2win,ETH|buy|25-40|30-90d,ETH,buy,25-40,30-90d,3796,37094.3372475582,0,56558.331727399236,96058926.92395957,4898001.611562811,4898001.611562811,1.0,True,5.8878787780099735,115.47226034773213,38.0,35.0,-3.0,2.4919058212296923,9.60981319040819,48.52213709496574,189.06746605655727,27.0,51.0,29.0,44.0
pm_pm2win,ETH|buy|25-40|7-30d,ETH,buy,25-40,7-30d,6316,44696.17146384616,0,13089.524382229387,118866335.99377482,3582846.6957179164,3582846.6957179164,1.0,True,1.1011969261772232,36.53386676542285,60.0,46.0,-14.0,-1.390141954468136,3.5801237109855895,-46.75222456314203,117.38682841808921,44.0,86.0,35.0,98.0
pm_pm2win,ETH|buy|25-40|<=2d,ETH,buy,25-40,<=2d,3933,24255.50935331657,0,-19254.8704856842,67031965.227903135,542937.397179732,542937.397179732,1.0,True,-2.872490821389353,-354.6425533717682,95.0,126.0,31.0,-7.379703763190893,2.20117463861348,-910.4221777566069,268.17089842928914,54.0,112.0,25.0,131.0
pm_pm2win,ETH|buy|25-40|>90d,ETH,buy,25-40,>90d,1466,26850.324672206105,0,211996.9405869498,66021769.17488339,4878186.015809832,4878186.015809832,1.0,True,32.11015748841817,434.58150201710987,6.0,19.0,13.0,24.233981674979773,39.61717605772463,335.63068000931696,524.9048534858402,5.0,11.0,14.0,22.0
pm_pm2win,ETH|buy|40-60|2-7d,ETH,buy,40-60,2-7d,5252,63505.747699999636,0,-78080.94313440874,180976805.43026215,5285079.712872126,5285079.712872126,1.0,True,-4.314417140294619,-147.73843986541576,103.0,116.0,13.0,-6.078457313364107,-2.777693960251883,-213.36436561474406,-94.1882896361285,93.0,109.0,108.0,121.0
pm_pm2win,ETH|buy|40-60|30-90d,ETH,buy,40-60,30-90d,3840,25033.348544787703,0,38984.96938962649,67446815.32127503,5879561.13006579,5879561.13006579,1.0,True,5.7801052879852275,66.30591727377832,39.0,39.0,0.0,2.4122164739937424,9.433615944597625,27.66482092493615,107.85846664624275,28.0,52.0,35.0,51.0
pm_pm2win,ETH|buy|40-60|7-30d,ETH,buy,40-60,7-30d,6636,33696.450683325944,0,-33987.71270237317,86480545.90282813,4831861.441806605,4831861.441806605,1.0,True,-3.930099231862236,-70.34082643244288,102.0,100.0,-2.0,-8.211896563146132,-0.3463955424800257,-144.98758191231397,-6.262050979657029,77.0,113.0,79.0,115.0
pm_pm2win,ETH|buy|40-60|<=2d,ETH,buy,40-60,<=2d,4381,20821.978299999944,0,-4024.025569723298,58341894.16995415,806383.6444895613,806383.6444895613,1.0,True,-0.689731731712553,-49.90212285704895,76.0,99.0,23.0,-4.440956241188356,3.39689225458996,-320.10865965387956,244.58911114551643,46.0,102.0,25.0,123.0
pm_pm2win,ETH|buy|40-60|>90d,ETH,buy,40-60,>90d,1569,15542.433658690758,0,247103.2835663599,41735251.166987635,5138189.667255517,5138189.667255517,1.0,True,59.207331130624006,480.91506847458635,3.0,18.0,15.0,48.18836293286712,69.76932271364488,398.6255492797045,564.8760769792269,3.0,5.0,13.0,20.0
pm_pm2win,ETH|buy|60-75|2-7d,ETH,buy,60-75,2-7d,1539,16178.1310803239,0,-14521.296182247926,45686278.5317392,1884586.6502118853,1884586.6502118853,1.0,True,-3.1784808587899502,-77.05295047386274,96.0,104.0,8.0,-9.003186343131809,2.7849350010254534,-219.84924414142756,65.35474984981391,50.0,114.0,42.0,120.0
pm_pm2win,ETH|buy|60-75|30-90d,ETH,buy,60-75,30-90d,1101,13260.588559267413,0,101895.92498082739,31856046.792375322,3914577.0297309235,3914577.0297309235,1.0,True,31.986368442055394,260.2986841411866,7.0,24.0,17.0,18.892314001532647,48.21060966421241,155.8323337036514,383.0289256687625,4.0,14.0,19.0,32.0
pm_pm2win,ETH|buy|60-75|7-30d,ETH,buy,60-75,7-30d,2441,13953.437307403738,0,-6305.245890866424,33823436.00919921,2766867.1402829145,2766867.1402829145,1.0,True,-1.8641648025208142,-22.788394133813405,86.0,90.0,4.0,-11.167320884931744,7.815933497602116,-140.87606128997598,92.68905830179246,32.0,116.0,36.0,116.0
pm_pm2win,ETH|buy|60-75|<=2d,ETH,buy,60-75,<=2d,1462,8201.225935787113,0,14649.11257791993,21188451.092517655,451605.5425926073,451605.5425926073,1.0,True,6.9137250825724665,324.37849397997473,32.0,20.0,-12.0,-3.872141252945086,19.18968619057422,-188.34984266193692,878.0278430572038,15.0,100.0,9.0,117.0
pm_pm2win,ETH|buy|60-75|>90d,ETH,buy,60-75,>90d,750,10414.979219657205,0,265730.26531250065,26644425.750061244,4357706.299548248,4357706.299548248,1.0,True,99.73202943279416,609.7938847784401,2.0,14.0,12.0,79.57598415818673,122.44526487666653,507.9813590326666,725.7052546244907,2.0,3.0,10.0,16.0
pm_pm2win,ETH|buy|75-90|2-7d,ETH,buy,75-90,2-7d,899,5479.166983177723,0,20800.15662188219,13823269.072298944,1122534.0369044393,1122534.0369044393,1.0,True,15.047205196609056,185.2964448119705,20.0,29.0,9.0,8.827848111976548,21.26324759243408,109.39703138131355,263.0620479750638,12.0,29.0,23.0,36.0
pm_pm2win,ETH|buy|75-90|30-90d,ETH,buy,75-90,30-90d,540,9840.630718183495,0,79560.76206748885,25052029.487118468,3567623.448839205,3567623.448839205,1.0,True,31.75821029126534,223.00773388339366,8.0,26.0,18.0,22.630248945477792,45.789229723579005,162.47374663362794,304.81946969286327,5.0,12.0,22.0,32.0
pm_pm2win,ETH|buy|75-90|7-30d,ETH,buy,75-90,7-30d,1099,11646.41575326142,0,65632.31033142252,27386446.178037934,3605941.456072541,3605941.456072541,1.0,True,23.965252703746266,182.01158041791066,10.0,30.0,20.0,8.533848394630413,40.53974086451048,66.8936918751261,294.96493322499975,5.0,30.0,22.0,41.0
pm_pm2win,ETH|buy|75-90|<=2d,ETH,buy,75-90,<=2d,1061,5413.8154590799195,0,27689.443510860794,12888955.206285147,442462.5353226181,442462.5353226181,1.0,True,21.483078393629892,625.8031200465651,12.0,13.0,1.0,6.823832679479853,33.95958982089461,189.6942672110084,1065.3840964405326,7.0,34.0,7.0,28.0
pm_pm2win,ETH|buy|75-90|>90d,ETH,buy,75-90,>90d,333,1902.036182683302,0,75529.4940138134,4988573.802389307,987571.4786731901,987571.4786731901,1.0,True,151.40498468247196,764.8002766876972,1.0,9.0,8.0,123.11726445409326,184.7540641261137,651.278100709179,880.3769505756695,1.0,1.0,8.0,13.0
pm_pm2win,ETH|buy|90-100|2-7d,ETH,buy,90-100,2-7d,473,3480.289862472201,0,-12667.38022617257,8322117.940985399,1158850.4269246422,1158850.4269246422,1.0,True,-15.2213418699431,-109.30988099809629,120.0,112.0,-8.0,-42.128947540095545,9.46377782958316,-297.9121369017792,69.56067419329007,29.0,128.0,41.0,123.0
pm_pm2win,ETH|buy|90-100|30-90d,ETH,buy,90-100,30-90d,246,1738.7046452401582,0,27098.13358338228,5255813.031246547,1100065.123876159,1100065.123876159,1.0,True,51.55840480298684,246.332085212374,4.0,25.0,21.0,29.458836336417573,85.60148851672517,146.04478263787755,401.6634934869614,3.0,8.0,19.0,32.0
pm_pm2win,ETH|buy|90-100|7-30d,ETH,buy,90-100,7-30d,390,5103.651350228187,0,31400.171467237382,12332363.874443773,2021246.6088341845,2021246.6088341845,1.0,True,25.461599890275394,155.35052145541206,9.0,34.0,25.0,6.220984155434323,46.86881553437343,36.99491808390141,288.7925738343234,5.0,36.0,23.0,48.0
pm_pm2win,ETH|buy|90-100|<=2d,ETH,buy,90-100,<=2d,1022,8058.899286115168,0,-47459.34305895321,19863799.35841931,1485107.7157676318,1485107.7157676318,1.0,True,-23.892379399632564,-319.56835558168336,124.0,122.0,-2.0,-37.79087873231899,5.798182013210796,-534.73493577949,70.84387503657919,38.0,128.0,41.0,128.0
pm_pm2win,ETH|buy|90-100|>90d,ETH,buy,90-100,>90d,95,1045.379234129902,0,32014.880350650084,2416691.756695751,540915.56026829,540915.56026829,1.0,False,132.47399161249587,591.8646587791068,,,,,,,,,,,
pm_pm2win,ETH|sell|00-10|2-7d,ETH,sell,00-10,2-7d,4955,116801.23514681435,0,29536.163264975745,298842718.7646538,38057668.32793315,38057668.32793315,1.0,True,0.9883514440998049,7.7608967029903715,63.0,64.0,1.0,0.31699454544459177,1.5001712821959907,2.5514609690253938,11.579776056340702,57.0,73.0,58.0,73.0
pm_pm2win,ETH|sell|00-10|30-90d,ETH,sell,00-10,30-90d,2973,53970.7263741304,0,-14.615092505696119,125437863.32788897,11018697.213813622,11018697.213813622,1.0,True,-0.0011651260726191518,-0.013263902457882105,73.0,73.0,0.0,-1.3723890512999657,1.2283060866552522,-15.456244108518394,14.23297544023017,61.0,86.0,57.0,87.0
pm_pm2win,ETH|sell|00-10|7-30d,ETH,sell,00-10,7-30d,4306,70174.98542272062,0,17911.26567002202,173359713.66871172,16415975.156058436,16415975.156058436,1.0,True,1.0331850053842515,10.910875229615426,61.0,62.0,1.0,0.13949383834084594,2.0693613699359243,1.4684741955259706,21.930317743595534,54.0,75.0,52.0,74.0
pm_pm2win,ETH|sell|00-10|<=2d,ETH,sell,00-10,<=2d,9698,122416.78596230787,0,64666.67012861957,327455248.9452137,54579363.03797531,54579363.03797531,1.0,True,1.9748246619017826,11.848190695011535,55.0,60.0,5.0,1.7293716126060985,2.211366363840397,10.44357229956611,13.172481532263197,50.0,60.0,54.0,65.0
pm_pm2win,ETH|sell|00-10|>90d,ETH,sell,00-10,>90d,1259,87909.56937801171,0,-110983.98560047937,212628915.66856965,25895231.856706336,25895231.856706336,1.0,True,-5.219609254532109,-42.858849928287775,105.0,97.0,-8.0,-8.450670048789462,-1.7312364703462937,-68.51602331671194,-14.437238744019261,88.0,114.0,86.0,105.0
pm_pm2win,ETH|sell|10-25|2-7d,ETH,sell,10-25,2-7d,5732,63660.02718268499,0,-3008.073502930127,162099915.07622895,27987456.039252862,27987456.039252862,1.0,True,-0.18556909801683444,-1.0747934713005907,74.0,74.0,0.0,-1.6047051211373815,1.1355825839327045,-9.316899400447548,6.518102130423589,63.0,88.0,65.0,83.0
pm_pm2win,ETH|sell|10-25|30-90d,ETH,sell,10-25,30-90d,4615,54288.409561230364,0,7620.21943054683,127399032.65715903,18247311.506841756,18247311.506841756,1.0,True,0.5981379349287094,4.176077899305692,67.0,68.0,1.0,-1.1176681441530316,2.695932591039106,-7.811240862137786,18.835712384924108,49.0,84.0,53.899999999999864,82.0
pm_pm2win,ETH|sell|10-25|7-30d,ETH,sell,10-25,7-30d,6458,56041.005098997965,0,4013.410619832418,141383699.7665938,21142830.752835095,21142830.752835095,1.0,True,0.2838665720629775,1.8982371219588228,69.0,70.0,1.0,-1.1295357706904432,1.4874275538931463,-7.532189007129528,9.958786762907318,59.0,84.0,60.0,82.0
pm_pm2win,ETH|sell|10-25|<=2d,ETH,sell,10-25,<=2d,8045,55493.599782125704,0,-27105.72798424822,144205240.51639396,29141971.42049561,29141971.42049561,1.0,True,-1.8796631722386474,-9.301267780801098,87.0,81.0,-6.0,-8.309665616807216,2.2205231047060994,-41.117890175999584,10.928332451821548,53.0,110.10000000000036,59.0,97.0
pm_pm2win,ETH|sell|10-25|>90d,ETH,sell,10-25,>90d,1692,55488.25843371025,0,132932.753598892,138284517.90351763,20581110.572227232,20581110.572227232,1.0,True,9.612988902462705,64.58968923585468,25.0,40.0,15.0,-1.8963612626251323,14.768060081942457,-12.443220755687634,100.77007543949323,20.0,90.0,35.0,86.0
pm_pm2win,ETH|sell|25-40|2-7d,ETH,sell,25-40,2-7d,4643,64114.624462662694,0,157048.26509700686,174752428.14976662,35939342.412500024,35939342.412500024,1.0,True,8.986900311474534,43.698146531023916,29.0,43.0,14.0,-0.6315737844159982,15.76400258599161,-3.086017675646031,76.95193079777923,18.0,79.0,38.0,77.0
pm_pm2win,ETH|sell|25-40|30-90d,ETH,sell,25-40,30-90d,4389,45504.03556657938,0,-53006.94608548793,106197634.01759343,18888423.7007752,18888423.7007752,1.0,True,-4.991349061195321,-28.063191998023886,104.0,92.0,-12.0,-18.230127719756215,5.402380575746737,-103.1534941461625,30.20913421239361,38.0,122.0,49.0,110.0
pm_pm2win,ETH|sell|25-40|7-30d,ETH,sell,25-40,7-30d,5791,49786.492339907665,0,-3662.0399833367205,124780998.63317566,23022393.24324571,23022393.24324571,1.0,True,-0.2934773742356547,-1.5906426167970555,75.0,75.0,0.0,-2.7538195965674714,2.43071099386958,-14.849055646587987,13.284618577589072,52.0,95.0,58.0,87.0
pm_pm2win,ETH|sell|25-40|<=2d,ETH,sell,25-40,<=2d,6415,32744.8752651837,0,-57892.04545364032,86322337.3978642,18985457.922991987,18985457.922991987,1.0,True,-6.706496510493319,-30.492835984499077,110.0,95.0,-15.0,-13.399550545700341,-0.2664891154114878,-60.73942322337596,-1.2131929052146693,77.0,119.0,75.0,104.0
pm_pm2win,ETH|sell|25-40|>90d,ETH,sell,25-40,>90d,1507,18607.14768940686,0,18165.50276098497,45517943.13919433,8945039.070515657,8945039.070515657,1.0,True,3.990844380958665,20.30790767685018,46.0,56.0,10.0,-7.640304012800939,24.221752463538476,-38.96180828624999,123.08385184660051,11.0,110.0,34.899999999999864,96.0
pm_pm2win,ETH|sell|40-60|2-7d,ETH,sell,40-60,2-7d,6033,56566.165699999656,0,-27161.267034740922,163399500.16431835,35472360.099555336,35472360.099555336,1.0,True,-1.6622613292835609,-7.657022808324898,84.0,77.0,-7.0,-4.264250405655011,0.6681320560796802,-19.617091370498553,3.078165706536485,67.0,102.0,69.0,91.0
pm_pm2win,ETH|sell|40-60|30-90d,ETH,sell,40-60,30-90d,5287,34248.08263752955,0,16208.268512072847,88825623.78958902,18455693.954105802,18455693.954105802,1.0,True,1.8247289262462312,8.782259042861417,56.0,63.0,7.0,-1.322592196894547,5.481086198547246,-6.3537760655576045,26.390246610405093,38.0,85.0,51.0,80.0
pm_pm2win,ETH|sell|40-60|7-30d,ETH,sell,40-60,7-30d,6849,34317.020053039465,0,-133399.33024724544,88973976.97795025,18394919.10259288,18394919.10259288,1.0,True,-14.99307266891136,-72.51966127344477,119.0,102.0,-17.0,-44.56551900314404,4.647009416325049,-215.46960018210387,22.528918896674853,40.0,128.0,52.0,120.0
pm_pm2win,ETH|sell|40-60|<=2d,ETH,sell,40-60,<=2d,6678,28659.097525094636,0,-17781.743008396363,74675108.248224,17002818.885696296,17002818.885696296,1.0,True,-2.3812142259357576,-10.458114697296072,92.0,82.0,-10.0,-5.1850540149576405,0.43953670807796635,-22.80273931042155,1.9245438072736374,70.0,104.0,72.0,92.0
pm_pm2win,ETH|sell|40-60|>90d,ETH,sell,40-60,>90d,2296,19862.186400749655,0,-46323.112716152595,51693041.81900491,12078845.57641724,12078845.57641724,1.0,True,-8.961189182549118,-38.3506125838664,114.0,96.0,-18.0,-23.90798222784947,8.402583859050303,-99.84573578212314,36.4493693510886,31.0,125.0,48.0,110.0
pm_pm2win,ETH|sell|60-75|2-7d,ETH,sell,60-75,2-7d,1639,8265.549900000005,0,-15259.750135092088,23237325.361946616,5327041.094291065,5327041.094291065,1.0,True,-6.566913316143267,-28.64582770244781,109.0,93.0,-16.0,-13.696129479935543,0.03538493310835327,-59.674038108196314,0.15491260146970726,74.0,119.0,74.0,102.0
pm_pm2win,ETH|sell|60-75|30-90d,ETH,sell,60-75,30-90d,1080,6021.012004476628,0,8886.813398292777,14947044.623725224,3411323.320045952,3411323.320045952,1.0,True,5.945532124917102,26.05092676519758,36.0,51.0,15.0,-0.09437724278520193,12.016902148699646,-0.4127864721018684,52.83848131960952,23.0,75.0,43.0,74.0
pm_pm2win,ETH|sell|60-75|7-30d,ETH,sell,60-75,7-30d,1794,12111.82634221975,0,-47931.07942161157,29331556.39922435,6671494.960202712,6671494.960202712,1.0,True,-16.34113061347098,-71.84458611980304,121.0,101.0,-20.0,-29.3034458461329,-4.417626372258182,-128.987715021276,-19.4300566124247,102.0,126.0,89.0,114.0
pm_pm2win,ETH|sell|60-75|<=2d,ETH,sell,60-75,<=2d,1771,7940.423000760263,0,85.52624675321815,19961076.499034915,4693659.337330424,4693659.337330424,1.0,True,0.04284651018563713,0.18221656197542072,72.0,72.0,0.0,-10.52496630997621,9.96632261292614,-44.71226878925531,42.4293351668679,28.0,115.0,46.0,98.0
pm_pm2win,ETH|sell|60-75|>90d,ETH,sell,60-75,>90d,1083,7267.236724452421,0,-60203.39735323743,17623755.294760212,4658357.840703138,4658357.840703138,1.0,True,-34.160368404080565,-129.2373823822651,126.0,114.0,-12.0,-55.30109912046906,-8.032552490441956,-208.0411482693579,-30.64588718715511,112.0,130.0,94.0,120.0
pm_pm2win,ETH|sell|75-90|2-7d,ETH,sell,75-90,2-7d,856,3907.230460304174,0,-11958.955140230259,10162867.218966423,2404951.39911413,2404951.39911413,1.0,True,-11.767304327180318,-49.72639008270758,116.0,98.0,-18.0,-20.372160718828205,-3.6663379983986264,-85.72084425309043,-15.48437187198765,99.0,123.0,87.0,107.0
pm_pm2win,ETH|sell|75-90|30-90d,ETH,sell,75-90,30-90d,518,5578.073267661812,0,16545.83912375433,14776651.495642813,3596114.192014724,3596114.192014724,1.0,True,11.197285886205814,46.010327370846134,22.0,42.0,20.0,-0.29504386866105275,22.570880996905654,-1.2110534191654654,92.97422554657915,12.0,76.0,36.0,75.0
pm_pm2win,ETH|sell|75-90|7-30d,ETH,sell,75-90,7-30d,951,5588.4251007257735,0,-54074.65850441956,14182737.66344718,3385005.664507925,3385005.664507925,1.0,True,-38.12709491467564,-159.74761599780172,129.0,117.0,-12.0,-86.91022692764383,17.06165351941,-363.3687274055639,71.82347999831104,17.0,130.0,40.0,125.0
pm_pm2win,ETH|sell|75-90|<=2d,ETH,sell,75-90,<=2d,1210,7473.00117981294,0,11207.01487005121,18748948.747183453,4540435.60490105,4540435.60490105,1.0,True,5.977409731697505,24.68268652010856,35.0,53.0,18.0,-18.075852781095318,20.352129663412725,-74.5682062848974,83.99910515767104,13.0,122.0,37.0,105.0
pm_pm2win,ETH|sell|75-90|>90d,ETH,sell,75-90,>90d,465,2999.0822662669934,0,-127157.43279494318,8280600.204539678,2311965.7841438567,2311965.7841438567,1.0,True,-153.5606473613248,-549.9970357131855,131.0,129.0,-2.0,-200.03057755542264,-104.19771921196912,-705.0837916313604,-379.8026328691941,131.0,132.0,124.0,131.0
pm_pm2win,ETH|sell|90-100|2-7d,ETH,sell,90-100,2-7d,458,2234.429108509112,0,-3221.3299977906836,6096168.092591504,1477796.809669771,1477796.809669771,1.0,True,-5.284188278380106,-21.798192936351803,106.0,89.0,-17.0,-23.493247760102733,16.5107683857183,-96.63425631938422,68.42517793940794,18.0,124.0,41.0,109.0
pm_pm2win,ETH|sell|90-100|30-90d,ETH,sell,90-100,30-90d,273,3038.168298974756,0,-39551.40184825859,9133693.341090983,2310249.384789189,2310249.384789189,1.0,True,-43.30274771797225,-171.1997073072164,130.0,118.0,-12.0,-74.15368929302807,-13.19855682340303,-289.530198178068,-52.88884534403849,119.0,130.0,100.0,123.0
pm_pm2win,ETH|sell|90-100|7-30d,ETH,sell,90-100,7-30d,489,3663.1616539755287,0,6340.71311939082,9202210.997486243,2242630.359005424,2242630.359005424,1.0,True,6.890423530956751,28.273554283831416,33.0,49.0,16.0,-12.230593727371717,21.98251150851704,-49.90543456953185,90.61847213326546,12.0,117.0,37.0,99.0
pm_pm2win,ETH|sell|90-100|<=2d,ETH,sell,90-100,<=2d,1109,9176.693279676294,0,-11866.794955690217,21110222.628893092,5124175.470989941,5124175.470989941,1.0,True,-5.621349980197935,-23.158447681725598,107.0,91.0,-16.0,-13.04183194458795,4.528044447652408,-53.73998119804213,18.648691239106853,42.0,118.0,55.0,101.0
pm_pm2win,ETH|sell|90-100|>90d,ETH,sell,90-100,>90d,227,1825.1336398571682,0,-87077.76390284179,5149814.976383944,1472532.7190131638,1472532.7190131638,1.0,True,-169.0891115548104,-591.3468867516781,132.0,130.0,-2.0,-205.99749880360665,-127.66790070892569,-718.0635808594606,-450.6737879333031,131.0,132.0,126.0,131.0
pm2_mm,BTC|buy|00-10|2-7d,BTC,buy,00-10,2-7d,2259,3724.674916955914,25,68127.87167872435,275494476.7852959,235420.03343969077,235420.03343969077,1.0,True,2.4729305819012546,2893.8859061107537,85.0,4.0,-81.0,1.1515663108331504,3.81123876214118,1336.1599596299425,4826.763297287739,73.0,98.0,3.0,15.0
pm2_mm,BTC|buy|00-10|30-90d,BTC,buy,00-10,30-90d,1061,3691.3077370665183,6,182379.86144893864,268896760.6410184,843851.7931730369,843851.7931730369,1.0,True,6.782523560870216,2161.2783539056904,60.0,7.0,-53.0,5.204047005065262,8.194419975737297,1567.817443611655,2960.1712603680394,55.0,71.0,4.0,14.0
pm2_mm,BTC|buy|00-10|7-30d,BTC,buy,00-10,7-30d,2003,4213.8085279094985,35,88280.0253567816,305339501.18033373,446171.2219278596,446171.2219278596,1.0,True,2.891208802514004,1978.6131650385869,80.0,9.0,-71.0,1.931144338612762,3.9920248781829617,1329.6437980402,2675.225930995441,72.0,90.0,5.0,16.0
pm2_mm,BTC|buy|00-10|<=2d,BTC,buy,00-10,<=2d,2209,2196.407384557396,52,-29564.44948030354,166832040.98966768,102868.5045493255,102868.5045493255,1.0,True,-1.7721086012569098,-2874.0040121928064,122.0,181.0,59.0,-3.0666277602763667,-0.6641050199389604,-4180.910390525424,-1289.789347299031,114.0,134.0,180.0,181.0
pm2_mm,BTC|buy|00-10|>90d,BTC,buy,00-10,>90d,423,1694.2726089303912,6,152334.16823279145,117117563.05310363,369348.22245636967,369348.22245636967,1.0,True,13.006944839154471,4124.405072797836,41.0,3.0,-38.0,3.6720145491472946,18.27689877812377,793.8936336082184,14941.762385804599,32.0,76.0,1.0,26.0
pm2_mm,BTC|buy|10-25|2-7d,BTC,buy,10-25,2-7d,3418,5924.722609999993,0,64528.10715373823,440901313.04863405,1419401.7949778726,1419401.7949778726,1.0,True,1.4635498975395518,454.6148059136713,90.0,34.0,-56.0,-1.8435689514808746,4.768895727561433,-494.2786954632605,1725.9115048503804,69.0,126.0,12.0,171.0
pm2_mm,BTC|buy|10-25|30-90d,BTC,buy,10-25,30-90d,1961,3754.4555819764687,0,220211.06749440214,275977039.4202416,2548817.9811672135,2548817.9811672135,1.0,True,7.979325669882185,863.9732971185255,56.0,25.0,-31.0,5.726126371139343,9.925402104109692,577.6046574180867,1130.1050548010492,50.0,68.0,18.0,33.0
pm2_mm,BTC|buy|10-25|7-30d,BTC,buy,10-25,7-30d,3444,5084.8181825111515,2,107556.23430528959,378462278.6703313,2160309.4244157407,2160309.4244157407,1.0,True,2.8419274619169914,497.87420769308704,81.0,32.0,-49.0,1.5342116106824728,4.134916868508419,254.26036650137246,759.0728056524615,71.0,93.0,27.0,50.0
pm2_mm,BTC|buy|10-25|<=2d,BTC,buy,10-25,<=2d,2872,1681.7235419999727,6,-11369.225317826103,128269907.61394277,212451.79243868476,212451.79243868476,1.0,True,-0.8863517195353686,-535.1437701382233,114.0,173.0,59.0,-2.037659757913748,0.22547836805206864,-1186.3867431578415,139.75153767852132,105.0,129.0,61.0,179.0
pm2_mm,BTC|buy|10-25|>90d,BTC,buy,10-25,>90d,625,1851.8525112313132,2,242724.43733266953,141349254.55823362,2184840.4534276463,2184840.4534276463,1.0,True,17.171964443057675,1110.948110430104,35.0,20.0,-15.0,11.978022000626437,19.67145148526695,649.2305477769007,1367.263095148154,29.0,47.0,15.0,30.0
pm2_mm,BTC|buy|25-40|2-7d,BTC,buy,25-40,2-7d,1724,1899.9409219132874,2,-16616.329336433017,133827552.6527516,1000221.9399923843,1000221.9399923843,1.0,True,-1.2416224467280037,-166.12642326721542,117.0,153.0,36.0,-6.1103324067551315,1.1774485454119683,-833.3643413298431,154.90060688723804,96.0,147.0,58.0,176.0
pm2_mm,BTC|buy|25-40|30-90d,BTC,buy,25-40,30-90d,1842,1392.6729665783673,0,10417.17129486432,111069968.91094509,2667124.7862110413,2667124.7862110413,1.0,True,0.9378926992602937,39.05768244785845,99.0,81.0,-18.0,-2.2868625589712455,4.4232565495913025,-95.31848416528534,183.77946985655763,71.0,128.0,55.0,142.0
pm2_mm,BTC|buy|25-40|7-30d,BTC,buy,25-40,7-30d,2690,4536.390241060661,0,32772.29887960242,338134097.1451472,4929114.460463387,4929114.460463387,1.0,True,0.9692101197808101,66.48719388131532,98.0,69.0,-29.0,-2.3264236770274627,3.3902638917449566,-175.34755594817767,219.35785525364514,76.0,129.0,52.0,154.0
pm2_mm,BTC|buy|25-40|<=2d,BTC,buy,25-40,<=2d,2174,1052.1942770000005,5,-18624.69166470446,82702907.66400895,331016.6854914423,331016.6854914423,1.0,True,-2.2519996201789705,-562.6511436139059,128.0,175.0,47.0,-4.064415294890217,-0.3224424983495336,-1029.0742465334379,-79.66403528906255,111.0,140.0,140.0,178.0
pm2_mm,BTC|buy|25-40|>90d,BTC,buy,25-40,>90d,542,610.9403282354809,1,51955.66328836472,51397764.859522216,1591344.0441424453,1591344.0441424453,1.0,True,10.108545270473789,326.489193079319,48.0,42.0,-6.0,5.499419761238951,17.208633568744467,197.20805258216663,469.2974280891232,35.0,68.0,36.0,55.0
pm2_mm,BTC|buy|40-60|2-7d,BTC,buy,40-60,2-7d,2085,2462.631527725737,1,-140977.92638966074,191229795.91991636,2728147.8886936177,2728147.8886936177,1.0,True,-7.372173656907514,-516.7532411784629,151.0,172.0,21.0,-10.478200282047164,-3.691954740481898,-740.5651160551695,-259.1254775634435,135.0,159.0,162.0,176.0
pm2_mm,BTC|buy|40-60|30-90d,BTC,buy,40-60,30-90d,1968,2656.1469040851057,1,-285686.3793151727,218884824.5583354,9463086.059394004,9463086.059394004,1.0,True,-13.051904347029497,-301.89557351808276,159.0,167.0,8.0,-31.05024624371257,-1.8613355501750641,-713.9220174957844,-43.34439272363624,126.0,172.0,132.0,175.0
pm2_mm,BTC|buy|40-60|7-30d,BTC,buy,40-60,7-30d,2595,2317.112974460847,1,-69960.79848304378,181338842.68358234,4815203.301822745,4815203.301822745,1.0,True,-3.8580150533506044,-145.29147389594297,139.0,148.0,9.0,-7.689221242603771,-0.4492785415998924,-304.7809099532637,-16.6000629806038,113.0,151.0,120.0,165.0
pm2_mm,BTC|buy|40-60|<=2d,BTC,buy,40-60,<=2d,2355,1181.472832522489,2,-33989.29965669814,94474957.04452208,671013.3326782569,671013.3326782569,1.0,True,-3.5977046955078698,-506.5368749237001,138.0,171.0,33.0,-6.579589655928893,-0.5081157054617512,-960.6290170659522,-70.10364407884725,113.0,149.0,138.0,178.0
pm2_mm,BTC|buy|40-60|>90d,BTC,buy,40-60,>90d,617,424.9740583570257,0,53607.90746759576,34239996.33974138,2037597.9425129972,2037597.9425129972,1.0,True,15.65651670510683,263.09364742231924,38.0,49.0,11.0,11.386715483152498,20.6719632798914,189.7163907862264,343.80489096319116,28.0,48.0,41.0,56.0
pm2_mm,BTC|buy|60-75|2-7d,BTC,buy,60-75,2-7d,942,977.942774747913,0,-27339.42229389856,77082232.24172649,1750319.5896069568,1750319.5896069568,1.0,True,-3.5467865289841805,-156.19674519004707,137.0,150.0,13.0,-8.903437311732993,1.5693711732019682,-408.5374564285895,67.6506000008255,92.0,154.0,72.0,169.0
pm2_mm,BTC|buy|60-75|30-90d,BTC,buy,60-75,30-90d,566,1121.7226745889857,0,195470.0379779214,84834145.49823053,4351772.245440587,4351772.245440587,1.0,True,23.041434180768462,449.1734101726442,25.0,35.0,10.0,-2.9616691040793994,34.685114090863216,-50.928514680335496,736.8821952356434,12.0,133.0,28.0,134.0
pm2_mm,BTC|buy|60-75|7-30d,BTC,buy,60-75,7-30d,903,1270.7951439006624,0,-60210.55196681071,96058141.2712208,3793003.0664691664,3793003.0664691664,1.0,True,-6.2681362735102075,-158.74111070218444,147.0,151.0,4.0,-12.626491574111359,-3.022339200342947,-343.2489065718168,-73.24936671342135,132.0,161.0,138.0,167.0
pm2_mm,BTC|buy|60-75|<=2d,BTC,buy,60-75,<=2d,887,744.0871800000008,3,-50097.862643657405,56717510.89249681,726997.8968151389,726997.8968151389,1.0,True,-8.832873984652398,-689.1060189187356,154.0,177.0,23.0,-14.680754577200512,-0.8575261600980926,-1010.8059347541925,-79.06233226720222,116.0,164.0,139.0,179.0
pm2_mm,BTC|buy|60-75|>90d,BTC,buy,60-75,>90d,161,53.19105999999998,0,7299.3511260368805,3943112.0672782,286996.2402415888,286996.2402415888,1.0,False,18.51165019277624,254.3361237029588,,,,,,,,,,,
pm2_mm,BTC|buy|75-90|2-7d,BTC,buy,75-90,2-7d,592,439.9981589062513,0,14286.958428348475,33745092.016397215,1088478.53745817,1088478.53745817,1.0,True,4.233788552541579,131.25622542555206,75.0,60.0,-15.0,-8.818510601420144,16.499521127198093,-282.7017607430353,486.99875414278165,36.0,153.0,35.0,163.0
pm2_mm,BTC|buy|75-90|30-90d,BTC,buy,75-90,30-90d,278,376.41903570272615,0,64425.04181258441,30358977.235954348,2322527.2015129314,2322527.2015129314,1.0,True,21.22108439683712,277.3919796100425,28.0,48.0,20.0,4.195601581492363,38.13276780692007,52.20846682214637,529.1540721194593,11.0,73.0,33.0,76.0
pm2_mm,BTC|buy|75-90|7-30d,BTC,buy,75-90,7-30d,750,728.8422936902381,0,91162.59183861875,53777669.26767247,3469413.467664831,3469413.467664831,1.0,True,16.951755827287144,262.76081732045,36.0,51.0,15.0,-1.8638296769381928,32.171029969566675,-28.5997037294251,498.1010107238428,15.0,125.0,35.0,125.0
pm2_mm,BTC|buy|75-90|<=2d,BTC,buy,75-90,<=2d,681,410.72342966684874,2,6508.528222288825,32495970.96336355,533101.3605748941,533101.3605748941,1.0,True,2.002872365200793,122.08800621461663,87.0,61.0,-26.0,-6.26273354108454,11.597777802287272,-368.41017422964194,722.2034544311598,47.0,147.0,28.0,167.0
pm2_mm,BTC|buy|75-90|>90d,BTC,buy,75-90,>90d,100,42.97400385325913,0,24713.963649545312,3691137.9216785305,335340.7849118871,335340.7849118871,1.0,False,66.95486371397017,736.980551173907,,,,,,,,,,,
pm2_mm,BTC|buy|90-100|2-7d,BTC,buy,90-100,2-7d,328,603.8020778183214,0,26095.178269503223,48768348.55964007,2976889.127709139,2976889.127709139,1.0,True,5.350843126785554,87.65922125418467,70.0,64.0,-6.0,-0.5556893642052647,14.796919807470603,-8.266649694421233,237.30202964232737,40.0,114.0,51.0,113.10000000000036
pm2_mm,BTC|buy|90-100|30-90d,BTC,buy,90-100,30-90d,73,19.79606645463951,0,-2196.0007824636587,1614251.9201649087,153269.81146109226,153269.81146109226,1.0,False,-13.603829458287525,-143.27679805498528,,,,,,,,,,,
pm2_mm,BTC|buy|90-100|7-30d,BTC,buy,90-100,7-30d,313,400.00955895581995,0,-102478.2579147689,27558285.449235346,2378388.5071522417,2378388.5071522417,1.0,True,-37.18600640215531,-430.87265855262234,173.0,169.0,-4.0,-79.97568434349509,2.1469220165299157,-866.4291648737851,25.960613483673768,86.0,178.0,86.89999999999986,177.0
pm2_mm,BTC|buy|90-100|<=2d,BTC,buy,90-100,<=2d,595,426.1481808426069,8,135188.21918718633,34765479.40087664,1033625.0548848629,1033625.0548848629,1.0,True,38.885762980094974,1307.9038530296189,7.0,15.0,8.0,11.524617517211398,109.60651651169258,373.31293316023886,4076.7982050904707,2.0,47.0,3.0,41.0
pm2_mm,BTC|buy|90-100|>90d,BTC,buy,90-100,>90d,48,18.851497400000007,0,18220.82720731041,1475650.7418919094,187186.11101506115,187186.11101506115,1.0,False,123.47655641029098,973.4070069891214,,,,,,,,,,,
pm2_mm,BTC|sell|00-10|2-7d,BTC,sell,00-10,2-7d,2895,5293.336099607965,0,24842.414255320706,388125710.3037293,29847304.05228044,29847304.05228044,1.0,True,0.6400610316662655,8.323168555460425,100.0,100.0,0.0,-0.11616318888599557,1.5641647700906407,-1.4925184791484885,19.95893830045262,90.0,112.0,89.0,112.0
pm2_mm,BTC|sell|00-10|30-90d,BTC,sell,00-10,30-90d,1426,2096.0194487594563,0,-15184.717769852408,166284562.14745885,9753316.21229315,9753316.21229315,1.0,True,-0.9131766397163683,-15.56877418853034,115.0,117.0,2.0,-2.3558081683667202,0.002124658675514034,-38.580884776795344,0.031411388851960625,107.0,130.0,107.0,131.0
pm2_mm,BTC|sell|00-10|7-30d,BTC,sell,00-10,7-30d,3100,4289.559623811595,1,12240.445360945065,319283122.56801647,23416469.023059737,23416469.023059737,1.0,True,0.38337276529038894,5.22728057286993,102.0,103.0,1.0,-1.140022421352509,1.746692455696494,-15.643684164776731,23.772113122846218,89.0,120.0,88.0,120.0
pm2_mm,BTC|sell|00-10|<=2d,BTC,sell,00-10,<=2d,4909,3455.342891529434,0,28815.43548961563,279393793.2898307,28407903.545813598,28407903.545813598,1.0,True,1.0313556056602797,10.143457240040542,96.0,99.0,3.0,0.7747903643005123,1.2835182331443054,7.549200918346997,12.722980740036942,91.0,105.0,93.0,107.0
pm2_mm,BTC|sell|00-10|>90d,BTC,sell,00-10,>90d,526,2155.946268352503,0,-141106.9188581386,153654975.279863,8610170.246889398,8610170.246889398,1.0,True,-9.183361528068342,-163.88400555623903,156.0,152.0,-4.0,-11.112522887575738,-5.490506493270616,-179.41970152489887,-117.70157362359174,143.0,161.0,145.0,158.0
pm2_mm,BTC|sell|10-25|2-7d,BTC,sell,10-25,2-7d,3268,3919.0878299999717,1,73221.1426965983,302188110.6033557,28861324.21840422,28861324.21840422,1.0,True,2.4230318840275773,25.36998723360961,86.0,88.0,2.0,0.9608280436125007,3.8812995338149765,9.743418145805837,40.90889558244016,73.0,99.0,78.0,101.0
pm2_mm,BTC|sell|10-25|30-90d,BTC,sell,10-25,30-90d,2587,4773.868689623045,1,-71888.54423657838,355082443.3998312,27239170.40391033,27239170.40391033,1.0,True,-2.024559241742915,-26.39160560714374,127.0,125.0,-2.0,-3.8413438744677637,-0.07543677237240859,-51.59669945172056,-0.9510588558867423,109.0,138.0,108.0,135.0
pm2_mm,BTC|sell|10-25|7-30d,BTC,sell,10-25,7-30d,3990,5099.532344316922,0,-49727.39633770144,389255858.8437627,34776347.2023999,34776347.2023999,1.0,True,-1.277498981914123,-14.299200559588895,118.0,114.0,-4.0,-3.1472501957746797,0.39964304505970333,-35.092440868568076,4.4644002798723434,104.0,134.0,104.0,129.0
pm2_mm,BTC|sell|10-25|<=2d,BTC,sell,10-25,<=2d,4040,1897.581717999957,0,20342.352439567905,158920283.637743,18931895.515549,18931895.515549,1.0,True,1.280034994522038,10.745016220304237,91.0,98.0,7.0,0.6821534095896793,1.8375979311197146,5.6970445225959665,15.523293342330474,87.0,104.0,91.0,107.0
pm2_mm,BTC|sell|10-25|>90d,BTC,sell,10-25,>90d,624,1049.4002299999993,1,-119039.41135024645,80911204.38215585,5803340.532683784,5803340.532683784,1.0,True,-14.71235192446343,-205.12222345014808,161.0,156.0,-5.0,-19.2701858259435,-7.639619714597499,-275.78099810427693,-107.51392638560179,150.0,168.0,144.0,164.0
pm2_mm,BTC|sell|25-40|2-7d,BTC,sell,25-40,2-7d,2396,4495.765661286037,1,6051.186734562044,328158489.2837172,36686723.623342216,36686723.623342216,1.0,True,0.18439829936352328,1.6494214083243806,105.0,105.0,0.0,-3.6826009536465723,4.836215941379056,-33.015073244183604,43.16785503524478,70.0,137.0,78.0,128.0
pm2_mm,BTC|sell|25-40|30-90d,BTC,sell,25-40,30-90d,2049,3136.337195931783,0,109758.21412371132,239959672.14907622,21761239.61277611,21761239.61277611,1.0,True,4.574027508069083,50.43748245815548,73.0,74.0,1.0,-0.8331215080490507,9.698652678157453,-9.154092181144796,108.23280413743237,52.0,117.0,64.0,115.0
pm2_mm,BTC|sell|25-40|7-30d,BTC,sell,25-40,7-30d,3341,4496.704664920501,2,188264.6984148691,327481499.81543595,35121660.52636226,35121660.52636226,1.0,True,5.748865157908844,53.60358695841216,67.0,73.0,6.0,4.034769152199295,7.511159320839043,37.885420030683854,69.81075847130442,58.0,76.0,69.0,83.0
pm2_mm,BTC|sell|25-40|<=2d,BTC,sell,25-40,<=2d,2868,1190.5813599999917,0,24057.7245436196,96021861.97560944,12398875.696051948,12398875.696051948,1.0,True,2.505442411617733,19.40315003825715,84.0,91.0,7.0,1.0844967102185938,3.860233228599003,8.423937270693285,29.967609562962252,73.0,98.0,82.0,103.0
pm2_mm,BTC|sell|25-40|>90d,BTC,sell,25-40,>90d,643,718.2221812537126,1,90792.88042316925,54352227.22545933,5581528.497942675,5581528.497942675,1.0,True,16.704537248593304,162.66669686741736,37.0,58.0,21.0,11.009426383700418,28.307647954822194,106.49544484236304,290.7545561499721,18.0,49.0,46.0,65.0
pm2_mm,BTC|sell|40-60|2-7d,BTC,sell,40-60,2-7d,2597,2275.579050421831,0,90015.02786360598,180069613.45295286,21860967.747049045,21860967.747049045,1.0,True,4.998901599082089,41.17614046421018,71.0,79.0,8.0,-2.774248700486926,11.447367919741621,-21.77168257291278,99.95948084884898,47.0,131.0,65.0,122.10000000000036
pm2_mm,BTC|sell|40-60|30-90d,BTC,sell,40-60,30-90d,2450,3288.076955102535,0,-65858.7197980325,264362453.60933858,28700010.71546126,28700010.71546126,1.0,True,-2.491228194430181,-22.947280560614253,130.0,122.0,-8.0,-6.0928393112236785,3.594289355107274,-59.61439403281736,32.30490324497166,75.0,146.0,83.0,136.0
pm2_mm,BTC|sell|40-60|7-30d,BTC,sell,40-60,7-30d,3428,3909.735684520923,1,122345.33491724735,300635616.5041212,34888509.127123006,34888509.127123006,1.0,True,4.069555574948659,35.06751591805157,76.0,84.0,8.0,-0.26734490029685193,9.362220713015127,-2.268931982322642,81.30845729493905,52.0,112.0,68.0,111.0
pm2_mm,BTC|sell|40-60|<=2d,BTC,sell,40-60,<=2d,2794,1473.0003182919465,0,-23092.7583576986,117865276.31359254,15267065.184806343,15267065.184806343,1.0,True,-1.9592503475118463,-15.125866090281923,125.0,115.0,-10.0,-6.681586982617865,2.42980053756612,-51.34838032521411,18.63133667160045,85.0,148.0,92.0,134.0
pm2_mm,BTC|sell|40-60|>90d,BTC,sell,40-60,>90d,948,361.98279205629035,0,19775.23829610231,27561710.80748821,3181446.009241215,3181446.009241215,1.0,True,7.174895068824827,62.15801946241032,57.0,70.0,13.0,-2.451432918726361,17.094516137907863,-21.709809168108382,148.224196527774,35.0,129.0,58.0,122.0
pm2_mm,BTC|sell|60-75|2-7d,BTC,sell,60-75,2-7d,727,991.7929644037631,0,-14963.297422129162,74575469.41817118,9863926.197692016,9863926.197692016,1.0,True,-2.0064637257895934,-15.16971753664409,126.0,116.0,-10.0,-11.378400683269406,4.650359684874686,-88.30486192970758,34.67080307123244,71.0,159.0,82.0,142.0
pm2_mm,BTC|sell|60-75|30-90d,BTC,sell,60-75,30-90d,595,118.1542091023209,0,-2399.305374848173,9264842.83335131,1155371.6967667222,1155371.6967667222,1.0,True,-2.589688155541315,-20.766523721868612,131.0,120.0,-11.0,-15.252261498489325,10.378856650967808,-121.94598798436688,83.1569409689332,50.0,163.0,68.0,147.0
pm2_mm,BTC|sell|60-75|7-30d,BTC,sell,60-75,7-30d,1011,1413.382646653485,0,-37433.00825326357,106478382.94172636,13882457.32497511,13882457.32497511,1.0,True,-3.515550031760903,-26.964252348840326,136.0,126.0,-10.0,-11.23364762731043,0.9479713110021312,-88.88730283501143,7.32352317339597,98.89999999999986,158.0,102.0,142.0
pm2_mm,BTC|sell|60-75|<=2d,BTC,sell,60-75,<=2d,823,367.1864900000007,0,-9696.338117558362,29127108.583138335,3919062.0663032588,3919062.0663032588,1.0,True,-3.3289737942514366,-24.74147628568854,135.0,124.0,-11.0,-7.730231157203484,1.013644799056756,-57.272466839235264,7.519937551898636,98.0,151.0,102.0,136.0
pm2_mm,BTC|sell|60-75|>90d,BTC,sell,60-75,>90d,222,55.72799903362769,0,-12880.633270926195,4360492.192116393,577412.9893264691,577412.9893264691,1.0,True,-29.539402212928852,-223.0748789692275,170.0,158.0,-12.0,-48.67854042636337,-15.858249963378645,-374.9092772648621,-119.30430264059721,163.0,176.0,146.0,168.0
pm2_mm,BTC|sell|75-90|2-7d,BTC,sell,75-90,2-7d,387,271.3812600000003,0,-41577.01477073141,21696639.84761402,2834508.2520717615,2834508.2520717615,1.0,True,-19.162881931371338,-146.68157956619982,168.0,149.0,-19.0,-30.513185530637998,-7.940319053239521,-236.8647295831663,-59.76472575032507,152.0,172.0,136.0,160.0
pm2_mm,BTC|sell|75-90|30-90d,BTC,sell,75-90,30-90d,225,76.90011879997597,0,-10311.038436518013,5835832.071201645,753010.5364264929,753010.5364264929,1.0,True,-17.668497500811203,-136.9308653428723,167.0,147.0,-20.0,-38.24267716004537,1.656473799279311,-294.88394758121393,12.986378608212629,92.89999999999986,174.0,98.89999999999986,164.0
pm2_mm,BTC|sell|75-90|7-30d,BTC,sell,75-90,7-30d,554,439.75651335841866,0,-4879.48080028481,32670054.44108048,4331482.899606883,4331482.899606883,1.0,True,-1.493563718751928,-11.265150788723334,120.0,112.0,-8.0,-8.357106082519445,3.4643445248969695,-64.38954783566447,25.782914992472296,77.0,153.0,86.0,137.0
pm2_mm,BTC|sell|75-90|<=2d,BTC,sell,75-90,<=2d,512,322.5790998232866,0,14677.072698759683,24721032.115435597,3317915.4905220335,3317915.4905220335,1.0,True,5.937079257138074,44.23582439241219,64.0,77.0,13.0,-12.22511495547739,13.542879845910889,-89.18587929286356,100.40379371060405,42.0,159.0,64.0,142.0
pm2_mm,BTC|sell|75-90|>90d,BTC,sell,75-90,>90d,118,53.02491222930619,0,-24869.292382644733,3993911.550489693,536021.007497697,536021.007497697,1.0,False,-62.26800986515466,-463.9611514246778,,,,,,,,,,,
pm2_mm,BTC|sell|90-100|2-7d,BTC,sell,90-100,2-7d,221,84.5426752032587,0,6526.2497483971365,6791619.979816204,836800.2011379008,836800.2011379008,1.0,True,9.609268138959905,77.99053752045694,50.0,67.0,17.0,-0.26817685684527065,21.3981404941316,-2.119969517624266,172.16606951443362,28.0,112.0,56.0,111.0
pm2_mm,BTC|sell|90-100|30-90d,BTC,sell,90-100,30-90d,68,25.61661114595518,0,-24230.500671545822,1643552.4200825044,236536.33126329174,236536.33126329174,1.0,False,-147.4276109205539,-1024.3881158609215,,,,,,,,,,,
pm2_mm,BTC|sell|90-100|7-30d,BTC,sell,90-100,7-30d,203,83.0738139497629,0,-21400.023990220583,6133938.141129799,847745.5707405211,847745.5707405211,1.0,True,-34.887903167342586,-252.43451253336866,172.0,160.0,-12.0,-79.35355631099958,11.661350856824761,-534.4446688308124,90.22042204167766,47.0,179.0,67.0,172.0
pm2_mm,BTC|sell|90-100|<=2d,BTC,sell,90-100,<=2d,523,484.62115605916546,0,-27308.881829151407,37756148.17580494,4773956.040673943,4773956.040673943,1.0,True,-7.232962881169008,-57.20388205605721,150.0,135.0,-15.0,-26.369396010402276,7.066790336194962,-193.8148025502056,53.980564100333524,61.0,170.0,76.0,156.0
pm2_mm,BTC|sell|90-100|>90d,BTC,sell,90-100,>90d,118,36.14760000000003,0,-30681.85677611186,2669079.9888873994,433605.81029680604,433605.81029680604,1.0,False,-114.95293098691107,-707.5979160682816,,,,,,,,,,,
pm2_mm,ETH|buy|00-10|2-7d,ETH,buy,00-10,2-7d,3038,65094.48262454078,35,41745.66171496377,161706338.58158225,218046.2611159897,218046.2611159897,1.0,True,2.581572378741525,1914.5323337031293,83.0,10.0,-73.0,2.0281393176821982,3.1966658878660614,1442.2465730175256,2377.6743215954043,76.0,90.0,6.0,15.0
pm2_mm,ETH|buy|00-10|30-90d,ETH,buy,00-10,30-90d,1745,42042.86513073237,2,86659.9884065096,95994265.96801236,423752.47909095924,423752.47909095924,1.0,True,9.027621340985807,2045.0615083695563,54.0,8.0,-46.0,6.006901327574202,11.406531089750173,1243.1995154509368,2780.5386677279776,46.0,66.0,5.0,17.0
pm2_mm,ETH|buy|00-10|7-30d,ETH,buy,00-10,7-30d,3057,48072.419289181,18,36598.031875193636,124298542.01076931,317954.03877351445,317954.03877351445,1.0,True,2.9443653387360538,1151.047868942568,78.0,18.0,-60.0,0.6337652637364423,4.867527691802669,236.47564323190974,2051.8111339450843,69.0,103.0,9.0,51.0
pm2_mm,ETH|buy|00-10|<=2d,ETH,buy,00-10,<=2d,3128,36466.054138022555,48,-7369.804760598173,88263053.0314996,55391.21148143808,55391.21148143808,1.0,True,-0.8349818533886442,-1330.5007353139113,113.0,180.0,67.0,-1.6317717549961737,-0.022216851361799572,-2363.4296070169717,-39.02259394636923,107.0,125.0,130.0,181.0
pm2_mm,ETH|buy|00-10|>90d,ETH,buy,00-10,>90d,1292,102496.25722457729,18,505561.73082172073,252799927.381651,644838.4771685246,644838.4771685246,1.0,True,19.99849193225741,7840.129718090554,30.0,2.0,-28.0,17.27137915822607,22.7687667688523,5506.684918239623,10763.979338448482,23.0,37.0,1.0,3.0
pm2_mm,ETH|buy|10-25|2-7d,ETH,buy,10-25,2-7d,5721,116094.34337838397,4,35414.95093852402,294953011.2399991,987155.3847101798,987155.3847101798,1.0,True,1.2006980633843192,358.7576129053031,92.0,41.0,-51.0,0.2914519397500863,2.710748928549306,99.55368015040125,695.5674466253006,80.0,107.0,29.0,65.0
pm2_mm,ETH|buy|10-25|30-90d,ETH,buy,10-25,30-90d,4120,66739.59899754533,0,169880.03738351635,152412662.187345,2218477.683816078,2218477.683816078,1.0,True,11.146058007614915,765.7504901798245,46.0,28.0,-18.0,7.857489869517585,15.5461860187676,530.78853545113,1082.4530982343956,38.0,59.0,19.0,35.0
pm2_mm,ETH|buy|10-25|7-30d,ETH,buy,10-25,7-30d,6280,73728.44586878059,1,172034.5865606846,179985231.6470422,1450932.7739108412,1450932.7739108412,1.0,True,9.558261252126002,1185.6826839535986,51.0,16.0,-35.0,3.2781905483640728,18.522885308106655,396.1076234636941,2297.7831208648627,33.0,79.0,7.0,40.0
pm2_mm,ETH|buy|10-25|<=2d,ETH,buy,10-25,<=2d,4897,38138.296562677824,15,-7244.745870221661,94059233.05256988,212058.75104844596,212058.75104844596,1.0,True,-0.7702322924717618,-341.6386182792598,112.0,168.0,56.0,-2.360694466048668,0.9515797955645906,-1002.1270762216601,441.0004733021808,98.0,131.0,39.0,178.0
pm2_mm,ETH|buy|10-25|>90d,ETH,buy,10-25,>90d,1373,26440.17674022586,0,110232.42631777491,60353000.416180015,1342918.5830658493,1342918.5830658493,1.0,True,18.264614113240135,820.8422141729327,33.0,26.0,-7.0,14.851275495952867,21.061738802693295,619.2043022305875,999.2929166075189,26.0,41.0,20.0,32.0
pm2_mm,ETH|buy|25-40|2-7d,ETH,buy,25-40,2-7d,4222,40068.4791234486,2,2747.472758361602,107235592.2795228,1050937.1652150818,1050937.1652150818,1.0,True,0.25620903470183437,26.14307352808588,104.0,87.0,-17.0,-1.3454806422136296,1.9329688653376391,-138.5535278814615,197.0449219724051,88.0,122.0,54.0,149.0
pm2_mm,ETH|buy|25-40|30-90d,ETH,buy,25-40,30-90d,3796,37094.3372475582,0,56558.331727399236,96058926.92395957,3113897.4725766038,3113897.4725766038,1.0,True,5.8878787780099735,181.63196516743335,65.0,55.0,-10.0,2.4919058212296923,9.60981319040819,76.05108216559499,298.029091711023,52.0,83.0,46.0,70.0
pm2_mm,ETH|buy|25-40|7-30d,ETH,buy,25-40,7-30d,6316,44696.17146384616,0,13089.524382229387,118866335.99377482,2283985.4960124944,2283985.4960124944,1.0,True,1.1011969261772232,57.31001534415077,94.0,71.0,-23.0,-1.390141954468136,3.5801237109855895,-73.1723736775437,184.40943607508257,75.0,122.0,55.0,138.0
pm2_mm,ETH|buy|25-40|<=2d,ETH,buy,25-40,<=2d,3933,24255.50935331657,7,-19254.8704856842,67031965.227903135,356400.39661813335,356400.39661813335,1.0,True,-2.872490821389353,-540.2595134122398,132.0,174.0,42.0,-7.379703763190893,2.20117463861348,-1368.750872650146,413.65097428655645,86.0,152.0,40.899999999999864,179.0
pm2_mm,ETH|buy|25-40|>90d,ETH,buy,25-40,>90d,1466,26850.324672206105,0,211996.9405869498,66021769.17488339,3039595.1821618974,3039595.1821618974,1.0,True,32.11015748841817,697.4512324242071,10.0,29.0,19.0,24.233981674979773,39.61717605772463,532.350456427987,853.9537057458456,9.0,24.0,24.0,34.0
pm2_mm,ETH|buy|40-60|2-7d,ETH,buy,40-60,2-7d,5252,63505.747699999636,3,-78080.94313440874,180976805.43026215,3387063.996385367,3387063.996385367,1.0,True,-4.314417140294619,-230.52692012237074,141.0,159.0,18.0,-6.078457313364107,-2.777693960251883,-332.3610899799466,-147.08575969991026,129.0,148.0,150.0,167.0
pm2_mm,ETH|buy|40-60|30-90d,ETH,buy,40-60,30-90d,3840,25033.348544787703,0,38984.96938962649,67446815.32127503,3741821.547491055,3741821.547491055,1.0,True,5.7801052879852275,104.18714226435108,66.0,62.0,-4.0,2.4122164739937424,9.433615944597625,43.43368189503585,169.8333053810923,52.0,84.0,55.0,79.0
pm2_mm,ETH|buy|40-60|7-30d,ETH,buy,40-60,7-30d,6636,33696.450683325944,0,-33987.71270237317,86480545.90282813,3100190.019370232,3100190.019370232,1.0,True,-3.930099231862236,-109.6310629026455,140.0,143.0,3.0,-8.211896563146132,-0.3463955424800257,-225.86184468930406,-9.754768478179452,111.0,153.0,114.89999999999986,159.0
pm2_mm,ETH|buy|40-60|<=2d,ETH,buy,40-60,<=2d,4381,20821.978299999944,17,-4024.025569723298,58341894.16995415,518249.46337942797,518249.46337942797,1.0,True,-0.689731731712553,-77.64649756669738,111.0,138.0,27.0,-4.440956241188356,3.39689225458996,-495.83759392337566,381.8683092129797,77.0,140.0,41.0,171.0
pm2_mm,ETH|buy|40-60|>90d,ETH,buy,40-60,>90d,1569,15542.433658690758,0,247103.2835663599,41735251.166987635,3149048.488493392,3149048.488493392,1.0,True,59.207331130624006,784.6918981059648,3.0,27.0,24.0,48.18836293286712,69.76932271364488,647.8434266662839,922.2830220648732,3.0,8.0,22.0,31.0
pm2_mm,ETH|buy|60-75|2-7d,ETH,buy,60-75,2-7d,1539,16178.1310803239,0,-14521.296182247926,45686278.5317392,1200336.6886706073,1200336.6886706073,1.0,True,-3.1784808587899502,-120.97685857066072,133.0,144.0,11.0,-9.003186343131809,2.7849350010254534,-345.51783926490737,102.60026767551896,82.0,155.0,66.0,167.0
pm2_mm,ETH|buy|60-75|30-90d,ETH,buy,60-75,30-90d,1101,13260.588559267413,0,101895.92498082739,31856046.792375322,2443683.1432681894,2443683.1432681894,1.0,True,31.986368442055394,416.9768296742084,11.0,37.0,26.0,18.892314001532647,48.21060966421241,249.53647604841652,614.1837265708864,7.0,32.0,31.0,50.0
pm2_mm,ETH|buy|60-75|7-30d,ETH,buy,60-75,7-30d,2441,13953.437307403738,0,-6305.245890866424,33823436.00919921,1765424.6701588987,1765424.6701588987,1.0,True,-1.8641648025208142,-35.71517945480458,123.0,128.0,5.0,-11.167320884931744,7.815933497602116,-220.37067372021022,145.63944433191364,58.0,158.0,58.0,159.0
pm2_mm,ETH|buy|60-75|<=2d,ETH,buy,60-75,<=2d,1462,8201.225935787113,5,14649.11257791993,21188451.092517655,285368.3495801821,285368.3495801821,1.0,True,6.9137250825724665,513.340480802124,58.0,31.0,-27.0,-3.872141252945086,19.18968619057422,-297.6587515828219,1394.661684821106,32.0,138.0,16.0,164.0
pm2_mm,ETH|buy|60-75|>90d,ETH,buy,60-75,>90d,750,10414.979219657205,0,265730.26531250065,26644425.750061244,2571334.7764763534,2571334.7764763534,1.0,True,99.73202943279416,1033.4331715322032,2.0,21.0,19.0,79.57598415818673,122.44526487666653,852.5876023837284,1246.660290172927,2.0,3.0,16.0,25.0
pm2_mm,ETH|buy|75-90|2-7d,ETH,buy,75-90,2-7d,899,5479.166983177723,0,20800.15662188219,13823269.072298944,712699.7064881672,712699.7064881672,1.0,True,15.047205196609056,291.85022012110977,39.0,46.0,7.0,8.827848111976548,21.26324759243408,172.16099899854265,415.1558896204884,27.0,55.0,38.0,57.0
pm2_mm,ETH|buy|75-90|30-90d,ETH,buy,75-90,30-90d,540,9840.630718183495,0,79560.76206748885,25052029.487118468,2122080.275859695,2122080.275859695,1.0,True,31.75821029126534,374.9187199586843,13.0,39.0,26.0,22.630248945477792,45.789229723579005,272.52517418062223,506.43444512950174,7.0,26.0,33.0,49.0
pm2_mm,ETH|buy|75-90|7-30d,ETH,buy,75-90,7-30d,1099,11646.41575326142,0,65632.31033142252,27386446.178037934,2215312.1859654067,2215312.1859654067,1.0,True,23.965252703746266,296.26664244985744,22.0,45.0,23.0,8.533848394630413,40.53974086451048,108.52588105100892,475.36049634388473,9.0,56.0,35.0,64.0
pm2_mm,ETH|buy|75-90|<=2d,ETH,buy,75-90,<=2d,1061,5413.8154590799195,2,27689.443510860794,12888955.206285147,273309.63496139564,273309.63496139564,1.0,True,21.483078393629892,1013.1162596873639,26.0,22.0,-4.0,6.823832679479853,33.95958982089461,302.5069026117652,1770.9455200760483,13.0,61.0,12.0,45.0
pm2_mm,ETH|buy|75-90|>90d,ETH,buy,75-90,>90d,333,1902.036182683302,0,75529.4940138134,4988573.802389307,543189.8816058201,543189.8816058201,1.0,True,151.40498468247196,1390.480503622918,1.0,14.0,13.0,123.11726445409326,184.7540641261137,1152.3786986113673,1642.7070772221775,1.0,2.0,12.0,19.0
pm2_mm,ETH|buy|90-100|2-7d,ETH,buy,90-100,2-7d,473,3480.289862472201,0,-12667.38022617257,8322117.940985399,721462.4101001692,721462.4101001692,1.0,True,-15.2213418699431,-175.5792131209415,163.0,154.0,-9.0,-42.128947540095545,9.46377782958316,-478.92856447589674,111.87711114179228,54.0,174.0,64.0,171.0
pm2_mm,ETH|buy|90-100|30-90d,ETH,buy,90-100,30-90d,246,1738.7046452401582,0,27098.13358338228,5255813.031246547,606349.7102358461,606349.7102358461,1.0,True,51.55840480298684,446.90602017179447,4.0,36.0,32.0,29.458836336417573,85.60148851672517,262.1883125307808,728.3280708596662,3.0,17.0,27.0,49.0
pm2_mm,ETH|buy|90-100|7-30d,ETH,buy,90-100,7-30d,390,5103.651350228187,0,31400.171467237382,12332363.874443773,1194523.1564886644,1194523.1564886644,1.0,True,25.461599890275394,262.8678338856075,20.0,50.0,30.0,6.220984155434323,46.86881553437343,62.73846942985651,483.96928053727333,7.0,64.0,35.0,73.0
pm2_mm,ETH|buy|90-100|<=2d,ETH,buy,90-100,<=2d,1022,8058.899286115168,1,-47459.34305895321,19863799.35841931,937581.4327247998,937581.4327247998,1.0,True,-23.892379399632564,-506.18902425389155,169.0,170.0,1.0,-37.79087873231899,5.798182013210796,-845.1003515831262,112.16551997832488,67.0,174.0,64.0,177.0
pm2_mm,ETH|buy|90-100|>90d,ETH,buy,90-100,>90d,95,1045.379234129902,0,32014.880350650084,2416691.756695751,312774.7172617317,312774.7172617317,1.0,False,132.47399161249587,1023.5763501261468,,,,,,,,,,,
pm2_mm,ETH|sell|00-10|2-7d,ETH,sell,00-10,2-7d,4955,116801.23514681435,0,29536.163264975745,298842718.7646538,23311128.241488624,23311128.241488624,1.0,True,0.9883514440998049,12.670413443313285,97.0,97.0,0.0,0.31699454544459177,1.5001712821959907,3.9160231345808754,19.891214036254198,90.0,108.0,88.0,108.0
pm2_mm,ETH|sell|00-10|30-90d,ETH,sell,00-10,30-90d,2973,53970.7263741304,0,-14.615092505696119,125437863.32788897,7725158.666235397,7725158.666235397,1.0,True,-0.0011651260726191518,-0.018918825019833937,107.0,107.0,0.0,-1.3723890512999657,1.2283060866552522,-21.989807826935472,20.109194975375413,94.0,122.0,90.0,123.0
pm2_mm,ETH|sell|00-10|7-30d,ETH,sell,00-10,7-30d,4306,70174.98542272062,0,17911.26567002202,173359713.66871172,13184685.616117686,13184685.616117686,1.0,True,1.0331850053842515,13.58490159835613,95.0,95.0,0.0,0.13949383834084594,2.0693613699359243,1.8193623491249276,27.462613164454428,86.0,110.0,85.0,110.0
pm2_mm,ETH|sell|00-10|<=2d,ETH,sell,00-10,<=2d,9698,122416.78596230787,0,64666.67012861957,327455248.9452137,32616207.879193194,32616207.879193194,1.0,True,1.9748246619017826,19.82654463331167,88.0,90.0,2.0,1.7293716126060985,2.211366363840397,17.193243019738414,22.357348335567444,82.0,94.0,85.0,97.0
pm2_mm,ETH|sell|00-10|>90d,ETH,sell,00-10,>90d,1259,87909.56937801171,0,-110983.98560047937,212628915.66856965,11759455.4481743,11759455.4481743,1.0,True,-5.219609254532109,-94.37850765250363,143.0,142.0,-1.0,-8.450670048789462,-1.7312364703462937,-149.77787724119688,-31.648596120626234,123.0,155.0,126.0,152.0
pm2_mm,ETH|sell|10-25|2-7d,ETH,sell,10-25,2-7d,5732,63660.02718268499,0,-3008.073502930127,162099915.07622895,16388747.37031532,16388747.37031532,1.0,True,-0.18556909801683444,-1.835450528927307,108.0,108.0,0.0,-1.6047051211373815,1.1355825839327045,-15.880970462909099,11.227996612174346,96.0,124.0,98.0,120.0
pm2_mm,ETH|sell|10-25|30-90d,ETH,sell,10-25,30-90d,4615,54288.409561230364,0,7620.21943054683,127399032.65715903,10589176.255131058,10589176.255131058,1.0,True,0.5981379349287094,7.196234387782903,101.0,101.0,0.0,-1.1176681441530316,2.695932591039106,-13.50567166292483,32.59782538446511,82.0,120.0,82.0,119.0
pm2_mm,ETH|sell|10-25|7-30d,ETH,sell,10-25,7-30d,6458,56041.005098997965,0,4013.410619832418,141383699.7665938,12823265.390722465,12823265.390722465,1.0,True,0.2838665720629775,3.1297883164268674,103.0,104.0,1.0,-1.1295357706904432,1.4874275538931463,-12.438176947984964,16.39857225043327,92.0,120.0,93.0,118.0
pm2_mm,ETH|sell|10-25|<=2d,ETH,sell,10-25,<=2d,8045,55493.599782125704,0,-27105.72798424822,144205240.51639396,16646073.249729166,16646073.249729166,1.0,True,-1.8796631722386474,-16.28355683505672,124.0,118.0,-6.0,-8.309665616807216,2.2205231047060994,-71.69290979620938,18.998101773071323,85.0,151.0,90.0,138.0
pm2_mm,ETH|sell|10-25|>90d,ETH,sell,10-25,>90d,1692,55488.25843371025,0,132932.753598892,138284517.90351763,9671635.52335699,9671635.52335699,1.0,True,9.612988902462705,137.445991712425,49.0,59.0,10.0,-1.8963612626251323,14.768060081942457,-25.119848884685272,218.38910133670893,39.0,126.0,51.0,124.0
pm2_mm,ETH|sell|25-40|2-7d,ETH,sell,25-40,2-7d,4643,64114.624462662694,0,157048.26509700686,174752428.14976662,19696406.678068884,19696406.678068884,1.0,True,8.986900311474534,79.73447525932407,55.0,66.0,11.0,-0.6315737844159982,15.76400258599161,-5.369150815000399,144.19340068326684,38.0,115.0,58.0,112.0
pm2_mm,ETH|sell|25-40|30-90d,ETH,sell,25-40,30-90d,4389,45504.03556657938,0,-53006.94608548793,106197634.01759343,10718186.817770004,10718186.817770004,1.0,True,-4.991349061195321,-49.45514291429043,142.0,133.0,-9.0,-18.230127719756215,5.402380575746737,-180.47044731975336,53.51606636807812,67.0,166.0,75.0,154.0
pm2_mm,ETH|sell|25-40|7-30d,ETH,sell,25-40,7-30d,5791,49786.492339907665,0,-3662.0399833367205,124780998.63317566,13138635.055069381,13138635.055069381,1.0,True,-0.2934773742356547,-2.7872301559390427,109.0,110.0,1.0,-2.7538195965674714,2.43071099386958,-26.011965983039442,23.23702047306039,84.0,132.0,88.0,125.0
pm2_mm,ETH|sell|25-40|<=2d,ETH,sell,25-40,<=2d,6415,32744.8752651837,0,-57892.04545364032,86322337.3978642,11065646.572537027,11065646.572537027,1.0,True,-6.706496510493319,-52.31691169074396,149.0,134.0,-15.0,-13.399550545700341,-0.2664891154114878,-104.28894579533022,-2.0740036495909524,112.0,161.0,110.0,146.0
pm2_mm,ETH|sell|25-40|>90d,ETH,sell,25-40,>90d,1507,18607.14768940686,0,18165.50276098497,45517943.13919433,4699668.810170175,4699668.810170175,1.0,True,3.990844380958665,38.65272957463401,77.0,82.0,5.0,-7.640304012800939,24.221752463538476,-75.87231514839551,227.2990014862519,24.0,150.0,51.0,139.0
pm2_mm,ETH|sell|40-60|2-7d,ETH,sell,40-60,2-7d,6033,56566.165699999656,1,-27161.267034740922,163399500.16431835,20684627.94529493,20684627.94529493,1.0,True,-1.6622613292835609,-13.131136371693461,121.0,113.0,-8.0,-4.264250405655011,0.6681320560796802,-33.71369282546821,5.291268417323377,101.0,140.0,103.0,130.0
pm2_mm,ETH|sell|40-60|30-90d,ETH,sell,40-60,30-90d,5287,34248.08263752955,0,16208.268512072847,88825623.78958902,10379481.01806904,10379481.01806904,1.0,True,1.8247289262462312,15.615682984396624,89.0,94.0,5.0,-1.322592196894547,5.481086198547246,-11.395347901302609,46.658465212103934,67.0,120.0,77.0,116.0
pm2_mm,ETH|sell|40-60|7-30d,ETH,sell,40-60,7-30d,6849,34317.020053039465,0,-133399.33024724544,88973976.97795025,10458522.61662982,10458522.61662982,1.0,True,-14.99307266891136,-127.55083594228756,162.0,146.0,-16.0,-44.56551900314404,4.647009416325049,-383.5140221934083,39.405908599809905,70.0,175.0,80.0,168.0
pm2_mm,ETH|sell|40-60|<=2d,ETH,sell,40-60,<=2d,6678,28659.097525094636,0,-17781.743008396363,74675108.248224,9990948.700261386,9990948.700261386,1.0,True,-2.3812142259357576,-17.7978523780541,129.0,119.0,-10.0,-5.1850540149576405,0.43953670807796635,-38.76370006111877,3.2775003621155236,105.0,143.0,106.0,131.0
pm2_mm,ETH|sell|40-60|>90d,ETH,sell,40-60,>90d,2296,19862.186400749655,0,-46323.112716152595,51693041.81900491,6653153.325872147,6653153.325872147,1.0,True,-8.961189182549118,-69.62580065007025,155.0,137.0,-18.0,-23.90798222784947,8.402583859050303,-183.14748387714448,64.98431571716843,57.0,170.0,73.0,155.0
pm2_mm,ETH|sell|60-75|2-7d,ETH,sell,60-75,2-7d,1639,8265.549900000005,0,-15259.750135092088,23237325.361946616,3117020.198181932,3117020.198181932,1.0,True,-6.566913316143267,-48.95621191031313,148.0,132.0,-16.0,-13.696129479935543,0.03538493310835327,-102.74808754268989,0.26757958284247146,109.0,162.0,109.0,145.0
pm2_mm,ETH|sell|60-75|30-90d,ETH,sell,60-75,30-90d,1080,6021.012004476628,0,8886.813398292777,14947044.623725224,1947501.973289807,1947501.973289807,1.0,True,5.945532124917102,45.631858248034405,63.0,76.0,13.0,-0.09437724278520193,12.016902148699646,-0.7305628423063852,91.89134204352672,45.0,109.10000000000036,66.0,109.0
pm2_mm,ETH|sell|60-75|7-30d,ETH,sell,60-75,7-30d,1794,12111.82634221975,0,-47931.07942161157,29331556.39922435,3833580.0047927373,3833580.0047927373,1.0,True,-16.34113061347098,-125.02955295490948,164.0,145.0,-19.0,-29.3034458461329,-4.417626372258182,-224.3055745268017,-34.087049834207676,140.0,172.0,127.0,160.0
pm2_mm,ETH|sell|60-75|<=2d,ETH,sell,60-75,<=2d,1771,7940.423000760263,0,85.52624675321815,19961076.499034915,2767309.004999326,2767309.004999326,1.0,True,0.04284651018563713,0.3090592579242482,106.0,106.0,0.0,-10.52496630997621,9.96632261292614,-75.78914409550474,71.78553118089934,52.0,157.0,71.0,139.0
pm2_mm,ETH|sell|60-75|>90d,ETH,sell,60-75,>90d,1083,7267.236724452421,0,-60203.39735323743,17623755.294760212,2710221.7716878024,2710221.7716878024,1.0,True,-34.160368404080565,-222.1345794729761,171.0,157.0,-14.0,-55.30109912046906,-8.032552490441956,-353.6100665464479,-53.188484190629055,152.0,177.0,134.0,168.0
pm2_mm,ETH|sell|75-90|2-7d,ETH,sell,75-90,2-7d,856,3907.230460304174,0,-11958.955140230259,10162867.218966423,1393955.4777996165,1393955.4777996165,1.0,True,-11.767304327180318,-85.79151436821843,158.0,141.0,-17.0,-20.372160718828205,-3.6663379983986264,-148.83199610438623,-26.726663257439135,135.0,168.0,124.0,151.0
pm2_mm,ETH|sell|75-90|30-90d,ETH,sell,75-90,30-90d,518,5578.073267661812,0,16545.83912375433,14776651.495642813,2058545.209555993,2058545.209555993,1.0,True,11.197285886205814,80.37636990893726,45.0,65.0,20.0,-0.29504386866105275,22.570880996905654,-2.1111791890189453,162.18121246620575,26.0,112.0,56.0,110.0
pm2_mm,ETH|sell|75-90|7-30d,ETH,sell,75-90,7-30d,951,5588.4251007257735,0,-54074.65850441956,14182737.66344718,1995282.015356355,1995282.015356355,1.0,True,-38.12709491467564,-271.0126091862853,174.0,163.0,-11.0,-86.91022692764383,17.06165351941,-612.6748010494756,123.10189081670931,35.0,179.0,61.0,174.0
pm2_mm,ETH|sell|75-90|<=2d,ETH,sell,75-90,<=2d,1210,7473.00117981294,0,11207.01487005121,18748948.747183453,2560809.145713401,2560809.145713401,1.0,True,5.977409731697505,43.76356937341816,62.0,78.0,16.0,-18.075852781095318,20.352129663412725,-127.47594301856756,152.85470787004851,28.0,166.0,57.0,148.0
pm2_mm,ETH|sell|75-90|>90d,ETH,sell,75-90,>90d,465,2999.0822662669934,0,-127157.43279494318,8280600.204539678,1407939.5588925725,1407939.5588925725,1.0,True,-153.5606473613248,-903.1455362683323,180.0,178.0,-2.0,-200.03057755542264,-104.19771921196912,-1151.2318530222492,-632.368995671092,179.0,181.0,173.0,180.0
pm2_mm,ETH|sell|90-100|2-7d,ETH,sell,90-100,2-7d,458,2234.429108509112,0,-3221.3299977906836,6096168.092591504,840425.0018562892,840425.0018562892,1.0,True,-5.284188278380106,-38.329773515490004,144.0,129.0,-15.0,-23.493247760102733,16.5107683857183,-169.87272344274967,119.37128561256233,37.0,168.0,63.0,153.0
pm2_mm,ETH|sell|90-100|30-90d,ETH,sell,90-100,30-90d,273,3038.168298974756,0,-39551.40184825859,9133693.341090983,1373538.2119492951,1373538.2119492951,1.0,True,-43.30274771797225,-287.95268674854054,176.0,166.0,-10.0,-74.15368929302807,-13.19855682340303,-485.5562247220226,-89.62880118781278,161.0,178.0,142.0,171.0
pm2_mm,ETH|sell|90-100|7-30d,ETH,sell,90-100,7-30d,489,3663.1616539755287,0,6340.71311939082,9202210.997486243,1318024.6974011473,1318024.6974011473,1.0,True,6.890423530956751,48.10769579578669,59.0,75.0,16.0,-12.230593727371717,21.98251150851704,-84.65203910417104,154.9415715940003,27.0,159.0,57.0,141.0
pm2_mm,ETH|sell|90-100|<=2d,ETH,sell,90-100,<=2d,1109,9176.693279676294,0,-11866.794955690217,21110222.628893092,3002325.2597081,3002325.2597081,1.0,True,-5.621349980197935,-39.5253476195446,145.0,130.0,-15.0,-13.04183194458795,4.528044447652408,-91.75664106184483,31.817794361230224,73.0,161.0,84.0,143.0
pm2_mm,ETH|sell|90-100|>90d,ETH,sell,90-100,>90d,227,1825.1336398571682,0,-87077.76390284179,5149814.976383944,856894.6395134056,856894.6395134056,1.0,True,-169.0891115548104,-1016.2015245221932,181.0,179.0,-2.0,-205.99749880360665,-127.66790070892569,-1198.0728321189335,-792.5566506832251,180.0,181.0,175.0,180.0
pm2_mm,HYPE|buy|00-10|2-7d,HYPE,buy,00-10,2-7d,216,240778.839,12,32216.628831161343,16949389.909338817,32255.858674953106,32255.858674953106,1.0,True,19.00754481635386,9987.83791676821,32.0,1.0,-31.0,5.049211303286394,27.254381912676173,2479.5026640164238,14137.068781806429,20.0,69.0,1.0,6.0
pm2_mm,HYPE|buy|00-10|30-90d,HYPE,buy,00-10,30-90d,186,926521.12,9,178413.99405237412,46836625.391097955,297107.1394027619,297107.1394027619,1.0,False,38.092837082640145,6005.038936829924,,,,,,,,,,,
pm2_mm,HYPE|buy|00-10|7-30d,HYPE,buy,00-10,7-30d,485,238303.1686,9,12419.560068041335,13550367.099809268,46373.047748626595,46373.047748626595,1.0,True,9.16547867416533,2678.184995595671,53.0,6.0,-47.0,5.540038069010335,12.610128446086547,1192.518111394646,4699.84270944595,43.0,68.0,3.0,18.0
pm2_mm,HYPE|buy|00-10|<=2d,HYPE,buy,00-10,<=2d,181,41723.0,9,-892.0788524002757,2240544.8994181277,3443.8633007366907,3443.8633007366907,1.0,False,-3.981526335990632,-2590.343386189131,,,,,,,,,,,
pm2_mm,HYPE|buy|00-10|>90d,HYPE,buy,00-10,>90d,196,67615.44,2,31148.179656834505,5592061.689083756,24927.541594268943,24927.541594268943,1.0,False,55.70070823367124,12495.487988272274,,,,,,,,,,,
pm2_mm,HYPE|buy|10-25|2-7d,HYPE,buy,10-25,2-7d,1329,840716.6448156161,7,114866.59957255353,48018849.47311279,398519.10144106275,398519.10144106275,1.0,True,23.921147806107022,2882.3361077848167,23.0,5.0,-18.0,18.575458586295095,29.24699211531,2227.546649110425,3601.0772968787655,17.0,33.0,3.0,8.0
pm2_mm,HYPE|buy|10-25|30-90d,HYPE,buy,10-25,30-90d,1554,1331089.4059496867,2,154401.76373642494,72712401.00495721,1692795.805533188,1692795.805533188,1.0,True,21.234584692905205,912.1109777785176,27.0,24.0,-3.0,12.087111794606574,31.239268500449302,509.16577781943084,1359.1266553844234,16.0,46.0,16.0,34.0
pm2_mm,HYPE|buy|10-25|7-30d,HYPE,buy,10-25,7-30d,3225,1765183.4789893222,10,231581.24207121198,97121301.96090691,1338836.9363987397,1338836.9363987397,1.0,True,23.844536409162597,1729.719548178354,24.0,12.0,-12.0,17.56071047636665,30.3656953942749,1187.497602898197,2370.233781690485,16.0,35.0,7.0,18.0
pm2_mm,HYPE|buy|10-25|<=2d,HYPE,buy,10-25,<=2d,610,666964.7343000001,9,-13857.277246816118,43238338.69596843,206929.3489136148,206929.3489136148,1.0,True,-3.204858850904043,-669.6622455716038,134.0,176.0,42.0,-10.744615407032084,5.522140230527417,-2102.7399250109934,1213.2148099014407,68.0,158.0,18.0,180.0
pm2_mm,HYPE|buy|10-25|>90d,HYPE,buy,10-25,>90d,761,814098.5860000001,0,220869.3166618409,50312146.30953407,1881461.5368277985,1881461.5368277985,1.0,True,43.899800120430655,1173.9241666041883,6.0,17.0,11.0,18.510903502772646,65.95381449275493,462.664962929143,1859.094837896644,4.0,32.0,11.0,36.0
pm2_mm,HYPE|buy|25-40|2-7d,HYPE,buy,25-40,2-7d,1522,1099165.3947580706,6,172594.7406684047,60125902.284704655,932064.8235212826,932064.8235212826,1.0,True,28.705555195021304,1851.7461051298187,14.0,11.0,-3.0,21.884524416420895,36.5902671525754,1375.0228633634617,2442.4664301124594,11.0,27.0,6.0,16.0
pm2_mm,HYPE|buy|25-40|30-90d,HYPE,buy,25-40,30-90d,1320,2221096.55,0,334407.1303539116,121168536.36473154,6215842.130623793,6215842.130623793,1.0,True,27.598511988896757,537.9916724499437,18.0,30.0,12.0,3.74256760784495,42.392244405533376,66.46825235964442,899.2468189991392,8.0,77.0,23.0,73.0
pm2_mm,HYPE|buy|25-40|7-30d,HYPE,buy,25-40,7-30d,3682,3136372.274009669,2,455576.11329303245,159449466.58195916,4711179.157963174,4711179.157963174,1.0,True,28.571817959570296,967.0108013680289,15.0,23.0,8.0,14.229553022265291,42.45127003195065,463.489906686328,1499.8975335827733,9.0,41.0,14.0,36.0
pm2_mm,HYPE|buy|25-40|<=2d,HYPE,buy,25-40,<=2d,661,297105.3499,3,19211.728908989637,16224856.012202786,134171.87389088474,134171.87389088474,1.0,True,11.840924131801485,1431.8745316632883,43.0,13.0,-30.0,3.921544099575518,21.598419654637723,437.2688836018578,2875.324475356747,27.0,75.0,5.0,37.0
pm2_mm,HYPE|buy|25-40|>90d,HYPE,buy,25-40,>90d,641,707245.6252954319,0,108762.81500376835,38325208.09569437,2865626.5132109965,2865626.5132109965,1.0,True,28.378923535704757,379.5428835626498,16.0,38.0,22.0,-4.377614732924744,72.33467375304166,-56.7151411601621,1035.7778286358357,4.0,139.10000000000036,22.0,135.0
pm2_mm,HYPE|buy|40-60|2-7d,HYPE,buy,40-60,2-7d,1594,747157.1891,0,120164.11541879136,37806932.730523944,1054679.1019515672,1054679.1019515672,1.0,True,31.783619230706655,1139.3429072069498,12.0,19.0,7.0,22.87724254748274,40.910516803441276,811.090185449726,1478.9279452284543,9.0,25.0,14.0,26.0
pm2_mm,HYPE|buy|40-60|30-90d,HYPE,buy,40-60,30-90d,1229,712772.4800000001,0,74022.74044954445,35727953.87697373,3180258.037287824,3180258.037287824,1.0,True,20.718438202320698,232.7570265734546,29.0,53.0,24.0,0.3114608215075988,37.58715702286475,3.516698779687011,423.85298649785454,11.0,106.0,37.0,106.0
pm2_mm,HYPE|buy|40-60|7-30d,HYPE,buy,40-60,7-30d,2850,2387897.8559115394,0,257339.51685336806,130525092.8082182,6918749.028119159,6918749.028119159,1.0,True,19.715712229485217,371.94515339043164,31.0,40.0,9.0,7.811894257557664,33.11325997226122,139.84236018684615,665.3395589886366,14.0,58.0,30.0,60.0
pm2_mm,HYPE|buy|40-60|<=2d,HYPE,buy,40-60,<=2d,631,312308.5,0,4330.9886041414165,16373270.56645216,237125.56265004142,237125.56265004142,1.0,True,2.6451579032813086,182.64536964044015,82.0,54.0,-28.0,-4.1589336982892595,14.492534747097595,-287.4972756532526,962.0768893709321,41.0,139.0,23.0,164.0
pm2_mm,HYPE|buy|40-60|>90d,HYPE,buy,40-60,>90d,473,404024.9517235621,0,62826.74999553084,22352507.79022486,2193147.8422839395,2193147.8422839395,1.0,True,28.107248898043583,286.4683756572616,17.0,47.0,30.0,-3.0956809760608994,52.10606575593227,-31.04596115327781,579.699878472891,6.0,132.0,32.0,126.0
pm2_mm,HYPE|buy|60-75|2-7d,HYPE,buy,60-75,2-7d,598,340441.6061173347,0,-2372.2444233653564,19890644.380103793,979836.0386925675,979836.0386925675,1.0,True,-1.1926433241842402,-24.210626366945355,116.0,123.0,7.0,-20.349833208566093,58.47992378606983,-455.4946327481503,978.33566571173,6.0,168.0,22.0,170.0
pm2_mm,HYPE|buy|60-75|30-90d,HYPE,buy,60-75,30-90d,288,323640.50000000006,0,-17384.63664816757,16086607.924065053,2055848.5708547411,2055848.5708547411,1.0,True,-10.806900205580758,-84.56185389636805,157.0,140.0,-17.0,-47.094773404719874,26.216397108931478,-378.335334033803,206.36719093008048,22.0,175.0,53.0,168.0
pm2_mm,HYPE|buy|60-75|7-30d,HYPE,buy,60-75,7-30d,1034,777642.4474711823,0,96971.34920737275,37148326.960239545,3172901.3601858043,3172901.3601858043,1.0,True,26.10382677829953,305.6235861101403,19.0,44.0,25.0,9.895382683837273,44.0086897608001,116.6537468754667,510.1842795401931,8.0,51.0,34.0,62.0
pm2_mm,HYPE|buy|60-75|<=2d,HYPE,buy,60-75,<=2d,335,242733.0,0,14196.541091035242,12524345.505846024,291497.46241956844,291497.46241956844,1.0,True,11.335156064170125,487.0210866742083,44.0,33.0,-11.0,-11.601671961622124,80.12704001039194,-531.7369868647891,2933.035424832669,3.0,159.0,5.0,171.0
pm2_mm,HYPE|buy|60-75|>90d,HYPE,buy,60-75,>90d,189,225064.1117235621,0,19465.10273330823,14639249.865616588,2044316.4225960274,2044316.4225960274,1.0,False,13.296516496399308,95.21570397888784,,,,,,,,,,,
pm2_mm,HYPE|buy|75-90|2-7d,HYPE,buy,75-90,2-7d,203,188741.05574649255,0,16687.558831560844,13153096.572728217,967994.9690795392,967994.9690795392,1.0,True,12.687171221840659,172.39303265624352,42.0,57.0,15.0,8.089566895352739,57.8028321658697,111.24177467885636,696.5036896243639,5.0,58.0,29.0,64.0
pm2_mm,HYPE|buy|75-90|30-90d,HYPE,buy,75-90,30-90d,218,97515.8,0,19382.345819161437,5547885.971085027,807699.2510742951,807699.2510742951,1.0,True,34.936453128597265,239.96983770111947,9.0,52.0,43.0,7.508974662278641,69.83722550079038,52.04188630465653,486.2370878366117,4.0,59.0,35.0,76.0
pm2_mm,HYPE|buy|75-90|7-30d,HYPE,buy,75-90,7-30d,736,616316.6828295654,0,105810.5441870752,29994681.897750992,3381147.789430271,3381147.789430271,1.0,True,35.276434851942504,312.94267738856945,8.0,43.0,35.0,4.346203212477698,62.45910540260246,37.454699818816714,550.2497436483226,4.0,72.0,33.0,81.0
pm2_mm,HYPE|buy|75-90|<=2d,HYPE,buy,75-90,<=2d,255,129417.43853381717,0,-8391.674711045516,4799263.329509262,323917.881677082,323917.881677082,1.0,True,-17.485339175801357,-259.06796709084705,166.0,162.0,-4.0,-38.46797335374881,27.663177410868627,-496.0921608511404,745.3258937902693,19.0,174.0,27.0,172.0
pm2_mm,HYPE|buy|75-90|>90d,HYPE,buy,75-90,>90d,51,124303.0,0,86237.18904161266,8695822.927976971,1361063.102849875,1361063.102849875,1.0,False,99.17082000849251,633.6016960642316,,,,,,,,,,,
pm2_mm,HYPE|buy|90-100|2-7d,HYPE,buy,90-100,2-7d,131,26348.177435110887,0,6711.044598912704,1742415.613524028,209433.92402133608,209433.92402133608,1.0,False,38.51575104598406,320.4373231448892,,,,,,,,,,,
pm2_mm,HYPE|buy|90-100|30-90d,HYPE,buy,90-100,30-90d,25,29859.16,0,22647.108188593567,2003909.811793329,370574.73175559606,370574.73175559606,1.0,False,113.0146080193416,611.1347117841251,,,,,,,,,,,
pm2_mm,HYPE|buy|90-100|7-30d,HYPE,buy,90-100,7-30d,99,92673.0,0,38070.68203396223,6996407.942538326,1121244.4314539237,1121244.4314539237,1.0,False,54.41461153585911,339.539541655478,,,,,,,,,,,
pm2_mm,HYPE|buy|90-100|<=2d,HYPE,buy,90-100,<=2d,146,30686.704319381675,0,-588.8540583127258,1553731.4057431093,143397.4876312108,143397.4876312108,1.0,False,-3.789934709024512,-41.06446131240031,,,,,,,,,,,
pm2_mm,HYPE|buy|90-100|>90d,HYPE,buy,90-100,>90d,8,15820.0,0,7528.6933491091095,955641.2577610668,203659.4995529589,203659.4995529589,1.0,False,78.78158553710604,369.6706201102774,,,,,,,,,,,
pm2_mm,HYPE|sell|00-10|2-7d,HYPE,sell,00-10,2-7d,439,257146.83544480367,0,9809.700606185052,17623298.023137182,2964275.7266220488,2964275.7266220488,1.0,True,5.566325096078012,33.093077401958595,69.0,85.0,16.0,2.1416871460988993,10.442268635046128,12.09620879113536,62.75435271033999,50.0,87.0,72.0,98.0
pm2_mm,HYPE|sell|00-10|30-90d,HYPE,sell,00-10,30-90d,450,360342.00815227383,0,-17350.93894959654,20874509.31913908,3604835.2023579553,3604835.2023579553,1.0,True,-8.312022421378831,-48.13240543769417,152.0,131.0,-21.0,-12.920252060941374,-2.8150176327894165,-79.850767033591,-19.866604615967457,132.0,161.0,120.0,142.0
pm2_mm,HYPE|sell|00-10|7-30d,HYPE,sell,00-10,7-30d,685,262242.7688180837,0,1834.5903743642978,15678097.547881149,2557672.761980743,2557672.761980743,1.0,True,1.1701613469117862,7.172889361121916,93.0,102.0,9.0,-1.8546523815666627,4.6105052968669975,-11.009541956011605,28.196635493738505,70.0,126.0,84.0,117.0
pm2_mm,HYPE|sell|00-10|<=2d,HYPE,sell,00-10,<=2d,506,272085.82325367164,0,7736.876631882691,12339266.906445906,3254982.3948896113,3254982.3948896113,1.0,True,6.270126653829838,23.76933480202457,61.0,89.0,28.0,4.334941817958812,8.706816752596696,16.075643837925817,33.84205137489726,54.0,74.0,80.0,96.0
pm2_mm,HYPE|sell|00-10|>90d,HYPE,sell,00-10,>90d,149,220096.8434997073,0,-26006.52678361446,15172607.717670321,1289516.5798652237,1289516.5798652237,1.0,False,-17.140446301347882,-201.6765599580936,,,,,,,,,,,
pm2_mm,HYPE|sell|10-25|2-7d,HYPE,sell,10-25,2-7d,806,276804.0565596901,0,9446.867588099085,16709187.952048501,3288416.023895634,3288416.023895634,1.0,True,5.653696406557522,28.72771425346547,68.0,86.0,18.0,-1.9577937482924728,13.354349546114047,-9.495730231768077,71.03948799485835,43.0,125.0,70.0,115.0
pm2_mm,HYPE|sell|10-25|30-90d,HYPE,sell,10-25,30-90d,1187,1470086.94,0,-126820.08945055566,76135092.9082061,15902603.095754853,15902603.095754853,1.0,True,-16.657244984708825,-79.74800646594133,165.0,139.0,-26.0,-29.509833549070425,-4.083634453131275,-137.9568299737783,-21.284104159374408,138.0,172.0,121.0,150.0
pm2_mm,HYPE|sell|10-25|7-30d,HYPE,sell,10-25,7-30d,1755,1320103.308729277,0,-9689.375757346996,74169416.58267108,15874051.23931484,15874051.23931484,1.0,True,-1.306384248896845,-6.103908580910698,119.0,111.0,-8.0,-11.217321529892937,7.651999642844808,-49.680156297517655,37.63857122762109,59.0,158.0,81.0,133.0
pm2_mm,HYPE|sell|10-25|<=2d,HYPE,sell,10-25,<=2d,788,324095.0,0,6854.084427176393,15173703.749546627,4140306.4177096994,4140306.4177096994,1.0,True,4.517080694541162,16.554534219638455,74.0,93.0,19.0,-1.9573614567273425,10.734543263020598,-6.9744316741261105,40.55525138542221,49.0,125.0,79.0,114.0
pm2_mm,HYPE|sell|10-25|>90d,HYPE,sell,10-25,>90d,467,422184.0695248364,0,-105873.07581349298,27618956.914338212,3863288.972660565,3863288.972660565,1.0,True,-38.33348092828575,-274.04907208010496,175.0,165.0,-10.0,-77.88954403046553,-10.986174442843938,-551.0699111466294,-78.3402017289239,158.0,178.0,140.0,173.0
pm2_mm,HYPE|sell|25-40|2-7d,HYPE,sell,25-40,2-7d,826,583851.6068194897,1,33612.64487551172,36271323.17258655,8229209.904815601,8229209.904815601,1.0,True,9.267002671938853,40.845531058628296,52.0,80.0,28.0,-7.151828684661573,20.71385686973061,-33.27767622497996,92.18220213131937,28.0,149.0,65.0,128.0
pm2_mm,HYPE|sell|25-40|30-90d,HYPE,sell,25-40,30-90d,980,1358125.6,0,-3195.75374757487,78852695.64756235,15981420.55271846,15981420.55271846,1.0,True,-0.4052814835726752,-1.9996681377809484,110.0,109.0,-1.0,-24.168692654434565,31.03407021586557,-128.96089084221958,140.94448803668286,16.0,169.0,59.0,148.0
pm2_mm,HYPE|sell|25-40|7-30d,HYPE,sell,25-40,7-30d,1635,1288531.3308535074,0,-102507.53270296573,77487524.64428084,16050663.924352383,16050663.924352383,1.0,True,-13.22890790143876,-63.86497978282337,160.0,136.0,-24.0,-28.303586814066886,1.5387384078427493,-136.38423636671328,7.495022850139836,92.0,170.0,103.0,149.0
pm2_mm,HYPE|sell|25-40|<=2d,HYPE,sell,25-40,<=2d,959,608938.0285338172,0,-17675.23366894707,28577138.18199381,8150782.753992185,8150782.753992185,1.0,True,-6.185095777044627,-21.685320542115893,146.0,121.0,-25.0,-13.250318043149012,3.1487029857880304,-49.52410979268964,11.22690714413784,79.0,161.0,98.0,133.0
pm2_mm,HYPE|sell|25-40|>90d,HYPE,sell,25-40,>90d,496,939838.876408579,0,14853.278188689424,50675152.598963894,11697053.514581388,11697053.514581388,1.0,True,2.931077150617819,12.698307458518105,79.0,96.0,17.0,-20.7854449285443,26.675184742447758,-97.68324632766684,110.03944451227929,21.0,167.0,63.0,143.0
pm2_mm,HYPE|sell|40-60|2-7d,HYPE,sell,40-60,2-7d,955,241685.2393999999,0,5787.26645945119,11730354.30138622,3001237.3010885245,3001237.3010885245,1.0,True,4.933581979503625,19.282935265905813,72.0,92.0,20.0,-5.792555168797415,16.89600149363456,-22.334797170789837,66.7501219142868,35.0,145.0,71.0,123.0
pm2_mm,HYPE|sell|40-60|30-90d,HYPE,sell,40-60,30-90d,1142,1608187.63,0,114226.43810479007,81924997.88940117,21000415.863027923,21000415.863027923,1.0,True,13.942806353073806,54.39246482060877,40.0,72.0,32.0,-4.354414811601769,35.772419104243454,-17.441139341740545,131.51309097295223,12.0,139.0,60.0,120.0
pm2_mm,HYPE|sell|40-60|7-30d,HYPE,sell,40-60,7-30d,1487,1845657.5632022247,0,166551.88626025335,93724842.42970918,24807146.690942492,24807146.690942492,1.0,True,17.77030314936643,67.13867109959254,34.0,68.0,34.0,-4.61374038980132,37.79423335141126,-17.22951329813241,145.7445712928623,10.0,141.0,57.0,121.0
pm2_mm,HYPE|sell|40-60|<=2d,HYPE,sell,40-60,<=2d,1055,251157.9037,0,11500.421268437105,11131846.194635203,3118183.6051324476,3118183.6051324476,1.0,True,10.33109968226073,36.88179634293412,47.0,83.0,36.0,-0.05086801787531606,20.183724943215577,-0.17368484169637144,72.89364028576277,30.0,109.0,69.0,109.0
pm2_mm,HYPE|sell|40-60|>90d,HYPE,sell,40-60,>90d,582,446882.04,0,65566.06091875226,26434748.325285982,6538672.832713548,6538672.832713548,1.0,True,24.802982843621585,100.27426451239397,21.0,63.0,42.0,-0.14159141059431105,56.87483262947791,-0.5832707591013486,235.1806809508038,5.0,110.0,50.0,109.0
pm2_mm,HYPE|sell|60-75|2-7d,HYPE,sell,60-75,2-7d,263,69056.019,0,-22809.7368447181,2864158.4692782513,839233.7245879681,839233.7245879681,1.0,True,-79.63852939486969,-271.7924241654709,179.0,164.0,-15.0,-153.51697737806782,-18.233775339031457,-510.0072860167937,-62.74172012368307,167.0,180.0,137.0,172.0
pm2_mm,HYPE|sell|60-75|30-90d,HYPE,sell,60-75,30-90d,160,90205.765,0,-26401.274343311037,4703422.652323902,1320042.9070842688,1320042.9070842688,1.0,False,-56.132047436278135,-200.0031529401312,,,,,,,,,,,
pm2_mm,HYPE|sell|60-75|7-30d,HYPE,sell,60-75,7-30d,255,244720.57349999997,0,-12128.110138488046,14217196.63898505,3926382.666803644,3926382.666803644,1.0,True,-8.530591822322757,-30.888762425087805,153.0,127.0,-26.0,-84.89358327126243,90.83387452659473,-278.43258853815,378.37322281238744,3.0,178.0,40.0,162.0
pm2_mm,HYPE|sell|60-75|<=2d,HYPE,sell,60-75,<=2d,197,45060.3,0,-2270.6951016751245,1961438.714600365,578380.895067942,578380.895067942,1.0,False,-11.576681365432156,-39.259510835128594,,,,,,,,,,,
pm2_mm,HYPE|sell|60-75|>90d,HYPE,sell,60-75,>90d,204,196799.48313556152,0,56642.38159611183,11264975.545602487,3149765.627276814,3149765.627276814,1.0,True,50.2818504725679,179.83046454501763,5.0,56.0,51.0,-16.569464620854117,140.75484277099739,-53.48324798774443,561.9617956504704,2.0,163.0,32.0,133.0
pm2_mm,HYPE|sell|75-90|2-7d,HYPE,sell,75-90,2-7d,162,26282.446781150546,0,1371.5907403457193,1589919.8805116126,385155.28982109006,385155.28982109006,1.0,False,8.626791558228467,35.61136966294406,,,,,,,,,,,
pm2_mm,HYPE|sell|75-90|30-90d,HYPE,sell,75-90,30-90d,104,34505.37247765609,0,-7145.005816873126,2038720.8735607064,508806.9589709508,508806.9589709508,1.0,False,-35.046513279643285,-140.42665279821878,,,,,,,,,,,
pm2_mm,HYPE|sell|75-90|7-30d,HYPE,sell,75-90,7-30d,269,166704.45947260284,0,-66042.78085671061,8890662.225416668,2549464.659236157,2549464.659236157,1.0,True,-74.28330891697493,-259.0456808940338,178.0,161.0,-17.0,-130.2716477587919,57.71058953678729,-420.7750162735019,241.36491954063638,6.0,179.0,51.0,170.0
pm2_mm,HYPE|sell|75-90|<=2d,HYPE,sell,75-90,<=2d,240,112302.0,0,-23668.579253935015,3843216.7041143994,1215427.6113081302,1215427.6113081302,1.0,True,-61.58533612896808,-194.73458586695423,177.0,155.0,-22.0,-84.34805923941578,5.755450312607196,-259.65986377263704,21.175778488662814,67.0,178.0,91.0,162.0
pm2_mm,HYPE|sell|75-90|>90d,HYPE,sell,75-90,>90d,47,21457.0,0,12927.603901824246,1221473.3313136173,339303.9280213753,339303.9280213753,1.0,False,105.83615352388763,381.00366173803445,,,,,,,,,,,
pm2_mm,HYPE|sell|90-100|2-7d,HYPE,sell,90-100,2-7d,76,168351.759,0,5133.1139176080615,12111354.13446895,2996100.2866926566,2996100.2866926566,1.0,False,4.238265895470106,17.13265053378576,,,,,,,,,,,
pm2_mm,HYPE|sell|90-100|30-90d,HYPE,sell,90-100,30-90d,44,9009.0,0,-2792.942111472703,671023.2055382706,161631.15521757503,161631.15521757503,1.0,False,-41.62213897256065,-172.79726224273196,,,,,,,,,,,
pm2_mm,HYPE|sell|90-100|7-30d,HYPE,sell,90-100,7-30d,94,76307.09000168307,0,81861.97913695022,4170685.1889897296,1216876.023778904,1216876.023778904,1.0,False,196.27944912519217,672.7224264205229,,,,,,,,,,,
pm2_mm,HYPE|sell|90-100|<=2d,HYPE,sell,90-100,<=2d,175,40780.90613262388,0,-8821.522820873002,2191114.9678887525,598044.4857575048,598044.4857575048,1.0,False,-40.26042882347235,-147.50613091431387,,,,,,,,,,,
pm2_mm,HYPE|sell|90-100|>90d,HYPE,sell,90-100,>90d,27,12329.467658247022,0,509.20787895713653,586641.1587163773,199327.51456998335,199327.51456998335,1.0,False,8.680057159155494,25.546291491953312,,,,,,,,,,,
sm_all_mm,BTC|buy|00-10|2-7d,BTC,buy,00-10,2-7d,2930,4360.315004508309,0,80817.2449667462,324955684.0029542,392368.97146084014,392368.97146084014,1.0,True,2.4870235833761103,2059.725687937382,87.0,8.0,-79.0,1.375364491119391,3.648581290776024,1123.022593130415,3246.1995867517626,79.0,102.0,4.0,16.0
sm_all_mm,BTC|buy|00-10|30-90d,BTC,buy,00-10,30-90d,1279,3841.990900016552,0,189933.2674567905,281706287.3955726,1190089.2746901845,1190089.2746901845,1.0,True,6.742244527545307,1595.9581478140433,68.0,11.0,-57.0,5.238339535565427,8.100904672463624,1189.920636084933,2136.9053940873087,62.0,77.0,6.0,16.0
sm_all_mm,BTC|buy|00-10|7-30d,BTC,buy,00-10,7-30d,2677,4792.656889421988,0,92264.05061534166,349121599.91898954,689211.7307688922,689211.7307688922,1.0,True,2.6427482755793594,1338.6894983985671,83.0,14.0,-69.0,1.7289360483143008,3.6315092341005437,873.9235841657546,1809.6428690061864,79.0,99.0,9.0,21.0
sm_all_mm,BTC|buy|00-10|<=2d,BTC,buy,00-10,<=2d,3874,2842.8151852853302,0,-29282.619963794903,220446303.55520687,156576.33223151867,156576.33223151867,1.0,True,-1.3283334531604696,-1870.1817539381818,131.0,181.0,50.0,-2.2963708112893477,-0.4658918889542701,-2882.605303312219,-733.6896332314616,118.0,136.0,176.0,182.0
sm_all_mm,BTC|buy|00-10|>90d,BTC,buy,00-10,>90d,479,1743.8113264190542,0,168643.28393404026,121469111.87299989,564628.7790618261,564628.7790618261,1.0,True,13.883635216692996,2986.799295180348,47.0,4.0,-43.0,5.490103966372494,19.022254584851765,848.7076742461168,7840.82942064084,38.0,73.0,1.0,21.0
sm_all_mm,BTC|buy|10-25|2-7d,BTC,buy,10-25,2-7d,4858,6843.934610000058,0,82672.59984206394,516637524.04876584,2189852.0106253843,2189852.0106253843,1.0,True,1.6002050953283138,377.5259672385535,95.0,35.0,-60.0,-1.193151851621208,4.423388968570674,-251.95638158600147,1161.1683374586373,76.0,127.0,16.0,162.0
sm_all_mm,BTC|buy|10-25|30-90d,BTC,buy,10-25,30-90d,2649,4433.794021976467,0,352373.241491441,324422239.7194534,4019297.6112298807,4019297.6112298807,1.0,True,10.861562443935977,876.7035327439137,56.0,20.0,-36.0,6.292064630326626,16.44849969869633,472.74133825600893,1360.4668464196545,44.0,72.0,13.0,32.0
sm_all_mm,BTC|buy|10-25|7-30d,BTC,buy,10-25,7-30d,5202,5807.745682511177,0,112021.30330991502,434630182.3528091,3298246.0225626985,3298246.0225626985,1.0,True,2.577393560279305,339.63901583932113,86.0,39.0,-47.0,1.408798903335859,3.753993893876353,178.41611489294496,514.0460700607354,79.0,101.0,30.0,59.0
sm_all_mm,BTC|buy|10-25|<=2d,BTC,buy,10-25,<=2d,5025,2907.8915419999985,0,12120.527900589996,229703775.2553214,497570.6090713507,497570.6090713507,1.0,True,0.5276590638145903,243.594128745091,108.0,50.0,-58.0,-0.22459822359881945,1.2726574428635544,-102.30467443839247,595.5993398618128,100.0,119.0,28.0,147.0
sm_all_mm,BTC|buy|10-25|>90d,BTC,buy,10-25,>90d,871,1974.9461707965859,0,287218.33112135745,151787930.1784825,3462326.5913791168,3462326.5913791168,1.0,True,18.922343218174642,829.5529712202926,41.0,23.0,-18.0,15.074987963274376,21.650007895205533,565.788628903898,997.6233681154629,33.0,49.0,17.0,30.0
sm_all_mm,BTC|buy|25-40|2-7d,BTC,buy,25-40,2-7d,3145,2562.464921913281,0,-17627.685736371554,189261673.78203598,1943504.6233950541,1943504.6233950541,1.0,True,-0.9313922562405611,-90.70050837120336,124.0,144.0,20.0,-3.7810524766315696,0.9387283861072935,-363.17882945302466,92.18326558839706,104.0,143.0,74.0,168.0
sm_all_mm,BTC|buy|25-40|30-90d,BTC,buy,25-40,30-90d,2575,1685.853366578359,0,-2284.591029743324,136030182.5274816,4556918.078875249,4556918.078875249,1.0,True,-0.1679473619232833,-5.013456441830995,113.0,114.0,1.0,-3.026423668009334,2.8385677735338177,-89.97865490694264,84.28911368462263,86.0,139.0,75.0,146.0
sm_all_mm,BTC|buy|25-40|7-30d,BTC,buy,25-40,7-30d,4588,6607.781091060736,0,1502133.944150623,495572460.6894534,8215331.79882255,8215331.79882255,1.0,True,30.311085932031308,1828.4519492760037,17.0,9.0,-8.0,2.73553640208308,63.341251761806895,147.85500960241336,4537.576577525305,7.0,87.0,4.0,62.100000000000364
sm_all_mm,BTC|buy|25-40|<=2d,BTC,buy,25-40,<=2d,3698,1728.7922769999732,0,-12460.297999356648,138481340.9933685,735155.8385774525,735155.8385774525,1.0,True,-0.8997817258249498,-169.49192736423996,123.0,157.0,34.0,-2.21334089303582,0.47318858174040634,-419.32678127992693,88.3365765985604,109.0,136.0,75.0,171.0
sm_all_mm,BTC|buy|25-40|>90d,BTC,buy,25-40,>90d,777,835.8099079120286,0,93409.73214457341,70342470.95840627,3643439.6214108723,3643439.6214108723,1.0,True,13.279279341751712,256.37787873756986,48.0,49.0,1.0,6.422027515901414,23.51083377482699,125.09425532207194,423.7228497761249,32.0,70.0,35.0,67.0
sm_all_mm,BTC|buy|40-60|2-7d,BTC,buy,40-60,2-7d,3562,2898.208669284045,0,-151836.34882515922,227823159.6861179,4091714.2072799318,4091714.2072799318,1.0,True,-6.664658195169926,-371.0824880071382,151.0,168.0,17.0,-9.403464760417537,-3.4429373440275386,-523.8274112270766,-191.19516282448294,139.0,158.0,158.0,174.0
sm_all_mm,BTC|buy|40-60|30-90d,BTC,buy,40-60,30-90d,2800,2946.4746836504223,0,-241215.75421395726,243800424.3008049,15390040.82714078,15390040.82714078,1.0,True,-9.893984184225264,-156.73496706296342,159.0,155.0,-4.0,-26.29598808240104,2.324346534458167,-401.26570172451085,36.722366083427225,92.0,169.0,90.0,170.0
sm_all_mm,BTC|buy|40-60|7-30d,BTC,buy,40-60,7-30d,4747,4080.260495700253,0,2944333.6082779495,310255281.4996449,7953270.733744931,7953270.733744931,1.0,True,94.9003541227813,3702.041219074106,4.0,3.0,-1.0,32.77080445984435,153.11680051703968,1068.8457706328245,7359.799749325716,2.0,18.0,1.0,16.0
sm_all_mm,BTC|buy|40-60|<=2d,BTC,buy,40-60,<=2d,3994,1874.172832522465,0,-27774.81040810782,151178590.16765752,1369254.4958290597,1369254.4958290597,1.0,True,-1.837218509400403,-202.84622393217452,133.0,159.0,26.0,-4.0182832788034615,0.33647774010477516,-454.509845095173,36.76156218549182,111.0,143.0,91.0,172.0
sm_all_mm,BTC|buy|40-60|>90d,BTC,buy,40-60,>90d,751,682.7770583570241,0,174875.57582035902,57801999.84731123,5955408.3829601025,5955408.3829601025,1.0,True,30.254243154615295,293.6416188027026,18.0,42.0,24.0,10.318899202504364,47.87817952058267,97.01951278244691,475.0897037651581,10.0,57.0,32.0,73.0
sm_all_mm,BTC|buy|60-75|2-7d,BTC,buy,60-75,2-7d,1436,1070.6787747479125,0,-28926.602118602586,84290959.21198905,2475231.237350398,2475231.237350398,1.0,True,-3.4317561917705923,-116.86424153877016,140.0,151.0,11.0,-8.351932832603339,1.2028159080382372,-295.0406720844368,39.96246565267817,103.0,154.0,89.0,165.0
sm_all_mm,BTC|buy|60-75|30-90d,BTC,buy,60-75,30-90d,870,1209.3866745889854,0,205974.9310574601,91877788.80149598,7310854.66190188,7310854.66190188,1.0,True,22.41835962143947,281.7385115461683,33.0,45.0,12.0,-0.7154314025672083,33.83915431451212,-7.986817136026441,468.96285192378116,18.0,122.10000000000036,33.0,120.0
sm_all_mm,BTC|buy|60-75|7-30d,BTC,buy,60-75,7-30d,1724,2312.8978340026056,0,1989263.8992118062,172590470.76376167,8720104.701829212,8720104.701829212,1.0,True,115.25919654826541,2281.2385484253637,2.0,7.0,5.0,-5.758764814068466,304.88443804144976,-101.06542432389364,8528.57761296998,1.0,149.0,1.0,149.0
sm_all_mm,BTC|buy|60-75|<=2d,BTC,buy,60-75,<=2d,1407,889.8601799999981,0,-38952.45690653967,68273905.5868103,1090056.9098423254,1090056.9098423254,1.0,True,-5.705321318847302,-357.3433327639203,147.0,167.0,20.0,-11.709069266974343,1.9986957209200802,-652.6236611830451,145.14545483104132,93.0,160.0,64.0,176.0
sm_all_mm,BTC|buy|60-75|>90d,BTC,buy,60-75,>90d,203,62.95621366878161,0,10251.11210643089,4846382.720987948,746976.9827679128,746976.9827679128,1.0,True,21.152089499735535,137.23464501470363,35.0,67.0,32.0,2.051380330096122,42.5677907474545,13.977266977285495,274.6517982997965,12.0,93.0,48.0,104.0
sm_all_mm,BTC|buy|75-90|2-7d,BTC,buy,75-90,2-7d,905,494.7238589062519,0,-22549.816656346084,37905055.51372149,1701683.577946764,1701683.577946764,1.0,True,-5.949026152509692,-132.5147456823582,148.0,152.0,4.0,-34.8017195200297,13.653183500550792,-711.0336637274178,309.7971796527405,49.0,171.0,44.0,176.0
sm_all_mm,BTC|buy|75-90|30-90d,BTC,buy,75-90,30-90d,362,384.76703570272616,0,71733.29071985975,31057078.78722346,4437575.310163407,4437575.310163407,1.0,True,23.097243372860312,161.6497427222667,32.0,60.0,28.0,7.305377836710731,40.45021460268418,48.2321342850851,300.9702941758071,13.0,67.0,45.0,85.0
sm_all_mm,BTC|buy|75-90|7-30d,BTC,buy,75-90,7-30d,1032,821.0361697639913,0,89687.88961462337,60726995.66256664,5900089.270760656,5900089.270760656,1.0,True,14.769031241555199,152.01107220376102,45.0,62.0,17.0,-2.0250518151957073,29.31568533409599,-20.69260919811913,303.7493848426988,23.0,133.0,45.0,125.0
sm_all_mm,BTC|buy|75-90|<=2d,BTC,buy,75-90,<=2d,1038,493.22642966684805,0,9134.960335485133,39002422.87263038,868953.2675034426,868953.2675034426,1.0,True,2.3421520158675873,105.12602549652007,89.0,70.0,-19.0,-4.836901163176136,10.28639479432914,-212.0516901329292,467.2261778308143,57.0,145.0,33.0,160.0
sm_all_mm,BTC|buy|75-90|>90d,BTC,buy,75-90,>90d,110,43.13100385325913,0,25151.671674103858,3706550.526264482,863203.5536141711,863203.5536141711,1.0,False,67.857355500431,291.3759051245285,,,,,,,,,,,
sm_all_mm,BTC|buy|90-100|2-7d,BTC,buy,90-100,2-7d,456,643.0670778183209,0,6035.6590833087985,51328602.396087654,4446889.475841686,4446889.475841686,1.0,True,1.1758861144773438,13.572766123597884,101.0,102.0,1.0,-14.373763846042685,11.39496724705563,-132.77808560115292,125.60676371779061,55.0,162.0,67.0,152.0
sm_all_mm,BTC|buy|90-100|30-90d,BTC,buy,90-100,30-90d,83,19.98106645463951,0,-2016.021925580126,1630268.9002615525,385380.4040138387,385380.4040138387,1.0,False,-12.36619262783388,-52.31251782868888,,,,,,,,,,,
sm_all_mm,BTC|buy|90-100|7-30d,BTC,buy,90-100,7-30d,386,430.6067952752809,0,-89230.29466834429,30191702.223153543,5443468.009283607,5443468.009283607,1.0,True,-29.554575627708388,-163.92177655157658,169.0,156.0,-13.0,-68.53748159488887,9.128725867885324,-360.1742006898091,48.29753700553112,61.0,177.0,85.0,168.0
sm_all_mm,BTC|buy|90-100|<=2d,BTC,buy,90-100,<=2d,849,471.2395440217784,0,143525.1779713807,38003443.23386118,1516319.6809215108,1516319.6809215108,1.0,True,37.76636161312335,946.536405068332,11.0,19.0,8.0,12.275494845218969,96.18438286268673,307.4961473104359,2410.0645657471546,4.0,52.0,6.0,44.0
sm_all_mm,BTC|buy|90-100|>90d,BTC,buy,90-100,>90d,49,18.861497400000005,0,18289.90335186221,1476765.1528304357,776884.8210524999,776884.8210524999,1.0,False,123.85113040355093,235.42619003784378,,,,,,,,,,,
sm_all_mm,BTC|sell|00-10|2-7d,BTC,sell,00-10,2-7d,4466,6578.730099608015,0,22521.708144923054,488356754.1606403,43926430.38960281,43926430.38960281,1.0,True,0.46117327042260486,5.12714280335737,109.0,109.0,0.0,-0.1482906382798646,1.1925758168171545,-1.6478065317616122,13.266352403897324,100.0,119.0,102.0,119.0
sm_all_mm,BTC|sell|00-10|30-90d,BTC,sell,00-10,30-90d,2124,2330.616611709483,0,-8769.896544700092,186178623.34834966,16765324.04489667,16765324.04489667,1.0,True,-0.47104744825033806,-5.230973479077865,117.0,115.0,-2.0,-1.5876973839195252,0.4104944162941457,-17.611368673654777,4.561520883988618,109.0,131.0,109.0,126.0
sm_all_mm,BTC|sell|00-10|7-30d,BTC,sell,00-10,7-30d,4498,5539.865003462421,1,25938.024801017815,421520204.6483649,37902424.05201106,37902424.05201106,1.0,True,0.615344757261529,6.843368320037983,106.0,106.0,0.0,-0.63707453216716,1.6954236129055602,-7.075124073136898,18.880771819266013,96.0,122.0,98.0,121.0
sm_all_mm,BTC|sell|00-10|<=2d,BTC,sell,00-10,<=2d,7649,5584.180267626843,0,60397.602703940196,455079409.9218776,40884331.257351734,40884331.257351734,1.0,True,1.3271882090712148,14.772799467786239,97.0,98.0,1.0,1.1181421549163353,1.5307735705338605,12.445452362143035,17.04091495863148,94.0,107.0,96.0,110.0
sm_all_mm,BTC|sell|00-10|>90d,BTC,sell,00-10,>90d,573,2160.381562097767,0,-139632.4162940151,154021195.26068613,14000506.288472427,14000506.288472427,1.0,True,-9.065792279931504,-99.73383348928174,156.0,148.0,-8.0,-11.044866022503513,-5.230269485860935,-121.24910663656303,-57.79584251762072,145.0,161.0,137.0,154.0
sm_all_mm,BTC|sell|10-25|2-7d,BTC,sell,10-25,2-7d,4679,4802.963829999999,1,73864.29379622346,374649399.5932438,33631879.08539255,33631879.08539255,1.0,True,1.9715577784568132,21.96258306253997,93.0,94.0,1.0,0.7722805856664632,3.164804725519075,8.597457047433368,35.27625867016424,82.0,108.0,88.0,110.0
sm_all_mm,BTC|sell|10-25|30-90d,BTC,sell,10-25,30-90d,3328,5227.9448091883705,0,-49726.13452137482,393316681.55503196,35367488.54922402,35367488.54922402,1.0,True,-1.2642772822341444,-14.05984325185166,129.0,122.0,-7.0,-3.0357078563642395,0.6514309162401493,-33.69624017022654,7.253144491963592,108.0,139.0,109.0,132.0
sm_all_mm,BTC|sell|10-25|7-30d,BTC,sell,10-25,7-30d,5700,5990.494180630845,0,-12867.941977887636,457739941.8132698,41123750.38568012,41123750.38568012,1.0,True,-0.2811190547827915,-3.1290779311724544,114.0,113.0,-1.0,-2.0767338770363226,1.4748844215514731,-23.08191530335131,16.431289468342797,98.0,133.0,101.0,128.0
sm_all_mm,BTC|sell|10-25|<=2d,BTC,sell,10-25,<=2d,6830,3800.826718000071,0,28791.098726370805,316370549.56096464,28406605.413385488,28406605.413385488,1.0,True,0.9100435791613642,10.135353488172909,103.0,103.0,0.0,0.39208125110538716,1.39761077512557,4.366554855840253,15.567718209342676,97.0,113.0,99.0,115.0
sm_all_mm,BTC|sell|10-25|>90d,BTC,sell,10-25,>90d,791,1135.2184538823906,1,-82840.98610099651,88758516.31862026,8049349.814519306,8049349.814519306,1.0,True,-9.333300007361396,-102.91636965704868,158.0,150.0,-8.0,-15.389140660316839,1.7382966811223957,-168.8249944024874,19.368741532235312,97.0,164.0,100.0,157.0
sm_all_mm,BTC|sell|25-40|2-7d,BTC,sell,25-40,2-7d,3583,4890.7996612860325,1,23080.921443132407,359468425.2266289,32256028.01242228,32256028.01242228,1.0,True,0.6420848069919051,7.155537388001895,105.0,105.0,0.0,-2.914569949874052,4.969493272366134,-32.471147144724064,55.468868376813255,75.0,138.0,82.0,131.0
sm_all_mm,BTC|sell|25-40|30-90d,BTC,sell,25-40,30-90d,2852,3500.147512931782,0,38274.15978834048,266471499.69863963,23947285.988261245,23947285.988261245,1.0,True,1.4363322093216666,15.982671191675813,96.0,97.0,1.0,-7.895167155645447,8.596315480195976,-87.10556351288206,96.31038987422306,62.0,154.0,73.0,146.0
sm_all_mm,BTC|sell|25-40|7-30d,BTC,sell,25-40,7-30d,5279,5849.053637002143,2,-387324.5702459557,428593923.669637,38886935.02050829,38886935.02050829,1.0,True,-9.037098961405436,-99.60275090893317,155.0,147.0,-8.0,-34.11137138274634,6.47994520800164,-366.07363501866547,72.6062523950907,68.0,171.0,76.0,168.0
sm_all_mm,BTC|sell|25-40|<=2d,BTC,sell,25-40,<=2d,4677,1824.973359999963,0,38405.11529650593,148201080.66275212,13258657.342600726,13258657.342600726,1.0,True,2.591419382689995,28.96606670202448,85.0,88.0,3.0,1.3542893610434168,3.8014365286578315,15.123862051424794,42.506365455617086,78.0,101.0,85.0,104.0
sm_all_mm,BTC|sell|25-40|>90d,BTC,sell,25-40,>90d,907,856.8978942441227,1,286626.99533724645,66312447.694751196,5677380.4677353045,5677380.4677353045,1.0,True,43.22370916794461,504.85782477703384,9.0,29.0,20.0,22.31017165032279,82.49684476388799,254.35608920097212,1009.2099306109882,4.0,34.0,18.0,50.0
sm_all_mm,BTC|sell|40-60|2-7d,BTC,sell,40-60,2-7d,4663,2801.698050421827,0,126027.97856477374,221687896.25426427,19735173.290403284,19735173.290403284,1.0,True,5.684928256986405,63.85957534310477,70.0,78.0,8.0,-0.17551346481732563,10.962141981574637,-1.965162291842853,123.20917752085708,55.0,116.0,66.0,116.0
sm_all_mm,BTC|sell|40-60|30-90d,BTC,sell,40-60,30-90d,3653,3601.3058148083837,0,36131.67969117274,290074512.0179678,25872995.841753777,25872995.841753777,1.0,True,1.2455999474002277,13.965015845928258,100.0,101.0,1.0,-3.361181874109189,10.186449955611593,-37.647969367794644,115.16498726545194,57.0,139.0,68.0,132.0
sm_all_mm,BTC|sell|40-60|7-30d,BTC,sell,40-60,7-30d,6340,5752.519804520993,1,-1769245.1283040645,434995487.47112346,40753616.83352019,40753616.83352019,1.0,True,-40.67272372386422,-434.13205152599994,173.0,173.0,0.0,-73.11915622543124,-9.353208859936943,-755.1682368744777,-103.0581839446074,155.0,177.0,148.0,176.0
sm_all_mm,BTC|sell|40-60|<=2d,BTC,sell,40-60,<=2d,5033,2014.4827215342898,0,1092.3730900047278,162486440.2305672,14501615.114218017,14501615.114218017,1.0,True,0.0672285692550503,0.7532768463381141,111.0,111.0,0.0,-3.445197344291686,3.390713585938315,-38.604996699880424,37.99078020288091,83.0,140.0,89.0,132.0
sm_all_mm,BTC|sell|40-60|>90d,BTC,sell,40-60,>90d,1160,451.0321393999752,0,88840.03277009072,34718754.08170358,3034699.0636998657,3034699.0636998657,1.0,True,25.588485278309133,292.74742208467325,27.0,43.0,16.0,12.735466116259564,44.532756685055205,143.89998910683173,520.4075814261977,11.0,51.0,30.0,64.0
sm_all_mm,BTC|sell|60-75|2-7d,BTC,sell,60-75,2-7d,1094,1096.6229644037624,0,-4654.288150927385,83210449.32603276,7451956.475766673,7451956.475766673,1.0,True,-0.5593393844913742,-6.2457264291100705,119.0,116.0,-3.0,-8.540523347811327,5.384014364987169,-95.26868610919452,60.085303207888074,74.0,155.0,82.0,147.0
sm_all_mm,BTC|sell|60-75|30-90d,BTC,sell,60-75,30-90d,821,204.88493036451396,0,-6208.5310863827435,15522927.41711686,1396336.9854483972,1396336.9854483972,1.0,True,-3.9995877836397695,-44.462985304289106,144.0,134.0,-10.0,-14.838813678614802,7.380431305168774,-163.59807302017268,82.87121936182427,67.0,163.0,76.0,156.0
sm_all_mm,BTC|sell|60-75|7-30d,BTC,sell,60-75,7-30d,1599,2947.859902580181,0,-4110175.785225323,218868833.91233486,23680103.154348213,23680103.154348213,1.0,True,-187.79173406075722,-1735.70856445809,181.0,180.0,-1.0,-351.88767641538936,-31.3802594931701,-2822.6927080644896,-340.9343056544509,171.0,182.0,168.0,182.0
sm_all_mm,BTC|sell|60-75|<=2d,BTC,sell,60-75,<=2d,1282,501.0399009392376,0,-8734.779542832826,40430253.10607258,3619500.373273371,3619500.373273371,1.0,True,-2.160456309762966,-24.132555994001308,136.0,128.0,-8.0,-5.826387389998389,1.4450284405412475,-65.0631850064576,16.177139373486412,100.0,148.0,102.0,140.0
sm_all_mm,BTC|sell|60-75|>90d,BTC,sell,60-75,>90d,307,92.44699903362762,0,-29295.044559583344,7341395.818991026,681526.9273179504,681526.9273179504,1.0,True,-39.903916478391906,-429.8442715223257,171.0,171.0,0.0,-113.7541293275415,46.47879546108745,-1140.4610675789177,549.7174040693965,11.0,179.0,30.0,178.0
sm_all_mm,BTC|sell|75-90|2-7d,BTC,sell,75-90,2-7d,602,310.66426000000007,0,-31244.154443353895,24834938.222939372,2243636.165646401,2243636.165646401,1.0,True,-12.580725654672458,-139.2567784463054,161.0,153.0,-8.0,-22.92657328232956,-1.878048126724949,-252.1918801382688,-20.949215119202787,133.0,168.0,127.0,163.0
sm_all_mm,BTC|sell|75-90|30-90d,BTC,sell,75-90,30-90d,307,99.77411879997602,0,-17719.551633426876,7815666.486895977,713872.8637164803,713872.8637164803,1.0,True,-22.671836961231783,-248.21719011950455,166.0,163.0,-3.0,-43.629090019795754,-2.976680166535123,-467.7439874812143,-33.06302728263291,138.0,174.0,131.0,172.0
sm_all_mm,BTC|sell|75-90|7-30d,BTC,sell,75-90,7-30d,756,525.738561488395,0,-13852.49138969369,39037153.152550474,3532945.1209191503,3532945.1209191503,1.0,True,-3.5485403701341998,-39.209472311559004,141.0,132.0,-9.0,-12.221980585481365,3.7210361547689517,-134.45666457663157,41.367257174701855,81.0,161.0,87.0,153.0
sm_all_mm,BTC|sell|75-90|<=2d,BTC,sell,75-90,<=2d,801,423.75009982328635,0,52413.568134647474,31823008.337109465,2854835.159641739,2854835.159641739,1.0,True,16.47033730419727,183.59577770236302,44.0,57.0,13.0,-1.0243821199321916,33.67791688244088,-11.38653718499611,377.99313329368465,19.0,125.0,39.0,121.0
sm_all_mm,BTC|sell|75-90|>90d,BTC,sell,75-90,>90d,132,53.2620726522192,0,-25124.805495585464,4017445.3777085664,385785.38872082194,385785.38872082194,1.0,False,-62.53925849246001,-651.2637914798614,,,,,,,,,,,
sm_all_mm,BTC|sell|90-100|2-7d,BTC,sell,90-100,2-7d,300,100.60737520325875,0,6704.067071995338,8112200.662870249,723161.6954717021,723161.6954717021,1.0,True,8.264178057971403,92.7049526264306,65.0,74.0,9.0,-1.3960945179051445,18.933566797768115,-15.634599750851912,212.90370258377183,40.0,128.0,54.0,124.0
sm_all_mm,BTC|sell|90-100|30-90d,BTC,sell,90-100,30-90d,112,34.27161114595515,0,-32494.85442911498,2495254.3941159593,238172.22218230827,238172.22218230827,1.0,False,-130.22661940097512,-1364.3427487627791,,,,,,,,,,,
sm_all_mm,BTC|sell|90-100|7-30d,BTC,sell,90-100,7-30d,265,108.61216609726984,0,-23645.297381922177,8345942.090058878,768593.8325646399,768593.8325646399,1.0,True,-28.331489874686355,-307.6436003008595,168.0,165.0,-3.0,-63.455357523422265,5.694252331845608,-663.9756186693265,63.87784619224284,74.0,176.0,81.0,176.0
sm_all_mm,BTC|sell|90-100|<=2d,BTC,sell,90-100,<=2d,792,605.8111560591666,0,47518.67083416742,44668624.25190382,4011314.213397662,4011314.213397662,1.0,True,10.638042167180048,118.4616021239537,57.0,69.0,12.0,-16.818994678775816,48.692103050975206,-186.05644689543493,544.3002432920869,10.0,164.0,30.0,158.0
sm_all_mm,BTC|sell|90-100|>90d,BTC,sell,90-100,>90d,121,36.207600000000035,0,-30730.42503554801,2673930.8514027945,275421.3043780365,275421.3043780365,1.0,False,-114.92602742298386,-1115.7606382318263,,,,,,,,,,,
sm_all_mm,ETH|buy|00-10|2-7d,ETH,buy,00-10,2-7d,8107,177620.7253105501,0,135616.70299015322,480803557.46493006,1109147.9192900686,1109147.9192900686,1.0,True,2.820626030830588,1222.710700994303,81.0,16.0,-65.0,1.8263550447892276,3.860811123239665,777.4895123210162,1707.093650944727,78.0,97.0,9.0,23.0
sm_all_mm,ETH|buy|00-10|30-90d,ETH,buy,00-10,30-90d,2761,48437.16164118823,0,100208.50726938655,113811675.54455316,673332.4609732686,673332.4609732686,1.0,True,8.804765134149926,1488.2470856156278,62.0,13.0,-49.0,6.229792249089043,10.942838190073271,987.9682099380528,1960.4650493554045,54.0,72.0,7.0,19.0
sm_all_mm,ETH|buy|00-10|7-30d,ETH,buy,00-10,7-30d,7358,73640.78548936895,0,-28289.31367918788,197537154.84731546,736392.470201088,736392.470201088,1.0,True,-1.4321008977300418,-384.1608221694997,132.0,169.0,37.0,-5.259752373991315,1.9027182699296001,-1305.9112229610291,552.0376518792468,95.0,147.0,30.0,178.0
sm_all_mm,ETH|buy|00-10|<=2d,ETH,buy,00-10,<=2d,7859,74199.12269511336,0,-10661.940212220472,195523496.77634147,134463.09527723127,134463.09527723127,1.0,True,-0.5453022469425566,-792.9268763476,118.0,177.0,59.0,-1.0333569990793847,-0.05368386643259323,-1448.1091637550724,-79.03539196134072,113.0,128.0,144.0,179.0
sm_all_mm,ETH|buy|00-10|>90d,ETH,buy,00-10,>90d,1404,103682.40619374825,0,503948.6354282521,256293482.84687153,1059206.9232853835,1059206.9232853835,1.0,True,19.662951622119394,4757.792121157356,39.0,2.0,-37.0,16.909740913480455,22.228764309854828,3495.194023193778,6069.851808971367,31.0,46.0,1.0,4.0
sm_all_mm,ETH|buy|10-25|2-7d,ETH,buy,10-25,2-7d,11313,196874.17837838706,0,128856.42172439385,523497186.74640524,2471369.899105574,2471369.899105574,1.0,True,2.4614539483058393,521.3967434459282,88.0,28.0,-60.0,1.3239184903826395,3.8756880658386823,304.2069350490534,759.6871191359157,78.0,101.0,23.0,45.0
sm_all_mm,ETH|buy|10-25|30-90d,ETH,buy,10-25,30-90d,6844,84368.97463752268,0,195073.16397708494,203878406.590093,4217325.415681447,4217325.415681447,1.0,True,9.56811303559423,462.55184210290423,59.0,30.0,-29.0,6.805384683098797,13.062705251138524,324.116575914763,641.3144534930872,50.0,71.0,26.0,44.0
sm_all_mm,ETH|buy|10-25|7-30d,ETH,buy,10-25,7-30d,13225,120711.24997649161,0,146825.3807313342,315180935.128262,3465567.2863808516,3465567.2863808516,1.0,True,4.658447398526311,423.66910984050276,74.0,33.0,-41.0,0.3728302875885831,10.364611613494613,33.23143531704073,950.4725413468839,57.0,112.0,20.0,93.0
sm_all_mm,ETH|buy|10-25|<=2d,ETH,buy,10-25,<=2d,12082,96755.34656267695,0,62447.82554707123,274271557.70237154,828868.14522156,828868.14522156,1.0,True,2.2768611543322,753.4108519803069,90.0,25.0,-65.0,1.3782115553377596,3.257786316061207,453.8210605563683,1083.058878897637,82.0,102.0,17.0,33.0
sm_all_mm,ETH|buy|10-25|>90d,ETH,buy,10-25,>90d,1765,29016.296049023775,0,137965.8005718443,66113368.82195534,2255316.201708026,2255316.201708026,1.0,True,20.868063907526636,611.7359528892587,36.0,27.0,-9.0,16.16016348150884,25.9679144110808,448.6785644927445,767.5637186086049,27.0,47.0,22.0,34.0
sm_all_mm,ETH|buy|25-40|2-7d,ETH,buy,25-40,2-7d,8465,65517.059123447456,0,-6016.562787098507,183839370.03790918,2535963.98520344,2535963.98520344,1.0,True,-0.3272728135359604,-23.724953596357352,115.0,127.0,12.0,-1.9514184823886866,1.4683705905093134,-142.12664481267893,106.004062359146,99.0,133.0,71.0,154.0
sm_all_mm,ETH|buy|25-40|30-90d,ETH,buy,25-40,30-90d,6798,50664.296606683514,0,95024.31428000465,136564910.01912728,6548833.491666224,6548833.491666224,1.0,True,6.958179393718016,145.1011304546507,67.0,63.0,-4.0,2.3540293660971376,12.791053264315225,49.28244035038028,268.22178027960024,52.0,90.0,49.0,85.0
sm_all_mm,ETH|buy|25-40|7-30d,ETH,buy,25-40,7-30d,12066,69606.48576513815,0,-19626.802743790027,190319976.76243943,4839067.5724828895,4839067.5724828895,1.0,True,-1.0312528972346675,-40.55905905384921,127.0,133.0,6.0,-2.7921619113743095,0.7915197664888902,-110.2315646335886,30.976923002748777,106.0,138.0,92.0,150.0
sm_all_mm,ETH|buy|25-40|<=2d,ETH,buy,25-40,<=2d,9038,53428.10935331554,0,-1056.4742293022841,155545203.9832699,1118970.6847680348,1118970.6847680348,1.0,True,-0.06792072029529861,-9.441482638316781,112.0,120.0,8.0,-2.2143643967827353,2.3495197194887854,-308.1756213363043,327.71189009365077,90.0,135.0,43.0,166.0
sm_all_mm,ETH|buy|25-40|>90d,ETH,buy,25-40,>90d,1993,29665.22671652148,0,248219.8199165426,73811612.46108125,5917940.215886384,5917940.215886384,1.0,True,33.628830429279915,419.4361735020745,14.0,34.0,20.0,25.545063880259082,41.44687670101172,324.29099655758137,509.7804292799397,12.0,29.0,30.0,44.0
sm_all_mm,ETH|buy|40-60|2-7d,ETH,buy,40-60,2-7d,9906,80610.3976999988,0,-82786.91566911858,229061354.97289452,5591451.549865078,5591451.549865078,1.0,True,-3.614180824125265,-148.05979257947112,142.0,154.0,12.0,-5.295720987783348,-1.9549632193433912,-219.7507214522214,-79.6071898599164,131.0,149.0,143.0,162.0
sm_all_mm,ETH|buy|40-60|30-90d,ETH,buy,40-60,30-90d,6691,36232.784629409405,0,46495.70447150834,101091607.17112482,9188674.511281572,9188674.511281572,1.0,True,4.5993634657328,50.60110075117183,75.0,81.0,6.0,-0.4748210192716142,10.456561011089965,-5.206359077091729,116.17440283879128,57.0,120.0,69.0,118.0
sm_all_mm,ETH|buy|40-60|7-30d,ETH,buy,40-60,7-30d,13236,54365.841908597424,0,-53388.18558310186,145075225.92970014,6942684.709821048,6942684.709821048,1.0,True,-3.6800346331338787,-76.89847345016187,143.0,142.0,-1.0,-8.177992537078596,1.8531359045093208,-170.35874055911478,39.032909946085596,95.0,155.0,89.0,158.0
sm_all_mm,ETH|buy|40-60|<=2d,ETH,buy,40-60,<=2d,9810,46617.44829999866,0,-10445.6083375045,136285053.69892833,1645220.6004543062,1645220.6004543062,1.0,True,-0.766452964136495,-63.49062450725503,122.0,139.0,17.0,-2.8866875474943736,1.3877139706132795,-238.59567992633671,115.10585299179313,99.0,138.0,69.0,162.0
sm_all_mm,ETH|buy|40-60|>90d,ETH,buy,40-60,>90d,2072,17249.486798690745,0,253275.04718714618,46376646.76728503,8449893.857216826,8449893.857216826,1.0,True,54.612626147393485,299.7375487395393,6.0,41.0,35.0,43.990888820052035,64.67495403592427,246.3640725543813,359.28544267227795,5.0,12.0,39.0,52.0
sm_all_mm,ETH|buy|60-75|2-7d,ETH,buy,60-75,2-7d,3201,21138.09900725326,0,-5769.779897543785,59241027.9170099,2142297.0226895115,2142297.0226895115,1.0,True,-0.9739499972260115,-26.932679439101356,126.0,129.0,3.0,-5.499557677628932,3.971432484825746,-154.48905660864736,106.51138773523657,80.0,148.0,71.0,155.0
sm_all_mm,ETH|buy|60-75|30-90d,ETH,buy,60-75,30-90d,2031,16446.14078844417,0,131538.78282258532,41269195.09951597,6394777.820491303,6394777.820491303,1.0,True,31.8733579623723,205.69718998068234,15.0,53.0,38.0,21.03786772170111,44.553518930017674,137.70154688840466,278.6921575434506,11.0,36.0,46.0,66.0
sm_all_mm,ETH|buy|60-75|7-30d,ETH,buy,60-75,7-30d,5009,21500.680720085114,0,-12363.699454735977,54561678.25252194,4248717.958732745,4248717.958732745,1.0,True,-2.2660042452349796,-29.09983570296502,137.0,130.0,-7.0,-8.533560632038402,3.964675669026879,-112.92483303565032,48.94496597191165,80.0,155.0,84.0,150.0
sm_all_mm,ETH|buy|60-75|<=2d,ETH,buy,60-75,<=2d,3156,15610.93793578716,0,51110.377418430886,41440956.14907084,770221.5105880355,770221.5105880355,1.0,True,12.333300716947106,663.5802391367909,52.0,26.0,-26.0,5.547108153712543,19.958311747169166,305.86580099358474,1049.0963620350117,38.0,74.0,18.0,44.0
sm_all_mm,ETH|buy|60-75|>90d,ETH,buy,60-75,>90d,993,10799.590493390784,0,279958.4278386029,27709294.14951776,7917440.419680449,7917440.419680449,1.0,True,101.03412462546441,353.5971387201195,3.0,38.0,35.0,81.5406252497426,122.8945690579043,298.16584109767547,418.6835792206174,2.0,5.0,34.0,47.0
sm_all_mm,ETH|buy|75-90|2-7d,ETH,buy,75-90,2-7d,2088,8432.01040058608,0,53064.13967790582,21847090.57290783,1497076.326760499,1497076.326760499,1.0,True,24.288881625139446,354.45179867836475,29.0,37.0,8.0,18.739699635244072,30.481351381655823,273.5455435740988,443.7094971512182,21.0,41.0,33.0,49.0
sm_all_mm,ETH|buy|75-90|30-90d,ETH,buy,75-90,30-90d,936,11882.581780977585,0,122940.14913215562,30429099.00356834,5837287.671406043,5837287.671406043,1.0,True,40.402165413356066,210.61177048782096,10.0,51.0,41.0,29.367126344326895,57.2552138131175,164.28649982654838,258.17485234806685,7.0,24.0,47.0,62.0
sm_all_mm,ETH|buy|75-90|7-30d,ETH,buy,75-90,7-30d,2422,15147.688115904768,0,95249.16264423695,37203223.99388126,5183400.203884336,5183400.203884336,1.0,True,25.602394744042176,183.7580717245393,26.0,55.0,29.0,14.253923453734604,38.32986192930201,108.81885265078124,252.95735753104435,14.0,48.0,49.0,70.0
sm_all_mm,ETH|buy|75-90|<=2d,ETH,buy,75-90,<=2d,2275,9129.697459079916,0,68785.35234122806,23141893.695702296,686784.6039341522,686784.6039341522,1.0,True,29.72330322042844,1001.5564115328232,19.0,18.0,-1.0,21.699654387868605,37.03037375500907,709.0968582757152,1313.9755654742723,14.0,35.0,14.0,25.0
sm_all_mm,ETH|buy|75-90|>90d,ETH,buy,75-90,>90d,478,2077.641215880703,0,88468.67935043699,5441667.408005768,2425650.30423741,2425650.30423741,1.0,True,162.57641769925533,364.72149013355113,1.0,36.0,35.0,135.9317422131458,196.07278208670888,322.55014351773264,426.1743369357608,1.0,2.0,33.0,45.0
sm_all_mm,ETH|buy|90-100|2-7d,ETH,buy,90-100,2-7d,941,4328.304388911567,0,-2779.5997323349266,10637261.513865562,1592299.8106728413,1592299.8106728413,1.0,True,-2.6130783084647744,-17.456509846348474,138.0,123.0,-15.0,-25.07049915799989,18.77711532541145,-163.65996603261672,129.66980997028517,40.0,168.0,67.0,156.0
sm_all_mm,ETH|buy|90-100|30-90d,ETH,buy,90-100,30-90d,338,2053.202459553377,0,34523.275352089375,6005374.0759534845,3973674.781558285,3973674.781558285,1.0,True,57.48730206553877,86.87997194010678,5.0,75.0,70.0,36.85938901243251,87.57120889482111,49.26611921414022,169.5164905315043,4.0,16.0,59.0,86.0
sm_all_mm,ETH|buy|90-100|7-30d,ETH,buy,90-100,7-30d,884,7671.277445469257,0,-79716.65783761477,19663104.7670728,4594596.605284753,4594596.605284753,1.0,True,-40.54123638251966,-173.500885248389,172.0,158.0,-14.0,-139.4820906492648,40.155745998810794,-603.1684681317467,171.27520484892318,13.0,179.0,59.0,174.0
sm_all_mm,ETH|buy|90-100|<=2d,ETH,buy,90-100,<=2d,2040,9826.143276283725,0,-16260.378084164402,24837377.249798745,1638534.9117725072,1638534.9117725072,1.0,True,-6.546737169801678,-99.23730014745013,150.0,146.0,-4.0,-23.899880385011624,23.99960453351429,-395.62809782656586,322.28361332841547,31.0,168.0,43.0,169.0
sm_all_mm,ETH|buy|90-100|>90d,ETH,buy,90-100,>90d,120,1067.4792341299021,0,35193.18837480752,2475313.7132427925,1317883.7412057791,1317883.7412057791,1.0,False,142.1766792084813,267.0431941334067,,,,,,,,,,,
sm_all_mm,ETH|sell|00-10|2-7d,ETH,sell,00-10,2-7d,14085,222724.83693329355,0,-119429.53447777136,603646659.4822052,54392079.406268105,54392079.406268105,1.0,True,-1.97846757870267,-21.957155486871933,135.0,125.0,-10.0,-3.3257190125670584,-0.6668563521609717,-36.86520067966373,-7.409457507001222,120.0,142.0,116.0,134.0
sm_all_mm,ETH|sell|00-10|30-90d,ETH,sell,00-10,30-90d,5124,79006.991555926,0,84200.72967088486,197600209.5100245,17685042.206130937,17685042.206130937,1.0,True,4.26116601190209,47.61126871480956,77.0,82.0,5.0,0.8081762690318179,7.847799217351374,8.992805568497548,88.04070512876754,65.0,106.0,74.0,108.0
sm_all_mm,ETH|sell|00-10|7-30d,ETH,sell,00-10,7-30d,11829,123621.1388859383,0,84486.60397444924,325489740.2224095,29174698.9690241,29174698.9690241,1.0,True,2.595676408009633,28.95886057441481,84.0,89.0,5.0,-0.04577983295242855,6.377779486339416,-0.5091940067421116,71.46806972678341,70.0,117.0,78.0,117.0
sm_all_mm,ETH|sell|00-10|<=2d,ETH,sell,00-10,<=2d,20538,195086.82839595323,0,99394.3191869427,536559765.0201198,48173842.48246216,48173842.48246216,1.0,True,1.852437056722202,20.6324249976795,94.0,95.0,1.0,1.6022692285599778,2.0717609042119847,17.844120797618448,23.078445941592268,89.0,102.0,92.0,105.0
sm_all_mm,ETH|sell|00-10|>90d,ETH,sell,00-10,>90d,1528,89682.88476735984,0,-97613.50956206203,217921449.5999321,19734003.688049663,19734003.688049663,1.0,True,-4.479297918642904,-49.464625174451506,146.0,138.0,-8.0,-7.548957508061573,-0.9744562476524625,-83.1300259609111,-10.794200667279336,124.0,154.0,120.0,146.0
sm_all_mm,ETH|sell|10-25|2-7d,ETH,sell,10-25,2-7d,12318,162979.64510799298,0,-194441.25926391632,437934137.1269265,39450842.56777802,39450842.56777802,1.0,True,-4.4399658026102085,-49.286972497446406,145.0,137.0,-8.0,-6.386489965007267,-2.5183170435138336,-70.85638937525084,-27.961230708058974,134.0,152.0,126.0,144.0
sm_all_mm,ETH|sell|10-25|30-90d,ETH,sell,10-25,30-90d,7645,77762.62560267467,0,24482.699391113678,195050763.83785933,17507206.34491517,17507206.34491517,1.0,True,1.25519628374619,13.984355304194198,99.0,100.0,1.0,-0.8296077275497844,3.2615285539928243,-9.221888725930395,36.42657917845883,82.0,123.0,89.0,121.0
sm_all_mm,ETH|sell|10-25|7-30d,ETH,sell,10-25,7-30d,14118,115433.28209078172,0,18242.191779938534,306090167.94051045,27472483.395593714,27472483.395593714,1.0,True,0.5959744444808158,6.640168461386487,107.0,107.0,0.0,-0.268441131221445,1.4453596124593915,-2.987127742001392,16.111273993444552,98.0,119.0,100.0,119.0
sm_all_mm,ETH|sell|10-25|<=2d,ETH,sell,10-25,<=2d,18564,124672.26921590268,0,-21728.418002732997,338306742.1495006,30357341.894491237,30357341.894491237,1.0,True,-0.6422697302654118,-7.157549589898687,120.0,117.0,-3.0,-3.4250694296188238,1.2288210853640198,-38.15241113903193,13.698568114709463,101.0,139.0,103.0,133.0
sm_all_mm,ETH|sell|10-25|>90d,ETH,sell,10-25,>90d,2200,58661.16216454124,0,164645.34283827015,145977348.60124627,12967740.014737379,12967740.014737379,1.0,True,11.278828148058617,126.9653329347724,55.0,68.0,13.0,2.3264139756973687,15.856346885535029,25.962576724403938,179.45888930234673,44.0,91.0,57.0,97.0
sm_all_mm,ETH|sell|25-40|2-7d,ETH,sell,25-40,2-7d,8898,85738.05531496592,0,204023.43907761047,234626657.04933995,20901800.908729203,20901800.908729203,1.0,True,8.695663214206139,97.61045948552898,63.0,72.0,9.0,2.296113458178351,14.159380823594914,25.721318858649926,159.1917004797923,47.0,92.0,60.0,96.0
sm_all_mm,ETH|sell|25-40|30-90d,ETH,sell,25-40,30-90d,7787,61487.7578912973,0,33311.67777653677,154643454.00333348,13749100.683967432,13749100.683967432,1.0,True,2.1540955607353878,24.22825939108941,91.0,92.0,1.0,-8.009028240283522,10.185947285493315,-89.92743619291618,114.73124177726012,56.0,153.0,68.0,145.0
sm_all_mm,ETH|sell|25-40|7-30d,ETH,sell,25-40,7-30d,12260,80867.27557160285,0,81637.87680996476,210764252.04680178,18779245.325201064,18779245.325201064,1.0,True,3.873421418345482,43.472394867971445,78.0,83.0,5.0,1.7677836286404278,6.099357766174279,19.807301223314788,68.52487034026679,70.0,97.0,77.0,100.0
sm_all_mm,ETH|sell|25-40|<=2d,ETH,sell,25-40,<=2d,13879,71398.78198903947,0,-18776.827126584594,195884608.3652676,17521098.107216235,17521098.107216235,1.0,True,-0.9585657231205882,-10.716695387289212,125.0,121.0,-4.0,-4.414302590083365,2.1303984090642896,-49.28976229446232,23.863697618285123,93.0,144.0,96.0,136.10000000000036
sm_all_mm,ETH|sell|25-40|>90d,ETH,sell,25-40,>90d,2204,21820.739889134944,1,68630.68383395596,54038017.491377585,4789162.632989172,4789162.632989172,1.0,True,12.700444431535043,143.3041412317207,50.0,65.0,15.0,0.04114936691612381,32.423571898495815,0.4580004549136547,373.201347402062,20.0,113.0,39.0,113.10000000000036
sm_all_mm,ETH|sell|40-60|2-7d,ETH,sell,40-60,2-7d,11851,77805.44815756817,1,8560.456822888491,224822394.18824852,20087399.105594836,20087399.105594836,1.0,True,0.3807653082690971,4.261605386485397,110.0,110.0,0.0,-2.0079239281459635,2.8091193370743,-22.46764118706538,31.461862227872604,86.0,133.0,91.0,128.0
sm_all_mm,ETH|sell|40-60|30-90d,ETH,sell,40-60,30-90d,9391,49977.9942474369,0,173057.3190910841,135702611.67404035,11956888.086720865,11956888.086720865,1.0,True,12.752688909685121,144.73441403476787,49.0,64.0,15.0,7.415243446922981,19.4828743707128,83.8176655408094,222.5316713546536,39.0,67.0,52.0,76.0
sm_all_mm,ETH|sell|40-60|7-30d,ETH,sell,40-60,7-30d,15983,61757.92521582244,0,33858.97873718215,165544051.5308588,14586358.978429187,14586358.978429187,1.0,True,2.0453153359527723,23.212769401366018,92.0,93.0,1.0,-15.953493439665312,14.978861294837735,-181.08882215241104,170.38693844461784,46.0,163.0,58.0,157.0
sm_all_mm,ETH|sell|40-60|<=2d,ETH,sell,40-60,<=2d,14109,56511.42410030238,0,11350.698127608395,155069008.0125853,13818583.80148434,13818583.80148434,1.0,True,0.7319772192446848,8.21408205838658,104.0,104.0,0.0,-1.0337675001333586,2.4870631845483806,-11.597946616191702,27.924839900820935,89.0,125.0,93.0,122.0
sm_all_mm,ETH|sell|40-60|>90d,ETH,sell,40-60,>90d,3273,23065.093490471176,8,43280.4776125833,60655210.560923696,5379973.316812397,5379973.316812397,1.0,True,7.135492105680063,80.44738340491759,66.0,76.0,10.0,-8.522481475641552,26.332258854692473,-94.83206588191601,302.7905343259649,28.0,154.0,45.0,146.0
sm_all_mm,ETH|sell|60-75|2-7d,ETH,sell,60-75,2-7d,3282,15320.291900000078,0,15304.102723733626,43461346.175454564,3866883.0270346743,3866883.0270346743,1.0,True,3.5213135511151843,39.57736144780568,79.0,84.0,5.0,-2.120875769920244,9.998471714486898,-23.779935933598658,112.4839591699035,58.0,133.0,69.0,126.0
sm_all_mm,ETH|sell|60-75|30-90d,ETH,sell,60-75,30-90d,2250,10750.925023136695,0,25489.92466809635,29442363.184198014,2614605.637316408,2614605.637316408,1.0,True,8.657567501842728,97.49051369084795,64.0,73.0,9.0,-17.203431389793497,41.93712498707989,-188.42452009143474,491.1958392967538,12.0,165.0,32.0,159.0
sm_all_mm,ETH|sell|60-75|7-30d,ETH,sell,60-75,7-30d,4265,18905.044277467783,0,-36191.84260029086,48787858.39254762,4354643.231350491,4354643.231350491,1.0,True,-7.418206863906776,-83.1109247704474,152.0,143.0,-9.0,-16.654149355880794,1.7734281443156594,-186.27548906211103,19.885289228616912,97.0,165.0,99.0,159.0
sm_all_mm,ETH|sell|60-75|<=2d,ETH,sell,60-75,<=2d,3523,13719.197583271245,0,-6774.310596151396,36745759.75141734,3286985.410316686,3286985.410316686,1.0,True,-1.8435625340118598,-20.60949396029939,134.0,124.0,-10.0,-8.993745900607573,4.984733926872069,-100.46304199250126,55.76679423208639,76.0,156.0,83.0,148.0
sm_all_mm,ETH|sell|60-75|>90d,ETH,sell,60-75,>90d,1544,8139.252438755013,3,-42466.76819475594,20087896.083580192,1862311.1839675517,1862311.1839675517,1.0,True,-21.140475845784664,-228.03261109286163,165.0,161.0,-4.0,-43.486892945606456,6.95304681485727,-456.7101796196607,77.45911095843242,69.0,173.0,78.0,172.0
sm_all_mm,ETH|sell|75-90|2-7d,ETH,sell,75-90,2-7d,1848,6573.972977108554,0,-41922.388068395216,17724655.37563112,1608755.6471836339,1608755.6471836339,1.0,True,-23.652018716275034,-260.58891007957976,167.0,164.0,-3.0,-46.7606989722872,-4.785539371697312,-506.0955508239225,-53.37508873589677,144.0,174.0,137.0,173.0
sm_all_mm,ETH|sell|75-90|30-90d,ETH,sell,75-90,30-90d,1070,8646.645393881077,0,-224300.74943343783,24354967.355672315,2428108.2170878947,2428108.2170878947,1.0,True,-92.09650998821716,-923.7675151993376,179.0,178.0,-1.0,-189.25454335348172,-18.333333470878557,-1735.2553430710868,-198.13748728001988,165.0,181.0,159.0,180.0
sm_all_mm,ETH|sell|75-90|7-30d,ETH,sell,75-90,7-30d,2111,13416.399635903072,0,62778.74744629662,37167887.83264233,3224719.07311186,3224719.07311186,1.0,True,16.890587845339386,194.67974115870817,43.0,54.0,11.0,-40.78117385077749,74.93592630147633,-444.3475982196538,923.4380290245325,5.0,173.0,20.0,172.0
sm_all_mm,ETH|sell|75-90|<=2d,ETH,sell,75-90,<=2d,2326,10046.67527573207,0,-1964.4427963586727,26250248.40709468,2383665.315873911,2383665.315873911,1.0,True,-0.7483520787665159,-8.241269373164743,121.0,119.0,-2.0,-18.710467001503382,13.043849905034628,-204.4318495016603,144.3902469575912,51.0,166.0,63.0,160.0
sm_all_mm,ETH|sell|75-90|>90d,ETH,sell,75-90,>90d,611,3161.64469151085,0,-148524.13717072987,8735921.619004546,937275.3635739766,937275.3635739766,1.0,True,-170.0154186910552,-1584.6371615315297,180.0,179.0,-1.0,-224.5545491613046,-121.68618588610504,-1949.8917044311606,-1191.7172990660063,179.0,182.0,178.0,181.0
sm_all_mm,ETH|sell|90-100|2-7d,ETH,sell,90-100,2-7d,936,3475.8228008166247,2,1234.3695177585294,9427316.428260729,842741.2196167122,842741.2196167122,1.0,True,1.309354074568028,14.647076576127771,98.0,99.0,1.0,-15.680793393401089,19.74415842958681,-174.15168061829016,223.00226530659256,38.0,162.0,53.0,156.0
sm_all_mm,ETH|sell|90-100|30-90d,ETH,sell,90-100,30-90d,389,3498.498298974757,0,-51922.69977954548,10764342.118227243,1126120.3264018428,1126120.3264018428,1.0,True,-48.23583198050242,-461.07594865504166,175.0,175.0,0.0,-76.28446807049963,-20.43773914534961,-709.6894496978376,-202.58211751855396,166.0,177.0,160.0,176.0
sm_all_mm,ETH|sell|90-100|7-30d,ETH,sell,90-100,7-30d,900,6999.8213996772765,0,-81493.93330650979,18840956.456458148,1781522.770472949,1781522.770472949,1.0,True,-43.25360737117779,-457.4397513026187,174.0,174.0,0.0,-103.6463871519563,12.820801849771142,-1028.745609099029,143.05379308574553,52.0,179.0,64.0,178.0
sm_all_mm,ETH|sell|90-100|<=2d,ETH,sell,90-100,<=2d,2110,11855.453883991971,0,-26127.237867163225,28635272.72226992,2551892.0910363733,2551892.0910363733,1.0,True,-9.124144938505799,-102.38378793106587,157.0,149.0,-8.0,-15.867040194045101,-1.6318065145669696,-177.67007314890685,-18.33009757674866,131.0,164.0,125.0,158.0
sm_all_mm,ETH|sell|90-100|>90d,ETH,sell,90-100,>90d,253,1893.0336398571685,0,-138525.85228813032,5318234.8697322775,670821.9857035633,670821.9857035633,1.0,True,-260.47336321403156,-2065.016580260758,182.0,182.0,0.0,-455.9193928294941,-142.8052621250173,-2718.794159465263,-1363.7007004185716,180.0,182.0,179.0,182.0
sm_all_mm,HYPE|buy|00-10|2-7d,HYPE,buy,00-10,2-7d,216,240778.839,0,32216.628831161343,16949389.909338817,37908.66232959163,37908.66232959163,1.0,True,19.00754481635386,8498.48737764955,40.0,1.0,-39.0,5.161413620396742,27.11754489447115,2251.2531383956307,12523.081437367427,26.0,74.0,1.0,6.0
sm_all_mm,HYPE|buy|00-10|30-90d,HYPE,buy,00-10,30-90d,186,926521.12,0,178413.99405237412,46836625.391097955,337121.064911111,337121.064911111,1.0,False,38.092837082640145,5292.282583985569,,,,,,,,,,,
sm_all_mm,HYPE|buy|00-10|7-30d,HYPE,buy,00-10,7-30d,485,238303.1686,0,12419.560068041335,13550367.099809268,51431.22506901119,51431.22506901119,1.0,True,9.16547867416533,2414.789857985413,61.0,6.0,-55.0,5.653718681368267,12.62535330620735,1129.6585619248801,4169.212498269069,50.0,74.0,3.0,16.0
sm_all_mm,HYPE|buy|00-10|<=2d,HYPE,buy,00-10,<=2d,181,41723.0,0,-892.0788524002757,2240544.8994181277,3392.896647563502,3392.896647563502,1.0,False,-3.981526335990632,-2629.254424949528,,,,,,,,,,,
sm_all_mm,HYPE|buy|00-10|>90d,HYPE,buy,00-10,>90d,196,67615.44,0,31148.179656834505,5592061.689083756,41533.65890262474,41533.65890262474,1.0,False,55.70070823367124,7499.502928422731,,,,,,,,,,,
sm_all_mm,HYPE|buy|10-25|2-7d,HYPE,buy,10-25,2-7d,1329,840716.6448156161,0,114866.59957255353,48018849.47311279,461828.22159214393,461828.22159214393,1.0,True,23.921147806107022,2487.214817157625,30.0,5.0,-25.0,18.646200977310855,28.98308833118187,1934.5547884378866,3083.4993004806574,22.0,41.0,4.0,9.0
sm_all_mm,HYPE|buy|10-25|30-90d,HYPE,buy,10-25,30-90d,1554,1331089.4059496867,0,154401.76373642494,72712401.00495721,2000126.1823250798,2000126.1823250798,1.0,True,21.234584692905205,771.9601148210462,34.0,24.0,-10.0,11.889796756737244,31.266772171952642,423.66025104998545,1141.2401335238878,21.0,54.0,16.0,35.0
sm_all_mm,HYPE|buy|10-25|7-30d,HYPE,buy,10-25,7-30d,3225,1765183.4789893222,0,231581.24207121198,97121301.96090691,1527572.902797416,1527572.902797416,1.0,True,23.844536409162597,1516.0077901822,31.0,12.0,-19.0,17.744378783841338,30.422728286282847,1055.5647314137163,2063.899417307622,21.0,43.0,7.0,17.0
sm_all_mm,HYPE|buy|10-25|<=2d,HYPE,buy,10-25,<=2d,610,666964.7343000001,0,-13857.277246816118,43238338.69596843,229363.1421976622,229363.1421976622,1.0,True,-3.204858850904043,-604.1632109693586,139.0,176.0,37.0,-10.601304666171625,5.427003287631885,-1881.2927524260117,1058.6420743345905,74.0,159.0,18.0,181.0
sm_all_mm,HYPE|buy|10-25|>90d,HYPE,buy,10-25,>90d,761,814098.5860000001,0,220869.3166618409,50312146.30953407,2575015.510667281,2575015.510667281,1.0,True,43.899800120430655,857.7397524281533,8.0,22.0,14.0,18.738451409737788,66.67709798399297,351.55647221065277,1349.979970987202,5.0,40.0,14.0,40.0
sm_all_mm,HYPE|buy|25-40|2-7d,HYPE,buy,25-40,2-7d,1522,1099165.3947580706,0,172594.7406684047,60125902.284704655,1050193.5271328965,1050193.5271328965,1.0,True,28.705555195021304,1643.456526908909,20.0,10.0,-10.0,21.916952627748596,36.35697176966017,1239.9178071881993,2129.41292481075,15.0,35.0,6.0,15.0
sm_all_mm,HYPE|buy|25-40|30-90d,HYPE,buy,25-40,30-90d,1320,2221096.55,0,334407.1303539116,121168536.36473154,7771700.495939367,7771700.495939367,1.0,True,27.598511988896757,430.2882368262079,24.0,32.0,8.0,3.8111330156450864,42.464550162421,55.693339250271244,696.6917522608351,11.0,82.0,25.0,84.0
sm_all_mm,HYPE|buy|25-40|7-30d,HYPE,buy,25-40,7-30d,3682,3136372.274009669,0,455576.11329303245,159449466.58195916,5250036.146945471,5250036.146945471,1.0,True,28.571817959570296,867.7580506909303,21.0,21.0,0.0,14.037609502801134,42.681778664306826,412.6280440968772,1356.179843944056,12.0,48.0,13.0,35.0
sm_all_mm,HYPE|buy|25-40|<=2d,HYPE,buy,25-40,<=2d,661,297105.3499,0,19211.728908989637,16224856.012202786,150998.9517194363,150998.9517194363,1.0,True,11.840924131801485,1272.3087604400064,53.0,15.0,-38.0,4.037078276486888,21.575910748840144,404.6068662621325,2501.767499662787,35.0,80.0,6.0,36.0
sm_all_mm,HYPE|buy|25-40|>90d,HYPE,buy,25-40,>90d,641,707245.6252954319,0,108762.81500376835,38325208.09569437,4125410.7218716415,4125410.7218716415,1.0,True,28.378923535704757,263.6411798397231,22.0,48.0,26.0,-3.102781038534291,73.53435908623017,-28.815285095565873,717.1637753432869,5.0,139.0,25.0,129.0
sm_all_mm,HYPE|buy|40-60|2-7d,HYPE,buy,40-60,2-7d,1594,747157.1891,0,120164.11541879136,37806932.730523944,1185924.029296772,1185924.029296772,1.0,True,31.783619230706655,1013.253062171665,16.0,17.0,1.0,22.7610177218783,40.86234698236813,715.4943268441924,1316.2091594908336,12.0,33.0,13.0,25.0
sm_all_mm,HYPE|buy|40-60|30-90d,HYPE,buy,40-60,30-90d,1229,712772.4800000001,0,74022.74044954445,35727953.87697373,4028338.915059856,4028338.915059856,1.0,True,20.718438202320698,183.7549968122396,37.0,56.0,19.0,0.5656700882558422,37.49542747054203,4.849458046184744,334.42901240087593,15.0,109.0,42.0,110.0
sm_all_mm,HYPE|buy|40-60|7-30d,HYPE,buy,40-60,7-30d,2850,2387897.8559115394,0,257339.51685336806,130525092.8082182,7902916.924611891,7902916.924611891,1.0,True,19.715712229485217,325.62599266600023,38.0,40.0,2.0,7.72540122756057,32.96362045445828,121.87152343318266,582.1965571394325,19.0,66.0,28.0,68.0
sm_all_mm,HYPE|buy|40-60|<=2d,HYPE,buy,40-60,<=2d,631,312308.5,0,4330.9886041414165,16373270.56645216,261475.6910236819,261475.6910236819,1.0,True,2.6451579032813086,165.63637664310286,82.0,58.0,-24.0,-4.401729246887198,14.15347914097596,-276.21460455062044,866.2748478281326,48.0,144.0,22.0,164.0
sm_all_mm,HYPE|buy|40-60|>90d,HYPE,buy,40-60,>90d,473,404024.9517235621,0,62826.74999553084,22352507.79022486,3013211.586343346,3013211.586343346,1.0,True,28.107248898043583,208.5042759037497,23.0,52.0,29.0,-3.236566026807852,51.78748039845137,-23.655927850573526,405.60477530117277,9.0,138.10000000000036,36.0,126.0
sm_all_mm,HYPE|buy|60-75|2-7d,HYPE,buy,60-75,2-7d,598,340441.6061173347,0,-2372.2444233653564,19890644.380103793,1078796.9858700838,1078796.9858700838,1.0,True,-1.1926433241842402,-21.989720535343046,128.0,126.0,-2.0,-20.37404502067289,58.68633075779377,-411.3106970975029,888.6558449971986,7.0,167.0,21.0,171.0
sm_all_mm,HYPE|buy|60-75|30-90d,HYPE,buy,60-75,30-90d,288,323640.50000000006,0,-17384.63664816757,16086607.924065053,2561045.3779902244,2561045.3779902244,1.0,True,-10.806900205580758,-67.8810176405782,160.0,140.0,-20.0,-48.081558686095825,26.444517553503402,-291.69664031198903,162.91682382294894,28.0,174.0,61.0,165.0
sm_all_mm,HYPE|buy|60-75|7-30d,HYPE,buy,60-75,7-30d,1034,777642.4474711823,0,96971.34920737275,37148326.960239545,3576490.417881358,3576490.417881358,1.0,True,26.10382677829953,271.13549283550617,25.0,47.0,22.0,9.246635265519085,44.27570857923194,97.62036247389632,452.0629848463862,11.0,61.0,33.0,72.0
sm_all_mm,HYPE|buy|60-75|<=2d,HYPE,buy,60-75,<=2d,335,242733.0,0,14196.541091035242,12524345.505846024,320904.6787395137,320904.6787395137,1.0,True,11.335156064170125,442.3912155721147,54.0,31.0,-23.0,-11.79188219653664,80.34626115004924,-483.6295730188571,2700.50754396465,5.0,159.0,5.0,172.0
sm_all_mm,HYPE|buy|60-75|>90d,HYPE,buy,60-75,>90d,189,225064.1117235621,0,19465.10273330823,14639249.865616588,3272262.264010956,3272262.264010956,1.0,False,13.296516496399308,59.485154803725905,,,,,,,,,,,
sm_all_mm,HYPE|buy|75-90|2-7d,HYPE,buy,75-90,2-7d,203,188741.05574649255,0,16687.558831560844,13153096.572728217,1080124.8023141094,1080124.8023141094,1.0,True,12.687171221840659,154.49658035635,51.0,61.0,10.0,8.106402271499555,58.05640874752693,100.2730872212203,625.5217453567981,7.0,65.0,27.0,73.0
sm_all_mm,HYPE|buy|75-90|30-90d,HYPE,buy,75-90,30-90d,218,97515.8,0,19382.345819161437,5547885.971085027,1180151.522102092,1180151.522102092,1.0,True,34.936453128597265,164.23607864045715,13.0,59.0,46.0,7.503300014341254,69.83012484694221,36.097874812998015,320.4014090557073,5.0,65.0,43.0,90.0
sm_all_mm,HYPE|buy|75-90|7-30d,HYPE,buy,75-90,7-30d,736,616316.6828295654,0,105810.5441870752,29994681.897750992,3857314.2995498623,3857314.2995498623,1.0,True,35.276434851942504,274.31144047407025,12.0,46.0,34.0,3.9851022398528793,62.82348172665987,30.471036728689636,490.0599819613089,6.0,79.10000000000036,31.0,93.0
sm_all_mm,HYPE|buy|75-90|<=2d,HYPE,buy,75-90,<=2d,255,129417.43853381717,0,-8391.674711045516,4799263.329509262,345488.56504273316,345488.56504273316,1.0,True,-17.485339175801357,-242.89297997482367,164.0,162.0,-2.0,-38.32026784309334,27.279561033461295,-464.3187620938711,665.3766915639368,26.0,172.0,26.0,172.0
sm_all_mm,HYPE|buy|75-90|>90d,HYPE,buy,75-90,>90d,51,124303.0,0,86237.18904161266,8695822.927976971,2516080.596604082,2516080.596604082,1.0,False,99.17082000849251,342.74414403896986,,,,,,,,,,,
sm_all_mm,HYPE|buy|90-100|2-7d,HYPE,buy,90-100,2-7d,131,26348.177435110887,0,6711.044598912704,1742415.613524028,267038.687266449,267038.687266449,1.0,False,38.51575104598406,251.31357061445107,,,,,,,,,,,
sm_all_mm,HYPE|buy|90-100|30-90d,HYPE,buy,90-100,30-90d,25,29859.16,0,22647.108188593567,2003909.811793329,794863.2023067957,794863.2023067957,1.0,False,113.0146080193416,284.91831201732236,,,,,,,,,,,
sm_all_mm,HYPE|buy|90-100|7-30d,HYPE,buy,90-100,7-30d,99,92673.0,0,38070.68203396223,6996407.942538326,2045324.2088249777,2045324.2088249777,1.0,False,54.41461153585911,186.1351949470814,,,,,,,,,,,
sm_all_mm,HYPE|buy|90-100|<=2d,HYPE,buy,90-100,<=2d,146,30686.704319381675,0,-588.8540583127258,1553731.4057431093,172654.62015015393,172654.62015015393,1.0,False,-3.789934709024512,-34.10589637280557,,,,,,,,,,,
sm_all_mm,HYPE|buy|90-100|>90d,HYPE,buy,90-100,>90d,8,15820.0,0,7528.6933491091095,955641.2577610668,602179.6,602179.6,1.0,False,78.78158553710604,125.02405177972003,,,,,,,,,,,
sm_all_mm,HYPE|sell|00-10|2-7d,HYPE,sell,00-10,2-7d,439,257146.83544480367,0,9809.700606185052,17623298.023137182,3161410.0224501663,3161410.0224501663,1.0,True,5.566325096078012,31.029510682016202,72.0,87.0,15.0,2.1409194404141516,10.358402962815825,11.911670725211529,57.90609025611956,57.0,93.0,81.0,107.0
sm_all_mm,HYPE|sell|00-10|30-90d,HYPE,sell,00-10,30-90d,450,360342.00815227383,0,-17350.93894959654,20874509.31913908,3758418.928024927,3758418.928024927,1.0,True,-8.312022421378831,-46.16552673311106,153.0,135.0,-18.0,-12.913351343335972,-2.5312288616177674,-71.64825266199473,-14.040793088984149,136.0,162.0,122.0,144.0
sm_all_mm,HYPE|sell|00-10|7-30d,HYPE,sell,00-10,7-30d,685,262242.7688180837,0,1834.5903743642978,15678097.547881149,2815777.5224458645,2815777.5224458645,1.0,True,1.1701613469117862,6.51539533837432,102.0,108.0,6.0,-1.944106278516643,4.568839151377789,-10.809247669565746,25.488506023283318,76.0,133.0,94.0,123.0
sm_all_mm,HYPE|sell|00-10|<=2d,HYPE,sell,00-10,<=2d,506,272085.82325367164,0,7736.876631882691,12339266.906445906,2212956.585091743,2212956.585091743,1.0,True,6.270126653829838,34.96171901430204,69.0,85.0,16.0,4.311153255597055,8.718502571906729,24.003286691108322,48.68225545658534,61.0,79.0,83.0,99.0
sm_all_mm,HYPE|sell|00-10|>90d,HYPE,sell,00-10,>90d,149,220096.8434997073,0,-26006.52678361446,15172607.717670321,2747251.3536268934,2747251.3536268934,1.0,False,-17.140446301347882,-94.66380551339398,,,,,,,,,,,
sm_all_mm,HYPE|sell|10-25|2-7d,HYPE,sell,10-25,2-7d,806,276804.0565596901,0,9446.867588099085,16709187.952048501,2992720.600274189,2992720.600274189,1.0,True,5.653696406557522,31.5661528417774,71.0,86.0,15.0,-1.8069843281491558,13.3816494382219,-10.039585277703617,75.07704174995354,50.0,131.0,77.0,121.0
sm_all_mm,HYPE|sell|10-25|30-90d,HYPE,sell,10-25,30-90d,1187,1470086.94,0,-126820.08945055566,76135092.9082061,13812946.285605116,13812946.285605116,1.0,True,-16.657244984708825,-91.81248288985144,163.0,145.0,-18.0,-29.698738331678705,-4.337758393083341,-163.3137357445762,-23.969351552478695,143.0,170.0,127.0,157.0
sm_all_mm,HYPE|sell|10-25|7-30d,HYPE,sell,10-25,7-30d,1755,1320103.308729277,0,-9689.375757346996,74169416.58267108,13369324.775063721,13369324.775063721,1.0,True,-1.306384248896845,-7.247468305519426,130.0,118.0,-12.0,-11.289738285659768,7.2529371818698465,-62.32384690217624,40.38674402487898,67.0,159.0,88.0,139.0
sm_all_mm,HYPE|sell|10-25|<=2d,HYPE,sell,10-25,<=2d,788,324095.0,0,6854.084427176393,15173703.749546627,2721876.64338586,2721876.64338586,1.0,True,4.517080694541162,25.18146604414188,76.0,91.0,15.0,-1.8786176479381287,10.819556770367333,-10.46616946822484,60.410223044834396,56.0,132.0,80.0,121.0
sm_all_mm,HYPE|sell|10-25|>90d,HYPE,sell,10-25,>90d,467,422184.0695248364,0,-105873.07581349298,27618956.914338212,5019455.48517983,5019455.48517983,1.0,True,-38.33348092828575,-210.92542034905586,170.0,160.0,-10.0,-79.40286420839523,-11.173964081236457,-432.3876724108502,-62.02870204158554,159.0,178.0,139.0,171.0
sm_all_mm,HYPE|sell|25-40|2-7d,HYPE,sell,25-40,2-7d,826,583851.6068194897,1,33612.64487551172,36271323.17258655,6491879.316105615,6491879.316105615,1.0,True,9.267002671938853,51.7764475259461,60.0,80.0,20.0,-7.114491849082898,20.43407590029665,-39.365311061946386,115.03654589934303,36.0,151.0,67.0,133.0
sm_all_mm,HYPE|sell|25-40|30-90d,HYPE,sell,25-40,30-90d,980,1358125.6,0,-3195.75374757487,78852695.64756235,14159782.732952507,14159782.732952507,1.0,True,-0.4052814835726752,-2.2569228694009147,116.0,112.0,-4.0,-23.643896771286922,30.958053799423883,-130.08908055027234,174.9276953464393,21.0,168.0,59.0,152.0
sm_all_mm,HYPE|sell|25-40|7-30d,HYPE,sell,25-40,7-30d,1635,1288531.3308535074,0,-102507.53270296573,77487524.64428084,14021710.025393438,14021710.025393438,1.0,True,-13.22890790143876,-73.10629910141039,162.0,141.0,-21.0,-28.732215398589545,1.1408722707867278,-157.65669446951014,6.344934323588318,103.0,169.0,111.0,156.0
sm_all_mm,HYPE|sell|25-40|<=2d,HYPE,sell,25-40,<=2d,959,608938.0285338172,0,-17675.23366894707,28577138.18199381,5134899.707215783,5134899.707215783,1.0,True,-6.185095777044627,-34.42176999895259,149.0,131.0,-18.0,-13.202415822376635,3.017919972832097,-73.33225761866875,16.81949360874832,86.0,161.0,102.0,142.0
sm_all_mm,HYPE|sell|25-40|>90d,HYPE,sell,25-40,>90d,496,939838.876408579,0,14853.278188689424,50675152.598963894,9041167.68871876,9041167.68871876,1.0,True,2.931077150617819,16.42849541129826,80.0,96.0,16.0,-20.73823503287353,26.462097301121204,-115.46042995401102,149.68370980130337,27.0,166.0,62.0,150.0
sm_all_mm,HYPE|sell|40-60|2-7d,HYPE,sell,40-60,2-7d,955,241685.2393999999,0,5787.26645945119,11730354.30138622,2099106.4410079233,2099106.4410079233,1.0,True,4.933581979503625,27.570142925540882,73.0,90.0,17.0,-5.551927936009318,16.98017838592114,-30.85715516590223,95.41388081872144,43.0,147.0,72.0,130.0
sm_all_mm,HYPE|sell|40-60|30-90d,HYPE,sell,40-60,30-90d,1142,1608187.63,0,114226.43810479007,81924997.88940117,14599279.639291598,14599279.639291598,1.0,True,13.942806353073806,78.24114677368608,46.0,77.0,31.0,-5.026939232039513,36.077925190890824,-27.963703677341403,203.43986718198,16.0,144.0,54.0,128.0
sm_all_mm,HYPE|sell|40-60|7-30d,HYPE,sell,40-60,7-30d,1487,1845657.5632022247,0,166551.88626025335,93724842.42970918,16726665.962729141,16726665.962729141,1.0,True,17.77030314936643,99.57267433412568,42.0,71.0,29.0,-4.848679459247195,37.86761799130131,-27.122571865423303,212.45974416393432,14.0,145.0,53.0,129.0
sm_all_mm,HYPE|sell|40-60|<=2d,HYPE,sell,40-60,<=2d,1055,251157.9037,0,11500.421268437105,11131846.194635203,1994668.9887833744,1994668.9887833744,1.0,True,10.33109968226073,57.65578816890143,58.0,79.0,21.0,-0.3430382697077591,19.99074188806974,-1.9054133834182407,111.978621756679,38.0,118.0,69.0,116.0
sm_all_mm,HYPE|sell|40-60|>90d,HYPE,sell,40-60,>90d,582,446882.04,0,65566.06091875226,26434748.325285982,4664028.139324701,4664028.139324701,1.0,True,24.802982843621585,140.57818469389744,28.0,66.0,38.0,-0.006032961750808201,56.726695599138274,-0.03380488291323464,326.2787808311175,7.0,115.0,42.0,115.0
sm_all_mm,HYPE|sell|60-75|2-7d,HYPE,sell,60-75,2-7d,263,69056.019,0,-22809.7368447181,2864158.4692782513,528364.1620382133,528364.1620382133,1.0,True,-79.63852939486969,-431.7048445664339,178.0,172.0,-6.0,-154.84626765815034,-18.488643034986517,-811.7042944136301,-103.03485372249139,166.0,180.0,149.0,177.0
sm_all_mm,HYPE|sell|60-75|30-90d,HYPE,sell,60-75,30-90d,160,90205.765,0,-26401.274343311037,4703422.652323902,854187.6439966474,854187.6439966474,1.0,False,-56.132047436278135,-309.0804992189124,,,,,,,,,,,
sm_all_mm,HYPE|sell|60-75|7-30d,HYPE,sell,60-75,7-30d,255,244720.57349999997,0,-12128.110138488046,14217196.63898505,2545298.948064658,2545298.948064658,1.0,True,-8.530591822322757,-47.64905964271807,154.0,136.0,-18.0,-84.87257171663845,90.71248806086527,-465.03593504657164,519.5415035905396,4.0,177.0,30.0,171.0
sm_all_mm,HYPE|sell|60-75|<=2d,HYPE,sell,60-75,<=2d,197,45060.3,0,-2270.6951016751245,1961438.714600365,355752.76305913576,355752.76305913576,1.0,False,-11.576681365432156,-63.82789783976107,,,,,,,,,,,
sm_all_mm,HYPE|sell|60-75|>90d,HYPE,sell,60-75,>90d,204,196799.48313556152,0,56642.38159611183,11264975.545602487,1968652.9098698404,1968652.9098698404,1.0,True,50.2818504725679,287.7215242571978,7.0,44.0,37.0,-17.452891838638283,142.07184580230816,-98.3121951928191,842.7864463614579,2.0,163.0,22.0,146.0
sm_all_mm,HYPE|sell|75-90|2-7d,HYPE,sell,75-90,2-7d,162,26282.446781150546,0,1371.5907403457193,1589919.8805116126,280748.71912343404,280748.71912343404,1.0,False,8.626791558228467,48.85474614552686,,,,,,,,,,,
sm_all_mm,HYPE|sell|75-90|30-90d,HYPE,sell,75-90,30-90d,104,34505.37247765609,0,-7145.005816873126,2038720.8735607064,367469.3148706283,367469.3148706283,1.0,False,-35.046513279643285,-194.43816198336467,,,,,,,,,,,
sm_all_mm,HYPE|sell|75-90|7-30d,HYPE,sell,75-90,7-30d,269,166704.45947260284,0,-66042.78085671061,8890662.225416668,1602665.7932505826,1602665.7932505826,1.0,True,-74.28330891697493,-412.08080396325386,177.0,170.0,-7.0,-131.4853197254098,57.894955204602226,-719.3298958225043,332.73410499710434,8.0,180.0,43.0,176.0
sm_all_mm,HYPE|sell|75-90|<=2d,HYPE,sell,75-90,<=2d,240,112302.0,0,-23668.579253935015,3843216.7041143994,720003.7346615506,720003.7346615506,1.0,True,-61.58533612896808,-328.72856229087216,176.0,166.0,-10.0,-84.3179806724033,5.726578364806577,-443.5295271155039,31.795960454466254,73.0,178.0,93.0,171.0
sm_all_mm,HYPE|sell|75-90|>90d,HYPE,sell,75-90,>90d,47,21457.0,0,12927.603901824246,1221473.3313136173,206432.5490531945,206432.5490531945,1.0,False,105.83615352388763,626.238641198632,,,,,,,,,,,
sm_all_mm,HYPE|sell|90-100|2-7d,HYPE,sell,90-100,2-7d,76,168351.759,0,5133.1139176080615,12111354.13446895,2154291.7557406053,2154291.7557406053,1.0,False,4.238265895470106,23.827385050932403,,,,,,,,,,,
sm_all_mm,HYPE|sell|90-100|30-90d,HYPE,sell,90-100,30-90d,44,9009.0,0,-2792.942111472703,671023.2055382706,122881.75576752056,122881.75576752056,1.0,False,-41.62213897256065,-227.28696331102702,,,,,,,,,,,
sm_all_mm,HYPE|sell|90-100|7-30d,HYPE,sell,90-100,7-30d,94,76307.09000168307,0,81861.97913695022,4170685.1889897296,678792.8851157787,678792.8851157787,1.0,False,196.27944912519217,1205.993476537212,,,,,,,,,,,
sm_all_mm,HYPE|sell|90-100|<=2d,HYPE,sell,90-100,<=2d,175,40780.90613262388,0,-8821.522820873002,2191114.9678887525,398481.77221792866,398481.77221792866,1.0,False,-40.26042882347235,-221.37832733911188,,,,,,,,,,,
sm_all_mm,HYPE|sell|90-100|>90d,HYPE,sell,90-100,>90d,27,12329.467658247022,0,509.20787895713653,586641.1587163773,106066.9327331523,106066.9327331523,1.0,False,8.680057159155494,48.00816482911063,,,,,,,,,,,
pm2_p1ne,BTC|buy|00-10|2-7d,BTC,buy,00-10,2-7d,2259,3724.674916955914,0,69730.5282261575,275494476.7852959,310449.86436221877,310449.86436221877,1.0,True,2.531104399617469,2246.112375323801,92.0,6.0,-86.0,1.2195249741686989,3.869610581750106,1084.713988275975,3657.4666002511203,83.0,102.0,4.0,17.0
pm2_p1ne,BTC|buy|00-10|30-90d,BTC,buy,00-10,30-90d,1061,3691.3077370665183,2,181217.43418286528,268896760.6410184,1095682.1592089878,1095682.1592089878,1.0,True,6.739294060325016,1653.923381518712,67.0,9.0,-58.0,5.163825281576056,8.139003998892154,1210.800271555638,2229.8718067776754,65.0,83.0,7.0,16.0
pm2_p1ne,BTC|buy|00-10|7-30d,BTC,buy,00-10,7-30d,2003,4213.8085279094985,7,86329.7983955225,305339501.18033373,578558.3572326835,578558.3572326835,1.0,True,2.827338030677402,1492.153683656886,89.0,11.0,-78.0,1.837957677173067,3.9407125009065997,982.0166296615096,2019.0461460211397,82.0,99.0,8.0,19.0
pm2_p1ne,BTC|buy|00-10|<=2d,BTC,buy,00-10,<=2d,2209,2196.407384557396,0,-32636.155168642345,166832040.98966768,121893.99913402354,121893.99913402354,1.0,True,-1.9562282505830866,-2677.4209887689876,116.0,163.0,47.0,-3.3387619610433483,-0.7610706478836408,-3980.3649988057323,-1209.1585844644037,108.0,127.0,163.0,172.0
pm2_p1ne,BTC|buy|00-10|>90d,BTC,buy,00-10,>90d,423,1694.2726089303912,2,150793.119263505,117117563.05310363,499009.34618057834,499009.34618057834,1.0,True,12.87536346663328,3021.849598963963,42.0,4.0,-38.0,3.4484816406683687,18.184959704834604,584.1484429593203,9141.094804327915,34.0,88.0,2.0,29.0
pm2_p1ne,BTC|buy|10-25|2-7d,BTC,buy,10-25,2-7d,3418,5924.722609999993,0,-16969143.152716357,440901313.04863405,1817233.1035535592,1817233.1035535592,1.0,True,-384.873953660568,-93379.01185892758,173.0,176.0,3.0,-899.6130287921989,3.8933442249608055,-189050.97934390884,1095.1358195480814,86.0,178.0,18.0,180.0
pm2_p1ne,BTC|buy|10-25|30-90d,BTC,buy,10-25,30-90d,1961,3754.4555819764687,0,219702.11071981397,275977039.4202416,3240308.9286515303,3240308.9286515303,1.0,True,7.960883672835714,678.02828544266,61.0,25.0,-36.0,5.6876101694997,9.913835102275591,453.9491899376176,884.1807103446251,58.0,80.0,20.0,34.0
pm2_p1ne,BTC|buy|10-25|7-30d,BTC,buy,10-25,7-30d,3444,5084.8181825111515,0,107697.40265797856,378462278.6703313,2738178.7251323005,2738178.7251323005,1.0,True,2.8456575127211283,393.3176518737832,88.0,30.0,-58.0,1.528511922769508,4.137332148570527,200.79483626073912,599.0842704701463,81.0,100.0,27.0,52.0
pm2_p1ne,BTC|buy|10-25|<=2d,BTC,buy,10-25,<=2d,2872,1681.7235419999727,0,-7800.603501154638,128269907.61394277,265053.1955102544,265053.1955102544,1.0,True,-0.6081397925873865,-294.3033184767941,108.0,148.0,40.0,-1.7691108353919134,0.5133904493593178,-831.0210792841974,253.925040013952,100.0,121.0,46.0,164.0
pm2_p1ne,BTC|buy|10-25|>90d,BTC,buy,10-25,>90d,625,1851.8525112313132,2,242760.38248864826,141349254.55823362,2782943.317583294,2782943.317583294,1.0,True,17.174507445926068,872.3152245136678,29.0,20.0,-9.0,11.990013329177732,19.674636842576646,515.2387721644038,1067.3317266113638,30.0,54.0,16.0,31.0
pm2_p1ne,BTC|buy|25-40|2-7d,BTC,buy,25-40,2-7d,1724,1899.9409219132874,0,-10650.245015566046,133827552.6527516,1252106.7488281757,1252106.7488281757,1.0,True,-0.7958185593665243,-85.0586024357222,110.0,127.0,17.0,-5.274951304189485,1.4197216842446316,-579.6844128630942,148.39465388535646,97.0,131.0,58.0,160.0
pm2_p1ne,BTC|buy|25-40|30-90d,BTC,buy,25-40,30-90d,1842,1392.6729665783673,0,12267.403092907929,111069968.91094509,3333961.5478767864,3333961.5478767864,1.0,True,1.1044752432355343,36.79527468071836,99.0,84.0,-15.0,-2.14695128496007,4.639066958289488,-71.3732146838675,153.48540823308204,81.0,120.0,56.0,129.0
pm2_p1ne,BTC|buy|25-40|7-30d,BTC,buy,25-40,7-30d,2690,4536.390241060661,0,33708.558894676324,338134097.1451472,6168371.115461041,6168371.115461041,1.0,True,0.9968991349667587,54.64742354782402,100.0,75.0,-25.0,-2.3354245181092614,3.4371832014884007,-140.88119956041845,177.98890403810847,85.0,121.0,54.0,140.0
pm2_p1ne,BTC|buy|25-40|<=2d,BTC,buy,25-40,<=2d,2174,1052.1942770000005,0,-16728.19555798878,82702907.66400895,411154.76135014213,411154.76135014213,1.0,True,-2.0226852997659037,-406.8588553628092,117.0,155.0,38.0,-3.855535889927183,-0.1055256333494269,-780.4118718587378,-20.652547889749624,106.0,128.0,116.0,163.0
pm2_p1ne,BTC|buy|25-40|>90d,BTC,buy,25-40,>90d,542,610.9403282354809,1,50476.53048828533,51397764.859522216,1997209.6497493726,1997209.6497493726,1.0,True,9.820763728976395,252.73526239280673,59.0,42.0,-17.0,5.1456193763509415,17.089251881157335,146.4159726568624,370.7341949599927,37.0,80.0,35.0,59.0
pm2_p1ne,BTC|buy|40-60|2-7d,BTC,buy,40-60,2-7d,2085,2462.631527725737,0,-128264.20022040827,191229795.91991636,3404531.4494820386,3404531.4494820386,1.0,True,-6.70733342591251,-376.74552907984514,128.0,154.0,26.0,-9.862502076838567,-2.9576420756272013,-557.1287832768593,-167.214359451103,120.0,141.0,142.0,161.0
pm2_p1ne,BTC|buy|40-60|30-90d,BTC,buy,40-60,30-90d,1968,2656.1469040851057,0,-285282.9912163782,218884824.5583354,11796149.757707244,11796149.757707244,1.0,True,-13.03347510692076,-241.84415853993633,140.0,144.0,4.0,-31.104963306691545,-1.8347426525476584,-574.1657453112015,-34.65979809718915,119.0,154.0,122.0,160.0
pm2_p1ne,BTC|buy|40-60|7-30d,BTC,buy,40-60,7-30d,2595,2317.112974460847,1,-265030.4474317611,181338842.68358234,6017005.42536595,6017005.42536595,1.0,True,-14.615205628846546,-440.46901854944247,141.0,157.0,16.0,-34.21540753875518,-1.9576178984543167,-1034.8365950937057,-59.001492683838656,118.0,156.0,127.0,165.0
pm2_p1ne,BTC|buy|40-60|<=2d,BTC,buy,40-60,<=2d,2355,1181.472832522489,0,-29833.88721040186,94474957.04452208,834158.9700674353,834158.9700674353,1.0,True,-3.157861950267138,-357.6522974750247,121.0,153.0,32.0,-6.176203501475772,-0.058761120981112455,-728.3778085468758,-6.565716913019384,106.0,134.0,111.0,163.0
pm2_p1ne,BTC|buy|40-60|>90d,BTC,buy,40-60,>90d,617,424.9740583570257,0,53736.31089430796,34239996.33974138,2545886.433081484,2545886.433081484,1.0,True,15.694017709907804,211.07112318936683,35.0,48.0,13.0,11.434341526386108,20.720315338241864,152.731642953761,275.77460328785753,29.0,56.0,42.0,59.0
pm2_p1ne,BTC|buy|60-75|2-7d,BTC,buy,60-75,2-7d,942,977.942774747913,0,-31067.59178659348,77082232.24172649,2196401.157411085,2196401.157411085,1.0,True,-4.0304478584853225,-141.4477117796327,126.0,136.0,10.0,-9.724214810032542,1.6003922245737963,-351.2257771090033,55.552970327865026,97.0,139.0,81.0,154.0
pm2_p1ne,BTC|buy|60-75|30-90d,BTC,buy,60-75,30-90d,566,1121.7226745889857,0,195958.99795501924,84834145.49823053,5446842.578639535,5446842.578639535,1.0,True,23.099071347292174,359.7662225882874,24.0,33.0,9.0,-2.833079725041049,34.73194253819245,-39.09927008210665,588.8257247569102,18.0,123.0,28.0,123.0
pm2_p1ne,BTC|buy|60-75|7-30d,BTC,buy,60-75,7-30d,903,1270.7951439006624,0,-58723.112929904346,96058141.2712208,4749599.426788743,4749599.426788743,1.0,True,-6.113288488905822,-123.63803271217694,127.0,134.0,7.0,-12.303145414109059,-2.930030538066011,-267.94353568233754,-56.737161648246385,121.0,143.0,126.0,151.0
pm2_p1ne,BTC|buy|60-75|<=2d,BTC,buy,60-75,<=2d,887,744.0871800000008,0,-255655.6407119765,56717510.89249681,913040.7862021825,913040.7862021825,1.0,True,-45.07525748027799,-2800.046225485534,155.0,164.0,9.0,-87.60517497575205,0.10607718574772668,-4672.932265841237,7.543784398400409,105.0,166.0,102.0,172.0
pm2_p1ne,BTC|buy|60-75|>90d,BTC,buy,60-75,>90d,161,53.19105999999998,0,7313.857637872616,3943112.0672782,358275.8423464437,358275.8423464437,1.0,False,18.548439692004823,204.14040728987527,,,,,,,,,,,
pm2_p1ne,BTC|buy|75-90|2-7d,BTC,buy,75-90,2-7d,592,439.9981589062513,0,16147.836277739416,33745092.016397215,1371147.5024764263,1371147.5024764263,1.0,True,4.785239960197161,117.76877577776895,79.0,57.0,-22.0,-8.44044915863724,17.302349346230177,-214.3082165738578,403.113179218985,37.0,136.0,34.0,146.0
pm2_p1ne,BTC|buy|75-90|30-90d,BTC,buy,75-90,30-90d,278,376.41903570272615,0,54460.46784800847,30358977.235954348,2905786.476359945,2905786.476359945,1.0,True,17.938834837792413,187.42074922253286,27.0,51.0,24.0,-0.5005275134372303,36.19990384081717,-5.106918744514214,400.83066038256044,18.0,111.10000000000036,34.0,110.0
pm2_p1ne,BTC|buy|75-90|7-30d,BTC,buy,75-90,7-30d,750,728.8422936902381,0,82481.77486098566,53777669.26767247,4355412.991269012,4355412.991269012,1.0,True,15.337551066120334,189.37762050655365,37.0,50.0,13.0,-3.2167137453220644,30.935633805544523,-39.571492278709826,383.0902536493317,21.0,123.0,35.0,121.10000000000036
pm2_p1ne,BTC|buy|75-90|<=2d,BTC,buy,75-90,<=2d,681,410.72342966684874,0,7688.119455686844,32495970.96336355,675421.1213155336,675421.1213155336,1.0,True,2.3658685147012672,113.8270511989988,93.0,59.0,-34.0,-5.827419444058544,11.910667390619299,-272.68224905050573,582.4032599777547,54.0,132.0,29.0,150.0
pm2_p1ne,BTC|buy|75-90|>90d,BTC,buy,75-90,>90d,100,42.97400385325913,0,24714.34912205969,3691137.9216785305,420492.10516750935,420492.10516750935,1.0,False,66.95590803288363,587.7482316157722,,,,,,,,,,,
pm2_p1ne,BTC|buy|90-100|2-7d,BTC,buy,90-100,2-7d,328,603.8020778183214,0,27490.963679941102,48768348.55964007,3727334.605663453,3727334.605663453,1.0,True,5.637050359891045,73.75501957396122,73.0,68.0,-5.0,0.17120981811485989,15.103713130376551,1.936000272706073,192.75220024667397,43.0,107.0,52.0,106.0
pm2_p1ne,BTC|buy|90-100|30-90d,BTC,buy,90-100,30-90d,73,19.79606645463951,0,-1825.6721629928838,1614251.9201649087,190555.11141921024,190555.11141921024,1.0,False,-11.309710338187962,-95.80809191607096,,,,,,,,,,,
pm2_p1ne,BTC|buy|90-100|7-30d,BTC,buy,90-100,7-30d,313,400.00955895581995,0,-102691.47360367434,27558285.449235346,2981725.4048615308,2981725.4048615308,1.0,True,-37.26337539860401,-344.40285291275256,153.0,150.0,-3.0,-80.07886552961108,2.1520285660111464,-690.866185421413,20.86965756087757,94.0,165.0,95.0,162.0
pm2_p1ne,BTC|buy|90-100|<=2d,BTC,buy,90-100,<=2d,595,426.1481808426069,0,135362.2131113616,34765479.40087664,1324556.601421542,1324556.601421542,1.0,True,38.93581088024586,1021.9435920374261,13.0,17.0,4.0,11.582780696616314,109.75324474455354,296.8380750241154,3024.509974468184,4.0,55.0,5.0,41.0
pm2_p1ne,BTC|buy|90-100|>90d,BTC,buy,90-100,>90d,48,18.851497400000007,0,18218.971961165225,1475650.7418919094,234294.0501865762,234294.0501865762,1.0,False,123.46398401702396,777.6113796597416,,,,,,,,,,,
pm2_p1ne,BTC|sell|00-10|2-7d,BTC,sell,00-10,2-7d,2895,5293.336099607965,0,31152.72557918177,388125710.3037293,37730646.75770422,37730646.75770422,1.0,True,0.802645244882208,8.25661054241555,101.0,102.0,1.0,0.014947726783438742,1.7830202630524987,0.14825760259403467,17.66119755457996,94.0,111.0,93.0,111.0
pm2_p1ne,BTC|sell|00-10|30-90d,BTC,sell,00-10,30-90d,1426,2096.0194487594563,0,-12881.267863570096,166284562.14745885,12352179.662362976,12352179.662362976,1.0,True,-0.7746520601321466,-10.428335901573103,109.0,112.0,3.0,-2.1710279944736883,0.1519510902699261,-27.770958345360896,1.9181716326824436,103.0,122.0,103.0,122.0
pm2_p1ne,BTC|sell|00-10|7-30d,BTC,sell,00-10,7-30d,3100,4289.559623811595,1,10933.593104803804,319283122.56801647,29621156.138580926,29621156.138580926,1.0,True,0.3424419373271017,3.691143267214689,105.0,104.0,-1.0,-1.1931019776898064,1.7421159929156464,-13.049773045019784,18.65647587111996,94.0,116.0,93.0,116.0
pm2_p1ne,BTC|sell|00-10|<=2d,BTC,sell,00-10,<=2d,4909,3455.342891529434,0,36818.52436430236,279393793.2898307,35820225.71817839,35820225.71817839,1.0,True,1.3178003681029684,10.278696916646545,98.0,98.0,0.0,0.9687573533234294,1.6650496538093051,7.453909510402376,13.16111051926549,92.0,107.0,93.0,108.0
pm2_p1ne,BTC|sell|00-10|>90d,BTC,sell,00-10,>90d,526,2155.946268352503,0,-140116.14844123417,153654975.279863,10877698.349079164,10877698.349079164,1.0,True,-9.118881323955206,-128.8104743712584,135.0,135.0,0.0,-11.068797792807283,-5.421598595740028,-140.1580285589598,-92.10641622273211,127.0,144.0,130.0,144.0
pm2_p1ne,BTC|sell|10-25|2-7d,BTC,sell,10-25,2-7d,3268,3919.0878299999717,1,16412.40276945912,302188110.6033557,36388479.14642689,36388479.14642689,1.0,True,0.543118746025108,4.510329410420197,102.0,103.0,1.0,-2.0838903943921316,2.4940569335470792,-17.26817643202287,20.623095267249102,91.0,118.0,93.0,116.0
pm2_p1ne,BTC|sell|10-25|30-90d,BTC,sell,10-25,30-90d,2587,4773.868689623045,0,-66174.51346061288,355082443.3998312,34444363.901375756,34444363.901375756,1.0,True,-1.863637999868634,-19.212000445149688,115.0,115.0,0.0,-3.700705860620894,0.10877937481037572,-39.20286189897724,1.07547379132191,105.0,127.0,105.0,125.0
pm2_p1ne,BTC|sell|10-25|7-30d,BTC,sell,10-25,7-30d,3990,5099.532344316922,0,-40787.04345316598,389255858.8437627,43923239.474745184,43923239.474745184,1.0,True,-1.0478209261722853,-9.285982532462697,111.0,109.0,-2.0,-2.933866070478049,0.6539705545210811,-25.904795937354724,5.764623389837313,102.0,123.0,102.0,121.0
pm2_p1ne,BTC|sell|10-25|<=2d,BTC,sell,10-25,<=2d,4040,1897.581717999957,0,23501.36144949712,158920283.637743,23847283.370803293,23847283.370803293,1.0,True,1.4788144666962846,9.854942839430636,97.0,99.0,2.0,0.799578347401684,2.0935518651415572,5.301142212302958,14.103236934321062,90.0,107.0,93.0,109.0
pm2_p1ne,BTC|sell|10-25|>90d,BTC,sell,10-25,>90d,624,1049.4002299999993,1,-118398.95689540917,80911204.38215585,7315743.239233091,7315743.239233091,1.0,True,-14.633196699951837,-161.84132359984372,142.0,139.0,-3.0,-19.20146914278256,-7.490297973444841,-218.28214931637214,-83.5603602527922,133.0,151.0,130.0,149.0
pm2_p1ne,BTC|sell|25-40|2-7d,BTC,sell,25-40,2-7d,2396,4495.765661286037,1,13788.03315717544,328158489.2837172,46228389.069039755,46228389.069039755,1.0,True,0.4201638417848355,2.982590013375485,103.0,105.0,2.0,-3.4771849957300933,5.145380293705771,-24.6055429491356,36.59854580062092,78.0,127.0,86.0,121.0
pm2_p1ne,BTC|sell|25-40|30-90d,BTC,sell,25-40,30-90d,2049,3136.337195931783,0,113895.31438151568,239959672.14907622,27472759.13182556,27472759.13182556,1.0,True,4.746435655686244,41.45754484833477,81.0,81.0,0.0,-0.6592348040922796,9.905082297687976,-5.72102769045831,87.37183043618077,60.0,112.0,69.0,111.0
pm2_p1ne,BTC|sell|25-40|7-30d,BTC,sell,25-40,7-30d,3341,4496.704664920501,2,190426.70247815186,327481499.81543595,44356520.80784356,44356520.80784356,1.0,True,5.814884278515693,42.93093755100799,71.0,80.0,9.0,4.100251674380023,7.563832061647022,30.387440936497644,55.74923442907878,67.0,87.0,77.0,94.0
pm2_p1ne,BTC|sell|25-40|<=2d,BTC,sell,25-40,<=2d,2868,1190.5813599999917,0,26450.777948376817,96021861.97560944,15622236.051979413,15622236.051979413,1.0,True,2.754662053428582,16.931492944011286,91.0,96.0,5.0,1.3752179051032858,4.043565942143492,8.434799981082014,24.943947250505566,81.0,102.0,88.0,105.0
pm2_p1ne,BTC|sell|25-40|>90d,BTC,sell,25-40,>90d,643,718.2221812537126,1,91120.44731058886,54352227.22545933,7074942.625331508,7074942.625331508,1.0,True,16.76480467536513,128.7931961233668,31.0,54.0,23.0,11.06782033688885,28.441271327704523,84.5782125261476,230.1675332703149,22.0,57.0,47.0,72.0
pm2_p1ne,BTC|sell|40-60|2-7d,BTC,sell,40-60,2-7d,2597,2275.579050421831,0,103883.24217868055,180069613.45295286,27555746.031535935,27555746.031535935,1.0,True,5.769060097739496,37.69930309990239,72.0,83.0,11.0,-1.7357720652163395,12.031942150941083,-10.868930211712307,83.46561812685701,53.0,117.0,70.0,113.0
pm2_p1ne,BTC|sell|40-60|30-90d,BTC,sell,40-60,30-90d,2450,3288.076955102535,0,-87914.12752324821,264362453.60933858,36215385.37421551,36215385.37421551,1.0,True,-3.3255148877216603,-24.275353310430592,123.0,120.0,-3.0,-7.06798299083407,2.061595832580928,-55.00576856667129,14.662101558140685,95.0,134.0,98.0,127.0
pm2_p1ne,BTC|sell|40-60|7-30d,BTC,sell,40-60,7-30d,3428,3909.735684520923,1,136292.81541953865,300635616.5041212,44020238.12456834,44020238.12456834,1.0,True,4.533488646634465,30.961398944244152,82.0,92.0,10.0,0.1823779307718589,9.85839786741554,1.2439785801780001,67.82385150344832,60.0,107.0,74.0,108.0
pm2_p1ne,BTC|sell|40-60|<=2d,BTC,sell,40-60,<=2d,2794,1473.0003182919465,0,-19934.07560844683,117865276.31359254,19230806.331032716,19230806.331032716,1.0,True,-1.6912593964833373,-10.365699318743204,114.0,111.0,-3.0,-6.318127714625861,2.650628646493092,-38.58999580455659,16.190705439994186,91.0,133.0,96.0,124.0
pm2_p1ne,BTC|sell|40-60|>90d,BTC,sell,40-60,>90d,948,361.98279205629035,0,19742.522829707195,27561710.80748821,4023650.829136245,4023650.829136245,1.0,True,7.1630251719872815,49.06619303729522,63.0,76.0,13.0,-2.4707224631496554,17.078339306581483,-17.310659964195683,116.60890011122142,38.0,120.0,63.0,115.0
pm2_p1ne,BTC|sell|60-75|2-7d,BTC,sell,60-75,2-7d,727,991.7929644037631,0,-11720.066094200907,74575469.41817118,12419309.330289789,12419309.330289789,1.0,True,-1.5715712131132997,-9.436970915618087,113.0,110.0,-3.0,-10.78663077829539,4.984066730945119,-66.46985754605537,29.44469377060042,81.0,141.0,90.0,129.0
pm2_p1ne,BTC|sell|60-75|30-90d,BTC,sell,60-75,30-90d,595,118.1542091023209,0,-2058.946652275612,9264842.83335131,1456408.658516982,1456408.658516982,1.0,True,-2.22232226634636,-14.137149214508078,119.0,114.0,-5.0,-14.918118581037863,10.700144980029066,-94.3679321252428,67.98227383720392,59.0,144.0,76.0,133.0
pm2_p1ne,BTC|sell|60-75|7-30d,BTC,sell,60-75,7-30d,1011,1413.382646653485,0,-35487.626439436885,106478382.94172636,17492029.091602378,17492029.091602378,1.0,True,-3.3328479883901507,-20.287884415006996,124.0,116.0,-8.0,-10.893580566073666,1.1386607490813418,-68.4113912296502,6.902904692358011,100.0,141.0,101.0,129.0
pm2_p1ne,BTC|sell|60-75|<=2d,BTC,sell,60-75,<=2d,823,367.1864900000007,0,-10096.69214167948,29127108.583138335,4935020.547149959,4935020.547149959,1.0,True,-3.466424452279636,-20.4592707268675,125.0,117.0,-8.0,-7.937597216311722,1.0289212103609857,-46.77956369639672,6.028637802290932,101.0,137.0,102.0,127.0
pm2_p1ne,BTC|sell|60-75|>90d,BTC,sell,60-75,>90d,222,55.72799903362769,0,-13027.77893658659,4360492.192116393,727134.1010529138,727134.1010529138,1.0,True,-29.87685417747182,-179.1661114190896,150.0,141.0,-9.0,-49.49796841002258,-15.898008851036307,-303.36164248726317,-94.8726621030349,144.0,160.0,132.0,152.0
pm2_p1ne,BTC|sell|75-90|2-7d,BTC,sell,75-90,2-7d,387,271.3812600000003,0,-41144.313193724905,21696639.84761402,3560923.253935195,3560923.253935195,1.0,True,-18.96344940170519,-115.54394818325868,145.0,132.0,-13.0,-30.35023582051879,-7.7078868367414755,-187.10929951308216,-46.78321212760353,135.0,156.0,124.0,146.0
pm2_p1ne,BTC|sell|75-90|30-90d,BTC,sell,75-90,30-90d,225,76.90011879997597,0,-9956.86794875701,5835832.071201645,947412.3534015316,947412.3534015316,1.0,True,-17.061608057386767,-105.09539919981492,144.0,129.0,-15.0,-37.77435211495121,2.4181154871527677,-232.07990165493732,14.589156904489855,94.0,158.0,99.0,149.0
pm2_p1ne,BTC|sell|75-90|7-30d,BTC,sell,75-90,7-30d,554,439.75651335841866,0,-4528.116516143055,32670054.44108048,5446476.447675048,5446476.447675048,1.0,True,-1.3860143772669204,-8.3138457673419,112.0,108.0,-4.0,-8.205966700116775,3.548402042560423,-50.18960390105438,20.95122495013134,87.0,136.0,94.0,126.0
pm2_p1ne,BTC|sell|75-90|<=2d,BTC,sell,75-90,<=2d,512,322.5790998232866,0,14936.915028367823,24721032.115435597,4172999.547402464,4172999.547402464,1.0,True,6.042189079573803,35.794192783139636,69.0,85.0,16.0,-12.009184580685565,13.600043099126392,-69.47370764236722,80.1503121277444,46.0,142.0,70.0,129.0
pm2_p1ne,BTC|sell|75-90|>90d,BTC,sell,75-90,>90d,118,53.02491222930619,0,-24964.53073917748,3993911.550489693,672139.7179669641,672139.7179669641,1.0,False,-62.50646871765746,-371.41877011357474,,,,,,,,,,,
pm2_p1ne,BTC|sell|90-100|2-7d,BTC,sell,90-100,2-7d,221,84.5426752032587,0,6732.00388589542,6791619.979816204,1053418.124490568,1053418.124490568,1.0,True,9.912221098798291,63.90628497256027,58.0,71.0,13.0,-0.2844260424562341,21.788401953012993,-1.7997844701859027,139.13189759981373,29.0,110.0,59.0,109.0
pm2_p1ne,BTC|sell|90-100|30-90d,BTC,sell,90-100,30-90d,68,25.61661114595518,0,-23922.54637186839,1643552.4200825044,296348.0555973512,296348.0555973512,1.0,False,-145.5538994653271,-807.2449243389674,,,,,,,,,,,
pm2_p1ne,BTC|sell|90-100|7-30d,BTC,sell,90-100,7-30d,203,83.0738139497629,0,-22740.233544226237,6133938.141129799,1062623.0723274343,1062623.0723274343,1.0,True,-37.072811986391756,-214.00093915163092,152.0,142.0,-10.0,-84.27697416711847,11.879742371294055,-455.02783387042064,72.81070866139392,54.0,165.0,74.0,158.0
pm2_p1ne,BTC|sell|90-100|<=2d,BTC,sell,90-100,<=2d,523,484.62115605916546,0,-26424.03377812722,37756148.17580494,6004636.954469873,6004636.954469873,1.0,True,-6.998604215421631,-44.00604729059777,130.0,123.0,-7.0,-26.00654322606028,7.495783751669548,-152.20400134576298,44.58591063783996,71.0,153.0,84.0,142.0
pm2_p1ne,BTC|sell|90-100|>90d,BTC,sell,90-100,>90d,118,36.14760000000003,0,-30676.068210365815,2669079.9888873994,547178.503106558,547178.503106558,1.0,False,-114.93124349245551,-560.6226859462703,,,,,,,,,,,
pm2_p1ne,ETH|buy|00-10|2-7d,ETH,buy,00-10,2-7d,3038,65094.48262454078,0,223637.63446618294,161706338.58158225,284566.4583554763,284566.4583554763,1.0,True,13.829861984869309,7858.889475541001,41.0,2.0,-39.0,-0.6417517830376945,32.074398332419854,-389.26958839078594,16924.190674303336,20.0,111.0,1.0,153.10000000000036
pm2_p1ne,ETH|buy|00-10|30-90d,ETH,buy,00-10,30-90d,1745,42042.86513073237,2,121077.29031900752,95994265.96801236,550458.3681323376,550458.3681323376,1.0,True,12.612971108019455,2199.572162556332,44.0,8.0,-36.0,9.193850386112738,15.527413548558192,1540.1622310923442,2777.578414312798,40.0,65.0,5.0,13.0
pm2_p1ne,ETH|buy|00-10|7-30d,ETH,buy,00-10,7-30d,3057,48072.419289181,0,-161896.20998473137,124298542.01076931,407356.8797959554,407356.8797959554,1.0,True,-13.024787528940168,-3974.308966276082,139.0,167.0,28.0,-30.505644593776598,2.660258624963387,-9286.622025804289,834.3307005902835,92.0,155.0,22.899999999999864,175.0
pm2_p1ne,ETH|buy|00-10|<=2d,ETH,buy,00-10,<=2d,3128,36466.054138022555,0,-62780.89886488618,88263053.0314996,68156.35224307702,68156.35224307702,1.0,True,-7.1129308027086635,-9211.305593494866,131.0,173.0,42.0,-13.914606190517324,-1.2352428496588554,-18874.085398419345,-1585.9438702533303,114.0,145.0,165.0,177.0
pm2_p1ne,ETH|buy|00-10|>90d,ETH,buy,00-10,>90d,1292,102496.25722457729,0,504311.73575131065,252799927.381651,930654.9918482422,930654.9918482422,1.0,True,19.949045910521694,5418.890353231421,25.0,3.0,-22.0,17.218873979836136,22.71872763923986,3971.4422929463185,7066.622575117089,25.0,39.0,1.0,4.0
pm2_p1ne,ETH|buy|10-25|2-7d,ETH,buy,10-25,2-7d,5721,116094.34337838397,0,313715.79816572584,294953011.2399991,1259965.3782780813,1259965.3782780813,1.0,True,10.636128000417656,2489.8763376693914,51.0,5.0,-46.0,4.215972207757361,23.128147397683495,1074.032658416643,4697.709119554039,27.0,84.0,3.0,17.0
pm2_p1ne,ETH|buy|10-25|30-90d,ETH,buy,10-25,30-90d,4120,66739.59899754533,0,239695.98712271394,152412662.187345,2804616.735467709,2804616.735467709,1.0,True,15.726776481870033,854.6479242296231,34.0,21.0,-13.0,11.98773929005352,19.793970169145926,643.0413909565914,1091.0726419350074,30.0,55.0,16.0,28.0
pm2_p1ne,ETH|buy|10-25|7-30d,ETH,buy,10-25,7-30d,6280,73728.44586878059,0,126119.02648833564,179985231.6470422,1830690.6986471638,1830690.6986471638,1.0,True,7.007187497230872,688.9149902904655,64.0,24.0,-40.0,-2.298681373512429,16.816137320860484,-225.2360767618813,1657.3013827370073,38.0,120.0,11.0,147.0
pm2_p1ne,ETH|buy|10-25|<=2d,ETH,buy,10-25,<=2d,4897,38138.296562677824,0,31478.934783472327,94059233.05256988,263494.4645331429,263494.4645331429,1.0,True,3.346713954798961,1194.6715783667948,86.0,13.0,-73.0,-1.0764189140107243,7.241298080091602,-372.83435538450203,2658.6320128939374,70.0,114.0,6.0,154.0
pm2_p1ne,ETH|buy|10-25|>90d,ETH,buy,10-25,>90d,1373,26440.17674022586,0,106725.41565508752,60353000.416180015,1696949.9307982214,1696949.9307982214,1.0,True,17.6835310455378,628.9249536365836,28.0,27.0,-1.0,11.973051436645324,22.342769625961594,402.80938717876654,819.409944920811,26.0,54.0,21.0,35.0
pm2_p1ne,ETH|buy|25-40|2-7d,ETH,buy,25-40,2-7d,4222,40068.4791234486,0,117355.0881444999,107235592.2795228,1316568.232195133,1316568.232195133,1.0,True,10.943669508403458,891.3711061433715,49.0,19.0,-30.0,5.942998853992813,15.805996692473109,479.72823884528634,1290.9211607111301,40.0,77.0,14.0,32.0
pm2_p1ne,ETH|buy|25-40|30-90d,ETH,buy,25-40,30-90d,3796,37094.3372475582,0,114341.00622266774,96058926.92395957,3902750.5166416583,3902750.5166416583,1.0,True,11.903215024792054,292.9754431781074,45.0,37.0,-8.0,7.346370844205454,16.757544897988517,180.3503611525357,414.3882274238369,37.0,71.0,33.0,54.0
pm2_p1ne,ETH|buy|25-40|7-30d,ETH,buy,25-40,7-30d,6316,44696.17146384616,0,152541.17040471008,118866335.99377482,2865410.407006024,2865410.407006024,1.0,True,12.833000119789917,532.353655280032,43.0,29.0,-14.0,9.499132926090828,16.041120952580588,392.8852924639907,670.5067675997992,39.0,64.0,25.0,36.0
pm2_p1ne,ETH|buy|25-40|<=2d,ETH,buy,25-40,<=2d,3933,24255.50935331657,0,70666.35249331937,67031965.227903135,439299.7715980396,439299.7715980396,1.0,True,10.542187186823423,1608.6134585560235,53.0,10.0,-43.0,3.461020999255099,17.421767127951263,517.5689176436102,2705.012663723964,36.0,89.0,6.0,30.100000000000364
pm2_p1ne,ETH|buy|25-40|>90d,ETH,buy,25-40,>90d,1466,26850.324672206105,0,248708.10977670542,66021769.17488339,3822921.511635559,3822921.511635559,1.0,True,37.67062180928669,650.5707978040614,15.0,26.0,11.0,30.290506824157614,44.70141516214707,528.3408458176986,762.9549638509129,12.0,24.0,22.0,32.0
pm2_p1ne,ETH|buy|40-60|2-7d,ETH,buy,40-60,2-7d,5252,63505.747699999636,0,97733.37601900061,180976805.43026215,4230534.446755879,4230534.446755879,1.0,True,5.4003260686718955,231.01898175996647,74.0,45.0,-29.0,2.4140839294152916,9.160439868106,101.6438819493896,404.6409133846254,62.0,93.0,34.0,66.0
pm2_p1ne,ETH|buy|40-60|30-90d,ETH,buy,40-60,30-90d,3840,25033.348544787703,0,104743.61027202054,67446815.32127503,4684346.240645411,4684346.240645411,1.0,True,15.529808156706375,223.60347611193856,36.0,47.0,11.0,10.516221956856407,20.897676122044103,151.27014354234075,300.69936540044216,29.0,59.0,40.0,58.0
pm2_p1ne,ETH|buy|40-60|7-30d,ETH,buy,40-60,7-30d,6636,33696.450683325944,0,45443.13945940301,86480545.90282813,3879134.5757917096,3879134.5757917096,1.0,True,5.254723936463601,117.14762293372698,76.0,58.0,-18.0,-0.37027806426566534,10.745040745835173,-8.211648721589134,243.54539854132415,58.0,110.0,47.0,112.0
pm2_p1ne,ETH|buy|40-60|<=2d,ETH,buy,40-60,<=2d,4381,20821.978299999944,0,58648.11564531651,58341894.16995415,646300.3146941017,646300.3146941017,1.0,True,10.05248740715725,907.4437117220816,57.0,18.0,-39.0,5.056081096279216,15.345770821155595,451.109075994542,1402.4636261181972,42.0,81.0,13.0,33.0
pm2_p1ne,ETH|buy|40-60|>90d,ETH,buy,40-60,>90d,1569,15542.433658690758,0,282377.1252251765,41735251.166987635,3962310.7620332376,3962310.7620332376,1.0,True,67.65914121262922,712.6576944214146,6.0,23.0,17.0,56.915951426524146,78.42710052788148,600.8860125024835,828.4902079879096,6.0,12.0,20.0,30.0
pm2_p1ne,ETH|buy|60-75|2-7d,ETH,buy,60-75,2-7d,1539,16178.1310803239,0,10502.247012323336,45686278.5317392,1505101.9086044072,1505101.9086044072,1.0,True,2.2987748947481483,69.77764729606551,94.0,69.0,-25.0,-3.3563509627964794,9.151425345199725,-104.06046607223755,266.27351524458896,64.0,125.0,44.0,135.0
pm2_p1ne,ETH|buy|60-75|30-90d,ETH,buy,60-75,30-90d,1101,13260.588559267413,0,120228.57591319297,31856046.792375322,3066688.4553444814,3066688.4553444814,1.0,True,37.741210231386724,392.04691856997806,14.0,31.0,17.0,23.742340834964168,54.16987498899193,249.76982770400292,550.1006203804918,11.0,27.0,29.0,46.0
pm2_p1ne,ETH|buy|60-75|7-30d,ETH,buy,60-75,7-30d,2441,13953.437307403738,0,12371.98953598806,33823436.00919921,2208201.120792742,2208201.120792742,1.0,True,3.657815702882214,56.027457913555125,85.0,74.0,-11.0,-6.359626414888611,14.337261198947152,-99.71580876595198,214.1631888833375,45.0,131.0,49.0,133.0
pm2_p1ne,ETH|buy|60-75|<=2d,ETH,buy,60-75,<=2d,1462,8201.225935787113,0,41873.46500424423,21188451.092517655,359294.0445835061,359294.0445835061,1.0,True,19.762400196884208,1165.4372132102544,26.0,15.0,-11.0,7.825817240345962,32.93574791302766,461.93495600209064,1925.1826537674303,20.0,70.0,9.0,32.0
pm2_p1ne,ETH|buy|60-75|>90d,ETH,buy,60-75,>90d,750,10414.979219657205,0,274644.55272983,26644425.750061244,3235661.8752477737,3235661.8752477737,1.0,True,103.07767759986297,848.8048607019509,3.0,22.0,19.0,83.37844711633072,125.81097540400839,708.5620379298895,1015.6021116553557,2.0,7.0,17.0,26.0
pm2_p1ne,ETH|buy|75-90|2-7d,ETH,buy,75-90,2-7d,899,5479.166983177723,0,23681.025190990084,13823269.072298944,895280.5647305254,895280.5647305254,1.0,True,17.13127702798286,264.50954174480427,30.0,41.0,11.0,9.70590040167135,24.391975330262245,148.9216813445818,381.64699881503844,25.0,62.0,35.0,59.0
pm2_p1ne,ETH|buy|75-90|30-90d,ETH,buy,75-90,30-90d,540,9840.630718183495,0,83696.94796380373,25052029.487118468,2660882.9893577206,2660882.9893577206,1.0,True,33.40924854285357,314.5457665690379,17.0,36.0,19.0,23.79223835564309,49.33253552721956,228.939509563768,432.9409947907871,12.0,28.0,32.0,49.0
pm2_p1ne,ETH|buy|75-90|7-30d,ETH,buy,75-90,7-30d,1099,11646.41575326142,0,75882.21950173637,27386446.178037934,2781068.453294232,2781068.453294232,1.0,True,27.707946846564102,272.8527570468549,20.0,40.0,20.0,12.032851179295474,43.74754450813658,122.82352673704804,409.8034390735228,14.0,54.0,33.0,63.0
pm2_p1ne,ETH|buy|75-90|<=2d,ETH,buy,75-90,<=2d,1061,5413.8154590799195,0,41350.923487730215,12888955.206285147,348485.256220795,348485.256220795,1.0,True,32.08244797651708,1186.5903291337784,18.0,14.0,-4.0,16.21116156085108,45.022886906930296,563.7218030216936,1835.9773085500356,13.0,39.0,9.0,29.0
pm2_p1ne,ETH|buy|75-90|>90d,ETH,buy,75-90,>90d,333,1902.036182683302,0,79220.415580579,4988573.802389307,686564.429542415,686564.429542415,1.0,True,158.80373573432135,1153.8671706802265,1.0,16.0,15.0,129.26220617055134,193.05495906427075,953.5068124439332,1359.6640944946498,1.0,3.0,12.0,21.0
pm2_p1ne,ETH|buy|90-100|2-7d,ETH,buy,90-100,2-7d,473,3480.289862472201,0,-10130.770972083412,8322117.940985399,900706.2620396664,900706.2620396664,1.0,True,-12.173308578325502,-112.47585810208635,138.0,130.0,-8.0,-35.95100062691205,9.911757703896997,-326.0996333838209,93.5410796425578,61.0,156.0,68.0,153.0
pm2_p1ne,ETH|buy|90-100|30-90d,ETH,buy,90-100,30-90d,246,1738.7046452401582,0,28917.748184433614,5255813.031246547,760416.5574690447,760416.5574690447,1.0,True,55.02050398770569,380.2882499124279,8.0,32.0,24.0,31.80501323072121,90.90216137776414,226.00794207301863,613.5758824867413,5.0,21.0,27.0,49.0
pm2_p1ne,ETH|buy|90-100|7-30d,ETH,buy,90-100,7-30d,390,5103.651350228187,0,33726.64127720148,12332363.874443773,1499300.401133671,1499300.401133671,1.0,True,27.348075049174344,224.9491913141599,21.0,46.0,25.0,7.888401979875446,49.54690460025199,62.93160151716647,407.7748137960105,12.0,68.10000000000036,34.0,78.0
pm2_p1ne,ETH|buy|90-100|<=2d,ETH,buy,90-100,<=2d,1022,8058.899286115168,0,-13432.085020321294,19863799.35841931,1179256.604545936,1179256.604545936,1.0,True,-6.762092577535062,-113.90298742904407,129.0,131.0,2.0,-28.152304048946604,25.936796353552907,-515.2084526104093,400.3851388866711,25.0,154.0,35.0,159.0
pm2_p1ne,ETH|buy|90-100|>90d,ETH,buy,90-100,>90d,95,1045.379234129902,0,32781.42211086039,2416691.756695751,392329.71470699407,392329.71470699407,1.0,False,135.64585562074808,835.557972847984,,,,,,,,,,,
pm2_p1ne,ETH|sell|00-10|2-7d,ETH,sell,00-10,2-7d,4955,116801.23514681435,0,-12847.141038459287,298842718.7646538,29424184.679545574,29424184.679545574,1.0,True,-0.4298964047565347,-4.36618420471989,107.0,107.0,0.0,-16.16648959501941,12.474689474071708,-157.43758905068447,127.99748027622158,51.0,146.0,61.0,142.0
pm2_p1ne,ETH|sell|00-10|30-90d,ETH,sell,00-10,30-90d,2973,53970.7263741304,0,181183.58013980647,125437863.32788897,9795723.827375757,9795723.827375757,1.0,True,14.44409011226544,184.9619112713848,39.0,52.0,13.0,10.776692651480257,18.707874943311502,142.35402557561426,230.9079769796808,32.0,59.0,46.0,61.0
pm2_p1ne,ETH|sell|00-10|7-30d,ETH,sell,00-10,7-30d,4306,70174.98542272062,0,52140.540530634455,173359713.66871172,16685698.01709129,16685698.01709129,1.0,True,3.0076503604680838,31.248642086909697,87.0,90.0,3.0,-4.2912001876282435,9.393341252180553,-43.427890051689545,99.31542349050486,62.0,127.0,67.0,124.0
pm2_p1ne,ETH|sell|00-10|<=2d,ETH,sell,00-10,<=2d,9698,122416.78596230787,0,520965.44064941915,327455248.9452137,41128174.18223422,41128174.18223422,1.0,True,15.909515646108378,126.668749830975,33.0,55.0,22.0,11.977126810903409,19.669203291742406,94.43104525559006,157.96724722857178,30.0,55.0,54.0,70.0
pm2_p1ne,ETH|sell|00-10|>90d,ETH,sell,00-10,>90d,1259,87909.56937801171,0,-65115.592413458005,212628915.66856965,14826090.407435605,14826090.407435605,1.0,True,-3.0624053275498713,-43.919597563495984,120.0,122.0,2.0,-6.487199919263762,1.37451030613245,-91.521850583333,19.92687166107196,98.0,135.0,95.0,135.0
pm2_p1ne,ETH|sell|10-25|2-7d,ETH,sell,10-25,2-7d,5732,63660.02718268499,0,-330703.16714054625,162099915.07622895,20670306.468898997,20670306.468898997,1.0,True,-20.401193115063023,-159.9894842575893,147.0,138.0,-9.0,-41.93005646015915,-1.2398420388235134,-326.3843565095168,-9.768731226789527,114.0,159.0,111.0,154.0
pm2_p1ne,ETH|sell|10-25|30-90d,ETH,sell,10-25,30-90d,4615,54288.409561230364,0,101584.70434433203,127399032.65715903,13387579.267151512,13387579.267151512,1.0,True,7.973742203969835,75.87981539992502,60.0,66.0,6.0,4.97318969773933,11.520645110510618,47.35544485371355,109.9851760023606,54.0,82.0,63.0,85.0
pm2_p1ne,ETH|sell|10-25|7-30d,ETH,sell,10-25,7-30d,6458,56041.005098997965,0,160770.1622998588,141383699.7665938,16198722.05095736,16198722.05095736,1.0,True,11.371195022146791,99.24867023096871,48.0,61.0,13.0,9.007148896889271,13.848458178758298,78.58072357723798,120.76931491768713,45.0,66.0,60.0,75.0
pm2_p1ne,ETH|sell|10-25|<=2d,ETH,sell,10-25,<=2d,8045,55493.599782125704,0,74511.17727436277,144205240.51639396,20973990.63208844,20973990.63208844,1.0,True,5.1670228493458925,35.52551280363735,77.0,86.0,9.0,-11.09365267178548,14.870261075636947,-76.06424104571907,103.50584318680718,42.0,139.0,65.0,129.0
pm2_p1ne,ETH|sell|10-25|>90d,ETH,sell,10-25,>90d,1692,55488.25843371025,0,159012.1304518515,138284517.90351763,12241313.820149792,12241313.820149792,1.0,True,11.498910569496703,129.89792826821403,47.0,53.0,6.0,1.8292761822112973,16.215576868262826,19.40362936579576,188.058975330463,39.0,97.0,52.0,96.10000000000036
pm2_p1ne,ETH|sell|25-40|2-7d,ETH,sell,25-40,2-7d,4643,64114.624462662694,0,278136.1015979463,174752428.14976662,24819825.895424016,24819825.895424016,1.0,True,15.91600783707438,112.06206794916548,32.0,60.0,28.0,9.93662249596982,20.44286944410135,67.54589671866617,148.22474840384095,29.0,63.0,56.0,78.0
pm2_p1ne,ETH|sell|25-40|30-90d,ETH,sell,25-40,30-90d,4389,45504.03556657938,0,16126.822194393766,106197634.01759343,13543456.295386918,13543456.295386918,1.0,True,1.5185669947903064,11.9074642710567,96.0,97.0,1.0,-12.723678959798239,13.66207938964137,-99.58691834847953,106.02944402628114,47.0,142.0,64.0,133.0
pm2_p1ne,ETH|sell|25-40|7-30d,ETH,sell,25-40,7-30d,5791,49786.492339907665,0,93430.541581759,124780998.63317566,16584056.74917374,16584056.74917374,1.0,True,7.487561616366046,56.33756745701799,62.0,73.0,11.0,3.8474555656092644,11.589164626414744,28.843917943858067,87.3425729314799,55.0,86.0,69.0,92.0
pm2_p1ne,ETH|sell|25-40|<=2d,ETH,sell,25-40,<=2d,6415,32744.8752651837,0,31960.344861601156,86322337.3978642,13936506.497631313,13936506.497631313,1.0,True,3.7024420126964643,22.932823851539283,84.0,95.0,11.0,-3.7090544637351988,10.76376495023968,-22.922716992127675,66.73434198758126,58.0,124.0,76.0,117.0
pm2_p1ne,ETH|sell|25-40|>90d,ETH,sell,25-40,>90d,1507,18607.14768940686,0,53900.65032153603,45517943.13919433,5935704.748907133,5935704.748907133,1.0,True,11.841626972622048,90.80749902774406,46.0,63.0,17.0,-2.9423094013524165,37.20907604647176,-23.334050676465573,273.93918410915154,18.0,122.0,44.0,117.0
pm2_p1ne,ETH|sell|40-60|2-7d,ETH,sell,40-60,2-7d,6033,56566.165699999656,1,81290.54946011951,163399500.16431835,26065981.60663715,26065981.60663715,1.0,True,4.974957045668551,31.186452398715954,78.0,91.0,13.0,1.5202586865374963,9.030489731353843,9.523360911725497,56.71646331259206,63.0,99.0,78.0,102.0
pm2_p1ne,ETH|sell|40-60|30-90d,ETH,sell,40-60,30-90d,5287,34248.08263752955,0,60201.005709339915,88825623.78958902,13097100.23608101,13097100.23608101,1.0,True,6.777436863482618,45.96514085117334,66.0,78.0,12.0,2.7736681753745014,11.480140858137744,19.04365376965515,77.16961838058805,54.0,92.0,71.0,97.0
pm2_p1ne,ETH|sell|40-60|7-30d,ETH,sell,40-60,7-30d,6849,34317.020053039465,0,-29078.855902254763,88973976.97795025,13197384.356674032,13197384.356674032,1.0,True,-3.2682427929979077,-22.03380239323661,122.0,118.0,-4.0,-33.95327954609625,17.882931644234006,-231.51369091818447,120.07748908201864,35.0,155.0,60.899999999999864,148.0
pm2_p1ne,ETH|sell|40-60|<=2d,ETH,sell,40-60,<=2d,6678,28659.097525094636,0,79871.18652417962,74675108.248224,12590647.688957388,12590647.688957388,1.0,True,10.695824672752206,63.436916429827946,50.0,72.0,22.0,7.33155566990472,13.953460008521589,43.43598177261163,82.81262989901445,45.0,71.0,69.0,87.0
pm2_p1ne,ETH|sell|40-60|>90d,ETH,sell,40-60,>90d,2296,19862.186400749655,0,-11349.324830877584,51693041.81900491,8399895.518228374,8399895.518228374,1.0,True,-2.195522730238137,-13.5112690464408,118.0,113.0,-5.0,-18.195341077886052,17.18668818554016,-111.62778339102923,105.18696391581216,38.0,148.0,66.0,136.0
pm2_p1ne,ETH|sell|60-75|2-7d,ETH,sell,60-75,2-7d,1639,8265.549900000005,0,3575.5923515472805,23237325.361946616,3926660.9501102474,3926660.9501102474,1.0,True,1.538728014456716,9.105936053498304,95.0,101.0,6.0,-4.452910017253624,9.581212539724381,-26.395475684075063,57.389843444861874,63.0,127.0,80.0,119.0
pm2_p1ne,ETH|sell|60-75|30-90d,ETH,sell,60-75,30-90d,1080,6021.012004476628,0,6504.969646929846,14947044.623725224,2455990.61425782,2455990.61425782,1.0,True,4.352010588504301,26.48613398262352,83.0,94.0,11.0,-2.920595215486951,11.432623724353746,-17.629033886223258,69.31760373043589,55.0,122.0,74.0,116.0
pm2_p1ne,ETH|sell|60-75|7-30d,ETH,sell,60-75,7-30d,1794,12111.82634221975,0,-46418.456633648566,29331556.39922435,4826602.952172023,4826602.952172023,1.0,True,-15.82543251434011,-96.1721050884448,143.0,128.0,-15.0,-28.964987150521814,-3.4147772100374185,-175.35759569222293,-20.68173746465086,124.0,155.0,116.0,145.0
pm2_p1ne,ETH|sell|60-75|<=2d,ETH,sell,60-75,<=2d,1771,7940.423000760263,0,13744.467781447736,19961076.499034915,3483649.1376212034,3483649.1376212034,1.0,True,6.8856345408586845,39.45422526343481,65.0,82.0,17.0,-4.786593373348855,17.3640391609375,-27.3171024710503,99.63839975618713,36.0,128.0,66.0,119.0
pm2_p1ne,ETH|sell|60-75|>90d,ETH,sell,60-75,>90d,1083,7267.236724452421,0,-58098.5272185137,17623755.294760212,3419849.952143655,3419849.952143655,1.0,True,-32.966031499420104,-169.8861880828893,151.0,140.0,-11.0,-54.58070447575204,-6.2471367020687065,-277.19037434532544,-32.868591253208926,131.0,162.0,120.0,152.0
pm2_p1ne,ETH|sell|75-90|2-7d,ETH,sell,75-90,2-7d,856,3907.230460304174,0,-12190.038658254516,10162867.218966423,1754834.8585892248,1754834.8585892248,1.0,True,-11.994684566482272,-69.46544627028055,137.0,125.0,-12.0,-20.59861768881505,-3.776198123734785,-118.93897073219487,-21.892403788319502,124.0,151.0,116.0,138.0
pm2_p1ne,ETH|sell|75-90|30-90d,ETH,sell,75-90,30-90d,518,5578.073267661812,0,20873.607714885617,14776651.495642813,2592662.182312022,2592662.182312022,1.0,True,14.126074314631168,80.5103258623206,40.0,65.0,25.0,2.0957586391375433,27.08717670307303,11.80443804920141,153.89858794271433,24.0,95.0,57.0,100.0
pm2_p1ne,ETH|sell|75-90|7-30d,ETH,sell,75-90,7-30d,951,5588.4251007257735,0,-54980.868094666665,14182737.66344718,2512668.672231534,2512668.672231534,1.0,True,-38.7660474298749,-218.8146360173999,154.0,143.0,-11.0,-92.74538942569927,22.21018033884283,-518.8966110757684,127.00711477719504,29.0,165.0,62.0,159.0
pm2_p1ne,ETH|sell|75-90|<=2d,ETH,sell,75-90,<=2d,1210,7473.00117981294,0,8920.274056264054,18748948.747183453,3216109.107843646,3216109.107843646,1.0,True,4.757746248361842,27.736229577873267,80.0,93.0,13.0,-19.39562613028579,19.63999250326745,-109.21534329127557,117.26326891291971,32.0,148.0,62.0,136.0
pm2_p1ne,ETH|sell|75-90|>90d,ETH,sell,75-90,>90d,465,2999.0822662669934,0,-123731.3795809321,8280600.204539678,1766039.6996479575,1766039.6996479575,1.0,True,-149.42320185087402,-700.6149386426405,166.0,159.0,-7.0,-194.10281713682545,-100.5459063808545,-891.5925150617909,-486.48616602222233,164.0,173.0,156.0,166.0
pm2_p1ne,ETH|sell|90-100|2-7d,ETH,sell,90-100,2-7d,458,2234.429108509112,0,-12330.166675557892,6096168.092591504,1057909.4547208217,1057909.4547208217,1.0,True,-20.22609365142406,-116.55219282270028,146.0,133.0,-13.0,-55.05524954729549,18.55200238073452,-320.6904828127017,105.96899357465152,35.0,161.0,66.0,153.0
pm2_p1ne,ETH|sell|90-100|30-90d,ETH,sell,90-100,30-90d,273,3038.168298974756,0,-45678.857716175844,9133693.341090983,1727729.283951084,1727729.283951084,1.0,True,-50.01137657060828,-264.38666138548314,156.0,147.0,-9.0,-90.26887576067166,-13.158814335131531,-471.2821233401148,-71.2148825877865,142.0,166.0,129.0,158.0
pm2_p1ne,ETH|sell|90-100|7-30d,ETH,sell,90-100,7-30d,489,3663.1616539755287,0,5775.599491745496,9202210.997486243,1660591.4997951915,1660591.4997951915,1.0,True,6.276317173474082,34.78037489929238,68.0,87.0,19.0,-13.267690769213912,22.076870358476846,-72.72638533948451,123.036479724736,28.0,143.0,61.0,130.0
pm2_p1ne,ETH|sell|90-100|<=2d,ETH,sell,90-100,<=2d,1109,9176.693279676294,0,-17133.415358021677,21110222.628893092,3784571.3938946403,3784571.3938946403,1.0,True,-8.116169904608942,-45.271745660979484,133.0,124.0,-9.0,-17.499847439295735,5.973157503677822,-96.97117482461182,33.71641875929214,76.0,148.0,89.0,135.0
pm2_p1ne,ETH|sell|90-100|>90d,ETH,sell,90-100,>90d,227,1825.1336398571682,0,-86528.88773950492,5149814.976383944,1071450.9623674303,1071450.9623674303,1.0,True,-168.0232943053482,-807.5860751323098,168.0,160.0,-8.0,-205.08298787167055,-126.22196940424631,-957.826615305259,-621.125749686675,165.0,174.0,158.0,167.0
pm2_p1ne,HYPE|buy|00-10|2-7d,HYPE,buy,00-10,2-7d,216,240778.839,0,-672710.734878555,16949389.909338817,46358.95733734491,46358.95733734491,1.0,True,-396.8937752195453,-145109.11666614347,174.0,177.0,3.0,-1460.910714994912,-42.38588829025013,-551192.086960042,-15054.399885198944,158.0,178.0,175.0,180.0
pm2_p1ne,HYPE|buy|00-10|30-90d,HYPE,buy,00-10,30-90d,186,926521.12,4,130855.17080348443,46836625.391097955,399395.5994636912,399395.5994636912,1.0,False,27.9386419732015,3276.329808821051,,,,,,,,,,,
pm2_p1ne,HYPE|buy|00-10|7-30d,HYPE,buy,00-10,7-30d,485,238303.1686,0,-153412.73542812368,13550367.099809268,60282.92741026355,60282.92741026355,1.0,True,-113.21666365059812,-25448.786583314493,161.0,175.0,14.0,-339.3343373322415,15.830978303214033,-75104.10124770692,3210.5360540594534,42.0,174.0,5.0,179.0
pm2_p1ne,HYPE|buy|00-10|<=2d,HYPE,buy,00-10,<=2d,181,41723.0,0,-91558.06643384477,2240544.8994181277,4013.2280329951204,4013.2280329951204,1.0,False,-408.64196230846574,-228140.70289824493,,,,,,,,,,,
pm2_p1ne,HYPE|buy|00-10|>90d,HYPE,buy,00-10,>90d,196,67615.44,1,11069.661867949884,5592061.689083756,38090.208671999884,38090.208671999884,1.0,False,19.795314292685525,2906.1699197482194,,,,,,,,,,,
pm2_p1ne,HYPE|buy|10-25|2-7d,HYPE,buy,10-25,2-7d,1329,840716.6448156161,0,1668.4921109892753,48018849.47311279,514489.4479847114,514489.4479847114,1.0,True,0.34746607411398195,32.4300550288226,104.0,89.0,-15.0,-65.09935989747026,45.30857845596435,-6552.502652354294,3985.3075082573678,14.0,162.0,4.0,172.0
pm2_p1ne,HYPE|buy|10-25|30-90d,HYPE,buy,10-25,30-90d,1554,1331089.4059496867,0,-1234092.3362779457,72712401.00495721,2117384.2808818785,2117384.2808818785,1.0,True,-169.72240212420033,-5828.381496078517,169.0,170.0,1.0,-394.12471372319857,-21.46859114375099,-13823.481257425525,-728.1577574279431,150.0,175.0,161.0,176.0
pm2_p1ne,HYPE|buy|10-25|7-30d,HYPE,buy,10-25,7-30d,3225,1765183.4789893222,0,98499.1006295387,97121301.96090691,1688646.0681135796,1688646.0681135796,1.0,True,10.141863694247672,583.3022235356519,56.0,28.0,-28.0,-26.134399458612343,42.467160334696906,-1558.0125957303171,2413.845096849123,15.0,151.0,7.0,165.0
pm2_p1ne,HYPE|buy|10-25|<=2d,HYPE,buy,10-25,<=2d,610,666964.7343000001,0,-535314.0326534839,43238338.69596843,250122.9753690175,250122.9753690175,1.0,True,-123.80541177068788,-21402.033614213622,162.0,174.0,12.0,-498.54847834178105,9.061555078030027,-77829.40593874018,1604.9436640077547,63.0,176.0,11.0,178.0
pm2_p1ne,HYPE|buy|10-25|>90d,HYPE,buy,10-25,>90d,761,814098.5860000001,0,-182183942.2385419,50312146.30953407,2352850.6932572164,2352850.6932572164,1.0,True,-36210.727548313385,-774311.5309468783,178.0,181.0,3.0,-82343.97488284964,44.960612328305146,-1713300.1308447337,995.6561690240101,14.0,181.0,18.0,181.0
pm2_p1ne,HYPE|buy|25-40|2-7d,HYPE,buy,25-40,2-7d,1522,1099165.3947580706,0,-768659.1617614682,60125902.284704655,1178944.5270005988,1178944.5270005988,1.0,True,-127.8416011325299,-6519.892532323344,165.0,171.0,6.0,-414.35594171696874,65.86553071443815,-21718.329253234748,3381.746444267108,9.0,175.0,5.0,177.0
pm2_p1ne,HYPE|buy|25-40|30-90d,HYPE,buy,25-40,30-90d,1320,2221096.55,0,-269039.700205642,121168536.36473154,7693413.874757223,7693413.874757223,1.0,True,-22.203759183473245,-349.70132191689993,148.0,152.0,4.0,-133.3686593965001,27.5454217536884,-1983.5790732355792,450.56804102671435,24.0,169.0,33.0,168.0
pm2_p1ne,HYPE|buy|25-40|7-30d,HYPE,buy,25-40,7-30d,3682,3136372.274009669,0,-1990428.866607908,159449466.58195916,5817663.96320852,5817663.96320852,1.0,True,-124.83132802359052,-3421.354136635557,164.0,166.0,2.0,-308.4785192877895,12.335743114571416,-8588.525732670298,335.94315385685803,52.0,174.0,39.0,174.0
pm2_p1ne,HYPE|buy|25-40|<=2d,HYPE,buy,25-40,<=2d,661,297105.3499,0,200587.9546854139,16224856.012202786,169093.73094648268,169093.73094648268,1.0,True,123.63003686106724,11862.530536327155,2.0,1.0,-1.0,22.645284972554148,297.70328050593776,2069.6229930263494,30614.929105472078,1.0,28.0,1.0,8.0
pm2_p1ne,HYPE|buy|25-40|>90d,HYPE,buy,25-40,>90d,641,707245.6252954319,0,-153076511.25849697,38325208.09569437,3493250.859146566,3493250.859146566,1.0,True,-39941.46903945821,-438206.4656412766,179.0,178.0,-1.0,-90047.59725927413,14.403520861195553,-1016055.9601462329,153.5416149559171,46.0,181.0,58.0,181.0
pm2_p1ne,HYPE|buy|40-60|2-7d,HYPE,buy,40-60,2-7d,1594,747157.1891,0,-33663.82252180522,37806932.730523944,1321277.202312088,1321277.202312088,1.0,True,-8.904140085034264,-254.78243674300344,134.0,146.0,12.0,-103.43912565861093,63.77549316883395,-3009.1102778785557,1787.8321173153538,10.0,165.0,10.0,168.0
pm2_p1ne,HYPE|buy|40-60|30-90d,HYPE,buy,40-60,30-90d,1229,712772.4800000001,0,-1751024.2699408492,35727953.87697373,3883202.398611713,3883202.398611713,1.0,True,-490.0992304150294,-4509.227411290381,175.0,168.0,-7.0,-1308.5598203688971,45.77792755449807,-12209.273870567704,425.99234540023895,14.0,179.0,35.0,176.0
pm2_p1ne,HYPE|buy|40-60|7-30d,HYPE,buy,40-60,7-30d,2850,2387897.8559115394,0,75924.42216520618,130525092.8082182,8520640.417876018,8520640.417876018,1.0,True,5.816844909412375,89.10647374101046,70.0,64.0,-6.0,-24.72974771197238,36.00960272404851,-386.0802772882353,556.3653245164876,18.0,151.0,30.0,154.0
pm2_p1ne,HYPE|buy|40-60|<=2d,HYPE,buy,40-60,<=2d,631,312308.5,0,65296.31000020411,16373270.56645216,291838.6202285479,291838.6202285479,1.0,True,39.87982103831613,2237.411551256257,11.0,7.0,-4.0,16.27776537605176,90.03264112406457,930.4400380635263,4914.388833052005,6.0,39.0,3.0,19.0
pm2_p1ne,HYPE|buy|40-60|>90d,HYPE,buy,40-60,>90d,473,404024.9517235621,0,89087.71752370731,22352507.79022486,2680046.9088847646,2680046.9088847646,1.0,True,39.85580426133076,332.41103813656366,12.0,35.0,23.0,11.468556622937895,67.52718112537531,92.6202563557955,608.793679105704,8.0,55.0,28.0,68.0
pm2_p1ne,HYPE|buy|60-75|2-7d,HYPE,buy,60-75,2-7d,598,340441.6061173347,0,29138.47372896227,19890644.380103793,1193424.747064646,1193424.747064646,1.0,True,14.649336226688007,244.15845071615465,38.0,43.0,5.0,-31.981849183722144,136.89207615870507,-563.7963685630376,1798.6969160157203,3.0,154.0,10.0,158.10000000000036
pm2_p1ne,HYPE|buy|60-75|30-90d,HYPE,buy,60-75,30-90d,288,323640.50000000006,0,-1974659.4679589826,16086607.924065053,2499117.921278648,2499117.921278648,1.0,True,-1227.5176204207444,-7901.425743642653,176.0,172.0,-4.0,-4455.34536416547,-0.03510602729909433,-30018.025060269556,-0.2293803748286442,108.0,180.0,108.0,177.0
pm2_p1ne,HYPE|buy|60-75|7-30d,HYPE,buy,60-75,7-30d,1034,777642.4474711823,0,-1272687.1106729954,37148326.960239545,3898175.8324881266,3898175.8324881266,1.0,True,-342.59607762017737,-3264.8273586485834,172.0,165.0,-7.0,-1030.6182187034062,79.66237383284319,-9958.756071410637,742.2914029523449,7.0,178.0,25.0,175.0
pm2_p1ne,HYPE|buy|60-75|<=2d,HYPE,buy,60-75,<=2d,335,242733.0,0,43509.80127943307,12524345.505846024,361616.43462632765,361616.43462632765,1.0,True,34.74017964381762,1203.2030934764744,16.0,12.0,-4.0,1.5607304389489676,139.29826434379345,58.69371922652607,3840.807559348884,2.0,97.0,4.0,79.10000000000036
pm2_p1ne,HYPE|buy|60-75|>90d,HYPE,buy,60-75,>90d,189,225064.1117235621,0,-616794.5387770267,14639249.865616588,2504886.5772495368,2504886.5772495368,1.0,False,-421.3293334282794,-2462.3651401186044,,,,,,,,,,,
pm2_p1ne,HYPE|buy|75-90|2-7d,HYPE,buy,75-90,2-7d,203,188741.05574649255,0,34085.191874688666,13153096.572728217,1184236.0769469985,1184236.0769469985,1.0,True,25.914195707618614,287.82429904146704,22.0,38.0,16.0,12.425926343796188,163.5452091207022,139.84845223916133,1596.2975344554145,2.0,51.0,12.0,59.0
pm2_p1ne,HYPE|buy|75-90|30-90d,HYPE,buy,75-90,30-90d,218,97515.8,0,-106396.37833559104,5547885.971085027,994446.3490175903,994446.3490175903,1.0,True,-191.77823569214885,-1069.905666009027,170.0,161.0,-9.0,-606.8637237534986,69.48493582449534,-3363.1033943964712,394.41271731922484,8.0,177.0,35.0,170.0
pm2_p1ne,HYPE|buy|75-90|7-30d,HYPE,buy,75-90,7-30d,736,616316.6828295654,0,143355.34771041464,29994681.897750992,4138964.131916039,4138964.131916039,1.0,True,47.793588276448254,346.3556173511742,9.0,34.0,25.0,17.13962122637269,77.59305125901842,123.65960474496887,555.275671654355,7.0,38.0,29.0,62.0
pm2_p1ne,HYPE|buy|75-90|<=2d,HYPE,buy,75-90,<=2d,255,129417.43853381717,0,2530.4042532875064,4799263.329509262,392155.61264305393,392155.61264305393,1.0,True,5.272484711828153,64.52551415069811,75.0,70.0,-5.0,-25.75226068365941,82.3960974006679,-261.6147410256091,1733.585299306379,6.0,152.0,10.0,150.0
pm2_p1ne,HYPE|buy|75-90|>90d,HYPE,buy,75-90,>90d,51,124303.0,0,87288.02227464806,8695822.927976971,1679504.3074004797,1679504.3074004797,1.0,False,100.37925449679673,519.7249086532657,,,,,,,,,,,
pm2_p1ne,HYPE|buy|90-100|2-7d,HYPE,buy,90-100,2-7d,131,26348.177435110887,0,8371.497366272095,1742415.613524028,259687.59119118282,259687.59119118282,1.0,False,48.04535325151717,322.3680164258974,,,,,,,,,,,
pm2_p1ne,HYPE|buy|90-100|30-90d,HYPE,buy,90-100,30-90d,25,29859.16,0,22958.36056487506,2003909.811793329,452815.40865902463,452815.40865902463,1.0,False,114.56783349111545,507.01367766755874,,,,,,,,,,,
pm2_p1ne,HYPE|buy|90-100|7-30d,HYPE,buy,90-100,7-30d,99,92673.0,0,-588880.5116180731,6996407.942538326,1402457.5105459807,1402457.5105459807,1.0,False,-841.6897877518915,-4198.918735076832,,,,,,,,,,,
pm2_p1ne,HYPE|buy|90-100|<=2d,HYPE,buy,90-100,<=2d,146,30686.704319381675,0,2299.549927606337,1553731.4057431093,177003.61541180676,177003.61541180676,1.0,False,14.800176652839953,129.9154213464133,,,,,,,,,,,
pm2_p1ne,HYPE|buy|90-100|>90d,HYPE,buy,90-100,>90d,8,15820.0,0,7528.69334910911,955641.2577610668,249733.6793394569,249733.6793394569,1.0,False,78.78158553710605,301.4688835331474,,,,,,,,,,,
pm2_p1ne,HYPE|sell|00-10|2-7d,HYPE,sell,00-10,2-7d,439,257146.83544480367,0,18079.44141136697,17623298.023137182,3686699.777580796,3686699.777580796,1.0,True,10.258829753449625,49.03963572328273,55.0,77.0,22.0,-10.51660290402028,28.412676118754426,-49.62647391915456,141.59875095134274,23.0,139.0,58.0,125.0
pm2_p1ne,HYPE|sell|00-10|30-90d,HYPE,sell,00-10,30-90d,450,360342.00815227383,0,104.26386301849456,20874509.31913908,4442087.2521806685,4442087.2521806685,1.0,True,0.04994793478709405,0.23471817886357435,106.0,106.0,0.0,-34.22031146955719,29.327553288381868,-181.8729562387248,162.03379043635016,23.0,156.0,56.0,144.0
pm2_p1ne,HYPE|sell|00-10|7-30d,HYPE,sell,00-10,7-30d,685,262242.7688180837,0,-98582.96828213833,15678097.547881149,3167002.0708850008,3167002.0708850008,1.0,True,-62.87942014716036,-311.28166662230785,158.0,149.0,-9.0,-172.32427066467605,13.868234373210004,-883.4584688998408,66.31142215110593,47.899999999999864,170.0,78.0,163.0
pm2_p1ne,HYPE|sell|00-10|<=2d,HYPE,sell,00-10,<=2d,506,272085.82325367164,0,76940.47822530307,12339266.906445906,3992185.143525117,3992185.143525117,1.0,True,62.35417290885422,192.72773045130938,7.0,49.0,42.0,0.9531021029384268,111.61729780758978,2.9879562650843243,352.2004682483491,3.0,101.0,36.0,105.0
pm2_p1ne,HYPE|sell|00-10|>90d,HYPE,sell,00-10,>90d,149,220096.8434997073,0,-20772.28503466399,15172607.717670321,1616138.7699638943,1616138.7699638943,1.0,False,-13.690649241838747,-128.5303305676409,,,,,,,,,,,
pm2_p1ne,HYPE|sell|10-25|2-7d,HYPE,sell,10-25,2-7d,806,276804.0565596901,0,17623.91208413514,16709187.952048501,4078840.406891608,4078840.406891608,1.0,True,10.547437813681722,43.20814331043152,52.0,79.0,27.0,-9.935613652309039,29.718744308183634,-39.584046804481545,122.31604896209438,22.0,139.0,61.0,123.0
pm2_p1ne,HYPE|sell|10-25|30-90d,HYPE,sell,10-25,30-90d,1187,1470086.94,0,-10141744.027993204,76135092.9082061,19540414.740413304,19540414.740413304,1.0,True,-1332.072194384896,-5190.1375496489045,177.0,169.0,-8.0,-3864.38702876274,-19.762397104637294,-15886.567621688031,-77.84803580689314,148.0,180.0,130.0,176.0
pm2_p1ne,HYPE|sell|10-25|7-30d,HYPE,sell,10-25,7-30d,1755,1320103.308729277,0,-2451403.200272467,74169416.58267108,19558178.80415394,19558178.80415394,1.0,True,-330.51401955414764,-1253.3903206528698,171.0,162.0,-9.0,-746.5250543243418,-47.326474783290216,-2892.553275663826,-176.1021990114518,159.0,177.0,144.0,169.0
pm2_p1ne,HYPE|sell|10-25|<=2d,HYPE,sell,10-25,<=2d,788,324095.0,0,123199.56984401593,15173703.749546627,5078203.352715625,5078203.352715625,1.0,True,81.19281348675138,242.6046404347585,5.0,44.0,39.0,47.75143320640698,120.13488170479509,140.6166790399518,362.57785722761673,3.0,13.0,36.0,59.100000000000364
pm2_p1ne,HYPE|sell|10-25|>90d,HYPE,sell,10-25,>90d,467,422184.0695248364,0,-197693.34096212377,27618956.914338212,4801476.207314442,4801476.207314442,1.0,True,-71.57885852651172,-411.73450086238677,159.0,156.0,-3.0,-199.25268590473627,1.8387280032838376,-1142.3842614343241,10.506818731013595,99.0,172.0,103.0,165.0
pm2_p1ne,HYPE|sell|25-40|2-7d,HYPE,sell,25-40,2-7d,826,583851.6068194897,1,-37581.57697259203,36271323.17258655,10172622.930624492,10172622.930624492,1.0,True,-10.36123683543912,-36.943841552853975,136.0,121.0,-15.0,-69.93502429570519,20.522805688599437,-251.48841395911768,73.50532492145066,30.0,162.0,73.0,148.0
pm2_p1ne,HYPE|sell|25-40|30-90d,HYPE,sell,25-40,30-90d,980,1358125.6,0,-1139762252.0351539,78852695.64756235,19781543.36490156,19781543.36490156,1.0,True,-144543.2198195736,-576174.5840607345,181.0,180.0,-1.0,-293441.66284278565,28.28303551904835,-1268050.6243040916,105.03681366371312,24.0,181.0,66.0,181.0
pm2_p1ne,HYPE|sell|25-40|7-30d,HYPE,sell,25-40,7-30d,1635,1288531.3308535074,0,-1162305.0934954477,77487524.64428084,19850026.084382307,19850026.084382307,1.0,True,-149.99899646184332,-585.5433582578167,167.0,158.0,-9.0,-376.3350312226597,-16.127306559400523,-1481.3659191387007,-62.90609414962235,146.0,175.0,127.0,167.0
pm2_p1ne,HYPE|sell|25-40|<=2d,HYPE,sell,25-40,<=2d,959,608938.0285338172,0,91416.13799598804,28577138.18199381,9990432.15825107,9990432.15825107,1.0,True,31.989255681868283,91.50368727591801,19.0,62.0,43.0,12.820364961464483,75.11997697178471,35.66168976223802,228.77752708132854,7.0,50.0,48.0,89.0
pm2_p1ne,HYPE|sell|25-40|>90d,HYPE,sell,25-40,>90d,496,939838.876408579,0,14011.097217189501,50675152.598963894,14478144.870159121,14478144.870159121,1.0,True,2.7648850567992116,9.677411949418843,90.0,100.0,10.0,-22.53643098760187,27.81299682909072,-84.10108480830691,93.32313852665166,24.0,150.0,68.0,131.0
pm2_p1ne,HYPE|sell|40-60|2-7d,HYPE,sell,40-60,2-7d,955,241685.2393999999,0,-8833.242394903697,11730354.30138622,3696387.4500248185,3696387.4500248185,1.0,True,-7.530243475987626,-23.896960246535812,132.0,119.0,-13.0,-68.09204659872935,52.68310698764356,-221.95021341258067,165.79697933499685,12.0,162.0,56.0,147.0
pm2_p1ne,HYPE|sell|40-60|30-90d,HYPE,sell,40-60,30-90d,1142,1608187.63,0,-1141265119.2922697,81924997.88940117,25920539.61296006,25920539.61296006,1.0,True,-139306.0907774424,-440293.73474989174,180.0,179.0,-1.0,-288867.34889732976,26.17615315517206,-1019958.5194495469,76.85066411345288,26.0,181.0,74.0,180.0
pm2_p1ne,HYPE|sell|40-60|7-30d,HYPE,sell,40-60,7-30d,1487,1845657.5632022247,0,227009.92723958587,93724842.42970918,30469120.744158693,30469120.744158693,1.0,True,24.22089185264158,74.50491569669154,23.0,67.0,44.0,0.9727937209111001,45.61942568796297,2.910116123474573,143.28997460119896,13.0,102.0,58.0,106.0
pm2_p1ne,HYPE|sell|40-60|<=2d,HYPE,sell,40-60,<=2d,1055,251157.9037,0,104496.61009335023,11131846.194635203,3829773.56134568,3829773.56134568,1.0,True,93.87176957557186,272.85323379963205,4.0,39.0,35.0,72.68746715973255,114.63195779377176,211.02163407650235,330.8937411207827,3.0,8.0,37.0,51.0
pm2_p1ne,HYPE|sell|40-60|>90d,HYPE,sell,40-60,>90d,582,446882.04,0,27737.212273218294,26434748.325285982,8101931.54126337,8101931.54126337,1.0,True,10.492709040352938,34.23530812615717,54.0,88.0,34.0,-38.39584117890078,54.567192490040696,-127.09125573923492,181.1009096788725,11.0,156.0,53.0,138.0
pm2_p1ne,HYPE|sell|60-75|2-7d,HYPE,sell,60-75,2-7d,263,69056.019,0,-35587.9490557471,2864158.4692782513,1026191.6670593922,1026191.6670593922,1.0,True,-124.25272357473649,-346.796316888114,163.0,151.0,-12.0,-221.24547811516047,-33.14398691800937,-640.9520992124312,-91.25561036509426,154.0,173.0,132.0,162.0
pm2_p1ne,HYPE|sell|60-75|30-90d,HYPE,sell,60-75,30-90d,160,90205.765,0,-353640.73538624385,4703422.652323902,1620479.2438475173,1620479.2438475173,1.0,False,-751.8795599020098,-2182.3219071081203,,,,,,,,,,,
pm2_p1ne,HYPE|sell|60-75|7-30d,HYPE,sell,60-75,7-30d,255,244720.57349999997,0,-34504.57495001553,14217196.63898505,4817122.807248911,4817122.807248911,1.0,True,-24.26960520149264,-71.62901244305479,149.0,126.0,-23.0,-109.09519059235129,91.86577458885213,-303.243024328906,306.41071780393406,6.0,166.0,42.0,152.0
pm2_p1ne,HYPE|sell|60-75|<=2d,HYPE,sell,60-75,<=2d,197,45060.3,0,-2631.0711912717284,1961438.714600365,708627.9871792325,708627.9871792325,1.0,False,-13.41398623207964,-37.12908943584039,,,,,,,,,,,
pm2_p1ne,HYPE|sell|60-75|>90d,HYPE,sell,60-75,>90d,204,196799.48313556152,0,48942.18168415029,11264975.545602487,3889493.558290228,3889493.558290228,1.0,True,43.4463275006894,125.83175920122787,10.0,56.0,46.0,-47.628007314188366,148.4968980750125,-128.37753160263617,470.7630585231743,2.0,158.0,32.0,138.0
pm2_p1ne,HYPE|sell|75-90|2-7d,HYPE,sell,75-90,2-7d,162,26282.446781150546,0,2684.685695179632,1589919.8805116126,477770.8330479762,477770.8330479762,1.0,False,16.885666555196103,56.19191272209881,,,,,,,,,,,
pm2_p1ne,HYPE|sell|75-90|30-90d,HYPE,sell,75-90,30-90d,104,34505.37247765609,0,-169856.94431702993,2038720.8735607064,628852.0981425565,628852.0981425565,1.0,False,-833.1544868149022,-2701.0634904254466,,,,,,,,,,,
pm2_p1ne,HYPE|sell|75-90|7-30d,HYPE,sell,75-90,7-30d,269,166704.45947260284,0,-77144.52750627502,8890662.225416668,3124403.965617558,3124403.965617558,1.0,True,-86.77028274196928,-246.90958133202508,160.0,145.0,-15.0,-156.7162460403679,65.98027135840651,-429.3414377738787,220.89314111762093,10.0,170.0,50.0,158.0
pm2_p1ne,HYPE|sell|75-90|<=2d,HYPE,sell,75-90,<=2d,240,112302.0,0,-22452.762695235397,3843216.7041143994,1481940.8805460096,1481940.8805460096,1.0,True,-58.42179721793553,-151.50916605366098,157.0,137.0,-20.0,-87.40903132809076,42.749608307866986,-223.89955821082398,124.50748124259624,15.0,166.0,62.0,150.0
pm2_p1ne,HYPE|sell|75-90|>90d,HYPE,sell,75-90,>90d,47,21457.0,0,13450.026647804067,1221473.3313136173,421742.4497836105,421742.4497836105,1.0,False,110.11314208014197,318.91564756417256,,,,,,,,,,,
pm2_p1ne,HYPE|sell|90-100|2-7d,HYPE,sell,90-100,2-7d,76,168351.759,0,-2781.4896300636533,12111354.13446895,3700925.1432925733,3700925.1432925733,1.0,False,-2.29659672996228,-7.515660334564528,,,,,,,,,,,
pm2_p1ne,HYPE|sell|90-100|30-90d,HYPE,sell,90-100,30-90d,44,9009.0,0,-11149.78119559706,671023.2055382706,201047.96379252942,201047.96379252942,1.0,False,-166.16088838020298,-554.5831445029221,,,,,,,,,,,
pm2_p1ne,HYPE|sell|90-100|7-30d,HYPE,sell,90-100,7-30d,94,76307.09000168307,0,-159937.31788859967,4170685.1889897296,1502746.9868599183,1502746.9868599183,1.0,False,-383.47971769919536,-1064.2997077159241,,,,,,,,,,,
pm2_p1ne,HYPE|sell|90-100|<=2d,HYPE,sell,90-100,<=2d,175,40780.90613262388,0,-138277.0421526937,2191114.9678887525,737540.1413598892,737540.1413598892,1.0,False,-631.0807245588326,-1874.8408987982148,,,,,,,,,,,
pm2_p1ne,HYPE|sell|90-100|>90d,HYPE,sell,90-100,>90d,27,12329.467658247022,0,1104.0002422993493,586641.1587163773,244790.99366719596,244790.99366719596,1.0,False,18.819004188437773,45.099708357746444,,,,,,,,,,,
pm2_rfqpkg,BTC|buy|00-10|2-7d,BTC,buy,00-10,2-7d,2259,3724.674916955914,0,67795.8642373753,275494476.7852959,310449.86436221877,310449.86436221877,1.0,True,2.4608792534963007,2183.794294020827,85.0,5.0,-80.0,1.1295497421156513,3.8057864263519834,1006.1321505603547,3591.9042976770183,73.89999999999986,98.0,3.0,16.0
pm2_rfqpkg,BTC|buy|00-10|30-90d,BTC,buy,00-10,30-90d,1061,3691.3077370665183,2,182348.43790982568,268896760.6410184,1095682.1592089878,1095682.1592089878,1.0,True,6.7813549510648015,1664.2457520844325,60.0,7.0,-53.0,5.202419897732031,8.191746243205662,1219.679808342701,2243.7161417170537,55.0,70.10000000000036,4.0,14.0
pm2_rfqpkg,BTC|buy|00-10|7-30d,BTC,buy,00-10,7-30d,2003,4213.8085279094985,7,87797.01075553529,305339501.18033373,578558.3572326835,578558.3572326835,1.0,True,2.875389866563066,1517.5134825720834,79.0,9.0,-70.0,1.9108610715754044,3.977542444968,1026.0546098414654,2029.9464285026143,72.0,90.0,5.0,16.0
pm2_rfqpkg,BTC|buy|00-10|<=2d,BTC,buy,00-10,<=2d,2209,2196.407384557396,0,-29623.09361580025,166832040.98966768,121893.99913402354,121893.99913402354,1.0,True,-1.7756237614832562,-2430.2339595265385,122.0,181.0,59.0,-3.0693434756003177,-0.6685304546013677,-3625.741413228634,-1060.6659228735016,114.0,135.0,180.0,181.0
pm2_rfqpkg,BTC|buy|00-10|>90d,BTC,buy,00-10,>90d,423,1694.2726089303912,2,152417.8449378744,117117563.05310363,499009.34618057834,499009.34618057834,1.0,True,13.014089515230511,3054.408621892192,41.0,3.0,-38.0,3.6795235667366146,18.285155358375548,630.0947723365257,9236.013879725728,32.0,76.0,1.0,26.0
pm2_rfqpkg,BTC|buy|10-25|2-7d,BTC,buy,10-25,2-7d,3418,5924.722609999993,0,76267.19397411429,440901313.04863405,1817233.1035535592,1817233.1035535592,1.0,True,1.7298019243073008,419.68855742818835,90.0,31.0,-59.0,-1.3192919814476305,4.818639859290912,-282.73443400681276,1340.6769651733782,69.0,122.0,12.0,166.0
pm2_rfqpkg,BTC|buy|10-25|30-90d,BTC,buy,10-25,30-90d,1961,3754.4555819764687,0,220241.17941542165,275977039.4202416,3240308.9286515303,3240308.9286515303,1.0,True,7.980416772282687,679.6919190883322,56.0,25.0,-31.0,5.727615488351016,9.926966914114038,456.92939961867825,883.8301504449154,50.0,68.0,19.0,33.0
pm2_rfqpkg,BTC|buy|10-25|7-30d,BTC,buy,10-25,7-30d,3444,5084.8181825111515,0,107553.8530498116,378462278.6703313,2738178.7251323005,2738178.7251323005,1.0,True,2.8418645426879907,392.79339972453744,80.0,33.0,-47.0,1.5327933239481004,4.135017304438934,200.92751012254053,596.9262923426878,71.0,93.0,27.0,50.0
pm2_rfqpkg,BTC|buy|10-25|<=2d,BTC,buy,10-25,<=2d,2872,1681.7235419999727,0,-11343.498273250438,128269907.61394277,265053.1955102544,265053.1955102544,1.0,True,-0.8843460234953358,-427.97062874163987,114.0,173.0,59.0,-2.0366034795709758,0.2271692967392501,-960.3749449886334,112.37339208771762,105.0,129.0,61.0,179.0
pm2_rfqpkg,BTC|buy|10-25|>90d,BTC,buy,10-25,>90d,625,1851.8525112313132,2,242728.66512852762,141349254.55823362,2782943.317583294,2782943.317583294,1.0,True,17.17226354586308,872.2012539562357,35.0,20.0,-15.0,11.978853050736635,19.67171904120557,514.7782503403048,1067.461498273951,29.0,47.0,15.0,30.0
pm2_rfqpkg,BTC|buy|25-40|2-7d,BTC,buy,25-40,2-7d,1724,1899.9409219132874,0,-16615.895243916533,133827552.6527516,1252106.7488281757,1252106.7488281757,1.0,True,-1.2415900100206232,-132.7035035907845,117.0,153.0,36.0,-6.107362236556407,1.1783629212651723,-670.9309573705232,123.2810500149753,96.0,147.0,59.0,177.0
pm2_rfqpkg,BTC|buy|25-40|30-90d,BTC,buy,25-40,30-90d,1842,1392.6729665783673,0,10466.220198069064,111069968.91094509,3333961.5478767864,3333961.5478767864,1.0,True,0.9423087357178237,31.392744180671233,99.0,80.0,-19.0,-2.285475926730726,4.428438428104367,-76.26901541276283,147.07211075703773,71.0,128.0,55.0,143.0
pm2_rfqpkg,BTC|buy|25-40|7-30d,BTC,buy,25-40,7-30d,2690,4536.390241060661,0,32795.78785181799,338134097.1451472,6168371.115461041,6168371.115461041,1.0,True,0.9699047841880347,53.16766329058129,98.0,69.0,-29.0,-2.3256218671332083,3.390843503133997,-140.41079710614895,175.39909154885166,76.0,129.0,52.0,154.0
pm2_rfqpkg,BTC|buy|25-40|<=2d,BTC,buy,25-40,<=2d,2174,1052.1942770000005,0,-18558.981628993977,82702907.66400895,411154.76135014213,411154.76135014213,1.0,True,-2.2440543087544387,-451.3867617159618,128.0,175.0,47.0,-4.056710510833564,-0.3135180112491093,-824.9608371256223,-63.03855438010818,111.0,140.0,140.0,178.0
pm2_rfqpkg,BTC|buy|25-40|>90d,BTC,buy,25-40,>90d,542,610.9403282354809,1,52050.40747193778,51397764.859522216,1997209.6497493726,1997209.6497493726,1.0,True,10.126978792599122,260.6156418204244,48.0,42.0,-6.0,5.523130381562071,17.21954661868053,157.72458664419707,374.1354012399474,35.0,68.0,36.0,55.0
pm2_rfqpkg,BTC|buy|40-60|2-7d,BTC,buy,40-60,2-7d,2085,2462.631527725737,0,-141002.01282512356,191229795.91991636,3404531.4494820386,3404531.4494820386,1.0,True,-7.373433211431794,-414.15981881023725,151.0,172.0,21.0,-10.480122577828533,-3.693107331211823,-593.6645288265026,-207.58939369477298,135.0,159.0,162.0,176.0
pm2_rfqpkg,BTC|buy|40-60|30-90d,BTC,buy,40-60,30-90d,1968,2656.1469040851057,0,-285602.7889794823,218884824.5583354,11796149.757707244,11796149.757707244,1.0,True,-13.04808542829637,-242.11526205224564,159.0,167.0,8.0,-31.03818589624792,-1.8616794420228624,-574.3119043500346,-34.635268092178904,126.0,172.0,132.0,175.0
pm2_rfqpkg,BTC|buy|40-60|7-30d,BTC,buy,40-60,7-30d,2595,2317.112974460847,1,-68899.73947753895,181338842.68358234,6017005.42536595,6017005.42536595,1.0,True,-3.7995025477118505,-114.50835524774106,139.0,148.0,9.0,-7.670431516993968,-0.3593057809993897,-243.10570107200888,-10.829754113937456,112.0,151.0,118.0,165.0
pm2_rfqpkg,BTC|buy|40-60|<=2d,BTC,buy,40-60,<=2d,2355,1181.472832522489,0,-33994.1882492806,94474957.04452208,834158.9700674353,834158.9700674353,1.0,True,-3.598222144018607,-407.526496376733,138.0,171.0,33.0,-6.5819167748189775,-0.5082810159407385,-775.0147712845537,-56.19105463057326,113.0,149.0,138.0,178.0
pm2_rfqpkg,BTC|buy|40-60|>90d,BTC,buy,40-60,>90d,617,424.9740583570257,0,53633.62689645025,34239996.33974138,2545886.433081484,2545886.433081484,1.0,True,15.664028221346287,210.6677902027755,38.0,49.0,11.0,11.396218419898476,20.688845008006137,152.11953490092037,275.17466071384655,28.0,48.0,42.0,56.0
pm2_rfqpkg,BTC|buy|60-75|2-7d,BTC,buy,60-75,2-7d,942,977.942774747913,0,-27339.92777910941,77082232.24172649,2196401.157411085,2196401.157411085,1.0,True,-3.546852106380703,-124.4760215448766,137.0,150.0,13.0,-8.9035869388566,1.5693171879249137,-325.9934383320106,53.80444831513475,92.0,154.0,73.0,169.0
pm2_rfqpkg,BTC|buy|60-75|30-90d,BTC,buy,60-75,30-90d,566,1121.7226745889857,0,195460.46225734256,84834145.49823053,5446842.578639535,5446842.578639535,1.0,True,23.04030542294075,358.850947930577,25.0,35.0,10.0,-2.9619825271519162,34.684325303111656,-40.79901895621296,587.9541256268113,12.0,133.0,28.0,134.0
pm2_rfqpkg,BTC|buy|60-75|7-30d,BTC,buy,60-75,7-30d,903,1270.7951439006624,0,-60165.519342899686,96058141.2712208,4749599.426788743,4749599.426788743,1.0,True,-6.263448214453988,-126.67493389769561,147.0,151.0,4.0,-12.624539077467348,-3.016537642021522,-274.78321680540665,-58.38681428736696,132.0,161.0,138.0,167.0
pm2_rfqpkg,BTC|buy|60-75|<=2d,BTC,buy,60-75,<=2d,887,744.0871800000008,0,-49622.22926521362,56717510.89249681,913040.7862021825,913040.7862021825,1.0,True,-8.749013926099174,-543.4831610493393,154.0,176.0,22.0,-14.491126053844622,-0.8681941696692765,-798.7465304183306,-63.939299746100616,116.0,164.0,139.0,178.0
pm2_rfqpkg,BTC|buy|60-75|>90d,BTC,buy,60-75,>90d,161,53.19105999999998,0,7299.3511260368805,3943112.0672782,358275.8423464437,358275.8423464437,1.0,False,18.51165019277624,203.73550943963988,,,,,,,,,,,
pm2_rfqpkg,BTC|buy|75-90|2-7d,BTC,buy,75-90,2-7d,592,439.9981589062513,0,14286.673564290968,33745092.016397215,1371147.5024764263,1371147.5024764263,1.0,True,4.233704136100406,104.19501576954951,75.0,60.0,-15.0,-8.818769708877419,16.499107275122782,-225.2473138553336,385.52915489934486,36.0,153.0,35.0,163.0
pm2_rfqpkg,BTC|buy|75-90|30-90d,BTC,buy,75-90,30-90d,278,376.41903570272615,0,64147.93525146148,30358977.235954348,2905786.476359945,2905786.476359945,1.0,True,21.129807751063048,220.75928762604428,28.0,48.0,20.0,4.055897846387725,38.091153037692465,40.196150434438614,421.98464810608806,11.0,73.0,34.0,76.0
pm2_rfqpkg,BTC|buy|75-90|7-30d,BTC,buy,75-90,7-30d,750,728.8422936902381,0,91148.97575633322,53777669.26767247,4355412.991269012,4355412.991269012,1.0,True,16.949223906050886,209.27745758910376,36.0,51.0,15.0,-1.8662743666335493,32.16834093157238,-22.783161197806297,396.66421064183686,15.0,125.0,35.0,125.0
pm2_rfqpkg,BTC|buy|75-90|<=2d,BTC,buy,75-90,<=2d,681,410.72342966684874,0,6553.133662047438,32495970.96336355,675421.1213155336,675421.1213155336,1.0,True,2.0165988175689655,97.02293066115173,87.0,61.0,-26.0,-6.241514091086998,11.608439111504413,-291.6704170256967,568.5139396525293,47.0,147.0,28.0,167.0
pm2_rfqpkg,BTC|buy|75-90|>90d,BTC,buy,75-90,>90d,100,42.97400385325913,0,24713.963649545312,3691137.9216785305,420492.10516750935,420492.10516750935,1.0,False,66.95486371397017,587.7390644397505,,,,,,,,,,,
pm2_rfqpkg,BTC|buy|90-100|2-7d,BTC,buy,90-100,2-7d,328,603.8020778183214,0,26086.48629712106,48768348.55964007,3727334.605663453,3727334.605663453,1.0,True,5.349060828914316,69.98697207780666,70.0,64.0,-6.0,-0.5583677304630008,14.796919807470603,-6.617546731142234,189.60957526612128,40.0,114.0,51.0,114.0
pm2_rfqpkg,BTC|buy|90-100|30-90d,BTC,buy,90-100,30-90d,73,19.79606645463951,0,-2196.0007824636587,1614251.9201649087,190555.11141921024,190555.11141921024,1.0,False,-13.603829458287525,-115.24229216987959,,,,,,,,,,,
pm2_rfqpkg,BTC|buy|90-100|7-30d,BTC,buy,90-100,7-30d,313,400.00955895581995,0,-102478.2579147689,27558285.449235346,2981725.4048615308,2981725.4048615308,1.0,True,-37.18600640215531,-343.6877780485219,173.0,169.0,-4.0,-79.97568434349509,2.1469220165299157,-689.5513350396068,20.74420820431705,86.0,178.0,86.0,177.0
pm2_rfqpkg,BTC|buy|90-100|<=2d,BTC,buy,90-100,<=2d,595,426.1481808426069,0,135262.89828962128,34765479.40087664,1324556.601421542,1324556.601421542,1.0,True,38.907243800645105,1021.1937953006636,7.0,15.0,8.0,11.546956540124523,109.63172864063621,296.95434810875395,3021.3772577785153,2.0,47.0,3.0,41.0
pm2_rfqpkg,BTC|buy|90-100|>90d,BTC,buy,90-100,>90d,48,18.851497400000007,0,18220.82720731041,1475650.7418919094,234294.0501865762,234294.0501865762,1.0,False,123.47655641029098,777.6905641778164,,,,,,,,,,,
pm2_rfqpkg,BTC|sell|00-10|2-7d,BTC,sell,00-10,2-7d,2895,5293.336099607965,0,24171.530876463017,388125710.3037293,37730646.75770422,37730646.75770422,1.0,True,0.622775823264774,6.406338866037973,100.0,100.0,0.0,-0.13304750503638169,1.5474613113125266,-1.3777989396707855,15.58089212109101,91.0,112.0,90.0,112.0
pm2_rfqpkg,BTC|sell|00-10|30-90d,BTC,sell,00-10,30-90d,1426,2096.0194487594563,0,-15196.739034110602,166284562.14745885,12352179.662362976,12352179.662362976,1.0,True,-0.9138995729882816,-12.302880503280715,115.0,117.0,2.0,-2.3561962635520084,0.001669486887277075,-30.498334119272645,0.019283946112773575,107.0,130.0,107.0,131.0
pm2_rfqpkg,BTC|sell|00-10|7-30d,BTC,sell,00-10,7-30d,3100,4289.559623811595,1,12158.655521487766,319283122.56801647,29621156.138580926,29621156.138580926,1.0,True,0.3808110940438959,4.104720107683905,102.0,103.0,1.0,-1.142664308869345,1.7440097923462987,-12.407911016730713,18.765595130179616,89.0,120.0,88.0,120.0
pm2_rfqpkg,BTC|sell|00-10|<=2d,BTC,sell,00-10,<=2d,4909,3455.342891529434,0,28549.103958769323,279393793.2898307,35820225.71817839,35820225.71817839,1.0,True,1.0218231272286622,7.970107219140428,95.0,99.0,4.0,0.764622651754792,1.2751862227773472,5.90995638071031,10.03029320216426,91.0,105.0,93.0,107.0
pm2_rfqpkg,BTC|sell|00-10|>90d,BTC,sell,00-10,>90d,526,2155.946268352503,0,-141146.1851642072,153654975.279863,10877698.349079164,10877698.349079164,1.0,True,-9.185917013564149,-129.75739962135992,156.0,152.0,-4.0,-11.11452688428282,-5.49528733221768,-142.15053445759574,-93.14517050125862,143.0,161.0,145.0,158.0
pm2_rfqpkg,BTC|sell|10-25|2-7d,BTC,sell,10-25,2-7d,3268,3919.0878299999717,1,68396.33454885973,302188110.6033557,36388479.14642689,36388479.14642689,1.0,True,2.2633694757976426,18.796150911840403,86.0,89.0,3.0,0.8456973568895187,3.7566427525870822,6.8831438895464,31.318146971933125,74.0,101.0,79.0,102.0
pm2_rfqpkg,BTC|sell|10-25|30-90d,BTC,sell,10-25,30-90d,2587,4773.868689623045,0,-71873.49671727295,355082443.3998312,34444363.901375756,34444363.901375756,1.0,True,-2.024135466375106,-20.866547840183,127.0,125.0,-2.0,-3.839666164325508,-0.07532114200439892,-40.845941837538724,-0.7495234455990948,109.0,138.0,109.0,135.0
pm2_rfqpkg,BTC|sell|10-25|7-30d,BTC,sell,10-25,7-30d,3990,5099.532344316922,0,-50715.02489189937,389255858.8437627,43923239.474745184,43923239.474745184,1.0,True,-1.3028712025694924,-11.546285178045506,119.0,114.0,-5.0,-3.1836197793591046,0.38391825696646015,-28.10271275415572,3.390168943438347,104.0,134.0,104.0,129.10000000000036
pm2_rfqpkg,BTC|sell|10-25|<=2d,BTC,sell,10-25,<=2d,4040,1897.581717999957,0,20343.028721186412,158920283.637743,23847283.370803293,23847283.370803293,1.0,True,1.2800775492924563,8.530543460599285,91.0,98.0,7.0,0.682125693010226,1.8376845121299976,4.523466147720717,12.323803702987156,87.0,104.0,91.0,107.0
pm2_rfqpkg,BTC|sell|10-25|>90d,BTC,sell,10-25,>90d,624,1049.4002299999993,1,-119039.40452048142,80911204.38215585,7315743.239233091,7315743.239233091,1.0,True,-14.712351080357216,-162.71676113794328,161.0,156.0,-5.0,-19.270248548803696,-7.640221774954996,-219.09742296978877,-85.05254246380206,150.0,168.0,144.0,164.0
pm2_rfqpkg,BTC|sell|25-40|2-7d,BTC,sell,25-40,2-7d,2396,4495.765661286037,1,4983.592951623759,328158489.2837172,46228389.069039755,46228389.069039755,1.0,True,0.15186542827222355,1.0780373385239568,105.0,105.0,0.0,-3.6990336104013486,4.771809985020734,-26.212524310888497,33.80089227035771,70.0,137.0,79.0,128.0
pm2_rfqpkg,BTC|sell|25-40|30-90d,BTC,sell,25-40,30-90d,2049,3136.337195931783,0,109747.80583118972,239959672.14907622,27472759.13182556,27472759.13182556,1.0,True,4.573593756329535,39.94786446624264,73.0,74.0,1.0,-0.8337798879000411,9.697958946825365,-7.256785134357039,85.7910785906744,52.0,117.0,64.0,115.0
pm2_rfqpkg,BTC|sell|25-40|7-30d,BTC,sell,25-40,7-30d,3341,4496.704664920501,2,188772.51888765328,327481499.81543595,44356520.80784356,44356520.80784356,1.0,True,5.764372002511374,42.55800848435179,67.0,73.0,6.0,4.04526569630719,7.524580822749681,30.060886782042733,55.431825114837466,58.0,76.0,69.0,83.0
pm2_rfqpkg,BTC|sell|25-40|<=2d,BTC,sell,25-40,<=2d,2868,1190.5813599999917,0,24140.10173574438,96021861.97560944,15622236.051979413,15622236.051979413,1.0,True,2.5140214154435188,15.452398526961007,84.0,92.0,8.0,1.093239268108721,3.870285563695848,6.738370061527162,23.860327599836385,73.0,98.0,82.0,103.0
pm2_rfqpkg,BTC|sell|25-40|>90d,BTC,sell,25-40,>90d,643,718.2221812537126,1,90748.62587582256,54352227.22545933,7074942.625331508,7074942.625331508,1.0,True,16.69639507124276,128.26764919746665,37.0,58.0,21.0,10.999824356782726,28.30026989207154,83.98814239102607,228.46883397717068,18.0,49.0,46.0,65.0
pm2_rfqpkg,BTC|sell|40-60|2-7d,BTC,sell,40-60,2-7d,2597,2275.579050421831,0,85094.79982395115,180069613.45295286,27555746.031535935,27555746.031535935,1.0,True,4.725661270227808,30.880963892817544,72.0,81.0,9.0,-2.7702473950153856,10.86406987273721,-17.269086816857598,75.15073844980475,49.0,131.0,66.0,122.0
pm2_rfqpkg,BTC|sell|40-60|30-90d,BTC,sell,40-60,30-90d,2450,3288.076955102535,0,-65705.436405816,264362453.60933858,36215385.37421551,36215385.37421551,1.0,True,-2.485429965894936,-18.142962093838904,130.0,122.0,-8.0,-6.0893290476248625,3.5910694999234907,-47.28681195029374,25.706953953980896,75.0,146.0,83.0,136.0
pm2_rfqpkg,BTC|sell|40-60|7-30d,BTC,sell,40-60,7-30d,3428,3909.735684520923,1,122279.9807818185,300635616.5041212,44020238.12456834,44020238.12456834,1.0,True,4.067381709583378,27.77812796827472,76.0,84.0,8.0,-0.27056772665054574,9.360451173249185,-1.823974179270569,64.40620633546884,52.0,112.0,68.0,111.0
pm2_rfqpkg,BTC|sell|40-60|<=2d,BTC,sell,40-60,<=2d,2794,1473.0003182919465,0,-23268.14278365818,117865276.31359254,19230806.331032716,19230806.331032716,1.0,True,-1.9741304234294519,-12.099410905152958,125.0,116.0,-9.0,-6.679839659606489,2.4066653078370424,-40.79716264150176,14.66996862342325,85.0,148.0,92.0,134.0
pm2_rfqpkg,BTC|sell|40-60|>90d,BTC,sell,40-60,>90d,948,361.98279205629035,0,19748.10795835428,27561710.80748821,4023650.829136245,4023650.829136245,1.0,True,7.165051580538658,49.08007378610832,57.0,70.0,13.0,-2.463039017432359,17.077729419058215,-17.318506651336296,116.80408899163825,35.0,129.0,59.0,122.0
pm2_rfqpkg,BTC|sell|60-75|2-7d,BTC,sell,60-75,2-7d,727,991.7929644037631,0,-14964.3285930573,74575469.41817118,12419309.330289789,12419309.330289789,1.0,True,-2.006601997923337,-12.049243798574528,126.0,115.0,-11.0,-11.378602311012415,4.650332133624607,-70.13921055903661,27.531686619603875,71.0,159.0,82.0,142.0
pm2_rfqpkg,BTC|sell|60-75|30-90d,BTC,sell,60-75,30-90d,595,118.1542091023209,0,-2379.9598515521006,9264842.83335131,1456408.658516982,1456408.658516982,1.0,True,-2.568807581910392,-16.341291557381588,131.0,120.0,-11.0,-15.222589731240905,10.390849321770494,-96.68020333310538,66.02962703699652,50.0,163.0,69.0,147.0
pm2_rfqpkg,BTC|sell|60-75|7-30d,BTC,sell,60-75,7-30d,1011,1413.382646653485,0,-37449.74606068917,106478382.94172636,17492029.091602378,17492029.091602378,1.0,True,-3.5171219759399164,-21.409606549687336,136.0,126.0,-10.0,-11.236636786980352,0.9473378942883733,-70.51544519227483,5.784355248484456,99.0,158.0,102.0,142.0
pm2_rfqpkg,BTC|sell|60-75|<=2d,BTC,sell,60-75,<=2d,823,367.1864900000007,0,-9698.375409267957,29127108.583138335,4935020.547149959,4935020.547149959,1.0,True,-3.3296732429123916,-19.652147983191075,135.0,123.0,-12.0,-7.73032495958145,1.0135680854197702,-45.50636628278192,5.965095515986745,98.0,151.0,102.0,136.0
pm2_rfqpkg,BTC|sell|60-75|>90d,BTC,sell,60-75,>90d,222,55.72799903362769,0,-12880.633270926195,4360492.192116393,727134.1010529138,727134.1010529138,1.0,True,-29.539402212928852,-177.14247278837038,170.0,158.0,-12.0,-48.67854042636337,-15.858249963378645,-298.2288090521553,-94.58001520073174,163.0,176.0,146.0,168.0
pm2_rfqpkg,BTC|sell|75-90|2-7d,BTC,sell,75-90,2-7d,387,271.3812600000003,0,-41576.86908974936,21696639.84761402,3560923.253935195,3560923.253935195,1.0,True,-19.16281478688119,-116.75867780582618,168.0,149.0,-19.0,-30.513175515918668,-7.940150169263619,-188.90930058360755,-47.54787981071622,152.0,172.0,136.0,160.0
pm2_rfqpkg,BTC|sell|75-90|30-90d,BTC,sell,75-90,30-90d,225,76.90011879997597,0,-10305.093372783436,5835832.071201645,947412.3534015316,947412.3534015316,1.0,True,-17.658310326708104,-108.77094156292829,167.0,147.0,-20.0,-38.22625982856028,1.6656830927399624,-234.92702494382686,10.356002685299217,92.0,174.0,98.89999999999986,164.0
pm2_rfqpkg,BTC|sell|75-90|7-30d,BTC,sell,75-90,7-30d,554,439.75651335841866,0,-4879.727434065862,32670054.44108048,5446476.447675048,5446476.447675048,1.0,True,-1.493639211059875,-8.959420794243742,120.0,112.0,-8.0,-8.357310685607954,3.4643102681345366,-51.26706265054549,20.506328534871354,77.0,153.0,86.0,137.0
pm2_rfqpkg,BTC|sell|75-90|<=2d,BTC,sell,75-90,<=2d,512,322.5790998232866,0,14414.84648202873,24721032.115435597,4172999.547402464,4172999.547402464,1.0,True,5.831005119332467,34.543129751838656,65.0,78.0,13.0,-12.224938908550858,13.385216908226187,-70.9142082300309,78.81022910933726,42.0,159.0,64.0,142.0
pm2_rfqpkg,BTC|sell|75-90|>90d,BTC,sell,75-90,>90d,118,53.02491222930619,0,-24869.292382644733,3993911.550489693,672139.7179669641,672139.7179669641,1.0,False,-62.26800986515466,-370.00182726691753,,,,,,,,,,,
pm2_rfqpkg,BTC|sell|90-100|2-7d,BTC,sell,90-100,2-7d,221,84.5426752032587,0,6535.372634807387,6791619.979816204,1053418.124490568,1053418.124490568,1.0,True,9.62270070208529,62.03968284642802,49.0,67.0,18.0,-0.25016443528901894,21.40212942509721,-1.5706788213438116,136.76691297211124,28.0,112.0,56.0,111.0
pm2_rfqpkg,BTC|sell|90-100|30-90d,BTC,sell,90-100,30-90d,68,25.61661114595518,0,-24230.500671545822,1643552.4200825044,296348.0555973512,296348.0555973512,1.0,False,-147.4276109205539,-817.6365666615967,,,,,,,,,,,
pm2_rfqpkg,BTC|sell|90-100|7-30d,BTC,sell,90-100,7-30d,203,83.0738139497629,0,-21400.023990220583,6133938.141129799,1062623.0723274343,1062623.0723274343,1.0,True,-34.887903167342586,-201.38866308773717,172.0,160.0,-12.0,-79.35355631099958,11.661350856824761,-428.6282727043274,71.65685684702181,47.0,179.0,67.0,172.0
pm2_rfqpkg,BTC|sell|90-100|<=2d,BTC,sell,90-100,<=2d,523,484.62115605916546,0,-27308.881829151407,37756148.17580494,6004636.954469873,6004636.954469873,1.0,True,-7.232962881169008,-45.47965520017423,150.0,135.0,-15.0,-26.369396010402276,7.066790336194962,-154.2699011651364,42.79385188663623,61.0,170.0,76.0,156.0
pm2_rfqpkg,BTC|sell|90-100|>90d,BTC,sell,90-100,>90d,118,36.14760000000003,0,-30680.615017115862,2669079.9888873994,547178.503106558,547178.503106558,1.0,False,-114.94827860106588,-560.7057814393174,,,,,,,,,,,
pm2_rfqpkg,ETH|buy|00-10|2-7d,ETH,buy,00-10,2-7d,3038,65094.48262454078,0,41744.82394588926,161706338.58158225,284566.4583554763,284566.4583554763,1.0,True,2.581520570687378,1466.9622058458565,83.0,10.0,-73.0,2.028085295425453,3.1966682717919293,1114.8932346728652,1804.550380876951,76.0,90.0,6.0,15.0
pm2_rfqpkg,ETH|buy|00-10|30-90d,ETH,buy,00-10,30-90d,1745,42042.86513073237,2,86667.69076156087,95994265.96801236,550458.3681323376,550458.3681323376,1.0,True,9.028423717562532,1574.4640426780613,54.0,8.0,-46.0,6.008049533311782,11.407684385722689,971.2523605655895,2111.611715078986,46.0,66.0,5.0,17.0
pm2_rfqpkg,ETH|buy|00-10|7-30d,ETH,buy,00-10,7-30d,3057,48072.419289181,0,36760.500661824,124298542.01076931,407356.8797959554,407356.8797959554,1.0,True,2.957436190895871,902.4151176785647,78.0,19.0,-59.0,0.6500848219955572,4.880686124384292,191.02287447000026,1581.4781150358162,69.0,102.0,9.0,51.0
pm2_rfqpkg,ETH|buy|00-10|<=2d,ETH,buy,00-10,<=2d,3128,36466.054138022555,0,-7381.4458261308655,88263053.0314996,68156.35224307702,68156.35224307702,1.0,True,-0.8363007592198914,-1083.0165616559439,113.0,180.0,67.0,-1.632753903211696,-0.023282760874134334,-1963.3881854431925,-32.41062355234752,107.0,125.0,131.0,181.0
pm2_rfqpkg,ETH|buy|00-10|>90d,ETH,buy,00-10,>90d,1292,102496.25722457729,0,505559.71955620655,252799927.381651,930654.9918482422,930654.9918482422,1.0,True,19.99841237268099,5432.300089555055,30.0,2.0,-28.0,17.27125998149796,22.768411966193064,3985.2636892387645,7078.4798888602545,23.0,37.0,1.0,3.0
pm2_rfqpkg,ETH|buy|10-25|2-7d,ETH,buy,10-25,2-7d,5721,116094.34337838397,0,35478.18631373292,294953011.2399991,1259965.3782780813,1259965.3782780813,1.0,True,1.2028419769162764,281.58064440007723,92.0,41.0,-51.0,0.29260976308851183,2.7134317619933075,78.34223717874795,546.3180868920475,80.0,107.0,29.0,66.0
pm2_rfqpkg,ETH|buy|10-25|30-90d,ETH,buy,10-25,30-90d,4120,66739.59899754533,0,169943.9596564673,152412662.187345,2804616.735467709,2804616.735467709,1.0,True,11.15025203401886,605.9436125703885,46.0,28.0,-18.0,7.862351550087799,15.548074861370528,420.677144590591,855.6457024663455,38.0,59.0,19.0,35.0
pm2_rfqpkg,ETH|buy|10-25|7-30d,ETH,buy,10-25,7-30d,6280,73728.44586878059,0,172322.226607999,179985231.6470422,1830690.6986471638,1830690.6986471638,1.0,True,9.574242565963932,941.296237181633,51.0,17.0,-34.0,3.297758073680121,18.53645725467664,316.0083371877019,1824.4942646117772,32.899999999999864,79.0,7.0,40.0
pm2_rfqpkg,ETH|buy|10-25|<=2d,ETH,buy,10-25,<=2d,4897,38138.296562677824,0,-7251.47105346508,94059233.05256988,263494.4645331429,263494.4645331429,1.0,True,-0.770947286951853,-275.20392378311135,112.0,168.0,56.0,-2.3625064282960686,0.949875450532676,-814.4301237018258,350.67744878645436,98.0,131.0,39.0,178.0
pm2_rfqpkg,ETH|buy|10-25|>90d,ETH,buy,10-25,>90d,1373,26440.17674022586,0,110233.27217143579,60353000.416180015,1696949.9307982214,1696949.9307982214,1.0,True,18.26475426429394,649.5964917455378,33.0,26.0,-7.0,14.851761731685086,21.061646324468427,491.4969514195808,789.1712411340446,26.0,41.0,21.0,32.0
pm2_rfqpkg,ETH|buy|25-40|2-7d,ETH,buy,25-40,2-7d,4222,40068.4791234486,0,2736.84145977061,107235592.2795228,1316568.232195133,1316568.232195133,1.0,True,0.25521763824800775,20.78769176442481,104.0,87.0,-17.0,-1.346689888858117,1.9314281049069764,-110.86421204375874,156.995863765942,88.0,122.0,54.0,149.0
pm2_rfqpkg,ETH|buy|25-40|30-90d,ETH,buy,25-40,30-90d,3796,37094.3372475582,0,56582.916689118625,96058926.92395957,3902750.5166416583,3902750.5166416583,1.0,True,5.89043814052907,144.98215155656064,64.0,56.0,-8.0,2.4948076929650735,9.61381521507257,60.798588948259344,237.51866272464832,52.0,83.0,46.0,70.0
pm2_rfqpkg,ETH|buy|25-40|7-30d,ETH,buy,25-40,7-30d,6316,44696.17146384616,0,13086.619053383192,118866335.99377482,2865410.407006024,2865410.407006024,1.0,True,1.100952506357103,45.67101111026181,94.0,71.0,-23.0,-1.3901883481755923,3.579614888788539,-58.40003521492996,146.86131327496432,75.0,122.0,55.0,138.0
pm2_rfqpkg,ETH|buy|25-40|<=2d,ETH,buy,25-40,<=2d,3933,24255.50935331657,0,-19229.865336073308,67031965.227903135,439299.7715980396,439299.7715980396,1.0,True,-2.868760489222322,-437.7390242230466,132.0,174.0,42.0,-7.37545859794801,2.2052407122346067,-1118.774891022438,333.5080045105058,86.0,152.0,40.0,179.0
pm2_rfqpkg,ETH|buy|25-40|>90d,ETH,buy,25-40,>90d,1466,26850.324672206105,0,211996.9405869498,66021769.17488339,3822921.511635559,3822921.511635559,1.0,True,32.11015748841817,554.5417030972503,10.0,29.0,19.0,24.233981674979773,39.61717605772463,423.8763549298309,677.887908110121,9.0,24.0,24.0,35.0
pm2_rfqpkg,ETH|buy|40-60|2-7d,ETH,buy,40-60,2-7d,5252,63505.747699999636,0,-78057.2026065557,180976805.43026215,4230534.446755879,4230534.446755879,1.0,True,-4.313105340818626,-184.50908174595455,141.0,159.0,18.0,-6.0775146536187625,-2.776638571943907,-266.26175597488646,-117.66356959143063,129.0,148.0,150.0,167.0
pm2_rfqpkg,ETH|buy|40-60|30-90d,ETH,buy,40-60,30-90d,3840,25033.348544787703,0,39010.060203234476,67446815.32127503,4684346.240645411,4684346.240645411,1.0,True,5.783825376693415,83.27749102905692,66.0,62.0,-4.0,2.4139362872898196,9.439920960508362,34.73732778692676,135.71433311205215,52.0,84.0,55.0,79.0
pm2_rfqpkg,ETH|buy|40-60|7-30d,ETH,buy,40-60,7-30d,6636,33696.450683325944,0,-34009.56654350313,86480545.90282813,3879134.5757917096,3879134.5757917096,1.0,True,-3.9326262558191067,-87.67307727796985,140.0,143.0,3.0,-8.214479163008448,-0.348627803205592,-180.60777195847126,-7.868551973169624,111.0,153.0,115.0,159.0
pm2_rfqpkg,ETH|buy|40-60|<=2d,ETH,buy,40-60,<=2d,4381,20821.978299999944,0,-4016.7805688642375,58341894.16995415,646300.3146941017,646300.3146941017,1.0,True,-0.6884899138110027,-62.15037309343423,111.0,138.0,27.0,-4.439013808550999,3.396894501451325,-398.613042131992,306.03136842482553,77.0,140.0,41.0,171.0
pm2_rfqpkg,ETH|buy|40-60|>90d,ETH,buy,40-60,>90d,1569,15542.433658690758,0,247104.54796645124,41735251.166987635,3962310.7620332376,3962310.7620332376,1.0,True,59.20763408796965,623.6374752182509,3.0,27.0,24.0,48.18839357867544,69.76935266741677,515.7898333679457,731.2602620767127,3.0,8.0,22.0,31.0
pm2_rfqpkg,ETH|buy|60-75|2-7d,ETH,buy,60-75,2-7d,1539,16178.1310803239,0,-14541.030026154873,45686278.5317392,1505101.9086044072,1505101.9086044072,1.0,True,-3.182800283470872,-96.61159781292098,133.0,144.0,11.0,-9.010042968827372,2.78470745900653,-275.49500952076085,81.67313429170933,82.0,155.0,66.0,167.0
pm2_rfqpkg,ETH|buy|60-75|30-90d,ETH,buy,60-75,30-90d,1101,13260.588559267413,0,101901.21859870241,31856046.792375322,3066688.4553444814,3066688.4553444814,1.0,True,31.988030173000706,332.2842215064714,11.0,37.0,26.0,18.895258518698125,48.21276656400762,198.88261685512217,489.450803233857,7.0,32.0,31.0,50.0
pm2_rfqpkg,ETH|buy|60-75|7-30d,ETH,buy,60-75,7-30d,2441,13953.437307403738,0,-6308.504322620302,33823436.00919921,2208201.120792742,2208201.120792742,1.0,True,-1.8651281676126967,-28.56852241953195,123.0,128.0,5.0,-11.167404591696396,7.815820751493471,-176.38786116523835,116.26151503357826,58.0,158.0,58.0,159.0
pm2_rfqpkg,ETH|buy|60-75|<=2d,ETH,buy,60-75,<=2d,1462,8201.225935787113,0,14650.304896302094,21188451.092517655,359294.0445835061,359294.0445835061,1.0,True,6.914287803451383,407.7525112692791,58.0,32.0,-26.0,-3.869285363546284,19.185668183019484,-236.65259030906827,1103.6895960709167,32.0,138.0,16.0,163.0
pm2_rfqpkg,ETH|buy|60-75|>90d,ETH,buy,60-75,>90d,750,10414.979219657205,0,265730.26531250065,26644425.750061244,3235661.8752477737,3235661.8752477737,1.0,True,99.73202943279416,821.2547403215675,2.0,21.0,19.0,79.57598415818673,122.44526487666653,679.3744697781722,987.4420139117478,2.0,3.0,16.0,26.0
pm2_rfqpkg,ETH|buy|75-90|2-7d,ETH,buy,75-90,2-7d,899,5479.166983177723,0,20800.15662188219,13823269.072298944,895280.5647305254,895280.5647305254,1.0,True,15.047205196609056,232.3311533981856,39.0,47.0,8.0,8.827848111976548,21.26324759243408,137.17135706605887,329.88611508880905,27.0,55.0,38.0,57.0
pm2_rfqpkg,ETH|buy|75-90|30-90d,ETH,buy,75-90,30-90d,540,9840.630718183495,0,79560.76206748885,25052029.487118468,2660882.9893577206,2660882.9893577206,1.0,True,31.75821029126534,299.0013555112887,13.0,40.0,27.0,22.630248945477792,45.789229723579005,217.5337234120093,403.0657836054504,7.0,26.0,34.0,49.0
pm2_rfqpkg,ETH|buy|75-90|7-30d,ETH,buy,75-90,7-30d,1099,11646.41575326142,0,65632.8357055688,27386446.178037934,2781068.453294232,2781068.453294232,1.0,True,23.965444541030614,235.99863436595876,22.0,45.0,23.0,8.533690357266174,40.53974425615394,86.50194768165034,378.6884932034035,9.0,56.0,35.0,64.0
pm2_rfqpkg,ETH|buy|75-90|<=2d,ETH,buy,75-90,<=2d,1061,5413.8154590799195,0,27698.897898761927,12888955.206285147,348485.256220795,348485.256220795,1.0,True,21.490413656845426,794.8370097245183,26.0,22.0,-4.0,6.83828103288709,33.969006253161545,239.74108051508202,1369.1195963299508,13.0,61.0,12.0,45.0
pm2_rfqpkg,ETH|buy|75-90|>90d,ETH,buy,75-90,>90d,333,1902.036182683302,0,75529.4940138134,4988573.802389307,686564.429542415,686564.429542415,1.0,True,151.40498468247196,1100.1078815596766,1.0,14.0,13.0,123.11726445409326,184.7540641261137,914.2083751276351,1296.8737326805137,1.0,2.0,12.0,19.0
pm2_rfqpkg,ETH|buy|90-100|2-7d,ETH,buy,90-100,2-7d,473,3480.289862472201,0,-12667.60746505451,8322117.940985399,900706.2620396664,900706.2620396664,1.0,True,-15.221614924090554,-140.64082819151798,163.0,154.0,-9.0,-42.12951795587317,9.461773402611401,-384.95423606229997,89.26446508233869,54.0,174.0,64.0,171.0
pm2_rfqpkg,ETH|buy|90-100|30-90d,ETH,buy,90-100,30-90d,246,1738.7046452401582,0,27091.38158399916,5255813.031246547,760416.5574690447,760416.5574690447,1.0,True,51.54555807624261,356.27027473164935,4.0,36.0,32.0,29.457728855684095,85.6011468068108,209.43936983629547,578.1699178269788,3.0,17.0,27.0,49.0
pm2_rfqpkg,ETH|buy|90-100|7-30d,ETH,buy,90-100,7-30d,390,5103.651350228187,0,31400.171467237382,12332363.874443773,1499300.401133671,1499300.401133671,1.0,True,25.461599890275394,209.43215544726505,20.0,50.0,30.0,6.220984155434323,46.86881553437343,50.097372392654684,385.0640788160528,7.0,64.0,35.0,73.0
pm2_rfqpkg,ETH|buy|90-100|<=2d,ETH,buy,90-100,<=2d,1022,8058.899286115168,0,-47460.11676278603,19863799.35841931,1179256.604545936,1179256.604545936,1.0,True,-23.8927689040868,-402.4579262887418,169.0,170.0,1.0,-37.790304333443466,5.792938463543208,-672.5321780999989,89.18003274987072,67.0,174.0,64.0,177.0
pm2_rfqpkg,ETH|buy|90-100|>90d,ETH,buy,90-100,>90d,95,1045.379234129902,0,32014.880350650084,2416691.756695751,392329.71470699407,392329.71470699407,1.0,False,132.47399161249587,816.0197698652509,,,,,,,,,,,
pm2_rfqpkg,ETH|sell|00-10|2-7d,ETH,sell,00-10,2-7d,4955,116801.23514681435,0,29481.801453300104,298842718.7646538,29424184.679545574,29424184.679545574,1.0,True,0.9865323664291038,10.019581434246023,97.0,96.0,-1.0,0.31596278267448197,1.4984495327430163,3.0868567053154883,15.739368832240146,90.0,108.0,89.0,108.0
pm2_rfqpkg,ETH|sell|00-10|30-90d,ETH,sell,00-10,30-90d,2973,53970.7263741304,0,-12.471178865219152,125437863.32788897,9795723.827375757,9795723.827375757,1.0,True,-0.0009942116785439854,-0.012731247925106257,107.0,107.0,0.0,-1.3728402829241853,1.22820139376122,-17.359607115490224,15.85679523967959,94.0,123.0,90.0,123.0
pm2_rfqpkg,ETH|sell|00-10|7-30d,ETH,sell,00-10,7-30d,4306,70174.98542272062,0,17693.768134901147,173359713.66871172,16685698.01709129,16685698.01709129,1.0,True,1.0206389800985551,10.604152200751377,96.0,95.0,-1.0,0.12752264838115515,2.057635164597512,1.2984772149764074,21.607692299984794,86.0,110.0,85.0,110.0
pm2_rfqpkg,ETH|sell|00-10|<=2d,ETH,sell,00-10,<=2d,9698,122416.78596230787,0,64431.95470059983,327455248.9452137,41128174.18223422,41128174.18223422,1.0,True,1.9676567991548641,15.666135436771212,88.0,91.0,3.0,1.7201121635870187,2.20567105694234,13.571332433486587,17.69717112526741,82.0,94.0,85.0,98.0
pm2_rfqpkg,ETH|sell|00-10|>90d,ETH,sell,00-10,>90d,1259,87909.56937801171,0,-110985.54602548691,212628915.66856965,14826090.407435605,14826090.407435605,1.0,True,-5.219682641775921,-74.8582687515687,143.0,142.0,-1.0,-8.450853158798644,-1.7313836886979328,-118.95565749215056,-25.067997340229432,123.89999999999986,155.0,126.0,152.0
pm2_rfqpkg,ETH|sell|10-25|2-7d,ETH,sell,10-25,2-7d,5732,63660.02718268499,0,-2999.4327177473824,162099915.07622895,20670306.468898997,20670306.468898997,1.0,True,-0.18503604498107679,-1.451082847881523,109.0,109.0,0.0,-1.6047273338689,1.1359911765070534,-12.589801689811303,8.908755204184056,96.0,124.0,98.0,120.0
pm2_rfqpkg,ETH|sell|10-25|30-90d,ETH,sell,10-25,30-90d,4615,54288.409561230364,0,7609.191177748272,127399032.65715903,13387579.267151512,13387579.267151512,1.0,True,0.5972722884187993,5.683769280394547,101.0,102.0,1.0,-1.118216121559298,2.6953860301144994,-10.686152581913321,25.77246016463882,81.89999999999986,120.0,82.0,119.0
pm2_rfqpkg,ETH|sell|10-25|7-30d,ETH,sell,10-25,7-30d,6458,56041.005098997965,0,3964.1939346119816,141383699.7665938,16198722.05095736,16198722.05095736,1.0,True,0.2803854999661455,2.4472263442397257,103.0,104.0,1.0,-1.1347320419001636,1.4820913150401995,-9.86317167399704,12.954621073074945,92.0,120.10000000000036,93.0,118.0
pm2_rfqpkg,ETH|sell|10-25|<=2d,ETH,sell,10-25,<=2d,8045,55493.599782125704,0,-27102.181508635946,144205240.51639396,20973990.63208844,20973990.63208844,1.0,True,-1.8794172397330342,-12.921804907823256,124.0,118.0,-6.0,-8.31045297987792,2.221159732818134,-56.89375943422838,15.079554787705545,85.0,151.0,90.0,138.0
pm2_rfqpkg,ETH|sell|10-25|>90d,ETH,sell,10-25,>90d,1692,55488.25843371025,0,132935.4794357528,138284517.90351763,12241313.820149792,12241313.820149792,1.0,True,9.61318602046999,108.59576136095342,50.0,59.0,9.0,-1.8960968447417177,14.76817857032943,-19.896037028803946,172.25497492202376,39.0,126.10000000000036,51.0,124.0
pm2_rfqpkg,ETH|sell|25-40|2-7d,ETH,sell,25-40,2-7d,4643,64114.624462662694,0,157067.96209349745,174752428.14976662,24819825.895424016,24819825.895424016,1.0,True,8.98802744868797,63.283265062087224,55.0,66.0,11.0,-0.6297477539699362,15.765855761098818,-4.246794258102225,114.44917190124929,38.0,115.0,58.0,112.0
pm2_rfqpkg,ETH|sell|25-40|30-90d,ETH,sell,25-40,30-90d,4389,45504.03556657938,0,-53007.806160778564,106197634.01759343,13543456.295386918,13543456.295386918,1.0,True,-4.991430049373504,-39.139053580313714,142.0,133.0,-9.0,-18.23009202383572,5.402416811181931,-142.80623674358142,42.3485078192837,67.0,166.0,75.0,154.0
pm2_rfqpkg,ETH|sell|25-40|7-30d,ETH,sell,25-40,7-30d,5791,49786.492339907665,0,-3689.176635681097,124780998.63317566,16584056.74917374,16584056.74917374,1.0,True,-0.29565211659559937,-2.224532086134414,110.0,110.0,0.0,-2.753647740273071,2.428307373113577,-20.632605604598787,18.39016322699338,84.0,132.0,88.0,125.0
pm2_rfqpkg,ETH|sell|25-40|<=2d,ETH,sell,25-40,<=2d,6415,32744.8752651837,0,-57883.723557068966,86322337.3978642,13936506.497631313,13936506.497631313,1.0,True,-6.705532461462418,-41.53388337809554,149.0,134.0,-15.0,-13.39766020153385,-0.26657003971480187,-82.83488748916841,-1.6461401332870607,112.0,161.0,110.0,146.0
pm2_rfqpkg,ETH|sell|25-40|>90d,ETH,sell,25-40,>90d,1507,18607.14768940686,0,18165.50276098497,45517943.13919433,5935704.748907133,5935704.748907133,1.0,True,3.990844380958665,30.60378426728445,77.0,82.0,5.0,-7.640304012800939,24.221752463538476,-60.21174922267101,179.30465777461933,24.0,150.0,52.0,139.0
pm2_rfqpkg,ETH|sell|40-60|2-7d,ETH,sell,40-60,2-7d,6033,56566.165699999656,1,-27179.522730455777,163399500.16431835,26065981.60663715,26065981.60663715,1.0,True,-1.6633785723410057,-10.42720091674395,121.0,113.0,-8.0,-4.265514332417877,0.6678636141299285,-26.765717039043416,4.193253161874806,101.0,140.0,103.0,130.0
pm2_rfqpkg,ETH|sell|40-60|30-90d,ETH,sell,40-60,30-90d,5287,34248.08263752955,0,16193.865911077335,88825623.78958902,13097100.23608101,13097100.23608101,1.0,True,1.8231074795981752,12.364466652293835,89.0,94.0,5.0,-1.3253264874631714,5.478561369102682,-9.042286035707447,36.94215925343664,67.0,120.0,77.0,116.0
pm2_rfqpkg,ETH|sell|40-60|7-30d,ETH,sell,40-60,7-30d,6849,34317.020053039465,0,-133388.0991647747,88973976.97795025,13197384.356674032,13197384.356674032,1.0,True,-14.991810380447676,-101.07161810235463,162.0,146.0,-16.0,-44.565583338490924,4.648530969945127,-303.95900807713537,31.227418850286824,70.0,175.0,80.0,168.0
pm2_rfqpkg,ETH|sell|40-60|<=2d,ETH,sell,40-60,<=2d,6678,28659.097525094636,0,-17803.68666774773,74675108.248224,12590647.688957388,12590647.688957388,1.0,True,-2.384152776661178,-14.14040572619821,129.0,119.0,-10.0,-5.185666229293802,0.43443249087153396,-30.754306743308955,2.5750761379186615,105.0,143.0,106.0,131.0
pm2_rfqpkg,ETH|sell|40-60|>90d,ETH,sell,40-60,>90d,2296,19862.186400749655,0,-46324.37711624392,51693041.81900491,8399895.518228374,8399895.518228374,1.0,True,-8.96143378028352,-55.14875395261371,155.0,137.0,-18.0,-23.908742233384434,8.402154578402415,-145.2594758982286,51.33633856928526,57.0,170.0,73.0,155.0
pm2_rfqpkg,ETH|sell|60-75|2-7d,ETH,sell,60-75,2-7d,1639,8265.549900000005,0,-15270.94614517438,23237325.361946616,3926660.9501102474,3926660.9501102474,1.0,True,-6.571731430925368,-38.89041182622508,148.0,131.0,-17.0,-13.69868132771595,0.027081104990967293,-81.6212319382279,0.16160208095693163,109.0,162.0,109.0,145.0
pm2_rfqpkg,ETH|sell|60-75|30-90d,ETH,sell,60-75,30-90d,1080,6021.012004476628,0,8885.901293728704,14947044.623725224,2455990.61425782,2455990.61425782,1.0,True,5.944921900898218,36.18051812634451,63.0,76.0,13.0,-0.09580342624555163,12.01509236598237,-0.581116028775324,72.85551913538225,45.0,110.0,66.0,110.0
pm2_rfqpkg,ETH|sell|60-75|7-30d,ETH,sell,60-75,7-30d,1794,12111.82634221975,0,-47945.27260174932,29331556.39922435,4826602.952172023,4826602.952172023,1.0,True,-16.345969490734966,-99.33543959768522,164.0,145.0,-19.0,-29.30711872550451,-4.418850314796582,-178.21547805202422,-27.09671306105682,140.0,172.0,127.0,160.0
pm2_rfqpkg,ETH|sell|60-75|<=2d,ETH,sell,60-75,<=2d,1771,7940.423000760263,0,86.58967235114935,19961076.499034915,3483649.1376212034,3483649.1376212034,1.0,True,0.043379259808625954,0.24856025658851733,106.0,106.0,0.0,-10.524847413226508,9.96773870266012,-60.214439710785435,57.00865383264929,52.0,157.0,71.0,139.0
pm2_rfqpkg,ETH|sell|60-75|>90d,ETH,sell,60-75,>90d,1083,7267.236724452421,0,-60203.39735323743,17623755.294760212,3419849.952143655,3419849.952143655,1.0,True,-34.160368404080565,-176.04104915626576,171.0,157.0,-14.0,-55.30109912046906,-8.032552490441956,-280.69353218260676,-42.103337039879754,152.0,177.0,134.0,168.0
pm2_rfqpkg,ETH|sell|75-90|2-7d,ETH,sell,75-90,2-7d,856,3907.230460304174,0,-11958.988400109161,10162867.218966423,1754834.8585892248,1754834.8585892248,1.0,True,-11.767337054045862,-68.1487966891849,158.0,140.0,-18.0,-20.37226281441495,-3.66634423872538,-118.36089645547861,-21.223769772262962,135.0,168.0,124.0,151.0
pm2_rfqpkg,ETH|sell|75-90|30-90d,ETH,sell,75-90,30-90d,518,5578.073267661812,0,16551.8965633976,14776651.495642813,2592662.182312022,2592662.182312022,1.0,True,11.20138521794214,63.84131598910179,45.0,65.0,20.0,-0.28891487169537344,22.574149155518352,-1.6107408480485867,128.59667734271153,26.0,112.0,57.0,110.0
pm2_rfqpkg,ETH|sell|75-90|7-30d,ETH,sell,75-90,7-30d,951,5588.4251007257735,0,-54080.364061844775,14182737.66344718,2512668.672231534,2512668.672231534,1.0,True,-38.131117803317174,-215.23078096013072,174.0,163.0,-11.0,-86.91750593481144,17.057642655753277,-487.1503953604109,97.47811023337322,35.0,179.0,62.0,174.0
pm2_rfqpkg,ETH|sell|75-90|<=2d,ETH,sell,75-90,<=2d,1210,7473.00117981294,0,11207.979572395241,18748948.747183453,3216109.107843646,3216109.107843646,1.0,True,5.977924268462759,34.849500426028854,62.0,77.0,15.0,-18.075780787458022,20.352408757214352,-101.51690001777088,121.72588668421176,28.0,166.0,57.0,148.0
pm2_rfqpkg,ETH|sell|75-90|>90d,ETH,sell,75-90,>90d,465,2999.0822662669934,0,-127157.43279494318,8280600.204539678,1766039.6996479575,1766039.6996479575,1.0,True,-153.5606473613248,-720.0145773636388,180.0,178.0,-2.0,-200.03057755542264,-104.19771921196912,-919.3860999569329,-502.67061927397134,179.0,181.0,173.0,179.0
pm2_rfqpkg,ETH|sell|90-100|2-7d,ETH,sell,90-100,2-7d,458,2234.429108509112,0,-3221.3299637493774,6096168.092591504,1057909.4547208217,1057909.4547208217,1.0,True,-5.284188222539608,-30.44995910920821,144.0,129.0,-15.0,-23.493247753455016,16.510768396103227,-135.18643722751705,94.6270315551367,37.0,168.0,63.0,153.0
pm2_rfqpkg,ETH|sell|90-100|30-90d,ETH,sell,90-100,30-90d,273,3038.168298974756,0,-39550.70728851874,9133693.341090983,1727729.283951084,1727729.283951084,1.0,True,-43.30198728107787,-228.9172711020537,176.0,166.0,-10.0,-74.15253257640046,-13.197082359581925,-386.48081102017727,-71.01907012694315,161.0,178.0,142.0,171.0
pm2_rfqpkg,ETH|sell|90-100|7-30d,ETH,sell,90-100,7-30d,489,3663.1616539755287,0,6340.71311939082,9202210.997486243,1660591.4997951915,1660591.4997951915,1.0,True,6.890423530956751,38.183461255660106,59.0,75.0,16.0,-12.230593727371717,21.98251150851704,-67.28120976012507,122.90844370613594,27.0,159.0,58.0,141.0
pm2_rfqpkg,ETH|sell|90-100|<=2d,ETH,sell,90-100,<=2d,1109,9176.693279676294,0,-11869.459043339073,21110222.628893092,3784571.3938946403,3784571.3938946403,1.0,True,-5.6226119695647405,-31.362756328199183,145.0,130.0,-15.0,-13.042110941568264,4.524253152104736,-72.78536853336217,25.251212728629376,73.0,161.0,85.0,143.0
pm2_rfqpkg,ETH|sell|90-100|>90d,ETH,sell,90-100,>90d,227,1825.1336398571682,0,-87077.76390284179,5149814.976383944,1071450.9623674303,1071450.9623674303,1.0,True,-169.0891115548104,-812.7088122674196,181.0,179.0,-2.0,-205.99749880360665,-127.66790070892569,-961.4417045612803,-629.94520104594,180.0,181.0,175.0,180.0
pm2_rfqpkg,HYPE|buy|00-10|2-7d,HYPE,buy,00-10,2-7d,216,240778.839,0,32209.513658767286,16949389.909338817,46358.95733734491,46358.95733734491,1.0,True,19.00334692343139,6947.851183188843,32.0,1.0,-31.0,5.042850009912639,27.25072512832317,1924.5865980624546,9295.149364248264,20.0,69.0,1.0,6.0
pm2_rfqpkg,HYPE|buy|00-10|30-90d,HYPE,buy,00-10,30-90d,186,926521.12,4,178393.35279738606,46836625.391097955,399395.5994636912,399395.5994636912,1.0,False,38.08843000702022,4466.5828325833545,,,,,,,,,,,
pm2_rfqpkg,HYPE|buy|00-10|7-30d,HYPE,buy,00-10,7-30d,485,238303.1686,0,12407.041962262825,13550367.099809268,60282.92741026355,60282.92741026355,1.0,True,9.15624046999986,2058.135278969622,53.0,6.0,-47.0,5.5282891257871265,12.604162138252613,941.810606047814,3473.753922366889,43.0,68.0,3.0,18.0
pm2_rfqpkg,HYPE|buy|00-10|<=2d,HYPE,buy,00-10,<=2d,181,41723.0,0,-892.0788524002757,2240544.8994181277,4013.2280329951204,4013.2280329951204,1.0,False,-3.981526335990632,-2222.846160412436,,,,,,,,,,,
pm2_rfqpkg,HYPE|buy|00-10|>90d,HYPE,buy,00-10,>90d,196,67615.44,1,31159.17528746409,5592061.689083756,38090.208671999884,38090.208671999884,1.0,False,55.72037116165905,8180.363503854786,,,,,,,,,,,
pm2_rfqpkg,HYPE|buy|10-25|2-7d,HYPE,buy,10-25,2-7d,1329,840716.6448156161,0,114852.50784809388,48018849.47311279,514489.4479847114,514489.4479847114,1.0,True,23.918213182596823,2232.3588617410646,23.0,4.0,-19.0,18.575119765031946,29.240727389717556,1742.8834027786552,2756.0369539973067,17.0,33.0,3.0,8.0
pm2_rfqpkg,HYPE|buy|10-25|30-90d,HYPE,buy,10-25,30-90d,1554,1331089.4059496867,0,154505.62714563063,72712401.00495721,2117384.2808818785,2117384.2808818785,1.0,True,21.24886883258017,729.7004541909602,27.0,24.0,-3.0,12.103703698238053,31.254218990210816,411.20688560941386,1078.6323707496892,16.0,46.0,15.0,34.0
pm2_rfqpkg,HYPE|buy|10-25|7-30d,HYPE,buy,10-25,7-30d,3225,1765183.4789893222,0,231535.31087968996,97121301.96090691,1688646.0681135796,1688646.0681135796,1.0,True,23.8398071488876,1371.1298966179615,24.0,12.0,-12.0,17.55233849962746,30.35931303178024,950.3725033158481,1855.3031928913333,16.0,35.0,7.0,18.0
pm2_rfqpkg,HYPE|buy|10-25|<=2d,HYPE,buy,10-25,<=2d,610,666964.7343000001,0,-13857.219220733636,43238338.69596843,250122.9753690175,250122.9753690175,1.0,True,-3.2048454308503977,-554.0162474194731,134.0,177.0,43.0,-10.744578491011676,5.5221443631863405,-1771.7800254213857,964.3566844285946,68.0,158.0,18.0,180.0
pm2_rfqpkg,HYPE|buy|10-25|>90d,HYPE,buy,10-25,>90d,761,814098.5860000001,0,221748.6056987685,50312146.30953407,2352850.6932572164,2352850.6932572164,1.0,True,44.074566871886255,942.4678171643195,6.0,16.0,10.0,18.55569009760314,66.2476860894382,377.8845511115521,1471.2530339186264,4.0,32.0,10.0,35.0
pm2_rfqpkg,HYPE|buy|25-40|2-7d,HYPE,buy,25-40,2-7d,1522,1099165.3947580706,0,172594.76347891972,60125902.284704655,1178944.5270005988,1178944.5270005988,1.0,True,28.705558988813024,1463.976968602799,14.0,11.0,-3.0,21.88453339648078,36.59027403661125,1094.7112687820918,1915.0721184305523,11.0,27.0,6.0,16.0
pm2_rfqpkg,HYPE|buy|25-40|30-90d,HYPE,buy,25-40,30-90d,1320,2221096.55,0,329673.3281075062,121168536.36473154,7693413.874757223,7693413.874757223,1.0,True,27.207832825111527,428.51370467562367,18.0,30.0,12.0,3.7244384577149297,41.76816326353113,54.086379102219084,705.9008577154101,9.0,77.0,24.0,73.0
pm2_rfqpkg,HYPE|buy|25-40|7-30d,HYPE,buy,25-40,7-30d,3682,3136372.274009669,0,455564.9246271162,159449466.58195916,5817663.96320852,5817663.96320852,1.0,True,28.57111625349651,783.0719125548566,16.0,23.0,7.0,14.227689578407437,42.45043303302231,378.6616860548902,1205.7143841500072,9.0,41.0,14.0,36.0
pm2_rfqpkg,HYPE|buy|25-40|<=2d,HYPE,buy,25-40,<=2d,661,297105.3499,0,19212.95261659693,16224856.012202786,169093.73094648268,169093.73094648268,1.0,True,11.841678349654863,1136.2309240593745,43.0,13.0,-30.0,3.922912507315136,21.600129514101003,353.881014295118,2228.0589471535277,27.0,75.0,5.0,37.0
pm2_rfqpkg,HYPE|buy|25-40|>90d,HYPE,buy,25-40,>90d,641,707245.6252954319,0,109686.09579770826,38325208.09569437,3493250.859146566,3493250.859146566,1.0,True,28.619830458280248,313.9943285507574,15.0,38.0,23.0,-4.200993023936296,72.62005451627931,-44.93478413165848,848.1247547498855,4.0,139.0,21.0,135.0
pm2_rfqpkg,HYPE|buy|40-60|2-7d,HYPE,buy,40-60,2-7d,1594,747157.1891,0,120158.66448081088,37806932.730523944,1321277.202312088,1321277.202312088,1.0,True,31.78217744805284,909.4129851824173,12.0,18.0,6.0,22.878539934618132,40.90652626668972,651.2144547539202,1173.5195228828616,9.0,25.0,14.0,26.0
pm2_rfqpkg,HYPE|buy|40-60|30-90d,HYPE,buy,40-60,30-90d,1229,712772.4800000001,0,74043.85109013191,35727953.87697373,3883202.398611713,3883202.398611713,1.0,True,20.72434692036824,190.67729026074818,29.0,53.0,24.0,0.31427243791728016,37.59343914891325,2.900870510607013,346.5040232052319,11.0,106.0,37.0,107.0
pm2_rfqpkg,HYPE|buy|40-60|7-30d,HYPE,buy,40-60,7-30d,2850,2387897.8559115394,0,257328.3518014843,130525092.8082182,8520640.417876018,8520640.417876018,1.0,True,19.714856834431014,302.00588122650737,31.0,39.0,8.0,7.812037591576247,33.110901997679896,113.88679968092956,537.8635856823246,14.0,58.100000000000364,29.0,59.0
pm2_rfqpkg,HYPE|buy|40-60|<=2d,HYPE,buy,40-60,<=2d,631,312308.5,0,4330.941399654445,16373270.56645216,291838.6202285479,291838.6202285479,1.0,True,2.6451290730688113,148.40192830759514,82.0,54.0,-28.0,-4.158985517122045,14.492534747097595,-235.31071472989433,776.2681787838383,41.0,139.0,23.0,164.0
pm2_rfqpkg,HYPE|buy|40-60|>90d,HYPE,buy,40-60,>90d,473,404024.9517235621,0,62827.644327265356,22352507.79022486,2680046.9088847646,2680046.9088847646,1.0,True,28.107649001576895,234.42740542705474,17.0,46.0,29.0,-3.095549715915249,52.10946276535367,-25.476885090262314,469.0609618766725,6.0,132.0,32.0,126.0
pm2_rfqpkg,HYPE|buy|60-75|2-7d,HYPE,buy,60-75,2-7d,598,340441.6061173347,0,-2364.088621483644,19890644.380103793,1193424.747064646,1193424.747064646,1.0,True,-1.1885430035883573,-19.809281040118943,116.0,124.0,8.0,-20.348143309698532,58.49627973339257,-376.46443655919404,789.9196899390697,6.0,168.0,22.0,171.0
pm2_rfqpkg,HYPE|buy|60-75|30-90d,HYPE,buy,60-75,30-90d,288,323640.50000000006,0,-17387.419919787502,16086607.924065053,2499117.921278648,2499117.921278648,1.0,True,-10.808630384890822,-69.57422765745847,157.0,141.0,-16.0,-47.098666575737084,26.218852570632706,-311.01948972365403,169.40290455982455,22.0,175.0,53.0,168.0
pm2_rfqpkg,HYPE|buy|60-75|7-30d,HYPE,buy,60-75,7-30d,1034,777642.4474711823,0,96972.01639145134,37148326.960239545,3898175.8324881266,3898175.8324881266,1.0,True,26.10400637833355,248.76255089180023,19.0,44.0,25.0,9.89552112854857,44.00928150244118,95.34102218437654,413.7971123397209,8.0,51.0,34.0,62.0
pm2_rfqpkg,HYPE|buy|60-75|<=2d,HYPE,buy,60-75,<=2d,335,242733.0,0,14196.541091035242,12524345.505846024,361616.43462632765,361616.43462632765,1.0,True,11.335156064170125,392.58561646140555,44.0,34.0,-10.0,-11.601671961622124,80.12704001039194,-429.21855705125205,2348.826260192608,3.0,159.0,5.0,172.0
pm2_rfqpkg,HYPE|buy|60-75|>90d,HYPE,buy,60-75,>90d,189,225064.1117235621,0,19465.078711511014,14639249.865616588,2504886.5772495368,2504886.5772495368,1.0,False,13.29650008722709,77.70842356017744,,,,,,,,,,,
pm2_rfqpkg,HYPE|buy|75-90|2-7d,HYPE,buy,75-90,2-7d,203,188741.05574649255,0,16689.092897963692,13153096.572728217,1184236.0769469985,1184236.0769469985,1.0,True,12.688337537616086,140.9270771499273,42.0,57.0,15.0,8.090005545981997,57.80647205751614,91.12095912303585,562.6349005681429,5.0,58.0,29.0,64.0
pm2_rfqpkg,HYPE|buy|75-90|30-90d,HYPE,buy,75-90,30-90d,218,97515.8,0,19409.594819157082,5547885.971085027,994446.3490175903,994446.3490175903,1.0,True,34.985569134473494,195.17990928652657,9.0,52.0,43.0,7.565515649026552,69.88557422958787,42.643931188247905,392.8638103245244,4.0,59.0,35.0,76.0
pm2_rfqpkg,HYPE|buy|75-90|7-30d,HYPE,buy,75-90,7-30d,736,616316.6828295654,0,105810.50072082577,29994681.897750992,4138964.131916039,4138964.131916039,1.0,True,35.27642036062382,255.64488444079174,8.0,43.0,35.0,4.346165248596671,62.45907093940665,30.661892661638806,448.5356961706372,4.0,72.0,32.0,80.0
pm2_rfqpkg,HYPE|buy|75-90|<=2d,HYPE,buy,75-90,<=2d,255,129417.43853381717,0,-8391.674711045516,4799263.329509262,392155.61264305393,392155.61264305393,1.0,True,-17.485339175801357,-213.98838727532754,166.0,162.0,-4.0,-38.46797335374881,27.663177410868627,-410.69507582154506,605.2330961538556,19.0,173.0,27.0,172.0
pm2_rfqpkg,HYPE|buy|75-90|>90d,HYPE,buy,75-90,>90d,51,124303.0,0,86237.18904161266,8695822.927976971,1679504.3074004797,1679504.3074004797,1.0,False,99.17082000849251,513.4681028302317,,,,,,,,,,,
pm2_rfqpkg,HYPE|buy|90-100|2-7d,HYPE,buy,90-100,2-7d,131,26348.177435110887,0,6711.044598912704,1742415.613524028,259687.59119118282,259687.59119118282,1.0,False,38.51575104598406,258.42761943800434,,,,,,,,,,,
pm2_rfqpkg,HYPE|buy|90-100|30-90d,HYPE,buy,90-100,30-90d,25,29859.16,0,22647.108188593567,2003909.811793329,452815.40865902463,452815.40865902463,1.0,False,113.0146080193416,500.1399633387279,,,,,,,,,,,
pm2_rfqpkg,HYPE|buy|90-100|7-30d,HYPE,buy,90-100,7-30d,99,92673.0,0,38070.68203396223,6996407.942538326,1402457.5105459807,1402457.5105459807,1.0,False,54.41461153585911,271.4569371812284,,,,,,,,,,,
pm2_rfqpkg,HYPE|buy|90-100|<=2d,HYPE,buy,90-100,<=2d,146,30686.704319381675,0,-588.8540583127258,1553731.4057431093,177003.61541180676,177003.61541180676,1.0,False,-3.789934709024512,-33.267911332925635,,,,,,,,,,,
pm2_rfqpkg,HYPE|buy|90-100|>90d,HYPE,buy,90-100,>90d,8,15820.0,0,7528.6933491091095,955641.2577610668,249733.6793394569,249733.6793394569,1.0,False,78.78158553710604,301.46888353314733,,,,,,,,,,,
pm2_rfqpkg,HYPE|sell|00-10|2-7d,HYPE,sell,00-10,2-7d,439,257146.83544480367,0,9809.700606185052,17623298.023137182,3686699.777580796,3686699.777580796,1.0,True,5.566325096078012,26.608352179471893,69.0,85.0,16.0,2.1416871460988993,10.442268635046128,9.729815167816486,50.48202690877093,50.0,87.0,72.0,98.0
pm2_rfqpkg,HYPE|sell|00-10|30-90d,HYPE,sell,00-10,30-90d,450,360342.00815227383,0,-17381.0733591232,20874509.31913908,4442087.2521806685,4442087.2521806685,1.0,True,-8.326458405988554,-39.12816739606058,152.0,132.0,-20.0,-12.934875059899474,-2.8230428800770753,-64.63336881815421,-16.11824370568856,132.0,161.0,120.0,142.0
pm2_rfqpkg,HYPE|sell|00-10|7-30d,HYPE,sell,00-10,7-30d,685,262242.7688180837,0,1847.486891982033,15678097.547881149,3167002.0708850008,3167002.0708850008,1.0,True,1.178387164858351,5.833551259616838,93.0,101.0,8.0,-1.846903276771067,4.618979609758196,-8.853446239884818,22.793758450535158,70.0,126.0,84.0,117.0
pm2_rfqpkg,HYPE|sell|00-10|<=2d,HYPE,sell,00-10,<=2d,506,272085.82325367164,0,7736.876631882691,12339266.906445906,3992185.143525117,3992185.143525117,1.0,True,6.270126653829838,19.380054666129524,61.0,88.0,27.0,4.334941817958812,8.706816752596696,13.113433340440931,27.55976395336845,54.0,74.0,80.0,96.0
pm2_rfqpkg,HYPE|sell|00-10|>90d,HYPE,sell,00-10,>90d,149,220096.8434997073,0,-26006.52678361446,15172607.717670321,1616138.7699638943,1616138.7699638943,1.0,False,-17.140446301347882,-160.91765921929752,,,,,,,,,,,
pm2_rfqpkg,HYPE|sell|10-25|2-7d,HYPE,sell,10-25,2-7d,806,276804.0565596901,0,9446.871534559532,16709187.952048501,4078840.406891608,4078840.406891608,1.0,True,5.653698768408055,23.160679487724252,68.0,86.0,18.0,-1.9577874329568425,13.354351112931672,-7.672546446121874,57.028245244413725,43.0,125.0,70.0,115.0
pm2_rfqpkg,HYPE|sell|10-25|30-90d,HYPE,sell,10-25,30-90d,1187,1470086.94,0,-126700.80827943496,76135092.9082061,19540414.740413304,19540414.740413304,1.0,True,-16.641577942538863,-64.84038847824122,165.0,139.0,-26.0,-29.502290770917767,-4.064231457334748,-112.30095743310889,-17.177902445520797,138.0,172.0,122.0,151.0
pm2_rfqpkg,HYPE|sell|10-25|7-30d,HYPE,sell,10-25,7-30d,1755,1320103.308729277,0,-9638.665494748315,74169416.58267108,19558178.80415394,19558178.80415394,1.0,True,-1.2995471636216551,-4.9282019513499735,118.0,111.0,-7.0,-11.208113233542417,7.6656041396953265,-40.403057276415076,30.550128355603984,59.0,158.0,81.0,134.0
pm2_rfqpkg,HYPE|sell|10-25|<=2d,HYPE,sell,10-25,<=2d,788,324095.0,0,6853.948692509461,15173703.749546627,5078203.352715625,5078203.352715625,1.0,True,4.516991240661495,13.496798407736538,74.0,93.0,19.0,-1.9574917289311728,10.734219767345438,-5.6976886221932,32.997677539653246,49.0,125.0,79.0,114.0
pm2_rfqpkg,HYPE|sell|10-25|>90d,HYPE,sell,10-25,>90d,467,422184.0695248364,0,-106808.32592076265,27618956.914338212,4801476.207314442,4801476.207314442,1.0,True,-38.67210707921912,-222.44893301367125,175.0,165.0,-10.0,-78.10409271986818,-11.350734761214248,-445.19816110320943,-65.65392703104561,159.0,178.0,140.0,173.0
pm2_rfqpkg,HYPE|sell|25-40|2-7d,HYPE,sell,25-40,2-7d,826,583851.6068194897,1,33630.84995867687,36271323.17258655,10172622.930624492,10172622.930624492,1.0,True,9.272021811460872,33.06015585953925,52.0,79.0,27.0,-7.138205627462387,20.716979956009702,-26.8423752705835,74.56920460241057,28.0,149.0,65.0,128.0
pm2_rfqpkg,HYPE|sell|25-40|30-90d,HYPE,sell,25-40,30-90d,980,1358125.6,0,-932.2341363177563,78852695.64756235,19781543.36490156,19781543.36490156,1.0,True,-0.11822476437387025,-0.4712646122303185,108.0,108.0,0.0,-23.58522348032815,31.034364330338388,-101.64368581304541,114.03280298276604,16.0,169.0,59.0,148.0
pm2_rfqpkg,HYPE|sell|25-40|7-30d,HYPE,sell,25-40,7-30d,1635,1288531.3308535074,0,-102487.7646733632,77487524.64428084,19850026.084382307,19850026.084382307,1.0,True,-13.226356777281254,-51.63104785741263,160.0,136.0,-24.0,-28.298001784998863,1.5407721638182728,-110.33296991396186,6.080701033658194,92.0,170.0,103.0,150.0
pm2_rfqpkg,HYPE|sell|25-40|<=2d,HYPE,sell,25-40,<=2d,959,608938.0285338172,0,-17675.234999711247,28577138.18199381,9990432.15825107,9990432.15825107,1.0,True,-6.185096242719031,-17.692162580888276,146.0,121.0,-25.0,-13.250330553260495,3.148732057339526,-40.25122640047425,9.155472568613723,79.0,161.0,98.0,134.0
pm2_rfqpkg,HYPE|sell|25-40|>90d,HYPE,sell,25-40,>90d,496,939838.876408579,0,13951.550890072425,50675152.598963894,14478144.870159121,14478144.870159121,1.0,True,2.7531344602912315,9.636283526094523,81.0,97.0,16.0,-21.14481816183185,26.680465836167823,-79.62326915265304,88.80912795550454,21.0,167.0,63.0,143.0
pm2_rfqpkg,HYPE|sell|40-60|2-7d,HYPE,sell,40-60,2-7d,955,241685.2393999999,0,5795.317586324206,11730354.30138622,3696387.4500248185,3696387.4500248185,1.0,True,4.940445477967661,15.678328272338698,71.0,90.0,19.0,-5.790063064711131,16.90373545123032,-18.10107875722692,54.1539171175066,35.0,145.0,71.0,123.0
pm2_rfqpkg,HYPE|sell|40-60|30-90d,HYPE,sell,40-60,30-90d,1142,1608187.63,0,116492.86813749079,81924997.88940117,25920539.61296006,25920539.61296006,1.0,True,14.219453297363069,44.94230053731031,40.0,72.0,32.0,-4.149319650230875,35.79314539034752,-13.321539073253788,107.05611493845751,12.0,137.0,60.0,119.0
pm2_rfqpkg,HYPE|sell|40-60|7-30d,HYPE,sell,40-60,7-30d,1487,1845657.5632022247,0,166547.36971110245,93724842.42970918,30469120.744158693,30469120.744158693,1.0,True,17.76982125480851,54.66103571204353,34.0,68.0,34.0,-4.614323698201636,37.792823078942824,-14.016110546155193,118.55188184037048,10.0,141.0,57.0,121.0
pm2_rfqpkg,HYPE|sell|40-60|<=2d,HYPE,sell,40-60,<=2d,1055,251157.9037,0,11499.188069998472,11131846.194635203,3829773.56134568,3829773.56134568,1.0,True,10.329991871016242,30.02576493310473,47.0,83.0,36.0,-0.05175903522381832,20.182776748607377,-0.1433668129303515,59.30927332512045,30.0,109.0,69.0,109.0
pm2_rfqpkg,HYPE|sell|40-60|>90d,HYPE,sell,40-60,>90d,582,446882.04,0,65588.63413401485,26434748.325285982,8101931.54126337,8101931.54126337,1.0,True,24.811522064417186,80.95431786848611,21.0,63.0,42.0,-0.1360697579489213,56.875600193944564,-0.4517592554232212,189.3041582373026,5.0,110.0,50.0,109.0
pm2_rfqpkg,HYPE|sell|60-75|2-7d,HYPE,sell,60-75,2-7d,263,69056.019,0,-22817.51777877926,2864158.4692782513,1026191.6670593922,1026191.6670593922,1.0,True,-79.66569595756035,-222.35142333755343,179.0,164.0,-15.0,-153.52013105795834,-18.29518336099565,-418.82175783553157,-51.246510830632474,167.0,180.0,138.0,172.0
pm2_rfqpkg,HYPE|sell|60-75|30-90d,HYPE,sell,60-75,30-90d,160,90205.765,0,-26401.029790585937,4703422.652323902,1620479.2438475173,1620479.2438475173,1.0,False,-56.13152748996845,-162.92112281488872,,,,,,,,,,,
pm2_rfqpkg,HYPE|sell|60-75|7-30d,HYPE,sell,60-75,7-30d,255,244720.57349999997,0,-12134.094235680914,14217196.63898505,4817122.807248911,4817122.807248911,1.0,True,-8.534800877978961,-25.189505688792625,153.0,127.0,-26.0,-84.89423655543787,90.82339043434524,-228.20334644553571,305.4772899884067,3.0,178.0,40.0,163.0
pm2_rfqpkg,HYPE|sell|60-75|<=2d,HYPE,sell,60-75,<=2d,197,45060.3,0,-2270.6951016751245,1961438.714600365,708627.9871792325,708627.9871792325,1.0,False,-11.576681365432156,-32.043542489958135,,,,,,,,,,,
pm2_rfqpkg,HYPE|sell|60-75|>90d,HYPE,sell,60-75,>90d,204,196799.48313556152,0,56642.35001530149,11264975.545602487,3889493.558290228,3889493.558290228,1.0,True,50.2818224380549,145.6291138330121,5.0,55.0,50.0,-16.569495937385938,140.7548079100674,-43.52961730217588,451.4437079231166,2.0,163.0,32.0,134.0
pm2_rfqpkg,HYPE|sell|75-90|2-7d,HYPE,sell,75-90,2-7d,162,26282.446781150546,0,1370.037490955099,1589919.8805116126,477770.8330479762,477770.8330479762,1.0,False,8.617022201862406,28.675620112990952,,,,,,,,,,,
pm2_rfqpkg,HYPE|sell|75-90|30-90d,HYPE,sell,75-90,30-90d,104,34505.37247765609,0,-7144.905958520666,2038720.8735607064,628852.0981425565,628852.0981425565,1.0,False,-35.046023470794246,-113.61822564677146,,,,,,,,,,,
pm2_rfqpkg,HYPE|sell|75-90|7-30d,HYPE,sell,75-90,7-30d,269,166704.45947260284,0,-66047.20676741077,8890662.225416668,3124403.965617558,3124403.965617558,1.0,True,-74.28828707336861,-211.3913805456207,178.0,161.0,-17.0,-130.27616894789068,57.70902037376128,-345.0255364105958,194.50377594997596,6.0,179.0,51.0,170.0
pm2_rfqpkg,HYPE|sell|75-90|<=2d,HYPE,sell,75-90,<=2d,240,112302.0,0,-23668.579253935015,3843216.7041143994,1481940.8805460096,1481940.8805460096,1.0,True,-61.58533612896808,-159.7133837431795,177.0,155.0,-22.0,-84.34805923941578,5.755450312607196,-213.4627781639147,17.201753275083057,67.0,178.0,91.0,163.0
pm2_rfqpkg,HYPE|sell|75-90|>90d,HYPE,sell,75-90,>90d,47,21457.0,0,12927.603901824246,1221473.3313136173,421742.4497836105,421742.4497836105,1.0,False,105.83615352388763,306.5284015981128,,,,,,,,,,,
pm2_rfqpkg,HYPE|sell|90-100|2-7d,HYPE,sell,90-100,2-7d,76,168351.759,0,5130.562786354253,12111354.13446895,3700925.1432925733,3700925.1432925733,1.0,False,4.236159499087436,13.862919642275676,,,,,,,,,,,
pm2_rfqpkg,HYPE|sell|90-100|30-90d,HYPE,sell,90-100,30-90d,44,9009.0,0,-2792.942111472703,671023.2055382706,201047.96379252942,201047.96379252942,1.0,False,-41.62213897256065,-138.91919414587394,,,,,,,,,,,
pm2_rfqpkg,HYPE|sell|90-100|7-30d,HYPE,sell,90-100,7-30d,94,76307.09000168307,0,81861.97913695022,4170685.1889897296,1502746.9868599183,1502746.9868599183,1.0,False,196.27944912519217,544.7489155044378,,,,,,,,,,,
pm2_rfqpkg,HYPE|sell|90-100|<=2d,HYPE,sell,90-100,<=2d,175,40780.90613262388,0,-8821.522820873002,2191114.9678887525,737540.1413598892,737540.1413598892,1.0,False,-40.26042882347235,-119.60735865315381,,,,,,,,,,,
pm2_rfqpkg,HYPE|sell|90-100|>90d,HYPE,sell,90-100,>90d,27,12329.467658247022,0,509.20787895713653,586641.1587163773,244790.99366719596,244790.99366719596,1.0,False,8.680057159155494,20.801740755602587,,,,,,,,,,,
pm2_tau,BTC|buy|00-10|2-7d,BTC,buy,00-10,2-7d,2259,3724.674916955914,0,68127.87167872435,275494476.7852959,310449.86436221877,4057.6932346088506,1.0,True,2.4729305819012546,167898.03402989794,85.0,5.0,-80.0,1.1515663108331504,3.81123876214118,77072.0864571342,295179.93271747435,73.0,98.0,3.0,11.0
pm2_tau,BTC|buy|00-10|30-90d,BTC,buy,00-10,30-90d,1061,3691.3077370665183,2,182379.86144893864,268896760.6410184,1095682.1592089878,167864.69832552504,1.0,True,6.782523560870216,10864.694201234952,60.0,27.0,-33.0,5.204047005065262,8.194419975737297,7868.195764221803,15401.090571367231,55.0,71.0,23.0,35.0
pm2_tau,BTC|buy|00-10|7-30d,BTC,buy,00-10,7-30d,2003,4213.8085279094985,7,88280.0253567816,305339501.18033373,578558.3572326835,22333.97601539567,1.0,True,2.891208802514004,39527.23209513916,80.0,13.0,-67.0,1.931144338612762,3.9920248781829617,26087.024023331596,53891.13253699897,72.0,90.0,12.0,20.0
pm2_tau,BTC|buy|00-10|<=2d,BTC,buy,00-10,<=2d,2209,2196.407384557396,0,-29564.44948030354,166832040.98966768,121893.99913402354,311.9841136614814,1.0,True,-1.7721086012569098,-947626.7600081225,122.0,181.0,59.0,-3.0666277602763667,-0.6641050199389604,-1484320.9812766612,-397201.2555413181,114.0,134.0,180.0,181.0
pm2_tau,BTC|buy|00-10|>90d,BTC,buy,00-10,>90d,423,1694.2726089303912,2,152334.16823279145,117117563.05310363,499009.34618057834,203091.09939842904,1.0,True,13.006944839154471,7500.780126948773,41.0,34.0,-7.0,3.6720145491472946,18.27689877812377,1229.0969665066539,22673.42175590602,32.0,76.0,20.0,72.0
pm2_tau,BTC|buy|10-25|2-7d,BTC,buy,10-25,2-7d,3418,5924.722609999993,0,64528.10715373823,440901313.04863405,1817233.1035535592,22642.62687661381,1.0,True,1.4635498975395518,28498.50748562455,90.0,15.0,-75.0,-1.8435689514808746,4.768895727561433,-32077.22010254526,106813.31816306157,69.0,126.0,9.0,169.0
pm2_tau,BTC|buy|10-25|30-90d,BTC,buy,10-25,30-90d,1961,3754.4555819764687,0,220211.06749440214,275977039.4202416,3240308.9286515303,496218.8141382844,1.0,True,7.979325669882185,4437.781503242933,56.0,45.0,-11.0,5.726126371139343,9.925402104109692,2941.061141365994,5869.325497084569,50.0,68.0,38.0,54.0
pm2_tau,BTC|buy|10-25|7-30d,BTC,buy,10-25,7-30d,3444,5084.8181825111515,0,107556.23430528959,378462278.6703313,2738178.7251323005,115560.98691142573,1.0,True,2.8419274619169914,9307.313582197809,81.0,30.0,-51.0,1.5342116106824728,4.134916868508419,4799.836876397871,14069.807746903092,71.0,93.0,24.0,44.0
pm2_tau,BTC|buy|10-25|<=2d,BTC,buy,10-25,<=2d,2872,1681.7235419999727,0,-11369.225317826103,128269907.61394277,265053.1955102544,794.9870889733505,1.0,True,-0.8863517195353686,-143011.44604132336,114.0,176.0,62.0,-2.037659757913748,0.22547836805206864,-331261.1248368348,37230.82596022957,105.0,129.0,17.0,179.0
pm2_tau,BTC|buy|10-25|>90d,BTC,buy,10-25,>90d,625,1851.8525112313132,2,242724.43733266953,141349254.55823362,2782943.317583294,1001596.2104500654,1.0,True,17.171964443057675,2423.3761549836713,35.0,56.0,21.0,11.978022000626437,19.67145148526695,1268.5943247923806,3152.153151315031,29.0,47.0,50.0,72.0
pm2_tau,BTC|buy|25-40|2-7d,BTC,buy,25-40,2-7d,1724,1899.9409219132874,0,-16616.329336433017,133827552.6527516,1252106.7488281757,13280.409819596603,1.0,True,-1.2416224467280037,-12511.910070662068,117.0,162.0,45.0,-6.1103324067551315,1.1774485454119683,-60126.50936776567,11915.308699276378,96.0,147.0,28.0,173.0
pm2_tau,BTC|buy|25-40|30-90d,BTC,buy,25-40,30-90d,1842,1392.6729665783673,0,10417.17129486432,111069968.91094509,3333961.5478767864,444925.93096415856,1.0,True,0.9378926992602937,234.13270771362357,99.0,94.0,-5.0,-2.2868625589712455,4.4232565495913025,-550.7585690296731,1136.2236618278869,71.0,128.0,74.0,130.0
pm2_tau,BTC|buy|25-40|7-30d,BTC,buy,25-40,7-30d,2690,4536.390241060661,0,32772.29887960242,338134097.1451472,6168371.115461041,279147.5975941677,1.0,True,0.9692101197808101,1174.0132876675398,98.0,72.0,-26.0,-2.3264236770274627,3.3902638917449566,-3382.2398772444762,3618.251957639971,76.0,129.0,48.0,148.0
pm2_tau,BTC|buy|25-40|<=2d,BTC,buy,25-40,<=2d,2174,1052.1942770000005,0,-18624.69166470446,82702907.66400895,411154.76135014213,1301.665551184939,1.0,True,-2.2519996201789705,-143083.54129637935,128.0,177.0,49.0,-4.064415294890217,-0.3224424983495336,-270068.15373183583,-19769.639640033794,111.0,140.0,166.0,179.0
pm2_tau,BTC|buy|25-40|>90d,BTC,buy,25-40,>90d,542,610.9403282354809,1,51955.66328836472,51397764.859522216,1997209.6497493726,825340.1709755396,1.0,True,10.108545270473789,629.5060523584343,48.0,83.0,35.0,5.499419761238951,17.208633568744467,406.92297551222447,885.2560523180643,35.0,68.0,76.89999999999986,92.0
pm2_tau,BTC|buy|40-60|2-7d,BTC,buy,40-60,2-7d,2085,2462.631527725737,0,-140977.92638966074,191229795.91991636,3404531.4494820386,38057.01301685532,1.0,True,-7.372173656907514,-37043.87581001748,151.0,169.0,18.0,-10.478200282047164,-3.691954740481898,-59467.11286195744,-16502.577617100527,135.0,159.0,164.0,173.0
pm2_tau,BTC|buy|40-60|30-90d,BTC,buy,40-60,30-90d,1968,2656.1469040851057,0,-285686.3793151727,218884824.5583354,11796149.757707244,1325972.0977433836,1.0,True,-13.051904347029497,-2154.54291837189,159.0,141.0,-18.0,-31.05024624371257,-1.8613355501750641,-5155.457826328122,-307.9414371332234,126.0,172.0,124.0,153.0
pm2_tau,BTC|buy|40-60|7-30d,BTC,buy,40-60,7-30d,2595,2317.112974460847,1,-69960.79848304378,181338842.68358234,6017005.42536595,232242.74743105698,1.0,True,-3.8580150533506044,-3012.3997092228756,139.0,145.0,6.0,-7.689221242603771,-0.4492785415998924,-6389.887751512775,-338.9657643162838,113.0,151.0,125.0,156.0
pm2_tau,BTC|buy|40-60|<=2d,BTC,buy,40-60,<=2d,2355,1181.472832522489,0,-33989.29965669814,94474957.04452208,834158.9700674353,2734.423022207974,1.0,True,-3.5977046955078698,-124301.54142445992,138.0,173.0,35.0,-6.579589655928893,-0.5081157054617512,-245461.01372541938,-17125.752767820937,113.0,149.0,164.0,179.0
pm2_tau,BTC|buy|40-60|>90d,BTC,buy,40-60,>90d,617,424.9740583570257,0,53607.90746759576,34239996.33974138,2545886.433081484,1131736.1712889187,1.0,True,15.65651670510683,473.67848468201254,38.0,86.0,48.0,11.386715483152498,20.6719632798914,370.474693951938,576.0841162090741,28.0,48.0,81.0,95.0
pm2_tau,BTC|buy|60-75|2-7d,BTC,buy,60-75,2-7d,942,977.942774747913,0,-27339.42229389856,77082232.24172649,2196401.157411085,24618.44526457448,1.0,True,-3.5467865289841805,-11105.259491442996,137.0,159.0,22.0,-8.903437311732993,1.5693711732019682,-30099.028745362775,4684.41073693267,92.0,154.0,44.0,169.0
pm2_tau,BTC|buy|60-75|30-90d,BTC,buy,60-75,30-90d,566,1121.7226745889857,0,195470.0379779214,84834145.49823053,5446842.578639535,579824.4132970943,1.0,True,23.041434180768462,3371.1936492361033,25.0,49.0,24.0,-2.9616691040793994,34.685114090863216,-337.2147174589269,5791.0649176255665,12.0,133.0,39.0,125.0
pm2_tau,BTC|buy|60-75|7-30d,BTC,buy,60-75,7-30d,903,1270.7951439006624,0,-60210.55196681071,96058141.2712208,4749599.426788743,158753.74627442934,1.0,True,-6.2681362735102075,-3792.7011727161293,147.0,146.0,-1.0,-12.626491574111359,-3.022339200342947,-7996.986237344281,-1765.079733442748,132.0,161.0,140.0,158.0
pm2_tau,BTC|buy|60-75|<=2d,BTC,buy,60-75,<=2d,887,744.0871800000008,0,-50097.862643657405,56717510.89249681,913040.7862021825,3284.7269527405174,1.0,True,-8.832873984652398,-152517.58628478905,154.0,178.0,24.0,-14.680754577200512,-0.8575261600980926,-214925.7391062534,-19058.806490217285,116.0,164.0,165.0,179.0
pm2_tau,BTC|buy|60-75|>90d,BTC,buy,60-75,>90d,161,53.19105999999998,0,7299.3511260368805,3943112.0672782,358275.8423464437,181225.17517374747,1.0,False,18.51165019277624,402.7779870560873,,,,,,,,,,,
pm2_tau,BTC|buy|75-90|2-7d,BTC,buy,75-90,2-7d,592,439.9981589062513,0,14286.958428348475,33745092.016397215,1371147.5024764263,16776.848933009052,1.0,True,4.233788552541579,8515.877138428761,75.0,31.0,-44.0,-8.818510601420144,16.499521127198093,-21214.474678100825,28539.327909837233,36.0,153.0,17.0,166.0
pm2_tau,BTC|buy|75-90|30-90d,BTC,buy,75-90,30-90d,278,376.41903570272615,0,64425.04181258441,30358977.235954348,2905786.476359945,317138.41419792455,1.0,True,21.22108439683712,2031.4486964791674,28.0,61.0,33.0,4.195601581492363,38.13276780692007,360.82643201176154,4097.829788487345,11.0,73.0,46.0,92.0
pm2_tau,BTC|buy|75-90|7-30d,BTC,buy,75-90,7-30d,750,728.8422936902381,0,91162.59183861875,53777669.26767247,4355412.991269012,233015.17838949073,1.0,True,16.951755827287144,3912.3027293199843,36.0,48.0,12.0,-1.8638296769381928,32.171029969566675,-404.386667690744,8249.503725232664,15.0,125.0,33.0,125.0
pm2_tau,BTC|buy|75-90|<=2d,BTC,buy,75-90,<=2d,681,410.72342966684874,0,6508.528222288825,32495970.96336355,675421.1213155336,2314.4707422453007,1.0,True,2.002872365200793,28121.021810691847,87.0,16.0,-71.0,-6.26273354108454,11.597777802287272,-85314.94062378522,168399.12720330062,47.0,147.0,6.0,173.0
pm2_tau,BTC|buy|75-90|>90d,BTC,buy,75-90,>90d,100,42.97400385325913,0,24713.963649545312,3691137.9216785305,420492.10516750935,216783.0506271012,1.0,False,66.95486371397017,1140.032100205886,,,,,,,,,,,
pm2_tau,BTC|buy|90-100|2-7d,BTC,buy,90-100,2-7d,328,603.8020778183214,0,26095.178269503223,48768348.55964007,3727334.605663453,33890.01510950501,1.0,True,5.350843126785554,7699.960647755629,70.0,33.0,-37.0,-0.5556893642052647,14.796919807470603,-812.8674534388884,15408.79659168388,40.0,114.0,24.0,132.0
pm2_tau,BTC|buy|90-100|30-90d,BTC,buy,90-100,30-90d,73,19.79606645463951,0,-2196.0007824636587,1614251.9201649087,190555.11141921024,19584.19394974231,1.0,False,-13.603829458287525,-1121.3128240555202,,,,,,,,,,,
pm2_tau,BTC|buy|90-100|7-30d,BTC,buy,90-100,7-30d,313,400.00955895581995,0,-102478.2579147689,27558285.449235346,2981725.4048615308,182233.38174924138,1.0,True,-37.18600640215531,-5623.462448596935,173.0,154.0,-19.0,-79.97568434349509,2.1469220165299157,-9980.728015052267,403.2436922804749,86.0,178.0,90.0,161.0
pm2_tau,BTC|buy|90-100|<=2d,BTC,buy,90-100,<=2d,595,426.1481808426069,0,135188.21918718633,34765479.40087664,1324556.601421542,2467.858085695065,1.0,True,38.885762980094974,547795.758479001,7.0,1.0,-6.0,11.524617517211398,109.60651651169258,178650.06317017798,1193143.737860273,2.0,47.0,1.0,6.0
pm2_tau,BTC|buy|90-100|>90d,BTC,buy,90-100,>90d,48,18.851497400000007,0,18220.82720731041,1475650.7418919094,234294.0501865762,122407.21391345176,1.0,False,123.47655641029098,1488.5419433035602,,,,,,,,,,,
pm2_tau,BTC|sell|00-10|2-7d,BTC,sell,00-10,2-7d,2895,5293.336099607965,0,24842.414255320706,388125710.3037293,37730646.75770422,410580.855471162,1.0,True,0.6400610316662655,605.0553483993499,100.0,84.0,-16.0,-0.11616318888599557,1.5641647700906407,-113.82344237801188,1399.234292059314,90.0,112.0,68.0,114.0
pm2_tau,BTC|sell|00-10|30-90d,BTC,sell,00-10,30-90d,1426,2096.0194487594563,0,-15184.717769852408,166284562.14745885,12352179.662362976,1886433.221242727,1.0,True,-0.9131766397163683,-80.49432971631596,115.0,110.0,-5.0,-2.3558081683667202,0.002124658675514034,-204.98202205939884,0.14273381136018548,107.0,130.0,105.0,121.0
pm2_tau,BTC|sell|00-10|7-30d,BTC,sell,00-10,7-30d,3100,4289.559623811595,1,12240.445360945065,319283122.56801647,29621156.138580926,1120891.4774473235,1.0,True,0.38337276529038894,109.20276946721907,102.0,99.0,-3.0,-1.140022421352509,1.746692455696494,-327.0547105676542,482.9447468940112,89.0,120.0,87.0,124.0
pm2_tau,BTC|sell|00-10|<=2d,BTC,sell,00-10,<=2d,4909,3455.342891529434,0,28815.43548961563,279393793.2898307,35820225.71817839,86611.00967783792,1.0,True,1.0313556056602797,3326.99452376768,96.0,50.0,-46.0,0.7747903643005123,1.2835182331443054,2446.4595976885635,4253.376559444841,91.0,105.0,44.0,59.0
pm2_tau,BTC|sell|00-10|>90d,BTC,sell,00-10,>90d,526,2155.946268352503,0,-141106.9188581386,153654975.279863,10877698.349079164,4450049.090608426,1.0,True,-9.183361528068342,-317.09070166425056,156.0,122.0,-34.0,-11.112522887575738,-5.490506493270616,-440.2020811211954,-247.83016058518763,143.0,161.0,117.0,131.0
pm2_tau,BTC|sell|10-25|2-7d,BTC,sell,10-25,2-7d,3268,3919.0878299999717,1,73221.1426965983,302188110.6033557,36388479.14642689,378050.2803006036,1.0,True,2.4230318840275773,1936.8096391405159,86.0,63.0,-23.0,0.9608280436125007,3.8812995338149765,749.2211644464745,3056.789942625993,73.0,99.0,52.0,81.0
pm2_tau,BTC|sell|10-25|30-90d,BTC,sell,10-25,30-90d,2587,4773.868689623045,0,-71888.54423657838,355082443.3998312,34444363.901375756,4738659.262015412,1.0,True,-2.024559241742915,-151.70650654886563,127.0,116.0,-11.0,-3.8413438744677637,-0.07543677237240859,-290.45009609991087,-5.65112315641604,109.0,138.0,107.0,125.0
pm2_tau,BTC|sell|10-25|7-30d,BTC,sell,10-25,7-30d,3990,5099.532344316922,0,-49727.39633770144,389255858.8437627,43923239.474745184,1714713.9050213755,1.0,True,-1.277498981914123,-290.0040420275331,118.0,120.0,2.0,-3.1472501957746797,0.39964304505970333,-704.6783994622009,93.24883670244078,104.0,134.0,103.0,134.0
pm2_tau,BTC|sell|10-25|<=2d,BTC,sell,10-25,<=2d,4040,1897.581717999957,0,20342.352439567905,158920283.637743,23847283.370803293,69062.65880575648,1.0,True,1.280034994522038,2945.4922227628367,91.0,52.0,-39.0,0.6821534095896793,1.8375979311197146,1548.8938456228452,4306.324407436322,87.0,104.0,44.0,68.0
pm2_tau,BTC|sell|10-25|>90d,BTC,sell,10-25,>90d,624,1049.4002299999993,1,-119039.41135024645,80911204.38215585,7315743.239233091,3196586.193520292,1.0,True,-14.71235192446343,-372.3954373310747,161.0,125.0,-36.0,-19.2701858259435,-7.639619714597499,-439.5456109555711,-219.09437008581565,150.0,168.0,117.0,132.0
pm2_tau,BTC|sell|25-40|2-7d,BTC,sell,25-40,2-7d,2396,4495.765661286037,1,6051.186734562044,328158489.2837172,46228389.069039755,524377.1514250721,1.0,True,0.18439829936352328,115.3976049131251,105.0,98.0,-7.0,-3.6826009536465723,4.836215941379056,-2353.7835120545365,2937.8281143512027,70.0,137.0,53.0,145.0
pm2_tau,BTC|sell|25-40|30-90d,BTC,sell,25-40,30-90d,2049,3136.337195931783,0,109758.21412371132,239959672.14907622,27472759.13182556,3797088.614590676,1.0,True,4.574027508069083,289.0588692135203,73.0,90.0,17.0,-0.8331215080490507,9.698652678157453,-49.66084530729883,672.0172973011191,52.0,117.0,82.0,113.0
pm2_tau,BTC|sell|25-40|7-30d,BTC,sell,25-40,7-30d,3341,4496.704664920501,2,188264.6984148691,327481499.81543595,44356520.80784356,1791516.5061855162,1.0,True,5.748865157908844,1050.867785838719,67.0,74.0,7.0,4.034769152199295,7.511159320839043,741.1247463045297,1396.3687892351054,58.0,76.0,67.0,84.0
pm2_tau,BTC|sell|25-40|<=2d,BTC,sell,25-40,<=2d,2868,1190.5813599999917,0,24057.7245436196,96021861.97560944,15622236.051979413,43917.31336825381,1.0,True,2.505442411617733,5477.959077754067,84.0,40.0,-44.0,1.0844967102185938,3.860233228599003,2343.317596266642,8523.992949094309,73.0,98.0,32.0,59.0
pm2_tau,BTC|sell|25-40|>90d,BTC,sell,25-40,>90d,643,718.2221812537126,1,90792.88042316925,54352227.22545933,7074942.625331508,2370016.288004626,1.0,True,16.704537248593304,383.08968964770264,37.0,89.0,52.0,11.009426383700418,28.307647954822194,252.91725562134752,613.2056992287626,18.0,49.0,82.0,99.0
pm2_tau,BTC|sell|40-60|2-7d,BTC,sell,40-60,2-7d,2597,2275.579050421831,0,90015.02786360598,180069613.45295286,27555746.031535935,293603.12795859115,1.0,True,4.998901599082089,3065.8742803415025,71.0,51.0,-20.0,-2.774248700486926,11.447367919741621,-1672.2421032660975,7393.576641123584,47.0,131.0,35.0,140.0
pm2_tau,BTC|sell|40-60|30-90d,BTC,sell,40-60,30-90d,2450,3288.076955102535,0,-65858.7197980325,264362453.60933858,36215385.37421551,4593550.112871416,1.0,True,-2.491228194430181,-143.37215917922006,130.0,115.0,-15.0,-6.0928393112236785,3.594289355107274,-400.86946064861763,174.8732007755942,75.0,146.0,99.0,127.0
pm2_tau,BTC|sell|40-60|7-30d,BTC,sell,40-60,7-30d,3428,3909.735684520923,1,122345.33491724735,300635616.5041212,44020238.12456834,1828703.5169655185,1.0,True,4.069555574948659,669.0277225488283,76.0,82.0,6.0,-0.26734490029685193,9.362220713015127,-42.60176528731586,1531.3201622875176,52.0,112.0,66.0,111.0
pm2_tau,BTC|sell|40-60|<=2d,BTC,sell,40-60,<=2d,2794,1473.0003182919465,0,-23092.7583576986,117865276.31359254,19230806.331032716,57738.99735036887,1.0,True,-1.9592503475118463,-3999.50803052022,125.0,148.0,23.0,-6.681586982617865,2.42980053756612,-14027.947933872978,4800.654985148019,85.0,148.0,44.0,163.0
pm2_tau,BTC|sell|40-60|>90d,BTC,sell,40-60,>90d,948,361.98279205629035,0,19775.23829610231,27561710.80748821,4023650.829136245,1860313.6050870887,1.0,True,7.174895068824827,106.30056266871495,57.0,100.0,43.0,-2.451432918726361,17.094516137907863,-33.090731335440054,269.92155831877204,35.0,129.0,93.0,113.0
pm2_tau,BTC|sell|60-75|2-7d,BTC,sell,60-75,2-7d,727,991.7929644037631,0,-14963.297422129162,74575469.41817118,12419309.330289789,112593.8006273882,1.0,True,-2.0064637257895934,-1328.9628148931472,126.0,135.0,9.0,-11.378400683269406,4.650359684874686,-7207.440764688128,3246.5266768725382,71.0,159.0,52.0,156.0
pm2_tau,BTC|sell|60-75|30-90d,BTC,sell,60-75,30-90d,595,118.1542091023209,0,-2399.305374848173,9264842.83335131,1456408.658516982,221523.6839088603,1.0,True,-2.589688155541315,-108.30920344550155,131.0,111.0,-20.0,-15.252261498489325,10.378856650967808,-608.1051121161837,446.41073726903164,50.0,163.0,88.0,132.0
pm2_tau,BTC|sell|60-75|7-30d,BTC,sell,60-75,7-30d,1011,1413.382646653485,0,-37433.00825326357,106478382.94172636,17492029.091602378,796713.279636819,1.0,True,-3.515550031760903,-469.8429059739957,136.0,128.0,-8.0,-11.23364762731043,0.9479713110021312,-1691.1404928095778,127.87242366505984,98.89999999999986,158.0,101.0,142.0
pm2_tau,BTC|sell|60-75|<=2d,BTC,sell,60-75,<=2d,823,367.1864900000007,0,-9696.338117558362,29127108.583138335,4935020.547149959,15015.562317436294,1.0,True,-3.3289737942514366,-6457.525807274516,135.0,157.0,22.0,-7.730231157203484,1.013644799056756,-15141.4014681311,1936.4777234624974,98.0,151.0,63.0,164.0
pm2_tau,BTC|sell|60-75|>90d,BTC,sell,60-75,>90d,222,55.72799903362769,0,-12880.633270926195,4360492.192116393,727134.1010529138,357445.7015301352,1.0,True,-29.539402212928852,-360.35216581952005,170.0,124.0,-46.0,-48.67854042636337,-15.858249963378645,-614.6916488639188,-192.42390273932645,163.0,176.0,116.0,133.0
pm2_tau,BTC|sell|75-90|2-7d,BTC,sell,75-90,2-7d,387,271.3812600000003,0,-41577.01477073141,21696639.84761402,3560923.253935195,36877.26011445943,1.0,True,-19.162881931371338,-11274.431625799993,168.0,160.0,-8.0,-30.513185530637998,-7.940319053239521,-19500.752012478508,-4429.444787567197,152.0,172.0,151.0,166.0
pm2_tau,BTC|sell|75-90|30-90d,BTC,sell,75-90,30-90d,225,76.90011879997597,0,-10311.038436518013,5835832.071201645,947412.3534015316,128911.57646281396,1.0,True,-17.668497500811203,-799.853567805243,167.0,131.0,-36.0,-38.24267716004537,1.656473799279311,-1665.1018370733395,79.0302197803393,92.89999999999986,174.0,104.0,142.0
pm2_tau,BTC|sell|75-90|7-30d,BTC,sell,75-90,7-30d,554,439.75651335841866,0,-4879.48080028481,32670054.44108048,5446476.447675048,177685.44156545453,1.0,True,-1.493563718751928,-274.6134268117482,120.0,119.0,-1.0,-8.357106082519445,3.4643445248969695,-1511.3487841045476,629.097131311689,77.0,153.0,83.0,140.0
pm2_tau,BTC|sell|75-90|<=2d,BTC,sell,75-90,<=2d,512,322.5790998232866,0,14677.072698759683,24721032.115435597,4172999.547402464,12942.731035100507,1.0,True,5.937079257138074,11340.012134189968,64.0,25.0,-39.0,-12.22511495547739,13.542879845910889,-24150.80727708686,25047.94856242587,42.0,159.0,18.0,167.0
pm2_tau,BTC|sell|75-90|>90d,BTC,sell,75-90,>90d,118,53.02491222930619,0,-24869.292382644733,3993911.550489693,672139.7179669641,288810.05481145217,1.0,False,-62.26800986515466,-861.0951027615882,,,,,,,,,,,
pm2_tau,BTC|sell|90-100|2-7d,BTC,sell,90-100,2-7d,221,84.5426752032587,0,6526.2497483971365,6791619.979816204,1053418.124490568,9319.822972825945,1.0,True,9.609268138959905,7002.546901830535,50.0,36.0,-14.0,-0.26817685684527065,21.3981404941316,-199.68197033639777,15216.725959423082,28.0,112.0,24.0,119.0
pm2_tau,BTC|sell|90-100|30-90d,BTC,sell,90-100,30-90d,68,25.61661114595518,0,-24230.500671545822,1643552.4200825044,296348.0555973512,43195.24450795762,1.0,False,-147.4276109205539,-5609.529694196307,,,,,,,,,,,
pm2_tau,BTC|sell|90-100|7-30d,BTC,sell,90-100,7-30d,203,83.0738139497629,0,-21400.023990220583,6133938.141129799,1062623.0723274343,46729.2964345453,1.0,True,-34.887903167342586,-4579.573334727186,172.0,150.0,-22.0,-79.35355631099958,11.661350856824761,-8653.351084835353,1971.519533565182,47.0,179.0,63.0,160.0
pm2_tau,BTC|sell|90-100|<=2d,BTC,sell,90-100,<=2d,523,484.62115605916546,0,-27308.881829151407,37756148.17580494,6004636.954469873,11695.941955989896,1.0,True,-7.232962881169008,-23349.023047404564,150.0,168.0,18.0,-26.369396010402276,7.066790336194962,-58031.91412795267,21757.082559119506,61.0,170.0,21.0,173.0
pm2_tau,BTC|sell|90-100|>90d,BTC,sell,90-100,>90d,118,36.14760000000003,0,-30681.85677611186,2669079.9888873994,547178.503106558,353703.33212833345,1.0,False,-114.95293098691107,-867.4460766736465,,,,,,,,,,,
pm2_tau,ETH|buy|00-10|2-7d,ETH,buy,00-10,2-7d,3038,65094.48262454078,0,41745.66171496377,161706338.58158225,284566.4583554763,4221.348890690181,1.0,True,2.581572378741525,98891.75899919149,83.0,9.0,-74.0,2.0281393176821982,3.1966658878660614,72478.2603360572,127517.4126694502,76.0,90.0,7.0,12.0
pm2_tau,ETH|buy|00-10|30-90d,ETH,buy,00-10,30-90d,1745,42042.86513073237,2,86659.9884065096,95994265.96801236,550458.3681323376,81302.96416050379,1.0,True,9.027621340985807,10658.896548400164,54.0,28.0,-26.0,6.006901327574202,11.406531089750173,6616.683856679956,14249.311133701885,46.0,66.0,24.0,38.0
pm2_tau,ETH|buy|00-10|7-30d,ETH,buy,00-10,7-30d,3057,48072.419289181,0,36598.031875193636,124298542.01076931,407356.8797959554,15249.292522337402,1.0,True,2.9443653387360538,23999.82282560602,78.0,18.0,-60.0,0.6337652637364423,4.867527691802669,5025.347870958065,42783.02652784626,69.0,103.0,14.0,43.0
pm2_tau,ETH|buy|00-10|<=2d,ETH,buy,00-10,<=2d,3128,36466.054138022555,0,-7369.804760598173,88263053.0314996,68156.35224307702,201.6598343340883,1.0,True,-0.8349818533886442,-365457.24561038136,113.0,180.0,67.0,-1.6317717549961737,-0.022216851361799572,-713750.4812243634,-9491.810012837495,107.0,125.0,160.0,180.0
pm2_tau,ETH|buy|00-10|>90d,ETH,buy,00-10,>90d,1292,102496.25722457729,0,505561.73082172073,252799927.381651,930654.9918482422,488519.0661926765,1.0,True,19.99849193225741,10348.863858310955,30.0,29.0,-1.0,17.27137915822607,22.7687667688523,7618.988944974465,13531.595173477564,23.0,37.0,24.0,36.0
pm2_tau,ETH|buy|10-25|2-7d,ETH,buy,10-25,2-7d,5721,116094.34337838397,0,35414.95093852402,294953011.2399991,1259965.3782780813,15489.903515883734,1.0,True,1.2006980633843192,22863.248245677354,92.0,19.0,-73.0,0.2914519397500863,2.710748928549306,7311.316204775358,39341.76552850794,80.0,107.0,14.0,36.0
pm2_tau,ETH|buy|10-25|30-90d,ETH,buy,10-25,30-90d,4120,66739.59899754533,0,169880.03738351635,152412662.187345,2804616.735467709,412225.92976451095,1.0,True,11.146058007614915,4121.042009185652,46.0,47.0,1.0,7.857489869517585,15.5461860187676,2827.352329918154,5855.647651797142,38.0,59.0,39.0,56.0
pm2_tau,ETH|buy|10-25|7-30d,ETH,buy,10-25,7-30d,6280,73728.44586878059,0,172034.5865606846,179985231.6470422,1830690.6986471638,80477.22776591293,1.0,True,9.558261252126002,21376.80326925375,51.0,20.0,-31.0,3.2781905483640728,18.522885308106655,7267.1189272440715,40357.49903962128,33.0,79.0,14.899999999999864,36.0
pm2_tau,ETH|buy|10-25|<=2d,ETH,buy,10-25,<=2d,4897,38138.296562677824,0,-7244.745870221661,94059233.05256988,263494.4645331429,902.0507958003565,1.0,True,-0.7702322924717618,-80314.16749423368,112.0,172.0,60.0,-2.360694466048668,0.9515797955645906,-239170.6927150106,102414.16605010866,98.0,131.0,10.0,178.0
pm2_tau,ETH|buy|10-25|>90d,ETH,buy,10-25,>90d,1373,26440.17674022586,0,110232.42631777491,60353000.416180015,1696949.9307982214,887552.8805906457,1.0,True,18.264614113240135,1241.9815058728423,33.0,69.0,36.0,14.851275495952867,21.061738802693295,943.0817809603996,1526.3637789866757,26.0,41.0,65.0,80.0
pm2_tau,ETH|buy|25-40|2-7d,ETH,buy,25-40,2-7d,4222,40068.4791234486,0,2747.472758361602,107235592.2795228,1316568.232195133,15890.868919069433,1.0,True,0.25620903470183437,1728.9632004103735,104.0,64.0,-40.0,-1.3454806422136296,1.9329688653376391,-9195.462669451137,12886.655098710176,88.0,122.0,26.0,158.0
pm2_tau,ETH|buy|25-40|30-90d,ETH,buy,25-40,30-90d,3796,37094.3372475582,0,56558.331727399236,96058926.92395957,3902750.5166416583,587417.4383139226,1.0,True,5.8878787780099735,962.8303151799491,65.0,77.0,12.0,2.4919058212296923,9.60981319040819,414.482253170875,1573.8549462947608,52.0,83.0,66.0,90.0
pm2_tau,ETH|buy|25-40|7-30d,ETH,buy,25-40,7-30d,6316,44696.17146384616,0,13089.524382229387,118866335.99377482,2865410.407006024,124602.4519843694,1.0,True,1.1011969261772232,1050.502953494959,94.0,75.0,-19.0,-1.390141954468136,3.5801237109855895,-1384.963094501135,3327.919910707532,75.0,122.0,51.0,138.0
pm2_tau,ETH|buy|25-40|<=2d,ETH,buy,25-40,<=2d,3933,24255.50935331657,0,-19254.8704856842,67031965.227903135,439299.7715980396,1386.7561603687918,1.0,True,-2.872490821389353,-138848.27798827726,132.0,174.0,42.0,-7.379703763190893,2.20117463861348,-368660.2112626682,102990.68731886927,86.0,152.0,10.0,180.0
pm2_tau,ETH|buy|25-40|>90d,ETH,buy,25-40,>90d,1466,26850.324672206105,0,211996.9405869498,66021769.17488339,3822921.511635559,2188673.007320025,1.0,True,32.11015748841817,968.6094719399618,10.0,76.0,66.0,24.233981674979773,39.61717605772463,776.0414431678593,1137.0441900218952,9.0,24.0,71.0,84.0
pm2_tau,ETH|buy|40-60|2-7d,ETH,buy,40-60,2-7d,5252,63505.747699999636,0,-78080.94313440874,180976805.43026215,4230534.446755879,43647.50211132179,1.0,True,-4.314417140294619,-17888.983185169538,141.0,165.0,24.0,-6.078457313364107,-2.777693960251883,-25582.38541034625,-11408.361131186595,129.0,148.0,160.0,169.0
pm2_tau,ETH|buy|40-60|30-90d,ETH,buy,40-60,30-90d,3840,25033.348544787703,0,38984.96938962649,67446815.32127503,4684346.240645411,681605.9118224509,1.0,True,5.7801052879852275,571.9576182282518,66.0,85.0,19.0,2.4122164739937424,9.433615944597625,242.88207179309353,916.9164004177848,52.0,84.0,77.0,97.0
pm2_tau,ETH|buy|40-60|7-30d,ETH,buy,40-60,7-30d,6636,33696.450683325944,0,-33987.71270237317,86480545.90282813,3879134.5757917096,173414.39177406929,1.0,True,-3.930099231862236,-1959.91303574467,140.0,140.0,0.0,-8.211896563146132,-0.3463955424800257,-3915.464797983567,-176.04702908638265,111.0,153.0,117.0,151.0
pm2_tau,ETH|buy|40-60|<=2d,ETH,buy,40-60,<=2d,4381,20821.978299999944,0,-4024.025569723298,58341894.16995415,646300.3146941017,1991.5181748504492,1.0,True,-0.689731731712553,-20205.818960328983,111.0,167.0,56.0,-4.440956241188356,3.39689225458996,-131787.30098607918,98581.29600726234,77.0,140.0,10.0,176.0
pm2_tau,ETH|buy|40-60|>90d,ETH,buy,40-60,>90d,1569,15542.433658690758,0,247103.2835663599,41735251.166987635,3962310.7620332376,2040039.6577094255,1.0,True,59.207331130624006,1211.2670586208585,3.0,71.0,68.0,48.18836293286712,69.76932271364488,992.218618012708,1456.9962289487212,3.0,8.0,66.0,79.0
pm2_tau,ETH|buy|60-75|2-7d,ETH,buy,60-75,2-7d,1539,16178.1310803239,0,-14521.296182247926,45686278.5317392,1505101.9086044072,16202.90759961626,1.0,True,-3.1784808587899502,-8962.154534900787,133.0,158.0,25.0,-9.003186343131809,2.7849350010254534,-25505.189254666733,7512.7891408301075,82.0,155.0,36.0,168.0
pm2_tau,ETH|buy|60-75|30-90d,ETH,buy,60-75,30-90d,1101,13260.588559267413,0,101895.92498082739,31856046.792375322,3066688.4553444814,474840.78267488495,1.0,True,31.986368442055394,2145.8966604937496,11.0,58.0,47.0,18.892314001532647,48.21060966421241,1254.7139745157037,3259.312732739304,7.0,32.0,50.0,73.0
pm2_tau,ETH|buy|60-75|7-30d,ETH,buy,60-75,7-30d,2441,13953.437307403738,0,-6305.245890866424,33823436.00919921,2208201.120792742,97312.25432139979,1.0,True,-1.8641648025208142,-647.9395565168659,123.0,130.0,7.0,-11.167320884931744,7.815933497602116,-4475.055051671169,2508.1260439880666,58.0,158.0,57.0,151.0
pm2_tau,ETH|buy|60-75|<=2d,ETH,buy,60-75,<=2d,1462,8201.225935787113,0,14649.11257791993,21188451.092517655,359294.0445835061,1094.7055454483793,1.0,True,6.9137250825724665,133817.834748611,58.0,7.0,-51.0,-3.872141252945086,19.18968619057422,-79307.6947620244,359170.5326481363,32.0,138.0,3.0,172.0
pm2_tau,ETH|buy|60-75|>90d,ETH,buy,60-75,>90d,750,10414.979219657205,0,265730.26531250065,26644425.750061244,3235661.8752477737,1787904.713202009,1.0,True,99.73202943279416,1486.2663728683663,2.0,67.0,65.0,79.57598415818673,122.44526487666653,1266.2354904824044,1771.7181284320716,2.0,3.0,61.0,75.0
pm2_tau,ETH|buy|75-90|2-7d,ETH,buy,75-90,2-7d,899,5479.166983177723,0,20800.15662188219,13823269.072298944,895280.5647305254,10510.806047442798,1.0,True,15.047205196609056,19789.306860003107,39.0,21.0,-18.0,8.827848111976548,21.26324759243408,11336.663152607554,28225.22905353622,27.0,55.0,17.0,28.0
pm2_tau,ETH|buy|75-90|30-90d,ETH,buy,75-90,30-90d,540,9840.630718183495,0,79560.76206748885,25052029.487118468,2660882.9893577206,331416.16389971937,1.0,True,31.75821029126534,2400.6301060066135,13.0,57.0,44.0,22.630248945477792,45.789229723579005,1755.463674929642,3014.3534458035047,7.0,26.0,50.0,67.0
pm2_tau,ETH|buy|75-90|7-30d,ETH,buy,75-90,7-30d,1099,11646.41575326142,0,65632.31033142252,27386446.178037934,2781068.453294232,144814.51532809253,1.0,True,23.965252703746266,4532.163794680776,22.0,44.0,22.0,8.533848394630413,40.53974086451048,1771.6736622191863,7447.977094977449,9.0,56.0,34.0,65.0
pm2_tau,ETH|buy|75-90|<=2d,ETH,buy,75-90,<=2d,1061,5413.8154590799195,0,27689.443510860794,12888955.206285147,348485.256220795,1111.367281847397,1.0,True,21.483078393629892,249147.5497176177,26.0,4.0,-22.0,6.823832679479853,33.95958982089461,76012.8754649919,439712.1315876143,13.0,61.0,2.0,11.0
pm2_tau,ETH|buy|75-90|>90d,ETH,buy,75-90,>90d,333,1902.036182683302,0,75529.4940138134,4988573.802389307,686564.429542415,358638.3371445843,1.0,True,151.40498468247196,2106.007255531186,1.0,59.0,58.0,123.11726445409326,184.7540641261137,1619.3909310071347,2711.8377492601885,1.0,2.0,53.0,69.0
pm2_tau,ETH|buy|90-100|2-7d,ETH,buy,90-100,2-7d,473,3480.289862472201,0,-12667.38022617257,8322117.940985399,900706.2620396664,11076.760535544967,1.0,True,-15.2213418699431,-11435.997181236658,163.0,161.0,-2.0,-42.128947540095545,9.46377782958316,-33354.61242778462,6683.005694608767,54.0,174.0,37.0,169.0
pm2_tau,ETH|buy|90-100|30-90d,ETH,buy,90-100,30-90d,246,1738.7046452401582,0,27098.13358338228,5255813.031246547,760416.5574690447,100837.62495066595,1.0,True,51.55840480298684,2687.303830949989,4.0,55.0,51.0,29.458836336417573,85.60148851672517,1655.9139710471625,4086.887228294686,3.0,17.0,45.0,67.0
pm2_tau,ETH|buy|90-100|7-30d,ETH,buy,90-100,7-30d,390,5103.651350228187,0,31400.171467237382,12332363.874443773,1499300.401133671,68061.19310765395,1.0,True,25.461599890275394,4613.5205736947655,20.0,43.0,23.0,6.220984155434323,46.86881553437343,1090.052167652773,9460.966228897527,7.0,64.0,30.0,74.0
pm2_tau,ETH|buy|90-100|<=2d,ETH,buy,90-100,<=2d,1022,8058.899286115168,0,-47459.34305895321,19863799.35841931,1179256.604545936,2731.0259927727975,1.0,True,-23.892379399632564,-173778.43779058274,169.0,179.0,10.0,-37.79087873231899,5.798182013210796,-377195.2416367587,29965.910299229734,67.0,174.0,18.0,180.0
pm2_tau,ETH|buy|90-100|>90d,ETH,buy,90-100,>90d,95,1045.379234129902,0,32014.880350650084,2416691.756695751,392329.71470699407,235604.8229869862,1.0,False,132.47399161249587,1358.8380723606176,,,,,,,,,,,
pm2_tau,ETH|sell|00-10|2-7d,ETH,sell,00-10,2-7d,4955,116801.23514681435,0,29536.163264975745,298842718.7646538,29424184.679545574,315576.2321878236,1.0,True,0.9883514440998049,935.9438466011125,97.0,78.0,-19.0,0.31699454544459177,1.5001712821959907,264.3896982255426,1606.6663218231008,90.0,108.0,65.0,97.0
pm2_tau,ETH|sell|00-10|30-90d,ETH,sell,00-10,30-90d,2973,53970.7263741304,0,-14.615092505696119,125437863.32788897,9795723.827375757,1388705.8205551747,1.0,True,-0.0011651260726191518,-0.10524253797577747,107.0,107.0,0.0,-1.3723890512999657,1.2283060866552522,-120.60705215776072,112.3794621322346,94.0,122.0,100.0,117.0
pm2_tau,ETH|sell|00-10|7-30d,ETH,sell,00-10,7-30d,4306,70174.98542272062,0,17911.26567002202,173359713.66871172,16685698.01709129,679671.3007456716,1.0,True,1.0331850053842515,263.52835040072256,95.0,92.0,-3.0,0.13949383834084594,2.0693613699359243,35.57643985310746,537.83841228284,86.0,110.0,85.0,109.0
pm2_tau,ETH|sell|00-10|<=2d,ETH,sell,00-10,<=2d,9698,122416.78596230787,0,64666.67012861957,327455248.9452137,41128174.18223422,101248.29171105249,1.0,True,1.9748246619017826,6386.939378016233,88.0,38.0,-50.0,1.7293716126060985,2.211366363840397,5589.266408924259,7141.681401565101,82.0,94.0,33.0,44.0
pm2_tau,ETH|sell|00-10|>90d,ETH,sell,00-10,>90d,1259,87909.56937801171,0,-110983.98560047937,212628915.66856965,14826090.407435605,7213431.771830476,1.0,True,-5.219609254532109,-153.8573997939349,143.0,117.0,-26.0,-8.450670048789462,-1.7312364703462937,-239.7606746703467,-51.89105054819812,123.0,155.0,109.0,124.0
pm2_tau,ETH|sell|10-25|2-7d,ETH,sell,10-25,2-7d,5732,63660.02718268499,0,-3008.073502930127,162099915.07622895,20670306.468898997,243948.73542285393,1.0,True,-0.18556909801683444,-123.30760795771357,108.0,114.0,6.0,-1.6047051211373815,1.1355825839327045,-1059.3484374664895,772.7586571325969,96.0,124.0,80.0,136.0
pm2_tau,ETH|sell|10-25|30-90d,ETH,sell,10-25,30-90d,4615,54288.409561230364,0,7620.21943054683,127399032.65715903,13387579.267151512,1904351.0650827677,1.0,True,0.5981379349287094,40.0147828321541,101.0,105.0,4.0,-1.1176681441530316,2.695932591039106,-73.46886097429712,183.80607759625832,82.0,120.0,97.0,115.0
pm2_tau,ETH|sell|10-25|7-30d,ETH,sell,10-25,7-30d,6458,56041.005098997965,0,4013.410619832418,141383699.7665938,16198722.05095736,652961.6065559958,1.0,True,0.2838665720629775,61.464725943090215,103.0,104.0,1.0,-1.1295357706904432,1.4874275538931463,-246.03278385131222,319.91636562156685,92.0,120.0,92.0,121.0
pm2_tau,ETH|sell|10-25|<=2d,ETH,sell,10-25,<=2d,8045,55493.599782125704,0,-27105.72798424822,144205240.51639396,20973990.63208844,59453.96041263936,1.0,True,-1.8796631722386474,-4559.112260330734,124.0,149.0,25.0,-8.309665616807216,2.2205231047060994,-19691.319958613098,5487.791874283215,85.0,151.0,40.0,166.0
pm2_tau,ETH|sell|10-25|>90d,ETH,sell,10-25,>90d,1692,55488.25843371025,0,132932.753598892,138284517.90351763,12241313.820149792,6014344.949719432,1.0,True,9.612988902462705,221.02615448602313,49.0,95.0,46.0,-1.8963612626251323,14.768060081942457,-41.59497870740331,342.5850910646116,39.0,126.0,89.0,113.0
pm2_tau,ETH|sell|25-40|2-7d,ETH,sell,25-40,2-7d,4643,64114.624462662694,0,157048.26509700686,174752428.14976662,24819825.895424016,217715.10493872708,1.0,True,8.986900311474534,7213.475846850679,55.0,35.0,-20.0,-0.6315737844159982,15.76400258599161,-439.7234007403299,14166.798999282553,38.0,115.0,24.0,126.0
pm2_tau,ETH|sell|25-40|30-90d,ETH,sell,25-40,30-90d,4389,45504.03556657938,0,-53006.94608548793,106197634.01759343,13543456.295386918,2009888.1266700386,1.0,True,-4.991349061195321,-263.73082850789945,142.0,118.0,-24.0,-18.230127719756215,5.402380575746737,-971.2776369925407,280.0801810979996,67.0,166.0,94.0,135.0
pm2_tau,ETH|sell|25-40|7-30d,ETH,sell,25-40,7-30d,5791,49786.492339907665,0,-3662.0399833367205,124780998.63317566,16584056.74917374,656394.2267975073,1.0,True,-0.2934773742356547,-55.79025277543205,109.0,109.0,0.0,-2.7538195965674714,2.43071099386958,-533.124405216163,458.21199917296053,84.0,132.0,88.0,130.0
pm2_tau,ETH|sell|25-40|<=2d,ETH,sell,25-40,<=2d,6415,32744.8752651837,0,-57892.04545364032,86322337.3978642,13936506.497631313,40827.40907162053,1.0,True,-6.706496510493319,-14179.701031746723,149.0,164.0,15.0,-13.399550545700341,-0.2664891154114878,-27452.941220876386,-588.4963349933195,112.0,161.0,131.0,170.0
pm2_tau,ETH|sell|25-40|>90d,ETH,sell,25-40,>90d,1507,18607.14768940686,0,18165.50276098497,45517943.13919433,5935704.748907133,2832357.8310370515,1.0,True,3.990844380958665,64.1356207253438,77.0,103.0,26.0,-7.640304012800939,24.221752463538476,-120.69080054019894,406.6357843518659,24.0,150.0,90.0,116.0
pm2_tau,ETH|sell|40-60|2-7d,ETH,sell,40-60,2-7d,6033,56566.165699999656,1,-27161.267034740922,163399500.16431835,26065981.60663715,249060.64328777516,1.0,True,-1.6622613292835609,-1090.5483369910698,121.0,133.0,12.0,-4.264250405655011,0.6681320560796802,-2767.08910691688,438.4401472440653,101.0,140.0,89.0,147.0
pm2_tau,ETH|sell|40-60|30-90d,ETH,sell,40-60,30-90d,5287,34248.08263752955,0,16208.268512072847,88825623.78958902,13097100.23608101,1933064.4503842546,1.0,True,1.8247289262462312,83.84753290999153,89.0,101.0,12.0,-1.322592196894547,5.481086198547246,-62.372933432735906,244.599057615749,67.0,120.0,95.0,114.0
pm2_tau,ETH|sell|40-60|7-30d,ETH,sell,40-60,7-30d,6849,34317.020053039465,0,-133399.33024724544,88973976.97795025,13197384.356674032,556284.739636844,1.0,True,-14.99307266891136,-2398.0404412015996,162.0,143.0,-19.0,-44.56551900314404,4.647009416325049,-6978.977052039007,757.4735530188493,70.0,175.0,81.0,155.0
pm2_tau,ETH|sell|40-60|<=2d,ETH,sell,40-60,<=2d,6678,28659.097525094636,0,-17781.743008396363,74675108.248224,12590647.688957388,36812.33587034215,1.0,True,-2.3812142259357576,-4830.376173635377,129.0,152.0,23.0,-5.1850540149576405,0.43953670807796635,-10440.345150596917,895.0317509229811,105.0,143.0,79.0,161.0
pm2_tau,ETH|sell|40-60|>90d,ETH,sell,40-60,>90d,2296,19862.186400749655,0,-46323.112716152595,51693041.81900491,8399895.518228374,4194803.203482582,1.0,True,-8.961189182549118,-110.42976385088703,155.0,112.0,-43.0,-23.90798222784947,8.402583859050303,-267.0070366137413,113.83895824429095,57.0,170.0,102.0,124.0
pm2_tau,ETH|sell|60-75|2-7d,ETH,sell,60-75,2-7d,1639,8265.549900000005,0,-15259.750135092088,23237325.361946616,3926660.9501102474,38916.40353031686,1.0,True,-6.566913316143267,-3921.161451418387,148.0,147.0,-1.0,-13.696129479935543,0.03538493310835327,-8274.473045215958,20.470078246956117,109.0,162.0,109.0,158.0
pm2_tau,ETH|sell|60-75|30-90d,ETH,sell,60-75,30-90d,1080,6021.012004476628,0,8886.813398292777,14947044.623725224,2455990.61425782,343474.11502848193,1.0,True,5.945532124917102,258.73313328300895,63.0,93.0,30.0,-0.09437724278520193,12.016902148699646,-4.24274597421366,521.9438869017833,45.0,109.10000000000036,84.0,110.0
pm2_tau,ETH|sell|60-75|7-30d,ETH,sell,60-75,7-30d,1794,12111.82634221975,0,-47931.07942161157,29331556.39922435,4826602.952172023,218333.07412621233,1.0,True,-16.34113061347098,-2195.3192210312545,164.0,142.0,-22.0,-29.3034458461329,-4.417626372258182,-3834.7126206421135,-604.5337032883562,140.0,172.0,130.0,151.0
pm2_tau,ETH|sell|60-75|<=2d,ETH,sell,60-75,<=2d,1771,7940.423000760263,0,85.52624675321815,19961076.499034915,3483649.1376212034,10289.582339004688,1.0,True,0.04284651018563713,83.11925978668158,106.0,102.0,-4.0,-10.52496630997621,9.96632261292614,-20350.261900710968,19651.922885249358,52.0,157.0,22.0,165.0
pm2_tau,ETH|sell|60-75|>90d,ETH,sell,60-75,>90d,1083,7267.236724452421,0,-60203.39735323743,17623755.294760212,3419849.952143655,1953523.320040618,1.0,True,-34.160368404080565,-308.17854455909776,171.0,121.0,-50.0,-55.30109912046906,-8.032552490441956,-500.87025061603714,-73.08163987816386,152.0,177.0,111.0,132.0
pm2_tau,ETH|sell|75-90|2-7d,ETH,sell,75-90,2-7d,856,3907.230460304174,0,-11958.955140230259,10162867.218966423,1754834.8585892248,19929.846408660833,1.0,True,-11.767304327180318,-6000.525490770116,158.0,155.0,-3.0,-20.372160718828205,-3.6663379983986264,-11024.04479223871,-1857.0392852110592,135.0,168.0,141.0,161.0
pm2_tau,ETH|sell|75-90|30-90d,ETH,sell,75-90,30-90d,518,5578.073267661812,0,16545.83912375433,14776651.495642813,2592662.182312022,361611.04701263556,1.0,True,11.197285886205814,457.55900602163234,45.0,88.0,43.0,-0.29504386866105275,22.570880996905654,-12.397093214913456,968.5264420463184,26.0,112.0,76.0,110.0
pm2_tau,ETH|sell|75-90|7-30d,ETH,sell,75-90,7-30d,951,5588.4251007257735,0,-54074.65850441956,14182737.66344718,2512668.672231534,110836.22177916492,1.0,True,-38.12709491467564,-4878.789409851985,174.0,153.0,-21.0,-86.91022692764383,17.06165351941,-11752.957254647197,2024.8064553559977,35.0,179.0,61.0,162.0
pm2_tau,ETH|sell|75-90|<=2d,ETH,sell,75-90,<=2d,1210,7473.00117981294,0,11207.01487005121,18748948.747183453,3216109.107843646,6044.068203366677,1.0,True,5.977409731697505,18542.171419919883,62.0,24.0,-38.0,-18.075852781095318,20.352129663412725,-41495.096147544915,85761.32543145651,28.0,166.0,10.0,171.0
pm2_tau,ETH|sell|75-90|>90d,ETH,sell,75-90,>90d,465,2999.0822662669934,0,-127157.43279494318,8280600.204539678,1766039.6996479575,879946.4282466822,1.0,True,-153.5606473613248,-1445.0587980487392,180.0,137.0,-43.0,-200.03057755542264,-104.19771921196912,-1834.217020976473,-1047.8160717912597,179.0,181.0,132.0,145.0
pm2_tau,ETH|sell|90-100|2-7d,ETH,sell,90-100,2-7d,458,2234.429108509112,0,-3221.3299977906836,6096168.092591504,1057909.4547208217,11465.516744866618,1.0,True,-5.284188278380106,-2809.5811723731936,144.0,144.0,0.0,-23.493247760102733,16.5107683857183,-11451.479284631208,9628.929700883295,37.0,168.0,31.0,161.0
pm2_tau,ETH|sell|90-100|30-90d,ETH,sell,90-100,30-90d,273,3038.168298974756,0,-39551.40184825859,9133693.341090983,1727729.283951084,261942.97819256788,1.0,True,-43.30274771797225,-1509.9241110094695,176.0,138.0,-38.0,-74.15368929302807,-13.19855682340303,-2559.7251754996732,-519.3184499858237,161.0,178.0,128.0,147.0
pm2_tau,ETH|sell|90-100|7-30d,ETH,sell,90-100,7-30d,489,3663.1616539755287,0,6340.71311939082,9202210.997486243,1660591.4997951915,73807.42390028533,1.0,True,6.890423530956751,859.08879951659,59.0,79.0,20.0,-12.230593727371717,21.98251150851704,-1498.3027476803768,2834.847629906764,27.0,159.0,54.0,139.0
pm2_tau,ETH|sell|90-100|<=2d,ETH,sell,90-100,<=2d,1109,9176.693279676294,0,-11866.794955690217,21110222.628893092,3784571.3938946403,9108.58810260549,1.0,True,-5.621349980197935,-13028.13874336435,145.0,163.0,18.0,-13.04183194458795,4.528044447652408,-30096.23690536318,11017.53572888116,73.0,161.0,29.0,169.0
pm2_tau,ETH|sell|90-100|>90d,ETH,sell,90-100,>90d,227,1825.1336398571682,0,-87077.76390284179,5149814.976383944,1071450.9623674303,631112.2175221259,1.0,True,-169.0891115548104,-1379.7508824140134,181.0,136.0,-45.0,-205.99749880360665,-127.66790070892569,-1896.1891946925998,-951.5303588598404,180.0,181.0,132.0,145.0
pm2_tau,HYPE|buy|00-10|2-7d,HYPE,buy,00-10,2-7d,216,240778.839,0,32216.628831161343,16949389.909338817,46358.95733734491,733.4665337885688,1.0,True,19.00754481635386,439237.8840347773,32.0,2.0,-30.0,5.049211303286394,27.254381912676173,119784.86799639986,608984.8248986165,20.0,69.0,1.0,7.0
pm2_tau,HYPE|buy|00-10|30-90d,HYPE,buy,00-10,30-90d,186,926521.12,4,178413.99405237412,46836625.391097955,399395.5994636912,67436.5601211366,1.0,False,38.092837082640145,26456.568029550774,,,,,,,,,,,
pm2_tau,HYPE|buy|00-10|7-30d,HYPE,buy,00-10,7-30d,485,238303.1686,0,12419.560068041335,13550367.099809268,60282.92741026355,2918.4721824433177,1.0,True,9.16547867416533,42555.005810073526,53.0,12.0,-41.0,5.540038069010335,12.610128446086547,17508.261339441826,82105.80277266793,43.0,68.0,10.0,23.0
pm2_tau,HYPE|buy|00-10|<=2d,HYPE,buy,00-10,<=2d,181,41723.0,0,-892.0788524002757,2240544.8994181277,4013.2280329951204,14.161451095078366,1.0,False,-3.981526335990632,-629934.63481317,,,,,,,,,,,
pm2_tau,HYPE|buy|00-10|>90d,HYPE,buy,00-10,>90d,196,67615.44,1,31148.179656834505,5592061.689083756,38090.208671999884,12740.2170486334,1.0,False,55.70070823367124,24448.704082459622,,,,,,,,,,,
pm2_tau,HYPE|buy|10-25|2-7d,HYPE,buy,10-25,2-7d,1329,840716.6448156161,0,114866.59957255353,48018849.47311279,514489.4479847114,7595.878521639019,1.0,True,23.921147806107022,151222.2704000905,23.0,6.0,-17.0,18.575458586295095,29.24699211531,118289.19218600664,191979.76804824817,17.0,33.0,4.0,9.0
pm2_tau,HYPE|buy|10-25|30-90d,HYPE,buy,10-25,30-90d,1554,1331089.4059496867,0,154401.76373642494,72712401.00495721,2117384.2808818785,283587.92155405914,1.0,True,21.234584692905205,5444.581803424657,27.0,41.0,14.0,12.087111794606574,31.239268500449302,3005.922714287537,8136.920852886082,16.0,46.0,32.0,53.0
pm2_tau,HYPE|buy|10-25|7-30d,HYPE,buy,10-25,7-30d,3225,1765183.4789893222,0,231581.24207121198,97121301.96090691,1688646.0681135796,83907.4340126755,1.0,True,23.844536409162597,27599.609593141424,24.0,17.0,-7.0,17.56071047636665,30.3656953942749,18177.664299306914,39988.209540923584,16.0,35.0,14.0,23.0
pm2_tau,HYPE|buy|10-25|<=2d,HYPE,buy,10-25,<=2d,610,666964.7343000001,0,-13857.277246816118,43238338.69596843,250122.9753690175,977.424282357716,1.0,True,-3.204858850904043,-141773.40891705675,134.0,175.0,41.0,-10.744615407032084,5.522140230527417,-439573.2583636057,226100.29568522147,68.0,158.0,5.0,180.0
pm2_tau,HYPE|buy|10-25|>90d,HYPE,buy,10-25,>90d,761,814098.5860000001,0,220869.3166618409,50312146.30953407,2352850.6932572164,1068897.606261574,1.0,True,43.899800120430655,2066.3281063405348,6.0,60.0,54.0,18.510903502772646,65.95381449275493,853.6445551756776,3264.9917735966987,4.0,32.0,51.0,79.0
pm2_tau,HYPE|buy|25-40|2-7d,HYPE,buy,25-40,2-7d,1522,1099165.3947580706,0,172594.7406684047,60125902.284704655,1178944.5270005988,16654.903118556533,1.0,True,28.705555195021304,103629.98778185829,14.0,8.0,-6.0,21.884524416420895,36.5902671525754,75936.50817608669,139916.76932761178,11.0,27.0,6.0,12.0
pm2_tau,HYPE|buy|25-40|30-90d,HYPE,buy,25-40,30-90d,1320,2221096.55,0,334407.1303539116,121168536.36473154,7693413.874757223,1209495.3616579645,1.0,True,27.598511988896757,2764.848390121228,18.0,54.0,36.0,3.74256760784495,42.392244405533376,364.79036796643646,4399.336535402419,8.0,77.0,44.0,93.0
pm2_tau,HYPE|buy|25-40|7-30d,HYPE,buy,25-40,7-30d,3682,3136372.274009669,0,455576.11329303245,159449466.58195916,5817663.96320852,242836.1705575978,1.0,True,28.571817959570296,18760.636533138513,15.0,23.0,8.0,14.229553022265291,42.45127003195065,9142.574424366705,29548.5890664641,9.0,41.0,17.0,31.0
pm2_tau,HYPE|buy|25-40|<=2d,HYPE,buy,25-40,<=2d,661,297105.3499,0,19211.728908989637,16224856.012202786,169093.73094648268,730.0141789495934,1.0,True,11.840924131801485,263169.2570222829,43.0,3.0,-40.0,3.921544099575518,21.598419654637723,77384.37606615375,560679.2124958377,27.0,75.0,1.0,11.0
pm2_tau,HYPE|buy|25-40|>90d,HYPE,buy,25-40,>90d,641,707245.6252954319,0,108762.81500376835,38325208.09569437,3493250.859146566,1399932.3240193904,1.0,True,28.378923535704757,776.9148060778821,16.0,80.0,64.0,-4.377614732924744,72.33467375304166,-118.43623313595903,1992.3932349883917,4.0,139.10000000000036,62.0,116.0
pm2_tau,HYPE|buy|40-60|2-7d,HYPE,buy,40-60,2-7d,1594,747157.1891,0,120164.11541879136,37806932.730523944,1321277.202312088,20088.272028437954,1.0,True,31.783619230706655,59818.044702242725,12.0,11.0,-1.0,22.87724254748274,40.910516803441276,44136.742374725094,75296.01899992634,9.0,25.0,10.0,16.0
pm2_tau,HYPE|buy|40-60|30-90d,HYPE,buy,40-60,30-90d,1229,712772.4800000001,0,74022.74044954445,35727953.87697373,3883202.398611713,643900.9422174009,1.0,True,20.718438202320698,1149.5982626556258,29.0,73.0,44.0,0.3114608215075988,37.58715702286475,18.980201953642165,1977.845390027765,11.0,106.0,61.0,108.0
pm2_tau,HYPE|buy|40-60|7-30d,HYPE,buy,40-60,7-30d,2850,2387897.8559115394,0,257339.51685336806,130525092.8082182,8520640.417876018,401719.89050985384,1.0,True,19.715712229485217,6405.944115108628,31.0,37.0,6.0,7.811894257557664,33.11325997226122,2319.570853968711,12146.390469809594,14.0,58.0,26.0,59.0
pm2_tau,HYPE|buy|40-60|<=2d,HYPE,buy,40-60,<=2d,631,312308.5,0,4330.9886041414165,16373270.56645216,291838.6202285479,1222.9841920519095,1.0,True,2.6451579032813086,35413.283608146485,82.0,14.0,-68.0,-4.1589336982892595,14.492534747097595,-61656.8039993098,227068.0328447189,41.0,139.0,5.0,172.0
pm2_tau,HYPE|buy|40-60|>90d,HYPE,buy,40-60,>90d,473,404024.9517235621,0,62826.74999553084,22352507.79022486,2680046.9088847646,866942.0777295369,1.0,True,28.107248898043583,724.6937437858579,17.0,81.0,64.0,-3.0956809760608994,52.10606575593227,-71.57824168388959,1422.1631538583952,6.0,132.0,69.0,112.0
pm2_tau,HYPE|buy|60-75|2-7d,HYPE,buy,60-75,2-7d,598,340441.6061173347,0,-2372.2444233653564,19890644.380103793,1193424.747064646,13295.676202790228,1.0,True,-1.1926433241842402,-1784.2224699090655,116.0,139.0,23.0,-20.349833208566093,58.47992378606983,-42428.54061780056,54572.88958617418,6.0,168.0,13.0,171.0
pm2_tau,HYPE|buy|60-75|30-90d,HYPE,buy,60-75,30-90d,288,323640.50000000006,0,-17384.63664816757,16086607.924065053,2499117.921278648,396021.55875476584,1.0,True,-10.806900205580758,-438.9820772089054,157.0,127.0,-30.0,-47.094773404719874,26.216397108931478,-1801.0811069957904,1065.8226952133002,22.0,175.0,75.89999999999986,142.0
pm2_tau,HYPE|buy|60-75|7-30d,HYPE,buy,60-75,7-30d,1034,777642.4474711823,0,96971.34920737275,37148326.960239545,3898175.8324881266,180501.80652792534,1.0,True,26.10382677829953,5372.320148628007,19.0,42.0,23.0,9.895382683837273,44.0086897608001,2145.3240480920977,8800.79738324351,8.0,51.0,31.0,60.0
pm2_tau,HYPE|buy|60-75|<=2d,HYPE,buy,60-75,<=2d,335,242733.0,0,14196.541091035242,12524345.505846024,361616.43462632765,1576.3092646571654,1.0,True,11.335156064170125,90061.90225065305,44.0,10.0,-34.0,-11.601671961622124,80.12704001039194,-89111.3882522365,721161.5770455013,3.0,159.0,1.0,174.0
pm2_tau,HYPE|buy|60-75|>90d,HYPE,buy,60-75,>90d,189,225064.1117235621,0,19465.10273330823,14639249.865616588,2504886.5772495368,851927.5145873632,1.0,False,13.296516496399308,228.48308570872118,,,,,,,,,,,
pm2_tau,HYPE|buy|75-90|2-7d,HYPE,buy,75-90,2-7d,203,188741.05574649255,0,16687.558831560844,13153096.572728217,1184236.0769469985,8579.220478629619,1.0,True,12.687171221840659,19451.136467618082,42.0,22.0,-20.0,8.089566895352739,57.8028321658697,13547.494231957531,51004.51578853897,5.0,58.0,13.0,26.0
pm2_tau,HYPE|buy|75-90|30-90d,HYPE,buy,75-90,30-90d,218,97515.8,0,19382.345819161437,5547885.971085027,994446.3490175903,117884.99773797723,1.0,True,34.936453128597265,1644.1740841563692,9.0,66.0,57.0,7.508974662278641,69.83722550079038,343.8032261447717,3534.7122254883516,4.0,59.0,49.0,92.0
pm2_tau,HYPE|buy|75-90|7-30d,HYPE,buy,75-90,7-30d,736,616316.6828295654,0,105810.5441870752,29994681.897750992,4138964.131916039,188256.87890841847,1.0,True,35.276434851942504,5620.540657032191,8.0,39.0,31.0,4.346203212477698,62.45910540260246,701.5842204498537,9682.98500785766,4.0,72.0,30.0,82.0
pm2_tau,HYPE|buy|75-90|<=2d,HYPE,buy,75-90,<=2d,255,129417.43853381717,0,-8391.674711045516,4799263.329509262,392155.61264305393,1433.788104443345,1.0,True,-17.485339175801357,-58527.99786132628,166.0,171.0,5.0,-38.46797335374881,27.663177410868627,-114013.7853779183,243063.2984127015,19.0,174.0,4.0,176.0
pm2_tau,HYPE|buy|75-90|>90d,HYPE,buy,75-90,>90d,51,124303.0,0,86237.18904161266,8695822.927976971,1679504.3074004797,515506.4915226469,1.0,False,99.17082000849251,1672.8632996821175,,,,,,,,,,,
pm2_tau,HYPE|buy|90-100|2-7d,HYPE,buy,90-100,2-7d,131,26348.177435110887,0,6711.044598912704,1742415.613524028,259687.59119118282,2904.808401388634,1.0,False,38.51575104598406,23103.226346028576,,,,,,,,,,,
pm2_tau,HYPE|buy|90-100|30-90d,HYPE,buy,90-100,30-90d,25,29859.16,0,22647.108188593567,2003909.811793329,452815.40865902463,95320.35519409468,1.0,False,113.0146080193416,2375.8942297769163,,,,,,,,,,,
pm2_tau,HYPE|buy|90-100|7-30d,HYPE,buy,90-100,7-30d,99,92673.0,0,38070.68203396223,6996407.942538326,1402457.5105459807,58738.546359128304,1.0,False,54.41461153585911,6481.37967208067,,,,,,,,,,,
pm2_tau,HYPE|buy|90-100|<=2d,HYPE,buy,90-100,<=2d,146,30686.704319381675,0,-588.8540583127258,1553731.4057431093,177003.61541180676,237.3557045714557,1.0,False,-3.789934709024512,-24808.92799167807,,,,,,,,,,,
pm2_tau,HYPE|buy|90-100|>90d,HYPE,buy,90-100,>90d,8,15820.0,0,7528.6933491091095,955641.2577610668,249733.6793394569,84731.33502262914,1.0,False,78.78158553710604,888.5370857308487,,,,,,,,,,,
pm2_tau,HYPE|sell|00-10|2-7d,HYPE,sell,00-10,2-7d,439,257146.83544480367,0,9809.700606185052,17623298.023137182,3686699.777580796,48381.28746620666,1.0,True,5.566325096078012,2027.5815547564598,69.0,62.0,-7.0,2.1416871460988993,10.442268635046128,766.3883258231333,3948.668957784112,50.0,87.0,47.0,82.0
pm2_tau,HYPE|sell|00-10|30-90d,HYPE,sell,00-10,30-90d,450,360342.00815227383,0,-17350.93894959654,20874509.31913908,4442087.2521806685,528192.8276910589,1.0,True,-8.312022421378831,-328.49629983512654,152.0,123.0,-29.0,-12.920252060941374,-2.8150176327894165,-526.348100287688,-123.74880522904354,132.0,161.0,114.0,132.0
pm2_tau,HYPE|sell|00-10|7-30d,HYPE,sell,00-10,7-30d,685,262242.7688180837,0,1834.5903743642978,15678097.547881149,3167002.0708850008,139766.665212498,1.0,True,1.1701613469117862,131.26093919283466,93.0,97.0,4.0,-1.8546523815666627,4.6105052968669975,-195.78153087498998,541.6318109881104,70.0,126.0,85.0,119.0
pm2_tau,HYPE|sell|00-10|<=2d,HYPE,sell,00-10,<=2d,506,272085.82325367164,0,7736.876631882691,12339266.906445906,3992185.143525117,9786.592239262513,1.0,True,6.270126653829838,7905.588015451759,61.0,32.0,-29.0,4.334941817958812,8.706816752596696,5280.207448038018,11432.795949404845,54.0,74.0,27.0,43.0
pm2_tau,HYPE|sell|00-10|>90d,HYPE,sell,00-10,>90d,149,220096.8434997073,0,-26006.52678361446,15172607.717670321,1616138.7699638943,589707.336806513,1.0,False,-17.140446301347882,-441.0073465331054,,,,,,,,,,,
pm2_tau,HYPE|sell|10-25|2-7d,HYPE,sell,10-25,2-7d,806,276804.0565596901,0,9446.867588099085,16709187.952048501,4078840.406891608,55372.22608518195,1.0,True,5.653696406557522,1706.0660652447818,68.0,65.0,-3.0,-1.9577937482924728,13.354349546114047,-576.8222839860287,4180.631579074908,43.0,125.0,46.0,130.0
pm2_tau,HYPE|sell|10-25|30-90d,HYPE,sell,10-25,30-90d,1187,1470086.94,0,-126820.08945055566,76135092.9082061,19540414.740413304,3072057.5993538075,1.0,True,-16.657244984708825,-412.8180717615179,165.0,126.0,-39.0,-29.509833549070425,-4.083634453131275,-785.6429846779544,-111.13497279866743,138.0,172.0,113.89999999999986,135.0
pm2_tau,HYPE|sell|10-25|7-30d,HYPE,sell,10-25,7-30d,1755,1320103.308729277,0,-9689.375757346996,74169416.58267108,19558178.80415394,866897.1149628378,1.0,True,-1.306384248896845,-111.77076945010205,119.0,113.0,-6.0,-11.217321529892937,7.651999642844808,-919.5484789966957,722.9828810491414,59.0,158.0,82.0,135.0
pm2_tau,HYPE|sell|10-25|<=2d,HYPE,sell,10-25,<=2d,788,324095.0,0,6854.084427176393,15173703.749546627,5078203.352715625,15786.46887722188,1.0,True,4.517080694541162,4341.746390838596,74.0,46.0,-28.0,-1.9573614567273425,10.734543263020598,-1698.7198733234975,11597.591515711923,49.0,125.0,27.0,140.0
pm2_tau,HYPE|sell|10-25|>90d,HYPE,sell,10-25,>90d,467,422184.0695248364,0,-105873.07581349298,27618956.914338212,4801476.207314442,1789573.2421306155,1.0,True,-38.33348092828575,-591.6107445115991,175.0,129.0,-46.0,-77.88954403046553,-10.986174442843938,-1203.058288266135,-166.3421000954348,158.0,178.0,117.0,139.0
pm2_tau,HYPE|sell|25-40|2-7d,HYPE,sell,25-40,2-7d,826,583851.6068194897,1,33612.64487551172,36271323.17258655,10172622.930624492,120856.7767717173,1.0,True,9.267002671938853,2781.1965347215596,52.0,53.0,1.0,-7.151828684661573,20.71385686973061,-2009.2217771056005,7889.373067502312,28.0,149.0,33.0,143.0
pm2_tau,HYPE|sell|25-40|30-90d,HYPE,sell,25-40,30-90d,980,1358125.6,0,-3195.75374757487,78852695.64756235,19781543.36490156,3265891.373147714,1.0,True,-0.4052814835726752,-9.785242013407064,110.0,108.0,-2.0,-24.168692654434565,31.03407021586557,-630.3272514646853,699.0188101180046,16.0,169.0,81.0,132.0
pm2_tau,HYPE|sell|25-40|7-30d,HYPE,sell,25-40,7-30d,1635,1288531.3308535074,0,-102507.53270296573,77487524.64428084,19850026.084382307,872734.7535069544,1.0,True,-13.22890790143876,-1174.5554109201507,160.0,134.0,-26.0,-28.303586814066886,1.5387384078427493,-2655.7549598980163,146.502275486993,92.0,170.0,101.0,147.0
pm2_tau,HYPE|sell|25-40|<=2d,HYPE,sell,25-40,<=2d,959,608938.0285338172,0,-17675.23366894707,28577138.18199381,9990432.15825107,38305.25802187055,1.0,True,-6.185095777044627,-4614.310040374959,146.0,151.0,5.0,-13.250318043149012,3.1487029857880304,-11098.147991810092,2670.6287004244105,79.0,161.0,56.0,161.0
pm2_tau,HYPE|sell|25-40|>90d,HYPE,sell,25-40,>90d,496,939838.876408579,0,14853.278188689424,50675152.598963894,14478144.870159121,5771077.259464943,1.0,True,2.931077150617819,25.737444710741105,79.0,106.0,27.0,-20.7854449285443,26.675184742447758,-181.91597622213004,239.1242858905382,21.0,167.0,95.0,119.0
pm2_tau,HYPE|sell|40-60|2-7d,HYPE,sell,40-60,2-7d,955,241685.2393999999,0,5787.26645945119,11730354.30138622,3696387.4500248185,47521.863956377565,1.0,True,4.933581979503625,1217.8113351706027,72.0,70.0,-2.0,-5.792555168797415,16.89600149363456,-1394.0985011755001,4328.184664649502,35.0,145.0,45.0,138.0
pm2_tau,HYPE|sell|40-60|30-90d,HYPE,sell,40-60,30-90d,1142,1608187.63,0,114226.43810479007,81924997.88940117,25920539.61296006,4168282.825470325,1.0,True,13.942806353073806,274.0371584356237,40.0,91.0,51.0,-4.354414811601769,35.772419104243454,-85.05843660746648,717.5938447462341,12.0,139.0,81.0,113.0
pm2_tau,HYPE|sell|40-60|7-30d,HYPE,sell,40-60,7-30d,1487,1845657.5632022247,0,166551.88626025335,93724842.42970918,30469120.744158693,1229089.9579462998,1.0,True,17.77030314936643,1355.0829634841925,34.0,68.0,34.0,-4.61374038980132,37.79423335141126,-369.02905272577965,2867.7214112726833,10.0,141.0,53.0,126.0
pm2_tau,HYPE|sell|40-60|<=2d,HYPE,sell,40-60,<=2d,1055,251157.9037,0,11500.421268437105,11131846.194635203,3829773.56134568,10257.340303725952,1.0,True,10.33109968226073,11211.8940465099,47.0,26.0,-21.0,-0.05086801787531606,20.183724943215577,-52.05040053820718,23077.628762810982,30.0,109.0,19.0,112.0
pm2_tau,HYPE|sell|40-60|>90d,HYPE,sell,40-60,>90d,582,446882.04,0,65566.06091875226,26434748.325285982,8101931.54126337,3194550.3544396255,1.0,True,24.802982843621585,205.24347292767462,21.0,96.0,75.0,-0.14159141059431105,56.87483262947791,-1.1885416661280175,480.5526770428706,5.0,110.0,86.0,111.0
pm2_tau,HYPE|sell|60-75|2-7d,HYPE,sell,60-75,2-7d,263,69056.019,0,-22809.7368447181,2864158.4692782513,1026191.6670593922,11907.149148604392,1.0,True,-79.63852939486969,-19156.337558257237,179.0,166.0,-13.0,-153.51697737806782,-18.233775339031457,-34630.304130918455,-4424.511166410991,167.0,180.0,151.0,169.0
pm2_tau,HYPE|sell|60-75|30-90d,HYPE,sell,60-75,30-90d,160,90205.765,0,-26401.274343311037,4703422.652323902,1620479.2438475173,198421.55614432064,1.0,False,-56.132047436278135,-1330.5648265407335,,,,,,,,,,,
pm2_tau,HYPE|sell|60-75|7-30d,HYPE,sell,60-75,7-30d,255,244720.57349999997,0,-12128.110138488046,14217196.63898505,4817122.807248911,138530.3583265706,1.0,True,-8.530591822322757,-875.4839217189718,153.0,132.0,-21.0,-84.89358327126243,90.83387452659473,-8478.142795230377,9723.870808648424,3.0,178.0,31.0,158.0
pm2_tau,HYPE|sell|60-75|<=2d,HYPE,sell,60-75,<=2d,197,45060.3,0,-2270.6951016751245,1961438.714600365,708627.9871792325,1849.0316312086347,1.0,False,-11.576681365432156,-12280.455690154235,,,,,,,,,,,
pm2_tau,HYPE|sell|60-75|>90d,HYPE,sell,60-75,>90d,204,196799.48313556152,0,56642.38159611183,11264975.545602487,3889493.558290228,1202349.559991089,1.0,True,50.2818504725679,471.09745352700617,5.0,87.0,82.0,-16.569464620854117,140.75484277099739,-141.66364230176947,1365.0219207859186,2.0,163.0,69.0,116.0
pm2_tau,HYPE|sell|75-90|2-7d,HYPE,sell,75-90,2-7d,162,26282.446781150546,0,1371.5907403457193,1589919.8805116126,477770.8330479762,6206.551679091968,1.0,False,8.626791558228467,2209.9078703657647,,,,,,,,,,,
pm2_tau,HYPE|sell|75-90|30-90d,HYPE,sell,75-90,30-90d,104,34505.37247765609,0,-7145.005816873126,2038720.8735607064,628852.0981425565,84805.67893516272,1.0,False,-35.046513279643285,-842.5150186387593,,,,,,,,,,,
pm2_tau,HYPE|sell|75-90|7-30d,HYPE,sell,75-90,7-30d,269,166704.45947260284,0,-66042.78085671061,8890662.225416668,3124403.965617558,103791.6496823988,1.0,True,-74.28330891697493,-6363.0148531987625,178.0,156.0,-22.0,-130.2716477587919,57.71058953678729,-10823.758373312483,5108.243887982444,6.0,179.0,43.0,162.0
pm2_tau,HYPE|sell|75-90|<=2d,HYPE,sell,75-90,<=2d,240,112302.0,0,-23668.579253935015,3843216.7041143994,1481940.8805460096,5266.004665983963,1.0,True,-61.58533612896808,-44945.9899016487,177.0,170.0,-7.0,-84.34805923941578,5.755450312607196,-55124.07300401165,7223.462935406714,67.0,178.0,36.899999999999864,173.0
pm2_tau,HYPE|sell|75-90|>90d,HYPE,sell,75-90,>90d,47,21457.0,0,12927.603901824246,1221473.3313136173,421742.4497836105,180569.35244635743,1.0,False,105.83615352388763,715.9356627623013,,,,,,,,,,,
pm2_tau,HYPE|sell|90-100|2-7d,HYPE,sell,90-100,2-7d,76,168351.759,0,5133.1139176080615,12111354.13446895,3700925.1432925733,25360.25641101391,1.0,False,4.238265895470106,2024.0780828141628,,,,,,,,,,,
pm2_tau,HYPE|sell|90-100|30-90d,HYPE,sell,90-100,30-90d,44,9009.0,0,-2792.942111472703,671023.2055382706,201047.96379252942,28556.324222792187,1.0,False,-41.62213897256065,-978.0467856025813,,,,,,,,,,,
pm2_tau,HYPE|sell|90-100|7-30d,HYPE,sell,90-100,7-30d,94,76307.09000168307,0,81861.97913695022,4170685.1889897296,1502746.9868599183,37700.36331562048,1.0,False,196.27944912519217,21713.843564746803,,,,,,,,,,,
pm2_tau,HYPE|sell|90-100|<=2d,HYPE,sell,90-100,<=2d,175,40780.90613262388,0,-8821.522820873002,2191114.9678887525,737540.1413598892,777.0117262693584,1.0,False,-40.26042882347235,-113531.39885323866,,,,,,,,,,,
pm2_tau,HYPE|sell|90-100|>90d,HYPE,sell,90-100,>90d,27,12329.467658247022,0,509.20787895713653,586641.1587163773,244790.99366719596,107977.72416800857,1.0,False,8.680057159155494,47.15860450668802,,,,,,,,,,,
pm2_holding,BTC|buy|00-10|2-7d,BTC,buy,00-10,2-7d,2259,3724.674916955914,0,68127.87167872435,275494476.7852959,310449.86436221877,310449.86436221877,581.6399377884297,True,2.4729305819012546,1276402.2663136893,85.0,1.0,-84.0,1.1515663108331504,3.81123876214118,597682.1586987309,2090976.0397569528,73.0,98.0,1.0,6.0
pm2_holding,BTC|buy|00-10|30-90d,BTC,buy,00-10,30-90d,1061,3691.3077370665183,2,182379.86144893864,268896760.6410184,1095682.1592089878,1095682.1592089878,589.6578853414281,True,6.782523560870216,981504.7413793982,60.0,3.0,-57.0,5.204047005065262,8.194419975737297,719364.2489497359,1323284.6555030171,55.0,71.0,1.0,5.0
pm2_holding,BTC|buy|00-10|7-30d,BTC,buy,00-10,7-30d,2003,4213.8085279094985,7,88280.0253567816,305339501.18033373,578558.3572326835,578558.3572326835,408.2659880875815,True,2.891208802514004,622957.586388956,80.0,6.0,-74.0,1.931144338612762,3.9920248781829617,422746.056446464,831741.3057959379,72.0,90.0,4.0,9.0
pm2_holding,BTC|buy|00-10|<=2d,BTC,buy,00-10,<=2d,2209,2196.407384557396,0,-29564.44948030354,166832040.98966768,121893.99913402354,121893.99913402354,768.6184662165862,True,-1.7721086012569098,-1864224.8162769405,122.0,180.0,58.0,-3.0666277602763667,-0.6641050199389604,-2782876.5142453015,-810631.5322155578,114.0,134.0,180.0,181.0
pm2_holding,BTC|buy|00-10|>90d,BTC,buy,00-10,>90d,423,1694.2726089303912,2,152334.16823279145,117117563.05310363,499009.34618057834,499009.34618057834,330.4453316675267,True,13.006944839154471,1008760.9607168669,41.0,2.0,-39.0,3.6720145491472946,18.27689877812377,206672.59479536884,3050133.133567558,32.0,76.0,1.0,14.0
pm2_holding,BTC|buy|10-25|2-7d,BTC,buy,10-25,2-7d,3418,5924.722609999993,0,64528.10715373823,440901313.04863405,1817233.1035535592,1817233.1035535592,594.204149010121,True,1.4635498975395518,210995.8756724291,90.0,14.0,-76.0,-1.8435689514808746,4.768895727561433,-231464.4666260278,789521.539443861,69.0,126.0,4.0,174.0
pm2_holding,BTC|buy|10-25|30-90d,BTC,buy,10-25,30-90d,1961,3754.4555819764687,0,220211.06749440214,275977039.4202416,3240308.9286515303,3240308.9286515303,396.5632632484724,True,7.979325669882185,269503.99314349174,56.0,11.0,-45.0,5.726126371139343,9.925402104109692,181151.10929932428,350460.33609968453,50.0,68.0,9.0,17.0
pm2_holding,BTC|buy|10-25|7-30d,BTC,buy,10-25,7-30d,3444,5084.8181825111515,0,107556.23430528959,378462278.6703313,2738178.7251323005,2738178.7251323005,392.9425367293617,True,2.8419274619169914,154348.65212071224,81.0,18.0,-63.0,1.5342116106824728,4.134916868508419,79004.76192279444,234604.33760234562,71.0,93.0,13.0,26.0
pm2_holding,BTC|buy|10-25|<=2d,BTC,buy,10-25,<=2d,2872,1681.7235419999727,0,-11369.225317826103,128269907.61394277,265053.1955102544,265053.1955102544,743.7004496840801,True,-0.8863517195353686,-319003.8122403917,114.0,176.0,62.0,-2.037659757913748,0.22547836805206864,-713802.599504992,83025.24061170961,105.0,129.0,27.0,179.0
pm2_holding,BTC|buy|10-25|>90d,BTC,buy,10-25,>90d,625,1851.8525112313132,2,242724.43733266953,141349254.55823362,2782943.317583294,2782943.317583294,367.26492277877674,True,17.171964443057675,320323.34676121845,35.0,9.0,-26.0,11.978022000626437,19.67145148526695,189053.93407007065,392040.2979121467,29.0,47.0,8.0,16.0
pm2_holding,BTC|buy|25-40|2-7d,BTC,buy,25-40,2-7d,1724,1899.9409219132874,0,-16616.329336433017,133827552.6527516,1252106.7488281757,1252106.7488281757,416.16356482289103,True,-1.2416224467280037,-55227.80591505378,117.0,160.0,43.0,-6.1103324067551315,1.1774485454119683,-279111.9436998534,51339.13278990651,96.0,147.0,33.0,175.0
pm2_holding,BTC|buy|25-40|30-90d,BTC,buy,25-40,30-90d,1842,1392.6729665783673,0,10417.17129486432,111069968.91094509,3333961.5478767864,3333961.5478767864,448.61899096370735,True,0.9378926992602937,14017.380848241388,99.0,56.0,-43.0,-2.2868625589712455,4.4232565495913025,-34237.74674050875,65905.34437653914,71.0,128.0,28.899999999999864,157.0
pm2_holding,BTC|buy|25-40|7-30d,BTC,buy,25-40,7-30d,2690,4536.390241060661,0,32772.29887960242,338134097.1451472,6168371.115461041,6168371.115461041,607.8521170739831,True,0.9692101197808101,32294.929864735815,98.0,40.0,-58.0,-2.3264236770274627,3.3902638917449566,-85449.37330276937,106589.04842978319,76.0,129.0,23.0,166.0
pm2_holding,BTC|buy|25-40|<=2d,BTC,buy,25-40,<=2d,2174,1052.1942770000005,0,-18624.69166470446,82702907.66400895,411154.76135014213,411154.76135014213,752.1570421475835,True,-2.2519996201789705,-340715.8158021418,128.0,177.0,49.0,-4.064415294890217,-0.3224424983495336,-621796.772268635,-48341.95032930896,111.0,140.0,161.0,179.0
pm2_holding,BTC|buy|25-40|>90d,BTC,buy,25-40,>90d,542,610.9403282354809,1,51955.66328836472,51397764.859522216,1997209.6497493726,1997209.6497493726,325.5237364773873,True,10.108545270473789,84682.15465968667,48.0,25.0,-23.0,5.499419761238951,17.208633568744467,51114.7022760565,121726.9283769562,35.0,68.0,21.0,33.0
pm2_holding,BTC|buy|40-60|2-7d,BTC,buy,40-60,2-7d,2085,2462.631527725737,0,-140977.92638966074,191229795.91991636,3404531.4494820386,3404531.4494820386,353.95655546935615,True,-7.372173656907514,-146569.5411028983,151.0,170.0,19.0,-10.478200282047164,-3.691954740481898,-210106.6829981713,-73469.00734232464,135.0,159.0,165.0,174.0
pm2_holding,BTC|buy|40-60|30-90d,BTC,buy,40-60,30-90d,1968,2656.1469040851057,0,-285686.3793151727,218884824.5583354,11796149.757707244,11796149.757707244,485.67459535987825,True,-13.051904347029497,-117623.6479899467,159.0,169.0,10.0,-31.05024624371257,-1.8613355501750641,-278962.4266004226,-16855.068978214298,126.0,172.0,148.0,175.0
pm2_holding,BTC|buy|40-60|7-30d,BTC,buy,40-60,7-30d,2595,2317.112974460847,1,-69960.79848304378,181338842.68358234,6017005.42536595,6017005.42536595,523.7968816147295,True,-3.8580150533506044,-60902.800463182386,139.0,163.0,24.0,-7.689221242603771,-0.4492785415998924,-127882.90638194347,-6953.906159552961,113.0,151.0,135.0,170.0
pm2_holding,BTC|buy|40-60|<=2d,BTC,buy,40-60,<=2d,2355,1181.472832522489,0,-33989.29965669814,94474957.04452208,834158.9700674353,834158.9700674353,735.406710132897,True,-3.5977046955078698,-299654.6214474305,138.0,175.0,37.0,-6.579589655928893,-0.5081157054617512,-569844.9948958525,-41371.9050772304,113.0,149.0,159.0,179.0
pm2_holding,BTC|buy|40-60|>90d,BTC,buy,40-60,>90d,617,424.9740583570257,0,53607.90746759576,34239996.33974138,2545886.433081484,2545886.433081484,876.379998367292,True,15.65651670510683,184536.50268311807,38.0,15.0,-23.0,11.386715483152498,20.6719632798914,133188.66752218537,241063.3019701913,28.0,48.0,12.0,21.0
pm2_holding,BTC|buy|60-75|2-7d,BTC,buy,60-75,2-7d,942,977.942774747913,0,-27339.42229389856,77082232.24172649,2196401.157411085,2196401.157411085,463.2314774038224,True,-3.5467865289841805,-57660.145269169996,137.0,161.0,24.0,-8.903437311732993,1.5693711732019682,-151005.78016090224,24923.914083917476,92.0,154.0,44.0,171.0
pm2_holding,BTC|buy|60-75|30-90d,BTC,buy,60-75,30-90d,566,1121.7226745889857,0,195470.0379779214,84834145.49823053,5446842.578639535,5446842.578639535,136.93747772421167,True,23.041434180768462,49142.55109248649,25.0,32.0,7.0,-2.9616691040793994,34.685114090863216,-5578.646174253952,80514.82223405791,12.0,133.0,25.0,132.0
pm2_holding,BTC|buy|60-75|7-30d,BTC,buy,60-75,7-30d,903,1270.7951439006624,0,-60210.55196681071,96058141.2712208,4749599.426788743,4749599.426788743,221.34761278115695,True,-6.2681362735102075,-28060.180963724324,147.0,154.0,7.0,-12.626491574111359,-3.022339200342947,-60825.550802988364,-12933.155471760465,132.0,161.0,143.0,164.0
pm2_holding,BTC|buy|60-75|<=2d,BTC,buy,60-75,<=2d,887,744.0871800000008,0,-50097.862643657405,56717510.89249681,913040.7862021825,913040.7862021825,674.9759597603373,True,-8.832873984652398,-370354.24299606576,154.0,178.0,24.0,-14.680754577200512,-0.8575261600980926,-544999.6836389175,-42285.316272227414,116.0,164.0,160.0,179.0
pm2_holding,BTC|buy|60-75|>90d,BTC,buy,60-75,>90d,161,53.19105999999998,0,7299.3511260368805,3943112.0672782,358275.8423464437,358275.8423464437,1752.2551283466873,False,18.51165019277624,356996.59124193393,,,,,,,,,,,
pm2_holding,BTC|buy|75-90|2-7d,BTC,buy,75-90,2-7d,592,439.9981589062513,0,14286.958428348475,33745092.016397215,1371147.5024764263,1371147.5024764263,261.2610678061944,True,4.233788552541579,27222.643865459726,75.0,43.0,-32.0,-8.818510601420144,16.499521127198093,-58848.780599258454,100723.52541510627,36.0,153.0,23.0,163.0
pm2_holding,BTC|buy|75-90|30-90d,BTC,buy,75-90,30-90d,278,376.41903570272615,0,64425.04181258441,30358977.235954348,2905786.476359945,2905786.476359945,533.0186819397206,True,21.22108439683712,118177.1308739528,28.0,22.0,-6.0,4.195601581492363,38.13276780692007,22256.18952361558,225120.74184879853,11.0,73.0,14.0,46.0
pm2_holding,BTC|buy|75-90|7-30d,BTC,buy,75-90,7-30d,750,728.8422936902381,0,91162.59183861875,53777669.26767247,4355412.991269012,4355412.991269012,313.40156614919636,True,16.951755827287144,65597.68066476432,36.0,26.0,-10.0,-1.8638296769381928,32.171029969566675,-7140.278401222094,124324.14885672764,15.0,125.0,21.0,134.10000000000036
pm2_holding,BTC|buy|75-90|<=2d,BTC,buy,75-90,<=2d,681,410.72342966684874,0,6508.528222288825,32495970.96336355,675421.1213155336,675421.1213155336,578.6064620037855,True,2.002872365200793,55755.977547984265,87.0,28.0,-59.0,-6.26273354108454,11.597777802287272,-169115.67655449282,328015.12648384704,47.0,147.0,10.0,171.0
pm2_holding,BTC|buy|75-90|>90d,BTC,buy,75-90,>90d,100,42.97400385325913,0,24713.963649545312,3691137.9216785305,420492.10516750935,420492.10516750935,143.62671220748354,False,66.95486371397017,84415.02946138366,,,,,,,,,,,
pm2_holding,BTC|buy|90-100|2-7d,BTC,buy,90-100,2-7d,328,603.8020778183214,0,26095.178269503223,48768348.55964007,3727334.605663453,3727334.605663453,227.6767613760409,True,5.350843126785554,15939.716458252904,70.0,50.0,-20.0,-0.5556893642052647,14.796919807470603,-1502.9117313688282,43180.43098620471,40.0,114.0,36.0,119.0
pm2_holding,BTC|buy|90-100|30-90d,BTC,buy,90-100,30-90d,73,19.79606645463951,0,-2196.0007824636587,1614251.9201649087,190555.11141921024,190555.11141921024,413.0356308298848,False,-13.603829458287525,-47599.17284466811,,,,,,,,,,,
pm2_holding,BTC|buy|90-100|7-30d,BTC,buy,90-100,7-30d,313,400.00955895581995,0,-102478.2579147689,27558285.449235346,2981725.4048615308,2981725.4048615308,333.39422725611985,True,-37.18600640215531,-114583.52117985979,173.0,168.0,-5.0,-79.97568434349509,2.1469220165299157,-229892.4344989555,6915.999264318345,86.0,178.0,71.0,174.0
pm2_holding,BTC|buy|90-100|<=2d,BTC,buy,90-100,<=2d,595,426.1481808426069,0,135188.21918718633,34765479.40087664,1324556.601421542,1324556.601421542,807.5078317197925,True,38.885762980094974,824166.7108279566,7.0,5.0,-2.0,11.524617517211398,109.60651651169258,239339.31714216527,2439305.421970283,2.0,47.0,1.0,13.0
pm2_holding,BTC|buy|90-100|>90d,BTC,buy,90-100,>90d,48,18.851497400000007,0,18220.82720731041,1475650.7418919094,234294.0501865762,234294.0501865762,,False,123.47655641029098,,,,,,,,,,,,
pm2_holding,BTC|sell|00-10|2-7d,BTC,sell,00-10,2-7d,2895,5293.336099607965,0,24842.414255320706,388125710.3037293,37730646.75770422,37730646.75770422,543.2485369498306,True,0.6400610316662655,3576.82848247199,100.0,83.0,-17.0,-0.11616318888599557,1.5641647700906407,-641.5415837569758,8578.398444805453,90.0,112.0,65.0,114.0
pm2_holding,BTC|sell|00-10|30-90d,BTC,sell,00-10,30-90d,1426,2096.0194487594563,0,-15184.717769852408,166284562.14745885,12352179.662362976,12352179.662362976,106.10866108312233,True,-0.9131766397163683,-1304.4095176121373,115.0,116.0,1.0,-2.3558081683667202,0.002124658675514034,-3234.1102694179854,2.6317305795864496,107.0,130.0,107.0,128.0
pm2_holding,BTC|sell|00-10|7-30d,BTC,sell,00-10,7-30d,3100,4289.559623811595,1,12240.445360945065,319283122.56801647,29621156.138580926,29621156.138580926,217.2606115439789,True,0.38337276529038894,897.7929937129686,102.0,99.0,-3.0,-1.140022421352509,1.746692455696494,-2687.472429041507,4080.678917432454,89.0,120.0,82.0,125.0
pm2_holding,BTC|sell|00-10|<=2d,BTC,sell,00-10,<=2d,4909,3455.342891529434,0,28815.43548961563,279393793.2898307,35820225.71817839,35820225.71817839,605.6422628786094,True,1.0313556056602797,4872.06465226342,96.0,77.0,-19.0,0.7747903643005123,1.2835182331443054,3625.7579658601057,6112.753979776574,91.0,105.0,71.0,87.0
pm2_holding,BTC|sell|00-10|>90d,BTC,sell,00-10,>90d,526,2155.946268352503,0,-141106.9188581386,153654975.279863,10877698.349079164,10877698.349079164,509.64556594394736,True,-9.183361528068342,-66111.88618422255,156.0,165.0,9.0,-11.112522887575738,-5.490506493270616,-72426.39511422113,-47412.86848721348,143.0,161.0,159.0,168.0
pm2_holding,BTC|sell|10-25|2-7d,BTC,sell,10-25,2-7d,3268,3919.0878299999717,1,73221.1426965983,302188110.6033557,36388479.14642689,36388479.14642689,335.2591599232119,True,2.4230318840275773,6746.107384784622,86.0,70.0,-16.0,0.9608280436125007,3.8812995338149765,2590.2550901116742,10876.411586464901,73.0,99.0,59.0,90.0
pm2_holding,BTC|sell|10-25|30-90d,BTC,sell,10-25,30-90d,2587,4773.868689623045,0,-71888.54423657838,355082443.3998312,34444363.901375756,34444363.901375756,557.7918168119982,True,-2.024559241742915,-11641.626424719414,127.0,143.0,16.0,-3.8413438744677637,-0.07543677237240859,-22785.32657520121,-419.3487400717781,109.0,138.0,113.0,152.0
pm2_holding,BTC|sell|10-25|7-30d,BTC,sell,10-25,7-30d,3990,5099.532344316922,0,-49727.39633770144,389255858.8437627,43923239.474745184,43923239.474745184,353.6855977286602,True,-1.277498981914123,-4004.2273993252534,118.0,122.0,4.0,-3.1472501957746797,0.39964304505970333,-9827.53975608268,1249.9869890831171,104.0,134.0,98.0,140.0
pm2_holding,BTC|sell|10-25|<=2d,BTC,sell,10-25,<=2d,4040,1897.581717999957,0,20342.352439567905,158920283.637743,23847283.370803293,23847283.370803293,536.5776927747241,True,1.280034994522038,4577.147160920388,91.0,79.0,-12.0,0.6821534095896793,1.8375979311197146,2427.049839996886,6612.519826391852,87.0,104.0,71.0,92.0
pm2_holding,BTC|sell|10-25|>90d,BTC,sell,10-25,>90d,624,1049.4002299999993,1,-119039.41135024645,80911204.38215585,7315743.239233091,7315743.239233091,286.2004343973716,True,-14.71235192446343,-46569.61039329671,161.0,158.0,-3.0,-19.2701858259435,-7.639619714597499,-62705.52308749668,-24341.11234071024,150.0,168.0,152.0,165.0
pm2_holding,BTC|sell|25-40|2-7d,BTC,sell,25-40,2-7d,2396,4495.765661286037,1,6051.186734562044,328158489.2837172,46228389.069039755,46228389.069039755,291.46603422529927,True,0.18439829936352328,381.52214156662865,105.0,101.0,-4.0,-3.6826009536465723,4.836215941379056,-7638.542358589106,9983.315950245671,70.0,137.0,62.0,136.0
pm2_holding,BTC|sell|25-40|30-90d,BTC,sell,25-40,30-90d,2049,3136.337195931783,0,109758.21412371132,239959672.14907622,27472759.13182556,27472759.13182556,428.62410488020834,True,4.574027508069083,17124.24152822974,73.0,48.0,-25.0,-0.8331215080490507,9.698652678157453,-3108.6577954717204,36773.24787338805,52.0,117.0,38.0,126.0
pm2_holding,BTC|sell|25-40|7-30d,BTC,sell,25-40,7-30d,3341,4496.704664920501,2,188264.6984148691,327481499.81543595,44356520.80784356,44356520.80784356,419.1365098904733,True,5.748865157908844,17789.629842933344,67.0,46.0,-21.0,4.034769152199295,7.511159320839043,12574.472986952436,23165.296821989043,58.0,76.0,43.0,58.0
pm2_holding,BTC|sell|25-40|<=2d,BTC,sell,25-40,<=2d,2868,1190.5813599999917,0,24057.7245436196,96021861.97560944,15622236.051979413,15622236.051979413,626.1837446131043,True,2.505442411617733,9643.021646498264,84.0,65.0,-19.0,1.0844967102185938,3.860233228599003,4186.658941261269,14891.850102384138,73.0,98.0,52.0,82.0
pm2_holding,BTC|sell|25-40|>90d,BTC,sell,25-40,>90d,643,718.2221812537126,1,90792.88042316925,54352227.22545933,7074942.625331508,7074942.625331508,401.3595642884555,True,16.704537248593304,51506.55327813286,37.0,31.0,-6.0,11.009426383700418,28.307647954822194,33765.51578042893,91696.66563339438,18.0,49.0,24.0,41.0
pm2_holding,BTC|sell|40-60|2-7d,BTC,sell,40-60,2-7d,2597,2275.579050421831,0,90015.02786360598,180069613.45295286,27555746.031535935,27555746.031535935,434.43330258577083,True,4.998901599082089,14191.423375865981,71.0,54.0,-17.0,-2.774248700486926,11.447367919741621,-7502.085958371065,34455.238602809935,47.0,131.0,39.0,135.0
pm2_holding,BTC|sell|40-60|30-90d,BTC,sell,40-60,30-90d,2450,3288.076955102535,0,-65858.7197980325,264362453.60933858,36215385.37421551,36215385.37421551,347.397375008328,True,-2.491228194430181,-6317.521170307605,130.0,132.0,2.0,-6.0928393112236785,3.594289355107274,-16417.881877530715,8884.95542506647,75.0,146.0,65.0,148.0
pm2_holding,BTC|sell|40-60|7-30d,BTC,sell,40-60,7-30d,3428,3909.735684520923,1,122345.33491724735,300635616.5041212,44020238.12456834,44020238.12456834,392.56133905361526,True,4.069555574948659,10910.447227970011,76.0,61.0,-15.0,-0.26734490029685193,9.362220713015127,-705.9930989309507,25288.81498098344,52.0,112.0,43.0,115.0
pm2_holding,BTC|sell|40-60|<=2d,BTC,sell,40-60,<=2d,2794,1473.0003182919465,0,-23092.7583576986,117865276.31359254,19230806.331032716,19230806.331032716,598.3949898764683,True,-1.9592503475118463,-7185.653407249882,125.0,135.0,10.0,-6.681586982617865,2.42980053756612,-24391.246198537883,8854.389533801548,85.0,148.0,66.0,152.0
pm2_holding,BTC|sell|40-60|>90d,BTC,sell,40-60,>90d,948,361.98279205629035,0,19775.23829610231,27561710.80748821,4023650.829136245,4023650.829136245,286.2004343973716,True,7.174895068824827,14066.03612240126,57.0,55.0,-2.0,-2.451432918726361,17.094516137907863,-4913.053958229659,33477.66435657083,35.0,129.0,40.0,129.0
pm2_holding,BTC|sell|60-75|2-7d,BTC,sell,60-75,2-7d,727,991.7929644037631,0,-14963.297422129162,74575469.41817118,12419309.330289789,12419309.330289789,392.03387172651713,True,-2.0064637257895934,-4723.38619337363,126.0,128.0,2.0,-11.378400683269406,4.650359684874686,-27496.93545768187,10793.620128117682,71.0,159.0,60.0,154.0
pm2_holding,BTC|sell|60-75|30-90d,BTC,sell,60-75,30-90d,595,118.1542091023209,0,-2399.305374848173,9264842.83335131,1456408.658516982,1456408.658516982,292.73535120221993,True,-2.589688155541315,-4822.557854488092,131.0,129.0,-2.0,-15.252261498489325,10.378856650967808,-28358.202851005837,19281.104659554174,50.0,163.0,49.0,154.0
pm2_holding,BTC|sell|60-75|7-30d,BTC,sell,60-75,7-30d,1011,1413.382646653485,0,-37433.00825326357,106478382.94172636,17492029.091602378,17492029.091602378,353.3945238371868,True,-3.515550031760903,-7562.656143652536,136.0,136.0,0.0,-11.23364762731043,0.9479713110021312,-24916.083898084507,2054.3257745249734,98.89999999999986,158.0,92.0,153.0
pm2_holding,BTC|sell|60-75|<=2d,BTC,sell,60-75,<=2d,823,367.1864900000007,0,-9696.338117558362,29127108.583138335,4935020.547149959,4935020.547149959,522.9376199891115,True,-3.3289737942514366,-10274.688685407802,135.0,142.0,7.0,-7.730231157203484,1.013644799056756,-23794.248107893305,3121.423282405078,98.0,151.0,87.0,153.0
pm2_holding,BTC|sell|60-75|>90d,BTC,sell,60-75,>90d,222,55.72799903362769,0,-12880.633270926195,4360492.192116393,727134.1010529138,727134.1010529138,179.4034956648251,True,-29.539402212928852,-31779.978848944804,170.0,155.0,-15.0,-48.67854042636337,-15.858249963378645,-53503.2908519143,-16967.98534704357,163.0,176.0,147.0,163.0
pm2_holding,BTC|sell|75-90|2-7d,BTC,sell,75-90,2-7d,387,271.3812600000003,0,-41577.01477073141,21696639.84761402,3560923.253935195,3560923.253935195,333.555703802535,True,-19.162881931371338,-38945.65941159734,168.0,157.0,-11.0,-30.513185530637998,-7.940319053239521,-63011.888990379375,-15859.88545953526,152.0,172.0,147.0,165.0
pm2_holding,BTC|sell|75-90|30-90d,BTC,sell,75-90,30-90d,225,76.90011879997597,0,-10311.038436518013,5835832.071201645,947412.3534015316,947412.3534015316,653.1070898800609,True,-17.668497500811203,-71080.05593063703,167.0,166.0,-1.0,-38.24267716004537,1.656473799279311,-153508.0216785478,6726.526700426268,92.89999999999986,174.0,73.0,171.0
pm2_holding,BTC|sell|75-90|7-30d,BTC,sell,75-90,7-30d,554,439.75651335841866,0,-4879.48080028481,32670054.44108048,5446476.447675048,5446476.447675048,490.35149469883015,True,-1.493563718751928,-4393.043331336285,120.0,123.0,3.0,-8.357106082519445,3.4643445248969695,-25138.87163619252,10055.590746653275,77.0,153.0,62.0,153.0
pm2_holding,BTC|sell|75-90|<=2d,BTC,sell,75-90,<=2d,512,322.5790998232866,0,14677.072698759683,24721032.115435597,4172999.547402464,4172999.547402464,676.5072210195427,True,5.937079257138074,23793.785624348406,64.0,44.0,-20.0,-12.22511495547739,13.542879845910889,-47981.88942091701,53999.56321888092,42.0,159.0,30.0,161.0
pm2_holding,BTC|sell|75-90|>90d,BTC,sell,75-90,>90d,118,53.02491222930619,0,-24869.292382644733,3993911.550489693,672139.7179669641,672139.7179669641,,False,-62.26800986515466,,,,,,,,,,,,
pm2_holding,BTC|sell|90-100|2-7d,BTC,sell,90-100,2-7d,221,84.5426752032587,0,6526.2497483971365,6791619.979816204,1053418.124490568,1053418.124490568,683.5218792544555,True,9.609268138959905,42346.28576060986,50.0,35.0,-15.0,-0.26817685684527065,21.3981404941316,-1152.517593907344,93395.11467595666,28.0,112.0,24.0,117.10000000000036
pm2_holding,BTC|sell|90-100|30-90d,BTC,sell,90-100,30-90d,68,25.61661114595518,0,-24230.500671545822,1643552.4200825044,296348.0555973512,296348.0555973512,810.266633220044,False,-147.4276109205539,-662503.6280664881,,,,,,,,,,,
pm2_holding,BTC|sell|90-100|7-30d,BTC,sell,90-100,7-30d,203,83.0738139497629,0,-21400.023990220583,6133938.141129799,1062623.0723274343,1062623.0723274343,369.7303298399726,True,-34.887903167342586,-74459.49682946019,172.0,167.0,-5.0,-79.35355631099958,11.661350856824761,-158476.8726457087,26493.71331734508,47.0,179.0,43.0,172.0
pm2_holding,BTC|sell|90-100|<=2d,BTC,sell,90-100,<=2d,523,484.62115605916546,0,-27308.881829151407,37756148.17580494,6004636.954469873,6004636.954469873,1355.2802088245453,True,-7.232962881169008,-61637.676596960446,150.0,164.0,14.0,-26.369396010402276,7.066790336194962,-209078.94386642802,57997.660521327016,61.0,170.0,31.0,174.0
pm2_holding,BTC|sell|90-100|>90d,BTC,sell,90-100,>90d,118,36.14760000000003,0,-30681.85677611186,2669079.9888873994,547178.503106558,547178.503106558,,False,-114.95293098691107,,,,,,,,,,,,
pm2_holding,ETH|buy|00-10|2-7d,ETH,buy,00-10,2-7d,3038,65094.48262454078,0,41745.66171496377,161706338.58158225,284566.4583554763,284566.4583554763,171.3438048652252,True,2.581572378741525,251359.93033736967,83.0,12.0,-71.0,2.0281393176821982,3.1966658878660614,191042.43010991949,309219.13258629094,76.0,90.0,10.0,16.0
pm2_holding,ETH|buy|00-10|30-90d,ETH,buy,00-10,30-90d,1745,42042.86513073237,2,86659.9884065096,95994265.96801236,550458.3681323376,550458.3681323376,105.0024308781943,True,9.027621340985807,165307.8592198275,54.0,16.0,-38.0,6.006901327574202,11.406531089750173,101968.96546061724,221717.50635487813,46.0,66.0,13.0,24.0
pm2_holding,ETH|buy|00-10|7-30d,ETH,buy,00-10,7-30d,3057,48072.419289181,0,36598.031875193636,124298542.01076931,407356.8797959554,407356.8797959554,168.9001591826158,True,2.9443653387360538,151744.42156437656,78.0,19.0,-59.0,0.6337652637364423,4.867527691802669,31660.658136078306,266406.12937318435,69.0,103.0,12.0,41.0
pm2_holding,ETH|buy|00-10|<=2d,ETH,buy,00-10,<=2d,3128,36466.054138022555,0,-7369.804760598173,88263053.0314996,68156.35224307702,68156.35224307702,568.7732573722365,True,-0.8349818533886442,-615019.3961280572,113.0,179.0,66.0,-1.6317717549961737,-0.022216851361799572,-1116138.6279071525,-17582.325241495386,107.0,125.0,148.89999999999986,180.0
pm2_holding,ETH|buy|00-10|>90d,ETH,buy,00-10,>90d,1292,102496.25722457729,0,505561.73082172073,252799927.381651,930654.9918482422,930654.9918482422,161.66107865586562,True,19.99849193225741,878194.985764317,30.0,4.0,-26.0,17.27137915822607,22.7687667688523,644264.4101215733,1144319.8511032376,23.0,37.0,2.0,6.0
pm2_holding,ETH|buy|10-25|2-7d,ETH,buy,10-25,2-7d,5721,116094.34337838397,0,35414.95093852402,294953011.2399991,1259965.3782780813,1259965.3782780813,187.1334235675321,True,1.2006980633843192,52599.23112855168,92.0,29.0,-63.0,0.2914519397500863,2.710748928549306,14571.099639430277,102086.69966241502,80.0,107.0,23.0,54.0
pm2_holding,ETH|buy|10-25|30-90d,ETH,buy,10-25,30-90d,4120,66739.59899754533,0,169880.03738351635,152412662.187345,2804616.735467709,2804616.735467709,58.95188395685045,True,11.146058007614915,35708.081335214505,46.0,38.0,-8.0,7.857489869517585,15.5461860187676,24780.077632297303,50430.95847108172,38.0,59.0,32.0,46.0
pm2_holding,ETH|buy|10-25|7-30d,ETH,buy,10-25,7-30d,6280,73728.44586878059,0,172034.5865606846,179985231.6470422,1830690.6986471638,1830690.6986471638,149.3813973094978,True,9.558261252126002,140377.437570353,51.0,20.0,-31.0,3.2781905483640728,18.522885308106655,46917.75290216564,272172.92319908994,33.0,79.0,12.0,35.0
pm2_holding,ETH|buy|10-25|<=2d,ETH,buy,10-25,<=2d,4897,38138.296562677824,0,-7244.745870221661,94059233.05256988,263494.4645331429,263494.4645331429,617.1127913110519,True,-0.7702322924717618,-169674.35555935008,112.0,172.0,60.0,-2.360694466048668,0.9515797955645906,-502525.82954963687,216605.37537128624,98.0,131.0,15.0,178.0
pm2_holding,ETH|buy|10-25|>90d,ETH,buy,10-25,>90d,1373,26440.17674022586,0,110232.42631777491,60353000.416180015,1696949.9307982214,1696949.9307982214,26.02421321317039,True,18.264614113240135,16905.107884647296,33.0,49.0,16.0,14.851275495952867,21.061738802693295,12790.75904283115,20537.75849659725,26.0,41.0,45.0,58.0
pm2_holding,ETH|buy|25-40|2-7d,ETH,buy,25-40,2-7d,4222,40068.4791234486,0,2747.472758361602,107235592.2795228,1316568.232195133,1316568.232195133,158.93612944803442,True,0.25620903470183437,3316.749373861445,104.0,85.0,-19.0,-1.3454806422136296,1.9329688653376391,-17617.7720870464,24978.652933036283,88.0,122.0,44.0,148.0
pm2_holding,ETH|buy|25-40|30-90d,ETH,buy,25-40,30-90d,3796,37094.3372475582,0,56558.331727399236,96058926.92395957,3902750.5166416583,3902750.5166416583,40.75275360215264,True,5.8878787780099735,5905.854722732574,65.0,73.0,8.0,2.4919058212296923,9.60981319040819,2474.395051161999,9673.038905650548,52.0,83.0,63.0,90.0
pm2_holding,ETH|buy|25-40|7-30d,ETH,buy,25-40,7-30d,6316,44696.17146384616,0,13089.524382229387,118866335.99377482,2865410.407006024,2865410.407006024,78.90612333135167,True,1.1011969261772232,3604.52248909123,94.0,82.0,-12.0,-1.390141954468136,3.5801237109855895,-4608.708587732786,11585.817677104584,75.0,122.0,59.0,129.0
pm2_holding,ETH|buy|25-40|<=2d,ETH,buy,25-40,<=2d,3933,24255.50935331657,0,-19254.8704856842,67031965.227903135,439299.7715980396,439299.7715980396,547.4496346336138,True,-2.872490821389353,-239951.67978258082,132.0,173.0,41.0,-7.379703763190893,2.20117463861348,-612387.0498818317,182322.8322283817,86.0,152.0,17.0,179.0
pm2_holding,ETH|buy|25-40|>90d,ETH,buy,25-40,>90d,1466,26850.324672206105,0,211996.9405869498,66021769.17488339,3822921.511635559,3822921.511635559,14.198853977429659,True,32.11015748841817,7873.856666673009,10.0,68.0,58.0,24.233981674979773,39.61717605772463,6018.558468133816,9625.231420320863,9.0,24.0,61.0,76.0
pm2_holding,ETH|buy|40-60|2-7d,ETH,buy,40-60,2-7d,5252,63505.747699999636,0,-78080.94313440874,180976805.43026215,4230534.446755879,4230534.446755879,139.31404056519514,True,-4.314417140294619,-25712.523597431453,141.0,153.0,12.0,-6.078457313364107,-2.777693960251883,-37101.403277402766,-16400.266198079033,129.0,148.0,146.0,159.0
pm2_holding,ETH|buy|40-60|30-90d,ETH,buy,40-60,30-90d,3840,25033.348544787703,0,38984.96938962649,67446815.32127503,4684346.240645411,4684346.240645411,56.554250245584896,True,5.7801052879852275,4706.666846158728,66.0,78.0,12.0,2.4122164739937424,9.433615944597625,1962.4021846460653,7671.09617857642,52.0,84.0,68.0,93.0
pm2_holding,ETH|buy|40-60|7-30d,ETH,buy,40-60,7-30d,6636,33696.450683325944,0,-33987.71270237317,86480545.90282813,3879134.5757917096,3879134.5757917096,76.89552741904903,True,-3.930099231862236,-6737.335462208593,140.0,133.0,-7.0,-8.211896563146132,-0.3463955424800257,-13883.961923733195,-599.703465444468,111.0,153.0,113.0,146.0
pm2_holding,ETH|buy|40-60|<=2d,ETH,buy,40-60,<=2d,4381,20821.978299999944,0,-4024.025569723298,58341894.16995415,646300.3146941017,646300.3146941017,576.1468874650957,True,-0.689731731712553,-35872.329849837144,111.0,156.0,45.0,-4.440956241188356,3.39689225458996,-229827.96401416024,176297.04553473834,77.0,140.0,17.0,174.0
pm2_holding,ETH|buy|40-60|>90d,ETH,buy,40-60,>90d,1569,15542.433658690758,0,247103.2835663599,41735251.166987635,3962310.7620332376,3962310.7620332376,27.785390213452697,True,59.207331130624006,17327.92193561715,3.0,47.0,44.0,48.18836293286712,69.76932271364488,14331.133431439694,20318.06056932172,3.0,8.0,45.0,56.0
pm2_holding,ETH|buy|60-75|2-7d,ETH,buy,60-75,2-7d,1539,16178.1310803239,0,-14521.296182247926,45686278.5317392,1505101.9086044072,1505101.9086044072,166.5138388967204,True,-3.1784808587899502,-16065.335903430345,133.0,147.0,14.0,-9.003186343131809,2.7849350010254534,-45855.27804209988,13617.857391652558,82.0,155.0,57.0,161.0
pm2_holding,ETH|buy|60-75|30-90d,ETH,buy,60-75,30-90d,1101,13260.588559267413,0,101895.92498082739,31856046.792375322,3066688.4553444814,3066688.4553444814,89.20933642918246,True,31.986368442055394,29641.315003927517,11.0,41.0,30.0,18.892314001532647,48.21060966421241,17741.155322834366,43661.62013177096,7.0,32.0,35.0,50.0
pm2_holding,ETH|buy|60-75|7-30d,ETH,buy,60-75,7-30d,2441,13953.437307403738,0,-6305.245890866424,33823436.00919921,2208201.120792742,2208201.120792742,201.5594628026153,True,-1.8641648025208142,-5755.281811220115,123.0,130.0,7.0,-11.167320884931744,7.815933497602116,-35550.5160502636,23435.526711348233,58.0,158.0,45.0,158.0
pm2_holding,ETH|buy|60-75|<=2d,ETH,buy,60-75,<=2d,1462,8201.225935787113,0,14649.11257791993,21188451.092517655,359294.0445835061,359294.0445835061,572.6181829020917,True,6.9137250825724665,233467.49972492488,58.0,13.0,-45.0,-3.872141252945086,19.18968619057422,-135529.23001899486,631906.3029984356,32.0,138.0,6.0,169.0
pm2_holding,ETH|buy|60-75|>90d,ETH,buy,60-75,>90d,750,10414.979219657205,0,265730.26531250065,26644425.750061244,3235661.8752477737,3235661.8752477737,72.99854002919942,True,99.73202943279416,59950.39703553372,2.0,27.0,25.0,79.57598415818673,122.44526487666653,49593.34442691803,72081.82537905002,2.0,3.0,25.0,35.0
pm2_holding,ETH|buy|75-90|2-7d,ETH,buy,75-90,2-7d,899,5479.166983177723,0,20800.15662188219,13823269.072298944,895280.5647305254,895280.5647305254,140.17004738899684,True,15.047205196609056,32565.868781763966,39.0,39.0,0.0,8.827848111976548,21.26324759243408,19227.31562036248,46240.152384970424,27.0,55.0,33.0,49.0
pm2_holding,ETH|buy|75-90|30-90d,ETH,buy,75-90,30-90d,540,9840.630718183495,0,79560.76206748885,25052029.487118468,2660882.9893577206,2660882.9893577206,39.41893253530694,True,31.75821029126534,11786.314260864816,13.0,58.0,45.0,22.630248945477792,45.789229723579005,8574.947167332115,15888.422931233878,7.0,26.0,50.0,67.0
pm2_holding,ETH|buy|75-90|7-30d,ETH,buy,75-90,7-30d,1099,11646.41575326142,0,65632.31033142252,27386446.178037934,2781068.453294232,2781068.453294232,62.66836758345624,True,23.965252703746266,14789.530780261968,22.0,53.0,31.0,8.533848394630413,40.53974086451048,5420.8724331398125,23731.085519665216,9.0,56.0,44.0,77.0
pm2_holding,ETH|buy|75-90|<=2d,ETH,buy,75-90,<=2d,1061,5413.8154590799195,0,27689.443510860794,12888955.206285147,348485.256220795,348485.256220795,607.3413424739592,True,21.483078393629892,482572.60512588493,26.0,7.0,-19.0,6.823832679479853,33.95958982089461,145406.06551104365,831409.4914333788,13.0,61.0,4.0,19.0
pm2_holding,ETH|buy|75-90|>90d,ETH,buy,75-90,>90d,333,1902.036182683302,0,75529.4940138134,4988573.802389307,686564.429542415,686564.429542415,36.387562432084856,True,151.40498468247196,40030.24422228134,1.0,37.0,36.0,123.11726445409326,184.7540641261137,33265.81432589168,47190.07391444312,1.0,2.0,32.0,43.0
pm2_holding,ETH|buy|90-100|2-7d,ETH,buy,90-100,2-7d,473,3480.289862472201,0,-12667.38022617257,8322117.940985399,900706.2620396664,900706.2620396664,156.63958732978855,True,-15.2213418699431,-22029.526104147502,163.0,151.0,-12.0,-42.128947540095545,9.46377782958316,-60298.99040603266,13982.846539352691,54.0,174.0,55.0,164.0
pm2_holding,ETH|buy|90-100|30-90d,ETH,buy,90-100,30-90d,246,1738.7046452401582,0,27098.13358338228,5255813.031246547,760416.5574690447,760416.5574690447,259.39138962718704,True,51.55840480298684,92436.47389651711,4.0,24.0,20.0,29.458836336417573,85.60148851672517,54331.36614065241,150035.48012976698,3.0,17.0,18.0,32.0
pm2_holding,ETH|buy|90-100|7-30d,ETH,buy,90-100,7-30d,390,5103.651350228187,0,31400.171467237382,12332363.874443773,1499300.401133671,1499300.401133671,65.19976135101051,True,25.461599890275394,13654.926554389416,20.0,57.0,37.0,6.220984155434323,46.86881553437343,3266.3367243137877,25106.086043653344,7.0,64.0,43.0,86.0
pm2_holding,ETH|buy|90-100|<=2d,ETH,buy,90-100,<=2d,1022,8058.899286115168,0,-47459.34305895321,19863799.35841931,1179256.604545936,1179256.604545936,662.3033276659523,True,-23.892379399632564,-266544.8784905264,169.0,174.0,5.0,-37.79087873231899,5.798182013210796,-445416.480362302,59073.64319948005,67.0,174.0,31.0,178.0
pm2_holding,ETH|buy|90-100|>90d,ETH,buy,90-100,>90d,95,1045.379234129902,0,32014.880350650084,2416691.756695751,392329.71470699407,392329.71470699407,148.84350634521905,False,132.47399161249587,121459.24379376265,,,,,,,,,,,
pm2_holding,ETH|sell|00-10|2-7d,ETH,sell,00-10,2-7d,4955,116801.23514681435,0,29536.163264975745,298842718.7646538,29424184.679545574,29424184.679545574,153.91297380949368,True,0.9883514440998049,1544.9871500416878,97.0,94.0,-3.0,0.31699454544459177,1.5001712821959907,477.2923681158731,2425.392940894501,90.0,108.0,87.0,106.0
pm2_holding,ETH|sell|00-10|30-90d,ETH,sell,00-10,30-90d,2973,53970.7263741304,0,-14.615092505696119,125437863.32788897,9795723.827375757,9795723.827375757,102.56669645315932,True,-0.0011651260726191518,-1.5302817669045707,107.0,107.0,0.0,-1.3723890512999657,1.2283060866552522,-1780.703084348293,1626.5018434959147,94.0,122.0,93.0,122.0
pm2_holding,ETH|sell|00-10|7-30d,ETH,sell,00-10,7-30d,4306,70174.98542272062,0,17911.26567002202,173359713.66871172,16685698.01709129,16685698.01709129,52.28731953712113,True,1.0331850053842515,561.2783297668533,95.0,100.0,5.0,0.13949383834084594,2.0693613699359243,75.18993094714807,1134.123439305158,86.0,110.0,96.0,112.0
pm2_holding,ETH|sell|00-10|<=2d,ETH,sell,00-10,<=2d,9698,122416.78596230787,0,64666.67012861957,327455248.9452137,41128174.18223422,41128174.18223422,510.65663447897634,True,1.9748246619017826,8029.158791373589,88.0,67.0,-21.0,1.7293716126060985,2.211366363840397,6960.994851137632,9057.220422539094,82.0,94.0,61.0,74.0
pm2_holding,ETH|sell|00-10|>90d,ETH,sell,00-10,>90d,1259,87909.56937801171,0,-110983.98560047937,212628915.66856965,14826090.407435605,14826090.407435605,12.575149437563521,True,-5.219609254532109,-941.3406810216686,143.0,115.0,-28.0,-8.450670048789462,-1.7312364703462937,-1495.8742734234088,-315.18345909527545,123.0,155.0,109.0,124.0
pm2_holding,ETH|sell|10-25|2-7d,ETH,sell,10-25,2-7d,5732,63660.02718268499,0,-3008.073502930127,162099915.07622895,20670306.468898997,20670306.468898997,177.39803258291536,True,-0.18556909801683444,-258.16081734806835,108.0,110.0,2.0,-1.6047051211373815,1.1355825839327045,-2233.9528661192435,1579.4935701821382,96.0,124.0,94.0,124.0
pm2_holding,ETH|sell|10-25|30-90d,ETH,sell,10-25,30-90d,4615,54288.409561230364,0,7620.21943054683,127399032.65715903,13387579.267151512,13387579.267151512,60.53318960155894,True,0.5981379349287094,344.5553362485681,101.0,102.0,1.0,-1.1176681441530316,2.695932591039106,-646.7377319521954,1560.459669469954,82.0,120.0,93.0,116.0
pm2_holding,ETH|sell|10-25|7-30d,ETH,sell,10-25,7-30d,6458,56041.005098997965,0,4013.410619832418,141383699.7665938,16198722.05095736,16198722.05095736,114.16989105377246,True,0.2838665720629775,282.86839651850187,103.0,103.0,0.0,-1.1295357706904432,1.4874275538931463,-1123.9114514505038,1482.0958022311902,92.0,120.0,94.0,119.0
pm2_holding,ETH|sell|10-25|<=2d,ETH,sell,10-25,<=2d,8045,55493.599782125704,0,-27105.72798424822,144205240.51639396,20973990.63208844,20973990.63208844,530.4438434362297,True,-1.8796631722386474,-6855.188782770008,124.0,134.0,10.0,-8.309665616807216,2.2205231047060994,-30177.981523867653,7996.355250237727,85.0,151.0,67.0,155.0
pm2_holding,ETH|sell|10-25|>90d,ETH,sell,10-25,>90d,1692,55488.25843371025,0,132932.753598892,138284517.90351763,12241313.820149792,12241313.820149792,31.99453025017093,True,9.612988902462705,3474.399128022865,49.0,84.0,35.0,-1.8963612626251323,14.768060081942457,-636.6763999788707,5511.128341694637,39.0,126.0,74.89999999999986,115.0
pm2_holding,ETH|sell|25-40|2-7d,ETH,sell,25-40,2-7d,4643,64114.624462662694,0,157048.26509700686,174752428.14976662,24819825.895424016,24819825.895424016,182.62052954950266,True,8.986900311474534,11555.374102013258,55.0,59.0,4.0,-0.6315737844159982,15.76400258599161,-777.8005880627194,20900.448069425027,38.0,115.0,45.0,115.0
pm2_holding,ETH|sell|25-40|30-90d,ETH,sell,25-40,30-90d,4389,45504.03556657938,0,-53006.94608548793,106197634.01759343,13543456.295386918,13543456.295386918,52.04679363232434,True,-4.991349061195321,-2037.0291924158466,142.0,120.0,-22.0,-18.230127719756215,5.402380575746737,-7432.597852607758,2204.1381344055635,67.0,166.0,90.0,135.0
pm2_holding,ETH|sell|25-40|7-30d,ETH,sell,25-40,7-30d,5791,49786.492339907665,0,-3662.0399833367205,124780998.63317566,16584056.74917374,16584056.74917374,171.4250825423514,True,-0.2934773742356547,-378.5355512897442,109.0,111.0,2.0,-2.7538195965674714,2.43071099386958,-3533.299273911157,3155.0139181761865,84.0,132.0,86.0,128.0
pm2_holding,ETH|sell|25-40|<=2d,ETH,sell,25-40,<=2d,6415,32744.8752651837,0,-57892.04545364032,86322337.3978642,13936506.497631313,13936506.497631313,551.522807356861,True,-6.706496510493319,-22910.177265478556,149.0,152.0,3.0,-13.399550545700341,-0.2664891154114878,-45686.72087559253,-907.6090489682126,112.0,161.0,117.0,162.0
pm2_holding,ETH|sell|25-40|>90d,ETH,sell,25-40,>90d,1507,18607.14768940686,0,18165.50276098497,45517943.13919433,5935704.748907133,5935704.748907133,56.04219286191357,True,3.990844380958665,1715.1031802115515,77.0,92.0,15.0,-7.640304012800939,24.221752463538476,-3374.398462490103,10048.626212044626,24.0,150.0,62.0,126.0
pm2_holding,ETH|sell|40-60|2-7d,ETH,sell,40-60,2-7d,6033,56566.165699999656,1,-27161.267034740922,163399500.16431835,26065981.60663715,26065981.60663715,177.104511070245,True,-1.6622613292835609,-1845.4639425554158,121.0,118.0,-3.0,-4.264250405655011,0.6681320560796802,-4738.58407701589,743.620123288395,101.0,140.0,101.0,131.0
pm2_holding,ETH|sell|40-60|30-90d,ETH,sell,40-60,30-90d,5287,34248.08263752955,0,16208.268512072847,88825623.78958902,13097100.23608101,13097100.23608101,118.8387016953236,True,1.8247289262462312,1470.6840078978362,89.0,95.0,6.0,-1.322592196894547,5.481086198547246,-1073.7534695967818,4391.933030476326,67.0,120.0,80.0,117.0
pm2_holding,ETH|sell|40-60|7-30d,ETH,sell,40-60,7-30d,6849,34317.020053039465,0,-133399.33024724544,88973976.97795025,13197384.356674032,13197384.356674032,187.1977269580113,True,-14.99307266891136,-18921.970236758956,162.0,149.0,-13.0,-44.56551900314404,4.647009416325049,-56900.62579540359,5844.909216343411,70.0,175.0,75.0,163.0
pm2_holding,ETH|sell|40-60|<=2d,ETH,sell,40-60,<=2d,6678,28659.097525094636,0,-17781.743008396363,74675108.248224,12590647.688957388,12590647.688957388,547.0574305386942,True,-2.3812142259357576,-7726.079611618643,129.0,138.0,9.0,-5.1850540149576405,0.43953670807796635,-16825.70214822323,1422.9004675103615,105.0,143.0,97.0,148.0
pm2_holding,ETH|sell|40-60|>90d,ETH,sell,40-60,>90d,2296,19862.186400749655,0,-46323.112716152595,51693041.81900491,8399895.518228374,8399895.518228374,80.58391324313823,True,-8.961189182549118,-4443.981104491001,155.0,124.0,-31.0,-23.90798222784947,8.402583859050303,-11705.398221616755,4136.883053487654,57.0,170.0,82.0,143.0
pm2_holding,ETH|sell|60-75|2-7d,ETH,sell,60-75,2-7d,1639,8265.549900000005,0,-15259.750135092088,23237325.361946616,3926660.9501102474,3926660.9501102474,153.97595443999157,True,-6.566913316143267,-5983.797993816157,148.0,131.0,-17.0,-13.696129479935543,0.03538493310835327,-12562.460797520524,32.674754497825795,109.0,162.0,109.0,144.0
pm2_holding,ETH|sell|60-75|30-90d,ETH,sell,60-75,30-90d,1080,6021.012004476628,0,8886.813398292777,14947044.623725224,2455990.61425782,2455990.61425782,111.49089287405194,True,5.945532124917102,4034.2123248714474,63.0,81.0,18.0,-0.09437724278520193,12.016902148699646,-64.68584718437938,8123.30574865792,45.0,109.10000000000036,66.0,110.0
pm2_holding,ETH|sell|60-75|7-30d,ETH,sell,60-75,7-30d,1794,12111.82634221975,0,-47931.07942161157,29331556.39922435,4826602.952172023,4826602.952172023,142.2774527268546,True,-16.34113061347098,-14129.009479610497,164.0,146.0,-18.0,-29.3034458461329,-4.417626372258182,-25348.0458763879,-3850.9517869623364,140.0,172.0,126.0,154.0
pm2_holding,ETH|sell|60-75|<=2d,ETH,sell,60-75,<=2d,1771,7940.423000760263,0,85.52624675321815,19961076.499034915,3483649.1376212034,3483649.1376212034,528.5297460885179,True,0.04284651018563713,129.75808898840233,106.0,106.0,0.0,-10.52496630997621,9.96632261292614,-31829.013724086857,30128.115405461467,52.0,157.0,42.0,156.0
pm2_holding,ETH|sell|60-75|>90d,ETH,sell,60-75,>90d,1083,7267.236724452421,0,-60203.39735323743,17623755.294760212,3419849.952143655,3419849.952143655,25.8562674884001,True,-34.160368404080565,-4551.764455922998,171.0,127.0,-44.0,-55.30109912046906,-8.032552490441956,-7257.687050377322,-1088.6351446573944,152.0,177.0,116.0,137.0
pm2_holding,ETH|sell|75-90|2-7d,ETH,sell,75-90,2-7d,856,3907.230460304174,0,-11958.955140230259,10162867.218966423,1754834.8585892248,1754834.8585892248,171.9176114285176,True,-11.767304327180318,-11715.94576450365,158.0,145.0,-13.0,-20.372160718828205,-3.6663379983986264,-20348.322605163976,-3648.7303514817713,135.0,168.0,126.0,151.0
pm2_holding,ETH|sell|75-90|30-90d,ETH,sell,75-90,30-90d,518,5578.073267661812,0,16545.83912375433,14776651.495642813,2592662.182312022,2592662.182312022,14.209024482343828,True,11.197285886205814,906.7908453105741,45.0,98.0,53.0,-0.29504386866105275,22.570880996905654,-23.831539784061906,1827.0556711234117,26.0,112.0,91.0,111.0
pm2_holding,ETH|sell|75-90|7-30d,ETH,sell,75-90,7-30d,951,5588.4251007257735,0,-54074.65850441956,14182737.66344718,2512668.672231534,2512668.672231534,82.55807904314055,True,-38.12709491467564,-17767.16516735929,174.0,148.0,-26.0,-86.91022692764383,17.06165351941,-40217.30520743485,8050.778075559031,35.0,179.0,67.0,160.0
pm2_holding,ETH|sell|75-90|<=2d,ETH,sell,75-90,<=2d,1210,7473.00117981294,0,11207.01487005121,18748948.747183453,3216109.107843646,3216109.107843646,524.8023005032351,True,5.977409731697505,18287.523800833605,62.0,45.0,-17.0,-18.075852781095318,20.352129663412725,-53278.465135835,63881.007018959484,28.0,166.0,28.0,162.0
pm2_holding,ETH|sell|75-90|>90d,ETH,sell,75-90,>90d,465,2999.0822662669934,0,-127157.43279494318,8280600.204539678,1766039.6996479575,1766039.6996479575,13.190228389708007,True,-153.5606473613248,-9497.156719345481,180.0,141.0,-39.0,-200.03057755542264,-104.19771921196912,-12126.912636754862,-6630.340273019641,179.0,181.0,131.0,146.0
pm2_holding,ETH|sell|90-100|2-7d,ETH,sell,90-100,2-7d,458,2234.429108509112,0,-3221.3299977906836,6096168.092591504,1057909.4547208217,1057909.4547208217,148.3365980931635,True,-5.284188278380106,-4516.843394067485,144.0,126.0,-18.0,-23.493247760102733,16.5107683857183,-20053.096218738272,14036.651943981124,37.0,168.0,55.0,150.0
pm2_holding,ETH|sell|90-100|30-90d,ETH,sell,90-100,30-90d,273,3038.168298974756,0,-39551.40184825859,9133693.341090983,1727729.283951084,1727729.283951084,51.0438823557381,True,-43.30274771797225,-11685.031455449896,176.0,144.0,-32.0,-74.15368929302807,-13.19855682340303,-19727.854271101816,-3625.241785546619,161.0,178.0,126.0,150.0
pm2_holding,ETH|sell|90-100|7-30d,ETH,sell,90-100,7-30d,489,3663.1616539755287,0,6340.71311939082,9202210.997486243,1660591.4997951915,1660591.4997951915,41.2450350582798,True,6.890423530956751,1574.8781981361694,59.0,93.0,34.0,-12.230593727371717,21.98251150851704,-2775.0158553198353,5069.363069618185,27.0,159.0,77.0,125.0
pm2_holding,ETH|sell|90-100|<=2d,ETH,sell,90-100,<=2d,1109,9176.693279676294,0,-11866.794955690217,21110222.628893092,3784571.3938946403,3784571.3938946403,668.6904476195537,True,-5.621349980197935,-20967.268429738764,145.0,150.0,5.0,-13.04183194458795,4.528044447652408,-48658.59998854854,16889.12348893615,73.0,161.0,51.0,162.0
pm2_holding,ETH|sell|90-100|>90d,ETH,sell,90-100,>90d,227,1825.1336398571682,0,-87077.76390284179,5149814.976383944,1071450.9623674303,1071450.9623674303,9.360342409018754,True,-169.0891115548104,-7607.232761649989,181.0,137.0,-44.0,-205.99749880360665,-127.66790070892569,-8999.423561004232,-5896.502780708158,180.0,181.0,128.0,141.0
pm2_holding,HYPE|buy|00-10|2-7d,HYPE,buy,00-10,2-7d,216,240778.839,0,32216.628831161343,16949389.909338817,46358.95733734491,46358.95733734491,65.609131353076,True,19.00754481635386,455943.17778891115,32.0,8.0,-24.0,5.049211303286394,27.254381912676173,126415.66476067524,609899.9033232073,20.0,69.0,6.0,21.0
pm2_holding,HYPE|buy|00-10|30-90d,HYPE,buy,00-10,30-90d,186,926521.12,4,178413.99405237412,46836625.391097955,399395.5994636912,399395.5994636912,9.937353832415376,False,38.092837082640145,44391.14977565177,,,,,,,,,,,
pm2_holding,HYPE|buy|00-10|7-30d,HYPE,buy,00-10,7-30d,485,238303.1686,0,12419.560068041335,13550367.099809268,60282.92741026355,60282.92741026355,23.596340950964862,True,9.16547867416533,48613.460960855235,53.0,33.0,-20.0,5.540038069010335,12.610128446086547,22287.2453740332,82029.40738205792,43.0,68.0,25.0,46.0
pm2_holding,HYPE|buy|00-10|<=2d,HYPE,buy,00-10,<=2d,181,41723.0,0,-892.0788524002757,2240544.8994181277,4013.2280329951204,4013.2280329951204,301.6927858229187,False,-3.981526335990632,-670616.6505906063,,,,,,,,,,,
pm2_holding,HYPE|buy|00-10|>90d,HYPE,buy,00-10,>90d,196,67615.44,1,31148.179656834505,5592061.689083756,38090.208671999884,38090.208671999884,4.652716166467811,False,55.70070823367124,38047.47836730311,,,,,,,,,,,
pm2_holding,HYPE|buy|10-25|2-7d,HYPE,buy,10-25,2-7d,1329,840716.6448156161,0,114866.59957255353,48018849.47311279,514489.4479847114,514489.4479847114,71.70923379174853,True,23.921147806107022,160100.38448555654,23.0,17.0,-6.0,18.575458586295095,29.24699211531,124993.16170492682,197661.7574441043,17.0,33.0,14.0,22.0
pm2_holding,HYPE|buy|10-25|30-90d,HYPE,buy,10-25,30-90d,1554,1331089.4059496867,0,154401.76373642494,72712401.00495721,2117384.2808818785,2117384.2808818785,14.015551502351924,True,21.234584692905205,10220.279291015295,27.0,62.0,35.0,12.087111794606574,31.239268500449302,5754.946317083751,15109.962169631684,16.0,46.0,52.0,76.0
pm2_holding,HYPE|buy|10-25|7-30d,HYPE,buy,10-25,7-30d,3225,1765183.4789893222,0,231581.24207121198,97121301.96090691,1688646.0681135796,1688646.0681135796,32.78865243130104,True,23.844536409162597,44966.42013541959,24.0,34.0,10.0,17.56071047636665,30.3656953942749,31163.382504603745,60857.52416815344,16.0,35.0,28.0,42.0
pm2_holding,HYPE|buy|10-25|<=2d,HYPE,buy,10-25,<=2d,610,666964.7343000001,0,-13857.277246816118,43238338.69596843,250122.9753690175,250122.9753690175,275.44675199227237,True,-3.204858850904043,-152602.61491214932,134.0,171.0,37.0,-10.744615407032084,5.522140230527417,-488033.98001561203,265627.83802055754,68.0,158.0,13.0,178.0
pm2_holding,HYPE|buy|10-25|>90d,HYPE,buy,10-25,>90d,761,814098.5860000001,0,220869.3166618409,50312146.30953407,2352850.6932572164,2352850.6932572164,12.145573853407916,True,43.899800120430655,11401.422985129744,6.0,60.0,54.0,18.510903502772646,65.95381449275493,4573.027076141267,17787.685667366142,4.0,32.0,49.0,80.0
pm2_holding,HYPE|buy|25-40|2-7d,HYPE,buy,25-40,2-7d,1522,1099165.3947580706,0,172594.7406684047,60125902.284704655,1178944.5270005988,1178944.5270005988,84.78848177512236,True,28.705555195021304,124128.36811648874,14.0,21.0,7.0,21.884524416420895,36.5902671525754,92818.90899385403,162376.02700993366,11.0,27.0,17.0,25.0
pm2_holding,HYPE|buy|25-40|30-90d,HYPE,buy,25-40,30-90d,1320,2221096.55,0,334407.1303539116,121168536.36473154,7693413.874757223,7693413.874757223,17.76821485422762,True,27.598511988896757,7723.252430770217,18.0,69.0,51.0,3.74256760784495,42.392244405533376,968.5118342899553,12745.366613593436,8.0,77.0,56.0,101.0
pm2_holding,HYPE|buy|25-40|7-30d,HYPE,buy,25-40,7-30d,3682,3136372.274009669,0,455576.11329303245,159449466.58195916,5817663.96320852,5817663.96320852,35.9216612538136,True,28.571817959570296,28129.93483387063,15.0,42.0,27.0,14.229553022265291,42.45127003195065,13601.956455059284,43313.039737412895,9.0,41.0,35.0,55.0
pm2_holding,HYPE|buy|25-40|<=2d,HYPE,buy,25-40,<=2d,661,297105.3499,0,19211.728908989637,16224856.012202786,169093.73094648268,169093.73094648268,276.7646590486878,True,11.840924131801485,314448.53522778914,43.0,10.0,-33.0,3.921544099575518,21.598419654637723,97940.03806332334,616564.4355122478,27.0,75.0,6.0,23.0
pm2_holding,HYPE|buy|25-40|>90d,HYPE,buy,25-40,>90d,641,707245.6252954319,0,108762.81500376835,38325208.09569437,3493250.859146566,3493250.859146566,17.838205036727153,True,28.378923535704757,5553.948092015461,16.0,75.0,59.0,-4.377614732924744,72.33467375304166,-833.9061753811621,15071.223932298117,4.0,139.10000000000036,53.0,117.0
pm2_holding,HYPE|buy|40-60|2-7d,HYPE,buy,40-60,2-7d,1594,747157.1891,0,120164.11541879136,37806932.730523944,1321277.202312088,1321277.202312088,57.193805519123885,True,31.783619230706655,52015.14894538064,12.0,30.0,18.0,22.87724254748274,40.910516803441276,37245.32320169867,67120.11868165966,9.0,25.0,27.0,39.0
pm2_holding,HYPE|buy|40-60|30-90d,HYPE,buy,40-60,30-90d,1229,712772.4800000001,0,74022.74044954445,35727953.87697373,3883202.398611713,3883202.398611713,14.646869983948635,True,20.718438202320698,2792.0292169361737,29.0,87.0,58.0,0.3114608215075988,37.58715702286475,42.18634155039646,5073.278887449527,11.0,106.0,77.0,109.0
pm2_holding,HYPE|buy|40-60|7-30d,HYPE,buy,40-60,7-30d,2850,2387897.8559115394,0,257339.51685336806,130525092.8082182,8520640.417876018,8520640.417876018,33.24558926668428,True,19.715712229485217,10040.799118156776,31.0,63.0,32.0,7.811894257557664,33.11325997226122,3787.5117040150158,17882.849273116113,14.0,58.0,49.0,84.0
pm2_holding,HYPE|buy|40-60|<=2d,HYPE,buy,40-60,<=2d,631,312308.5,0,4330.9886041414165,16373270.56645216,291838.6202285479,291838.6202285479,281.1303751742623,True,2.6451579032813086,41720.74450613193,82.0,36.0,-46.0,-4.1589336982892595,14.492534747097595,-66151.72132526914,218234.2597902616,41.0,139.0,15.0,164.0
pm2_holding,HYPE|buy|40-60|>90d,HYPE,buy,40-60,>90d,473,404024.9517235621,0,62826.74999553084,22352507.79022486,2680046.9088847646,2680046.9088847646,28.033148237751817,True,28.107248898043583,6571.644660704025,17.0,71.0,54.0,-3.0956809760608994,52.10606575593227,-714.3942037354733,13149.180389085264,6.0,132.0,56.0,115.0
pm2_holding,HYPE|buy|60-75|2-7d,HYPE,buy,60-75,2-7d,598,340441.6061173347,0,-2372.2444233653564,19890644.380103793,1193424.747064646,1193424.747064646,91.15497094279213,True,-1.1926433241842402,-1811.9439203262662,116.0,117.0,1.0,-20.349833208566093,58.47992378606983,-34322.91306913089,71996.07103086964,6.0,168.0,27.0,158.0
pm2_holding,HYPE|buy|60-75|30-90d,HYPE,buy,60-75,30-90d,288,323640.50000000006,0,-17384.63664816757,16086607.924065053,2499117.921278648,2499117.921278648,9.789800904953102,True,-10.806900205580758,-681.0088077133819,157.0,113.0,-44.0,-47.094773404719874,26.216397108931478,-3044.605663812645,1658.3974045560885,22.0,175.0,94.0,126.0
pm2_holding,HYPE|buy|60-75|7-30d,HYPE,buy,60-75,7-30d,1034,777642.4474711823,0,96971.34920737275,37148326.960239545,3898175.8324881266,3898175.8324881266,26.093235060729324,True,26.10382677829953,6490.9750553992035,19.0,72.0,53.0,9.895382683837273,44.0086897608001,2487.720741089696,10797.186092222573,8.0,51.0,60.0,90.0
pm2_holding,HYPE|buy|60-75|<=2d,HYPE,buy,60-75,<=2d,335,242733.0,0,14196.541091035242,12524345.505846024,361616.43462632765,361616.43462632765,298.48793372750094,True,11.335156064170125,117182.06946870212,44.0,23.0,-21.0,-11.601671961622124,80.12704001039194,-128116.5602117277,701096.2970897851,3.0,159.0,5.0,169.0
pm2_holding,HYPE|buy|60-75|>90d,HYPE,buy,60-75,>90d,189,225064.1117235621,0,19465.10273330823,14639249.865616588,2504886.5772495368,2504886.5772495368,25.67078102472131,False,13.296516496399308,1994.8383868108426,,,,,,,,,,,
pm2_holding,HYPE|buy|75-90|2-7d,HYPE,buy,75-90,2-7d,203,188741.05574649255,0,16687.558831560844,13153096.572728217,1184236.0769469985,1184236.0769469985,109.49124070074393,True,12.687171221840659,15428.862169481337,42.0,51.0,9.0,8.089566895352739,57.8028321658697,9976.295603927156,61597.66854019843,5.0,58.0,29.0,63.0
pm2_holding,HYPE|buy|75-90|30-90d,HYPE,buy,75-90,30-90d,218,97515.8,0,19382.345819161437,5547885.971085027,994446.3490175903,994446.3490175903,8.842332728501624,True,34.936453128597265,1723.422796626671,9.0,91.0,82.0,7.508974662278641,69.83722550079038,373.1264481757847,3470.6576047543963,4.0,59.0,84.0,106.0
pm2_holding,HYPE|buy|75-90|7-30d,HYPE,buy,75-90,7-30d,736,616316.6828295654,0,105810.5441870752,29994681.897750992,4138964.131916039,4138964.131916039,21.255532261821568,True,35.276434851942504,5433.870320997738,8.0,76.0,68.0,4.346203212477698,62.45910540260246,651.739205586095,9533.869491441726,4.0,72.0,62.0,103.0
pm2_holding,HYPE|buy|75-90|<=2d,HYPE,buy,75-90,<=2d,255,129417.43853381717,0,-8391.674711045516,4799263.329509262,392155.61264305393,392155.61264305393,279.9530599252947,True,-17.485339175801357,-59906.70380620695,166.0,162.0,-4.0,-38.46797335374881,27.663177410868627,-114975.34317249246,169436.857236332,19.0,174.0,17.0,170.0
pm2_holding,HYPE|buy|75-90|>90d,HYPE,buy,75-90,>90d,51,124303.0,0,86237.18904161266,8695822.927976971,1679504.3074004797,1679504.3074004797,5.911974745339663,False,99.17082000849251,3035.610456469799,,,,,,,,,,,
pm2_holding,HYPE|buy|90-100|2-7d,HYPE,buy,90-100,2-7d,131,26348.177435110887,0,6711.044598912704,1742415.613524028,259687.59119118282,259687.59119118282,121.25842995249327,False,38.51575104598406,31336.527389412837,,,,,,,,,,,
pm2_holding,HYPE|buy|90-100|30-90d,HYPE,buy,90-100,30-90d,25,29859.16,0,22647.108188593567,2003909.811793329,452815.40865902463,452815.40865902463,1309.008488830392,False,113.0146080193416,654687.4576137159,,,,,,,,,,,
pm2_holding,HYPE|buy|90-100|7-30d,HYPE,buy,90-100,7-30d,99,92673.0,0,38070.68203396223,6996407.942538326,1402457.5105459807,1402457.5105459807,30.74409123835515,False,54.41461153585911,8345.696843984128,,,,,,,,,,,
pm2_holding,HYPE|buy|90-100|<=2d,HYPE,buy,90-100,<=2d,146,30686.704319381675,0,-588.8540583127258,1553731.4057431093,177003.61541180676,177003.61541180676,243.2490070109029,False,-3.789934709024512,-8092.386397060924,,,,,,,,,,,
pm2_holding,HYPE|buy|90-100|>90d,HYPE,buy,90-100,>90d,8,15820.0,0,7528.6933491091095,955641.2577610668,249733.6793394569,249733.6793394569,,False,78.78158553710604,,,,,,,,,,,,
pm2_holding,HYPE|sell|00-10|2-7d,HYPE,sell,00-10,2-7d,439,257146.83544480367,0,9809.700606185052,17623298.023137182,3686699.777580796,3686699.777580796,79.78804796901163,True,5.566325096078012,2123.0284800720588,69.0,89.0,20.0,2.1416871460988993,10.442268635046128,776.3229593393588,4027.8623845699512,50.0,87.0,81.0,103.0
pm2_holding,HYPE|sell|00-10|30-90d,HYPE,sell,00-10,30-90d,450,360342.00815227383,0,-17350.93894959654,20874509.31913908,4442087.2521806685,4442087.2521806685,10.120587493172069,True,-8.312022421378831,-395.3134771089291,152.0,112.0,-40.0,-12.920252060941374,-2.8150176327894165,-653.3356810434816,-162.53116130654467,132.0,161.0,105.0,119.0
pm2_holding,HYPE|sell|00-10|7-30d,HYPE,sell,00-10,7-30d,685,262242.7688180837,0,1834.5903743642978,15678097.547881149,3167002.0708850008,3167002.0708850008,36.40062629022768,True,1.1701613469117862,210.86263007785888,93.0,104.0,11.0,-1.8546523815666627,4.6105052968669975,-324.1358458454708,828.478492814216,70.0,126.0,98.0,115.0
pm2_holding,HYPE|sell|00-10|<=2d,HYPE,sell,00-10,<=2d,506,272085.82325367164,0,7736.876631882691,12339266.906445906,3992185.143525117,3992185.143525117,502.33482474019655,True,6.270126653829838,9735.276364165604,61.0,64.0,3.0,4.334941817958812,8.706816752596696,6587.334238812645,13844.229195396525,54.0,74.0,54.0,74.0
pm2_holding,HYPE|sell|00-10|>90d,HYPE,sell,00-10,>90d,149,220096.8434997073,0,-26006.52678361446,15172607.717670321,1616138.7699638943,1616138.7699638943,3.625419654740857,False,-17.140446301347882,-583.3940445285325,,,,,,,,,,,
pm2_holding,HYPE|sell|10-25|2-7d,HYPE,sell,10-25,2-7d,806,276804.0565596901,0,9446.867588099085,16709187.952048501,4078840.406891608,4078840.406891608,133.2267519317879,True,5.653696406557522,3085.6208116543007,68.0,86.0,18.0,-1.9577937482924728,13.354349546114047,-1022.1884841419744,7597.6864417157085,43.0,125.0,69.0,117.0
pm2_holding,HYPE|sell|10-25|30-90d,HYPE,sell,10-25,30-90d,1187,1470086.94,0,-126820.08945055566,76135092.9082061,19540414.740413304,19540414.740413304,13.38069733595815,True,-16.657244984708825,-868.4264155086875,165.0,114.0,-51.0,-29.509833549070425,-4.083634453131275,-1503.2961471498475,-230.78427851308228,138.0,172.0,108.0,123.0
pm2_holding,HYPE|sell|10-25|7-30d,HYPE,sell,10-25,7-30d,1755,1320103.308729277,0,-9689.375757346996,74169416.58267108,19558178.80415394,19558178.80415394,44.789177952925954,True,-1.306384248896845,-221.8914037928771,119.0,109.0,-10.0,-11.217321529892937,7.651999642844808,-1810.3274838638347,1365.7125628191736,59.0,158.0,96.0,123.0
pm2_holding,HYPE|sell|10-25|<=2d,HYPE,sell,10-25,<=2d,788,324095.0,0,6854.084427176393,15173703.749546627,5078203.352715625,5078203.352715625,424.93742359857964,True,4.517080694541162,5735.40832320935,74.0,74.0,0.0,-1.9573614567273425,10.734543263020598,-2420.967461244227,14021.988610822666,49.0,125.0,54.0,123.0
pm2_holding,HYPE|sell|10-25|>90d,HYPE,sell,10-25,>90d,467,422184.0695248364,0,-105873.07581349298,27618956.914338212,4801476.207314442,4801476.207314442,9.144134100605518,True,-38.33348092828575,-2016.2915759268988,175.0,119.0,-56.0,-77.88954403046553,-10.986174442843938,-4063.4873059780402,-575.2743935456668,158.0,178.0,113.0,130.0
pm2_holding,HYPE|sell|25-40|2-7d,HYPE,sell,25-40,2-7d,826,583851.6068194897,1,33612.64487551172,36271323.17258655,10172622.930624492,10172622.930624492,137.23919852308063,True,9.267002671938853,4534.69323931087,52.0,80.0,28.0,-7.151828684661573,20.71385686973061,-3689.7196698073994,10231.838014627225,28.0,149.0,60.0,128.0
pm2_holding,HYPE|sell|25-40|30-90d,HYPE,sell,25-40,30-90d,980,1358125.6,0,-3195.75374757487,78852695.64756235,19781543.36490156,19781543.36490156,38.675537669443884,True,-0.4052814835726752,-62.48121906701055,110.0,108.0,-2.0,-24.168692654434565,31.03407021586557,-4018.527575562667,4410.191032236881,16.0,169.0,80.0,129.0
pm2_holding,HYPE|sell|25-40|7-30d,HYPE,sell,25-40,7-30d,1635,1288531.3308535074,0,-102507.53270296573,77487524.64428084,19850026.084382307,19850026.084382307,86.60145063361418,True,-13.22890790143876,-4472.186079359362,160.0,125.0,-35.0,-28.303586814066886,1.5387384078427493,-9554.589855171536,524.9875340131995,92.0,170.0,104.0,140.0
pm2_holding,HYPE|sell|25-40|<=2d,HYPE,sell,25-40,<=2d,959,608938.0285338172,0,-17675.23366894707,28577138.18199381,9990432.15825107,9990432.15825107,500.0993347993779,True,-6.185095777044627,-8847.838071713028,146.0,140.0,-6.0,-13.250318043149012,3.1487029857880304,-20129.643730757947,4578.566607647935,79.0,161.0,80.0,150.0
pm2_holding,HYPE|sell|25-40|>90d,HYPE,sell,25-40,>90d,496,939838.876408579,0,14853.278188689424,50675152.598963894,14478144.870159121,14478144.870159121,15.532972457699248,True,2.931077150617819,159.35436693065924,79.0,105.0,26.0,-20.7854449285443,26.675184742447758,-1220.9843033068373,1382.2848571144773,21.0,167.0,95.0,119.0
pm2_holding,HYPE|sell|40-60|2-7d,HYPE,sell,40-60,2-7d,955,241685.2393999999,0,5787.26645945119,11730354.30138622,3696387.4500248185,3696387.4500248185,145.67310954218735,True,4.933581979503625,2280.737915858359,72.0,88.0,16.0,-5.792555168797415,16.89600149363456,-2642.534856169086,7885.122598130513,35.0,145.0,67.0,124.0
pm2_holding,HYPE|sell|40-60|30-90d,HYPE,sell,40-60,30-90d,1142,1608187.63,0,114226.43810479007,81924997.88940117,25920539.61296006,25920539.61296006,32.42081327388037,True,13.942806353073806,1428.7179495615999,40.0,96.0,56.0,-4.354414811601769,35.772419104243454,-458.4898050567056,3461.8587494559324,12.0,139.0,84.0,113.0
pm2_holding,HYPE|sell|40-60|7-30d,HYPE,sell,40-60,7-30d,1487,1845657.5632022247,0,166551.88626025335,93724842.42970918,30469120.744158693,30469120.744158693,150.45838279910302,True,17.77030314936643,8224.434065319068,34.0,66.0,32.0,-4.61374038980132,37.79423335141126,-2108.769837887317,17837.216317720777,10.0,141.0,48.0,123.0
pm2_holding,HYPE|sell|40-60|<=2d,HYPE,sell,40-60,<=2d,1055,251157.9037,0,11500.421268437105,11131846.194635203,3829773.56134568,3829773.56134568,495.1341203026694,True,10.33109968226073,14868.375053111255,47.0,52.0,5.0,-0.05086801787531606,20.183724943215577,-70.15623205597309,29366.18049182503,30.0,109.0,41.0,109.0
pm2_holding,HYPE|sell|40-60|>90d,HYPE,sell,40-60,>90d,582,446882.04,0,65566.06091875226,26434748.325285982,8101931.54126337,8101931.54126337,11.765047173004213,True,24.802982843621585,952.1035764477743,21.0,97.0,76.0,-0.14159141059431105,56.87483262947791,-5.527340687735001,2226.8695509347317,5.0,110.0,89.0,111.0
pm2_holding,HYPE|sell|60-75|2-7d,HYPE,sell,60-75,2-7d,263,69056.019,0,-22809.7368447181,2864158.4692782513,1026191.6670593922,1026191.6670593922,245.394648379723,True,-79.63852939486969,-54545.24269022011,179.0,159.0,-20.0,-153.51697737806782,-18.233775339031457,-102761.87739250332,-12548.3156289182,167.0,180.0,144.0,169.0
pm2_holding,HYPE|sell|60-75|30-90d,HYPE,sell,60-75,30-90d,160,90205.765,0,-26401.274343311037,4703422.652323902,1620479.2438475173,1620479.2438475173,14.699486122074198,False,-56.132047436278135,-2394.878967367335,,,,,,,,,,,
pm2_holding,HYPE|sell|60-75|7-30d,HYPE,sell,60-75,7-30d,255,244720.57349999997,0,-12128.110138488046,14217196.63898505,4817122.807248911,4817122.807248911,124.89862679948125,True,-8.530591822322757,-3144.5831102552397,153.0,121.0,-32.0,-84.89358327126243,90.83387452659473,-28501.929962302747,38153.789275959265,3.0,178.0,37.0,155.0
pm2_holding,HYPE|sell|60-75|<=2d,HYPE,sell,60-75,<=2d,197,45060.3,0,-2270.6951016751245,1961438.714600365,708627.9871792325,708627.9871792325,752.3601434637424,False,-11.576681365432156,-24108.284224831426,,,,,,,,,,,
pm2_holding,HYPE|sell|60-75|>90d,HYPE,sell,60-75,>90d,204,196799.48313556152,0,56642.38159611183,11264975.545602487,3889493.558290228,3889493.558290228,12.217123386251886,True,50.2818504725679,1779.1698442998807,5.0,90.0,85.0,-16.569464620854117,140.75484277099739,-531.8055230031217,5515.344904600395,2.0,163.0,75.0,113.0
pm2_holding,HYPE|sell|75-90|2-7d,HYPE,sell,75-90,2-7d,162,26282.446781150546,0,1371.5907403457193,1589919.8805116126,477770.8330479762,477770.8330479762,70.36239525159857,False,8.626791558228467,2019.972822115475,,,,,,,,,,,
pm2_holding,HYPE|sell|75-90|30-90d,HYPE,sell,75-90,30-90d,104,34505.37247765609,0,-7145.005816873126,2038720.8735607064,628852.0981425565,628852.0981425565,11.752129872304256,False,-35.046513279643285,-1335.2748054158058,,,,,,,,,,,
pm2_holding,HYPE|sell|75-90|7-30d,HYPE,sell,75-90,7-30d,269,166704.45947260284,0,-66042.78085671061,8890662.225416668,3124403.965617558,3124403.965617558,36.812909732728194,True,-74.28330891697493,-7781.4103327573075,178.0,139.0,-39.0,-130.2716477587919,57.71058953678729,-12701.182681179544,7160.361175789462,6.0,179.0,71.0,145.0
pm2_holding,HYPE|sell|75-90|<=2d,HYPE,sell,75-90,<=2d,240,112302.0,0,-23668.579253935015,3843216.7041143994,1481940.8805460096,1481940.8805460096,600546.250287933,True,-61.58533612896808,-95915273.72776417,177.0,181.0,4.0,-84.34805923941578,5.755450312607196,-128194271.00238383,10330448.427729301,67.0,178.0,1.0,181.0
pm2_holding,HYPE|sell|75-90|>90d,HYPE,sell,75-90,>90d,47,21457.0,0,12927.603901824246,1221473.3313136173,421742.4497836105,421742.4497836105,3.15492860353352,False,105.83615352388763,967.075221997296,,,,,,,,,,,
pm2_holding,HYPE|sell|90-100|2-7d,HYPE,sell,90-100,2-7d,76,168351.759,0,5133.1139176080615,12111354.13446895,3700925.1432925733,3700925.1432925733,64.35857423717457,False,4.238265895470106,892.6413811232715,,,,,,,,,,,
pm2_holding,HYPE|sell|90-100|30-90d,HYPE,sell,90-100,30-90d,44,9009.0,0,-2792.942111472703,671023.2055382706,201047.96379252942,201047.96379252942,6.609110069748746,False,-41.62213897256065,-918.1322449108765,,,,,,,,,,,
pm2_holding,HYPE|sell|90-100|7-30d,HYPE,sell,90-100,7-30d,94,76307.09000168307,0,81861.97913695022,4170685.1889897296,1502746.9868599183,1502746.9868599183,38.29391682771095,False,196.27944912519217,20860.569662312682,,,,,,,,,,,
pm2_holding,HYPE|sell|90-100|<=2d,HYPE,sell,90-100,<=2d,175,40780.90613262388,0,-8821.522820873002,2191114.9678887525,737540.1413598892,737540.1413598892,1078.1910022745399,False,-40.26042882347235,-128959.57790565427,,,,,,,,,,,
pm2_holding,HYPE|sell|90-100|>90d,HYPE,sell,90-100,>90d,27,12329.467658247022,0,509.20787895713653,586641.1587163773,244790.99366719596,244790.99366719596,2.4129678843890896,False,8.680057159155494,50.193932382656676,,,,,,,,,,,
pm2_holding_excl_transfer,BTC|buy|00-10|2-7d,BTC,buy,00-10,2-7d,2259,3724.674916955914,0,68127.87167872435,275494476.7852959,310449.86436221877,310449.86436221877,161.36091352381288,True,2.4729305819012546,354104.7000647333,82.0,10.0,-72.0,1.1515663108331504,3.81123876214118,165811.41159462897,580087.064197293,70.0,94.0,6.0,17.0
pm2_holding_excl_transfer,BTC|buy|00-10|30-90d,BTC,buy,00-10,30-90d,1061,3691.3077370665183,2,182379.86144893864,268896760.6410184,1095682.1592089878,1095682.1592089878,155.90228984157767,True,6.782523560870216,259504.43549620564,57.0,12.0,-45.0,5.204047005065262,8.194419975737297,190195.93637163407,349869.158089336,52.0,67.0,9.0,16.0
pm2_holding_excl_transfer,BTC|buy|00-10|7-30d,BTC,buy,00-10,7-30d,2003,4213.8085279094985,7,88280.0253567816,305339501.18033373,578558.3572326835,578558.3572326835,753.0337978073306,True,2.891208802514004,1149025.710784241,77.0,3.0,-74.0,1.931144338612762,3.9920248781829617,779741.8293038458,1534120.7266140988,69.0,87.0,2.0,5.0
pm2_holding_excl_transfer,BTC|buy|00-10|<=2d,BTC,buy,00-10,<=2d,2209,2196.407384557396,0,-29564.44948030354,166832040.98966768,121893.99913402354,121893.99913402354,773.874013310633,True,-1.7721086012569098,-1876971.740461655,119.0,170.0,51.0,-3.0666277602763667,-0.6641050199389604,-2801904.860844265,-816174.3501164196,111.0,131.0,170.0,172.0
pm2_holding_excl_transfer,BTC|buy|00-10|>90d,BTC,buy,00-10,>90d,423,1694.2726089303912,2,152334.16823279145,117117563.05310363,499009.34618057834,499009.34618057834,,False,13.006944839154471,,,,,,,,,,,,
pm2_holding_excl_transfer,BTC|buy|10-25|2-7d,BTC,buy,10-25,2-7d,3418,5924.722609999993,0,64528.10715373823,440901313.04863405,1817233.1035535592,1817233.1035535592,431.1582090751125,True,1.4635498975395518,153099.91360496223,87.0,18.0,-69.0,-1.8435689514808746,4.768895727561433,-167952.0499162729,572881.7167297207,66.0,122.0,7.0,163.0
pm2_holding_excl_transfer,BTC|buy|10-25|30-90d,BTC,buy,10-25,30-90d,1961,3754.4555819764687,0,220211.06749440214,275977039.4202416,3240308.9286515303,3240308.9286515303,85.34258618432128,True,7.979325669882185,57998.73536812231,53.0,21.0,-32.0,5.726126371139343,9.925402104109692,38984.7108658584,75420.9837612555,48.0,65.0,20.0,30.0
pm2_holding_excl_transfer,BTC|buy|10-25|7-30d,BTC,buy,10-25,7-30d,3444,5084.8181825111515,0,107556.23430528959,378462278.6703313,2738178.7251323005,2738178.7251323005,609.1709433804815,True,2.8419274619169914,239283.62351526058,78.0,13.0,-65.0,1.5342116106824728,4.134916868508419,122479.49980840756,363702.40505879786,68.0,90.0,9.0,19.0
pm2_holding_excl_transfer,BTC|buy|10-25|<=2d,BTC,buy,10-25,<=2d,2872,1681.7235419999727,0,-11369.225317826103,128269907.61394277,265053.1955102544,265053.1955102544,770.5819265814874,True,-0.8863517195353686,-330534.3869665031,111.0,167.0,56.0,-2.037659757913748,0.22547836805206864,-739603.4015564816,86026.235284166,102.0,125.0,22.0,169.0
pm2_holding_excl_transfer,BTC|buy|10-25|>90d,BTC,buy,10-25,>90d,625,1851.8525112313132,2,242724.43733266953,141349254.55823362,2782943.317583294,2782943.317583294,,False,17.171964443057675,,,,,,,,,,,,
pm2_holding_excl_transfer,BTC|buy|25-40|2-7d,BTC,buy,25-40,2-7d,1724,1899.9409219132874,0,-16616.329336433017,133827552.6527516,1252106.7488281757,1252106.7488281757,147.88164606452503,True,-1.2416224467280037,-19624.92523997389,114.0,152.0,38.0,-6.1103324067551315,1.1774485454119683,-99181.03639891975,18243.104649797064,92.0,144.0,39.0,162.0
pm2_holding_excl_transfer,BTC|buy|25-40|30-90d,BTC,buy,25-40,30-90d,1842,1392.6729665783673,0,10417.17129486432,111069968.91094509,3333961.5478767864,3333961.5478767864,819.78443038458,True,0.9378926992602937,25614.677054741336,96.0,33.0,-63.0,-2.2868625589712455,4.4232565495913025,-62564.38598157808,120432.20703376671,68.0,125.0,19.0,159.0
pm2_holding_excl_transfer,BTC|buy|25-40|7-30d,BTC,buy,25-40,7-30d,2690,4536.390241060661,0,32772.29887960242,338134097.1451472,6168371.115461041,6168371.115461041,219.03767448001057,True,0.9692101197808101,11637.380435751293,95.0,43.0,-52.0,-2.3264236770274627,3.3902638917449566,-30791.423585244927,38409.04166869145,73.0,125.0,28.0,154.0
pm2_holding_excl_transfer,BTC|buy|25-40|<=2d,BTC,buy,25-40,<=2d,2174,1052.1942770000005,0,-18624.69166470446,82702907.66400895,411154.76135014213,411154.76135014213,770.834169283631,True,-2.2519996201789705,-349176.27319655666,125.0,168.0,43.0,-4.064415294890217,-0.3224424983495336,-637236.8688411358,-49542.3495833358,108.0,136.0,158.0,169.0
pm2_holding_excl_transfer,BTC|buy|25-40|>90d,BTC,buy,25-40,>90d,542,610.9403282354809,1,51955.66328836472,51397764.859522216,1997209.6497493726,1997209.6497493726,,False,10.108545270473789,,,,,,,,,,,,
pm2_holding_excl_transfer,BTC|buy|40-60|2-7d,BTC,buy,40-60,2-7d,2085,2462.631527725737,0,-140977.92638966074,191229795.91991636,3404531.4494820386,3404531.4494820386,136.74048155127392,True,-7.372173656907514,-56622.738925073216,148.0,158.0,10.0,-10.478200282047164,-3.691954740481898,-81168.40489707532,-28382.543811802065,132.0,154.0,153.0,162.0
pm2_holding_excl_transfer,BTC|buy|40-60|30-90d,BTC,buy,40-60,30-90d,1968,2656.1469040851057,0,-285686.3793151727,218884824.5583354,11796149.757707244,11796149.757707244,67937.05864178,True,-13.051904347029497,-16453412.938413776,155.0,172.0,17.0,-31.05024624371257,-1.8613355501750641,-39021779.01803381,-2357718.1522861,123.0,166.0,171.0,173.0
pm2_holding_excl_transfer,BTC|buy|40-60|7-30d,BTC,buy,40-60,7-30d,2595,2317.112974460847,1,-69960.79848304378,181338842.68358234,6017005.42536595,6017005.42536595,51.832822815530534,True,-3.8580150533506044,-6026.695034239725,136.0,134.0,-2.0,-7.689221242603771,-0.4492785415998924,-12654.775658832323,-688.1304537987903,110.0,147.0,114.0,146.0
pm2_holding_excl_transfer,BTC|buy|40-60|<=2d,BTC,buy,40-60,<=2d,2355,1181.472832522489,0,-33989.29965669814,94474957.04452208,834158.9700674353,834158.9700674353,735.406710132897,True,-3.5977046955078698,-299654.6214474305,135.0,165.0,30.0,-6.579589655928893,-0.5081157054617512,-569844.9948958525,-41371.9050772304,110.0,145.0,157.0,169.0
pm2_holding_excl_transfer,BTC|buy|40-60|>90d,BTC,buy,40-60,>90d,617,424.9740583570257,0,53607.90746759576,34239996.33974138,2545886.433081484,2545886.433081484,7737.181715661751,True,15.65651670510683,1629193.3374700285,37.0,2.0,-35.0,11.386715483152498,20.6719632798914,1175865.4065654732,2128244.113050974,28.0,46.0,2.0,4.0
pm2_holding_excl_transfer,BTC|buy|60-75|2-7d,BTC,buy,60-75,2-7d,942,977.942774747913,0,-27339.42229389856,77082232.24172649,2196401.157411085,2196401.157411085,148.36131874921247,True,-3.5467865289841805,-18467.085266633992,134.0,150.0,16.0,-8.903437311732993,1.5693711732019682,-48363.32973092614,7982.498906607235,89.0,150.0,57.0,158.0
pm2_holding_excl_transfer,BTC|buy|60-75|30-90d,BTC,buy,60-75,30-90d,566,1121.7226745889857,0,195470.0379779214,84834145.49823053,5446842.578639535,5446842.578639535,1648.0117753827676,True,23.041434180768462,591419.560362238,25.0,6.0,-19.0,-2.9616691040793994,34.685114090863216,-67137.75321888394,968977.7943903018,12.0,130.0,4.0,159.0
pm2_holding_excl_transfer,BTC|buy|60-75|7-30d,BTC,buy,60-75,7-30d,903,1270.7951439006624,0,-60210.55196681071,96058141.2712208,4749599.426788743,4749599.426788743,63.318917437335955,True,-6.2681362735102075,-8026.923170277887,144.0,141.0,-3.0,-12.626491574111359,-3.022339200342947,-17399.8173324902,-3699.6712692369438,129.0,156.0,128.0,150.0
pm2_holding_excl_transfer,BTC|buy|60-75|<=2d,BTC,buy,60-75,<=2d,887,744.0871800000008,0,-50097.862643657405,56717510.89249681,913040.7862021825,913040.7862021825,582.9981759344741,True,-8.832873984652398,-319886.72336265765,151.0,166.0,15.0,-14.680754577200512,-0.8575261600980926,-470733.53776802897,-36523.17078711093,112.0,159.0,155.89999999999986,169.0
pm2_holding_excl_transfer,BTC|buy|60-75|>90d,BTC,buy,60-75,>90d,161,53.19105999999998,0,7299.3511260368805,3943112.0672782,358275.8423464437,358275.8423464437,7737.181715661751,False,18.51165019277624,1576338.6584674136,,,,,,,,,,,
pm2_holding_excl_transfer,BTC|buy|75-90|2-7d,BTC,buy,75-90,2-7d,592,439.9981589062513,0,14286.958428348475,33745092.016397215,1371147.5024764263,1371147.5024764263,130.61323809898695,True,4.233788552541579,13609.519760214787,72.0,39.0,-33.0,-8.818510601420144,16.499521127198093,-29420.49443795371,50355.09468625359,36.0,149.0,25.0,154.0
pm2_holding_excl_transfer,BTC|buy|75-90|30-90d,BTC,buy,75-90,30-90d,278,376.41903570272615,0,64425.04181258441,30358977.235954348,2905786.476359945,2905786.476359945,34281.635374890815,True,21.22108439683712,7600681.641267062,28.0,1.0,-27.0,4.195601581492363,38.13276780692007,1431429.3287178625,14478868.093892084,11.0,70.0,1.0,2.0
pm2_holding_excl_transfer,BTC|buy|75-90|7-30d,BTC,buy,75-90,7-30d,750,728.8422936902381,0,91162.59183861875,53777669.26767247,4355412.991269012,4355412.991269012,49.10989988307807,True,16.951755827287144,10279.130285121464,35.0,46.0,11.0,-1.8638296769381928,32.171029969566675,-1118.8787654442963,19481.544328008284,15.0,121.10000000000036,37.0,118.0
pm2_holding_excl_transfer,BTC|buy|75-90|<=2d,BTC,buy,75-90,<=2d,681,410.72342966684874,0,6508.528222288825,32495970.96336355,675421.1213155336,675421.1213155336,595.1750059109847,True,2.002872365200793,57352.564213977195,84.0,22.0,-62.0,-6.26273354108454,11.597777802287272,-173958.34717155635,337407.9234577211,45.0,143.0,10.0,163.0
pm2_holding_excl_transfer,BTC|buy|75-90|>90d,BTC,buy,75-90,>90d,100,42.97400385325913,0,24713.963649545312,3691137.9216785305,420492.10516750935,420492.10516750935,,False,66.95486371397017,,,,,,,,,,,,
pm2_holding_excl_transfer,BTC|buy|90-100|2-7d,BTC,buy,90-100,2-7d,328,603.8020778183214,0,26095.178269503223,48768348.55964007,3727334.605663453,3727334.605663453,142.35902556222064,True,5.350843126785554,9966.596893861846,67.0,49.0,-18.0,-0.5556893642052647,14.796919807470603,-939.7228258632952,26999.3478535122,39.0,110.0,33.0,116.0
pm2_holding_excl_transfer,BTC|buy|90-100|30-90d,BTC,buy,90-100,30-90d,73,19.79606645463951,0,-2196.0007824636587,1614251.9201649087,190555.11141921024,190555.11141921024,,False,-13.603829458287525,,,,,,,,,,,,
pm2_holding_excl_transfer,BTC|buy|90-100|7-30d,BTC,buy,90-100,7-30d,313,400.00955895581995,0,-102478.2579147689,27558285.449235346,2981725.4048615308,2981725.4048615308,,False,-37.18600640215531,,,,,,,,,,,,
pm2_holding_excl_transfer,BTC|buy|90-100|<=2d,BTC,buy,90-100,<=2d,595,426.1481808426069,0,135188.21918718633,34765479.40087664,1324556.601421542,1324556.601421542,807.5078317197925,True,38.885762980094974,824166.7108279566,7.0,5.0,-2.0,11.524617517211398,109.60651651169258,239339.31714216527,2439305.421970283,2.0,45.0,2.0,13.0
pm2_holding_excl_transfer,BTC|buy|90-100|>90d,BTC,buy,90-100,>90d,48,18.851497400000007,0,18220.82720731041,1475650.7418919094,234294.0501865762,234294.0501865762,,False,123.47655641029098,,,,,,,,,,,,
pm2_holding_excl_transfer,BTC|sell|00-10|2-7d,BTC,sell,00-10,2-7d,2895,5293.336099607965,0,24842.414255320706,388125710.3037293,37730646.75770422,37730646.75770422,139.1520493475103,True,0.6400610316662655,916.1976142542062,97.0,92.0,-5.0,-0.11616318888599557,1.5641647700906407,-164.32962088156515,2197.3399696876004,87.0,109.0,81.0,109.0
pm2_holding_excl_transfer,BTC|sell|00-10|30-90d,BTC,sell,00-10,30-90d,1426,2096.0194487594563,0,-15184.717769852408,166284562.14745885,12352179.662362976,12352179.662362976,10.14376353080786,True,-0.9131766397163683,-124.6987904562043,112.0,106.0,-6.0,-2.3558081683667202,0.002124658675514034,-309.1741001220821,0.25158787608495303,103.0,127.0,101.0,115.0
pm2_holding_excl_transfer,BTC|sell|00-10|7-30d,BTC,sell,00-10,7-30d,3100,4289.559623811595,1,12240.445360945065,319283122.56801647,29621156.138580926,29621156.138580926,31.255887239034752,True,0.38337276529038894,129.15970536982346,99.0,100.0,1.0,-1.140022421352509,1.746692455696494,-386.6293784372076,587.0610378732036,86.0,117.0,94.0,113.0
pm2_holding_excl_transfer,BTC|sell|00-10|<=2d,BTC,sell,00-10,<=2d,4909,3455.342891529434,0,28815.43548961563,279393793.2898307,35820225.71817839,35820225.71817839,566.7675461139156,True,1.0313556056602797,4559.338567865346,93.0,70.0,-23.0,0.7747903643005123,1.2835182331443054,3393.029303051456,5720.391038513841,88.0,102.0,61.0,77.0
pm2_holding_excl_transfer,BTC|sell|00-10|>90d,BTC,sell,00-10,>90d,526,2155.946268352503,0,-141106.9188581386,153654975.279863,10877698.349079164,10877698.349079164,,False,-9.183361528068342,,,,,,,,,,,,
pm2_holding_excl_transfer,BTC|sell|10-25|2-7d,BTC,sell,10-25,2-7d,3268,3919.0878299999717,1,73221.1426965983,302188110.6033557,36388479.14642689,36388479.14642689,142.94945855444809,True,2.4230318840275773,2876.4386280333156,83.0,76.0,-7.0,0.9608280436125007,3.8812995338149765,1104.4457748273762,4637.538159006875,70.0,96.0,68.0,91.0
pm2_holding_excl_transfer,BTC|sell|10-25|30-90d,BTC,sell,10-25,30-90d,2587,4773.868689623045,0,-71888.54423657838,355082443.3998312,34444363.901375756,34444363.901375756,1085.0920247222612,True,-2.024559241742915,-22646.865026556352,124.0,155.0,31.0,-3.8413438744677637,-0.07543677237240859,-44325.096572322465,-815.7738419862511,106.0,135.0,116.0,158.0
pm2_holding_excl_transfer,BTC|sell|10-25|7-30d,BTC,sell,10-25,7-30d,3990,5099.532344316922,0,-49727.39633770144,389255858.8437627,43923239.474745184,43923239.474745184,284.8913900358261,True,-1.277498981914123,-3225.3784636390137,115.0,125.0,10.0,-3.1472501957746797,0.39964304505970333,-7916.0177279558575,1006.8561828174477,101.0,130.0,92.0,140.0
pm2_holding_excl_transfer,BTC|sell|10-25|<=2d,BTC,sell,10-25,<=2d,4040,1897.581717999957,0,20342.352439567905,158920283.637743,23847283.370803293,23847283.370803293,472.4539907476682,True,1.280034994522038,4030.155318670866,88.0,72.0,-16.0,0.6821534095896793,1.8375979311197146,2137.0053173854803,5822.290831215247,84.0,101.0,62.0,84.0
pm2_holding_excl_transfer,BTC|sell|10-25|>90d,BTC,sell,10-25,>90d,624,1049.4002299999993,1,-119039.41135024645,80911204.38215585,7315743.239233091,7315743.239233091,,False,-14.71235192446343,,,,,,,,,,,,
pm2_holding_excl_transfer,BTC|sell|25-40|2-7d,BTC,sell,25-40,2-7d,2396,4495.765661286037,1,6051.186734562044,328158489.2837172,46228389.069039755,46228389.069039755,142.1134805343467,True,0.18439829936352328,186.02318305480654,102.0,98.0,-4.0,-3.6826009536465723,4.836215941379056,-3724.412841700204,4867.681343160506,67.0,133.0,67.0,130.0
pm2_holding_excl_transfer,BTC|sell|25-40|30-90d,BTC,sell,25-40,30-90d,2049,3136.337195931783,0,109758.21412371132,239959672.14907622,27472759.13182556,27472759.13182556,317.9525597358816,True,4.574027508069083,12702.730353809224,70.0,41.0,-29.0,-0.8331215080490507,9.698652678157453,-2305.9965413969785,27278.326529053964,49.0,114.0,32.0,124.0
pm2_holding_excl_transfer,BTC|sell|25-40|7-30d,BTC,sell,25-40,7-30d,3341,4496.704664920501,2,188264.6984148691,327481499.81543595,44356520.80784356,44356520.80784356,693.2929134067655,True,5.748865157908844,29425.79329454766,64.0,30.0,-34.0,4.034769152199295,7.511159320839043,20799.412138916312,38317.67394314105,55.0,73.0,27.0,38.0
pm2_holding_excl_transfer,BTC|sell|25-40|<=2d,BTC,sell,25-40,<=2d,2868,1190.5813599999917,0,24057.7245436196,96021861.97560944,15622236.051979413,15622236.051979413,563.2455287563847,True,2.505442411617733,8673.794030611625,81.0,56.0,-25.0,1.0844967102185938,3.860233228599003,3765.8545904131424,13395.058650493502,70.0,94.0,42.0,73.0
pm2_holding_excl_transfer,BTC|sell|25-40|>90d,BTC,sell,25-40,>90d,643,718.2221812537126,1,90792.88042316925,54352227.22545933,7074942.625331508,7074942.625331508,7737.181715661751,True,16.704537248593304,992914.0793413755,36.0,4.0,-32.0,11.009426383700418,28.307647954822194,650912.4350365892,1767676.238097449,18.0,46.0,2.0,6.0
pm2_holding_excl_transfer,BTC|sell|40-60|2-7d,BTC,sell,40-60,2-7d,2597,2275.579050421831,0,90015.02786360598,180069613.45295286,27555746.031535935,27555746.031535935,414.91087373409556,True,4.998901599082089,13553.693598912138,68.0,40.0,-28.0,-2.774248700486926,11.447367919741621,-7164.959549116251,32906.899789493364,45.0,127.0,30.0,137.0
pm2_holding_excl_transfer,BTC|sell|40-60|30-90d,BTC,sell,40-60,30-90d,2450,3288.076955102535,0,-65858.7197980325,264362453.60933858,36215385.37421551,36215385.37421551,633.5353703665132,True,-2.491228194430181,-11521.02290448559,127.0,146.0,19.0,-6.0928393112236785,3.594289355107274,-29940.666292212885,16203.15503470487,72.0,142.0,39.0,155.0
pm2_holding_excl_transfer,BTC|sell|40-60|7-30d,BTC,sell,40-60,7-30d,3428,3909.735684520923,1,122345.33491724735,300635616.5041212,44020238.12456834,44020238.12456834,354.77192539097814,True,4.069555574948659,9860.167023260856,73.0,51.0,-22.0,-0.26734490029685193,9.362220713015127,-638.0315790248221,22854.41965143277,50.0,108.0,34.0,113.10000000000036
pm2_holding_excl_transfer,BTC|sell|40-60|<=2d,BTC,sell,40-60,<=2d,2794,1473.0003182919465,0,-23092.7583576986,117865276.31359254,19230806.331032716,19230806.331032716,503.5746904740225,True,-1.9592503475118463,-6047.0312279126265,122.0,135.0,13.0,-6.681586982617865,2.42980053756612,-20526.265196906203,7451.34325028526,82.0,144.0,59.0,151.0
pm2_holding_excl_transfer,BTC|sell|40-60|>90d,BTC,sell,40-60,>90d,948,361.98279205629035,0,19775.23829610231,27561710.80748821,4023650.829136245,4023650.829136245,7737.181715661751,True,7.174895068824827,380263.14574692416,54.0,9.0,-45.0,-2.451432918726361,17.094516137907863,-132820.1731549266,905039.7602928996,35.0,126.0,5.0,161.0
pm2_holding_excl_transfer,BTC|sell|60-75|2-7d,BTC,sell,60-75,2-7d,727,991.7929644037631,0,-14963.297422129162,74575469.41817118,12419309.330289789,12419309.330289789,288.2982504640417,True,-2.0064637257895934,-3473.5365335105025,123.0,126.0,3.0,-11.378400683269406,4.650359684874686,-20221.00373791797,7937.533013169261,68.0,154.0,56.899999999999864,151.0
pm2_holding_excl_transfer,BTC|sell|60-75|30-90d,BTC,sell,60-75,30-90d,595,118.1542091023209,0,-2399.305374848173,9264842.83335131,1456408.658516982,1456408.658516982,137.17833559458353,True,-2.589688155541315,-2259.89261997355,128.0,122.0,-6.0,-15.252261498489325,10.378856650967808,-13288.900884633074,9035.293601405503,48.0,158.0,53.0,146.0
pm2_holding_excl_transfer,BTC|sell|60-75|7-30d,BTC,sell,60-75,7-30d,1011,1413.382646653485,0,-37433.00825326357,106478382.94172636,17492029.091602378,17492029.091602378,235.8947844632586,True,-3.515550031760903,-5048.157287798155,133.0,131.0,-2.0,-11.23364762731043,0.9479713110021312,-16631.763777740325,1371.285357048002,95.0,154.0,88.0,149.0
pm2_holding_excl_transfer,BTC|sell|60-75|<=2d,BTC,sell,60-75,<=2d,823,367.1864900000007,0,-9696.338117558362,29127108.583138335,4935020.547149959,4935020.547149959,540.3596870947302,True,-3.3289737942514366,-10616.99780397962,132.0,145.0,13.0,-7.730231157203484,1.013644799056756,-24586.971697510155,3225.415888429932,95.0,148.0,76.0,153.0
pm2_holding_excl_transfer,BTC|sell|60-75|>90d,BTC,sell,60-75,>90d,222,55.72799903362769,0,-12880.633270926195,4360492.192116393,727134.1010529138,727134.1010529138,,False,-29.539402212928852,,,,,,,,,,,,
pm2_holding_excl_transfer,BTC|sell|75-90|2-7d,BTC,sell,75-90,2-7d,387,271.3812600000003,0,-41577.01477073141,21696639.84761402,3560923.253935195,3560923.253935195,136.97859005873192,True,-19.162881931371338,-15993.495102294348,163.0,149.0,-14.0,-30.513185530637998,-7.940319053239521,-25876.576573096823,-6513.049316722891,148.0,166.0,136.0,154.0
pm2_holding_excl_transfer,BTC|sell|75-90|30-90d,BTC,sell,75-90,30-90d,225,76.90011879997597,0,-10311.038436518013,5835832.071201645,947412.3534015316,947412.3534015316,23573.329199927666,True,-17.668497500811203,-2565572.452000008,162.0,171.0,9.0,-38.24267716004537,1.656473799279311,-5540737.783940749,242788.09821276236,89.0,167.0,14.0,172.0
pm2_holding_excl_transfer,BTC|sell|75-90|7-30d,BTC,sell,75-90,7-30d,554,439.75651335841866,0,-4879.48080028481,32670054.44108048,5446476.447675048,5446476.447675048,50.833459836692285,True,-1.493563718751928,-455.41533809637775,117.0,111.0,-6.0,-8.357106082519445,3.4643445248969695,-2606.0812202541124,1042.4368516877153,74.0,149.0,90.0,126.0
pm2_holding_excl_transfer,BTC|sell|75-90|<=2d,BTC,sell,75-90,<=2d,512,322.5790998232866,0,14677.072698759683,24721032.115435597,4172999.547402464,4172999.547402464,746.5876851895412,True,5.937079257138074,26258.62190267041,61.0,32.0,-29.0,-12.22511495547739,13.542879845910889,-52952.4100271919,59593.46427089501,40.0,155.0,23.0,158.0
pm2_holding_excl_transfer,BTC|sell|75-90|>90d,BTC,sell,75-90,>90d,118,53.02491222930619,0,-24869.292382644733,3993911.550489693,672139.7179669641,672139.7179669641,,False,-62.26800986515466,,,,,,,,,,,,
pm2_holding_excl_transfer,BTC|sell|90-100|2-7d,BTC,sell,90-100,2-7d,221,84.5426752032587,0,6526.2497483971365,6791619.979816204,1053418.124490568,1053418.124490568,145.67194677586076,True,9.609268138959905,9024.825792267775,47.0,55.0,8.0,-0.26817685684527065,21.3981404941316,-245.6241514624776,19904.334575274952,28.0,109.0,36.0,110.0
pm2_holding_excl_transfer,BTC|sell|90-100|30-90d,BTC,sell,90-100,30-90d,68,25.61661114595518,0,-24230.500671545822,1643552.4200825044,296348.0555973512,296348.0555973512,,False,-147.4276109205539,,,,,,,,,,,,
pm2_holding_excl_transfer,BTC|sell|90-100|7-30d,BTC,sell,90-100,7-30d,203,83.0738139497629,0,-21400.023990220583,6133938.141129799,1062623.0723274343,1062623.0723274343,,False,-34.887903167342586,,,,,,,,,,,,
pm2_holding_excl_transfer,BTC|sell|90-100|<=2d,BTC,sell,90-100,<=2d,523,484.62115605916546,0,-27308.881829151407,37756148.17580494,6004636.954469873,6004636.954469873,1355.2802088245453,True,-7.232962881169008,-61637.676596960446,147.0,160.0,13.0,-26.369396010402276,7.066790336194962,-209078.94386642802,57997.660521327016,58.899999999999864,164.0,24.0,165.0
pm2_holding_excl_transfer,BTC|sell|90-100|>90d,BTC,sell,90-100,>90d,118,36.14760000000003,0,-30681.85677611186,2669079.9888873994,547178.503106558,547178.503106558,,False,-114.95293098691107,,,,,,,,,,,,
pm2_holding_excl_transfer,ETH|buy|00-10|2-7d,ETH,buy,00-10,2-7d,3038,65094.48262454078,0,41745.66171496377,161706338.58158225,284566.4583554763,284566.4583554763,112.17342934149586,True,2.581572378741525,164557.4837512244,80.0,16.0,-64.0,2.0281393176821982,3.1966658878660614,125069.5031082036,202436.09360426094,73.0,87.0,14.0,20.0
pm2_holding_excl_transfer,ETH|buy|00-10|30-90d,ETH,buy,00-10,30-90d,1745,42042.86513073237,2,86659.9884065096,95994265.96801236,550458.3681323376,550458.3681323376,13.986389135832745,True,9.027621340985807,22019.10971891705,51.0,35.0,-16.0,6.006901327574202,11.406531089750173,13582.329654490442,29532.909820945686,44.0,64.0,30.0,43.0
pm2_holding_excl_transfer,ETH|buy|00-10|7-30d,ETH,buy,00-10,7-30d,3057,48072.419289181,0,36598.031875193636,124298542.01076931,407356.8797959554,407356.8797959554,44.914674423984685,True,2.9443653387360538,40352.545096484144,75.0,28.0,-47.0,0.6337652637364423,4.867527691802669,8419.341693417435,70843.89158220572,66.0,99.0,21.0,55.0
pm2_holding_excl_transfer,ETH|buy|00-10|<=2d,ETH,buy,00-10,<=2d,3128,36466.054138022555,0,-7369.804760598173,88263053.0314996,68156.35224307702,68156.35224307702,487.45309098679206,True,-0.8349818533886442,-527087.2035097295,110.0,169.0,59.0,-1.6317717549961737,-0.022216851361799572,-956559.0806021886,-15068.498166208572,104.0,122.0,148.89999999999986,170.0
pm2_holding_excl_transfer,ETH|buy|00-10|>90d,ETH,buy,00-10,>90d,1292,102496.25722457729,0,505561.73082172073,252799927.381651,930654.9918482422,930654.9918482422,39.847683594108226,True,19.99849193225741,216465.43631669114,30.0,15.0,-15.0,17.27137915822607,22.7687667688523,158804.11400767148,282062.2980889926,23.0,36.0,11.0,18.0
pm2_holding_excl_transfer,ETH|buy|10-25|2-7d,ETH,buy,10-25,2-7d,5721,116094.34337838397,0,35414.95093852402,294953011.2399991,1259965.3782780813,1259965.3782780813,129.2799637307718,True,1.2006980633843192,36337.85222826147,89.0,29.0,-60.0,0.2914519397500863,2.710748928549306,10066.353711651122,70525.96258940586,77.0,103.0,21.0,50.0
pm2_holding_excl_transfer,ETH|buy|10-25|30-90d,ETH,buy,10-25,30-90d,4120,66739.59899754533,0,169880.03738351635,152412662.187345,2804616.735467709,2804616.735467709,20.82394354143965,True,11.146058007614915,12613.38942521165,44.0,42.0,-2.0,7.857489869517585,15.5461860187676,8753.222169204095,17814.04361413049,37.0,57.0,37.0,55.0
pm2_holding_excl_transfer,ETH|buy|10-25|7-30d,ETH,buy,10-25,7-30d,6280,73728.44586878059,0,172034.5865606846,179985231.6470422,1830690.6986471638,1830690.6986471638,50.30423727061613,True,9.558261252126002,47272.15071063711,48.0,25.0,-23.0,3.2781905483640728,18.522885308106655,15799.56953612334,91654.32613324262,32.0,76.0,20.0,40.100000000000364
pm2_holding_excl_transfer,ETH|buy|10-25|<=2d,ETH,buy,10-25,<=2d,4897,38138.296562677824,0,-7244.745870221661,94059233.05256988,263494.4645331429,263494.4645331429,577.6330969521546,True,-0.7702322924717618,-158819.46518542882,109.0,162.0,53.0,-2.360694466048668,0.9515797955645906,-470376.8181575347,202748.08034101318,95.0,127.0,16.0,168.0
pm2_holding_excl_transfer,ETH|buy|10-25|>90d,ETH,buy,10-25,>90d,1373,26440.17674022586,0,110232.42631777491,60353000.416180015,1696949.9307982214,1696949.9307982214,10.589286543192683,True,18.264614113240135,6878.710605687815,33.0,62.0,29.0,14.851275495952867,21.061738802693295,5204.576657131202,8356.840911728143,26.0,40.0,53.0,68.0
pm2_holding_excl_transfer,ETH|buy|25-40|2-7d,ETH,buy,25-40,2-7d,4222,40068.4791234486,0,2747.472758361602,107235592.2795228,1316568.232195133,1316568.232195133,131.3828676740553,True,0.25620903470183437,2741.75573299412,101.0,78.0,-23.0,-1.3454806422136296,1.9329688653376391,-14563.544656980495,20648.33882877626,85.0,119.0,36.0,147.0
pm2_holding_excl_transfer,ETH|buy|25-40|30-90d,ETH,buy,25-40,30-90d,3796,37094.3372475582,0,56558.331727399236,96058926.92395957,3902750.5166416583,3902750.5166416583,16.40206171668921,True,5.8878787780099735,2376.9729672191615,62.0,79.0,17.0,2.4919058212296923,9.60981319040819,995.8880505803585,3893.1794073918863,50.0,80.0,71.0,93.0
pm2_holding_excl_transfer,ETH|buy|25-40|7-30d,ETH,buy,25-40,7-30d,6316,44696.17146384616,0,13089.524382229387,118866335.99377482,2865410.407006024,2865410.407006024,47.287204341613126,True,1.1011969261772232,2160.133894550021,91.0,81.0,-10.0,-1.390141954468136,3.5801237109855895,-2761.9269017171,6943.199143889979,72.0,118.0,60.0,126.0
pm2_holding_excl_transfer,ETH|buy|25-40|<=2d,ETH,buy,25-40,<=2d,3933,24255.50935331657,0,-19254.8704856842,67031965.227903135,439299.7715980396,439299.7715980396,506.61162874944654,True,-2.872490821389353,-222052.04575061178,129.0,163.0,34.0,-7.379703763190893,2.20117463861348,-566704.918843057,168722.12738848574,83.0,148.0,18.0,169.0
pm2_holding_excl_transfer,ETH|buy|25-40|>90d,ETH,buy,25-40,>90d,1466,26850.324672206105,0,211996.9405869498,66021769.17488339,3822921.511635559,3822921.511635559,9.728611713781579,True,32.11015748841817,5394.9209085322955,10.0,68.0,58.0,24.233981674979773,39.61717605772463,4123.728471765391,6594.9082434710135,9.0,24.0,59.0,73.0
pm2_holding_excl_transfer,ETH|buy|40-60|2-7d,ETH,buy,40-60,2-7d,5252,63505.747699999636,0,-78080.94313440874,180976805.43026215,4230534.446755879,4230534.446755879,119.72590967090134,True,-4.314417140294619,-22097.23632411885,138.0,154.0,16.0,-6.078457313364107,-2.777693960251883,-31884.792368614653,-14094.320869913077,126.0,144.0,145.0,157.0
pm2_holding_excl_transfer,ETH|buy|40-60|30-90d,ETH,buy,40-60,30-90d,3840,25033.348544787703,0,38984.96938962649,67446815.32127503,4684346.240645411,4684346.240645411,17.401917548284363,True,5.7801052879852275,1448.255931754519,63.0,86.0,23.0,2.4122164739937424,9.433615944597625,603.8372158677843,2360.4199971684293,50.0,81.0,79.0,97.0
pm2_holding_excl_transfer,ETH|buy|40-60|7-30d,ETH,buy,40-60,7-30d,6636,33696.450683325944,0,-33987.71270237317,86480545.90282813,3879134.5757917096,3879134.5757917096,46.1018661782816,True,-3.930099231862236,-4039.295239946385,137.0,128.0,-9.0,-8.211896563146132,-0.3463955424800257,-8323.976388693593,-359.54560477757497,108.0,149.0,110.0,141.0
pm2_holding_excl_transfer,ETH|buy|40-60|<=2d,ETH,buy,40-60,<=2d,4381,20821.978299999944,0,-4024.025569723298,58341894.16995415,646300.3146941017,646300.3146941017,544.5688581211627,True,-0.689731731712553,-33906.20366000847,108.0,156.0,48.0,-4.440956241188356,3.39689225458996,-217231.32529304037,166634.38242179752,74.0,137.0,17.0,164.0
pm2_holding_excl_transfer,ETH|buy|40-60|>90d,ETH,buy,40-60,>90d,1569,15542.433658690758,0,247103.2835663599,41735251.166987635,3962310.7620332376,3962310.7620332376,15.836721234656821,True,59.207331130624006,9876.32231047094,3.0,50.0,47.0,48.18836293286712,69.76932271364488,8168.2554532020295,11580.598969217657,3.0,8.0,44.0,58.0
pm2_holding_excl_transfer,ETH|buy|60-75|2-7d,ETH,buy,60-75,2-7d,1539,16178.1310803239,0,-14521.296182247926,45686278.5317392,1505101.9086044072,1505101.9086044072,122.53832260143822,True,-3.1784808587899502,-11822.556771729014,130.0,147.0,17.0,-9.003186343131809,2.7849350010254534,-33745.116267403246,10021.445744420753,79.0,150.0,51.0,156.0
pm2_holding_excl_transfer,ETH|buy|60-75|30-90d,ETH,buy,60-75,30-90d,1101,13260.588559267413,0,101895.92498082739,31856046.792375322,3066688.4553444814,3066688.4553444814,14.372568476428986,True,31.986368442055394,4775.529632635946,11.0,69.0,58.0,18.892314001532647,48.21060966421241,2858.287931900675,7034.3492088842495,7.0,31.0,59.0,79.0
pm2_holding_excl_transfer,ETH|buy|60-75|7-30d,ETH,buy,60-75,7-30d,2441,13953.437307403738,0,-6305.245890866424,33823436.00919921,2208201.120792742,2208201.120792742,62.56084685104691,True,-1.8641648025208142,-1786.3478051087843,120.0,118.0,-2.0,-11.167320884931744,7.815933497602116,-11034.313939773849,7274.014214346538,55.0,153.0,58.0,144.0
pm2_holding_excl_transfer,ETH|buy|60-75|<=2d,ETH,buy,60-75,<=2d,1462,8201.225935787113,0,14649.11257791993,21188451.092517655,359294.0445835061,359294.0445835061,541.8308240875717,True,6.9137250825724665,220914.89853239674,55.0,14.0,-41.0,-3.872141252945086,19.18968619057422,-128242.37263471959,597931.2622671564,31.0,134.0,7.0,161.0
pm2_holding_excl_transfer,ETH|buy|60-75|>90d,ETH,buy,60-75,>90d,750,10414.979219657205,0,265730.26531250065,26644425.750061244,3235661.8752477737,3235661.8752477737,13.973912810441002,True,99.73202943279416,11476.14213641495,2.0,44.0,42.0,79.57598415818673,122.44526487666653,9493.519606319762,13798.428607769034,2.0,3.0,40.0,54.0
pm2_holding_excl_transfer,ETH|buy|75-90|2-7d,ETH,buy,75-90,2-7d,899,5479.166983177723,0,20800.15662188219,13823269.072298944,895280.5647305254,895280.5647305254,107.65945397484603,True,15.047205196609056,25012.645116194853,38.0,34.0,-4.0,8.827848111976548,21.26324759243408,14767.793402720537,35515.3590243444,27.0,52.0,28.0,42.0
pm2_holding_excl_transfer,ETH|buy|75-90|30-90d,ETH,buy,75-90,30-90d,540,9840.630718183495,0,79560.76206748885,25052029.487118468,2660882.9893577206,2660882.9893577206,10.469402096748748,True,31.75821029126534,3130.3654183206036,13.0,73.0,60.0,22.630248945477792,45.789229723579005,2277.448020003252,4219.85776000658,7.0,26.0,68.0,84.0
pm2_holding_excl_transfer,ETH|buy|75-90|7-30d,ETH,buy,75-90,7-30d,1099,11646.41575326142,0,65632.31033142252,27386446.178037934,2781068.453294232,2781068.453294232,29.182723827494122,True,23.965252703746266,6887.027841021122,22.0,61.0,39.0,8.533848394630413,40.53974086451048,2524.3329165982173,11050.833802632143,9.0,53.0,46.0,80.0
pm2_holding_excl_transfer,ETH|buy|75-90|<=2d,ETH,buy,75-90,<=2d,1061,5413.8154590799195,0,27689.443510860794,12888955.206285147,348485.256220795,348485.256220795,551.2995565436992,True,21.483078393629892,438043.7236864787,26.0,8.0,-18.0,6.823832679479853,33.95958982089461,131988.87319026783,754692.0518638939,13.0,59.0,5.0,18.0
pm2_holding_excl_transfer,ETH|buy|75-90|>90d,ETH,buy,75-90,>90d,333,1902.036182683302,0,75529.4940138134,4988573.802389307,686564.429542415,686564.429542415,8.210217559518453,True,151.40498468247196,9032.125046545903,1.0,54.0,53.0,123.11726445409326,184.7540641261137,7505.849654531743,10647.615492531795,1.0,2.0,46.0,60.0
pm2_holding_excl_transfer,ETH|buy|90-100|2-7d,ETH,buy,90-100,2-7d,473,3480.289862472201,0,-12667.38022617257,8322117.940985399,900706.2620396664,900706.2620396664,96.96641242870312,True,-15.2213418699431,-13637.19191449514,158.0,148.0,-10.0,-42.128947540095545,9.46377782958316,-37327.58029064241,8655.962950205554,51.0,168.0,54.0,157.0
pm2_holding_excl_transfer,ETH|buy|90-100|30-90d,ETH,buy,90-100,30-90d,246,1738.7046452401582,0,27098.13358338228,5255813.031246547,760416.5574690447,760416.5574690447,8.387372523427196,True,51.55840480298684,2988.9162567672333,4.0,75.0,71.0,29.458836336417573,85.60148851672517,1756.7946576149907,4851.369451346354,3.0,17.0,66.0,86.0
pm2_holding_excl_transfer,ETH|buy|90-100|7-30d,ETH,buy,90-100,7-30d,390,5103.651350228187,0,31400.171467237382,12332363.874443773,1499300.401133671,1499300.401133671,33.59751102274506,True,25.461599890275394,7036.399151156745,20.0,60.0,40.0,6.220984155434323,46.86881553437343,1683.14702117278,12937.194632485505,7.0,62.0,42.0,86.0
pm2_holding_excl_transfer,ETH|buy|90-100|<=2d,ETH,buy,90-100,<=2d,1022,8058.899286115168,0,-47459.34305895321,19863799.35841931,1179256.604545936,1179256.604545936,669.7210841041242,True,-23.892379399632564,-269530.1646968522,164.0,164.0,0.0,-37.79087873231899,5.798182013210796,-450405.1174819719,59735.264361362875,64.0,168.0,24.0,168.0
pm2_holding_excl_transfer,ETH|buy|90-100|>90d,ETH,buy,90-100,>90d,95,1045.379234129902,0,32014.880350650084,2416691.756695751,392329.71470699407,392329.71470699407,3.4837552017714657,False,132.47399161249587,2842.813118016422,,,,,,,,,,,
pm2_holding_excl_transfer,ETH|sell|00-10|2-7d,ETH,sell,00-10,2-7d,4955,116801.23514681435,0,29536.163264975745,298842718.7646538,29424184.679545574,29424184.679545574,128.71419805764987,True,0.9883514440998049,1292.0404115713577,94.0,88.0,-6.0,0.31699454544459177,1.5001712821959907,399.14961604933796,2028.3053444755453,86.0,105.0,80.0,101.0
pm2_holding_excl_transfer,ETH|sell|00-10|30-90d,ETH,sell,00-10,30-90d,2973,53970.7263741304,0,-14.615092505696119,125437863.32788897,9795723.827375757,9795723.827375757,10.318196209688361,True,-0.0011651260726191518,-0.1539461450261381,104.0,104.0,0.0,-1.3723890512999657,1.2283060866552522,-179.13849671363747,163.6258721102032,91.0,119.0,99.0,112.0
pm2_holding_excl_transfer,ETH|sell|00-10|7-30d,ETH,sell,00-10,7-30d,4306,70174.98542272062,0,17911.26567002202,173359713.66871172,16685698.01709129,16685698.01709129,33.55211148493372,True,1.0331850053842515,360.1652037459123,92.0,96.0,4.0,0.13949383834084594,2.0693613699359243,48.24842749669246,727.7526637453296,83.0,107.0,92.0,108.0
pm2_holding_excl_transfer,ETH|sell|00-10|<=2d,ETH,sell,00-10,<=2d,9698,122416.78596230787,0,64666.67012861957,327455248.9452137,41128174.18223422,41128174.18223422,479.67996803885796,True,1.9748246619017826,7542.106324251744,85.0,59.0,-26.0,1.7293716126060985,2.211366363840397,6538.737700175366,8507.80526378006,79.0,91.0,51.0,64.0
pm2_holding_excl_transfer,ETH|sell|00-10|>90d,ETH,sell,00-10,>90d,1259,87909.56937801171,0,-110983.98560047937,212628915.66856965,14826090.407435605,14826090.407435605,7.355712163929603,True,-5.219609254532109,-550.6281362437994,140.0,112.0,-28.0,-8.450670048789462,-1.7312364703462937,-874.9972032826861,-184.3635191333141,120.0,150.0,106.0,120.0
pm2_holding_excl_transfer,ETH|sell|10-25|2-7d,ETH,sell,10-25,2-7d,5732,63660.02718268499,0,-3008.073502930127,162099915.07622895,20670306.468898997,20670306.468898997,146.76198824295744,True,-0.18556909801683444,-213.57731136460404,105.0,108.0,3.0,-1.6047051211373815,1.1355825839327045,-1848.15671007779,1306.7203361939803,93.0,121.0,88.0,123.0
pm2_holding_excl_transfer,ETH|sell|10-25|30-90d,ETH,sell,10-25,30-90d,4615,54288.409561230364,0,7620.21943054683,127399032.65715903,13387579.267151512,13387579.267151512,16.30978765996997,True,0.5981379349287094,92.8354248027098,98.0,103.0,5.0,-1.1176681441530316,2.695932591039106,-174.25407696605552,420.4431656174686,78.0,117.0,96.0,112.0
pm2_holding_excl_transfer,ETH|sell|10-25|7-30d,ETH,sell,10-25,7-30d,6458,56041.005098997965,0,4013.410619832418,141383699.7665938,16198722.05095736,16198722.05095736,48.710181095111636,True,0.2838665720629775,120.68480308885074,100.0,102.0,2.0,-1.1295357706904432,1.4874275538931463,-479.5128543062131,632.3309434795208,88.0,117.0,93.0,114.0
pm2_holding_excl_transfer,ETH|sell|10-25|<=2d,ETH,sell,10-25,<=2d,8045,55493.599782125704,0,-27105.72798424822,144205240.51639396,20973990.63208844,20973990.63208844,492.4779059569588,True,-1.8796631722386474,-6364.536149214588,121.0,136.0,15.0,-8.309665616807216,2.2205231047060994,-28018.025528594626,7424.0248758744265,82.0,147.0,57.0,155.0
pm2_holding_excl_transfer,ETH|sell|10-25|>90d,ETH,sell,10-25,>90d,1692,55488.25843371025,0,132932.753598892,138284517.90351763,12241313.820149792,12241313.820149792,19.774194946474232,True,9.612988902462705,2147.3497232864415,46.0,82.0,36.0,-1.8963612626251323,14.768060081942457,-393.497361972812,3406.1486557730227,38.0,123.0,73.0,112.0
pm2_holding_excl_transfer,ETH|sell|25-40|2-7d,ETH,sell,25-40,2-7d,4643,64114.624462662694,0,157048.26509700686,174752428.14976662,24819825.895424016,24819825.895424016,146.70535936784057,True,8.986900311474534,9282.82989019681,52.0,53.0,1.0,-0.6315737844159982,15.76400258599161,-624.8339935808149,16790.049577327158,36.0,111.0,38.0,114.0
pm2_holding_excl_transfer,ETH|sell|25-40|30-90d,ETH,sell,25-40,30-90d,4389,45504.03556657938,0,-53006.94608548793,106197634.01759343,13543456.295386918,13543456.295386918,22.58705297746864,True,-4.991349061195321,-884.0215328302468,139.0,115.0,-24.0,-18.230127719756215,5.402380575746737,-3225.5681808765016,956.5427826961803,64.0,160.0,91.0,128.0
pm2_holding_excl_transfer,ETH|sell|25-40|7-30d,ETH,sell,25-40,7-30d,5791,49786.492339907665,0,-3662.0399833367205,124780998.63317566,16584056.74917374,16584056.74917374,63.43865308442207,True,-0.2934773742356547,-140.0832664756502,106.0,107.0,1.0,-2.7538195965674714,2.43071099386958,-1307.5551346210582,1167.5644570989448,81.0,129.0,89.0,120.0
pm2_holding_excl_transfer,ETH|sell|25-40|<=2d,ETH,sell,25-40,<=2d,6415,32744.8752651837,0,-57892.04545364032,86322337.3978642,13936506.497631313,13936506.497631313,510.5752014324083,True,-6.706496510493319,-21209.219666241566,146.0,153.0,7.0,-13.399550545700341,-0.2664891154114878,-42294.727258212064,-840.2239523323622,109.0,156.0,117.0,159.0
pm2_holding_excl_transfer,ETH|sell|25-40|>90d,ETH,sell,25-40,>90d,1507,18607.14768940686,0,18165.50276098497,45517943.13919433,5935704.748907133,5935704.748907133,34.48275862068965,True,3.990844380958665,1055.3029057684291,74.0,90.0,16.0,-7.640304012800939,24.221752463538476,-2076.267214574862,6182.919233607562,24.0,146.0,62.0,123.0
pm2_holding_excl_transfer,ETH|sell|40-60|2-7d,ETH,sell,40-60,2-7d,6033,56566.165699999656,1,-27161.267034740922,163399500.16431835,26065981.60663715,26065981.60663715,144.42233046203276,True,-1.6622613292835609,-1504.909173441617,118.0,117.0,-1.0,-4.264250405655011,0.6681320560796802,-3864.144122345244,606.3953455210291,98.0,136.10000000000036,96.0,131.0
pm2_holding_excl_transfer,ETH|sell|40-60|30-90d,ETH,sell,40-60,30-90d,5287,34248.08263752955,0,16208.268512072847,88825623.78958902,13097100.23608101,13097100.23608101,30.705813073105073,True,1.8247289262462312,379.9986670326689,86.0,95.0,9.0,-1.322592196894547,5.481086198547246,-277.438854966338,1134.7976100340445,64.0,117.0,89.0,111.0
pm2_holding_excl_transfer,ETH|sell|40-60|7-30d,ETH,sell,40-60,7-30d,6849,34317.020053039465,0,-133399.33024724544,88973976.97795025,13197384.356674032,13197384.356674032,72.54023995913897,True,-14.99307266891136,-7332.376753602662,157.0,139.0,-18.0,-44.56551900314404,4.647009416325049,-22049.333162841085,2264.9373151204754,67.0,168.0,81.0,151.0
pm2_holding_excl_transfer,ETH|sell|40-60|<=2d,ETH,sell,40-60,<=2d,6678,28659.097525094636,0,-17781.743008396363,74675108.248224,12590647.688957388,12590647.688957388,499.9164523189275,True,-2.3812142259357576,-7060.308651635792,126.0,138.0,12.0,-5.1850540149576405,0.43953670807796635,-15375.799424626879,1300.2864306591475,101.89999999999986,139.0,89.0,148.0
pm2_holding_excl_transfer,ETH|sell|40-60|>90d,ETH,sell,40-60,>90d,2296,19862.186400749655,0,-46323.112716152595,51693041.81900491,8399895.518228374,8399895.518228374,20.156391508912993,True,-8.961189182549118,-1111.5695353496565,152.0,116.0,-36.0,-23.90798222784947,8.402583859050303,-2927.8621480042298,1034.7553388366239,54.0,163.0,91.0,128.0
pm2_holding_excl_transfer,ETH|sell|60-75|2-7d,ETH,sell,60-75,2-7d,1639,8265.549900000005,0,-15259.750135092088,23237325.361946616,3926660.9501102474,3926660.9501102474,135.65747416933027,True,-6.566913316143267,-5271.907063235412,145.0,132.0,-13.0,-13.696129479935543,0.03538493310835327,-11067.908020710029,28.78744723745486,106.0,157.0,105.89999999999986,144.0
pm2_holding_excl_transfer,ETH|sell|60-75|30-90d,ETH,sell,60-75,30-90d,1080,6021.012004476628,0,8886.813398292777,14947044.623725224,2455990.61425782,2455990.61425782,21.212050769445348,True,5.945532124917102,767.54176456875,60.0,93.0,33.0,-0.09437724278520193,12.016902148699646,-12.30700947107566,1545.5251053636725,43.0,106.0,84.0,107.0
pm2_holding_excl_transfer,ETH|sell|60-75|7-30d,ETH,sell,60-75,7-30d,1794,12111.82634221975,0,-47931.07942161157,29331556.39922435,4826602.952172023,4826602.952172023,43.26787437380124,True,-16.34113061347098,-4296.760979855848,159.0,129.0,-30.0,-29.3034458461329,-4.417626372258182,-7708.5725361309605,-1171.1096519118528,137.0,165.0,117.0,140.0
pm2_holding_excl_transfer,ETH|sell|60-75|<=2d,ETH,sell,60-75,<=2d,1771,7940.423000760263,0,85.52624675321815,19961076.499034915,3483649.1376212034,3483649.1376212034,495.0125787442955,True,0.04284651018563713,121.52936843846683,103.0,101.0,-2.0,-10.52496630997621,9.96632261292614,-29810.549508426422,28217.515116103725,49.0,153.0,33.0,154.0
pm2_holding_excl_transfer,ETH|sell|60-75|>90d,ETH,sell,60-75,>90d,1083,7267.236724452421,0,-60203.39735323743,17623755.294760212,3419849.952143655,3419849.952143655,13.127465895562915,True,-34.160368404080565,-2310.9728690179936,165.0,123.0,-42.0,-55.30109912046906,-8.032552490441956,-3684.7947708322617,-552.7101210804124,148.0,170.0,111.0,131.0
pm2_holding_excl_transfer,ETH|sell|75-90|2-7d,ETH,sell,75-90,2-7d,856,3907.230460304174,0,-11958.955140230259,10162867.218966423,1754834.8585892248,1754834.8585892248,123.43800199529922,True,-11.767304327180318,-8412.127906144962,154.0,143.0,-11.0,-20.372160718828205,-3.6663379983986264,-14610.232572836772,-2619.812947981692,132.0,162.0,124.0,148.0
pm2_holding_excl_transfer,ETH|sell|75-90|30-90d,ETH,sell,75-90,30-90d,518,5578.073267661812,0,16545.83912375433,14776651.495642813,2592662.182312022,2592662.182312022,10.315775788732912,True,11.197285886205814,658.3316862549634,43.0,94.0,51.0,-0.29504386866105275,22.570880996905654,-17.301738160711416,1326.4455051268299,26.0,109.0,86.0,107.0
pm2_holding_excl_transfer,ETH|sell|75-90|7-30d,ETH,sell,75-90,7-30d,951,5588.4251007257735,0,-54074.65850441956,14182737.66344718,2512668.672231534,2512668.672231534,37.9611631300383,True,-38.12709491467564,-8169.548796357306,166.0,142.0,-24.0,-86.91022692764383,17.06165351941,-18492.38380210133,3701.8412176273227,34.0,171.0,73.0,151.0
pm2_holding_excl_transfer,ETH|sell|75-90|<=2d,ETH,sell,75-90,<=2d,1210,7473.00117981294,0,11207.01487005121,18748948.747183453,3216109.107843646,3216109.107843646,505.21968059042877,True,5.977409731697505,17605.13801976,59.0,36.0,-23.0,-18.075852781095318,20.352129663412725,-51290.41757717852,61497.33324523546,28.0,160.0,23.0,158.0
pm2_holding_excl_transfer,ETH|sell|75-90|>90d,ETH,sell,75-90,>90d,465,2999.0822662669934,0,-127157.43279494318,8280600.204539678,1766039.6996479575,1766039.6996479575,8.175845640034316,True,-153.5606473613248,-5886.728043099657,172.0,133.0,-39.0,-200.03057755542264,-104.19771921196912,-7516.758836841043,-4109.757390964448,171.0,173.0,127.0,141.0
pm2_holding_excl_transfer,ETH|sell|90-100|2-7d,ETH,sell,90-100,2-7d,458,2234.429108509112,0,-3221.3299977906836,6096168.092591504,1057909.4547208217,1057909.4547208217,127.48864827104435,True,-5.284188278380106,-3882.0241677646995,141.0,127.0,-14.0,-23.493247760102733,16.5107683857183,-17234.736157091083,12063.872338944755,36.0,162.0,45.0,149.0
pm2_holding_excl_transfer,ETH|sell|90-100|30-90d,ETH,sell,90-100,30-90d,273,3038.168298974756,0,-39551.40184825859,9133693.341090983,1727729.283951084,1727729.283951084,9.067939987627852,True,-43.30274771797225,-2075.8445302633213,168.0,121.0,-47.0,-74.15368929302807,-13.19855682340303,-3504.6511033052143,-644.0237974626182,156.0,170.0,113.0,130.0
pm2_holding_excl_transfer,ETH|sell|90-100|7-30d,ETH,sell,90-100,7-30d,489,3663.1616539755287,0,6340.71311939082,9202210.997486243,1660591.4997951915,1660591.4997951915,33.54316959977944,True,6.890423530956751,1280.794316805214,56.0,89.0,33.0,-12.230593727371717,21.98251150851704,-2256.8250298622106,4122.738772479862,27.0,154.0,70.0,124.0
pm2_holding_excl_transfer,ETH|sell|90-100|<=2d,ETH,sell,90-100,<=2d,1109,9176.693279676294,0,-11866.794955690217,21110222.628893092,3784571.3938946403,3784571.3938946403,615.2041382169867,True,-5.621349980197935,-19290.166849251214,142.0,151.0,9.0,-13.04183194458795,4.528044447652408,-44766.56153735183,15538.219064200975,70.0,156.0,41.0,158.0
pm2_holding_excl_transfer,ETH|sell|90-100|>90d,ETH,sell,90-100,>90d,227,1825.1336398571682,0,-87077.76390284179,5149814.976383944,1071450.9623674303,1071450.9623674303,8.239612444749447,True,-169.0891115548104,-6696.405643516173,173.0,137.0,-36.0,-205.99749880360665,-127.66790070892569,-7921.907033804247,-5190.50431804832,172.0,173.0,130.0,142.0
pm2_holding_excl_transfer,HYPE|buy|00-10|2-7d,HYPE,buy,00-10,2-7d,216,240778.839,0,32216.628831161343,16949389.909338817,46358.95733734491,46358.95733734491,65.609131353076,True,19.00754481635386,455943.17778891115,32.0,7.0,-25.0,5.049211303286394,27.254381912676173,126415.66476067524,609899.9033232073,20.0,66.0,6.0,18.0
pm2_holding_excl_transfer,HYPE|buy|00-10|30-90d,HYPE,buy,00-10,30-90d,186,926521.12,4,178413.99405237412,46836625.391097955,399395.5994636912,399395.5994636912,9.937353832415376,False,38.092837082640145,44391.14977565177,,,,,,,,,,,
pm2_holding_excl_transfer,HYPE|buy|00-10|7-30d,HYPE,buy,00-10,7-30d,485,238303.1686,0,12419.560068041335,13550367.099809268,60282.92741026355,60282.92741026355,23.596340950964862,True,9.16547867416533,48613.460960855235,50.0,24.0,-26.0,5.540038069010335,12.610128446086547,22287.2453740332,82029.40738205792,42.0,65.0,20.0,36.0
pm2_holding_excl_transfer,HYPE|buy|00-10|<=2d,HYPE,buy,00-10,<=2d,181,41723.0,0,-892.0788524002757,2240544.8994181277,4013.2280329951204,4013.2280329951204,301.6927858229187,False,-3.981526335990632,-670616.6505906063,,,,,,,,,,,
pm2_holding_excl_transfer,HYPE|buy|00-10|>90d,HYPE,buy,00-10,>90d,196,67615.44,1,31148.179656834505,5592061.689083756,38090.208671999884,38090.208671999884,4.652716166467811,False,55.70070823367124,38047.47836730311,,,,,,,,,,,
pm2_holding_excl_transfer,HYPE|buy|10-25|2-7d,HYPE,buy,10-25,2-7d,1329,840716.6448156161,0,114866.59957255353,48018849.47311279,514489.4479847114,514489.4479847114,71.70923379174853,True,23.921147806107022,160100.38448555654,23.0,17.0,-6.0,18.575458586295095,29.24699211531,124993.16170492682,197661.7574441043,17.0,33.0,14.0,20.0
pm2_holding_excl_transfer,HYPE|buy|10-25|30-90d,HYPE,buy,10-25,30-90d,1554,1331089.4059496867,0,154401.76373642494,72712401.00495721,2117384.2808818785,2117384.2808818785,14.015551502351924,True,21.234584692905205,10220.279291015295,27.0,47.0,20.0,12.087111794606574,31.239268500449302,5754.946317083751,15109.962169631684,16.0,44.0,39.899999999999864,64.0
pm2_holding_excl_transfer,HYPE|buy|10-25|7-30d,HYPE,buy,10-25,7-30d,3225,1765183.4789893222,0,231581.24207121198,97121301.96090691,1688646.0681135796,1688646.0681135796,32.78865243130104,True,23.844536409162597,44966.42013541959,24.0,26.0,2.0,17.56071047636665,30.3656953942749,31163.382504603745,60857.52416815344,16.0,34.0,22.0,33.0
pm2_holding_excl_transfer,HYPE|buy|10-25|<=2d,HYPE,buy,10-25,<=2d,610,666964.7343000001,0,-13857.277246816118,43238338.69596843,250122.9753690175,250122.9753690175,275.44675199227237,True,-3.204858850904043,-152602.61491214932,131.0,161.0,30.0,-10.744615407032084,5.522140230527417,-488033.98001561203,265627.83802055754,65.0,153.0,13.0,168.0
pm2_holding_excl_transfer,HYPE|buy|10-25|>90d,HYPE,buy,10-25,>90d,761,814098.5860000001,0,220869.3166618409,50312146.30953407,2352850.6932572164,2352850.6932572164,12.145573853407916,True,43.899800120430655,11401.422985129744,6.0,45.0,39.0,18.510903502772646,65.95381449275493,4573.027076141267,17787.685667366142,4.0,32.0,37.0,68.0
pm2_holding_excl_transfer,HYPE|buy|25-40|2-7d,HYPE,buy,25-40,2-7d,1522,1099165.3947580706,0,172594.7406684047,60125902.284704655,1178944.5270005988,1178944.5270005988,84.78848177512236,True,28.705555195021304,124128.36811648874,14.0,19.0,5.0,21.884524416420895,36.5902671525754,92818.90899385403,162376.02700993366,11.0,27.0,16.0,22.0
pm2_holding_excl_transfer,HYPE|buy|25-40|30-90d,HYPE,buy,25-40,30-90d,1320,2221096.55,0,334407.1303539116,121168536.36473154,7693413.874757223,7693413.874757223,17.76821485422762,True,27.598511988896757,7723.252430770217,18.0,58.0,40.0,3.74256760784495,42.392244405533376,968.5118342899553,12745.366613593436,8.0,74.0,43.0,94.0
pm2_holding_excl_transfer,HYPE|buy|25-40|7-30d,HYPE,buy,25-40,7-30d,3682,3136372.274009669,0,455576.11329303245,159449466.58195916,5817663.96320852,5817663.96320852,35.9216612538136,True,28.571817959570296,28129.93483387063,15.0,31.0,16.0,14.229553022265291,42.45127003195065,13601.956455059284,43313.039737412895,9.0,39.0,27.0,43.0
pm2_holding_excl_transfer,HYPE|buy|25-40|<=2d,HYPE,buy,25-40,<=2d,661,297105.3499,0,19211.728908989637,16224856.012202786,169093.73094648268,169093.73094648268,276.7646590486878,True,11.840924131801485,314448.53522778914,41.0,11.0,-30.0,3.921544099575518,21.598419654637723,97940.03806332334,616564.4355122478,27.0,72.0,6.0,20.0
pm2_holding_excl_transfer,HYPE|buy|25-40|>90d,HYPE,buy,25-40,>90d,641,707245.6252954319,0,108762.81500376835,38325208.09569437,3493250.859146566,3493250.859146566,17.838205036727153,True,28.378923535704757,5553.948092015461,16.0,66.0,50.0,-4.377614732924744,72.33467375304166,-833.9061753811621,15071.223932298117,4.0,136.0,41.0,116.0
pm2_holding_excl_transfer,HYPE|buy|40-60|2-7d,HYPE,buy,40-60,2-7d,1594,747157.1891,0,120164.11541879136,37806932.730523944,1321277.202312088,1321277.202312088,57.193805519123885,True,31.783619230706655,52015.14894538064,12.0,23.0,11.0,22.87724254748274,40.910516803441276,37245.32320169867,67120.11868165966,9.0,25.0,21.0,30.0
pm2_holding_excl_transfer,HYPE|buy|40-60|30-90d,HYPE,buy,40-60,30-90d,1229,712772.4800000001,0,74022.74044954445,35727953.87697373,3883202.398611713,3883202.398611713,14.646869983948635,True,20.718438202320698,2792.0292169361737,29.0,77.0,48.0,0.3114608215075988,37.58715702286475,42.18634155039646,5073.278887449527,11.0,103.0,65.0,105.0
pm2_holding_excl_transfer,HYPE|buy|40-60|7-30d,HYPE,buy,40-60,7-30d,2850,2387897.8559115394,0,257339.51685336806,130525092.8082182,8520640.417876018,8520640.417876018,33.24558926668428,True,19.715712229485217,10040.799118156776,31.0,48.0,17.0,7.811894257557664,33.11325997226122,3787.5117040150158,17882.849273116113,14.0,56.0,37.0,73.0
pm2_holding_excl_transfer,HYPE|buy|40-60|<=2d,HYPE,buy,40-60,<=2d,631,312308.5,0,4330.9886041414165,16373270.56645216,291838.6202285479,291838.6202285479,281.1303751742623,True,2.6451579032813086,41720.74450613193,79.0,27.0,-52.0,-4.1589336982892595,14.492534747097595,-66151.72132526914,218234.2597902616,39.0,135.0,14.0,159.0
pm2_holding_excl_transfer,HYPE|buy|40-60|>90d,HYPE,buy,40-60,>90d,473,404024.9517235621,0,62826.74999553084,22352507.79022486,2680046.9088847646,2680046.9088847646,28.033148237751817,True,28.107248898043583,6571.644660704025,17.0,63.0,46.0,-3.0956809760608994,52.10606575593227,-714.3942037354733,13149.180389085264,6.0,128.10000000000036,43.0,114.0
pm2_holding_excl_transfer,HYPE|buy|60-75|2-7d,HYPE,buy,60-75,2-7d,598,340441.6061173347,0,-2372.2444233653564,19890644.380103793,1193424.747064646,1193424.747064646,91.15497094279213,True,-1.1926433241842402,-1811.9439203262662,113.0,119.0,6.0,-20.349833208566093,58.47992378606983,-34322.91306913089,71996.07103086964,6.0,162.0,22.0,156.0
pm2_holding_excl_transfer,HYPE|buy|60-75|30-90d,HYPE,buy,60-75,30-90d,288,323640.50000000006,0,-17384.63664816757,16086607.924065053,2499117.921278648,2499117.921278648,9.789800904953102,True,-10.806900205580758,-681.0088077133819,153.0,113.0,-40.0,-47.094773404719874,26.216397108931478,-3044.605663812645,1658.3974045560885,22.0,168.0,86.0,127.0
pm2_holding_excl_transfer,HYPE|buy|60-75|7-30d,HYPE,buy,60-75,7-30d,1034,777642.4474711823,0,96971.34920737275,37148326.960239545,3898175.8324881266,3898175.8324881266,26.093235060729324,True,26.10382677829953,6490.9750553992035,19.0,64.0,45.0,9.895382683837273,44.0086897608001,2487.720741089696,10797.186092222573,8.0,48.0,47.0,80.0
pm2_holding_excl_transfer,HYPE|buy|60-75|<=2d,HYPE,buy,60-75,<=2d,335,242733.0,0,14196.541091035242,12524345.505846024,361616.43462632765,361616.43462632765,298.48793372750094,True,11.335156064170125,117182.06946870212,42.0,20.0,-22.0,-11.601671961622124,80.12704001039194,-128116.5602117277,701096.2970897851,3.0,154.0,6.0,162.0
pm2_holding_excl_transfer,HYPE|buy|60-75|>90d,HYPE,buy,60-75,>90d,189,225064.1117235621,0,19465.10273330823,14639249.865616588,2504886.5772495368,2504886.5772495368,25.67078102472131,False,13.296516496399308,1994.8383868108426,,,,,,,,,,,
pm2_holding_excl_transfer,HYPE|buy|75-90|2-7d,HYPE,buy,75-90,2-7d,203,188741.05574649255,0,16687.558831560844,13153096.572728217,1184236.0769469985,1184236.0769469985,109.49124070074393,True,12.687171221840659,15428.862169481337,40.0,37.0,-3.0,8.089566895352739,57.8028321658697,9976.295603927156,61597.66854019843,5.0,55.100000000000364,23.0,50.0
pm2_holding_excl_transfer,HYPE|buy|75-90|30-90d,HYPE,buy,75-90,30-90d,218,97515.8,0,19382.345819161437,5547885.971085027,994446.3490175903,994446.3490175903,8.842332728501624,True,34.936453128597265,1723.422796626671,9.0,85.0,76.0,7.508974662278641,69.83722550079038,373.1264481757847,3470.6576047543963,4.0,57.0,73.0,100.0
pm2_holding_excl_transfer,HYPE|buy|75-90|7-30d,HYPE,buy,75-90,7-30d,736,616316.6828295654,0,105810.5441870752,29994681.897750992,4138964.131916039,4138964.131916039,21.255532261821568,True,35.276434851942504,5433.870320997738,8.0,67.0,59.0,4.346203212477698,62.45910540260246,651.739205586095,9533.869491441726,4.0,69.0,50.0,95.0
pm2_holding_excl_transfer,HYPE|buy|75-90|<=2d,HYPE,buy,75-90,<=2d,255,129417.43853381717,0,-8391.674711045516,4799263.329509262,392155.61264305393,392155.61264305393,279.9530599252947,True,-17.485339175801357,-59906.70380620695,161.0,159.0,-2.0,-38.46797335374881,27.663177410868627,-114975.34317249246,169436.857236332,19.0,167.0,17.0,163.0
pm2_holding_excl_transfer,HYPE|buy|75-90|>90d,HYPE,buy,75-90,>90d,51,124303.0,0,86237.18904161266,8695822.927976971,1679504.3074004797,1679504.3074004797,5.911974745339663,False,99.17082000849251,3035.610456469799,,,,,,,,,,,
pm2_holding_excl_transfer,HYPE|buy|90-100|2-7d,HYPE,buy,90-100,2-7d,131,26348.177435110887,0,6711.044598912704,1742415.613524028,259687.59119118282,259687.59119118282,121.25842995249327,False,38.51575104598406,31336.527389412837,,,,,,,,,,,
pm2_holding_excl_transfer,HYPE|buy|90-100|30-90d,HYPE,buy,90-100,30-90d,25,29859.16,0,22647.108188593567,2003909.811793329,452815.40865902463,452815.40865902463,1309.008488830392,False,113.0146080193416,654687.4576137159,,,,,,,,,,,
pm2_holding_excl_transfer,HYPE|buy|90-100|7-30d,HYPE,buy,90-100,7-30d,99,92673.0,0,38070.68203396223,6996407.942538326,1402457.5105459807,1402457.5105459807,30.74409123835515,False,54.41461153585911,8345.696843984128,,,,,,,,,,,
pm2_holding_excl_transfer,HYPE|buy|90-100|<=2d,HYPE,buy,90-100,<=2d,146,30686.704319381675,0,-588.8540583127258,1553731.4057431093,177003.61541180676,177003.61541180676,243.2490070109029,False,-3.789934709024512,-8092.386397060924,,,,,,,,,,,
pm2_holding_excl_transfer,HYPE|buy|90-100|>90d,HYPE,buy,90-100,>90d,8,15820.0,0,7528.6933491091095,955641.2577610668,249733.6793394569,249733.6793394569,,False,78.78158553710604,,,,,,,,,,,,
pm2_holding_excl_transfer,HYPE|sell|00-10|2-7d,HYPE,sell,00-10,2-7d,439,257146.83544480367,0,9809.700606185052,17623298.023137182,3686699.777580796,3686699.777580796,79.78804796901163,True,5.566325096078012,2123.0284800720588,66.0,83.0,17.0,2.1416871460988993,10.442268635046128,776.3229593393588,4027.8623845699512,47.0,84.0,70.0,95.0
pm2_holding_excl_transfer,HYPE|sell|00-10|30-90d,HYPE,sell,00-10,30-90d,450,360342.00815227383,0,-17350.93894959654,20874509.31913908,4442087.2521806685,4442087.2521806685,10.120587493172069,True,-8.312022421378831,-395.3134771089291,149.0,110.0,-39.0,-12.920252060941374,-2.8150176327894165,-653.3356810434816,-162.53116130654467,128.0,156.0,105.0,118.0
pm2_holding_excl_transfer,HYPE|sell|00-10|7-30d,HYPE,sell,00-10,7-30d,685,262242.7688180837,0,1834.5903743642978,15678097.547881149,3167002.0708850008,3167002.0708850008,36.40062629022768,True,1.1701613469117862,210.86263007785888,90.0,97.0,7.0,-1.8546523815666627,4.6105052968669975,-324.1358458454708,828.478492814216,67.0,122.0,91.0,112.0
pm2_holding_excl_transfer,HYPE|sell|00-10|<=2d,HYPE,sell,00-10,<=2d,506,272085.82325367164,0,7736.876631882691,12339266.906445906,3992185.143525117,3992185.143525117,502.33482474019655,True,6.270126653829838,9735.276364165604,58.0,52.0,-6.0,4.334941817958812,8.706816752596696,6587.334238812645,13844.229195396525,52.0,70.0,41.0,62.0
pm2_holding_excl_transfer,HYPE|sell|00-10|>90d,HYPE,sell,00-10,>90d,149,220096.8434997073,0,-26006.52678361446,15172607.717670321,1616138.7699638943,1616138.7699638943,3.625419654740857,False,-17.140446301347882,-583.3940445285325,,,,,,,,,,,
pm2_holding_excl_transfer,HYPE|sell|10-25|2-7d,HYPE,sell,10-25,2-7d,806,276804.0565596901,0,9446.867588099085,16709187.952048501,4078840.406891608,4078840.406891608,133.2267519317879,True,5.653696406557522,3085.6208116543007,65.0,74.0,9.0,-1.9577937482924728,13.354349546114047,-1022.1884841419744,7597.6864417157085,41.0,122.0,58.0,117.0
pm2_holding_excl_transfer,HYPE|sell|10-25|30-90d,HYPE,sell,10-25,30-90d,1187,1470086.94,0,-126820.08945055566,76135092.9082061,19540414.740413304,19540414.740413304,13.38069733595815,True,-16.657244984708825,-868.4264155086875,160.0,114.0,-46.0,-29.509833549070425,-4.083634453131275,-1503.2961471498475,-230.78427851308228,135.0,165.0,107.0,123.0
pm2_holding_excl_transfer,HYPE|sell|10-25|7-30d,HYPE,sell,10-25,7-30d,1755,1320103.308729277,0,-9689.375757346996,74169416.58267108,19558178.80415394,19558178.80415394,44.789177952925954,True,-1.306384248896845,-221.8914037928771,116.0,109.0,-7.0,-11.217321529892937,7.651999642844808,-1810.3274838638347,1365.7125628191736,56.0,153.0,88.0,123.0
pm2_holding_excl_transfer,HYPE|sell|10-25|<=2d,HYPE,sell,10-25,<=2d,788,324095.0,0,6854.084427176393,15173703.749546627,5078203.352715625,5078203.352715625,424.93742359857964,True,4.517080694541162,5735.40832320935,71.0,65.0,-6.0,-1.9573614567273425,10.734543263020598,-2420.967461244227,14021.988610822666,47.0,122.0,42.0,123.0
pm2_holding_excl_transfer,HYPE|sell|10-25|>90d,HYPE,sell,10-25,>90d,467,422184.0695248364,0,-105873.07581349298,27618956.914338212,4801476.207314442,4801476.207314442,9.144134100605518,True,-38.33348092828575,-2016.2915759268988,167.0,120.0,-47.0,-77.88954403046553,-10.986174442843938,-4063.4873059780402,-575.2743935456668,154.0,170.0,113.0,131.0
pm2_holding_excl_transfer,HYPE|sell|25-40|2-7d,HYPE,sell,25-40,2-7d,826,583851.6068194897,1,33612.64487551172,36271323.17258655,10172622.930624492,10172622.930624492,137.23919852308063,True,9.267002671938853,4534.69323931087,49.0,71.0,22.0,-7.151828684661573,20.71385686973061,-3689.7196698073994,10231.838014627225,28.0,145.0,48.0,129.0
pm2_holding_excl_transfer,HYPE|sell|25-40|30-90d,HYPE,sell,25-40,30-90d,980,1358125.6,0,-3195.75374757487,78852695.64756235,19781543.36490156,19781543.36490156,38.675537669443884,True,-0.4052814835726752,-62.48121906701055,107.0,105.0,-2.0,-24.168692654434565,31.03407021586557,-4018.527575562667,4410.191032236881,16.0,163.0,68.0,130.0
pm2_holding_excl_transfer,HYPE|sell|25-40|7-30d,HYPE,sell,25-40,7-30d,1635,1288531.3308535074,0,-102507.53270296573,77487524.64428084,19850026.084382307,19850026.084382307,86.60145063361418,True,-13.22890790143876,-4472.186079359362,156.0,130.0,-26.0,-28.303586814066886,1.5387384078427493,-9554.589855171536,524.9875340131995,89.0,165.0,97.0,143.0
pm2_holding_excl_transfer,HYPE|sell|25-40|<=2d,HYPE,sell,25-40,<=2d,959,608938.0285338172,0,-17675.23366894707,28577138.18199381,9990432.15825107,9990432.15825107,500.0993347993779,True,-6.185095777044627,-8847.838071713028,143.0,144.0,1.0,-13.250318043149012,3.1487029857880304,-20129.643730757947,4578.566607647935,76.0,156.0,69.0,151.0
pm2_holding_excl_transfer,HYPE|sell|25-40|>90d,HYPE,sell,25-40,>90d,496,939838.876408579,0,14853.278188689424,50675152.598963894,14478144.870159121,14478144.870159121,15.532972457699248,True,2.931077150617819,159.35436693065924,76.0,99.0,23.0,-20.7854449285443,26.675184742447758,-1220.9843033068373,1382.2848571144773,21.0,161.0,87.0,119.0
pm2_holding_excl_transfer,HYPE|sell|40-60|2-7d,HYPE,sell,40-60,2-7d,955,241685.2393999999,0,5787.26645945119,11730354.30138622,3696387.4500248185,3696387.4500248185,145.67310954218735,True,4.933581979503625,2280.737915858359,69.0,80.0,11.0,-5.792555168797415,16.89600149363456,-2642.534856169086,7885.122598130513,35.0,141.0,56.0,125.0
pm2_holding_excl_transfer,HYPE|sell|40-60|30-90d,HYPE,sell,40-60,30-90d,1142,1608187.63,0,114226.43810479007,81924997.88940117,25920539.61296006,25920539.61296006,32.42081327388037,True,13.942806353073806,1428.7179495615999,39.0,87.0,48.0,-4.354414811601769,35.772419104243454,-458.4898050567056,3461.8587494559324,12.0,135.0,73.0,112.0
pm2_holding_excl_transfer,HYPE|sell|40-60|7-30d,HYPE,sell,40-60,7-30d,1487,1845657.5632022247,0,166551.88626025335,93724842.42970918,30469120.744158693,30469120.744158693,150.45838279910302,True,17.77030314936643,8224.434065319068,34.0,57.0,23.0,-4.61374038980132,37.79423335141126,-2108.769837887317,17837.216317720777,10.0,137.0,36.0,123.0
pm2_holding_excl_transfer,HYPE|sell|40-60|<=2d,HYPE,sell,40-60,<=2d,1055,251157.9037,0,11500.421268437105,11131846.194635203,3829773.56134568,3829773.56134568,495.1341203026694,True,10.33109968226073,14868.375053111255,45.0,38.0,-7.0,-0.05086801787531606,20.183724943215577,-70.15623205597309,29366.18049182503,29.0,105.0,31.0,106.0
pm2_holding_excl_transfer,HYPE|sell|40-60|>90d,HYPE,sell,40-60,>90d,582,446882.04,0,65566.06091875226,26434748.325285982,8101931.54126337,8101931.54126337,11.765047173004213,True,24.802982843621585,952.1035764477743,21.0,91.0,70.0,-0.14159141059431105,56.87483262947791,-5.527340687735001,2226.8695509347317,5.0,107.0,80.0,107.0
pm2_holding_excl_transfer,HYPE|sell|60-75|2-7d,HYPE,sell,60-75,2-7d,263,69056.019,0,-22809.7368447181,2864158.4692782513,1026191.6670593922,1026191.6670593922,245.394648379723,True,-79.63852939486969,-54545.24269022011,171.0,157.0,-14.0,-153.51697737806782,-18.233775339031457,-102761.87739250332,-12548.3156289182,161.0,172.0,145.0,162.0
pm2_holding_excl_transfer,HYPE|sell|60-75|30-90d,HYPE,sell,60-75,30-90d,160,90205.765,0,-26401.274343311037,4703422.652323902,1620479.2438475173,1620479.2438475173,14.699486122074198,False,-56.132047436278135,-2394.878967367335,,,,,,,,,,,
pm2_holding_excl_transfer,HYPE|sell|60-75|7-30d,HYPE,sell,60-75,7-30d,255,244720.57349999997,0,-12128.110138488046,14217196.63898505,4817122.807248911,4817122.807248911,124.89862679948125,True,-8.530591822322757,-3144.5831102552397,150.0,124.0,-26.0,-84.89358327126243,90.83387452659473,-28501.929962302747,38153.789275959265,3.0,170.0,28.0,154.0
pm2_holding_excl_transfer,HYPE|sell|60-75|<=2d,HYPE,sell,60-75,<=2d,197,45060.3,0,-2270.6951016751245,1961438.714600365,708627.9871792325,708627.9871792325,752.3601434637424,False,-11.576681365432156,-24108.284224831426,,,,,,,,,,,
pm2_holding_excl_transfer,HYPE|sell|60-75|>90d,HYPE,sell,60-75,>90d,204,196799.48313556152,0,56642.38159611183,11264975.545602487,3889493.558290228,3889493.558290228,12.217123386251886,True,50.2818504725679,1779.1698442998807,5.0,84.0,79.0,-16.569464620854117,140.75484277099739,-531.8055230031217,5515.344904600395,2.0,158.0,64.0,113.0
pm2_holding_excl_transfer,HYPE|sell|75-90|2-7d,HYPE,sell,75-90,2-7d,162,26282.446781150546,0,1371.5907403457193,1589919.8805116126,477770.8330479762,477770.8330479762,70.36239525159857,False,8.626791558228467,2019.972822115475,,,,,,,,,,,
pm2_holding_excl_transfer,HYPE|sell|75-90|30-90d,HYPE,sell,75-90,30-90d,104,34505.37247765609,0,-7145.005816873126,2038720.8735607064,628852.0981425565,628852.0981425565,11.752129872304256,False,-35.046513279643285,-1335.2748054158058,,,,,,,,,,,
pm2_holding_excl_transfer,HYPE|sell|75-90|7-30d,HYPE,sell,75-90,7-30d,269,166704.45947260284,0,-66042.78085671061,8890662.225416668,3124403.965617558,3124403.965617558,36.812909732728194,True,-74.28330891697493,-7781.4103327573075,170.0,140.0,-30.0,-130.2716477587919,57.71058953678729,-12701.182681179544,7160.361175789462,6.0,171.0,59.0,147.0
pm2_holding_excl_transfer,HYPE|sell|75-90|<=2d,HYPE,sell,75-90,<=2d,240,112302.0,0,-23668.579253935015,3843216.7041143994,1481940.8805460096,1481940.8805460096,600546.250287933,True,-61.58533612896808,-95915273.72776417,169.0,173.0,4.0,-84.34805923941578,5.755450312607196,-128194271.00238383,10330448.427729301,64.0,170.0,1.0,173.0
pm2_holding_excl_transfer,HYPE|sell|75-90|>90d,HYPE,sell,75-90,>90d,47,21457.0,0,12927.603901824246,1221473.3313136173,421742.4497836105,421742.4497836105,3.15492860353352,False,105.83615352388763,967.075221997296,,,,,,,,,,,
pm2_holding_excl_transfer,HYPE|sell|90-100|2-7d,HYPE,sell,90-100,2-7d,76,168351.759,0,5133.1139176080615,12111354.13446895,3700925.1432925733,3700925.1432925733,64.35857423717457,False,4.238265895470106,892.6413811232715,,,,,,,,,,,
pm2_holding_excl_transfer,HYPE|sell|90-100|30-90d,HYPE,sell,90-100,30-90d,44,9009.0,0,-2792.942111472703,671023.2055382706,201047.96379252942,201047.96379252942,6.609110069748746,False,-41.62213897256065,-918.1322449108765,,,,,,,,,,,
pm2_holding_excl_transfer,HYPE|sell|90-100|7-30d,HYPE,sell,90-100,7-30d,94,76307.09000168307,0,81861.97913695022,4170685.1889897296,1502746.9868599183,1502746.9868599183,38.29391682771095,False,196.27944912519217,20860.569662312682,,,,,,,,,,,
pm2_holding_excl_transfer,HYPE|sell|90-100|<=2d,HYPE,sell,90-100,<=2d,175,40780.90613262388,0,-8821.522820873002,2191114.9678887525,737540.1413598892,737540.1413598892,1078.1910022745399,False,-40.26042882347235,-128959.57790565427,,,,,,,,,,,
pm2_holding_excl_transfer,HYPE|sell|90-100|>90d,HYPE,sell,90-100,>90d,27,12329.467658247022,0,509.20787895713653,586641.1587163773,244790.99366719596,244790.99366719596,2.4129678843890896,False,8.680057159155494,50.193932382656676,,,,,,,,,,,
pm2_BTC,BTC|buy|00-10|2-7d,BTC,buy,00-10,2-7d,2259,3724.674916955914,0,68127.87167872435,275494476.7852959,310449.86436221877,310449.86436221877,1.0,True,2.4729305819012546,2194.488692036787,24.0,2.0,-22.0,1.1515663108331504,3.81123876214118,1027.5810168251144,3594.966411191559,18.0,30.0,1.0,5.0
pm2_BTC,BTC|buy|00-10|30-90d,BTC,buy,00-10,30-90d,1061,3691.3077370665183,2,182379.86144893864,268896760.6410184,1095682.1592089878,1095682.1592089878,1.0,True,6.782523560870216,1664.532546378278,13.0,3.0,-10.0,5.204047005065262,8.194419975737297,1219.968844363379,2244.1566345488604,11.0,17.0,1.0,5.0
pm2_BTC,BTC|buy|00-10|7-30d,BTC,buy,00-10,7-30d,2003,4213.8085279094985,7,88280.0253567816,305339501.18033373,578558.3572326835,578558.3572326835,1.0,True,2.891208802514004,1525.8620717024285,21.0,4.0,-17.0,1.931144338612762,3.9920248781829617,1035.4672414097258,2037.2534819567488,18.0,26.0,1.0,5.0
pm2_BTC,BTC|buy|00-10|<=2d,BTC,buy,00-10,<=2d,2209,2196.407384557396,0,-29564.44948030354,166832040.98966768,121893.99913402354,121893.99913402354,1.0,True,-1.7721086012569098,-2425.4228830245506,40.0,63.0,23.0,-3.0666277602763667,-0.6641050199389604,-3620.6214611829596,-1054.6604952204375,36.0,47.0,63.0,63.0
pm2_BTC,BTC|buy|00-10|>90d,BTC,buy,00-10,>90d,423,1694.2726089303912,2,152334.16823279145,117117563.05310363,499009.34618057834,499009.34618057834,1.0,True,13.006944839154471,3052.731765421999,8.0,1.0,-7.0,3.6720145491472946,18.27689877812377,625.436569953755,9230.371384506076,4.0,19.0,1.0,7.0
pm2_BTC,BTC|buy|10-25|2-7d,BTC,buy,10-25,2-7d,3418,5924.722609999993,0,64528.10715373823,440901313.04863405,1817233.1035535592,1817233.1035535592,1.0,True,1.4635498975395518,355.0898727717151,27.0,10.0,-17.0,-1.8435689514808746,4.768895727561433,-389.53694115334304,1328.7041848481156,16.0,42.0,4.0,58.0
pm2_BTC,BTC|buy|10-25|30-90d,BTC,buy,10-25,30-90d,1961,3754.4555819764687,0,220211.06749440214,275977039.4202416,3240308.9286515303,3240308.9286515303,1.0,True,7.979325669882185,679.5989899211369,11.0,7.0,-4.0,5.726126371139343,9.925402104109692,456.802548514993,883.7438274762696,9.0,16.0,5.0,9.0
pm2_BTC,BTC|buy|10-25|7-30d,BTC,buy,10-25,7-30d,3444,5084.8181825111515,0,107556.23430528959,378462278.6703313,2738178.7251323005,2738178.7251323005,1.0,True,2.8419274619169914,392.8020962185103,22.0,8.0,-14.0,1.5342116106824728,4.134916868508419,201.0593268430208,597.0449001400143,17.0,28.0,7.0,13.0
pm2_BTC,BTC|buy|10-25|<=2d,BTC,buy,10-25,<=2d,2872,1681.7235419999727,0,-11369.225317826103,128269907.61394277,265053.1955102544,265053.1955102544,1.0,True,-0.8863517195353686,-428.941265768903,35.0,60.0,25.0,-2.037659757913748,0.22547836805206864,-959.7985315300152,111.63801319063109,32.0,44.0,17.0,62.0
pm2_BTC,BTC|buy|10-25|>90d,BTC,buy,10-25,>90d,625,1851.8525112313132,2,242724.43733266953,141349254.55823362,2782943.317583294,2782943.317583294,1.0,True,17.171964443057675,872.1860621417588,4.0,6.0,2.0,11.978022000626437,19.67145148526695,514.7617492018096,1067.4591380682807,3.0,9.0,4.0,8.0
pm2_BTC,BTC|buy|25-40|2-7d,BTC,buy,25-40,2-7d,1724,1899.9409219132874,0,-16616.329336433017,133827552.6527516,1252106.7488281757,1252106.7488281757,1.0,True,-1.2416224467280037,-132.7069704878114,37.0,52.0,15.0,-6.1103324067551315,1.1774485454119683,-670.6784718615061,123.3628725084455,28.0,52.0,16.0,62.0
pm2_BTC,BTC|buy|25-40|30-90d,BTC,buy,25-40,30-90d,1842,1392.6729665783673,0,10417.17129486432,111069968.91094509,3333961.5478767864,3333961.5478767864,1.0,True,0.9378926992602937,31.245625197742406,31.0,26.0,-5.0,-2.2868625589712455,4.4232565495913025,-76.31809493164889,146.90716555481438,17.0,43.0,14.0,47.0
pm2_BTC,BTC|buy|25-40|7-30d,BTC,buy,25-40,7-30d,2690,4536.390241060661,0,32772.29887960242,338134097.1451472,6168371.115461041,6168371.115461041,1.0,True,0.9692101197808101,53.12958359048559,30.0,20.0,-10.0,-2.3264236770274627,3.3902638917449566,-140.57592447665874,175.35358590650426,19.0,44.0,14.0,51.0
pm2_BTC,BTC|buy|25-40|<=2d,BTC,buy,25-40,<=2d,2174,1052.1942770000005,0,-18624.69166470446,82702907.66400895,411154.76135014213,411154.76135014213,1.0,True,-2.2519996201789705,-452.9849442469073,44.0,61.0,17.0,-4.064415294890217,-0.3224424983495336,-826.6847711659528,-64.27108651576462,35.0,50.0,46.0,62.0
pm2_BTC,BTC|buy|25-40|>90d,BTC,buy,25-40,>90d,542,610.9403282354809,1,51955.66328836472,51397764.859522216,1997209.6497493726,1997209.6497493726,1.0,True,10.108545270473789,260.14125905552567,9.0,11.0,2.0,5.499419761238951,17.208633568744467,157.0229649892435,373.94178898967033,5.0,16.0,9.0,15.0
pm2_BTC,BTC|buy|40-60|2-7d,BTC,buy,40-60,2-7d,2085,2462.631527725737,0,-140977.92638966074,191229795.91991636,3404531.4494820386,3404531.4494820386,1.0,True,-7.372173656907514,-414.0890706446814,54.0,59.0,5.0,-10.478200282047164,-3.691954740481898,-593.5945520759294,-207.56504211343875,47.0,57.0,55.0,61.0
pm2_BTC,BTC|buy|40-60|30-90d,BTC,buy,40-60,30-90d,1968,2656.1469040851057,0,-285686.3793151727,218884824.5583354,11796149.757707244,11796149.757707244,1.0,True,-13.051904347029497,-242.18612444159072,57.0,56.0,-1.0,-31.05024624371257,-1.8613355501750641,-574.3813435284076,-34.704448491329714,43.0,62.0,44.0,61.0
pm2_BTC,BTC|buy|40-60|7-30d,BTC,buy,40-60,7-30d,2595,2317.112974460847,1,-69960.79848304378,181338842.68358234,6017005.42536595,6017005.42536595,1.0,True,-3.8580150533506044,-116.27178893359368,51.0,47.0,-4.0,-7.689221242603771,-0.4492785415998924,-244.14598648948376,-13.275959448471472,36.0,54.0,39.0,56.0
pm2_BTC,BTC|buy|40-60|<=2d,BTC,buy,40-60,<=2d,2355,1181.472832522489,0,-33989.29965669814,94474957.04452208,834158.9700674353,834158.9700674353,1.0,True,-3.5977046955078698,-407.4678913295192,50.0,58.0,8.0,-6.579589655928893,-0.5081157054617512,-774.870540401888,-56.25717648096247,36.0,53.0,45.0,62.0
pm2_BTC,BTC|buy|40-60|>90d,BTC,buy,40-60,>90d,617,424.9740583570257,0,53607.90746759576,34239996.33974138,2545886.433081484,2545886.433081484,1.0,True,15.65651670510683,210.56676673008525,7.0,13.0,6.0,11.386715483152498,20.6719632798914,151.97593255245178,275.0670969434441,3.0,9.0,10.0,15.0
pm2_BTC,BTC|buy|60-75|2-7d,BTC,buy,60-75,2-7d,942,977.942774747913,0,-27339.42229389856,77082232.24172649,2196401.157411085,2196401.157411085,1.0,True,-3.5467865289841805,-124.47372012007017,49.0,49.0,0.0,-8.903437311732993,1.5693711732019682,-325.9834176364981,53.80444831513475,27.0,55.0,21.0,58.0
pm2_BTC,BTC|buy|60-75|30-90d,BTC,buy,60-75,30-90d,566,1121.7226745889857,0,195470.0379779214,84834145.49823053,5446842.578639535,5446842.578639535,1.0,True,23.041434180768462,358.8685282451181,2.0,9.0,7.0,-2.9616691040793994,34.685114090863216,-40.738636836069034,587.9677614349854,1.0,46.0,7.0,44.0
pm2_BTC,BTC|buy|60-75|7-30d,BTC,buy,60-75,7-30d,903,1270.7951439006624,0,-60210.55196681071,96058141.2712208,4749599.426788743,4749599.426788743,1.0,True,-6.2681362735102075,-126.76974741745691,52.0,50.0,-2.0,-12.626491574111359,-3.022339200342947,-274.7965069003282,-58.42916175720079,46.0,58.0,45.0,57.0
pm2_BTC,BTC|buy|60-75|<=2d,BTC,buy,60-75,<=2d,887,744.0871800000008,0,-50097.862643657405,56717510.89249681,913040.7862021825,913040.7862021825,1.0,True,-8.832873984652398,-548.6924943631576,55.0,62.0,7.0,-14.680754577200512,-0.8575261600980926,-807.4356956837836,-62.64714418457451,37.0,59.0,46.0,62.0
pm2_BTC,BTC|buy|60-75|>90d,BTC,buy,60-75,>90d,161,53.19105999999998,0,7299.3511260368805,3943112.0672782,358275.8423464437,358275.8423464437,1.0,False,18.51165019277624,203.73550943963988,,,,,,,,,,,
pm2_BTC,BTC|buy|75-90|2-7d,BTC,buy,75-90,2-7d,592,439.9981589062513,0,14286.958428348475,33745092.016397215,1371147.5024764263,1371147.5024764263,1.0,True,4.233788552541579,104.19709332908992,19.0,16.0,-3.0,-8.818510601420144,16.499521127198093,-225.24894770357812,385.52826205940414,5.0,55.0,9.0,55.0
pm2_BTC,BTC|buy|75-90|30-90d,BTC,buy,75-90,30-90d,278,376.41903570272615,0,64425.04181258441,30358977.235954348,2905786.476359945,2905786.476359945,1.0,True,21.22108439683712,221.71292466502612,3.0,12.0,9.0,4.195601581492363,38.13276780692007,41.75498960490947,422.3505657054203,1.0,18.0,9.0,22.0
pm2_BTC,BTC|buy|75-90|7-30d,BTC,buy,75-90,7-30d,750,728.8422936902381,0,91162.59183861875,53777669.26767247,4355412.991269012,4355412.991269012,1.0,True,16.951755827287144,209.30872002578388,5.0,14.0,9.0,-1.8638296769381928,32.171029969566675,-22.783161197806297,396.69281294383353,1.0,41.100000000000364,9.0,40.0
pm2_BTC,BTC|buy|75-90|<=2d,BTC,buy,75-90,<=2d,681,410.72342966684874,0,6508.528222288825,32495970.96336355,675421.1213155336,675421.1213155336,1.0,True,2.002872365200793,96.36252134982115,26.0,17.0,-9.0,-6.26273354108454,11.597777802287272,-292.2810021319575,566.9053977515049,9.0,52.0,8.0,57.0
pm2_BTC,BTC|buy|75-90|>90d,BTC,buy,75-90,>90d,100,42.97400385325913,0,24713.963649545312,3691137.9216785305,420492.10516750935,420492.10516750935,1.0,False,66.95486371397017,587.7390644397505,,,,,,,,,,,
pm2_BTC,BTC|buy|90-100|2-7d,BTC,buy,90-100,2-7d,328,603.8020778183214,0,26095.178269503223,48768348.55964007,3727334.605663453,3727334.605663453,1.0,True,5.350843126785554,70.01029161657026,16.0,18.0,2.0,-0.5556893642052647,14.796919807470603,-6.601076553819006,189.65673406995637,7.0,36.0,14.0,36.0
pm2_BTC,BTC|buy|90-100|30-90d,BTC,buy,90-100,30-90d,73,19.79606645463951,0,-2196.0007824636587,1614251.9201649087,190555.11141921024,190555.11141921024,1.0,False,-13.603829458287525,-115.24229216987959,,,,,,,,,,,
pm2_BTC,BTC|buy|90-100|7-30d,BTC,buy,90-100,7-30d,313,400.00955895581995,0,-102478.2579147689,27558285.449235346,2981725.4048615308,2981725.4048615308,1.0,True,-37.18600640215531,-343.6877780485219,63.0,57.0,-6.0,-79.97568434349509,2.1469220165299157,-689.5513350396068,20.74420820431705,24.0,63.0,26.0,62.0
pm2_BTC,BTC|buy|90-100|<=2d,BTC,buy,90-100,<=2d,595,426.1481808426069,0,135188.21918718633,34765479.40087664,1324556.601421542,1324556.601421542,1.0,True,38.885762980094974,1020.6299907614329,1.0,5.0,4.0,11.524617517211398,109.60651651169258,296.3925645556051,3020.7823703395725,1.0,8.0,1.0,10.0
pm2_BTC,BTC|buy|90-100|>90d,BTC,buy,90-100,>90d,48,18.851497400000007,0,18220.82720731041,1475650.7418919094,234294.0501865762,234294.0501865762,1.0,False,123.47655641029098,777.6905641778164,,,,,,,,,,,
pm2_BTC,BTC|sell|00-10|2-7d,BTC,sell,00-10,2-7d,2895,5293.336099607965,0,24842.414255320706,388125710.3037293,37730646.75770422,37730646.75770422,1.0,True,0.6400610316662655,6.584147474293728,32.0,32.0,0.0,-0.11616318888599557,1.5641647700906407,-1.1809356861944436,15.790927837505938,26.0,36.0,26.0,36.0
pm2_BTC,BTC|sell|00-10|30-90d,BTC,sell,00-10,30-90d,1426,2096.0194487594563,0,-15184.717769852408,166284562.14745885,12352179.662362976,12352179.662362976,1.0,True,-0.9131766397163683,-12.293148403694419,36.0,39.0,3.0,-2.3558081683667202,0.002124658675514034,-30.479229842363956,0.02480222210630696,33.0,45.0,33.0,44.0
pm2_BTC,BTC|sell|00-10|7-30d,BTC,sell,00-10,7-30d,3100,4289.559623811595,1,12240.445360945065,319283122.56801647,29621156.138580926,29621156.138580926,1.0,True,0.38337276529038894,4.1323320749800665,33.0,33.0,0.0,-1.140022421352509,1.746692455696494,-12.369809741134308,18.782414761851225,26.0,39.0,25.0,39.0
pm2_BTC,BTC|sell|00-10|<=2d,BTC,sell,00-10,<=2d,4909,3455.342891529434,0,28815.43548961563,279393793.2898307,35820225.71817839,35820225.71817839,1.0,True,1.0313556056602797,8.04445949512599,29.0,31.0,2.0,0.7747903643005123,1.2835182331443054,5.986633014391908,10.093010931441174,26.0,33.0,27.0,34.0
pm2_BTC,BTC|sell|00-10|>90d,BTC,sell,00-10,>90d,526,2155.946268352503,0,-141106.9188581386,153654975.279863,10877698.349079164,10877698.349079164,1.0,True,-9.183361528068342,-129.72130163003078,56.0,51.0,-5.0,-11.112522887575738,-5.490506493270616,-142.11130235200918,-93.03106247848356,50.0,58.0,47.0,54.0
pm2_BTC,BTC|sell|10-25|2-7d,BTC,sell,10-25,2-7d,3268,3919.0878299999717,1,73221.1426965983,302188110.6033557,36388479.14642689,36388479.14642689,1.0,True,2.4230318840275773,20.122067317503742,25.0,28.0,3.0,0.9608280436125007,3.8812995338149765,7.726127723713646,32.44180289945261,18.0,30.0,22.0,31.0
pm2_BTC,BTC|sell|10-25|30-90d,BTC,sell,10-25,30-90d,2587,4773.868689623045,0,-71888.54423657838,355082443.3998312,34444363.901375756,34444363.901375756,1.0,True,-2.024559241742915,-20.870916485035465,43.0,43.0,0.0,-3.8413438744677637,-0.07543677237240859,-40.849158930707155,-0.7518015277967374,34.0,48.0,34.0,45.0
pm2_BTC,BTC|sell|10-25|7-30d,BTC,sell,10-25,7-30d,3990,5099.532344316922,0,-49727.39633770144,389255858.8437627,43923239.474745184,43923239.474745184,1.0,True,-1.277498981914123,-11.32143187350594,38.0,36.0,-2.0,-3.1472501957746797,0.39964304505970333,-27.786089733917166,3.534175542092838,32.0,47.0,32.0,43.0
pm2_BTC,BTC|sell|10-25|<=2d,BTC,sell,10-25,<=2d,4040,1897.581717999957,0,20342.352439567905,158920283.637743,23847283.370803293,23847283.370803293,1.0,True,1.280034994522038,8.530259872063018,28.0,30.0,2.0,0.6821534095896793,1.8375979311197146,4.523203019205374,12.323508627795379,24.0,33.0,26.0,34.0
pm2_BTC,BTC|sell|10-25|>90d,BTC,sell,10-25,>90d,624,1049.4002299999993,1,-119039.41135024645,80911204.38215585,7315743.239233091,7315743.239233091,1.0,True,-14.71235192446343,-162.71677047365233,58.0,53.0,-5.0,-19.2701858259435,-7.639619714597499,-219.09653358678673,-85.04918027802191,54.0,61.0,47.0,56.0
pm2_BTC,BTC|sell|25-40|2-7d,BTC,sell,25-40,2-7d,2396,4495.765661286037,1,6051.186734562044,328158489.2837172,46228389.069039755,46228389.069039755,1.0,True,0.18439829936352328,1.308976336061571,34.0,34.0,0.0,-3.6826009536465723,4.836215941379056,-26.207315644486442,34.25207323652918,17.0,48.0,23.0,42.0
pm2_BTC,BTC|sell|25-40|30-90d,BTC,sell,25-40,30-90d,2049,3136.337195931783,0,109758.21412371132,239959672.14907622,27472759.13182556,27472759.13182556,1.0,True,4.574027508069083,39.95165305277363,18.0,23.0,5.0,-0.8331215080490507,9.698652678157453,-7.2526434236369575,85.7937000152276,10.0,38.0,17.0,37.0
pm2_BTC,BTC|sell|25-40|7-30d,BTC,sell,25-40,7-30d,3341,4496.704664920501,2,188264.6984148691,327481499.81543595,44356520.80784356,44356520.80784356,1.0,True,5.748865157908844,42.443522392220245,15.0,22.0,7.0,4.034769152199295,7.511159320839043,30.00090111510051,55.26909795580082,12.0,19.0,18.0,25.0
pm2_BTC,BTC|sell|25-40|<=2d,BTC,sell,25-40,<=2d,2868,1190.5813599999917,0,24057.7245436196,96021861.97560944,15622236.051979413,15622236.051979413,1.0,True,2.505442411617733,15.399667796321237,23.0,29.0,6.0,1.0844967102185938,3.860233228599003,6.685991096508023,23.781917417203573,18.0,30.0,23.0,32.0
pm2_BTC,BTC|sell|25-40|>90d,BTC,sell,25-40,>90d,643,718.2221812537126,1,90792.88042316925,54352227.22545933,7074942.625331508,7074942.625331508,1.0,True,16.704537248593304,128.3302003016809,6.0,15.0,9.0,11.009426383700418,28.307647954822194,84.12784641195641,228.4651314986289,2.0,9.0,12.0,18.0
pm2_BTC,BTC|sell|40-60|2-7d,BTC,sell,40-60,2-7d,2597,2275.579050421831,0,90015.02786360598,180069613.45295286,27555746.031535935,27555746.031535935,1.0,True,4.998901599082089,32.66651817758411,17.0,25.0,8.0,-2.774248700486926,11.447367919741621,-17.268671424861395,79.31076737839955,9.0,45.0,17.0,40.0
pm2_BTC,BTC|sell|40-60|30-90d,BTC,sell,40-60,30-90d,2450,3288.076955102535,0,-65858.7197980325,264362453.60933858,36215385.37421551,36215385.37421551,1.0,True,-2.491228194430181,-18.185287583581072,45.0,41.0,-4.0,-6.0928393112236785,3.594289355107274,-47.25966014319231,25.575770182067362,19.0,51.0,24.0,45.0
pm2_BTC,BTC|sell|40-60|7-30d,BTC,sell,40-60,7-30d,3428,3909.735684520923,1,122345.33491724735,300635616.5041212,44020238.12456834,44020238.12456834,1.0,True,4.069555574948659,27.792974352168397,20.0,27.0,7.0,-0.26734490029685193,9.362220713015127,-1.7984274779400211,64.42003443831116,10.0,35.0,18.0,35.0
pm2_BTC,BTC|sell|40-60|<=2d,BTC,sell,40-60,<=2d,2794,1473.0003182919465,0,-23092.7583576986,117865276.31359254,19230806.331032716,19230806.331032716,1.0,True,-1.9592503475118463,-12.008211179597737,41.0,37.0,-4.0,-6.681586982617865,2.42980053756612,-40.761113664359335,14.79689784105551,24.0,53.0,28.0,44.100000000000364
pm2_BTC,BTC|sell|40-60|>90d,BTC,sell,40-60,>90d,948,361.98279205629035,0,19775.23829610231,27561710.80748821,4023650.829136245,4023650.829136245,1.0,True,7.174895068824827,49.14750095337534,12.0,21.0,9.0,-2.451432918726361,17.094516137907863,-17.166479738490498,116.97279365442597,5.0,44.0,16.0,39.0
pm2_BTC,BTC|sell|60-75|2-7d,BTC,sell,60-75,2-7d,727,991.7929644037631,0,-14963.297422129162,74575469.41817118,12419309.330289789,12419309.330289789,1.0,True,-2.0064637257895934,-12.048413502057457,42.0,38.0,-4.0,-11.378400683269406,4.650359684874686,-70.13918296545492,27.532366222802583,18.0,57.0,24.0,47.0
pm2_BTC,BTC|sell|60-75|30-90d,BTC,sell,60-75,30-90d,595,118.1542091023209,0,-2399.305374848173,9264842.83335131,1456408.658516982,1456408.658516982,1.0,True,-2.589688155541315,-16.474121880676776,46.0,40.0,-6.0,-15.252261498489325,10.378856650967808,-96.87317481316478,65.86531001592253,10.0,58.0,19.0,48.0
pm2_BTC,BTC|sell|60-75|7-30d,BTC,sell,60-75,7-30d,1011,1413.382646653485,0,-37433.00825326357,106478382.94172636,17492029.091602378,17492029.091602378,1.0,True,-3.515550031760903,-21.400037729890645,48.0,44.0,-4.0,-11.23364762731043,0.9479713110021312,-70.50500847478794,5.813122830028421,30.0,57.0,31.0,47.0
pm2_BTC,BTC|sell|60-75|<=2d,BTC,sell,60-75,<=2d,823,367.1864900000007,0,-9696.338117558362,29127108.583138335,4935020.547149959,4935020.547149959,1.0,True,-3.3289737942514366,-19.6480197497012,47.0,42.0,-5.0,-7.730231157203484,1.013644799056756,-45.50112135437635,5.969016500419443,30.0,54.0,31.0,46.0
pm2_BTC,BTC|sell|60-75|>90d,BTC,sell,60-75,>90d,222,55.72799903362769,0,-12880.633270926195,4360492.192116393,727134.1010529138,727134.1010529138,1.0,True,-29.539402212928852,-177.14247278837038,61.0,54.0,-7.0,-48.67854042636337,-15.858249963378645,-298.2288090521553,-94.58001520073174,59.0,63.0,47.0,58.0
pm2_BTC,BTC|sell|75-90|2-7d,BTC,sell,75-90,2-7d,387,271.3812600000003,0,-41577.01477073141,21696639.84761402,3560923.253935195,3560923.253935195,1.0,True,-19.162881931371338,-116.75908691596885,60.0,48.0,-12.0,-30.513185530637998,-7.940319053239521,-188.9096431931574,-47.547936607686715,55.0,62.0,44.0,55.0
pm2_BTC,BTC|sell|75-90|30-90d,BTC,sell,75-90,30-90d,225,76.90011879997597,0,-10311.038436518013,5835832.071201645,947412.3534015316,947412.3534015316,1.0,True,-17.668497500811203,-108.83369210352691,59.0,46.0,-13.0,-38.24267716004537,1.656473799279311,-235.04265082582185,10.299270678046923,27.0,63.0,30.0,56.0
pm2_BTC,BTC|sell|75-90|7-30d,BTC,sell,75-90,7-30d,554,439.75651335841866,0,-4879.48080028481,32670054.44108048,5446476.447675048,5446476.447675048,1.0,True,-1.493563718751928,-8.958967962429595,39.0,35.0,-4.0,-8.357106082519445,3.4643445248969695,-51.267043963295365,20.50690342614197,20.0,54.0,25.0,45.0
pm2_BTC,BTC|sell|75-90|<=2d,BTC,sell,75-90,<=2d,512,322.5790998232866,0,14677.072698759683,24721032.115435597,4172999.547402464,4172999.547402464,1.0,True,5.937079257138074,35.171517590735455,14.0,24.0,10.0,-12.22511495547739,13.542879845910889,-70.92590874138048,79.82111874208805,7.0,57.0,17.0,46.0
pm2_BTC,BTC|sell|75-90|>90d,BTC,sell,75-90,>90d,118,53.02491222930619,0,-24869.292382644733,3993911.550489693,672139.7179669641,672139.7179669641,1.0,False,-62.26800986515466,-370.00182726691753,,,,,,,,,,,
pm2_BTC,BTC|sell|90-100|2-7d,BTC,sell,90-100,2-7d,221,84.5426752032587,0,6526.2497483971365,6791619.979816204,1053418.124490568,1053418.124490568,1.0,True,9.609268138959905,61.95308013665728,10.0,19.0,9.0,-0.26817685684527065,21.3981404941316,-1.6861458702162406,136.63807627903063,3.0,35.0,15.0,34.0
pm2_BTC,BTC|sell|90-100|30-90d,BTC,sell,90-100,30-90d,68,25.61661114595518,0,-24230.500671545822,1643552.4200825044,296348.0555973512,296348.0555973512,1.0,False,-147.4276109205539,-817.6365666615967,,,,,,,,,,,
pm2_BTC,BTC|sell|90-100|7-30d,BTC,sell,90-100,7-30d,203,83.0738139497629,0,-21400.023990220583,6133938.141129799,1062623.0723274343,1062623.0723274343,1.0,True,-34.887903167342586,-201.38866308773717,62.0,55.0,-7.0,-79.35355631099958,11.661350856824761,-428.6282727043274,71.65685684702181,9.0,63.0,18.0,59.0
pm2_BTC,BTC|sell|90-100|<=2d,BTC,sell,90-100,<=2d,523,484.62115605916546,0,-27308.881829151407,37756148.17580494,6004636.954469873,6004636.954469873,1.0,True,-7.232962881169008,-45.47965520017423,53.0,45.0,-8.0,-26.369396010402276,7.066790336194962,-154.2699011651364,42.79385188663623,14.0,61.0,22.0,53.0
pm2_BTC,BTC|sell|90-100|>90d,BTC,sell,90-100,>90d,118,36.14760000000003,0,-30681.85677611186,2669079.9888873994,547178.503106558,547178.503106558,1.0,False,-114.95293098691107,-560.7284752949596,,,,,,,,,,,
sm_all_BTC,BTC|buy|00-10|2-7d,BTC,buy,00-10,2-7d,2930,4360.315004508309,0,80817.2449667462,324955684.0029542,392368.97146084014,392368.97146084014,1.0,True,2.4870235833761103,2059.725687937382,24.0,4.0,-20.0,1.375364491119391,3.648581290776024,1123.022593130415,3246.1995867517626,21.0,31.0,2.0,7.0
sm_all_BTC,BTC|buy|00-10|30-90d,BTC,buy,00-10,30-90d,1279,3841.990900016552,0,189933.2674567905,281706287.3955726,1190089.2746901845,1190089.2746901845,1.0,True,6.742244527545307,1595.9581478140433,19.0,6.0,-13.0,5.238339535565427,8.100904672463624,1189.920636084933,2136.9053940873087,15.0,21.0,2.0,7.0
sm_all_BTC,BTC|buy|00-10|7-30d,BTC,buy,00-10,7-30d,2677,4792.656889421988,0,92264.05061534166,349121599.91898954,689211.7307688922,689211.7307688922,1.0,True,2.6427482755793594,1338.6894983985671,21.0,7.0,-14.0,1.7289360483143008,3.6315092341005437,873.9235841657546,1809.6428690061864,21.0,30.0,3.0,8.0
sm_all_BTC,BTC|buy|00-10|<=2d,BTC,buy,00-10,<=2d,3874,2842.8151852853302,0,-29282.619963794903,220446303.55520687,156576.33223151867,156576.33223151867,1.0,True,-1.3283334531604696,-1870.1817539381818,45.0,64.0,19.0,-2.2963708112893477,-0.4658918889542701,-2882.605303312219,-733.6896332314616,39.0,49.0,63.0,64.0
sm_all_BTC,BTC|buy|00-10|>90d,BTC,buy,00-10,>90d,479,1743.8113264190542,0,168643.28393404026,121469111.87299989,564628.7790618261,564628.7790618261,1.0,True,13.883635216692996,2986.799295180348,14.0,2.0,-12.0,5.490103966372494,19.022254584851765,848.7076742461168,7840.82942064084,9.0,20.0,1.0,8.0
sm_all_BTC,BTC|buy|10-25|2-7d,BTC,buy,10-25,2-7d,4858,6843.934610000058,0,82672.59984206394,516637524.04876584,2189852.0106253843,2189852.0106253843,1.0,True,1.6002050953283138,377.5259672385535,27.0,11.0,-16.0,-1.193151851621208,4.423388968570674,-251.95638158600147,1161.1683374586373,20.0,44.0,7.0,57.0
sm_all_BTC,BTC|buy|10-25|30-90d,BTC,buy,10-25,30-90d,2649,4433.794021976467,0,352373.241491441,324422239.7194534,4019297.6112298807,4019297.6112298807,1.0,True,10.861562443935977,876.7035327439137,16.0,9.0,-7.0,6.292064630326626,16.44849969869633,472.74133825600893,1360.4668464196545,11.0,20.0,6.0,11.0
sm_all_BTC,BTC|buy|10-25|7-30d,BTC,buy,10-25,7-30d,5202,5807.745682511177,0,112021.30330991502,434630182.3528091,3298246.0225626985,3298246.0225626985,1.0,True,2.577393560279305,339.63901583932113,23.0,13.0,-10.0,1.408798903335859,3.753993893876353,178.41611489294496,514.0460700607354,21.0,31.0,10.0,19.0
sm_all_BTC,BTC|buy|10-25|<=2d,BTC,buy,10-25,<=2d,5025,2907.8915419999985,0,12120.527900589996,229703775.2553214,497570.6090713507,497570.6090713507,1.0,True,0.5276590638145903,243.594128745091,35.0,17.0,-18.0,-0.22459822359881945,1.2726574428635544,-102.30467443839247,595.5993398618128,30.0,40.0,10.0,51.0
sm_all_BTC,BTC|buy|10-25|>90d,BTC,buy,10-25,>90d,871,1974.9461707965859,0,287218.33112135745,151787930.1784825,3462326.5913791168,3462326.5913791168,1.0,True,18.922343218174642,829.5529712202926,11.0,10.0,-1.0,15.074987963274376,21.650007895205533,565.788628903898,997.6233681154629,7.0,14.0,6.0,11.0
sm_all_BTC,BTC|buy|25-40|2-7d,BTC,buy,25-40,2-7d,3145,2562.464921913281,0,-17627.685736371554,189261673.78203598,1943504.6233950541,1943504.6233950541,1.0,True,-0.9313922562405611,-90.70050837120336,43.0,50.0,7.0,-3.7810524766315696,0.9387283861072935,-363.17882945302466,92.18326558839706,33.0,51.0,23.0,60.0
sm_all_BTC,BTC|buy|25-40|30-90d,BTC,buy,25-40,30-90d,2575,1685.853366578359,0,-2284.591029743324,136030182.5274816,4556918.078875249,4556918.078875249,1.0,True,-0.1679473619232833,-5.013456441830995,38.0,41.0,3.0,-3.026423668009334,2.8385677735338177,-89.97865490694264,84.28911368462263,24.0,49.0,22.0,52.0
sm_all_BTC,BTC|buy|25-40|7-30d,BTC,buy,25-40,7-30d,4588,6607.781091060736,0,1502133.944150623,495572460.6894534,8215331.79882255,8215331.79882255,1.0,True,30.311085932031308,1828.4519492760037,5.0,5.0,0.0,2.73553640208308,63.341251761806895,147.85500960241336,4537.576577525305,3.0,25.0,2.0,19.0
sm_all_BTC,BTC|buy|25-40|<=2d,BTC,buy,25-40,<=2d,3698,1728.7922769999732,0,-12460.297999356648,138481340.9933685,735155.8385774525,735155.8385774525,1.0,True,-0.8997817258249498,-169.49192736423996,42.0,56.0,14.0,-2.21334089303582,0.47318858174040634,-419.32678127992693,88.3365765985604,35.0,48.0,23.0,61.0
sm_all_BTC,BTC|buy|25-40|>90d,BTC,buy,25-40,>90d,777,835.8099079120286,0,93409.73214457341,70342470.95840627,3643439.6214108723,3643439.6214108723,1.0,True,13.279279341751712,256.37787873756986,15.0,16.0,1.0,6.422027515901414,23.51083377482699,125.09425532207194,423.7228497761249,8.0,19.0,11.0,20.0
sm_all_BTC,BTC|buy|40-60|2-7d,BTC,buy,40-60,2-7d,3562,2898.208669284045,0,-151836.34882515922,227823159.6861179,4091714.2072799318,4091714.2072799318,1.0,True,-6.664658195169926,-371.0824880071382,53.0,62.0,9.0,-9.403464760417537,-3.4429373440275386,-523.8274112270766,-191.19516282448294,49.0,57.0,56.0,62.0
sm_all_BTC,BTC|buy|40-60|30-90d,BTC,buy,40-60,30-90d,2800,2946.4746836504223,0,-241215.75421395726,243800424.3008049,15390040.82714078,15390040.82714078,1.0,True,-9.893984184225264,-156.73496706296342,57.0,54.0,-3.0,-26.29598808240104,2.324346534458167,-401.26570172451085,36.722366083427225,27.0,61.0,27.0,61.0
sm_all_BTC,BTC|buy|40-60|7-30d,BTC,buy,40-60,7-30d,4747,4080.260495700253,0,2944333.6082779495,310255281.4996449,7953270.733744931,7953270.733744931,1.0,True,94.9003541227813,3702.041219074106,2.0,1.0,-1.0,32.77080445984435,153.11680051703968,1068.8457706328245,7359.799749325716,1.0,5.0,1.0,7.0
sm_all_BTC,BTC|buy|40-60|<=2d,BTC,buy,40-60,<=2d,3994,1874.172832522465,0,-27774.81040810782,151178590.16765752,1369254.4958290597,1369254.4958290597,1.0,True,-1.837218509400403,-202.84622393217452,46.0,58.0,12.0,-4.0182832788034615,0.33647774010477516,-454.509845095173,36.76156218549182,36.0,51.0,27.0,61.100000000000364
sm_all_BTC,BTC|buy|40-60|>90d,BTC,buy,40-60,>90d,751,682.7770583570241,0,174875.57582035902,57801999.84731123,5955408.3829601025,5955408.3829601025,1.0,True,30.254243154615295,293.6416188027026,6.0,14.0,8.0,10.318899202504364,47.87817952058267,97.01951278244691,475.0897037651581,3.0,15.0,11.0,22.0
sm_all_BTC,BTC|buy|60-75|2-7d,BTC,buy,60-75,2-7d,1436,1070.6787747479125,0,-28926.602118602586,84290959.21198905,2475231.237350398,2475231.237350398,1.0,True,-3.4317561917705923,-116.86424153877016,48.0,51.0,3.0,-8.351932832603339,1.2028159080382372,-295.0406720844368,39.96246565267817,32.0,55.0,27.0,59.0
sm_all_BTC,BTC|buy|60-75|30-90d,BTC,buy,60-75,30-90d,870,1209.3866745889854,0,205974.9310574601,91877788.80149598,7310854.66190188,7310854.66190188,1.0,True,22.41835962143947,281.7385115461683,9.0,15.0,6.0,-0.7154314025672083,33.83915431451212,-7.986817136026441,468.96285192378116,5.0,41.0,11.0,41.0
sm_all_BTC,BTC|buy|60-75|7-30d,BTC,buy,60-75,7-30d,1724,2312.8978340026056,0,1989263.8992118062,172590470.76376167,8720104.701829212,8720104.701829212,1.0,True,115.25919654826541,2281.2385484253637,1.0,3.0,2.0,-5.758764814068466,304.88443804144976,-101.06542432389364,8528.57761296998,1.0,53.0,1.0,53.0
sm_all_BTC,BTC|buy|60-75|<=2d,BTC,buy,60-75,<=2d,1407,889.8601799999981,0,-38952.45690653967,68273905.5868103,1090056.9098423254,1090056.9098423254,1.0,True,-5.705321318847302,-357.3433327639203,51.0,61.0,10.0,-11.709069266974343,1.9986957209200802,-652.6236611830451,145.14545483104132,28.0,58.0,20.0,62.100000000000364
sm_all_BTC,BTC|buy|60-75|>90d,BTC,buy,60-75,>90d,203,62.95621366878161,0,10251.11210643089,4846382.720987948,746976.9827679128,746976.9827679128,1.0,True,21.152089499735535,137.23464501470363,10.0,21.0,11.0,2.051380330096122,42.5677907474545,13.977266977285495,274.6517982997965,3.0,27.0,15.0,31.0
sm_all_BTC,BTC|buy|75-90|2-7d,BTC,buy,75-90,2-7d,905,494.7238589062519,0,-22549.816656346084,37905055.51372149,1701683.577946764,1701683.577946764,1.0,True,-5.949026152509692,-132.5147456823582,52.0,52.0,0.0,-34.8017195200297,13.653183500550792,-711.0336637274178,309.7971796527405,13.0,61.0,14.0,62.0
sm_all_BTC,BTC|buy|75-90|30-90d,BTC,buy,75-90,30-90d,362,384.76703570272616,0,71733.29071985975,31057078.78722346,4437575.310163407,4437575.310163407,1.0,True,23.097243372860312,161.6497427222667,8.0,19.0,11.0,7.305377836710731,40.45021460268418,48.2321342850851,300.9702941758071,3.0,18.0,14.0,25.0
sm_all_BTC,BTC|buy|75-90|7-30d,BTC,buy,75-90,7-30d,1032,821.0361697639913,0,89687.88961462337,60726995.66256664,5900089.270760656,5900089.270760656,1.0,True,14.769031241555199,152.01107220376102,13.0,20.0,7.0,-2.0250518151957073,29.31568533409599,-20.69260919811913,303.7493848426988,6.0,46.0,14.0,43.0
sm_all_BTC,BTC|buy|75-90|<=2d,BTC,buy,75-90,<=2d,1038,493.22642966684805,0,9134.960335485133,39002422.87263038,868953.2675034426,868953.2675034426,1.0,True,2.3421520158675873,105.12602549652007,25.0,23.0,-2.0,-4.836901163176136,10.28639479432914,-212.0516901329292,467.2261778308143,15.0,51.0,11.0,56.0
sm_all_BTC,BTC|buy|75-90|>90d,BTC,buy,75-90,>90d,110,43.13100385325913,0,25151.671674103858,3706550.526264482,863203.5536141711,863203.5536141711,1.0,False,67.857355500431,291.3759051245285,,,,,,,,,,,
sm_all_BTC,BTC|buy|90-100|2-7d,BTC,buy,90-100,2-7d,456,643.0670778183209,0,6035.6590833087985,51328602.396087654,4446889.475841686,4446889.475841686,1.0,True,1.1758861144773438,13.572766123597884,31.0,29.0,-2.0,-14.373763846042685,11.39496724705563,-132.77808560115292,125.60676371779061,15.0,58.0,20.0,53.0
sm_all_BTC,BTC|buy|90-100|30-90d,BTC,buy,90-100,30-90d,83,19.98106645463951,0,-2016.021925580126,1630268.9002615525,385380.4040138387,385380.4040138387,1.0,False,-12.36619262783388,-52.31251782868888,,,,,,,,,,,
sm_all_BTC,BTC|buy|90-100|7-30d,BTC,buy,90-100,7-30d,386,430.6067952752809,0,-89230.29466834429,30191702.223153543,5443468.009283607,5443468.009283607,1.0,True,-29.554575627708388,-163.92177655157658,61.0,55.0,-6.0,-68.53748159488887,9.128725867885324,-360.1742006898091,48.29753700553112,16.0,63.0,25.0,60.0
sm_all_BTC,BTC|buy|90-100|<=2d,BTC,buy,90-100,<=2d,849,471.2395440217784,0,143525.1779713807,38003443.23386118,1516319.6809215108,1516319.6809215108,1.0,True,37.76636161312335,946.536405068332,4.0,8.0,4.0,12.275494845218969,96.18438286268673,307.4961473104359,2410.0645657471546,2.0,14.0,3.0,14.0
sm_all_BTC,BTC|buy|90-100|>90d,BTC,buy,90-100,>90d,49,18.861497400000005,0,18289.90335186221,1476765.1528304357,776884.8210524999,776884.8210524999,1.0,False,123.85113040355093,235.42619003784378,,,,,,,,,,,
sm_all_BTC,BTC|sell|00-10|2-7d,BTC,sell,00-10,2-7d,4466,6578.730099608015,0,22521.708144923054,488356754.1606403,63461757.09639068,63461757.09639068,1.0,True,0.46117327042260486,3.5488629964523866,36.0,36.0,0.0,-0.1482906382798646,1.1925758168171545,-1.1407360232589665,9.180945729330196,31.0,41.0,32.0,41.0
sm_all_BTC,BTC|sell|00-10|30-90d,BTC,sell,00-10,30-90d,2124,2330.616611709483,0,-8769.896544700092,186178623.34834966,24212565.650223322,24212565.650223322,1.0,True,-0.47104744825033806,-3.6220434758508144,40.0,39.0,-1.0,-1.5876973839195252,0.4104944162941457,-12.199080620582409,3.1578272702791805,35.0,46.0,35.0,44.0
sm_all_BTC,BTC|sell|00-10|7-30d,BTC,sell,00-10,7-30d,4498,5539.865003462421,1,25938.024801017815,421520204.6483649,54762354.565260224,54762354.565260224,1.0,True,0.615344757261529,4.736469972288629,34.0,35.0,1.0,-0.63707453216716,1.6954236129055602,-4.899014558367492,13.062335135574667,28.0,42.0,30.0,41.0
sm_all_BTC,BTC|sell|00-10|<=2d,BTC,sell,00-10,<=2d,7649,5584.180267626843,0,60397.602703940196,455079409.9218776,59382356.961760156,59382356.961760156,1.0,True,1.3271882090712148,10.170967572545802,29.0,31.0,2.0,1.1181421549163353,1.5307735705338605,8.569708862224658,11.731025721143583,27.0,34.0,29.0,36.0
sm_all_BTC,BTC|sell|00-10|>90d,BTC,sell,00-10,>90d,573,2160.381562097767,0,-139632.4162940151,154021195.26068613,20162567.475850776,20162567.475850776,1.0,True,-9.065792279931504,-69.25329150727278,55.0,47.0,-8.0,-11.044866022503513,-5.230269485860935,-84.24592276792784,-40.08017928757836,51.0,58.0,45.0,53.0
sm_all_BTC,BTC|sell|10-25|2-7d,BTC,sell,10-25,2-7d,4679,4802.963829999999,1,73864.29379622346,374649399.5932438,48632794.723621555,48632794.723621555,1.0,True,1.9715577784568132,15.188165561118094,26.0,28.0,2.0,0.7722805856664632,3.164804725519075,5.946704382608654,24.391556300604194,22.0,34.0,27.0,36.0
sm_all_BTC,BTC|sell|10-25|30-90d,BTC,sell,10-25,30-90d,3328,5227.9448091883705,0,-49726.13452137482,393316681.55503196,51098432.38457333,51098432.38457333,1.0,True,-1.2642772822341444,-9.731440320346733,44.0,42.0,-2.0,-3.0357078563642395,0.6514309162401493,-23.33563802406753,5.018311212718999,35.0,49.0,35.0,46.0
sm_all_BTC,BTC|sell|10-25|7-30d,BTC,sell,10-25,7-30d,5700,5990.494180630845,0,-12867.941977887636,457739941.8132698,59432780.33122057,59432780.33122057,1.0,True,-0.2811190547827915,-2.1651253577864322,39.0,38.0,-1.0,-2.0767338770363226,1.4748844215514731,-15.978267248135518,11.36630403669028,29.0,48.0,31.0,45.0
sm_all_BTC,BTC|sell|10-25|<=2d,BTC,sell,10-25,<=2d,6830,3800.826718000071,0,28791.098726370805,316370549.56096464,42008164.82688462,42008164.82688462,1.0,True,0.9100435791613642,6.8536911443331885,32.0,33.0,1.0,0.39208125110538716,1.39761077512557,2.9561630464378688,10.521370141737682,29.0,38.0,31.0,39.0
sm_all_BTC,BTC|sell|10-25|>90d,BTC,sell,10-25,>90d,791,1135.2184538823906,1,-82840.98610099651,88758516.31862026,11599625.496053262,11599625.496053262,1.0,True,-9.333300007361396,-71.41694887406744,56.0,48.0,-8.0,-15.389140660316839,1.7382966811223957,-117.35830761409538,13.397397742939475,29.0,59.0,32.0,54.0
sm_all_BTC,BTC|sell|25-40|2-7d,BTC,sell,25-40,2-7d,3583,4890.7996612860325,1,23080.921443132407,359468425.2266289,47804407.6226817,47804407.6226817,1.0,True,0.6420848069919051,4.828199446651281,33.0,34.0,1.0,-2.914569949874052,4.969493272366134,-21.90168468716466,37.450115914214244,20.0,49.0,25.0,45.0
sm_all_BTC,BTC|sell|25-40|30-90d,BTC,sell,25-40,30-90d,2852,3500.147512931782,0,38274.15978834048,266471499.69863963,34608320.50594096,34608320.50594096,1.0,True,1.4363322093216666,11.059236400035719,28.0,30.0,2.0,-7.895167155645447,8.596315480195976,-60.41123261756535,66.50262449273846,16.0,55.0,23.0,49.0
sm_all_BTC,BTC|sell|25-40|7-30d,BTC,sell,25-40,7-30d,5279,5849.053637002143,2,-387324.5702459557,428593923.669637,56163880.37164934,56163880.37164934,1.0,True,-9.037098961405436,-68.96328524363697,54.0,46.0,-8.0,-34.11137138274634,6.47994520800164,-255.4928401159578,49.96583772706447,17.0,61.0,23.0,58.0
sm_all_BTC,BTC|sell|25-40|<=2d,BTC,sell,25-40,<=2d,4677,1824.973359999963,0,38405.11529650593,148201080.66275212,20620113.55935785,20620113.55935785,1.0,True,2.591419382689995,18.625074583586304,22.0,27.0,5.0,1.3542893610434168,3.8014365286578315,9.721020780320131,27.355900165545165,21.0,31.0,26.0,34.0
sm_all_BTC,BTC|sell|25-40|>90d,BTC,sell,25-40,>90d,907,856.8978942441227,1,286626.99533724645,66312447.694751196,8334775.350766128,8334775.350766128,1.0,True,43.22370916794461,343.892886460221,3.0,12.0,9.0,22.31017165032279,82.49684476388799,174.59645242268027,677.1449521257142,2.0,8.0,9.0,19.0
sm_all_BTC,BTC|sell|40-60|2-7d,BTC,sell,40-60,2-7d,4663,2801.698050421827,0,126027.97856477374,221687896.25426427,32078265.854456186,32078265.854456186,1.0,True,5.684928256986405,39.28765324677501,20.0,26.0,6.0,-0.17551346481732563,10.962141981574637,-1.2042661556366385,76.00479365102633,14.0,39.0,22.0,38.0
sm_all_BTC,BTC|sell|40-60|30-90d,BTC,sell,40-60,30-90d,3653,3601.3058148083837,0,36131.67969117274,290074512.0179678,39467185.05269948,39467185.05269948,1.0,True,1.2455999474002277,9.154866161072059,30.0,32.0,2.0,-3.361181874109189,10.186449955611593,-24.894333682358848,74.99689020588293,15.0,49.0,22.0,45.0
sm_all_BTC,BTC|sell|40-60|7-30d,BTC,sell,40-60,7-30d,6340,5752.519804520993,1,-1769245.1283040645,434995487.47112346,62901205.85573817,62901205.85573817,1.0,True,-40.67272372386422,-281.27364241025356,63.0,60.0,-3.0,-73.11915622543124,-9.353208859936943,-495.43853759718695,-66.1870162645743,56.0,63.0,49.0,62.0
sm_all_BTC,BTC|sell|40-60|<=2d,BTC,sell,40-60,<=2d,5033,2014.4827215342898,0,1092.3730900047278,162486440.2305672,23959303.039557967,23959303.039557967,1.0,True,0.0672285692550503,0.45592857530169684,37.0,37.0,0.0,-3.445197344291686,3.390713585938315,-23.399268413204968,23.005064560972823,23.0,50.0,28.0,45.0
sm_all_BTC,BTC|sell|40-60|>90d,BTC,sell,40-60,>90d,1160,451.0321393999752,0,88840.03277009072,34718754.08170358,4535439.157300442,4535439.157300442,1.0,True,25.588485278309133,195.87967049913985,7.0,18.0,11.0,12.735466116259564,44.532756685055205,96.87753316587829,344.8720240909453,3.0,14.0,12.0,22.0
sm_all_BTC,BTC|sell|60-75|2-7d,BTC,sell,60-75,2-7d,1094,1096.6229644037624,0,-4654.288150927385,83210449.32603276,12444539.448477786,12444539.448477786,1.0,True,-0.5593393844913742,-3.7400244261322957,41.0,40.0,-1.0,-8.540523347811327,5.384014364987169,-57.03576455967609,35.9889061190007,20.0,55.0,26.0,48.0
sm_all_BTC,BTC|sell|60-75|30-90d,BTC,sell,60-75,30-90d,821,204.88493036451396,0,-6208.5310863827435,15522927.41711686,2327623.3841717653,2327623.3841717653,1.0,True,-3.9995877836397695,-26.67326307426627,50.0,45.0,-5.0,-14.838813678614802,7.380431305168774,-98.46005898315998,49.524573536507845,18.0,59.0,25.0,52.0
sm_all_BTC,BTC|sell|60-75|7-30d,BTC,sell,60-75,7-30d,1599,2947.859902580181,0,-4110175.785225323,218868833.91233486,36816965.88903207,36816965.88903207,1.0,True,-187.79173406075722,-1116.3809091747457,64.0,63.0,-1.0,-351.88767641538936,-31.3802594931701,-1905.505104725204,-206.45395163372734,62.0,64.0,57.0,64.0
sm_all_BTC,BTC|sell|60-75|<=2d,BTC,sell,60-75,<=2d,1282,501.0399009392376,0,-8734.779542832826,40430253.10607258,6041970.632649963,6041970.632649963,1.0,True,-2.160456309762966,-14.456838793011176,47.0,43.0,-4.0,-5.826387389998389,1.4450284405412475,-38.98397285438811,9.685349043633801,30.0,53.0,33.0,47.0
sm_all_BTC,BTC|sell|60-75|>90d,BTC,sell,60-75,>90d,307,92.44699903362762,0,-29295.044559583344,7341395.818991026,1107744.638617855,1107744.638617855,1.0,True,-39.903916478391906,-264.456658496087,62.0,59.0,-3.0,-113.7541293275415,46.47879546108745,-718.9409229135924,327.9181815752669,4.0,64.0,14.0,62.0
sm_all_BTC,BTC|sell|75-90|2-7d,BTC,sell,75-90,2-7d,602,310.66426000000007,0,-31244.154443353895,24834938.222939372,3733647.6637453465,3733647.6637453465,1.0,True,-12.580725654672458,-83.68265368674838,58.0,49.0,-9.0,-22.92657328232956,-1.878048126724949,-151.8488678488772,-12.532111867406913,47.0,61.0,42.0,55.0
sm_all_BTC,BTC|sell|75-90|30-90d,BTC,sell,75-90,30-90d,307,99.77411879997602,0,-17719.551633426876,7815666.486895977,1182784.0241336136,1182784.0241336136,1.0,True,-22.671836961231783,-149.81223344140452,59.0,53.0,-6.0,-43.629090019795754,-2.976680166535123,-284.8250320086491,-19.840624416565625,49.0,63.0,44.0,59.0
sm_all_BTC,BTC|sell|75-90|7-30d,BTC,sell,75-90,7-30d,756,525.738561488395,0,-13852.49138969369,39037153.152550474,5875458.220724181,5875458.220724181,1.0,True,-3.5485403701341998,-23.576869870051254,49.0,44.0,-5.0,-12.221980585481365,3.7210361547689517,-81.00305103286466,24.820185061815693,22.0,58.0,28.0,51.0
sm_all_BTC,BTC|sell|75-90|<=2d,BTC,sell,75-90,<=2d,801,423.75009982328635,0,52413.568134647474,31823008.337109465,4764254.498162606,4764254.498162606,1.0,True,16.47033730419727,110.01420716475458,12.0,22.0,10.0,-1.0243821199321916,33.67791688244088,-6.83087296488184,225.84892608366192,5.0,42.0,16.0,40.0
sm_all_BTC,BTC|sell|75-90|>90d,BTC,sell,75-90,>90d,132,53.2620726522192,0,-25124.805495585464,4017445.3777085664,626829.745033482,626829.745033482,1.0,False,-62.53925849246001,-400.82344041033707,,,,,,,,,,,
sm_all_BTC,BTC|sell|90-100|2-7d,BTC,sell,90-100,2-7d,300,100.60737520325875,0,6704.067071995338,8112200.662870249,1209879.0899068872,1209879.0899068872,1.0,True,8.264178057971403,55.41104997947593,18.0,25.0,7.0,-1.3960945179051445,18.933566797768115,-9.337068812273726,127.09855857263668,10.0,44.0,20.0,42.0
sm_all_BTC,BTC|sell|90-100|30-90d,BTC,sell,90-100,30-90d,112,34.27161114595515,0,-32494.85442911498,2495254.3941159593,387919.4878924268,387919.4878924268,1.0,False,-130.22661940097512,-837.6700692625699,,,,,,,,,,,
sm_all_BTC,BTC|sell|90-100|7-30d,BTC,sell,90-100,7-30d,265,108.61216609726984,0,-23645.297381922177,8345942.090058878,1269203.975080698,1269203.975080698,1.0,True,-28.331489874686355,-186.30021530163242,60.0,57.0,-3.0,-63.455357523422265,5.694252331845608,-407.6188886211587,38.11813487925812,20.0,63.0,26.0,61.0
sm_all_BTC,BTC|sell|90-100|<=2d,BTC,sell,90-100,<=2d,792,605.8111560591666,0,47518.67083416742,44668624.25190382,6691760.058093071,6691760.058093071,1.0,True,10.638042167180048,71.01072127757769,17.0,24.0,7.0,-16.818994678775816,48.692103050975206,-111.81513510518707,325.6133598730222,3.0,59.0,13.0,53.0
sm_all_BTC,BTC|sell|90-100|>90d,BTC,sell,90-100,>90d,121,36.207600000000035,0,-30730.42503554801,2673930.8514027945,438956.31197784253,438956.31197784253,1.0,False,-114.92602742298386,-700.0793517943356,,,,,,,,,,,
pm2_ETH,ETH|buy|00-10|2-7d,ETH,buy,00-10,2-7d,3038,65094.48262454078,0,41745.66171496377,161706338.58158225,284566.4583554763,284566.4583554763,1.0,True,2.581572378741525,1466.9916460363606,28.0,3.0,-25.0,2.0281393176821982,3.1966658878660614,1114.9654944349388,1804.6706318300512,25.0,32.0,2.0,5.0
pm2_ETH,ETH|buy|00-10|30-90d,ETH,buy,00-10,30-90d,1745,42042.86513073237,2,86659.9884065096,95994265.96801236,550458.3681323376,550458.3681323376,1.0,True,9.027621340985807,1574.3241164729714,18.0,2.0,-16.0,6.006901327574202,11.406531089750173,971.1105219926197,2111.546413740426,15.0,23.0,2.0,5.0
pm2_ETH,ETH|buy|00-10|7-30d,ETH,buy,00-10,7-30d,3057,48072.419289181,0,36598.031875193636,124298542.01076931,407356.8797959554,407356.8797959554,1.0,True,2.9443653387360538,898.4267528150145,27.0,6.0,-21.0,0.6337652637364423,4.867527691802669,187.45191413257712,1577.2994570428118,23.0,37.0,3.0,19.0
pm2_ETH,ETH|buy|00-10|<=2d,ETH,buy,00-10,<=2d,3128,36466.054138022555,0,-7369.804760598173,88263053.0314996,68156.35224307702,68156.35224307702,1.0,True,-0.8349818533886442,-1081.3085674412337,44.0,69.0,25.0,-1.6317717549961737,-0.022216851361799572,-1962.3612985318157,-30.912714361302235,39.0,49.0,48.0,69.0
pm2_ETH,ETH|buy|00-10|>90d,ETH,buy,00-10,>90d,1292,102496.25722457729,0,505561.73082172073,252799927.381651,930654.9918482422,930654.9918482422,1.0,True,19.99849193225741,5432.321700845295,11.0,1.0,-10.0,17.27137915822607,22.7687667688523,3985.278432374218,7078.51178909425,8.0,13.0,1.0,1.0
pm2_ETH,ETH|buy|10-25|2-7d,ETH,buy,10-25,2-7d,5721,116094.34337838397,0,35414.95093852402,294953011.2399991,1259965.3782780813,1259965.3782780813,1.0,True,1.2006980633843192,281.07876255237665,31.0,17.0,-14.0,0.2914519397500863,2.710748928549306,77.864762807441,545.5289478288965,27.0,40.0,11.0,25.0
pm2_ETH,ETH|buy|10-25|30-90d,ETH,buy,10-25,30-90d,4120,66739.59899754533,0,169880.03738351635,152412662.187345,2804616.735467709,2804616.735467709,1.0,True,11.146058007614915,605.7156945374445,15.0,11.0,-4.0,7.857489869517585,15.5461860187676,420.3441174235409,855.4596577099117,13.0,21.0,6.0,14.0
pm2_ETH,ETH|buy|10-25|7-30d,ETH,buy,10-25,7-30d,6280,73728.44586878059,0,172034.5865606846,179985231.6470422,1830690.6986471638,1830690.6986471638,1.0,True,9.558261252126002,939.7250266678801,17.0,5.0,-12.0,3.2781905483640728,18.522885308106655,314.080292105974,1822.000115818872,11.0,27.0,2.0,16.0
pm2_ETH,ETH|buy|10-25|<=2d,ETH,buy,10-25,<=2d,4897,38138.296562677824,0,-7244.745870221661,94059233.05256988,263494.4645331429,263494.4645331429,1.0,True,-0.7702322924717618,-274.9486932508368,43.0,64.0,21.0,-2.360694466048668,0.9515797955645906,-814.3176362979356,350.9980321605547,35.0,50.0,16.0,67.0
pm2_ETH,ETH|buy|10-25|>90d,ETH,buy,10-25,>90d,1373,26440.17674022586,0,110232.42631777491,60353000.416180015,1696949.9307982214,1696949.9307982214,1.0,True,18.264614113240135,649.5915071926909,12.0,9.0,-3.0,14.851275495952867,21.061738802693295,491.4945530940384,789.1788438854111,9.0,14.0,7.0,13.0
pm2_ETH,ETH|buy|25-40|2-7d,ETH,buy,25-40,2-7d,4222,40068.4791234486,0,2747.472758361602,107235592.2795228,1316568.232195133,1316568.232195133,1.0,True,0.25620903470183437,20.868441841261056,37.0,31.0,-6.0,-1.3454806422136296,1.9329688653376391,-110.84812589957204,157.16157817473007,31.0,47.0,21.0,57.0
pm2_ETH,ETH|buy|25-40|30-90d,ETH,buy,25-40,30-90d,3796,37094.3372475582,0,56558.331727399236,96058926.92395957,3902750.5166416583,3902750.5166416583,1.0,True,5.8878787780099735,144.91915762032374,24.0,21.0,-3.0,2.4919058212296923,9.60981319040819,60.71724809857504,237.35914878496948,18.0,29.0,18.0,27.0
pm2_ETH,ETH|buy|25-40|7-30d,ETH,buy,25-40,7-30d,6316,44696.17146384616,0,13089.524382229387,118866335.99377482,2865410.407006024,2865410.407006024,1.0,True,1.1011969261772232,45.68115042168153,32.0,26.0,-6.0,-1.390141954468136,3.5801237109855895,-58.40748972521901,146.83040032840145,25.0,46.0,21.0,52.0
pm2_ETH,ETH|buy|25-40|<=2d,ETH,buy,25-40,<=2d,3933,24255.50935331657,0,-19254.8704856842,67031965.227903135,439299.7715980396,439299.7715980396,1.0,True,-2.872490821389353,-438.30822892624803,49.0,66.0,17.0,-7.379703763190893,2.20117463861348,-1118.6180629962023,333.0403761259301,30.0,58.0,16.0,69.0
pm2_ETH,ETH|buy|25-40|>90d,ETH,buy,25-40,>90d,1466,26850.324672206105,0,211996.9405869498,66021769.17488339,3822921.511635559,3822921.511635559,1.0,True,32.11015748841817,554.5417030972503,5.0,12.0,7.0,24.233981674979773,39.61717605772463,423.8763549298309,677.887908110121,5.0,9.0,8.0,14.0
pm2_ETH,ETH|buy|40-60|2-7d,ETH,buy,40-60,2-7d,5252,63505.747699999636,0,-78080.94313440874,180976805.43026215,4230534.446755879,4230534.446755879,1.0,True,-4.314417140294619,-184.56519883506428,52.0,61.0,9.0,-6.078457313364107,-2.777693960251883,-266.31488920199916,-117.72156009217291,48.0,57.0,57.0,64.0
pm2_ETH,ETH|buy|40-60|30-90d,ETH,buy,40-60,30-90d,3840,25033.348544787703,0,38984.96938962649,67446815.32127503,4684346.240645411,4684346.240645411,1.0,True,5.7801052879852275,83.22392792266166,25.0,23.0,-2.0,2.4122164739937424,9.433615944597625,34.6994642511288,135.64137346468124,18.0,29.0,21.0,30.0
pm2_ETH,ETH|buy|40-60|7-30d,ETH,buy,40-60,7-30d,6636,33696.450683325944,0,-33987.71270237317,86480545.90282813,3879134.5757917096,3879134.5757917096,1.0,True,-3.930099231862236,-87.6167403793576,51.0,55.0,4.0,-8.211896563146132,-0.3463955424800257,-180.55617003666947,-7.79893819020618,42.0,59.0,43.0,61.0
pm2_ETH,ETH|buy|40-60|<=2d,ETH,buy,40-60,<=2d,4381,20821.978299999944,0,-4024.025569723298,58341894.16995415,646300.3146941017,646300.3146941017,1.0,True,-0.689731731712553,-62.262472696271175,42.0,52.0,10.0,-4.440956241188356,3.39689225458996,-398.9051559843474,305.993227370197,26.0,54.0,16.0,65.0
pm2_ETH,ETH|buy|40-60|>90d,ETH,buy,40-60,>90d,1569,15542.433658690758,0,247103.2835663599,41735251.166987635,3962310.7620332376,3962310.7620332376,1.0,True,59.207331130624006,623.6342841507975,3.0,10.0,7.0,48.18836293286712,69.76932271364488,515.7794553664778,731.249783185857,3.0,4.0,7.0,12.0
pm2_ETH,ETH|buy|60-75|2-7d,ETH,buy,60-75,2-7d,1539,16178.1310803239,0,-14521.296182247926,45686278.5317392,1505101.9086044072,1505101.9086044072,1.0,True,-3.1784808587899502,-96.4804848045982,50.0,56.0,6.0,-9.003186343131809,2.7849350010254534,-275.38418635907766,81.78213583856527,28.0,59.0,25.0,64.0
pm2_ETH,ETH|buy|60-75|30-90d,ETH,buy,60-75,30-90d,1101,13260.588559267413,0,101895.92498082739,31856046.792375322,3066688.4553444814,3066688.4553444814,1.0,True,31.986368442055394,332.2669598316971,6.0,15.0,9.0,18.892314001532647,48.21060966421241,198.87106028322407,489.4288185455914,4.0,11.0,12.0,19.0
pm2_ETH,ETH|buy|60-75|7-30d,ETH,buy,60-75,7-30d,2441,13953.437307403738,0,-6305.245890866424,33823436.00919921,2208201.120792742,2208201.120792742,1.0,True,-1.8641648025208142,-28.55376637343091,46.0,45.0,-1.0,-11.167320884931744,7.815933497602116,-176.37731097288042,116.27103181108573,20.0,60.0,22.0,61.0
pm2_ETH,ETH|buy|60-75|<=2d,ETH,buy,60-75,<=2d,1462,8201.225935787113,0,14649.11257791993,21188451.092517655,359294.0445835061,359294.0445835061,1.0,True,6.9137250825724665,407.7193262387967,20.0,13.0,-7.0,-3.872141252945086,19.18968619057422,-236.6834202367062,1103.5386613045803,11.0,52.0,5.0,62.0
pm2_ETH,ETH|buy|60-75|>90d,ETH,buy,60-75,>90d,750,10414.979219657205,0,265730.26531250065,26644425.750061244,3235661.8752477737,3235661.8752477737,1.0,True,99.73202943279416,821.2547403215675,2.0,7.0,5.0,79.57598415818673,122.44526487666653,679.3744697781722,987.4420139117478,2.0,2.0,5.0,9.0
pm2_ETH,ETH|buy|75-90|2-7d,ETH,buy,75-90,2-7d,899,5479.166983177723,0,20800.15662188219,13823269.072298944,895280.5647305254,895280.5647305254,1.0,True,15.047205196609056,232.3311533981856,13.0,19.0,6.0,8.827848111976548,21.26324759243408,137.17135706605887,329.88611508880905,10.0,19.0,15.0,22.0
pm2_ETH,ETH|buy|75-90|30-90d,ETH,buy,75-90,30-90d,540,9840.630718183495,0,79560.76206748885,25052029.487118468,2660882.9893577206,2660882.9893577206,1.0,True,31.75821029126534,299.0013555112887,7.0,16.0,9.0,22.630248945477792,45.789229723579005,217.5337234120093,403.0657836054504,4.0,9.0,13.0,19.0
pm2_ETH,ETH|buy|75-90|7-30d,ETH,buy,75-90,7-30d,1099,11646.41575326142,0,65632.31033142252,27386446.178037934,2781068.453294232,2781068.453294232,1.0,True,23.965252703746266,235.9967452569523,9.0,18.0,9.0,8.533848394630413,40.53974086451048,86.50093567413847,378.6772567206611,5.0,19.0,14.0,24.0
pm2_ETH,ETH|buy|75-90|<=2d,ETH,buy,75-90,<=2d,1061,5413.8154590799195,0,27689.443510860794,12888955.206285147,348485.256220795,348485.256220795,1.0,True,21.483078393629892,794.5657102152173,10.0,8.0,-2.0,6.823832679479853,33.95958982089461,239.4140746598,1368.9328114017314,6.0,21.0,3.0,17.0
pm2_ETH,ETH|buy|75-90|>90d,ETH,buy,75-90,>90d,333,1902.036182683302,0,75529.4940138134,4988573.802389307,686564.429542415,686564.429542415,1.0,True,151.40498468247196,1100.1078815596766,1.0,4.0,3.0,123.11726445409326,184.7540641261137,914.2083751276351,1296.8737326805137,1.0,1.0,3.0,7.0
pm2_ETH,ETH|buy|90-100|2-7d,ETH,buy,90-100,2-7d,473,3480.289862472201,0,-12667.38022617257,8322117.940985399,900706.2620396664,900706.2620396664,1.0,True,-15.2213418699431,-140.6383052948588,62.0,59.0,-3.0,-42.128947540095545,9.46377782958316,-384.95371083351574,89.2676415822856,19.0,66.0,25.0,65.0
pm2_ETH,ETH|buy|90-100|30-90d,ETH,buy,90-100,30-90d,246,1738.7046452401582,0,27098.13358338228,5255813.031246547,760416.5574690447,760416.5574690447,1.0,True,51.55840480298684,356.35906816094547,4.0,14.0,10.0,29.458836336417573,85.60148851672517,209.45709192097985,578.4134945473982,3.0,7.0,10.0,19.0
pm2_ETH,ETH|buy|90-100|7-30d,ETH,buy,90-100,7-30d,390,5103.651350228187,0,31400.171467237382,12332363.874443773,1499300.401133671,1499300.401133671,1.0,True,25.461599890275394,209.43215544726505,8.0,20.0,12.0,6.220984155434323,46.86881553437343,50.097372392654684,385.0640788160528,5.0,22.0,14.0,28.0
pm2_ETH,ETH|buy|90-100|<=2d,ETH,buy,90-100,<=2d,1022,8058.899286115168,0,-47459.34305895321,19863799.35841931,1179256.604545936,1179256.604545936,1.0,True,-23.892379399632564,-402.4513653432289,64.0,65.0,1.0,-37.79087873231899,5.798182013210796,-672.526411624732,89.19424187050917,23.0,66.0,25.0,67.0
pm2_ETH,ETH|buy|90-100|>90d,ETH,buy,90-100,>90d,95,1045.379234129902,0,32014.880350650084,2416691.756695751,392329.71470699407,392329.71470699407,1.0,False,132.47399161249587,816.0197698652509,,,,,,,,,,,
pm2_ETH,ETH|sell|00-10|2-7d,ETH,sell,00-10,2-7d,4955,116801.23514681435,0,29536.163264975745,298842718.7646538,29424184.679545574,29424184.679545574,1.0,True,0.9883514440998049,10.038056648518799,34.0,35.0,1.0,0.31699454544459177,1.5001712821959907,3.101053512919862,15.758209856282416,31.0,40.0,32.0,41.0
pm2_ETH,ETH|sell|00-10|30-90d,ETH,sell,00-10,30-90d,2973,53970.7263741304,0,-14.615092505696119,125437863.32788897,9795723.827375757,9795723.827375757,1.0,True,-0.0011651260726191518,-0.014919869897568822,39.0,39.0,0.0,-1.3723890512999657,1.2283060866552522,-17.361415994923007,15.857991918836088,33.0,47.0,33.0,47.0
pm2_ETH,ETH|sell|00-10|7-30d,ETH,sell,00-10,7-30d,4306,70174.98542272062,0,17911.26567002202,173359713.66871172,16685698.01709129,16685698.01709129,1.0,True,1.0331850053842515,10.734501878000774,33.0,34.0,1.0,0.13949383834084594,2.0693613699359243,1.4380146393575854,21.69021952827382,29.0,41.0,31.0,42.0
pm2_ETH,ETH|sell|00-10|<=2d,ETH,sell,00-10,<=2d,9698,122416.78596230787,0,64666.67012861957,327455248.9452137,41128174.18223422,41128174.18223422,1.0,True,1.9748246619017826,15.723204692260095,29.0,32.0,3.0,1.7293716126060985,2.211366363840397,13.631458755529428,17.73641976037419,27.0,34.0,30.0,37.0
pm2_ETH,ETH|sell|00-10|>90d,ETH,sell,00-10,>90d,1259,87909.56937801171,0,-110983.98560047937,212628915.66856965,14826090.407435605,14826090.407435605,1.0,True,-5.219609254532109,-74.8572162657382,54.0,54.0,0.0,-8.450670048789462,-1.7312364703462937,-118.95479102260589,-25.063993128684707,47.0,59.0,47.0,59.0
pm2_ETH,ETH|sell|10-25|2-7d,ETH,sell,10-25,2-7d,5732,63660.02718268499,0,-3008.073502930127,162099915.07622895,20670306.468898997,20670306.468898997,1.0,True,-0.18556909801683444,-1.4552631367397193,40.0,40.0,0.0,-1.6047051211373815,1.1355825839327045,-12.592884112596343,8.903670165811377,34.0,47.0,36.0,46.0
pm2_ETH,ETH|sell|10-25|30-90d,ETH,sell,10-25,30-90d,4615,54288.409561230364,0,7620.21943054683,127399032.65715903,13387579.267151512,13387579.267151512,1.0,True,0.5981379349287094,5.692006955465215,35.0,36.0,1.0,-1.1176681441530316,2.695932591039106,-10.684018737640413,25.77857997804508,28.0,46.0,30.0,45.0
pm2_ETH,ETH|sell|10-25|7-30d,ETH,sell,10-25,7-30d,6458,56041.005098997965,0,4013.410619832418,141383699.7665938,16198722.05095736,16198722.05095736,1.0,True,0.2838665720629775,2.4776094109196856,36.0,37.0,1.0,-1.1295357706904432,1.4874275538931463,-9.844201838829443,12.981494407602995,32.0,46.0,33.0,45.0
pm2_ETH,ETH|sell|10-25|<=2d,ETH,sell,10-25,<=2d,8045,55493.599782125704,0,-27105.72798424822,144205240.51639396,20973990.63208844,20973990.63208844,1.0,True,-1.8796631722386474,-12.923495799973676,47.0,43.0,-4.0,-8.309665616807216,2.2205231047060994,-56.89194416580248,15.07483845686118,29.0,57.0,32.0,52.0
pm2_ETH,ETH|sell|10-25|>90d,ETH,sell,10-25,>90d,1692,55488.25843371025,0,132932.753598892,138284517.90351763,12241313.820149792,12241313.820149792,1.0,True,9.612988902462705,108.59353460906974,16.0,22.0,6.0,-1.8963612626251323,14.768060081942457,-19.89953892120261,172.25220369238565,14.0,49.0,19.0,47.0
pm2_ETH,ETH|sell|25-40|2-7d,ETH,sell,25-40,2-7d,4643,64114.624462662694,0,157048.26509700686,174752428.14976662,24819825.895424016,24819825.895424016,1.0,True,8.986900311474534,63.27532906907359,19.0,25.0,6.0,-0.6315737844159982,15.76400258599161,-4.259108162600537,114.44741793807786,13.0,43.0,22.0,42.0
pm2_ETH,ETH|sell|25-40|30-90d,ETH,sell,25-40,30-90d,4389,45504.03556657938,0,-53006.94608548793,106197634.01759343,13543456.295386918,13543456.295386918,1.0,True,-4.991349061195321,-39.13841853171764,53.0,49.0,-4.0,-18.230127719756215,5.402380575746737,-142.80606611646576,42.34916275489169,23.0,63.0,28.0,59.0
pm2_ETH,ETH|sell|25-40|7-30d,ETH,sell,25-40,7-30d,5791,49786.492339907665,0,-3662.0399833367205,124780998.63317566,16584056.74917374,16584056.74917374,1.0,True,-0.2934773742356547,-2.208168989483935,41.0,41.0,0.0,-2.7538195965674714,2.43071099386958,-20.611331909601027,18.40462242389019,29.0,50.0,32.0,47.0
pm2_ETH,ETH|sell|25-40|<=2d,ETH,sell,25-40,<=2d,6415,32744.8752651837,0,-57892.04545364032,86322337.3978642,13936506.497631313,13936506.497631313,1.0,True,-6.706496510493319,-41.53985467124046,58.0,50.0,-8.0,-13.399550545700341,-0.2664891154114878,-82.83740992424832,-1.6456419151872848,42.0,61.0,41.0,56.0
pm2_ETH,ETH|sell|25-40|>90d,ETH,sell,25-40,>90d,1507,18607.14768940686,0,18165.50276098497,45517943.13919433,5935704.748907133,5935704.748907133,1.0,True,3.990844380958665,30.60378426728445,26.0,30.0,4.0,-7.640304012800939,24.221752463538476,-60.21174922267101,179.30465777461933,9.0,57.0,20.0,52.0
pm2_ETH,ETH|sell|40-60|2-7d,ETH,sell,40-60,2-7d,6033,56566.165699999656,1,-27161.267034740922,163399500.16431835,26065981.60663715,26065981.60663715,1.0,True,-1.6622613292835609,-10.420197268851323,45.0,42.0,-3.0,-4.264250405655011,0.6681320560796802,-26.75586323792975,4.198764440243155,37.0,53.0,38.0,49.0
pm2_ETH,ETH|sell|40-60|30-90d,ETH,sell,40-60,30-90d,5287,34248.08263752955,0,16208.268512072847,88825623.78958902,13097100.23608101,13097100.23608101,1.0,True,1.8247289262462312,12.375463438403658,30.0,33.0,3.0,-1.322592196894547,5.481086198547246,-9.035385394479068,36.95709367253339,23.0,46.0,28.0,44.0
pm2_ETH,ETH|sell|40-60|7-30d,ETH,sell,40-60,7-30d,6849,34317.020053039465,0,-133399.33024724544,88973976.97795025,13197384.356674032,13197384.356674032,1.0,True,-14.99307266891136,-101.08012818447939,61.0,58.0,-3.0,-44.56551900314404,4.647009416325049,-303.96002515653663,31.22318476470835,24.0,66.0,29.0,64.0
pm2_ETH,ETH|sell|40-60|<=2d,ETH,sell,40-60,<=2d,6678,28659.097525094636,0,-17781.743008396363,74675108.248224,12590647.688957388,12590647.688957388,1.0,True,-2.3812142259357576,-14.122977187259254,48.0,44.0,-4.0,-5.1850540149576405,0.43953670807796635,-30.756738157554597,2.6010074776047074,38.0,54.0,39.0,49.0
pm2_ETH,ETH|sell|40-60|>90d,ETH,sell,40-60,>90d,2296,19862.186400749655,0,-46323.112716152595,51693041.81900491,8399895.518228374,8399895.518228374,1.0,True,-8.961189182549118,-55.1472486956869,59.0,51.0,-8.0,-23.90798222784947,8.402583859050303,-145.25725731758845,51.33633856928526,20.0,64.0,28.0,60.0
pm2_ETH,ETH|sell|60-75|2-7d,ETH,sell,60-75,2-7d,1639,8265.549900000005,0,-15259.750135092088,23237325.361946616,3926660.9501102474,3926660.9501102474,1.0,True,-6.566913316143267,-38.86189902559233,57.0,48.0,-9.0,-13.696129479935543,0.03538493310835327,-81.58715978225315,0.21220686448519463,41.0,61.0,41.0,55.0
pm2_ETH,ETH|sell|60-75|30-90d,ETH,sell,60-75,30-90d,1080,6021.012004476628,0,8886.813398292777,14947044.623725224,2455990.61425782,2455990.61425782,1.0,True,5.945532124917102,36.184231921335325,23.0,28.0,5.0,-0.09437724278520193,12.016902148699646,-0.5801895160840906,72.86071121373641,16.0,41.0,25.0,40.0
pm2_ETH,ETH|sell|60-75|7-30d,ETH,sell,60-75,7-30d,1794,12111.82634221975,0,-47931.07942161157,29331556.39922435,4826602.952172023,4826602.952172023,1.0,True,-16.34113061347098,-99.30603344955496,63.0,57.0,-6.0,-29.3034458461329,-4.417626372258182,-178.15926129245008,-27.066493763811085,53.0,65.0,48.0,61.0
pm2_ETH,ETH|sell|60-75|<=2d,ETH,sell,60-75,<=2d,1771,7940.423000760263,0,85.52624675321815,19961076.499034915,3483649.1376212034,3483649.1376212034,1.0,True,0.04284651018563713,0.2455076368902622,38.0,38.0,0.0,-10.52496630997621,9.96632261292614,-60.22180200763223,57.00363248886209,18.0,60.0,27.0,53.0
pm2_ETH,ETH|sell|60-75|>90d,ETH,sell,60-75,>90d,1083,7267.236724452421,0,-60203.39735323743,17623755.294760212,3419849.952143655,3419849.952143655,1.0,True,-34.160368404080565,-176.04104915626576,65.0,60.0,-5.0,-55.30109912046906,-8.032552490441956,-280.69353218260676,-42.103337039879754,58.0,67.0,50.0,64.0
pm2_ETH,ETH|sell|75-90|2-7d,ETH,sell,75-90,2-7d,856,3907.230460304174,0,-11958.955140230259,10162867.218966423,1754834.8585892248,1754834.8585892248,1.0,True,-11.767304327180318,-68.1486071563708,60.0,53.0,-7.0,-20.372160718828205,-3.6663379983986264,-118.36089645547861,-21.223714785025926,52.0,63.0,46.0,58.0
pm2_ETH,ETH|sell|75-90|30-90d,ETH,sell,75-90,30-90d,518,5578.073267661812,0,16545.83912375433,14776651.495642813,2592662.182312022,2592662.182312022,1.0,True,11.197285886205814,63.817952206173956,14.0,24.0,10.0,-0.29504386866105275,22.570880996905654,-1.6772115364904214,128.58417362808515,10.0,41.0,22.0,41.0
pm2_ETH,ETH|sell|75-90|7-30d,ETH,sell,75-90,7-30d,951,5588.4251007257735,0,-54074.65850441956,14182737.66344718,2512668.672231534,2512668.672231534,1.0,True,-38.12709491467564,-215.20807379826624,66.0,62.0,-4.0,-86.91022692764383,17.06165351941,-487.1395467719081,97.51653828272958,12.0,67.0,24.0,66.0
pm2_ETH,ETH|sell|75-90|<=2d,ETH,sell,75-90,<=2d,1210,7473.00117981294,0,11207.01487005121,18748948.747183453,3216109.107843646,3216109.107843646,1.0,True,5.977409731697505,34.84650083145143,22.0,29.0,7.0,-18.075852781095318,20.352129663412725,-101.52102055335135,121.7239462511954,10.0,63.0,22.0,57.0
pm2_ETH,ETH|sell|75-90|>90d,ETH,sell,75-90,>90d,465,2999.0822662669934,0,-127157.43279494318,8280600.204539678,1766039.6996479575,1766039.6996479575,1.0,True,-153.5606473613248,-720.0145773636388,68.0,67.0,-1.0,-200.03057755542264,-104.19771921196912,-919.3860999569329,-502.67061927397134,68.0,69.0,65.0,69.0
pm2_ETH,ETH|sell|90-100|2-7d,ETH,sell,90-100,2-7d,458,2234.429108509112,0,-3221.3299977906836,6096168.092591504,1057909.4547208217,1057909.4547208217,1.0,True,-5.284188278380106,-30.44995943098722,55.0,46.0,-9.0,-23.493247760102733,16.5107683857183,-135.18643730890895,94.62703152438037,13.0,64.0,24.0,59.0
pm2_ETH,ETH|sell|90-100|30-90d,ETH,sell,90-100,30-90d,273,3038.168298974756,0,-39551.40184825859,9133693.341090983,1727729.283951084,1727729.283951084,1.0,True,-43.30274771797225,-228.92129117479487,67.0,63.0,-4.0,-74.15368929302807,-13.19855682340303,-386.48812278057665,-71.02206215979744,61.0,67.0,54.0,65.0
pm2_ETH,ETH|sell|90-100|7-30d,ETH,sell,90-100,7-30d,489,3663.1616539755287,0,6340.71311939082,9202210.997486243,1660591.4997951915,1660591.4997951915,1.0,True,6.890423530956751,38.183461255660106,21.0,27.0,6.0,-12.230593727371717,21.98251150851704,-67.28120976012507,122.90844370613594,10.0,60.0,22.0,53.0
pm2_ETH,ETH|sell|90-100|<=2d,ETH,sell,90-100,<=2d,1109,9176.693279676294,0,-11866.794955690217,21110222.628893092,3784571.3938946403,3784571.3938946403,1.0,True,-5.621349980197935,-31.355716990394235,56.0,47.0,-9.0,-13.04183194458795,4.528044447652408,-72.76700326999809,25.257013239921573,25.0,61.0,32.0,55.0
pm2_ETH,ETH|sell|90-100|>90d,ETH,sell,90-100,>90d,227,1825.1336398571682,0,-87077.76390284179,5149814.976383944,1071450.9623674303,1071450.9623674303,1.0,True,-169.0891115548104,-812.7088122674196,69.0,68.0,-1.0,-205.99749880360665,-127.66790070892569,-961.4417045612803,-629.94520104594,68.0,69.0,66.0,69.0
sm_all_ETH,ETH|buy|00-10|2-7d,ETH,buy,00-10,2-7d,8107,177620.7253105501,0,135616.70299015322,480803557.46493006,1109147.9192900686,1109147.9192900686,1.0,True,2.820626030830588,1222.710700994303,29.0,3.0,-26.0,1.8263550447892276,3.860811123239665,777.4895123210162,1707.093650944727,26.0,36.0,2.0,5.0
sm_all_ETH,ETH|buy|00-10|30-90d,ETH,buy,00-10,30-90d,2761,48437.16164118823,0,100208.50726938655,113811675.54455316,673332.4609732686,673332.4609732686,1.0,True,8.804765134149926,1488.2470856156278,19.0,2.0,-17.0,6.229792249089043,10.942838190073271,987.9682099380528,1960.4650493554045,17.0,25.0,2.0,4.0
sm_all_ETH,ETH|buy|00-10|7-30d,ETH,buy,00-10,7-30d,7358,73640.78548936895,0,-28289.31367918788,197537154.84731546,736392.470201088,736392.470201088,1.0,True,-1.4321008977300418,-384.1608221694997,50.0,65.0,15.0,-5.259752373991315,1.9027182699296001,-1305.9112229610291,552.0376518792468,34.0,57.0,8.0,68.0
sm_all_ETH,ETH|buy|00-10|<=2d,ETH,buy,00-10,<=2d,7859,74199.12269511336,0,-10661.940212220472,195523496.77634147,134463.09527723127,134463.09527723127,1.0,True,-0.5453022469425566,-792.9268763476,43.0,67.0,24.0,-1.0333569990793847,-0.05368386643259323,-1448.1091637550724,-79.03539196134072,41.0,49.0,56.0,69.0
sm_all_ETH,ETH|buy|00-10|>90d,ETH,buy,00-10,>90d,1404,103682.40619374825,0,503948.6354282521,256293482.84687153,1059206.9232853835,1059206.9232853835,1.0,True,19.662951622119394,4757.792121157356,12.0,1.0,-11.0,16.909740913480455,22.228764309854828,3495.194023193778,6069.851808971367,11.0,16.0,1.0,1.0
sm_all_ETH,ETH|buy|10-25|2-7d,ETH,buy,10-25,2-7d,11313,196874.17837838706,0,128856.42172439385,523497186.74640524,2471369.899105574,2471369.899105574,1.0,True,2.4614539483058393,521.3967434459282,31.0,8.0,-23.0,1.3239184903826395,3.8756880658386823,304.2069350490534,759.6871191359157,26.0,38.0,5.0,14.0
sm_all_ETH,ETH|buy|10-25|30-90d,ETH,buy,10-25,30-90d,6844,84368.97463752268,0,195073.16397708494,203878406.590093,4217325.415681447,4217325.415681447,1.0,True,9.56811303559423,462.55184210290423,18.0,9.0,-9.0,6.805384683098797,13.062705251138524,324.116575914763,641.3144534930872,16.0,25.0,7.0,14.0
sm_all_ETH,ETH|buy|10-25|7-30d,ETH,buy,10-25,7-30d,13225,120711.24997649161,0,146825.3807313342,315180935.128262,3465567.2863808516,3465567.2863808516,1.0,True,4.658447398526311,423.66910984050276,24.0,10.0,-14.0,0.3728302875885831,10.364611613494613,33.23143531704073,950.4725413468839,19.0,42.0,5.0,32.0
sm_all_ETH,ETH|buy|10-25|<=2d,ETH,buy,10-25,<=2d,12082,96755.34656267695,0,62447.82554707123,274271557.70237154,828868.14522156,828868.14522156,1.0,True,2.2768611543322,753.4108519803069,32.0,5.0,-27.0,1.3782115553377596,3.257786316061207,453.8210605563683,1083.058878897637,28.0,38.0,4.0,9.0
sm_all_ETH,ETH|buy|10-25|>90d,ETH,buy,10-25,>90d,1765,29016.296049023775,0,137965.8005718443,66113368.82195534,2255316.201708026,2255316.201708026,1.0,True,20.868063907526636,611.7359528892587,11.0,7.0,-4.0,16.16016348150884,25.9679144110808,448.6785644927445,767.5637186086049,10.0,16.0,5.0,10.0
sm_all_ETH,ETH|buy|25-40|2-7d,ETH,buy,25-40,2-7d,8465,65517.059123447456,0,-6016.562787098507,183839370.03790918,2535963.98520344,2535963.98520344,1.0,True,-0.3272728135359604,-23.724953596357352,42.0,48.0,6.0,-1.9514184823886866,1.4683705905093134,-142.12664481267893,106.004062359146,36.0,51.0,23.0,60.0
sm_all_ETH,ETH|buy|25-40|30-90d,ETH,buy,25-40,30-90d,6798,50664.296606683514,0,95024.31428000465,136564910.01912728,6548833.491666224,6548833.491666224,1.0,True,6.958179393718016,145.1011304546507,23.0,19.0,-4.0,2.3540293660971376,12.791053264315225,49.28244035038028,268.22178027960024,17.0,32.0,16.0,29.0
sm_all_ETH,ETH|buy|25-40|7-30d,ETH,buy,25-40,7-30d,12066,69606.48576513815,0,-19626.802743790027,190319976.76243943,4839067.5724828895,4839067.5724828895,1.0,True,-1.0312528972346675,-40.55905905384921,49.0,53.0,4.0,-2.7921619113743095,0.7915197664888902,-110.2315646335886,30.976923002748777,39.0,53.0,33.0,58.0
sm_all_ETH,ETH|buy|25-40|<=2d,ETH,buy,25-40,<=2d,9038,53428.10935331554,0,-1056.4742293022841,155545203.9832699,1118970.6847680348,1118970.6847680348,1.0,True,-0.06792072029529861,-9.441482638316781,41.0,44.0,3.0,-2.2143643967827353,2.3495197194887854,-308.1756213363043,327.71189009365077,32.0,52.0,14.0,64.0
sm_all_ETH,ETH|buy|25-40|>90d,ETH,buy,25-40,>90d,1993,29665.22671652148,0,248219.8199165426,73811612.46108125,5917940.215886384,5917940.215886384,1.0,True,33.628830429279915,419.4361735020745,6.0,11.0,5.0,25.545063880259082,41.44687670101172,324.29099655758137,509.7804292799397,5.0,10.0,8.0,14.0
sm_all_ETH,ETH|buy|40-60|2-7d,ETH,buy,40-60,2-7d,9906,80610.3976999988,0,-82786.91566911858,229061354.97289452,5591451.549865078,5591451.549865078,1.0,True,-3.614180824125265,-148.05979257947112,55.0,60.0,5.0,-5.295720987783348,-1.9549632193433912,-219.7507214522214,-79.6071898599164,49.0,58.0,56.0,63.0
sm_all_ETH,ETH|buy|40-60|30-90d,ETH,buy,40-60,30-90d,6691,36232.784629409405,0,46495.70447150834,101091607.17112482,9188674.511281572,9188674.511281572,1.0,True,4.5993634657328,50.60110075117183,25.0,28.0,3.0,-0.4748210192716142,10.456561011089965,-5.206359077091729,116.17440283879128,19.0,45.0,22.0,44.0
sm_all_ETH,ETH|buy|40-60|7-30d,ETH,buy,40-60,7-30d,13236,54365.841908597424,0,-53388.18558310186,145075225.92970014,6942684.709821048,6942684.709821048,1.0,True,-3.6800346331338787,-76.89847345016187,56.0,57.0,1.0,-8.177992537078596,1.8531359045093208,-170.35874055911478,39.032909946085596,34.899999999999864,60.0,31.0,61.0
sm_all_ETH,ETH|buy|40-60|<=2d,ETH,buy,40-60,<=2d,9810,46617.44829999866,0,-10445.6083375045,136285053.69892833,1645220.6004543062,1645220.6004543062,1.0,True,-0.766452964136495,-63.49062450725503,46.0,56.0,10.0,-2.8866875474943736,1.3877139706132795,-238.59567992633671,115.10585299179313,36.0,53.0,23.0,63.0
sm_all_ETH,ETH|buy|40-60|>90d,ETH,buy,40-60,>90d,2072,17249.486798690745,0,253275.04718714618,46376646.76728503,8449893.857216826,8449893.857216826,1.0,True,54.612626147393485,299.7375487395393,4.0,15.0,11.0,43.990888820052035,64.67495403592427,246.3640725543813,359.28544267227795,3.0,5.0,12.0,17.0
sm_all_ETH,ETH|buy|60-75|2-7d,ETH,buy,60-75,2-7d,3201,21138.09900725326,0,-5769.779897543785,59241027.9170099,2142297.0226895115,2142297.0226895115,1.0,True,-0.9739499972260115,-26.932679439101356,48.0,49.0,1.0,-5.499557677628932,3.971432484825746,-154.48905660864736,106.51138773523657,28.0,57.0,23.0,60.0
sm_all_ETH,ETH|buy|60-75|30-90d,ETH,buy,60-75,30-90d,2031,16446.14078844417,0,131538.78282258532,41269195.09951597,6394777.820491303,6394777.820491303,1.0,True,31.8733579623723,205.69718998068234,7.0,17.0,10.0,21.03786772170111,44.553518930017674,137.70154688840466,278.6921575434506,5.0,12.0,15.0,22.0
sm_all_ETH,ETH|buy|60-75|7-30d,ETH,buy,60-75,7-30d,5009,21500.680720085114,0,-12363.699454735977,54561678.25252194,4248717.958732745,4248717.958732745,1.0,True,-2.2660042452349796,-29.09983570296502,53.0,50.0,-3.0,-8.533560632038402,3.964675669026879,-112.92483303565032,48.94496597191165,28.0,59.0,29.0,59.0
sm_all_ETH,ETH|buy|60-75|<=2d,ETH,buy,60-75,<=2d,3156,15610.93793578716,0,51110.377418430886,41440956.14907084,770221.5105880355,770221.5105880355,1.0,True,12.333300716947106,663.5802391367909,16.0,6.0,-10.0,5.547108153712543,19.958311747169166,305.86580099358474,1049.0963620350117,13.0,25.0,4.0,14.0
sm_all_ETH,ETH|buy|60-75|>90d,ETH,buy,60-75,>90d,993,10799.590493390784,0,279958.4278386029,27709294.14951776,7917440.419680449,7917440.419680449,1.0,True,101.03412462546441,353.5971387201195,2.0,14.0,12.0,81.5406252497426,122.8945690579043,298.16584109767547,418.6835792206174,2.0,2.0,10.0,15.0
sm_all_ETH,ETH|buy|75-90|2-7d,ETH,buy,75-90,2-7d,2088,8432.01040058608,0,53064.13967790582,21847090.57290783,1497076.326760499,1497076.326760499,1.0,True,24.288881625139446,354.45179867836475,10.0,13.0,3.0,18.739699635244072,30.481351381655823,273.5455435740988,443.7094971512182,8.0,14.0,9.0,16.0
sm_all_ETH,ETH|buy|75-90|30-90d,ETH,buy,75-90,30-90d,936,11882.581780977585,0,122940.14913215562,30429099.00356834,5837287.671406043,5837287.671406043,1.0,True,40.402165413356066,210.61177048782096,5.0,16.0,11.0,29.367126344326895,57.2552138131175,164.28649982654838,258.17485234806685,4.0,9.0,16.0,20.0
sm_all_ETH,ETH|buy|75-90|7-30d,ETH,buy,75-90,7-30d,2422,15147.688115904768,0,95249.16264423695,37203223.99388126,5183400.203884336,5183400.203884336,1.0,True,25.602394744042176,183.7580717245393,9.0,18.0,9.0,14.253923453734604,38.32986192930201,108.81885265078124,252.95735753104435,6.0,16.0,16.0,23.0
sm_all_ETH,ETH|buy|75-90|<=2d,ETH,buy,75-90,<=2d,2275,9129.697459079916,0,68785.35234122806,23141893.695702296,686784.6039341522,686784.6039341522,1.0,True,29.72330322042844,1001.5564115328232,8.0,4.0,-4.0,21.699654387868605,37.03037375500907,709.0968582757152,1313.9755654742723,6.0,12.0,3.0,6.0
sm_all_ETH,ETH|buy|75-90|>90d,ETH,buy,75-90,>90d,478,2077.641215880703,0,88468.67935043699,5441667.408005768,2425650.30423741,2425650.30423741,1.0,True,162.57641769925533,364.72149013355113,1.0,12.0,11.0,135.9317422131458,196.07278208670888,322.55014351773264,426.1743369357608,1.0,1.0,9.0,15.0
sm_all_ETH,ETH|buy|90-100|2-7d,ETH,buy,90-100,2-7d,941,4328.304388911567,0,-2779.5997323349266,10637261.513865562,1592299.8106728413,1592299.8106728413,1.0,True,-2.6130783084647744,-17.456509846348474,54.0,47.0,-7.0,-25.07049915799989,18.77711532541145,-163.65996603261672,129.66980997028517,14.0,63.0,22.0,61.0
sm_all_ETH,ETH|buy|90-100|30-90d,ETH,buy,90-100,30-90d,338,2053.202459553377,0,34523.275352089375,6005374.0759534845,3973674.781558285,3973674.781558285,1.0,True,57.48730206553877,86.87997194010678,3.0,24.0,21.0,36.85938901243251,87.57120889482111,49.26611921414022,169.5164905315043,3.0,6.0,19.0,30.0
sm_all_ETH,ETH|buy|90-100|7-30d,ETH,buy,90-100,7-30d,884,7671.277445469257,0,-79716.65783761477,19663104.7670728,4594596.605284753,4594596.605284753,1.0,True,-40.54123638251966,-173.500885248389,64.0,62.0,-2.0,-139.4820906492648,40.155745998810794,-603.1684681317467,171.27520484892318,6.0,67.0,19.0,66.0
sm_all_ETH,ETH|buy|90-100|<=2d,ETH,buy,90-100,<=2d,2040,9826.143276283725,0,-16260.378084164402,24837377.249798745,1638534.9117725072,1638534.9117725072,1.0,True,-6.546737169801678,-99.23730014745013,59.0,58.0,-1.0,-23.899880385011624,23.99960453351429,-395.62809782656586,322.28361332841547,11.0,63.0,14.0,65.0
sm_all_ETH,ETH|buy|90-100|>90d,ETH,buy,90-100,>90d,120,1067.4792341299021,0,35193.18837480752,2475313.7132427925,1317883.7412057791,1317883.7412057791,1.0,False,142.1766792084813,267.0431941334067,,,,,,,,,,,
sm_all_ETH,ETH|sell|00-10|2-7d,ETH,sell,00-10,2-7d,14085,222724.83693329355,0,-119429.53447777136,603646659.4822052,78536996.65886539,78536996.65886539,1.0,True,-1.97846757870267,-15.206786553925339,52.0,46.0,-6.0,-3.3257190125670584,-0.6668563521609717,-25.5422739400408,-5.129782139796986,45.0,55.0,42.0,51.0
sm_all_ETH,ETH|sell|00-10|30-90d,ETH,sell,00-10,30-90d,5124,79006.991555926,0,84200.72967088486,197600209.5100245,25589169.93882394,25589169.93882394,1.0,True,4.26116601190209,32.904830391991474,26.0,29.0,3.0,0.8081762690318179,7.847799217351374,6.223056062364073,60.76372091096183,22.0,39.0,28.0,40.0
sm_all_ETH,ETH|sell|00-10|7-30d,ETH,sell,00-10,7-30d,11829,123621.1388859383,0,84486.60397444924,325489740.2224095,42194428.94890372,42194428.94890372,1.0,True,2.595676408009633,20.023165635624594,30.0,32.0,2.0,-0.04577983295242855,6.377779486339416,-0.3524041046542056,49.35110162892117,24.0,44.0,29.0,44.0
sm_all_ETH,ETH|sell|00-10|<=2d,ETH,sell,00-10,<=2d,20538,195086.82839595323,0,99394.3191869427,536559765.0201198,69718428.34714676,69718428.34714676,1.0,True,1.852437056722202,14.25653468434941,35.0,35.0,0.0,1.6022692285599778,2.0717609042119847,12.328370856734622,15.946546154685128,31.0,38.0,33.0,41.0
sm_all_ETH,ETH|sell|00-10|>90d,ETH,sell,00-10,>90d,1528,89682.88476735984,0,-97613.50956206203,217921449.5999321,28450548.61922455,28450548.61922455,1.0,True,-4.479297918642904,-34.309886557373034,58.0,52.0,-6.0,-7.548957508061573,-0.9744562476524625,-57.71321436499896,-7.479966957478976,47.0,60.0,44.0,55.0
sm_all_ETH,ETH|sell|10-25|2-7d,ETH,sell,10-25,2-7d,12318,162979.64510799298,0,-194441.25926391632,437934137.1269265,56969476.00054019,56969476.00054019,1.0,True,-4.4399658026102085,-34.130778956449,57.0,51.0,-6.0,-6.386489965007267,-2.5183170435138336,-49.07393667238139,-19.36199727729028,51.0,59.0,46.0,55.0
sm_all_ETH,ETH|sell|10-25|30-90d,ETH,sell,10-25,30-90d,7645,77762.62560267467,0,24482.699391113678,195050763.83785933,25309288.82288411,25309288.82288411,1.0,True,1.25519628374619,9.673404718103717,37.0,36.0,-1.0,-0.8296077275497844,3.2615285539928243,-6.383497049928438,25.178822613412112,29.0,46.0,32.0,45.0
sm_all_ETH,ETH|sell|10-25|7-30d,ETH,sell,10-25,7-30d,14118,115433.28209078172,0,18242.191779938534,306090167.94051045,39715835.23878038,39715835.23878038,1.0,True,0.5959744444808158,4.59317843128879,39.0,39.0,0.0,-0.268441131221445,1.4453596124593915,-2.06709530092205,11.143195187409797,35.0,45.0,36.0,45.0
sm_all_ETH,ETH|sell|10-25|<=2d,ETH,sell,10-25,<=2d,18564,124672.26921590268,0,-21728.418002732997,338306742.1495006,44270667.31899539,44270667.31899539,1.0,True,-0.6422697302654118,-4.908084589321269,44.0,41.0,-3.0,-3.4250694296188238,1.2288210853640198,-26.18013747869833,9.39752691251134,37.0,53.0,38.0,49.0
sm_all_ETH,ETH|sell|10-25|>90d,ETH,sell,10-25,>90d,2200,58661.16216454124,0,164645.34283827015,145977348.60124627,18807023.495684195,18807023.495684195,1.0,True,11.278828148058617,87.54460421451205,17.0,23.0,6.0,2.3264139756973687,15.856346885535029,17.949209870894975,123.52890880778081,14.0,32.100000000000364,21.0,36.0
sm_all_ETH,ETH|sell|25-40|2-7d,ETH,sell,25-40,2-7d,8898,85738.05531496592,0,204023.43907761047,234626657.04933995,30662525.79572458,30662525.79572458,1.0,True,8.695663214206139,66.53836687715349,20.0,25.0,5.0,2.296113458178351,14.159380823594914,17.506380288652853,108.86747330419566,15.0,33.0,22.0,36.0
sm_all_ETH,ETH|sell|25-40|30-90d,ETH,sell,25-40,30-90d,7787,61487.7578912973,0,33311.67777653677,154643454.00333348,19940198.200696696,19940198.200696696,1.0,True,2.1540955607353878,16.705790705416806,33.0,33.0,0.0,-8.009028240283522,10.185947285493315,-62.03805736261958,79.0775377966597,18.0,59.0,25.0,54.0
sm_all_ETH,ETH|sell|25-40|7-30d,ETH,sell,25-40,7-30d,12260,80867.27557160285,0,81637.87680996476,210764252.04680178,27216834.638595045,27216834.638595045,1.0,True,3.873421418345482,29.995360553132628,27.0,30.0,3.0,1.7677836286404278,6.099357766174279,13.672338187216788,47.27280664199587,23.0,35.0,28.0,38.0
sm_all_ETH,ETH|sell|25-40|<=2d,ETH,sell,25-40,<=2d,13879,71398.78198903947,0,-18776.827126584594,195884608.3652676,26762504.7896433,26762504.7896433,1.0,True,-0.9585657231205882,-7.0160948215321595,47.0,43.0,-4.0,-4.414302590083365,2.1303984090642896,-32.22369936568546,15.665035811851599,34.0,55.0,36.0,51.0
sm_all_ETH,ETH|sell|25-40|>90d,ETH,sell,25-40,>90d,2204,21820.739889134944,0,68630.68383395596,54038017.491377585,6955441.912170814,6955441.912170814,1.0,True,12.700444431535043,98.67192437315047,15.0,21.0,6.0,0.04114936691612381,32.423571898495815,0.3167727933056939,255.02025584745468,8.0,42.0,16.0,41.100000000000364
sm_all_ETH,ETH|sell|40-60|2-7d,ETH,sell,40-60,2-7d,11851,77805.44815756817,1,8560.456822888491,224822394.18824852,32393522.05909626,32393522.05909626,1.0,True,0.3807653082690971,2.642644664347226,40.0,40.0,0.0,-2.0079239281459635,2.8091193370743,-13.905265719100928,19.505443151848734,30.0,51.0,34.0,48.0
sm_all_ETH,ETH|sell|40-60|30-90d,ETH,sell,40-60,30-90d,9391,49977.9942474369,0,173057.3190910841,135702611.67404035,18376455.943041433,18376455.943041433,1.0,True,12.752688909685121,94.17339209882594,14.0,22.0,8.0,7.415243446922981,19.4828743707128,54.750244707757396,144.40395966123236,13.0,23.0,20.0,29.0
sm_all_ETH,ETH|sell|40-60|7-30d,ETH,sell,40-60,7-30d,15983,61757.92521582244,0,33858.97873718215,165544051.5308588,23047676.59427184,23047676.59427184,1.0,True,2.0453153359527723,14.690842523188348,34.0,34.0,0.0,-15.953493439665312,14.978861294837735,-114.3255898553226,108.03235950465391,15.0,62.0,22.0,58.0
sm_all_ETH,ETH|sell|40-60|<=2d,ETH,sell,40-60,<=2d,14109,56511.42410030238,0,11350.698127608395,155069008.0125853,22686914.909636457,22686914.909636457,1.0,True,0.7319772192446848,5.003191563427203,38.0,38.0,0.0,-1.0337675001333586,2.4870631845483806,-7.064726152571505,17.00791032655275,32.0,47.0,35.0,46.0
sm_all_ETH,ETH|sell|40-60|>90d,ETH,sell,40-60,>90d,3273,23065.093490471176,0,43280.4776125833,60655210.560923696,8076958.032154352,8076958.032154352,1.0,True,7.135492105680063,53.58512132944583,22.0,27.0,5.0,-8.522481475641552,26.332258854692473,-63.58514644145538,199.54109187039194,10.0,59.0,18.0,54.0
sm_all_ETH,ETH|sell|60-75|2-7d,ETH,sell,60-75,2-7d,3282,15320.291900000078,0,15304.102723733626,43461346.175454564,6474425.314105637,6474425.314105637,1.0,True,3.5213135511151843,23.637777843218043,28.0,31.0,3.0,-2.120875769920244,9.998471714486898,-14.22631655622968,67.16249026844574,19.0,50.0,27.0,46.0
sm_all_ETH,ETH|sell|60-75|30-90d,ETH,sell,60-75,30-90d,2250,10750.925023136695,0,25489.92466809635,29442363.184198014,4381117.657100835,4381117.657100835,1.0,True,8.657567501842728,58.18132874560616,21.0,26.0,5.0,-17.203431389793497,41.93712498707989,-113.79751376837326,288.5353652812679,6.0,62.0,16.0,58.0
sm_all_ETH,ETH|sell|60-75|7-30d,ETH,sell,60-75,7-30d,4265,18905.044277467783,0,-36191.84260029086,48787858.39254762,7281718.286376769,7281718.286376769,1.0,True,-7.418206863906776,-49.70233834505999,60.0,54.0,-6.0,-16.654149355880794,1.7734281443156594,-111.4963664501801,11.887952377103186,36.0,62.0,38.0,59.0
sm_all_ETH,ETH|sell|60-75|<=2d,ETH,sell,60-75,<=2d,3523,13719.197583271245,0,-6774.310596151396,36745759.75141734,5490633.723822297,5490633.723822297,1.0,True,-1.8435625340118598,-12.337939365285996,51.0,45.0,-6.0,-8.993745900607573,4.984733926872069,-60.20095065539074,33.373760176141225,26.0,60.0,32.0,55.0
sm_all_ETH,ETH|sell|60-75|>90d,ETH,sell,60-75,>90d,1544,8139.252438755013,0,-42466.76819475594,20087896.083580192,2991416.457722716,2991416.457722716,1.0,True,-21.140475845784664,-141.96207313469398,62.0,59.0,-3.0,-43.486892945606456,6.95304681485727,-284.5411734243219,48.149060022539246,24.0,65.0,30.0,64.0
sm_all_ETH,ETH|sell|75-90|2-7d,ETH,sell,75-90,2-7d,1848,6573.972977108554,0,-41922.388068395216,17724655.37563112,2672191.804650402,2672191.804650402,1.0,True,-23.652018716275034,-156.88390330154405,63.0,61.0,-2.0,-46.7606989722872,-4.785539371697312,-306.96828969881744,-31.98386875831574,56.0,65.0,50.0,64.0
sm_all_ETH,ETH|sell|75-90|30-90d,ETH,sell,75-90,30-90d,1070,8646.645393881077,0,-224300.74943343783,24354967.355672315,3889334.363102234,3889334.363102234,1.0,True,-92.09650998821716,-576.7072935702287,67.0,66.0,-1.0,-189.25454335348172,-18.333333470878557,-1118.557681431639,-120.41840822839598,63.0,68.0,59.0,68.0
sm_all_ETH,ETH|sell|75-90|7-30d,ETH,sell,75-90,7-30d,2111,13416.399635903072,0,62778.74744629662,37167887.83264233,5455106.218680448,5455106.218680448,1.0,True,16.890587845339386,115.08253905545833,13.0,20.0,7.0,-40.78117385077749,74.93592630147633,-269.44054582363873,529.9591582551209,3.0,65.0,8.0,64.0
sm_all_ETH,ETH|sell|75-90|<=2d,ETH,sell,75-90,<=2d,2326,10046.67527573207,0,-1964.4427963586727,26250248.40709468,3958886.2053173487,3958886.2053173487,1.0,True,-0.7483520787665159,-4.962109781584895,45.0,42.0,-3.0,-18.710467001503382,13.043849905034628,-123.3934827025938,86.76702524792064,17.0,63.0,25.0,60.0
sm_all_ETH,ETH|sell|75-90|>90d,ETH,sell,75-90,>90d,611,3161.64469151085,0,-148524.13717072987,8735921.619004546,1470309.779488683,1470309.779488683,1.0,True,-170.0154186910552,-1010.1554056341844,68.0,68.0,0.0,-224.5545491613046,-121.68618588610504,-1262.6709087414526,-748.7277283911625,67.0,69.0,66.0,69.0
sm_all_ETH,ETH|sell|90-100|2-7d,ETH,sell,90-100,2-7d,936,3475.8228008166247,0,1234.3695177585294,9427316.428260729,1408366.3042664211,1408366.3042664211,1.0,True,1.309354074568028,8.764548782651245,36.0,37.0,1.0,-15.680793393401089,19.74415842958681,-104.52489405104332,133.1265524061404,13.0,62.0,21.0,58.0
sm_all_ETH,ETH|sell|90-100|30-90d,ETH,sell,90-100,30-90d,389,3498.498298974757,0,-51922.69977954548,10764342.118227243,1814763.3064781683,1814763.3064781683,1.0,True,-48.23583198050242,-286.11279274931775,66.0,64.0,-2.0,-76.28446807049963,-20.43773914534961,-441.7100696528284,-123.72187178411835,63.0,67.0,59.0,66.0
sm_all_ETH,ETH|sell|90-100|7-30d,ETH,sell,90-100,7-30d,900,6999.8213996772765,0,-81493.93330650979,18840956.456458148,2911918.8261584574,2911918.8261584574,1.0,True,-43.25360737117779,-279.8633415685577,65.0,63.0,-2.0,-103.6463871519563,12.820801849771142,-644.0012726747115,85.54970683971072,17.0,67.0,25.0,66.0
sm_all_ETH,ETH|sell|90-100|<=2d,ETH,sell,90-100,<=2d,2110,11855.453883991971,0,-26127.237867163225,28635272.72226992,4270021.928358312,4270021.928358312,1.0,True,-9.124144938505799,-61.1875964702793,61.0,55.0,-6.0,-15.867040194045101,-1.6318065145669696,-106.23249162258718,-10.947758204455353,50.0,62.0,46.0,59.0
sm_all_ETH,ETH|sell|90-100|>90d,ETH,sell,90-100,>90d,253,1893.0336398571685,0,-138525.85228813032,5318234.8697322775,1022704.0973512417,1022704.0973512417,1.0,True,-260.47336321403156,-1354.5056937476456,69.0,69.0,0.0,-455.9193928294941,-142.8052621250173,-1844.3487901378624,-867.0522541527838,68.0,69.0,67.0,69.0
pm2_HYPE,HYPE|buy|00-10|2-7d,HYPE,buy,00-10,2-7d,216,240778.839,0,32216.628831161343,16949389.909338817,46358.95733734491,46358.95733734491,1.0,True,19.00754481635386,6949.385983107287,18.0,1.0,-17.0,5.133921590317529,27.25343244377982,1976.8010060373238,9286.466203196047,11.0,29.100000000000364,1.0,3.0
pm2_HYPE,HYPE|buy|00-10|30-90d,HYPE,buy,00-10,30-90d,186,926521.12,4,178413.99405237412,46836625.391097955,399395.5994636912,399395.5994636912,1.0,False,38.092837082640145,4467.099644862102,,,,,,,,,,,
pm2_HYPE,HYPE|buy|00-10|7-30d,HYPE,buy,00-10,7-30d,485,238303.1686,0,12419.560068041335,13550367.099809268,60282.92741026355,60282.92741026355,1.0,True,9.16547867416533,2060.2118380081897,26.0,3.0,-23.0,5.669223874850786,12.569634290172068,979.0353515993819,3503.531653607024,21.0,30.0,2.0,7.0
pm2_HYPE,HYPE|buy|00-10|<=2d,HYPE,buy,00-10,<=2d,181,41723.0,0,-892.0788524002757,2240544.8994181277,4013.2280329951204,4013.2280329951204,1.0,False,-3.981526335990632,-2222.846160412436,,,,,,,,,,,
pm2_HYPE,HYPE|buy|00-10|>90d,HYPE,buy,00-10,>90d,196,67615.44,1,31148.179656834505,5592061.689083756,38090.208671999884,38090.208671999884,1.0,False,55.70070823367124,8177.476769701064,,,,,,,,,,,
pm2_HYPE,HYPE|buy|10-25|2-7d,HYPE,buy,10-25,2-7d,1329,840716.6448156161,0,114866.59957255353,48018849.47311279,514489.4479847114,514489.4479847114,1.0,True,23.921147806107022,2232.6327589903635,13.0,2.0,-11.0,18.619916728498044,29.203399820625247,1750.600968900398,2756.443907743644,9.0,19.0,2.0,4.0
pm2_HYPE,HYPE|buy|10-25|30-90d,HYPE,buy,10-25,30-90d,1554,1331089.4059496867,0,154401.76373642494,72712401.00495721,2117384.2808818785,2117384.2808818785,1.0,True,21.234584692905205,729.2099272226461,15.0,10.0,-5.0,12.15390796805556,31.321578236280967,409.57010249016065,1079.6858200149804,8.0,23.0,7.0,13.0
pm2_HYPE,HYPE|buy|10-25|7-30d,HYPE,buy,10-25,7-30d,3225,1765183.4789893222,0,231581.24207121198,97121301.96090691,1688646.0681135796,1688646.0681135796,1.0,True,23.844536409162597,1371.401896727335,14.0,5.0,-9.0,17.653382415513146,30.406448935332957,955.905753751962,1848.2750722068843,8.0,20.0,3.0,8.0
pm2_HYPE,HYPE|buy|10-25|<=2d,HYPE,buy,10-25,<=2d,610,666964.7343000001,0,-13857.277246816118,43238338.69596843,250122.9753690175,250122.9753690175,1.0,True,-3.204858850904043,-554.0185673216091,38.0,49.0,11.0,-10.600315280567361,5.409834732608439,-1758.8244406287288,926.8357945421806,30.0,43.0,8.0,49.0
pm2_HYPE,HYPE|buy|10-25|>90d,HYPE,buy,10-25,>90d,761,814098.5860000001,0,220869.3166618409,50312146.30953407,2352850.6932572164,2352850.6932572164,1.0,True,43.899800120430655,938.7306950449796,2.0,7.0,5.0,18.934110827268448,66.88588967062849,385.1685341548976,1491.106806089997,1.0,18.0,5.0,13.0
pm2_HYPE,HYPE|buy|25-40|2-7d,HYPE,buy,25-40,2-7d,1522,1099165.3947580706,0,172594.7406684047,60125902.284704655,1178944.5270005988,1178944.5270005988,1.0,True,28.705555195021304,1463.9767751202855,6.0,4.0,-2.0,21.854829272086448,36.54723427213193,1093.916480511007,1914.9488627789383,5.0,16.0,3.0,7.0
pm2_HYPE,HYPE|buy|25-40|30-90d,HYPE,buy,25-40,30-90d,1320,2221096.55,0,334407.1303539116,121168536.36473154,7693413.874757223,7693413.874757223,1.0,True,27.598511988896757,434.6667627633179,10.0,11.0,1.0,3.3084031115137007,42.427162206249236,47.59465602527847,717.2852934909434,4.0,33.0,10.0,27.0
pm2_HYPE,HYPE|buy|25-40|7-30d,HYPE,buy,25-40,7-30d,3682,3136372.274009669,0,455576.11329303245,159449466.58195916,5817663.96320852,5817663.96320852,1.0,True,28.571817959570296,783.0911447861903,7.0,9.0,2.0,14.156123178496749,42.600555649287564,376.2103495099955,1221.8834265417909,4.0,21.0,6.0,14.0
pm2_HYPE,HYPE|buy|25-40|<=2d,HYPE,buy,25-40,<=2d,661,297105.3499,0,19211.728908989637,16224856.012202786,169093.73094648268,169093.73094648268,1.0,True,11.840924131801485,1136.158555462358,22.0,6.0,-16.0,3.8182059726913193,21.563836928512856,344.08815558072496,2211.1033394482133,15.0,32.0,3.0,14.0
pm2_HYPE,HYPE|buy|25-40|>90d,HYPE,buy,25-40,>90d,641,707245.6252954319,0,108762.81500376835,38325208.09569437,3493250.859146566,3493250.859146566,1.0,True,28.378923535704757,311.3512867791583,8.0,13.0,5.0,-3.7689661795492237,74.32254283255806,-41.08251692177475,870.9770367504663,1.0,39.0,9.0,40.0
pm2_HYPE,HYPE|buy|40-60|2-7d,HYPE,buy,40-60,2-7d,1594,747157.1891,0,120164.11541879136,37806932.730523944,1321277.202312088,1321277.202312088,1.0,True,31.783619230706655,909.4542402496428,5.0,8.0,3.0,22.82528262450161,40.705546782365204,649.3521840506385,1170.8463646285377,4.0,15.0,6.0,11.0
pm2_HYPE,HYPE|buy|40-60|30-90d,HYPE,buy,40-60,30-90d,1229,712772.4800000001,0,74022.74044954445,35727953.87697373,3883202.398611713,3883202.398611713,1.0,True,20.718438202320698,190.62292626314917,16.0,19.0,3.0,0.6553591725758159,37.85080214684645,5.995510964914247,348.05742392939334,5.0,34.0,14.0,34.0
pm2_HYPE,HYPE|buy|40-60|7-30d,HYPE,buy,40-60,7-30d,2850,2387897.8559115394,0,257339.51685336806,130525092.8082182,8520640.417876018,8520640.417876018,1.0,True,19.715712229485217,302.01898476255184,17.0,14.0,-3.0,7.843866288084849,32.793633577066075,115.33655766481633,532.4811171472473,7.0,27.0,11.0,22.0
pm2_HYPE,HYPE|buy|40-60|<=2d,HYPE,buy,40-60,<=2d,631,312308.5,0,4330.9886041414165,16373270.56645216,291838.6202285479,291838.6202285479,1.0,True,2.6451579032813086,148.40354579355142,33.0,20.0,-13.0,-4.2017520265663375,14.136499452654595,-239.80948592622102,757.5379513684252,21.0,39.0,10.0,47.0
pm2_HYPE,HYPE|buy|40-60|>90d,HYPE,buy,40-60,>90d,473,404024.9517235621,0,62826.74999553084,22352507.79022486,2680046.9088847646,2680046.9088847646,1.0,True,28.107248898043583,234.4240684267524,9.0,17.0,8.0,-3.060920472715246,52.11401997906943,-24.60757459691337,469.28616897387724,3.0,37.0,12.0,38.0
pm2_HYPE,HYPE|buy|60-75|2-7d,HYPE,buy,60-75,2-7d,598,340441.6061173347,0,-2372.2444233653564,19890644.380103793,1193424.747064646,1193424.747064646,1.0,True,-1.1926433241842402,-19.877620513569386,36.0,38.0,2.0,-20.317119633322644,58.6898791015772,-374.8919251417032,797.1742468699478,2.0,45.0,9.0,48.0
pm2_HYPE,HYPE|buy|60-75|30-90d,HYPE,buy,60-75,30-90d,288,323640.50000000006,0,-17384.63664816757,16086607.924065053,2499117.921278648,2499117.921278648,1.0,True,-10.806900205580758,-69.56309064148881,42.0,43.0,1.0,-46.096552395368285,25.429938302388557,-303.87676626632594,166.71590291480982,13.0,47.0,20.0,48.0
pm2_HYPE,HYPE|buy|60-75|7-30d,HYPE,buy,60-75,7-30d,1034,777642.4474711823,0,96971.34920737275,37148326.960239545,3898175.8324881266,3898175.8324881266,1.0,True,26.10382677829953,248.76083936285116,11.0,16.0,5.0,9.688281219536899,44.22591061104727,94.40009539065271,413.62144487282535,4.0,24.0,13.0,23.0
pm2_HYPE,HYPE|buy|60-75|<=2d,HYPE,buy,60-75,<=2d,335,242733.0,0,14196.541091035242,12524345.505846024,361616.43462632765,361616.43462632765,1.0,True,11.335156064170125,392.58561646140555,23.0,12.0,-11.0,-11.41761619542926,80.48815074877287,-422.72068507972705,2351.0253182502606,1.0,43.0,3.0,48.0
pm2_HYPE,HYPE|buy|60-75|>90d,HYPE,buy,60-75,>90d,189,225064.1117235621,0,19465.10273330823,14639249.865616588,2504886.5772495368,2504886.5772495368,1.0,False,13.296516496399308,77.70851945991772,,,,,,,,,,,
pm2_HYPE,HYPE|buy|75-90|2-7d,HYPE,buy,75-90,2-7d,203,188741.05574649255,0,16687.558831560844,13153096.572728217,1184236.0769469985,1184236.0769469985,1.0,True,12.687171221840659,140.9141230909123,21.0,22.0,1.0,8.052421893884391,58.38865674568232,90.66110977281282,570.9589783225774,2.0,28.0,11.0,23.0
pm2_HYPE,HYPE|buy|75-90|30-90d,HYPE,buy,75-90,30-90d,218,97515.8,0,19382.345819161437,5547885.971085027,994446.3490175903,994446.3490175903,1.0,True,34.936453128597265,194.90589752085853,4.0,18.0,14.0,6.806789766934582,68.57743988873233,38.29801904691383,386.23530691232895,1.0,28.0,13.0,27.0
pm2_HYPE,HYPE|buy|75-90|7-30d,HYPE,buy,75-90,7-30d,736,616316.6828295654,0,105810.5441870752,29994681.897750992,4138964.131916039,4138964.131916039,1.0,True,35.276434851942504,255.6449894580087,3.0,15.0,12.0,4.131488055263839,62.353004856143976,30.29410253134771,448.69755406477344,2.0,31.0,12.0,29.0
pm2_HYPE,HYPE|buy|75-90|<=2d,HYPE,buy,75-90,<=2d,255,129417.43853381717,0,-8391.674711045516,4799263.329509262,392155.61264305393,392155.61264305393,1.0,True,-17.485339175801357,-213.98838727532754,45.0,46.0,1.0,-38.23286020633468,27.638384404795463,-411.52070510545263,603.0061152399209,11.0,47.0,11.0,49.0
pm2_HYPE,HYPE|buy|75-90|>90d,HYPE,buy,75-90,>90d,51,124303.0,0,86237.18904161266,8695822.927976971,1679504.3074004797,1679504.3074004797,1.0,False,99.17082000849251,513.4681028302317,,,,,,,,,,,
pm2_HYPE,HYPE|buy|90-100|2-7d,HYPE,buy,90-100,2-7d,131,26348.177435110887,0,6711.044598912704,1742415.613524028,259687.59119118282,259687.59119118282,1.0,False,38.51575104598406,258.42761943800434,,,,,,,,,,,
pm2_HYPE,HYPE|buy|90-100|30-90d,HYPE,buy,90-100,30-90d,25,29859.16,0,22647.108188593567,2003909.811793329,452815.40865902463,452815.40865902463,1.0,False,113.0146080193416,500.1399633387279,,,,,,,,,,,
pm2_HYPE,HYPE|buy|90-100|7-30d,HYPE,buy,90-100,7-30d,99,92673.0,0,38070.68203396223,6996407.942538326,1402457.5105459807,1402457.5105459807,1.0,False,54.41461153585911,271.4569371812284,,,,,,,,,,,
pm2_HYPE,HYPE|buy|90-100|<=2d,HYPE,buy,90-100,<=2d,146,30686.704319381675,0,-588.8540583127258,1553731.4057431093,177003.61541180676,177003.61541180676,1.0,False,-3.789934709024512,-33.267911332925635,,,,,,,,,,,
pm2_HYPE,HYPE|buy|90-100|>90d,HYPE,buy,90-100,>90d,8,15820.0,0,7528.6933491091095,955641.2577610668,249733.6793394569,249733.6793394569,1.0,False,78.78158553710604,301.46888353314733,,,,,,,,,,,
pm2_HYPE,HYPE|sell|00-10|2-7d,HYPE,sell,00-10,2-7d,439,257146.83544480367,0,9809.700606185052,17623298.023137182,3686699.777580796,3686699.777580796,1.0,True,5.566325096078012,26.608352179471893,29.0,28.0,-1.0,2.1500795220883817,10.287021639355554,9.830237074926579,49.56689829316514,24.0,35.0,25.0,34.0
pm2_HYPE,HYPE|sell|00-10|30-90d,HYPE,sell,00-10,30-90d,450,360342.00815227383,0,-17350.93894959654,20874509.31913908,4442087.2521806685,4442087.2521806685,1.0,True,-8.312022421378831,-39.060328995291066,40.0,40.0,0.0,-12.90703710388759,-2.6812691207464714,-64.9679153660281,-15.610961909328957,37.0,44.0,37.0,43.0
pm2_HYPE,HYPE|sell|00-10|7-30d,HYPE,sell,00-10,7-30d,685,262242.7688180837,0,1834.5903743642978,15678097.547881149,3167002.0708850008,3167002.0708850008,1.0,True,1.1701613469117862,5.792829727615656,34.0,34.0,0.0,-1.7648003889688793,4.597199419282992,-8.556442061077846,22.633325535955382,29.0,38.0,29.0,38.0
pm2_HYPE,HYPE|sell|00-10|<=2d,HYPE,sell,00-10,<=2d,506,272085.82325367164,0,7736.876631882691,12339266.906445906,3992185.143525117,3992185.143525117,1.0,True,6.270126653829838,19.380054666129524,27.0,30.0,3.0,4.321893626633016,8.68422474966135,13.063233372964696,27.461420997835564,25.0,33.0,27.0,35.0
pm2_HYPE,HYPE|sell|00-10|>90d,HYPE,sell,00-10,>90d,149,220096.8434997073,0,-26006.52678361446,15172607.717670321,1616138.7699638943,1616138.7699638943,1.0,False,-17.140446301347882,-160.91765921929752,,,,,,,,,,,
pm2_HYPE,HYPE|sell|10-25|2-7d,HYPE,sell,10-25,2-7d,806,276804.0565596901,0,9446.867588099085,16709187.952048501,4078840.406891608,4078840.406891608,1.0,True,5.653696406557522,23.16066981227718,28.0,29.0,1.0,-1.8514081721407292,13.362948426086884,-7.414937086164079,57.179731551637005,22.0,37.0,25.0,37.0
pm2_HYPE,HYPE|sell|10-25|30-90d,HYPE,sell,10-25,30-90d,1187,1470086.94,0,-126820.08945055566,76135092.9082061,19540414.740413304,19540414.740413304,1.0,True,-16.657244984708825,-64.9014317942124,44.0,42.0,-2.0,-29.542435582019547,-4.305151291647214,-113.22902606961144,-18.308860996920576,38.0,47.0,37.0,45.0
pm2_HYPE,HYPE|sell|10-25|7-30d,HYPE,sell,10-25,7-30d,1755,1320103.308729277,0,-9689.375757346996,74169416.58267108,19558178.80415394,19558178.80415394,1.0,True,-1.306384248896845,-4.954129857576043,37.0,36.0,-1.0,-11.048681931380019,7.3449715381566545,-39.96492159087317,29.707097327299966,27.0,42.0,29.0,41.0
pm2_HYPE,HYPE|sell|10-25|<=2d,HYPE,sell,10-25,<=2d,788,324095.0,0,6854.084427176393,15173703.749546627,5078203.352715625,5078203.352715625,1.0,True,4.517080694541162,13.49706569649499,31.0,32.0,1.0,-1.7180594500451596,10.82049109159083,-4.993953116698816,33.259871099083355,24.0,37.0,27.0,37.0
pm2_HYPE,HYPE|sell|10-25|>90d,HYPE,sell,10-25,>90d,467,422184.0695248364,0,-105873.07581349298,27618956.914338212,4801476.207314442,4801476.207314442,1.0,True,-38.33348092828575,-220.50109433471468,46.0,47.0,1.0,-79.46059155326849,-11.02606226613022,-451.97344829214126,-63.08912845036667,42.0,49.0,42.0,49.0
pm2_HYPE,HYPE|sell|25-40|2-7d,HYPE,sell,25-40,2-7d,826,583851.6068194897,1,33612.64487551172,36271323.17258655,10172622.930624492,10172622.930624492,1.0,True,9.267002671938853,33.0422597050378,25.0,26.0,1.0,-6.97032532591856,20.802908333949862,-26.3565521178636,74.71107278073691,15.0,41.0,23.0,40.0
pm2_HYPE,HYPE|sell|25-40|30-90d,HYPE,sell,25-40,30-90d,980,1358125.6,0,-3195.75374757487,78852695.64756235,19781543.36490156,19781543.36490156,1.0,True,-0.4052814835726752,-1.61552295926773,35.0,35.0,0.0,-24.42494329324841,30.862195628223144,-105.45148964550044,114.2956102854212,8.0,45.0,21.0,44.0
pm2_HYPE,HYPE|sell|25-40|7-30d,HYPE,sell,25-40,7-30d,1635,1288531.3308535074,0,-102507.53270296573,77487524.64428084,19850026.084382307,19850026.084382307,1.0,True,-13.22890790143876,-51.64100654941561,43.0,41.0,-2.0,-28.48301571613177,1.066536118420051,-111.05595351276692,4.245894681072377,34.0,46.0,34.0,45.0
pm2_HYPE,HYPE|sell|25-40|<=2d,HYPE,sell,25-40,<=2d,959,608938.0285338172,0,-17675.23366894707,28577138.18199381,9990432.15825107,9990432.15825107,1.0,True,-6.185095777044627,-17.692161248849622,39.0,37.0,-2.0,-13.278922721814464,3.1476273192952826,-40.14267112277773,9.169364420305545,32.0,44.0,33.0,41.0
pm2_HYPE,HYPE|sell|25-40|>90d,HYPE,sell,25-40,>90d,496,939838.876408579,0,14853.278188689424,50675152.598963894,14478144.870159121,14478144.870159121,1.0,True,2.931077150617819,10.259103166803843,32.0,33.0,1.0,-20.33644104439902,26.700339092618815,-76.27073721000139,88.83121739749467,11.0,45.0,23.0,43.0
pm2_HYPE,HYPE|sell|40-60|2-7d,HYPE,sell,40-60,2-7d,955,241685.2393999999,0,5787.26645945119,11730354.30138622,3696387.4500248185,3696387.4500248185,1.0,True,4.933581979503625,15.656547203709211,30.0,31.0,1.0,-5.57244944660755,17.247366254547522,-17.35091161114749,55.559731439908994,18.0,39.0,25.0,38.0
pm2_HYPE,HYPE|sell|40-60|30-90d,HYPE,sell,40-60,30-90d,1142,1608187.63,0,114226.43810479007,81924997.88940117,25920539.61296006,25920539.61296006,1.0,True,13.942806353073806,44.0679244376833,20.0,25.0,5.0,-5.068595966835405,36.07324775350904,-16.4176369388656,108.3879872737211,6.0,38.0,21.0,37.0
pm2_HYPE,HYPE|sell|40-60|7-30d,HYPE,sell,40-60,7-30d,1487,1845657.5632022247,0,166551.88626025335,93724842.42970918,30469120.744158693,30469120.744158693,1.0,True,17.77030314936643,54.66251804859955,19.0,24.0,5.0,-4.831244307791546,37.78136065101782,-14.510056613716982,118.35338250584441,5.0,39.0,20.0,38.0
pm2_HYPE,HYPE|sell|40-60|<=2d,HYPE,sell,40-60,<=2d,1055,251157.9037,0,11500.421268437105,11131846.194635203,3829773.56134568,3829773.56134568,1.0,True,10.33109968226073,30.028984962745852,24.0,27.0,3.0,-0.27658440614406327,20.25948376608413,-0.793086809392224,59.553254921767255,17.0,35.0,24.0,36.0
pm2_HYPE,HYPE|sell|40-60|>90d,HYPE,sell,40-60,>90d,582,446882.04,0,65566.06091875226,26434748.325285982,8101931.54126337,8101931.54126337,1.0,True,24.802982843621585,80.92645634540656,12.0,23.0,11.0,-0.1360023605321024,56.53510992263131,-0.41873505639789393,188.67050831684077,2.0,35.0,18.0,36.0
pm2_HYPE,HYPE|sell|60-75|2-7d,HYPE,sell,60-75,2-7d,263,69056.019,0,-22809.7368447181,2864158.4692782513,1026191.6670593922,1026191.6670593922,1.0,True,-79.63852939486969,-222.27559993817368,49.0,48.0,-1.0,-155.17088272364424,-16.99515485380862,-424.09911498921934,-48.17759493953293,45.0,49.0,42.0,49.0
pm2_HYPE,HYPE|sell|60-75|30-90d,HYPE,sell,60-75,30-90d,160,90205.765,0,-26401.274343311037,4703422.652323902,1620479.2438475173,1620479.2438475173,1.0,False,-56.132047436278135,-162.9226319531639,,,,,,,,,,,
pm2_HYPE,HYPE|sell|60-75|7-30d,HYPE,sell,60-75,7-30d,255,244720.57349999997,0,-12128.110138488046,14217196.63898505,4817122.807248911,4817122.807248911,1.0,True,-8.530591822322757,-25.177083134018094,41.0,39.0,-2.0,-83.53500742176077,90.93978298131672,-224.6879397530035,305.4957265664655,1.0,48.0,15.0,46.0
pm2_HYPE,HYPE|sell|60-75|<=2d,HYPE,sell,60-75,<=2d,197,45060.3,0,-2270.6951016751245,1961438.714600365,708627.9871792325,708627.9871792325,1.0,False,-11.576681365432156,-32.043542489958135,,,,,,,,,,,
pm2_HYPE,HYPE|sell|60-75|>90d,HYPE,sell,60-75,>90d,204,196799.48313556152,0,56642.38159611183,11264975.545602487,3889493.558290228,3889493.558290228,1.0,True,50.2818504725679,145.6291950281854,1.0,21.0,20.0,-16.30478734939235,141.81760059501786,-42.40313692832383,456.98224396039626,1.0,43.0,12.0,40.0
pm2_HYPE,HYPE|sell|75-90|2-7d,HYPE,sell,75-90,2-7d,162,26282.446781150546,0,1371.5907403457193,1589919.8805116126,477770.8330479762,477770.8330479762,1.0,False,8.626791558228467,28.708130456510904,,,,,,,,,,,
pm2_HYPE,HYPE|sell|75-90|30-90d,HYPE,sell,75-90,30-90d,104,34505.37247765609,0,-7145.005816873126,2038720.8735607064,628852.0981425565,628852.0981425565,1.0,False,-35.046513279643285,-113.61981359332924,,,,,,,,,,,
pm2_HYPE,HYPE|sell|75-90|7-30d,HYPE,sell,75-90,7-30d,269,166704.45947260284,0,-66042.78085671061,8890662.225416668,3124403.965617558,3124403.965617558,1.0,True,-74.28330891697493,-211.37721492955808,48.0,45.0,-3.0,-130.5853053038651,57.37492582479815,-345.3699451850677,193.88690492197796,3.0,49.0,19.0,49.0
pm2_HYPE,HYPE|sell|75-90|<=2d,HYPE,sell,75-90,<=2d,240,112302.0,0,-23668.579253935015,3843216.7041143994,1481940.8805460096,1481940.8805460096,1.0,True,-61.58533612896808,-159.7133837431795,47.0,44.0,-3.0,-84.66152771746013,5.923231148202231,-214.1303594211067,17.6083293385682,30.0,48.0,32.0,46.0
pm2_HYPE,HYPE|sell|75-90|>90d,HYPE,sell,75-90,>90d,47,21457.0,0,12927.603901824246,1221473.3313136173,421742.4497836105,421742.4497836105,1.0,False,105.83615352388763,306.5284015981128,,,,,,,,,,,
pm2_HYPE,HYPE|sell|90-100|2-7d,HYPE,sell,90-100,2-7d,76,168351.759,0,5133.1139176080615,12111354.13446895,3700925.1432925733,3700925.1432925733,1.0,False,4.238265895470106,13.869812868036894,,,,,,,,,,,
pm2_HYPE,HYPE|sell|90-100|30-90d,HYPE,sell,90-100,30-90d,44,9009.0,0,-2792.942111472703,671023.2055382706,201047.96379252942,201047.96379252942,1.0,False,-41.62213897256065,-138.91919414587394,,,,,,,,,,,
pm2_HYPE,HYPE|sell|90-100|7-30d,HYPE,sell,90-100,7-30d,94,76307.09000168307,0,81861.97913695022,4170685.1889897296,1502746.9868599183,1502746.9868599183,1.0,False,196.27944912519217,544.7489155044378,,,,,,,,,,,
pm2_HYPE,HYPE|sell|90-100|<=2d,HYPE,sell,90-100,<=2d,175,40780.90613262388,0,-8821.522820873002,2191114.9678887525,737540.1413598892,737540.1413598892,1.0,False,-40.26042882347235,-119.60735865315381,,,,,,,,,,,
pm2_HYPE,HYPE|sell|90-100|>90d,HYPE,sell,90-100,>90d,27,12329.467658247022,0,509.20787895713653,586641.1587163773,244790.99366719596,244790.99366719596,1.0,False,8.680057159155494,20.801740755602587,,,,,,,,,,,
sm_all_HYPE,HYPE|buy|00-10|2-7d,HYPE,buy,00-10,2-7d,216,240778.839,0,32216.628831161343,16949389.909338817,37908.66232959163,37908.66232959163,1.0,True,19.00754481635386,8498.48737764955,18.0,1.0,-17.0,5.133921590317529,27.25343244377982,2211.671501610741,12465.474455082745,11.0,29.100000000000364,1.0,3.0
sm_all_HYPE,HYPE|buy|00-10|30-90d,HYPE,buy,00-10,30-90d,186,926521.12,0,178413.99405237412,46836625.391097955,337121.064911111,337121.064911111,1.0,False,38.092837082640145,5292.282583985569,,,,,,,,,,,
sm_all_HYPE,HYPE|buy|00-10|7-30d,HYPE,buy,00-10,7-30d,485,238303.1686,0,12419.560068041335,13550367.099809268,51431.22506901119,51431.22506901119,1.0,True,9.16547867416533,2414.789857985413,26.0,3.0,-23.0,5.669223874850786,12.569634290172068,1129.183527591265,4197.573965572127,21.0,30.0,2.0,6.0
sm_all_HYPE,HYPE|buy|00-10|<=2d,HYPE,buy,00-10,<=2d,181,41723.0,0,-892.0788524002757,2240544.8994181277,3392.896647563502,3392.896647563502,1.0,False,-3.981526335990632,-2629.254424949528,,,,,,,,,,,
sm_all_HYPE,HYPE|buy|00-10|>90d,HYPE,buy,00-10,>90d,196,67615.44,0,31148.179656834505,5592061.689083756,41533.65890262474,41533.65890262474,1.0,False,55.70070823367124,7499.502928422731,,,,,,,,,,,
sm_all_HYPE,HYPE|buy|10-25|2-7d,HYPE,buy,10-25,2-7d,1329,840716.6448156161,0,114866.59957255353,48018849.47311279,461828.22159214393,461828.22159214393,1.0,True,23.921147806107022,2487.214817157625,13.0,2.0,-11.0,18.619916728498044,29.203399820625247,1942.712984244669,3094.7389730654954,9.0,19.0,2.0,4.0
sm_all_HYPE,HYPE|buy|10-25|30-90d,HYPE,buy,10-25,30-90d,1554,1331089.4059496867,0,154401.76373642494,72712401.00495721,2000126.1823250798,2000126.1823250798,1.0,True,21.234584692905205,771.9601148210462,15.0,10.0,-5.0,12.15390796805556,31.321578236280967,432.84652499347357,1134.8094111311902,8.0,23.0,7.0,13.0
sm_all_HYPE,HYPE|buy|10-25|7-30d,HYPE,buy,10-25,7-30d,3225,1765183.4789893222,0,231581.24207121198,97121301.96090691,1527572.902797416,1527572.902797416,1.0,True,23.844536409162597,1516.0077901822,14.0,5.0,-9.0,17.653382415513146,30.406448935332957,1051.0241662027613,2053.6183496056487,8.0,20.0,4.0,7.0
sm_all_HYPE,HYPE|buy|10-25|<=2d,HYPE,buy,10-25,<=2d,610,666964.7343000001,0,-13857.277246816118,43238338.69596843,229363.1421976622,229363.1421976622,1.0,True,-3.204858850904043,-604.1632109693586,38.0,49.0,11.0,-10.600315280567361,5.409834732608439,-1898.1617113786378,1035.7388202688005,30.0,43.0,8.0,49.0
sm_all_HYPE,HYPE|buy|10-25|>90d,HYPE,buy,10-25,>90d,761,814098.5860000001,0,220869.3166618409,50312146.30953407,2575015.510667281,2575015.510667281,1.0,True,43.899800120430655,857.7397524281533,2.0,9.0,7.0,18.934110827268448,66.88588967062849,349.44727066382376,1353.7857539391987,1.0,18.0,6.0,14.0
sm_all_HYPE,HYPE|buy|25-40|2-7d,HYPE,buy,25-40,2-7d,1522,1099165.3947580706,0,172594.7406684047,60125902.284704655,1050193.5271328965,1050193.5271328965,1.0,True,28.705555195021304,1643.456526908909,6.0,4.0,-2.0,21.854829272086448,36.54723427213193,1231.9582774123596,2138.7204830929613,5.0,16.0,3.0,7.0
sm_all_HYPE,HYPE|buy|25-40|30-90d,HYPE,buy,25-40,30-90d,1320,2221096.55,0,334407.1303539116,121168536.36473154,7771700.495939367,7771700.495939367,1.0,True,27.598511988896757,430.2882368262079,10.0,12.0,2.0,3.3084031115137007,42.427162206249236,47.476294387092906,698.3645929485305,4.0,33.0,10.0,27.0
sm_all_HYPE,HYPE|buy|25-40|7-30d,HYPE,buy,25-40,7-30d,3682,3136372.274009669,0,455576.11329303245,159449466.58195916,5250036.146945471,5250036.146945471,1.0,True,28.571817959570296,867.7580506909303,7.0,8.0,1.0,14.156123178496749,42.600555649287564,415.2037289556586,1363.2589478440705,4.0,21.0,6.0,13.0
sm_all_HYPE,HYPE|buy|25-40|<=2d,HYPE,buy,25-40,<=2d,661,297105.3499,0,19211.728908989637,16224856.012202786,150998.9517194363,150998.9517194363,1.0,True,11.840924131801485,1272.3087604400064,22.0,6.0,-16.0,3.8182059726913193,21.563836928512856,382.6234968352266,2491.3607881332246,15.0,32.0,3.0,13.0
sm_all_HYPE,HYPE|buy|25-40|>90d,HYPE,buy,25-40,>90d,641,707245.6252954319,0,108762.81500376835,38325208.09569437,4125410.7218716415,4125410.7218716415,1.0,True,28.378923535704757,263.6411798397231,8.0,16.0,8.0,-3.7689661795492237,74.32254283255806,-34.98983798056067,728.8634490983,1.0,39.0,10.0,40.0
sm_all_HYPE,HYPE|buy|40-60|2-7d,HYPE,buy,40-60,2-7d,1594,747157.1891,0,120164.11541879136,37806932.730523944,1185924.029296772,1185924.029296772,1.0,True,31.783619230706655,1013.253062171665,5.0,7.0,2.0,22.82528262450161,40.705546782365204,720.6100807696184,1318.1594887188999,4.0,15.0,6.0,10.0
sm_all_HYPE,HYPE|buy|40-60|30-90d,HYPE,buy,40-60,30-90d,1229,712772.4800000001,0,74022.74044954445,35727953.87697373,4028338.915059856,4028338.915059856,1.0,True,20.718438202320698,183.7549968122396,16.0,18.0,2.0,0.6553591725758159,37.85080214684645,5.690735678489891,338.3214503648907,5.0,34.0,14.0,34.0
sm_all_HYPE,HYPE|buy|40-60|7-30d,HYPE,buy,40-60,7-30d,2850,2387897.8559115394,0,257339.51685336806,130525092.8082182,7902916.924611891,7902916.924611891,1.0,True,19.715712229485217,325.62599266600023,17.0,13.0,-4.0,7.843866288084849,32.793633577066075,123.88758855325815,578.8779903860113,7.0,27.0,11.0,22.0
sm_all_HYPE,HYPE|buy|40-60|<=2d,HYPE,buy,40-60,<=2d,631,312308.5,0,4330.9886041414165,16373270.56645216,261475.6910236819,261475.6910236819,1.0,True,2.6451579032813086,165.63637664310286,33.0,20.0,-13.0,-4.2017520265663375,14.136499452654595,-266.73290673919894,855.7476502259245,21.0,39.0,10.0,47.0
sm_all_HYPE,HYPE|buy|40-60|>90d,HYPE,buy,40-60,>90d,473,404024.9517235621,0,62826.74999553084,22352507.79022486,3013211.586343346,3013211.586343346,1.0,True,28.107248898043583,208.5042759037497,9.0,17.0,8.0,-3.060920472715246,52.11401997906943,-20.966385203390445,407.8511429512228,3.0,37.0,13.0,38.0
sm_all_HYPE,HYPE|buy|60-75|2-7d,HYPE,buy,60-75,2-7d,598,340441.6061173347,0,-2372.2444233653564,19890644.380103793,1078796.9858700838,1078796.9858700838,1.0,True,-1.1926433241842402,-21.989720535343046,36.0,37.0,1.0,-20.317119633322644,58.6898791015772,-411.5543865495336,893.239266072759,2.0,45.0,9.0,48.0
sm_all_HYPE,HYPE|buy|60-75|30-90d,HYPE,buy,60-75,30-90d,288,323640.50000000006,0,-17384.63664816757,16086607.924065053,2561045.3779902244,2561045.3779902244,1.0,True,-10.806900205580758,-67.8810176405782,42.0,43.0,1.0,-46.096552395368285,25.429938302388557,-279.1459690222228,157.39941609355796,13.0,47.0,20.0,47.0
sm_all_HYPE,HYPE|buy|60-75|7-30d,HYPE,buy,60-75,7-30d,1034,777642.4474711823,0,96971.34920737275,37148326.960239545,3576490.417881358,3576490.417881358,1.0,True,26.10382677829953,271.13549283550617,11.0,15.0,4.0,9.688281219536899,44.22591061104727,102.46450563114485,450.0494613305925,4.0,24.0,12.0,23.0
sm_all_HYPE,HYPE|buy|60-75|<=2d,HYPE,buy,60-75,<=2d,335,242733.0,0,14196.541091035242,12524345.505846024,320904.6787395137,320904.6787395137,1.0,True,11.335156064170125,442.3912155721147,23.0,11.0,-12.0,-11.41761619542926,80.48815074877287,-470.60272762758217,2720.7108170042484,1.0,43.0,3.0,48.0
sm_all_HYPE,HYPE|buy|60-75|>90d,HYPE,buy,60-75,>90d,189,225064.1117235621,0,19465.10273330823,14639249.865616588,3272262.264010956,3272262.264010956,1.0,False,13.296516496399308,59.485154803725905,,,,,,,,,,,
sm_all_HYPE,HYPE|buy|75-90|2-7d,HYPE,buy,75-90,2-7d,203,188741.05574649255,0,16687.558831560844,13153096.572728217,1080124.8023141094,1080124.8023141094,1.0,True,12.687171221840659,154.49658035635,21.0,22.0,1.0,8.052421893884391,58.38865674568232,99.6035307336147,627.2620027776163,2.0,28.0,11.0,23.0
sm_all_HYPE,HYPE|buy|75-90|30-90d,HYPE,buy,75-90,30-90d,218,97515.8,0,19382.345819161437,5547885.971085027,1180151.522102092,1180151.522102092,1.0,True,34.936453128597265,164.23607864045715,4.0,21.0,17.0,6.806789766934582,68.57743988873233,32.41054766293756,315.9377198419468,1.0,28.0,15.0,29.0
sm_all_HYPE,HYPE|buy|75-90|7-30d,HYPE,buy,75-90,7-30d,736,616316.6828295654,0,105810.5441870752,29994681.897750992,3857314.2995498623,3857314.2995498623,1.0,True,35.276434851942504,274.31144047407025,3.0,14.0,11.0,4.131488055263839,62.353004856143976,32.44337737338293,483.66511763561414,2.0,31.0,12.0,29.0
sm_all_HYPE,HYPE|buy|75-90|<=2d,HYPE,buy,75-90,<=2d,255,129417.43853381717,0,-8391.674711045516,4799263.329509262,345488.56504273316,345488.56504273316,1.0,True,-17.485339175801357,-242.89297997482367,45.0,46.0,1.0,-38.23286020633468,27.638384404795463,-466.09239063963923,669.3463824739972,11.0,47.0,11.0,49.0
sm_all_HYPE,HYPE|buy|75-90|>90d,HYPE,buy,75-90,>90d,51,124303.0,0,86237.18904161266,8695822.927976971,2516080.596604082,2516080.596604082,1.0,False,99.17082000849251,342.74414403896986,,,,,,,,,,,
sm_all_HYPE,HYPE|buy|90-100|2-7d,HYPE,buy,90-100,2-7d,131,26348.177435110887,0,6711.044598912704,1742415.613524028,267038.687266449,267038.687266449,1.0,False,38.51575104598406,251.31357061445107,,,,,,,,,,,
sm_all_HYPE,HYPE|buy|90-100|30-90d,HYPE,buy,90-100,30-90d,25,29859.16,0,22647.108188593567,2003909.811793329,794863.2023067957,794863.2023067957,1.0,False,113.0146080193416,284.91831201732236,,,,,,,,,,,
sm_all_HYPE,HYPE|buy|90-100|7-30d,HYPE,buy,90-100,7-30d,99,92673.0,0,38070.68203396223,6996407.942538326,2045324.2088249777,2045324.2088249777,1.0,False,54.41461153585911,186.1351949470814,,,,,,,,,,,
sm_all_HYPE,HYPE|buy|90-100|<=2d,HYPE,buy,90-100,<=2d,146,30686.704319381675,0,-588.8540583127258,1553731.4057431093,172654.62015015393,172654.62015015393,1.0,False,-3.789934709024512,-34.10589637280557,,,,,,,,,,,
sm_all_HYPE,HYPE|buy|90-100|>90d,HYPE,buy,90-100,>90d,8,15820.0,0,7528.6933491091095,955641.2577610668,602179.6,602179.6,1.0,False,78.78158553710604,125.02405177972003,,,,,,,,,,,
sm_all_HYPE,HYPE|sell|00-10|2-7d,HYPE,sell,00-10,2-7d,439,257146.83544480367,0,9809.700606185052,17623298.023137182,4394876.90675096,4394876.90675096,1.0,True,5.566325096078012,22.32076304825829,29.0,30.0,1.0,2.1500795220883817,10.287021639355554,8.60871464431735,41.343857041326366,24.0,35.0,26.0,35.0
sm_all_HYPE,HYPE|sell|00-10|30-90d,HYPE,sell,00-10,30-90d,450,360342.00815227383,0,-17350.93894959654,20874509.31913908,5220082.928151056,5220082.928151056,1.0,True,-8.312022421378831,-33.238818594290436,40.0,40.0,0.0,-12.90703710388759,-2.6812691207464714,-51.578070913134354,-10.723263185730644,37.0,44.0,36.0,43.0
sm_all_HYPE,HYPE|sell|00-10|7-30d,HYPE,sell,00-10,7-30d,685,262242.7688180837,0,1834.5903743642978,15678097.547881149,3913035.176231291,3913035.176231291,1.0,True,1.1701613469117862,4.688407570440555,34.0,34.0,0.0,-1.7648003889688793,4.597199419282992,-7.061313863085985,18.433955978888683,29.0,38.0,30.0,38.0
sm_all_HYPE,HYPE|sell|00-10|<=2d,HYPE,sell,00-10,<=2d,506,272085.82325367164,0,7736.876631882691,12339266.906445906,3090595.698810637,3090595.698810637,1.0,True,6.270126653829838,25.033609652857848,27.0,28.0,1.0,4.321893626633016,8.68422474966135,17.24764373061456,34.64868334118531,25.0,33.0,26.0,34.0
sm_all_HYPE,HYPE|sell|00-10|>90d,HYPE,sell,00-10,>90d,149,220096.8434997073,0,-26006.52678361446,15172607.717670321,3808667.7548229937,3808667.7548229937,1.0,False,-17.140446301347882,-68.28247686000404,,,,,,,,,,,
sm_all_HYPE,HYPE|sell|10-25|2-7d,HYPE,sell,10-25,2-7d,806,276804.0565596901,0,9446.867588099085,16709187.952048501,4164630.501823766,4164630.501823766,1.0,True,5.653696406557522,22.6835672071319,28.0,29.0,1.0,-1.8514081721407292,13.362948426086884,-7.399837607954417,53.795691104268286,22.0,37.0,25.0,37.0
sm_all_HYPE,HYPE|sell|10-25|30-90d,HYPE,sell,10-25,30-90d,1187,1470086.94,0,-126820.08945055566,76135092.9082061,19141655.08944544,19141655.08944544,1.0,True,-16.657244984708825,-66.25346076812515,44.0,42.0,-2.0,-29.542435582019547,-4.305151291647214,-117.19220030231781,-17.183617076564932,38.0,47.0,37.0,45.0
sm_all_HYPE,HYPE|sell|10-25|7-30d,HYPE,sell,10-25,7-30d,1755,1320103.308729277,0,-9689.375757346996,74169416.58267108,18562927.0403633,18562927.0403633,1.0,True,-1.306384248896845,-5.2197456447888735,37.0,36.0,-1.0,-11.048681931380019,7.3449715381566545,-43.99286875670805,29.412498154890617,27.0,42.0,29.0,41.0
sm_all_HYPE,HYPE|sell|10-25|<=2d,HYPE,sell,10-25,<=2d,788,324095.0,0,6854.084427176393,15173703.749546627,3901467.0453984565,3901467.0453984565,1.0,True,4.517080694541162,17.567966991443306,31.0,31.0,0.0,-1.7180594500451596,10.82049109159083,-6.651632136170359,42.122243447273334,24.0,37.0,26.0,37.0
sm_all_HYPE,HYPE|sell|10-25|>90d,HYPE,sell,10-25,>90d,467,422184.0695248364,0,-105873.07581349298,27618956.914338212,6952811.536378371,6952811.536378371,1.0,True,-38.33348092828575,-152.2737604198616,46.0,44.0,-2.0,-79.46059155326849,-11.02606226613022,-313.2795527423083,-43.97922036116489,42.0,49.0,40.0,48.0
sm_all_HYPE,HYPE|sell|25-40|2-7d,HYPE,sell,25-40,2-7d,826,583851.6068194897,1,33612.64487551172,36271323.17258655,9647557.222209474,9647557.222209474,1.0,True,9.267002671938853,34.840575807244385,25.0,27.0,2.0,-6.97032532591856,20.802908333949862,-26.757812484098775,77.391546670185,15.0,41.0,23.0,40.0
sm_all_HYPE,HYPE|sell|25-40|30-90d,HYPE,sell,25-40,30-90d,980,1358125.6,0,-3195.75374757487,78852695.64756235,19715549.47914577,19715549.47914577,1.0,True,-0.4052814835726752,-1.6209306014804183,35.0,35.0,0.0,-24.42494329324841,30.862195628223144,-96.80077455111451,124.73985382313086,8.0,45.0,21.0,43.0
sm_all_HYPE,HYPE|sell|25-40|7-30d,HYPE,sell,25-40,7-30d,1635,1288531.3308535074,0,-102507.53270296573,77487524.64428084,19553266.811328296,19553266.811328296,1.0,True,-13.22890790143876,-52.42476036974927,43.0,41.0,-2.0,-28.48301571613177,1.066536118420051,-112.38085517684844,4.24517836866231,34.0,46.0,34.0,45.0
sm_all_HYPE,HYPE|sell|25-40|<=2d,HYPE,sell,25-40,<=2d,959,608938.0285338172,0,-17675.23366894707,28577138.18199381,7859763.333250629,7859763.333250629,1.0,True,-6.185095777044627,-22.48825176983665,39.0,38.0,-1.0,-13.278922721814464,3.1476273192952826,-47.95887971464398,11.448132507802244,32.0,44.0,33.0,42.0
sm_all_HYPE,HYPE|sell|25-40|>90d,HYPE,sell,25-40,>90d,496,939838.876408579,0,14853.278188689424,50675152.598963894,12608106.20325059,12608106.20325059,1.0,True,2.931077150617819,11.780736892000474,32.0,33.0,1.0,-20.33644104439902,26.700339092618815,-81.20996228730986,108.07090537018513,11.0,45.0,22.0,43.0
sm_all_HYPE,HYPE|sell|40-60|2-7d,HYPE,sell,40-60,2-7d,955,241685.2393999999,0,5787.26645945119,11730354.30138622,3388750.412151968,3388750.412151968,1.0,True,4.933581979503625,17.07787755244,30.0,32.0,2.0,-5.57244944660755,17.247366254547522,-19.17867714515655,59.83411296403497,18.0,39.0,25.0,38.0
sm_all_HYPE,HYPE|sell|40-60|30-90d,HYPE,sell,40-60,30-90d,1142,1608187.63,0,114226.43810479007,81924997.88940117,20793846.78928669,20793846.78928669,1.0,True,13.942806353073806,54.932807412835835,20.0,25.0,5.0,-5.068595966835405,36.07324775350904,-19.859952565263605,142.62322478553074,6.0,38.0,20.0,38.0
sm_all_HYPE,HYPE|sell|40-60|7-30d,HYPE,sell,40-60,7-30d,1487,1845657.5632022247,0,166551.88626025335,93724842.42970918,26092414.3997228,26092414.3997228,1.0,True,17.77030314936643,63.83153498513452,19.0,24.0,5.0,-4.831244307791546,37.78136065101782,-17.45456216151114,135.16930402943598,5.0,39.0,20.0,38.0
sm_all_HYPE,HYPE|sell|40-60|<=2d,HYPE,sell,40-60,<=2d,1055,251157.9037,0,11500.421268437105,11131846.194635203,3280257.900663391,3280257.900663391,1.0,True,10.33109968226073,35.05950329732089,24.0,26.0,2.0,-0.27658440614406327,20.25948376608413,-0.9382379376781391,68.7986176068524,17.0,35.0,24.0,35.0
sm_all_HYPE,HYPE|sell|40-60|>90d,HYPE,sell,40-60,>90d,582,446882.04,0,65566.06091875226,26434748.325285982,6769174.828353441,6769174.828353441,1.0,True,24.802982843621585,96.85975407832802,12.0,23.0,11.0,-0.1360023605321024,56.53510992263131,-0.527360852634035,222.7510100557639,2.0,35.0,17.0,35.0
sm_all_HYPE,HYPE|sell|60-75|2-7d,HYPE,sell,60-75,2-7d,263,69056.019,0,-22809.7368447181,2864158.4692782513,872063.7789419248,872063.7789419248,1.0,True,-79.63852939486969,-261.5604201838673,49.0,48.0,-1.0,-155.17088272364424,-16.99515485380862,-500.51265941262744,-56.685327917472534,45.0,49.0,42.0,49.0
sm_all_HYPE,HYPE|sell|60-75|30-90d,HYPE,sell,60-75,30-90d,160,90205.765,0,-26401.274343311037,4703422.652323902,1418938.8692243614,1418938.8692243614,1.0,False,-56.132047436278135,-186.06350785036176,,,,,,,,,,,
sm_all_HYPE,HYPE|sell|60-75|7-30d,HYPE,sell,60-75,7-30d,255,244720.57349999997,0,-12128.110138488046,14217196.63898505,4251006.607215544,4251006.607215544,1.0,True,-8.530591822322757,-28.529972449118564,41.0,39.0,-2.0,-83.53500742176077,90.93978298131672,-276.22078572377393,308.69997505353115,1.0,48.0,15.0,47.0
sm_all_HYPE,HYPE|sell|60-75|<=2d,HYPE,sell,60-75,<=2d,197,45060.3,0,-2270.6951016751245,1961438.714600365,591060.8572721052,591060.8572721052,1.0,False,-11.576681365432156,-38.417280957411975,,,,,,,,,,,
sm_all_HYPE,HYPE|sell|60-75|>90d,HYPE,sell,60-75,>90d,204,196799.48313556152,0,56642.38159611183,11264975.545602487,3311951.733784375,3311951.733784375,1.0,True,50.2818504725679,171.02417592115654,1.0,19.0,18.0,-16.30478734939235,141.81760059501786,-55.176301993899536,493.8195546565463,1.0,43.0,12.0,41.0
sm_all_HYPE,HYPE|sell|75-90|2-7d,HYPE,sell,75-90,2-7d,162,26282.446781150546,0,1371.5907403457193,1589919.8805116126,471539.31246293895,471539.31246293895,1.0,False,8.626791558228467,29.0875162281092,,,,,,,,,,,
sm_all_HYPE,HYPE|sell|75-90|30-90d,HYPE,sell,75-90,30-90d,104,34505.37247765609,0,-7145.005816873126,2038720.8735607064,612140.6888722918,612140.6888722918,1.0,False,-35.046513279643285,-116.72162865102007,,,,,,,,,,,
sm_all_HYPE,HYPE|sell|75-90|7-30d,HYPE,sell,75-90,7-30d,269,166704.45947260284,0,-66042.78085671061,8890662.225416668,2669951.9281510985,2669951.9281510985,1.0,True,-74.28330891697493,-247.35569266389092,48.0,47.0,-1.0,-130.5853053038651,57.37492582479815,-431.33769851241226,195.13622229921836,3.0,49.0,19.0,49.0
sm_all_HYPE,HYPE|sell|75-90|<=2d,HYPE,sell,75-90,<=2d,240,112302.0,0,-23668.579253935015,3843216.7041143994,1181136.5107357646,1181136.5107357646,1.0,True,-61.58533612896808,-200.38817730891378,47.0,45.0,-2.0,-84.66152771746013,5.923231148202231,-272.98874428860375,19.738970459420912,30.0,48.0,32.0,47.0
sm_all_HYPE,HYPE|sell|75-90|>90d,HYPE,sell,75-90,>90d,47,21457.0,0,12927.603901824246,1221473.3313136173,352961.58179573173,352961.58179573173,1.0,False,105.83615352388763,366.26093514352493,,,,,,,,,,,
sm_all_HYPE,HYPE|sell|90-100|2-7d,HYPE,sell,90-100,2-7d,76,168351.759,0,5133.1139176080615,12111354.13446895,3608526.478415108,3608526.478415108,1.0,False,4.238265895470106,14.22495843750207,,,,,,,,,,,
sm_all_HYPE,HYPE|sell|90-100|30-90d,HYPE,sell,90-100,30-90d,44,9009.0,0,-2792.942111472703,671023.2055382706,203436.9737277427,203436.9737277427,1.0,False,-41.62213897256065,-137.2878322113887,,,,,,,,,,,
sm_all_HYPE,HYPE|sell|90-100|7-30d,HYPE,sell,90-100,7-30d,94,76307.09000168307,0,81861.97913695022,4170685.1889897296,1178876.8932487797,1178876.8932487797,1.0,False,196.27944912519217,694.4065118737958,,,,,,,,,,,
sm_all_HYPE,HYPE|sell|90-100|<=2d,HYPE,sell,90-100,<=2d,175,40780.90613262388,0,-8821.522820873002,2191114.9678887525,661384.9327520663,661384.9327520663,1.0,False,-40.26042882347235,-133.3795552941623,,,,,,,,,,,
sm_all_HYPE,HYPE|sell|90-100|>90d,HYPE,sell,90-100,>90d,27,12329.467658247022,0,509.20787895713653,586641.1587163773,176468.04900673346,176468.04900673346,1.0,False,8.680057159155494,28.855528342000696,,,,,,,,,,,
