manager,side,ts,delta,tau,tenor_days,forward,strike,iv,k,rate,rate_conf,vol_conf,fwd_conf,is_call,spot,spot_conf,price,net,mtm,K,K_per_forward_bp
pm2,short,1789632000,0.05,0.0027397260273972603,1.0,76325.21099349088,79358.72865484138,0.44948165841026955,0.03897509636934308,0.0364,1.0,0.949999988079071,1.0,True,76358.48615773817,1.0,37.18985904885585,-7894.14933210002,-37.18615043687909,7856.9594730511635,1029.4055359665126
pm2,short,1789632000,0.075,0.0027397260273972603,1.0,76325.21099349088,78793.07178350062,0.41913390987884114,0.03182175674863239,0.0364,1.0,0.949999988079071,1.0,True,76358.48615773817,1.0,55.76043568865076,-8430.526741688487,-55.754875199180965,8374.766305999836,1097.2477110759705
pm2,short,1789632000,0.1,0.0027397260273972603,1.0,76325.21099349088,78402.8833713016,0.39716059204084997,0.026857398155931245,0.0364,1.0,0.949999988079071,1.0,True,76358.48615773817,1.0,74.47462319867817,-8809.365664872565,-74.46719651068787,8734.891041673887,1144.4306446029752
pm2,short,1789632000,0.125,0.0027397260273972603,1.0,76325.21099349088,78107.17725950887,0.38000432755763563,0.02307864709636321,0.0364,1.0,0.949999988079071,1.0,True,76358.48615773817,1.0,93.41198975753835,-9099.983310334459,-93.40267461537735,9006.57132057692,1180.025735054308
pm2,short,1789632000,0.15,0.0027397260273972603,1.0,76325.21099349088,77870.29435358266,0.366044590865549,0.020041246423040646,0.0364,1.0,0.949999988079071,1.0,True,76358.48615773817,1.0,112.6507017865307,-9334.375626222685,-112.63946813971081,9221.724924436154,1208.2147961860983
pm2,short,1789632000,0.175,0.0027397260273972603,1.0,76325.21099349088,77673.35963577578,0.3544042904763498,0.017509033685780617,0.0364,1.0,0.949999988079071,1.0,True,76358.48615773817,1.0,132.27234705636795,-9530.015424295556,-132.25915671838243,9397.743077239187,1231.276396738771
pm2,short,1789632000,0.2,0.0027397260273972603,1.0,76325.21099349088,77505.15448798421,0.34455532618307155,0.01534114063698729,0.0364,1.0,0.949999988079071,1.0,True,76358.48615773817,1.0,152.36444869807926,-9697.515927341032,-152.34925475452243,9545.151478642952,1250.5895960716016
pm2,short,1789632000,0.22499999999999998,0.0027397260273972603,1.0,76325.21099349088,77358.44636273813,0.3361555942124491,0.01344646470478649,0.0364,1.0,0.949999988079071,1.0,True,76358.48615773817,1.0,173.02203560584158,-9843.82619474812,-173.00478166592617,9670.804159142279,1267.052397662814
pm2,short,1789632000,0.25,0.0027397260273972603,1.0,76325.21099349088,77228.27773468956,0.32897109753569004,0.011762378836458254,0.0364,1.0,0.949999988079071,1.0,True,76358.48615773817,1.0,194.34871716277158,-9973.762960132426,-194.32933650367332,9779.414242969655,1281.2823070746122
pm2,short,1789632000,0.27499999999999997,0.0027397260273972603,1.0,76325.21099349088,77111.08054304466,0.32283465299750513,0.010243683728870447,0.0364,1.0,0.949999988079071,1.0,True,76358.48615773817,1.0,216.45744710654674,-10090.82114106043,-216.43586174157548,9874.363693953885,1293.7224234854698
pm2,short,1789632000,0.3,0.0027397260273972603,1.0,76325.21099349088,77004.18067513278,0.31762222715209726,0.008856411836255972,0.0364,1.0,0.949999988079071,1.0,True,76358.48615773817,1.0,239.47108269855707,-10197.635453206829,-239.447202389567,9958.164370508272,1304.701846334564
pm2,short,1789632000,0.32499999999999996,0.0027397260273972603,1.0,76325.21099349088,76905.50344730365,0.31323855449663673,0.007574137209907526,0.0364,1.0,0.949999988079071,1.0,True,76358.48615773817,1.0,263.52283419302984,-10296.258708247282,-263.496555418008,10032.735874054251,1314.4720785521126
pm2,short,1789632000,0.35,0.0027397260273972603,1.0,76325.21099349088,76813.38992997266,0.30960802391993614,0.006375669977511943,0.0364,1.0,0.949999988079071,1.0,True,76358.48615773817,1.0,288.75671651236325,-10388.337369636467,-288.7279213879768,10099.580653124103,1323.2299684026302
pm2,short,1789632000,0.37499999999999994,0.0027397260273972603,1.0,76325.21099349088,76726.4777485415,0.30666875955393236,0.005243557620922707,0.0364,1.0,0.949999988079071,1.0,True,76358.48615773817,1.0,315.32814153812166,-10475.226537076362,-315.2966966832008,10159.89839553824,1331.1326969544427
pm2,short,1789632000,0.39999999999999997,0.0027397260273972603,1.0,76325.21099349088,76643.62095052682,0.3043687533690222,0.004163075743707166,0.0364,1.0,0.949999988079071,1.0,True,76358.48615773817,1.0,343.40481450426336,-10558.0678243277,-343.3705698138956,10214.663009823436,1338.3078640548479
pm2,short,1789632000,0.42499999999999993,0.0027397260273972603,1.0,76325.21099349088,76563.83423078839,0.3026633767132376,0.003121524249272056,0.0364,1.0,0.949999988079071,1.0,True,76358.48615773817,1.0,373.16811574157185,-10637.843895714943,-373.13090302340674,10264.675779973371,1344.8604525769024
pm2,short,1789632000,0.44999999999999996,0.0027397260273972603,1.0,76325.21099349088,76486.25258674288,0.30151384532730097,0.0021077169094186705,0.0364,1.0,0.949999988079071,1.0,True,76358.48615773817,1.0,404.8151591658131,-10715.418115302764,-404.7747905710926,10310.60295613695,1350.8777534878027
pm2,short,1789632000,0.475,0.0027397260273972603,1.0,76325.21099349088,76410.10075804152,0.3008863499563253,0.0011115932827613646,0.0364,1.0,0.949999988079071,1.0,True,76358.48615773817,1.0,438.5617269405742,-10791.564708350235,-438.51799310251516,10353.002981409662,1356.4329330570183
pm2,short,1789632000,0.49999999999999994,0.0027397260273972603,1.0,76325.21099349088,76334.66874922704,0.3007516487695576,0.0001239062386817531,0.0364,1.0,0.949999988079071,1.0,True,76358.48615773817,1.0,474.6462960408623,-10866.993005591605,-474.59896381150617,10392.346709550742,1361.587681747387
pm2,short,1789632000,0.525,0.0027397260273972603,1.0,76325.21099349088,76259.29091312407,0.3010849766509852,-0.000864046920156406,0.0364,1.0,0.949999988079071,1.0,False,76358.48615773817,1.0,447.41533013742446,-10810.507225895502,-447.3707134087147,10363.091895758078,1357.7547655442258
pm2,short,1789632000,0.5499999999999999,0.0027397260273972603,1.0,76325.21099349088,76183.32677762004,0.3018661734848013,-0.0018606729679437807,0.0364,1.0,0.949999988079071,1.0,False,76358.48615773817,1.0,413.04651261068085,-10734.543443745968,-413.0053231767114,10321.496931135287,1352.305063659178
pm2,short,1789632000,0.575,0.0027397260273972603,1.0,76325.21099349088,76106.14217695112,0.3030799745934731,-0.0028743294972847725,0.0364,1.0,0.949999988079071,1.0,False,76358.48615773817,1.0,380.7093874823281,-10657.35935225029,-380.67142274058955,10276.649964767963,1346.4292900080382
pm2,short,1789632000,0.6,0.0027397260273972603,1.0,76325.21099349088,76027.08937142261,0.30471644394645825,-0.003913587151106467,0.0364,1.0,0.949999988079071,1.0,False,76358.48615773817,1.0,350.1584524156096,-10578.307285002104,-350.12353424534473,10228.148832586494,1340.0747537348786
pm2,short,1789632000,0.625,0.0027397260273972603,1.0,76325.21099349088,75945.48472693456,0.3067715665680825,-0.004987526351194341,0.0364,1.0,0.949999988079071,1.0,False,76358.48615773817,1.0,321.1843876086939,-10496.703723077173,-321.152358762737,10175.51933546848,1333.1793260730406
pm2,short,1789632000,0.65,0.0027397260273972603,1.0,76325.21099349088,75860.58215060213,0.3092480538861931,-0.006106092781788586,0.0364,1.0,0.949999988079071,1.0,False,76358.48615773817,1.0,293.60860634214384,-10411.80275725531,-293.57932738218517,10118.194150913165,1325.6686773884005
pm2,short,1789632000,0.675,0.0027397260273972603,1.0,76325.21099349088,75771.53975041893,0.3121564603122071,-0.007280545916148885,0.0364,1.0,0.949999988079071,1.0,False,76358.48615773817,1.0,267.2786827157395,-10322.762793614449,-267.2520294035408,10055.48411089871,1317.4525140528278
pm2,short,1789632000,0.7,0.0027397260273972603,1.0,76325.21099349088,75677.3759090855,0.3155167712366265,-0.0085240523890376,0.0364,1.0,0.949999988079071,1.0,False,76358.48615773817,1.0,242.06451250699521,-10228.602708569328,-242.0403735784488,9986.538196062333,1308.4193369493598
pm2,short,1789632000,0.725,0.0027397260273972603,1.0,76325.21099349088,75576.90874249605,0.31936071992089976,-0.0098525064106366,0.0364,1.0,0.949999988079071,1.0,False,76358.48615773817,1.0,217.85509976069153,-10128.141454972467,-217.8333750203232,9910.286355211776,1298.428949781343
pm2,short,1789632000,0.75,0.0027397260273972603,1.0,76325.21099349088,75468.66896595397,0.32373525741711556,-0.011285713482460718,0.0364,1.0,0.949999988079071,1.0,False,76358.48615773817,1.0,194.55588767831532,-10019.911205441012,-194.5364863599547,9825.355317762696,1287.3014289604278
pm2,short,1789632000,0.775,0.0027397260273972603,1.0,76325.21099349088,75350.76888502069,0.32870790380965087,-0.012849173824557985,0.0364,1.0,0.949999988079071,1.0,False,76358.48615773817,1.0,172.08657373967006,-9902.026883583363,-172.06941308499879,9729.940309843692,1274.8003160677113
pm2,short,1789632000,0.7999999999999999,0.0027397260273972603,1.0,76325.21099349088,75220.69599096285,0.3343752975353755,-0.014576897288164196,0.0364,1.0,0.949999988079071,1.0,False,76358.48615773817,1.0,150.37937077193908,-9771.980862285847,-150.36437478244716,9621.601491513908,1260.6059474024187
pm2,short,1789632000,0.825,0.0027397260273972603,1.0,76325.21099349088,75074.97008934637,0.34087747340696534,-0.016516087566239106,0.0364,1.0,0.949999988079071,1.0,False,76358.48615773817,1.0,129.37770376232297,-9626.302471610441,-129.36480208122035,9496.924767848119,1244.2710140241904
pm2,short,1789632000,0.85,0.0027397260273972603,1.0,76325.21099349088,74908.53658534294,0.3484231046929202,-0.01873544589227616,0.0364,1.0,0.949999988079071,1.0,False,76358.48615773817,1.0,109.03537691497397,-9459.956786180494,-109.02450379216415,9350.92140926552,1225.1419010244176
pm2,short,1789632000,0.875,0.0027397260273972603,1.0,76325.21099349088,74713.6044406941,0.3573375854917064,-0.02134110642942385,0.0364,1.0,0.949999988079071,1.0,False,76358.48615773817,1.0,89.31633045500176,-9265.196495266828,-89.307423736307,9175.880164811826,1202.2082933507197
pm2,short,1789632000,0.9,0.0027397260273972603,1.0,76325.21099349088,74477.1755841485,0.3681643413380269,-0.02451059252019236,0.0364,1.0,0.949999988079071,1.0,False,76358.48615773817,1.0,70.19529633560869,-9029.130979666556,-70.18829638660753,8958.935683330947,1173.7845944631556
pm2,short,1789632000,0.9249999999999999,0.0027397260273972603,1.0,76325.21099349088,74174.96248670519,0.3819112203434544,-0.0285766423253831,0.0364,1.0,0.949999988079071,1.0,False,76358.48615773817,1.0,51.66016334513599,-8727.77805393536,-51.655011739149764,8676.117890590225,1136.7302857937905
pm2,short,1789632000,0.95,0.0027397260273972603,1.0,76325.21099349088,73752.60534918154,0.40079919260286373,-0.03428698036513498,0.0364,1.0,0.949999988079071,1.0,False,76358.48615773817,1.0,33.71851150479788,-8307.874632357434,-33.71514905926021,8274.156120852636,1084.065934853199
pm2,short,1789632000,0.05,0.00373735760407212,1.3641355254863239,76333.15376547743,79681.69405015306,0.4236149127995776,0.04266181379263893,0.0364,1.0,0.949999988079071,1.0,True,76358.48615773817,1.0,40.90491932321444,-7609.9230658422985,-40.89935500396486,7569.018146519084,991.5767622773451
pm2,short,1789632000,0.075,0.00373735760407212,1.3641355254863239,76333.15376547743,79083.22499169508,0.39880152675876124,0.03512945932494004,0.0364,1.0,0.949999988079071,1.0,True,76358.48615773817,1.0,61.913686090973535,-8166.837317850836,-61.905263937328016,8104.9236317598625,1061.782886196615
pm2,short,1789632000,0.1,0.00373735760407212,1.3641355254863239,76333.15376547743,78666.93447718311,0.3809293476718915,0.029860252025768547,0.0364,1.0,0.949999988079071,1.0,True,76358.48615773817,1.0,83.3514237466226,-8565.26631438039,-83.34008540543418,8481.914890633767,1111.1705035394218
pm2,short,1789632000,0.125,0.00373735760407212,1.3641355254863239,76333.15376547743,78348.7424878463,0.367020240368499,0.02581752751361959,0.0364,1.0,0.949999988079071,1.0,True,76358.48615773817,1.0,105.26978531754928,-8874.572520827873,-105.25546540927473,8769.302735510324,1148.8196547535213
pm2,short,1789632000,0.15,0.00373735760407212,1.3641355254863239,76333.15376547743,78091.60838212563,0.3557187924090918,0.02254192928295224,0.0364,1.0,0.949999988079071,1.0,True,76358.48615773817,1.0,127.7267809253545,-9126.876792471132,-127.70940617931483,8999.150011545777,1178.9307224478584
pm2,short,1789632000,0.175,0.00373735760407212,1.3641355254863239,76333.15376547743,77875.92388078445,0.3462912377872622,0.01978917299653889,0.0364,1.0,0.949999988079071,1.0,True,76358.48615773817,1.0,150.78716098361812,-9339.771768332968,-150.76664932106303,9188.98460734935,1203.7999419729433
pm2,short,1789632000,0.2,0.00373735760407212,1.3641355254863239,76333.15376547743,77690.03986988855,0.33829533073467843,0.017413556844718556,0.0364,1.0,0.949999988079071,1.0,True,76358.48615773817,1.0,174.52297936325903,-9523.970369605246,-174.49923890394982,9349.447390241987,1224.8213166937674
pm2,short,1789632000,0.22499999999999998,0.00373735760407212,1.3641355254863239,76333.15376547743,77526.45528683002,0.3314442585951397,0.015320914519712289,0.0364,1.0,0.949999988079071,1.0,True,76358.48615773817,1.0,199.01424163542336,-9686.499860098906,-198.98716961589082,9487.485618463483,1242.9049699181053
pm2,short,1789632000,0.25,0.00373735760407212,1.3641355254863239,76333.15376547743,77380.03950867837,0.32554181175409613,0.013446601237691695,0.0364,1.0,0.949999988079071,1.0,True,76358.48615773817,1.0,224.34960658206484,-9832.23555241938,-224.31908817856106,9607.885945837315,1258.677975674391
pm2,short,1789632000,0.27499999999999997,0.00373735760407212,1.3641355254863239,76333.15376547743,77247.1116373042,0.3204481570970407,0.011744061365380016,0.0364,1.0,0.949999988079071,1.0,True,76358.48615773817,1.0,250.6271380607873,-9964.713992114803,-250.59304510984873,9714.086854054016,1272.5907911389515
pm2,short,1789632000,0.3,0.00373735760407212,1.3641355254863239,76333.15376547743,77124.92460346254,0.3160603253314908,0.010178408842249567,0.0364,1.0,0.949999988079071,1.0,True,76358.48615773817,1.0,277.95512659168224,-10086.597450382415,-277.91731619906074,9808.642323790733,1284.977999720327
pm2,short,1789632000,0.32499999999999996,0.00373735760407212,1.3641355254863239,76333.15376547743,77011.3577676343,0.31230041613471027,0.008722595917568268,0.0364,1.0,0.949999988079071,1.0,True,76358.48615773817,1.0,306.4530230962367,-10199.95516744412,-306.411336118691,9893.502144347884,1296.0950329321172
pm2,short,1789632000,0.35,0.00373735760407212,1.3641355254863239,76333.15376547743,76904.72439782768,0.30910815025853605,0.007355011309608116,0.0364,1.0,0.949999988079071,1.0,True,76358.48615773817,1.0,336.25255232662073,-10306.441888212696,-336.20681170230466,9970.189335886074,1306.1414135354657
pm2,short,1789632000,0.37499999999999994,0.00373735760407212,1.3641355254863239,76333.15376547743,76803.64591509463,0.3064360238355086,0.006057910786490138,0.0364,1.0,0.949999988079071,1.0,True,76358.48615773817,1.0,367.4990996126208,-10407.415828965064,-367.44910850286504,10039.916729352442,1315.2760280544198
pm2,short,1789632000,0.39999999999999997,0.00373735760407212,1.3641355254863239,76333.15376547743,76706.96660249063,0.30424610531635915,0.00481635280992355,0.0364,1.0,0.949999988079071,1.0,True,76358.48615773817,1.0,400.353490094892,-10504.019483894705,-400.29902978387594,10103.665993799812,1323.6274797241922
pm2,short,1789632000,0.42499999999999993,0.00373735760407212,1.3641355254863239,76333.15376547743,76613.69360889476,0.3025079171632878,0.003617449802782694,0.0364,1.0,0.949999988079071,1.0,True,76358.48615773817,1.0,434.9943041775929,-10597.236964580015,-434.9351316571069,10162.242660402422,1331.3012968944583
pm2,short,1789632000,0.44999999999999996,0.00373735760407212,1.3641355254863239,76333.15376547743,76522.95307848688,0.3011970603655451,0.002449820063228548,0.0364,1.0,0.949999988079071,1.0,True,76358.48615773817,1.0,471.6208984589796,-10687.936257785215,-471.5567436022238,10216.315359326236,1338.385073242799
pm2,short,1789632000,0.475,0.00373735760407212,1.3641355254863239,76333.15376547743,76433.95661688084,0.30029436225572165,0.0013031674435108058,0.0364,1.0,0.949999988079071,1.0,True,76358.48615773817,1.0,510.45733289475294,-10776.901759391269,-510.38789509592516,10266.444426496515,1344.9522153949881
pm2,short,1789632000,0.49999999999999994,0.00373735760407212,1.3641355254863239,76333.15376547743,76345.97427534661,0.29978540258430153,0.00016794057005480771,0.0364,1.0,0.949999988079071,1.0,True,76358.48615773817,1.0,551.7574505823127,-10864.860658552265,-551.6823947051912,10313.103207969953,1351.0647338973404
pm2,short,1789632000,0.525,0.00373735760407212,1.3641355254863239,76333.15376547743,76258.31140029998,0.2996603226753246,-0.0009649619536948984,0.0364,1.0,0.949999988079071,1.0,False,76358.48615773817,1.0,520.9690623694513,-10802.709161762861,-520.8981946541112,10281.74009939341,1346.9560200515975
pm2,short,1789632000,0.5499999999999999,0.00373735760407212,1.3641355254863239,76333.15376547743,76170.2873664759,0.29991385979286717,-0.002104465459010815,0.0364,1.0,0.949999988079071,1.0,False,76358.48615773817,1.0,480.08782203380997,-10714.68745427129,-480.02251541667516,10234.599632237481,1340.7803984729633
pm2,short,1789632000,0.575,0.00373735760407212,1.3641355254863239,76333.15376547743,76081.21454684433,0.3005455799701552,-0.0032595931680835947,0.0364,1.0,0.949999988079071,1.0,False,76358.48615773817,1.0,441.63729781516435,-10625.617810366271,-441.57722164451707,10183.980512551107,1334.1490571501754
pm2,short,1789632000,0.6,0.00373735760407212,1.3641355254863239,76333.15376547743,75990.37594198852,0.30156031135897643,-0.004439760403557903,0.0364,1.0,0.949999988079071,1.0,False,76358.48615773817,1.0,405.3612122417992,-10534.783567310258,-405.3060707275247,10129.422355068458,1327.0016834611135
pm2,short,1789632000,0.625,0.00373735760407212,1.3641355254863239,76333.15376547743,75896.99970836607,0.3029688100078903,-0.005655111880682511,0.0364,1.0,0.949999988079071,1.0,False,76358.48615773817,1.0,371.03741611597013,-10441.413389240884,-370.98694368703406,10070.375973124914,1319.2663313852702
pm2,short,1789632000,0.65,0.00373735760407212,1.3641355254863239,76333.15376547743,75800.22834335401,0.30478872519077366,-0.006916931504247684,0.0364,1.0,0.949999988079071,1.0,False,76358.48615773817,1.0,338.4725305234626,-10344.650552106046,-338.4264879142735,10006.178021582584,1310.8560996084504
pm2,short,1789632000,0.675,0.00373735760407212,1.3641355254863239,76333.15376547743,75699.07938292624,0.30704597875681416,-0.00823816630764639,0.0364,1.0,0.949999988079071,1.0,False,76358.48615773817,1.0,307.4975158850419,-10243.513809965254,-307.45568682455746,9936.016294080213,1301.6645853002726
pm2,short,1789632000,0.7,0.00373735760407212,1.3641355254863239,76333.15376547743,75592.39289440033,0.30977674401477134,-0.009634127380993611,0.0364,1.0,0.949999988079071,1.0,False,76358.48615773817,1.0,277.96398304632095,-10136.845179931926,-277.92617144892546,9858.881196885606,1291.5595269619794
pm2,short,1789632000,0.725,0.00373735760407212,1.3641355254863239,76333.15376547743,75478.75831020258,0.31303032527636854,-0.011123467454152543,0.0364,1.0,0.949999988079071,1.0,False,76358.48615773817,1.0,249.74110667134713,-10023.237297579413,-249.70713424777068,9773.496190908067,1280.3736920048816
pm2,short,1789632000,0.75,0.00373735760407212,1.3641355254863239,76333.15376547743,75356.40827056662,0.31687343929531914,-0.012729600406438954,0.0364,1.0,0.949999988079071,1.0,False,76358.48615773817,1.0,222.7130333094729,-9900.92822323764,-222.68273752995412,9678.215189928167,1267.891435438798
pm2,short,1789632000,0.775,0.00373735760407212,1.3641355254863239,76333.15376547743,75223.05809632574,0.32139676549759144,-0.014482849699190007,0.0364,1.0,0.949999988079071,1.0,False,76358.48615773817,1.0,196.7767003797839,-9767.642766599765,-196.74993273425622,9570.866066219982,1253.8281983769573
pm2,short,1789632000,0.7999999999999999,0.00373735760407212,1.3641355254863239,76333.15376547743,75075.65185619691,0.32672533852268126,-0.016423850519533226,0.0364,1.0,0.949999988079071,1.0,False,76358.48615773817,1.0,171.84000141101868,-9620.342282396781,-171.81662591869386,9448.502280985762,1237.797970461815
pm2,short,1789632000,0.825,0.00373735760407212,1.3641355254863239,76333.15376547743,74909.93929271461,0.3330358125033594,-0.018609225297937692,0.0364,1.0,0.949999988079071,1.0,False,76358.48615773817,1.0,147.82024999319876,-9454.809534914804,-147.80014192121843,9306.989284921605,1219.259106405584
pm2,short,1789632000,0.85,0.00373735760407212,1.3641355254863239,76333.15376547743,74719.72541720443,0.34058686802376953,-0.021121665748693962,0.0364,1.0,0.949999988079071,1.0,False,76358.48615773817,1.0,124.64291331280683,-9264.916402836205,-124.62595806700232,9140.273489523397,1197.4185578137601
pm2,short,1789632000,0.875,0.00373735760407212,1.3641355254863239,76333.15376547743,74495.43022786436,0.3497769874804172,-0.024089319128405888,0.0364,1.0,0.949999988079071,1.0,False,76358.48615773817,1.0,102.24061171623102,-9041.228703272584,-102.22670386815987,8938.988091556352,1171.0492296728758
pm2,short,1789632000,0.9,0.00373735760407212,1.3641355254863239,76333.15376547743,74221.02019129042,0.361265989870104,-0.02772718228524197,0.0364,1.0,0.949999988079071,1.0,False,76358.48615773817,1.0,80.55242806758369,-8768.063943078607,-80.5414704753619,8687.511515011023,1138.1046224949837
pm2,short,1789632000,0.9249999999999999,0.00373735760407212,1.3641355254863239,76333.15376547743,73866.43697323828,0.37627028157456316,-0.03243952134816031,0.0364,1.0,0.949999988079071,1.0,False,76358.48615773817,1.0,59.52368530933737,-8416.337104027078,-59.515588268848816,8356.81341871774,1094.7816258703053
pm2,short,1789632000,0.95,0.00373735760407212,1.3641355254863239,76333.15376547743,73364.15801601268,0.3974592479559269,-0.03913812375198256,0.0364,1.0,0.949999988079071,1.0,False,76358.48615773817,1.0,39.106713331444325,-7921.904889378847,-39.10139362316485,7882.798176047402,1032.6834130640218
pm2,short,1789632000,0.05,0.00509826227916123,1.8608657318938489,76343.98878291513,80083.1839345829,0.40360120439081887,0.04769099600218619,0.0364,1.0,0.949999988079071,1.0,True,76358.48615773817,1.0,45.475404636182745,-7274.323877433337,-45.4669662417986,7228.848472797154,946.878541197586
pm2,short,1789632000,0.075,0.00509826227916123,1.8608657318938489,76343.98878291513,79440.8169010517,0.38321190504947455,0.03964161391702394,0.0364,1.0,0.949999988079071,1.0,True,76358.48615773817,1.0,69.41445278855285,-7855.337733639372,-69.40157227575106,7785.9232808508195,1019.8475878684003
pm2,short,1789632000,0.1,0.00509826227916123,1.8608657318938489,76343.98878291513,78990.091119281,0.36857702096422923,0.0339565516674577,0.0364,1.0,0.949999988079071,1.0,True,76358.48615773817,1.0,94.0903969840808,-8277.18469575073,-94.07293761475988,8183.0942987666485,1071.871463519591
pm2,short,1789632000,0.125,0.00509826227916123,1.8608657318938489,76343.98878291513,78642.65345284849,0.35720238338410404,0.02955373159085783,0.0364,1.0,0.949999988079071,1.0,True,76358.48615773817,1.0,119.52197780195348,-8608.951008201777,-119.49979936055384,8489.429030399824,1111.9970498973532
pm2,short,1789632000,0.15,0.00509826227916123,1.8608657318938489,76343.98878291513,78359.5465168658,0.3479547165715324,0.025953199610132382,0.0364,1.0,0.949999988079071,1.0,True,76358.48615773817,1.0,145.7443051558419,-8882.790660011626,-145.7172609117804,8737.046354855784,1144.431473144488
pm2,short,1789632000,0.175,0.00509826227916123,1.8608657318938489,76343.98878291513,78120.13755652837,0.34022096987948364,0.02289959203340215,0.0364,1.0,0.949999988079071,1.0,True,76358.48615773817,1.0,172.80401080046116,-9116.389483714134,-172.7719453702211,8943.585472913674,1171.4852230664612
pm2,short,1789632000,0.2,0.00509826227916123,1.8608657318938489,76343.98878291513,77912.16886696832,0.3336317436699065,0.02024061341727842,0.0364,1.0,0.949999988079071,1.0,True,76358.48615773817,1.0,200.75752317207096,-9320.556012052584,-200.72027070128678,9119.798488880513,1194.5666756832354
pm2,short,1789632000,0.22499999999999998,0.00509826227916123,1.8608657318938489,76343.98878291513,77727.75224277905,0.3279475518854738,0.017877918102993835,0.0364,1.0,0.949999988079071,1.0,True,76358.48615773817,1.0,229.67061746844604,-9502.400775850982,-229.62799989753958,9272.730158382536,1214.5985959352522
pm2,short,1789632000,0.25,0.00509826227916123,1.8608657318938489,76343.98878291513,77561.49937796332,0.32300479588115166,0.01574410884803411,0.0364,1.0,0.949999988079071,1.0,True,76358.48615773817,1.0,259.6186271268037,-9666.867132354326,-259.57045241737455,9407.248505227522,1232.2186271897745
pm2,short,1789632000,0.27499999999999997,0.00509826227916123,1.8608657318938489,76343.98878291513,77409.5526805477,0.31868734839668367,0.013790779800987927,0.0364,1.0,0.949999988079071,1.0,True,76358.48615773817,1.0,290.68708259429997,-9817.545258445554,-290.63314283693495,9526.858175851254,1247.8858293533715
pm2,short,1789632000,0.3,0.00509826227916123,1.8608657318938489,76343.98878291513,77269.04152612579,0.31491042888568865,0.011981791922711985,0.0364,1.0,0.949999988079071,1.0,True,76358.48615773817,1.0,322.97269081090656,-9957.13866287851,-322.9127601513195,9634.165972067603,1261.9416571830493
pm2,short,1789632000,0.32499999999999996,0.00509826227916123,1.8608657318938489,76343.98878291513,77137.75759139674,0.31161090564020866,0.010289249240242396,0.0364,1.0,0.949999988079071,1.0,True,76358.48615773817,1.0,356.58463944290094,-10087.747858491857,-356.51847176598096,9731.163219048956,1274.6469465617802
pm2,short,1789632000,0.35,0.00509826227916123,1.8608657318938489,76343.98878291513,77013.95084152462,0.30874119626996777,0.008690965612297603,0.0364,1.0,0.949999988079071,1.0,True,76358.48615773817,1.0,391.64625230614115,-10211.051464007218,-391.5735786128896,9819.405211701076,1286.2054194761358
pm2,short,1789632000,0.37499999999999994,0.00509826227916123,1.8608657318938489,76343.98878291513,76896.19560982451,0.30626530108215255,0.007168798869932918,0.0364,1.0,0.949999988079071,1.0,True,76358.48615773817,1.0,428.2970546810094,-10328.42676694244,-428.2175800821483,9900.12971226143,1296.7792055524562
pm2,short,1789632000,0.39999999999999997,0.00509826227916123,1.8608657318938489,76343.98878291513,76783.29915956329,0.3041561649063614,0.005707511263934803,0.0364,1.0,0.949999988079071,1.0,True,76358.48615773817,1.0,466.69533738722544,-10441.033094433911,-466.60873762112817,9974.337757046686,1306.4994266161298
pm2,short,1789632000,0.42499999999999993,0.00509826227916123,1.8608657318938489,76343.98878291513,76674.23684167535,0.3023939044414425,0.0042939594683230236,0.0364,1.0,0.949999988079071,1.0,True,76358.48615773817,1.0,507.0213413629623,-10549.871635177731,-506.9272587225914,10042.850293814769,1315.4736153977638
pm2,short,1789632000,0.44999999999999996,0.00509826227916123,1.8608657318938489,76343.98878291513,76568.10426805436,0.30096462459238227,0.002916495128721514,0.0364,1.0,0.949999988079071,1.0,True,76358.48615773817,1.0,549.4812243971846,-10655.830060772523,-549.3792629209266,10106.348836375339,1323.791040721338
pm2,short,1789632000,0.475,0.00509826227916123,1.8608657318938489,76343.98878291513,76464.08045313114,0.2998596544024349,0.001564500561954346,0.0364,1.0,0.949999988079071,1.0,True,76358.48615773817,1.0,594.3120238395836,-10759.717291624886,-594.2017435813157,10165.405267785301,1331.5266113080272
pm2,short,1789632000,0.49999999999999994,0.00509826227916123,1.8608657318938489,76343.98878291513,76361.39791202865,0.29907509833767115,0.00022800936582182847,0.0364,1.0,0.949999988079071,1.0,True,76358.48615773817,1.0,641.7879007467658,-10862.292006084206,-641.6688108871562,10220.50410533744,1338.7437921798328
pm2,short,1789632000,0.525,0.00509826227916123,1.8608657318938489,76343.98878291513,76259.31688406337,0.29861164117923966,-0.0011026237360003996,0.0364,1.0,0.949999988079071,1.0,False,76358.48615773817,1.0,607.5561534586502,-10794.47318106161,-607.4434156259242,10186.91702760296,1334.3443524505326
pm2,short,1789632000,0.5499999999999999,0.00509826227916123,1.8608657318938489,76343.98878291513,76157.10150740166,0.29847457524281185,-0.002437031456922164,0.0364,1.0,0.949999988079071,1.0,False,76358.48615773817,1.0,559.1195502674084,-10692.269992580159,-559.0158003079235,10133.15044231275,1327.3016780831902
pm2,short,1789632000,0.575,0.00509826227916123,1.8608657318938489,76343.98878291513,76053.9960725924,0.29867404343558784,-0.0037851450280995363,0.0364,1.0,0.949999988079071,1.0,False,76358.48615773817,1.0,513.5740714650153,-10589.180519777132,-513.4787729031267,10075.606448312117,1319.7642157475163
pm2,short,1789632000,0.6,0.00509826227916123,1.8608657318938489,76343.98878291513,75949.19950208567,0.29922551525792723,-0.005157532029787591,0.0364,1.0,0.949999988079071,1.0,False,76358.48615773817,1.0,470.64649423022,-10484.405024700975,-470.5591612893128,10013.758530470754,1311.6629992893054
pm2,short,1789632000,0.625,0.00509826227916123,1.8608657318938489,76343.98878291513,75841.8359436819,0.30015053935761254,-0.006565789017757922,0.0364,1.0,0.949999988079071,1.0,False,76358.48615773817,1.0,430.09676774609835,-10377.069614126249,-430.0169591933249,9946.972846380151,1302.915004174653
pm2,short,1789632000,0.65,0.00509826227916123,1.8608657318938489,76343.98878291513,75730.91876453624,0.30147785064304766,-0.008023025410994086,0.0364,1.0,0.949999988079071,1.0,False,76358.48615773817,1.0,391.71254194778743,-10266.190572620459,-391.6398559538273,9874.478030672672,1293.419192276008
pm2,short,1789632000,0.675,0.00509826227916123,1.8608657318938489,76343.98878291513,75615.30413345771,0.3032449597373765,-0.009544490303618255,0.0364,1.0,0.949999988079071,1.0,False,76358.48615773817,1.0,355.3046826432824,-10150.62850489262,-355.2387524745344,9795.323822249338,1283.0510926148274
pm2,short,1789632000,0.7,0.00509826227916123,1.8608657318938489,76343.98878291513,75493.6284732376,0.3055004303419613,-0.011148420113474751,0.0364,1.0,0.949999988079071,1.0,False,76358.48615773817,1.0,320.703551110971,-10029.026738058532,-320.6440415118644,9708.32318694756,1271.6552202365626
pm2,short,1789632000,0.725,0.00509826227916123,1.8608657318938489,76343.98878291513,75364.22075149663,0.30830717885613584,-0.012857230565121811,0.0364,1.0,0.949999988079071,1.0,False,76358.48615773817,1.0,287.75587872537864,-9899.725272569905,-287.70248288079654,9611.969393844527,1259.0342143605117
pm2,short,1789632000,0.75,0.00509826227916123,1.8608657318938489,76343.98878291513,75224.97466862595,0.3117473546797466,-0.014699257854222837,0.0364,1.0,0.949999988079071,1.0,False,76358.48615773817,1.0,256.32210410421675,-9760.635971278642,-256.27454109602047,9504.313867174425,1244.932838680991
pm2,short,1789632000,0.775,0.00509826227916123,1.8608657318938489,76343.98878291513,75073.1548332443,0.31592976937915696,-0.01671140499690549,0.0364,1.0,0.949999988079071,1.0,False,76358.48615773817,1.0,226.27406569354994,-9609.054375978554,-226.23207838514756,9382.780310285005,1229.0136341926059
pm2,short,1789632000,0.7999999999999999,0.00509826227916123,1.8608657318938489,76343.98878291513,74905.08959644819,0.32100163431952294,-0.018943345036355485,0.0364,1.0,0.949999988079071,1.0,False,76358.48615773817,1.0,197.49295858994617,-9441.363639218236,-197.4563118902123,9243.87068062829,1210.818406006179
pm2,short,1789632000,0.825,0.00509826227916123,1.8608657318938489,76343.98878291513,74715.65867383037,0.32716799589302786,-0.021464548837483593,0.0364,1.0,0.949999988079071,1.0,False,76358.48615773817,1.0,169.86747055864313,-9252.545198694286,-169.83595003137964,9082.677728135643,1189.7043726602135
pm2,short,1789632000,0.85,0.00509826227916123,1.8608657318938489,76343.98878291513,74497.38356633745,0.3347258833931255,-0.024376793026454364,0.0364,1.0,0.949999988079071,1.0,False,76358.48615773817,1.0,143.29200497144518,-9035.32038573423,-143.26541577505003,8892.028380762786,1164.7319615493702
pm2,short,1789632000,0.875,0.00509826227916123,1.8608657318938489,76343.98878291513,74238.68054405916,0.3441290779351258,-0.027838253702679935,0.0364,1.0,0.949999988079071,1.0,False,76358.48615773817,1.0,117.66486624265809,-8778.527102385682,-117.64303240597863,8660.862236143024,1134.4524138986594
pm2,short,1789632000,0.9,0.00509826227916123,1.8608657318938489,76343.98878291513,73920.13615713066,0.3561241778328912,-0.03211504665466185,0.0364,1.0,0.949999988079071,1.0,False,76358.48615773817,1.0,92.88619248435383,-8463.729727055093,-92.86895656666394,8370.84353457074,1096.4640003777265
pm2,short,1789632000,0.9249999999999999,0.00509826227916123,1.8608657318938489,76343.98878291513,73505.31111257276,0.37208078665800925,-0.03770901185378659,0.0364,1.0,0.949999988079071,1.0,False,76358.48615773817,1.0,68.85515985663622,-8057.082381819466,-68.84238312596621,7988.227221962829,1046.3465885542646
pm2,short,1789632000,0.95,0.00509826227916123,1.8608657318938489,76343.98878291513,72912.24978822198,0.3949929121050872,-0.04575574078520939,0.0364,1.0,0.949999988079071,1.0,False,76358.48615773817,1.0,45.46510230792842,-7485.137921768416,-45.45666582524475,7439.6728194604875,974.4935964264678
pm2,short,1789632000,0.05,0.006954720693250708,2.5384730530365083,76362.28583014329,80374.38989210004,0.36983381909778645,0.051171694661128385,0.0364,1.0,0.949999988079071,1.0,True,76358.48615773817,1.0,48.644940027014115,-7040.692144486228,-48.632627029662615,6992.047204459214,915.6414227845403
pm2,short,1789632000,0.075,0.006954720693250708,2.5384730530365083,76362.28583014329,79700.36481830715,0.35279088078409654,0.042752075356283906,0.0364,1.0,0.949999988079071,1.0,True,76358.48615773817,1.0,74.59499735516067,-7640.878431833273,-74.57611588461293,7566.283434478112,990.8403542696718
pm2,short,1789632000,0.1,0.006954720693250708,2.5384730530365083,76362.28583014329,79224.54813566558,0.3405291235547853,0.036766111515134044,0.0364,1.0,0.949999988079071,1.0,True,76358.48615773817,1.0,101.46871058606249,-8080.601889695053,-101.44302684672917,7979.133179108991,1044.9049674675014
pm2,short,1789632000,0.125,0.006954720693250708,2.5384730530365083,76362.28583014329,78855.79563691582,0.3309690291895954,0.032102799206243135,0.0364,1.0,0.949999988079071,1.0,True,76358.48615773817,1.0,129.25995182185778,-8429.073284247994,-129.22723356925613,8299.813332426136,1086.8995397659853
pm2,short,1789632000,0.15,0.006954720693250708,2.5384730530365083,76362.28583014329,78553.85770176897,0.32316674132695367,0.028268570388685205,0.0364,1.0,0.949999988079071,1.0,True,76358.48615773817,1.0,157.98766197917232,-8718.618561140114,-157.94767217447952,8560.630899160942,1121.054825179384
pm2,short,1789632000,0.175,0.006954720693250708,2.5384730530365083,76362.28583014329,78297.39083087028,0.3166121445224448,0.025000491128129985,0.0364,1.0,0.949999988079071,1.0,True,76358.48615773817,1.0,187.68688782397444,-8967.07107402818,-187.63938055735775,8779.384186204205,1149.7015955929683
pm2,short,1789632000,0.2,0.006954720693250708,2.5384730530365083,76362.28583014329,78073.70241893273,0.310998158479879,0.022141602425409024,0.0364,1.0,0.949999988079071,1.0,True,76358.48615773817,1.0,218.40526064500966,-9185.358131564253,-218.34997795019743,8966.952870919244,1174.2645958588664
pm2,short,1789632000,0.22499999999999998,0.006954720693250708,2.5384730530365083,76362.28583014329,77874.61806044227,0.3061259500407495,0.01959048102800161,0.0364,1.0,0.949999988079071,1.0,True,76358.48615773817,1.0,250.20165944741848,-9380.685282786972,-250.13832845469742,9130.483623339553,1195.6797159855817
pm2,short,1789632000,0.25,0.006954720693250708,2.5384730530365083,76362.28583014329,77694.55086353057,0.3018599546730865,0.017277596976484177,0.0364,1.0,0.949999988079071,1.0,True,76358.48615773817,1.0,283.145972641736,-9558.072451980486,-283.074302791255,9274.92647933875,1214.5951864208812
pm2,short,1789632000,0.27499999999999997,0.006954720693250708,2.5384730530365083,76362.28583014329,77529.49971622892,0.29810425027055104,0.015153011510910336,0.0364,1.0,0.949999988079071,1.0,True,76358.48615773817,1.0,317.31953427961304,-9721.172230831933,-317.2392144242689,9403.85269655232,1231.4786801261832
pm2,short,1789632000,0.3,0.006954720693250708,2.5384730530365083,76362.28583014329,77376.48674899797,0.2947891737160652,0.013179450884523464,0.0364,1.0,0.949999988079071,1.0,True,76358.48615773817,1.0,352.8160625266667,-9872.739728848623,-352.7267577974188,9519.923666321956,1246.678718798129
pm2,short,1789632000,0.32499999999999996,0.006954720693250708,2.5384730530365083,76362.28583014329,77233.22107188776,0.2918632897725492,0.011328156204900778,0.0364,1.0,0.949999988079071,1.0,True,76358.48615773817,1.0,389.7430425892697,-10014.918870068128,-389.6443909104675,9625.175827478859,1260.4619836667346
pm2,short,1789632000,0.35,0.006954720693250708,2.5384730530365083,76362.28583014329,77097.88716961279,0.2892883540262438,0.009576265612560982,0.0364,1.0,0.949999988079071,1.0,True,76358.48615773817,1.0,428.2235593368252,-10149.425625279508,-428.11516747757196,9721.202065942682,1273.0370706248987
pm2,short,1789632000,0.37499999999999994,0.006954720693250708,2.5384730530365083,76362.28583014329,76969.00572790722,0.2870360484120234,0.007905088221474546,0.0364,1.0,0.949999988079071,1.0,True,76358.48615773817,1.0,468.3986283144214,-10277.670372676026,-468.28006735001577,9809.271744361604,1284.5702086735448
pm2,short,1789632000,0.39999999999999997,0.006954720693250708,2.5384730530365083,76362.28583014329,76845.33836019629,0.2850858196710996,0.0062989191532554474,0.0364,1.0,0.949999988079071,1.0,True,76358.48615773817,1.0,510.43011188541084,-10400.842846836476,-510.3009119205795,9890.412734951065,1295.196002507159
pm2,short,1789632000,0.42499999999999993,0.006954720693250708,2.5384730530365083,76362.28583014329,76725.81981182465,0.2834234368923805,0.004744193374349752,0.0364,1.0,0.949999988079071,1.0,True,76358.48615773817,1.0,554.504347772999,-10519.973400214329,-554.3639917466943,9965.469052441329,1305.0249798189716
pm2,short,1789632000,0.44999999999999996,0.006954720693250708,2.5384730530365083,76362.28583014329,76609.50772979115,0.2820400409018457,0.0032288559237721574,0.0364,1.0,0.949999988079071,1.0,True,76358.48615773817,1.0,600.8366662903984,-10635.978989315588,-600.6845826372207,10035.14232302519,1314.149021854439
pm2,short,1789632000,0.475,0.006954720693250708,2.5384730530365083,76362.28583014329,76495.54372809417,0.28093154875431653,0.0017418708214363664,0.0364,1.0,0.949999988079071,1.0,True,76358.48615773817,1.0,649.6770362869839,-10749.699290277598,-649.512590169462,10100.022253990614,1322.6453535527514
pm2,short,1789632000,0.49999999999999994,0.006954720693250708,2.5384730530365083,76362.28583014329,76383.12156897546,0.28009833189682765,0.00027281656864433333,0.0364,1.0,0.949999988079071,1.0,True,76358.48615773817,1.0,701.3171662507133,-10861.92660821205,-701.1396489941837,10160.609441961336,1330.579530393069
pm2,short,1789632000,0.525,0.006954720693250708,2.5384730530365083,76362.28583014329,76271.45948218247,0.2795451228466282,-0.0011884691940453574,0.0364,1.0,0.949999988079071,1.0,False,76358.48615773817,1.0,665.2731594695106,-10790.97449745071,-665.1047656645296,10125.7013379812,1326.0081502149292
pm2,short,1789632000,0.5499999999999999,0.006954720693250708,2.5384730530365083,76362.28583014329,76159.77430020738,0.27928113148528044,-0.0026522254466653026,0.0364,1.0,0.949999988079071,1.0,False,76358.48615773817,1.0,611.9172473955269,-10679.312973230746,-611.7623590279661,10067.395725835218,1318.3727564453302
pm2,short,1789632000,0.575,0.006954720693250708,2.5384730530365083,76362.28583014329,76047.25536961191,0.2793203739207486,-0.004129110401062946,0.0364,1.0,0.949999988079071,1.0,False,76358.48615773817,1.0,561.7564105410166,-10566.824569871305,-561.6142188740808,10005.068159330289,1310.2106688614713
pm2,short,1789632000,0.6,0.006954720693250708,2.5384730530365083,76362.28583014329,75933.03617830899,0.27968223846323415,-0.00563057816282582,0.0364,1.0,0.949999988079071,1.0,False,76358.48615773817,1.0,514.5027455648545,-10452.64518002514,-514.3725147358505,9938.142434460286,1301.4464308423437
pm2,short,1789632000,0.625,0.006954720693250708,2.5384730530365083,76362.28583014329,75816.1613132388,0.28039233856739404,-0.007169321458828763,0.0364,1.0,0.949999988079071,1.0,False,76358.48615773817,1.0,469.9021186920834,-10335.82288572399,-469.78317716452153,9865.920767031907,1291.9886642703705
pm2,short,1789632000,0.65,0.006954720693250708,2.5384730530365083,76362.28583014329,75695.5456546585,0.2814837365697623,-0.008759822451048699,0.0364,1.0,0.949999988079071,1.0,False,76358.48615773817,1.0,427.7284018590067,-10215.277746822536,-427.62013533392025,9787.549344963529,1281.7255584431427
pm2,short,1789632000,0.675,0.006954720693250708,2.5384730530365083,76362.28583014329,75569.92144132582,0.2829986722094428,-0.010419071407773163,0.0364,1.0,0.949999988079071,1.0,False,76358.48615773817,1.0,387.7787110657195,-10089.749846413797,-387.6805565981315,9701.971135348078,1270.5186899366386
pm2,short,1789632000,0.7,0.006954720693250708,2.5384730530365083,76362.28583014329,75437.76664926058,0.28499100904629227,-0.012167543479256485,0.0364,1.0,0.949999988079071,1.0,False,76358.48615773817,1.0,349.8694046650405,-9957.729330820797,-349.78084579324184,9607.859926155757,1258.194385056392
pm2,short,1789632000,0.725,0.006954720693250708,2.5384730530365083,76362.28583014329,75297.204328512,0.2875297433582808,-0.014030576623581243,0.0364,1.0,0.949999988079071,1.0,False,76358.48615773817,1.0,313.83265324571823,-9817.358647379526,-313.7532159889966,9503.525994133808,1244.5313666058935
pm2,short,1789632000,0.75,0.006954720693250708,2.5384730530365083,76362.28583014329,75145.8557778724,0.29070414912449205,-0.01604038785521596,0.0364,1.0,0.949999988079071,1.0,False,76358.48615773817,1.0,279.5134299318006,-9666.290959175947,-279.4426795497805,9386.777529244147,1229.2426067658134
pm2,short,1789632000,0.775,0.006954720693250708,2.5384730530365083,76362.28583014329,74980.61789432303,0.2946315516786043,-0.018239139819308813,0.0364,1.0,0.949999988079071,1.0,False,76358.48615773817,1.0,246.76679395474858,-9501.477331125818,-246.70433239448275,9254.71053717107,1211.9478138405673
pm2,short,1789632000,0.7999999999999999,0.006954720693250708,2.5384730530365083,76362.28583014329,74797.31055103996,0.2994695321081731,-0.020683811659346508,0.0364,1.0,0.949999988079071,1.0,False,76358.48615773817,1.0,215.45535233569544,-9318.8334176138,-215.4008163210681,9103.378065278104,1192.1301158437338
pm2,short,1789632000,0.825,0.006954720693250708,2.5384730530365083,76362.28583014329,74590.0889567384,0.30543603165232647,-0.023454340814164133,0.0364,1.0,0.949999988079071,1.0,False,76358.48615773817,1.0,185.44678196345313,-9112.691790893447,-185.3998417119809,8927.245008929993,1169.0646648251652
pm2,short,1789632000,0.85,0.006954720693250708,2.5384730530365083,76362.28583014329,74350.40155179812,0.3128445354923268,-0.026668108430397085,0.0364,1.0,0.949999988079071,1.0,False,76358.48615773817,1.0,156.61126779718114,-8874.848093078523,-156.57162638513694,8718.236825281341,1141.6940614734585
pm2,short,1789632000,0.875,0.006954720693250708,2.5384730530365083,76362.28583014329,74064.99036368418,0.32217061395430413,-0.030507835465635215,0.0364,1.0,0.949999988079071,1.0,False,76358.48615773817,1.0,128.81863555065635,-8592.772856102549,-128.78602900395063,8463.954220551892,1108.3945600291115
pm2,short,1789632000,0.9,0.006954720693250708,2.5384730530365083,76362.28583014329,73711.63127414482,0.33419142630247617,-0.03528125640527014,0.0364,1.0,0.949999988079071,1.0,False,76358.48615773817,1.0,101.93475186820321,-8245.916368510401,-101.9089501646214,8143.981616642198,1066.492644648864
pm2,short,1789632000,0.9249999999999999,0.006954720693250708,2.5384730530365083,76362.28583014329,73248.62272972235,0.35032373774016007,-0.04156911078255473,0.0364,1.0,0.949999988079071,1.0,False,76358.48615773817,1.0,75.81618053133535,-7796.954409060646,-75.796989955158,7721.13822852931,1011.1193168973294
pm2,short,1789632000,0.95,0.006954720693250708,2.5384730530365083,76362.28583014329,72582.23766983207,0.3736476255719141,-0.05068637958404564,0.0364,1.0,0.949999988079071,1.0,False,76358.48615773817,1.0,50.30010445280616,-7166.190799361676,-50.28737250057515,7115.89069490887,931.8593095467473
pm2,short,1789632000,0.05,0.009487181567498164,3.46282127213683,76380.43375055402,80904.85065644201,0.3554526267052141,0.05735688688324714,0.0364,1.0,0.949999988079071,1.0,True,76358.48615773817,1.0,54.5427199805575,-6645.639210783976,-54.523887809175164,6591.096490803418,862.9299634941665
pm2,short,1789632000,0.075,0.009487181567498164,3.46282127213683,76380.43375055402,80160.0172795243,0.34053924210251807,0.04813069440356136,0.0364,1.0,0.949999988079071,1.0,True,76358.48615773817,1.0,83.99478844380228,-7278.531929219049,-83.96578724522126,7194.537140775246,941.934575060339
pm2,short,1789632000,0.1,0.009487181567498164,3.46282127213683,76380.43375055402,79631.66168057735,0.32981314066699446,0.04153493088338602,0.0364,1.0,0.949999988079071,1.0,True,76358.48615773817,1.0,114.63373494190999,-7748.906837497763,-114.59415491824855,7634.273102555853,999.5063824183218
pm2,short,1789632000,0.125,0.009487181567498164,3.46282127213683,76380.43375055402,79220.41960378324,0.3214501646712798,0.036371600592924595,0.0364,1.0,0.949999988079071,1.0,True,76358.48615773817,1.0,146.43117851448025,-8125.853686981591,-146.3806196670594,7979.422508467111,1044.6945790497339
pm2,short,1789632000,0.15,0.009487181567498164,3.46282127213683,76380.43375055402,78882.35855377105,0.3146233084046363,0.03210762455676826,0.0364,1.0,0.949999988079071,1.0,True,76358.48615773817,1.0,179.39453345331617,-8441.950174483962,-179.33259322349102,8262.555641030645,1081.7633830170168
pm2,short,1789632000,0.175,0.009487181567498164,3.46282127213683,76380.43375055402,78594.15732709842,0.30888606002862234,0.028458626681573312,0.0364,1.0,0.949999988079071,1.0,True,76358.48615773817,1.0,213.55329250844608,-8715.310130699247,-213.47955815451726,8501.7568381908,1113.080460626362
pm2,short,1789632000,0.2,0.009487181567498164,3.46282127213683,76380.43375055402,78341.93368715359,0.3039698928853324,0.025254636223526257,0.0364,1.0,0.949999988079071,1.0,True,76358.48615773817,1.0,248.95344614531146,-8957.109102156084,-248.86748904623929,8708.155656010773,1140.1029332263524
pm2,short,1789632000,0.22499999999999998,0.009487181567498164,3.46282127213683,76380.43375055402,78116.73885627177,0.2997011208380132,0.02238569430063881,0.0364,1.0,0.949999988079071,1.0,True,76358.48615773817,1.0,285.6551300819445,-9174.762171250406,-285.5565008534423,8889.107041168461,1163.7937367832747
pm2,short,1789632000,0.25,0.009487181567498164,3.46282127213683,76380.43375055402,77912.45128622917,0.29596146935106704,0.019776335261739296,0.0364,1.0,0.949999988079071,1.0,True,76358.48615773817,1.0,323.7318599861825,-9373.464995741715,-323.62008386091986,9049.733135755532,1184.8234804885342
pm2,short,1789632000,0.27499999999999997,0.009487181567498164,3.46282127213683,76380.43375055402,77724.68317985458,0.2926673768760847,0.01737229750077572,0.0364,1.0,0.949999988079071,1.0,True,76358.48615773817,1.0,363.27070453899023,-9557.018572507559,-363.1452766870951,9193.747867968568,1203.6784051258262
pm2,short,1789632000,0.3,0.009487181567498164,3.46282127213683,76380.43375055402,77550.16607847011,0.2897582773801646,0.015133035734300575,0.0364,1.0,0.949999988079071,1.0,True,76358.48615773817,1.0,404.3731225199964,-9728.304864028143,-404.2335030805562,9323.931741508146,1220.7225442000733
pm2,short,1789632000,0.32499999999999996,0.009487181567498164,3.46282127213683,76380.43375055402,77386.38338404975,0.2871895744396291,0.013027230947788784,0.0364,1.0,0.949999988079071,1.0,True,76358.48615773817,1.0,447.1563571910738,-9889.577815260425,-447.0019658221299,9442.421458069352,1236.2356423513845
pm2,short,1789632000,0.35,0.009487181567498164,3.46282127213683,76380.43375055402,77231.33898142216,0.284928239331228,0.011029955939739907,0.0364,1.0,0.949999988079071,1.0,True,76358.48615773817,1.0,491.7553703562475,-10042.650365106001,-491.5855801170888,9550.894994749753,1250.437386352297
pm2,short,1789632000,0.37499999999999994,0.009487181567498164,3.46282127213683,76380.43375055402,77083.40497120647,0.28294996277443213,0.009120804797137923,0.0364,1.0,0.949999988079071,1.0,True,76358.48615773817,1.0,538.3253565491004,-10189.122222537435,-538.1394869143944,9650.796865988334,1263.5168972077659
pm2,short,1789632000,0.39999999999999997,0.009487181567498164,3.46282127213683,76380.43375055402,76941.21736692448,0.2812372739260304,0.007282607428810088,0.0364,1.0,0.949999988079071,1.0,True,76358.48615773817,1.0,587.0449254634697,-10330.418862947547,-586.8422342386426,9743.373937484077,1275.6374190416802
pm2,short,1789632000,0.42499999999999993,0.009487181567498164,3.46282127213683,76380.43375055402,76803.60181943035,0.27977829086032224,0.005500510439798289,0.0364,1.0,0.949999988079071,1.0,True,76358.48615773817,1.0,638.1200889592957,-10467.25877121372,-637.8997628192785,9829.138682254423,1286.8660466572867
pm2,short,1789632000,0.44999999999999996,0.009487181567498164,3.46282127213683,76380.43375055402,76669.51853663239,0.2785659041535762,0.0037612918723427934,0.0364,1.0,0.949999988079071,1.0,True,76358.48615773817,1.0,691.7892454778672,-10600.661151065811,-691.5503887848619,9908.871905587945,1297.3050058800002
pm2,short,1789632000,0.475,0.009487181567498164,3.46282127213683,76380.43375055402,76538.0195414484,0.2775972746625854,0.002052825601524255,0.0364,1.0,0.949999988079071,1.0,True,76358.48615773817,1.0,748.3294269735551,-10731.557880934797,-748.0710484378998,9983.228453961243,1307.040031556358
pm2,short,1789632000,0.49999999999999994,0.009487181567498164,3.46282127213683,76380.43375055402,76408.21369162727,0.27687357530487244,0.0003636388153757249,0.0364,1.0,0.949999988079071,1.0,True,76358.48615773817,1.0,808.0641706936509,-10860.827352820563,-807.7851673167316,10052.763182126911,1316.1437672581944
pm2,short,1789632000,0.525,0.009487181567498164,3.46282127213683,76380.43375055402,76279.23619509749,0.2763999387901253,-0.001317478220688011,0.0364,1.0,0.949999988079071,1.0,False,76358.48615773817,1.0,770.1759576930364,-10783.986865768218,-769.9100361229617,10013.810908075182,1311.0439960027784
pm2,short,1789632000,0.5499999999999999,0.009487181567498164,3.46282127213683,76380.43375055402,76150.22006696754,0.27618559678009347,-0.0030018425220061885,0.0364,1.0,0.949999988079071,1.0,False,76358.48615773817,1.0,708.4931120142605,-10655.105843548745,-708.248487913972,9946.612731534484,1302.2461700097817
pm2,short,1789632000,0.575,0.009487181567498164,3.46282127213683,76380.43375055402,76020.26727654427,0.2762442158596985,-0.004701258031948002,0.0364,1.0,0.949999988079071,1.0,False,76358.48615773817,1.0,650.4327750918119,-10525.305962157096,-650.2081977039878,9874.873187065285,1292.853771859296
pm2,short,1789632000,0.6,0.009487181567498164,3.46282127213683,76380.43375055402,75888.41730143636,0.2765944557478513,-0.00642843479018336,0.0364,1.0,0.949999988079071,1.0,False,76358.48615773817,1.0,595.6772911562605,-10393.63036331678,-595.4716194018241,9797.95307216052,1282.7831148693172
pm2,short,1789632000,0.625,0.009487181567498164,3.46282127213683,76380.43375055402,75753.61043603472,0.2772607990438053,-0.00819748342656014,0.0364,1.0,0.949999988079071,1.0,False,76358.48615773817,1.0,543.946370210343,-10259.024126828597,-543.758559786939,9715.077756618255,1271.9327816788928
pm2,short,1789632000,0.65,0.009487181567498164,3.46282127213683,76380.43375055402,75614.6424055509,0.27827473417710147,-0.010024532178044289,0.0364,1.0,0.949999988079071,1.0,False,76358.48615773817,1.0,494.9907607515771,-10120.289329106476,-494.8198534169283,9625.298568354898,1260.1785687404638
pm2,short,1789632000,0.675,0.009487181567498164,3.46282127213683,76380.43375055402,75470.10541134741,0.2796764212781593,-0.01192853374035158,0.0364,1.0,0.949999988079071,1.0,False,76358.48615773817,1.0,448.5870228065544,-9976.026757464797,-448.432137466265,9527.439734658243,1247.3665396786434
pm2,short,1789632000,0.7,0.009487181567498164,3.46282127213683,76380.43375055402,75318.30828015707,0.28151704666541577,-0.013932363737752914,0.0364,1.0,0.949999988079071,1.0,False,76358.48615773817,1.0,404.5331349645741,-9824.557093971256,-404.3934602769971,9420.023959006681,1233.303281540785
pm2,short,1789632000,0.725,0.009487181567498164,3.46282127213683,76380.43375055402,75157.16414082305,0.2838621979897785,-0.0160643722722588,0.0364,1.0,0.949999988079071,1.0,False,76358.48615773817,1.0,362.6447278797769,-9663.862453622232,-362.5195161612015,9301.217725742456,1217.7487438888745
pm2,short,1789632000,0.75,0.009487181567498164,3.46282127213683,76380.43375055402,74984.02648805735,0.2867968122075387,-0.01836065637068777,0.0364,1.0,0.949999988079071,1.0,False,76358.48615773817,1.0,322.75177704688286,-9491.592933865699,-322.6403393185696,9168.841156818817,1200.4175292801751
pm2,short,1789632000,0.775,0.009487181567498164,3.46282127213683,76380.43375055402,74795.44047164192,0.29043265120550654,-0.02086851866891718,0.0364,1.0,0.949999988079071,1.0,False,76358.48615773817,1.0,284.695613540548,-9304.259850629738,-284.59731560794427,9019.564237089191,1180.87366020277
pm2,short,1789632000,0.7999999999999999,0.009487181567498164,3.46282127213683,76380.43375055402,74586.74889110435,0.2949200377091011,-0.02365196399658377,0.0364,1.0,0.949999988079071,1.0,False,76358.48615773817,1.0,248.32612407672374,-9097.43262138645,-248.24038357549327,8849.106497309725,1158.5567222895666
pm2,short,1789632000,0.825,0.009487181567498164,3.46282127213683,76380.43375055402,74351.43551666889,0.3004671858355259,-0.026800890627842296,0.0364,1.0,0.949999988079071,1.0,False,76358.48615773817,1.0,213.4990086942534,-8864.99415594836,-213.42529308307098,8651.495147254107,1132.6847364481423
pm2,short,1789632000,0.85,0.009487181567498164,3.46282127213683,76380.43375055402,74079.96061606487,0.30737402510059636,-0.030447447346372482,0.0364,1.0,0.949999988079071,1.0,False,76358.48615773817,1.0,180.0729357181068,-8598.145584467702,-180.0107612537532,8418.072648749596,1102.1242267675045
pm2,short,1789632000,0.875,0.009487181567498164,3.46282127213683,76380.43375055402,73757.52697237606,0.3160961588695477,-0.034797540187127426,0.0364,1.0,0.949999988079071,1.0,False,76358.48615773817,1.0,147.90635147144235,-8283.558788137176,-147.85528328547255,8135.652436665733,1065.1487609032754
pm2,short,1789632000,0.9,0.009487181567498164,3.46282127213683,76380.43375055402,73359.32268087883,0.32737893798039047,-0.040198239700859874,0.0364,1.0,0.949999988079071,1.0,False,76358.48615773817,1.0,116.85348571079356,-7899.601472217282,-116.81313926537287,7782.747986506489,1018.9452460984535
pm2,short,1789632000,0.9249999999999999,0.009487181567498164,3.46282127213683,76380.43375055402,72838.78838618715,0.34258232531307475,-0.04730497288976539,0.0364,1.0,0.949999988079071,1.0,False,76358.48615773817,1.0,86.75847970361043,-7407.508401027686,-86.72852427487305,7320.749921324075,958.458804414812
pm2,short,1789632000,0.95,0.009487181567498164,3.46282127213683,76380.43375055402,72091.31293468218,0.36466497377395596,-0.05760267078832611,0.0364,1.0,0.949999988079071,1.0,False,76358.48615773817,1.0,57.444486493119406,-6725.956639399905,-57.424652417852194,6668.512152906786,873.0654992985578
pm2,short,1789632000,0.05,0.012941801412963272,4.723757515731594,76394.23882939116,81819.74066094773,0.362131154295602,0.06851330727816957,0.0364,1.0,0.949999988079071,1.0,True,76358.48615773817,1.0,64.7548513228679,-6060.421845695408,-64.72435368966514,5995.66699437254,784.8323494344218
pm2,short,1789632000,0.075,0.012941801412963272,4.723757515731594,76394.23882939116,80938.26950766437,0.34803528843901027,0.057694889786698046,0.0364,1.0,0.949999988079071,1.0,True,76358.48615773817,1.0,100.02812272210443,-6736.198209380571,-99.98101241403147,6636.170086658466,868.6741550601498
pm2,short,1789632000,0.1,0.012941801412963272,4.723757515731594,76394.23882939116,80312.05082364994,0.3379698121882357,0.04993758703836352,0.0364,1.0,0.949999988079071,1.0,True,76358.48615773817,1.0,136.86813533628455,-7248.731952680915,-136.803674464227,7111.863817344631,930.9424279005294
pm2,short,1789632000,0.125,0.012941801412963272,4.723757515731594,76394.23882939116,79823.76148579839,0.330173502699721,0.0438469781267442,0.0364,1.0,0.949999988079071,1.0,True,76358.48615773817,1.0,175.2308398295705,-7665.861919530447,-175.14831125040027,7490.631079700876,980.5230334750066
pm2,short,1789632000,0.15,0.012941801412963272,4.723757515731594,76394.23882939116,79421.56734731955,0.3238492259972157,0.03880238011113753,0.0364,1.0,0.949999988079071,1.0,True,76358.48615773817,1.0,215.11928215235187,-8020.077377672749,-215.0179672883549,7804.958095520397,1021.6684157232019
pm2,short,1789632000,0.175,0.012941801412963272,4.723757515731594,76394.23882939116,79077.96711134503,0.31856712775129653,0.034472582704276424,0.0364,1.0,0.949999988079071,1.0,True,76358.48615773817,1.0,256.5651002329943,-8329.6721022511,-256.44426560593735,8073.107002018105,1056.7690870050449
pm2,short,1789632000,0.2,0.012941801412963272,4.723757515731594,76394.23882939116,78776.59668558081,0.3140689147084713,0.030659560797181205,0.0364,1.0,0.949999988079071,1.0,True,76358.48615773817,1.0,299.62088043161464,-8606.05572963065,-299.47976779661207,8306.434849199037,1087.311684294615
pm2,short,1789632000,0.22499999999999998,0.012941801412963272,4.723757515731594,76394.23882939116,78506.91060419894,0.31018758778104977,0.02723516373544891,0.0364,1.0,0.949999988079071,1.0,True,76358.48615773817,1.0,344.35680417269083,-8856.872404315785,-344.1946222315014,8512.515600143095,1114.2876387778176
pm2,short,1789632000,0.25,0.012941801412963272,4.723757515731594,76394.23882939116,78261.696808636,0.30680941263610634,0.024111408905062272,0.0364,1.0,0.949999988079071,1.0,True,76358.48615773817,1.0,390.859381644583,-9087.52619909238,-390.67529835518184,8696.666817447796,1138.3930189905795
pm2,short,1789632000,0.27499999999999997,0.012941801412963272,4.723757515731594,76394.23882939116,78035.78691721812,0.3038539699207986,0.021225009913984797,0.0364,1.0,0.949999988079071,1.0,True,76358.48615773817,1.0,439.23139520889816,-9302.003762814647,-439.0245301217913,8862.772367605749,1160.136222758721
pm2,short,1789632000,0.3,0.012941801412963272,4.723757515731594,76394.23882939116,77825.3318159129,0.3012628667877159,0.018528658408441787,0.0364,1.0,0.949999988079071,1.0,True,76358.48615773817,1.0,489.59267405655856,-9503.352024106609,-489.362090286216,9013.75935005005,1179.9004071733987
pm2,short,1789632000,0.32499999999999996,0.012941801412963272,4.723757515731594,76394.23882939116,77627.36857101857,0.2989929687234564,0.015985796089068974,0.0364,1.0,0.949999988079071,1.0,True,76358.48615773817,1.0,542.0815431508199,-9693.972370774713,-541.8262386647316,9151.890827623893,1197.9818069871108
pm2,short,1789632000,0.35,0.012941801412963272,4.723757515731594,76394.23882939116,77439.54788147497,0.2970121569506167,0.013567314716104905,0.0364,1.0,0.949999988079071,1.0,True,76358.48615773817,1.0,596.8569050303188,-9875.810860734897,-596.5758029575287,9278.953955704577,1214.6143607015931
pm2,short,1789632000,0.37499999999999994,0.012941801412963272,4.723757515731594,76394.23882939116,77259.95484727866,0.29529657923727337,0.011249378951823957,0.0364,1.0,0.949999988079071,1.0,True,76358.48615773817,1.0,654.1009858412707,-10050.486541915798,-653.7929234876813,9396.385556074527,1229.9861481778983
pm2,short,1789632000,0.39999999999999997,0.012941801412963272,4.723757515731594,76394.23882939116,77086.98632881226,0.29382882875228206,0.00901193102184164,0.0364,1.0,0.949999988079071,1.0,True,76358.48615773817,1.0,714.0228342049537,-10219.945569960444,-713.6865504206897,9505.92273575549,1244.324556591861
pm2,short,1789632000,0.42499999999999993,0.012941801412963272,4.723757515731594,76394.23882939116,76919.2637596841,0.29259672717282986,0.0068376226555354165,0.0364,1.0,0.949999988079071,1.0,True,76358.48615773817,1.0,776.8627172698149,-10384.923601630853,-776.4968377462392,9608.060884361039,1257.6944324058804
pm2,short,1789632000,0.44999999999999996,0.012941801412963272,4.723757515731594,76394.23882939116,76755.56866033148,0.29159252053945545,0.004711020214306109,0.0364,1.0,0.949999988079071,1.0,True,76358.48615773817,1.0,842.8976220402895,-10546.183054341429,-842.5006420160124,9703.28543230114,1270.159318423367
pm2,short,1789632000,0.475,0.012941801412963272,4.723757515731594,76394.23882939116,76594.79279304671,0.2908123727705384,0.002617985163894665,0.0364,1.0,0.949999988079071,1.0,True,76358.48615773817,1.0,912.4481505800035,-10704.78251970899,-912.0184142994881,9792.334369128987,1281.815817420198
pm2,short,1789632000,0.49999999999999994,0.012941801412963272,4.723757515731594,76394.23882939116,76435.89759593176,0.2902560884922267,0.0005451643052443435,0.0364,1.0,0.949999988079071,1.0,True,76358.48615773817,1.0,985.8872053957055,-10861.720834680238,-985.4228814772821,9875.833629284532,1292.7458641665269
pm2,short,1789632000,0.525,0.012941801412963272,4.723757515731594,76394.23882939116,76277.8790881939,0.28992702757549654,-0.001520457360793155,0.0364,1.0,0.949999988079071,1.0,False,76358.48615773817,1.0,947.2912694299802,-10775.174447139307,-946.8451230638354,9827.883177709327,1286.4691537352219
pm2,short,1789632000,0.5499999999999999,0.012941801412963272,4.723757515731594,76394.23882939116,76119.73529354835,0.2898321961626065,-0.0035919783532264936,0.0364,1.0,0.949999988079071,1.0,False,76358.48615773817,1.0,871.7496911869894,-10617.696315562991,-871.3391226855357,9745.946624376002,1275.7436651919938
pm2,short,1789632000,0.575,0.012941801412963272,4.723757515731594,76394.23882939116,75960.43360518517,0.2899825178049557,-0.0056830102774883835,0.0364,1.0,0.949999988079071,1.0,False,76358.48615773817,1.0,800.4980031869877,-10459.141174887161,-800.1209921379319,9658.643171700174,1264.3156499367074
pm2,short,1789632000,0.6,0.012941801412963272,4.723757515731594,76394.23882939116,75798.87550822571,0.29039330722337564,-0.007808149485930597,0.0364,1.0,0.949999988079071,1.0,False,76358.48615773817,1.0,733.166736027993,-10298.426139746383,-732.821436028228,9565.25940371839,1252.0917218744964
pm2,short,1789632000,0.625,0.012941801412963272,4.723757515731594,76394.23882939116,75633.85568285915,0.2910849916474779,-0.009983531203951384,0.0364,1.0,0.949999988079071,1.0,False,76358.48615773817,1.0,669.4311538649732,-10134.366008918232,-669.1158714525055,9464.93485505326,1238.9592461534958
pm2,short,1789632000,0.65,0.012941801412963272,4.723757515731594,76394.23882939116,75464.01163787689,0.29208415513853425,-0.012227519226955377,0.0364,1.0,0.949999988079071,1.0,False,76358.48615773817,1.0,609.0039588180927,-9965.624579371264,-608.717135839741,9356.62062055317,1224.7809211698561
pm2,short,1789632000,0.675,0.012941801412963272,4.723757515731594,76394.23882939116,75287.75844466423,0.2934250265421006,-0.014561606913410947,0.0364,1.0,0.949999988079071,1.0,False,76358.48615773817,1.0,551.6293236411639,-9790.651868090397,-551.3695224308836,9239.022544449233,1209.3873420327482
pm2,short,1789632000,0.7,0.012941801412963272,4.723757515731594,76394.23882939116,75103.20041114629,0.29515160333658397,-0.017011644090271828,0.0364,1.0,0.949999988079071,1.0,False,76358.48615773817,1.0,497.07794570713185,-9607.744423751454,-496.84383659371457,9110.666478044323,1192.585542790849
pm2,short,1789632000,0.725,0.012941801412963272,4.723757515731594,76394.23882939116,74908.0067948166,0.29732072282759037,-0.019609571948339653,0.0364,1.0,0.949999988079071,1.0,False,76358.48615773817,1.0,445.1428858413931,-9415.205920841725,-444.9332366158192,8970.063035000332,1174.1805628868021
pm2,short,1789632000,0.75,0.012941801412963272,4.723757515731594,76394.23882939116,74699.23020433613,0.3000065998456044,-0.022395968390623147,0.0364,1.0,0.949999988079071,1.0,False,76358.48615773817,1.0,395.63600453278747,-9209.93900643991,-395.4496715942894,8814.303001907123,1153.7915865084838
pm2,short,1789632000,0.775,0.012941801412963272,4.723757515731594,76394.23882939116,74473.03066642719,0.30330772999617317,-0.02542393005966459,0.0364,1.0,0.949999988079071,1.0,False,76358.48615773817,1.0,348.3848405615825,-8988.478237458557,-348.2207615335448,8640.093396896975,1130.9875625821237
pm2,short,1789632000,0.7999999999999999,0.012941801412963272,4.723757515731594,76394.23882939116,74224.2377459711,0.30735779115746703,-0.028765255149534045,0.0364,1.0,0.949999988079071,1.0,False,76358.48615773817,1.0,303.22979535035347,-8746.244114197252,-303.0869830224374,8443.0143188469,1105.1899263899227
pm2,short,1789632000,0.825,0.012941801412963272,4.723757515731594,76394.23882939116,73945.61953635198,0.312343686395348,-0.032520803928945234,0.0364,1.0,0.949999988079071,1.0,False,76358.48615773817,1.0,260.0214895081982,-8476.975424918186,-259.8990270233197,8216.953935409987,1075.5986395467137
pm2,short,1789632000,0.85,0.012941801412963272,4.723757515731594,76394.23882939116,73626.58454888819,0.31853723295775166,-0.03683897139728924,0.0364,1.0,0.949999988079071,1.0,False,76358.48615773817,1.0,218.61813999610484,-8171.756490889897,-218.5151772728273,7953.1383508937915,1041.0651997796958
pm2,short,1789632000,0.875,0.012941801412963272,4.723757515731594,76394.23882939116,73250.6887612503,0.32635524978628977,-0.041951324537775614,0.0364,1.0,0.949999988079071,1.0,False,76358.48615773817,1.0,178.8827489219841,-7817.226368633157,-178.79850040087123,7638.343619711173,999.8585936263654
pm2,short,1789632000,0.9,0.012941801412963272,4.723757515731594,76394.23882939116,72790.32375136572,0.3364857782145144,-0.04824893825896597,0.0364,1.0,0.949999988079071,1.0,False,76358.48615773817,1.0,140.67974556757136,-7391.953360170219,-140.61348953904744,7251.273614602647,949.1911596627971
pm2,short,1789632000,0.9249999999999999,0.012941801412963272,4.723757515731594,76394.23882939116,72193.61406416392,0.3501944596008828,-0.05647189978933025,0.0364,1.0,0.949999988079071,1.0,False,76358.48615773817,1.0,103.8703100117379,-6858.0447361438155,-103.821390146282,6754.174426132077,884.1209140411702
pm2,short,1789632000,0.95,0.012941801412963272,4.723757515731594,76394.23882939116,71343.88687993374,0.3702544026361224,-0.06830038999338263,0.0364,1.0,0.949999988079071,1.0,False,76358.48615773817,1.0,68.30422851983653,-6137.287354340956,-68.27205923420195,6068.98312582112,794.4294254144985
pm2,short,1789632000,0.05,0.017654371071212305,6.443845440992492,76413.07650811745,82928.57027208377,0.3689042598405874,0.08115002759449705,0.0364,1.0,0.949999988079071,1.0,True,76358.48615773817,1.0,76.84276097227063,-5914.166666960769,-76.79339620899421,5837.323905988499,763.9168808192657
pm2,short,1789632000,0.075,0.017654371071212305,6.443845440992492,76413.07650811745,81867.2287613183,0.354653579695107,0.06837693743564816,0.0364,1.0,0.949999988079071,1.0,True,76358.48615773817,1.0,118.72989954130396,-6207.8496227743635,-118.65362594946154,6089.11972323306,796.8688085194693
pm2,short,1789632000,0.1,0.017654371071212305,6.443845440992492,76413.07650811745,81116.0470270312,0.3446025693517829,0.0592340764762986,0.0364,1.0,0.949999988079071,1.0,True,76358.48615773817,1.0,162.54493120223503,-6758.585394141895,-162.44051027888503,6596.040462939661,863.2083361071002
pm2,short,1789632000,0.125,0.017654371071212305,6.443845440992492,76413.07650811745,80531.61571977209,0.33690048696457864,0.05206119868898713,0.0364,1.0,0.949999988079071,1.0,True,76358.48615773817,1.0,208.24456403722112,-7213.182512372485,-208.11078509065882,7004.937948335264,916.719790439418
pm2,short,1789632000,0.15,0.017654371071212305,6.443845440992492,76413.07650811745,80050.8397409342,0.3307126464995215,0.046121089453718664,0.0364,1.0,0.949999988079071,1.0,True,76358.48615773817,1.0,255.83731415203633,-7603.652734100946,-255.6729610197356,7347.81541994891,961.5913605007571
pm2,short,1789632000,0.175,0.017654371071212305,6.443845440992492,76413.07650811745,79640.35644626032,0.32559022517302105,0.041021161085535975,0.0364,1.0,0.949999988079071,1.0,True,76358.48615773817,1.0,305.36349543708485,-7948.248133245625,-305.1673260583761,7642.88463780854,1000.2063765874717
pm2,short,1789632000,0.2,0.017654371071212305,6.443845440992492,76413.07650811745,79280.37215563185,0.3212641348097333,0.0365271198773207,0.0364,1.0,0.949999988079071,1.0,True,76358.48615773817,1.0,356.88691452151596,-8258.472089017045,-356.65764584551823,7901.585174495529,1034.0619087174346
pm2,short,1789632000,0.22499999999999998,0.017654371071212305,6.443845440992492,76413.07650811745,78958.16493105757,0.3175606734687353,0.032487598243597766,0.0364,1.0,0.949999988079071,1.0,True,76358.48615773817,1.0,410.4912249631007,-8542.102078902324,-410.2275201988422,8131.6108539392235,1064.1648295727753
pm2,short,1789632000,0.25,0.017654371071212305,6.443845440992492,76413.07650811745,78665.05562686975,0.3143616400772282,0.028798838216669703,0.0364,1.0,0.949999988079071,1.0,True,76358.48615773817,1.0,466.27856267480877,-8804.68159674517,-465.9790194178961,8338.403034070361,1091.2272368963659
pm2,short,1789632000,0.27499999999999997,0.017654371071212305,6.443845440992492,76413.07650811745,78394.83922933653,0.3115834464229058,0.025386320378349675,0.0364,1.0,0.949999988079071,1.0,True,76358.48615773817,1.0,524.3695114501428,-9050.331074458249,-524.0326498316468,8525.961563008106,1115.772581424906
pm2,short,1789632000,0.3,0.017654371071212305,6.443845440992492,76413.07650811745,78142.90546418123,0.30916531432078276,0.022194424104175884,0.0364,1.0,0.949999988079071,1.0,True,76358.48615773817,1.0,584.903987382125,-9282.222104197737,-584.5282376492413,8697.318116815612,1138.1976114901859
pm2,short,1789632000,0.32499999999999996,0.017654371071212305,6.443845440992492,76413.07650811745,77905.71402249642,0.30706220620470964,0.01918023437946952,0.0364,1.0,0.949999988079071,1.0,True,76358.48615773817,1.0,648.0428719808473,-9502.87137683975,-647.6265610284295,8854.828504858902,1158.810626335434
pm2,short,1789632000,0.35,0.017654371071212305,6.443845440992492,76413.07650811745,77680.4649312625,0.30524039566828876,0.01630963728920419,0.0364,1.0,0.949999988079071,1.0,True,76358.48615773817,1.0,713.9703502603594,-9715.387398550398,-713.5116866604953,9001.417048290039,1177.9943250071615
pm2,short,1789632000,0.37499999999999994,0.017654371071212305,6.443845440992492,76413.07650811745,77464.88222152326,0.30367459594946455,0.013554747495401928,0.0364,1.0,0.949999988079071,1.0,True,76358.48615773817,1.0,782.8969903357056,-9921.608063918582,-782.3940473888578,9138.711073582876,1195.9616719020678
pm2,short,1789632000,0.39999999999999997,0.017654371071212305,6.443845440992492,76413.07650811745,77257.06624687467,0.30234605424379896,0.010892144158895754,0.0364,1.0,0.949999988079071,1.0,True,76358.48615773817,1.0,855.0636646873281,-10121.15943398864,-854.5143609544127,9266.095769301312,1212.6322080903212
pm2,short,1789632000,0.42499999999999993,0.017654371071212305,6.443845440992492,76413.07650811745,77055.38899595228,0.3012412729093903,0.00830161343697822,0.0364,1.0,0.949999988079071,1.0,True,76358.48615773817,1.0,930.74647564599,-10315.482533353352,-930.1485523163001,9384.736057707361,1228.1583842145671
pm2,short,1789632000,0.44999999999999996,0.017654371071212305,6.443845440992492,76413.07650811745,76858.41694867783,0.3003511570654557,0.005765215035693075,0.0364,1.0,0.949999988079071,1.0,True,76358.48615773817,1.0,1010.2629193719386,-10505.863847591796,-1009.6139136711977,9495.600928219857,1242.667009646069
pm2,short,1789632000,0.475,0.017654371071212305,6.443845440992492,76413.07650811745,76664.85173634777,0.29967046790568475,0.0032665571108401667,0.0364,1.0,0.949999988079071,1.0,True,76358.48615773817,1.0,1093.9796135200158,-10693.484548320903,-1093.2768271541333,9599.504934800887,1256.264683150288
pm2,short,1789632000,0.49999999999999994,0.017654371071212305,6.443845440992492,76413.07650811745,76473.48214823993,0.2991975097445613,0.0007902021446039761,0.0364,1.0,0.949999988079071,1.0,True,76358.48615773817,1.0,1182.3220357660778,-10879.461308396585,-1181.5624971087127,9697.139272630508,1269.0418598183742
pm2,short,1789632000,0.525,0.017654371071212305,6.443845440992492,76413.07650811745,76283.14292474506,0.29893401071210923,-0.0016788516007205524,0.0364,1.0,0.949999988079071,1.0,False,76358.48615773817,1.0,1145.8533065172398,-10779.014251446388,-1145.1171958336597,9633.160944929148,1260.6691662134303
pm2,short,1789632000,0.5499999999999999,0.017654371071212305,6.443845440992492,76413.07650811745,76092.67682794337,0.2988851801260789,-0.004155656594188616,0.0364,1.0,0.949999988079071,1.0,False,76358.48615773817,1.0,1054.5582775697271,-10590.823254519402,-1053.8808159695761,9536.264976949675,1247.9886182748612
pm2,short,1789632000,0.575,0.017654371071212305,6.443845440992492,76413.07650811745,75900.89695834764,0.2990599449006659,-0.006655809210349663,0.0364,1.0,0.949999988079071,1.0,False,76358.48615773817,1.0,968.3470976564087,-10401.569598997885,-967.7250192106808,9433.222501341475,1234.503691307256
pm2,short,1789632000,0.6,0.017654371071212305,6.443845440992492,76413.07650811745,75706.54630813676,0.2994713866368767,-0.009195989211037271,0.0364,1.0,0.949999988079071,1.0,False,76358.48615773817,1.0,886.7887715906089,-10210.041953732603,-886.2190872469997,9323.253182141994,1220.1122645744508
pm2,short,1789632000,0.625,0.017654371071212305,6.443845440992492,76413.07650811745,75508.25111068969,0.30013742391111137,-0.011794592124344631,0.0364,1.0,0.949999988079071,1.0,False,76358.48615773817,1.0,809.5060884157494,-10014.92464404325,-808.9860514470865,9205.4185556275,1204.6915235312636
pm2,short,1789632000,0.65,0.017654371071212305,6.443845440992492,76413.07650811745,75304.46355616914,0.3010818153287116,-0.014472515746974028,0.0364,1.0,0.949999988079071,1.0,False,76358.48615773817,1.0,736.1670054437658,-9814.744808859085,-735.6940824313414,9078.577803415319,1188.0921719531725
pm2,short,1789632000,0.675,0.017654371071212305,6.443845440992492,76413.07650811745,75093.38763407338,0.3023356051579934,-0.017254188136380577,0.0364,1.0,0.949999988079071,1.0,False,76358.48615773817,1.0,666.4776407261741,-9607.80474127268,-666.049487044717,8941.327100546505,1170.1304945622308
pm2,short,1789632000,0.7,0.017654371071212305,6.443845440992492,76413.07650811745,74872.87872153684,0.3039392067973377,-0.020168969550405643,0.0364,1.0,0.949999988079071,1.0,False,76358.48615773817,1.0,600.1765073390096,-9392.091227133831,-599.790946345779,8791.914719794822,1150.5772469272124
pm2,short,1789632000,0.725,0.017654371071212305,6.443845440992492,76413.07650811745,74640.30206421932,0.30594544191380485,-0.023253139210390718,0.0364,1.0,0.949999988079071,1.0,False,76358.48615773817,1.0,537.0297075637683,-9165.19477869074,-536.6847128748476,8628.165071126972,1129.1477146860318
pm2,short,1789632000,0.75,0.017654371071212305,6.443845440992492,76413.07650811745,74392.32551980288,0.30842406734934225,-0.026552818021498132,0.0364,1.0,0.949999988079071,1.0,False,76358.48615773817,1.0,476.82686324438305,-8926.614159387378,-476.52054362553383,8449.787296142995,1105.8038338824592
pm2,short,1789632000,0.775,0.017654371071212305,6.443845440992492,76413.07650811745,74124.60376344752,0.31146871479158345,-0.03012843963829462,0.0364,1.0,0.949999988079071,1.0,False,76358.48615773817,1.0,419.37759572364996,-8671.065040188023,-419.1081822421938,8251.687444464373,1079.8789711847012
pm2,short,1789632000,0.7999999999999999,0.017654371071212305,6.443845440992492,76413.07650811745,73831.27562832924,0.3152079287487702,-0.03406189454321421,0.0364,1.0,0.949999988079071,1.0,False,76358.48615773817,1.0,364.50838630002534,-8393.858240013436,-364.27422149398114,8029.349853713411,1050.7821724545333
pm2,short,1789632000,0.825,0.017654371071212305,6.443845440992492,76413.07650811745,73504.1223071028,0.3198235574562732,-0.03846854178942778,0.0364,1.0,0.949999988079071,1.0,False,76358.48615773817,1.0,312.05964245403356,-8088.630449592566,-311.85917138564326,7776.5708071385325,1017.7015718392674
pm2,short,1789632000,0.85,0.017654371071212305,6.443845440992492,76413.07650811745,73131.0678152862,0.32558324967818686,-0.043518699291694336,0.0364,1.0,0.949999988079071,1.0,False,76358.48615773817,1.0,261.88275291129986,-7746.390554556757,-261.7145161125371,7484.507801645457,979.479971710126
pm2,short,1789632000,0.875,0.017654371071212305,6.443845440992492,76413.07650811745,72693.29053605803,0.33290240808776767,-0.04947924481191214,0.0364,1.0,0.949999988079071,1.0,False,76358.48615773817,1.0,213.83679956392677,-7353.777911571979,-213.69942809439448,7139.941112008052,934.3873376501949
pm2,short,1789632000,0.9,0.017654371071212305,6.443845440992492,76413.07650811745,72159.05149494826,0.34247494396945183,-0.056803027408552094,0.0364,1.0,0.949999988079071,1.0,False,76358.48615773817,1.0,167.78430328963907,-6889.570682170581,-167.6765165272702,6721.786378880942,879.6644090317288
pm2,short,1789632000,0.9249999999999999,0.017654371071212305,6.443845440992492,76413.07650811745,71468.43332633816,0.35559194457104054,-0.06635156706360411,0.0364,1.0,0.949999988079071,1.0,False,76358.48615773817,1.0,123.5845797782229,-6316.705355471446,-123.5051874782831,6193.120775693223,810.4791821901479
pm2,short,1789632000,0.95,0.017654371071212305,6.443845440992492,76413.07650811745,70486.03777565676,0.37511222235777186,-0.08009196548163679,0.0364,1.0,0.949999988079071,1.0,False,76358.48615773817,1.0,81.08061499356832,-5719.442385316592,-81.0285277791806,5638.361770323024,737.8791730397159
pm2,short,1789632000,0.05,0.024082954758358747,8.790278486800943,76440.39928249821,84222.52150007697,0.3732416571704374,0.09632633522407501,0.0364,1.0,0.949999988079071,1.0,True,76358.48615773817,1.0,90.53990127749913,-5826.504670409087,-90.46056700788188,5735.964769131589,750.3839361086245
pm2,short,1789632000,0.075,0.024082954758358747,8.790278486800943,76440.39928249821,82947.71830912861,0.3587757441068492,0.0811751495609679,0.0364,1.0,0.949999988079071,1.0,True,76358.48615773817,1.0,139.8664561191605,-5974.897019990183,-139.74390017436298,5835.030563871022,763.343810163353
pm2,short,1789632000,0.1,0.024082954758358747,8.790278486800943,76440.39928249821,82050.42976930192,0.3487440736037138,0.07036560487487503,0.0364,1.0,0.949999988079071,1.0,True,76358.48615773817,1.0,191.54351584421636,-6305.266352749669,-191.3756786285617,6113.722836905453,799.802577471001
pm2,short,1789632000,0.125,0.024082954758358747,8.790278486800943,76440.39928249821,81354.6625336421,0.3411692320429585,0.06190010951061594,0.0364,1.0,0.949999988079071,1.0,True,76358.48615773817,1.0,245.53691486324328,-6790.499138176679,-245.32176671817535,6544.962223313435,856.2176917895782
pm2,short,1789632000,0.15,0.024082954758358747,8.790278486800943,76440.39928249821,80783.45742721991,0.3351648041736414,0.05489518569696518,0.0364,1.0,0.949999988079071,1.0,True,76358.48615773817,1.0,301.8661308270838,-7212.036522610338,-301.60162502700683,6910.170391783254,903.9945443306189
pm2,short,1789632000,0.175,0.024082954758358747,8.790278486800943,76440.39928249821,80296.31981333345,0.33025664932806653,0.04888191838316642,0.0364,1.0,0.949999988079071,1.0,True,76358.48615773817,1.0,360.58465970952597,-7587.697951215705,-360.26870265379756,7227.113291506179,945.4572921312432
pm2,short,1789632000,0.2,0.024082954758358747,8.790278486800943,76440.39928249821,79869.324052104,0.32616180268845285,0.04358126910511043,0.0364,1.0,0.949999988079071,1.0,True,76358.48615773817,1.0,421.77179605454677,-7928.822104183975,-421.40222466184696,7507.050308129428,982.0788978856423
pm2,short,1789632000,0.22499999999999998,0.024082954758358747,8.790278486800943,76440.39928249821,79487.14807613968,0.32269832878782273,0.03881342459438224,0.0364,1.0,0.949999988079071,1.0,True,76358.48615773817,1.0,485.5290569660008,-8243.13979452648,-485.1036192020879,7757.610737560479,1014.857432768102
pm2,short,1789632000,0.25,0.024082954758358747,8.790278486800943,76440.39928249821,79139.3726842815,0.3197428350458258,0.03445541338402218,0.0364,1.0,0.949999988079071,1.0,True,76358.48615773817,1.0,551.9789299271699,-8536.20380217352,-551.4952664299714,7984.224872246351,1044.5032923937667
pm2,short,1789632000,0.27499999999999997,0.024082954758358747,8.790278486800943,76440.39928249821,78818.57079344323,0.31720828861924283,0.030419103360234987,0.0364,1.0,0.949999988079071,1.0,True,76358.48615773817,1.0,621.2650071584329,-8812.171705223152,-620.7206327452509,8190.906698064719,1071.54158991162
pm2,short,1789632000,0.3,0.024082954758358747,8.790278486800943,76440.39928249821,78519.23922246862,0.3150315157354849,0.02663884148657555,0.0364,1.0,0.949999988079071,1.0,True,76358.48615773817,1.0,693.5531008953566,-9080.159983792908,-692.9453850929515,8386.606882897551,1097.1432595352426
pm2,short,1789632000,0.32499999999999996,0.024082954758358747,8.790278486800943,76440.39928249821,78237.16287670546,0.3131657318311007,0.023064063639599775,0.0364,1.0,0.949999988079071,1.0,True,76358.48615773817,1.0,769.0331753655755,-9336.218514731447,-768.3593212473522,8567.185339365871,1120.76669140678
pm2,short,1789632000,0.35,0.024082954758358747,8.790278486800943,76440.39928249821,77969.01635672759,0.31157586973448703,0.019654643594575492,0.0364,1.0,0.949999988079071,1.0,True,76358.48615773817,1.0,847.922060609856,-9581.581957085651,-847.179081254978,8733.659896475796,1142.5450388084844
pm2,short,1789632000,0.37499999999999994,0.024082954758358747,8.790278486800943,76440.39928249821,77712.10314528573,0.3102355542519797,0.016377834065564,0.0364,1.0,0.949999988079071,1.0,True,76358.48615773817,1.0,930.4669976147992,-9818.349773869493,-929.6516894611931,8887.882776254693,1162.7206110486215
pm2,short,1789632000,0.39999999999999997,0.024082954758358747,8.790278486800943,76440.39928249821,77464.17802250659,0.30912509404318045,0.013206172955946496,0.0364,1.0,0.949999988079071,1.0,True,76358.48615773817,1.0,1016.9501329639161,-10048.30946645947,-1016.0590452226274,9031.359333495555,1181.4903399599816
pm2,short,1789632000,0.42499999999999993,0.024082954758358747,8.790278486800943,76440.39928249821,77223.32154414327,0.30823013113000497,0.010115993916326229,0.0364,1.0,0.949999988079071,1.0,True,76358.48615773817,1.0,1107.6941501676483,-10273.02344920074,-1106.723549303018,9165.329299033092,1199.0164082164317
pm2,short,1789632000,0.44999999999999996,0.024082954758358747,8.790278486800943,76440.39928249821,76987.84785860665,0.3075407353672988,0.007086323340773031,0.0364,1.0,0.949999988079071,1.0,True,76358.48615773817,1.0,1203.0693052055724,-10493.894836162504,-1202.015133250528,9290.825530956932,1215.4339352180962
pm2,short,1789632000,0.475,0.024082954758358747,8.790278486800943,76440.39928249821,76756.23409173412,0.30705081568828163,0.004098025948850621,0.0364,1.0,0.949999988079071,1.0,True,76358.48615773817,1.0,1303.5022364480278,-10712.219596837478,-1302.3600615998387,9408.71736038945,1230.8566476239835
pm2,short,1789632000,0.49999999999999994,0.024082954758358747,8.790278486800943,76440.39928249821,76527.06352449523,0.306757771254704,0.0011331069977794884,0.0364,1.0,0.949999988079071,1.0,True,76358.48615773817,1.0,1409.4870573410249,-10929.230199998534,-1408.2520148372464,9519.74314265751,1245.3811377247932
pm2,short,1789632000,0.525,0.024082954758358747,8.790278486800943,76440.39928249821,76298.9771026937,0.3066623390231226,-0.0018258944939861426,0.0364,1.0,0.949999988079071,1.0,False,76358.48615773817,1.0,1380.1772528895822,-10808.774825251276,-1378.967892675035,9428.597572361694,1233.4573943703176
pm2,short,1789632000,0.5499999999999999,0.024082954758358747,8.790278486800943,76440.39928249821,76070.62910834834,0.3067686181718258,-0.004796472859113399,0.0364,1.0,0.949999988079071,1.0,False,76358.48615773817,1.0,1270.744439924767,-10586.417436478056,-1269.6309686186405,9315.672996553289,1218.6845024351153
pm2,short,1789632000,0.575,0.024082954758358747,8.790278486800943,76440.39928249821,75840.64342566016,0.307084271565648,-0.0077967286307091205,0.0364,1.0,0.949999988079071,1.0,False,76358.48615773817,1.0,1167.274953424854,-10363.029518654072,-1166.2521457491916,9195.754565229217,1202.9966681943636
pm2,short,1789632000,0.6,0.024082954758358747,8.790278486800943,76440.39928249821,75607.56689710953,0.30762092383628303,-0.010845993420986686,0.0364,1.0,0.949999988079071,1.0,False,76358.48615773817,1.0,1069.2674795032642,-10137.26355196187,-1068.3305494491012,9067.996072458607,1186.283190246864
pm2,short,1789632000,0.625,0.024082954758358747,8.790278486800943,76440.39928249821,75369.81579958883,0.30839479841352174,-0.013965561052367832,0.0364,1.0,0.949999988079071,1.0,False,76358.48615773817,1.0,976.2846376560319,-9907.6688194178,-975.4291824626822,8931.384181761769,1168.4115030266066
pm2,short,1789632000,0.65,0.024082954758358747,8.790278486800943,76440.39928249821,75125.6103582941,0.30942766656789644,-0.017179596091526392,0.0364,1.0,0.949999988079071,1.0,False,76358.48615773817,1.0,887.9428381075118,-9672.635344590548,-887.164791129277,8784.692506483036,1149.2211695569176
pm2,short,1789632000,0.675,0.024082954758358747,8.790278486800943,76440.39928249821,74872.89016365683,0.31074822722156015,-0.020516321302388434,0.0364,1.0,0.949999988079071,1.0,False,76358.48615773817,1.0,803.9040757794177,-9430.322956684167,-803.1996665425922,8626.41888090475,1128.5156752026353
pm2,short,1789632000,0.7,0.024082954758358747,8.790278486800943,76440.39928249821,74609.1997768633,0.3123941088978888,-0.02400963804178542,0.0364,1.0,0.949999988079071,1.0,False,76358.48615773817,1.0,723.8692269711504,-9178.567154703824,-723.2349471048484,8454.697927732674,1106.0509896719575
pm2,short,1789632000,0.725,0.024082954758358747,8.790278486800943,76440.39928249821,74331.52756277405,0.31441480660374727,-0.02770142510033531,0.0364,1.0,0.949999988079071,1.0,False,76358.48615773817,1.0,647.5725181154988,-8914.748874773135,-647.0050921290006,8267.176356657636,1081.519253465031
pm2,short,1789632000,0.75,0.024082954758358747,8.790278486800943,76440.39928249821,74036.06961391018,0.3168760791139885,-0.03164492535960145,0.0364,1.0,0.949999988079071,1.0,False,76358.48615773817,1.0,574.7769079359832,-8635.686036274694,-574.2732680426199,8060.909128338711,1054.5351939552645
pm2,short,1789632000,0.775,0.024082954758358747,8.790278486800943,76440.39928249821,73717.8698409244,0.319866722983739,-0.03590993530563631,0.0364,1.0,0.949999988079071,1.0,False,76358.48615773817,1.0,505.2701718213639,-8343.95167576852,-504.82743619310594,7838.681503947156,1025.4631814491188
pm2,short,1789632000,0.7999999999999999,0.024082954758358747,8.790278486800943,76440.39928249821,73370.24663198994,0.32350939782120575,-0.04059111263125861,0.0364,1.0,0.949999988079071,1.0,False,76358.48615773817,1.0,438.86150250810766,-8030.2229573136565,-438.4769565090453,7591.361454805548,993.1085559548701
pm2,short,1789632000,0.825,0.024082954758358747,8.790278486800943,76440.39928249821,72983.83177412747,0.3279787448304607,-0.04582197243651087,0.0364,1.0,0.949999988079071,1.0,False,76358.48615773817,1.0,375.3784406272391,-7688.263837095316,-375.0495207364726,7312.8853964680775,956.6780740432939
pm2,short,1789632000,0.85,0.024082954758358747,8.790278486800943,76440.39928249821,72544.85671034236,0.3335335421899172,-0.05179998089581862,0.0364,1.0,0.949999988079071,1.0,False,76358.48615773817,1.0,314.66390781420085,-7309.356934810698,-314.3881881484424,6994.693026996497,915.0518695155482
pm2,short,1789632000,0.875,0.024082954758358747,8.790278486800943,76440.39928249821,72031.84820492119,0.3405782625365217,-0.05883523756105245,0.0364,1.0,0.949999988079071,1.0,False,76358.48615773817,1.0,256.5729930083514,-6880.691382277968,-256.34817466055335,6624.118389269616,866.5729707649858
pm2,short,1789632000,0.9,0.024082954758358747,8.790278486800943,76440.39928249821,71408.56174154133,0.3497935027140349,-0.06745533846557732,0.0364,1.0,0.949999988079071,1.0,False,76358.48615773817,1.0,200.9688216572536,-6382.159382600489,-200.79272565468438,6181.190560943235,808.6287642349456
pm2,short,1789632000,0.9249999999999999,0.024082954758358747,8.790278486800943,76440.39928249821,70606.49571307442,0.3624550388947024,-0.07866714863124233,0.0364,1.0,0.949999988079071,1.0,False,76358.48615773817,1.0,147.71593193447072,-5791.470639634562,-147.58649800083404,5643.754707700091,738.320935091228
pm2,short,1789632000,0.95,0.024082954758358747,8.790278486800943,76440.39928249821,69470.67489116878,0.38140903828190637,-0.09477788419244788,0.0364,1.0,0.949999988079071,1.0,False,76358.48615773817,1.0,96.66650617912194,-5607.441452380531,-96.58180356119385,5510.774946201409,720.9244061946122
pm2,short,1789632000,0.05,0.03285241414455708,11.991131162763333,76482.0347511574,85717.40169386528,0.3746455301280682,0.11269269936035384,0.0364,1.0,0.949999988079071,1.0,True,76358.48615773817,1.0,105.8143966894535,-5726.342337007058,-105.68793651176789,5620.527940317605,734.8821142905786
pm2,short,1789632000,0.075,0.03285241414455708,11.991131162763333,76482.0347511574,84194.39382748891,0.3600475958741444,0.0949756134202671,0.0364,1.0,0.949999988079071,1.0,True,76358.48615773817,1.0,163.4169091461672,-5902.390369874517,-163.2216074479532,5738.97346072835,750.3688257511353
pm2,short,1789632000,0.1,0.03285241414455708,11.991131162763333,76482.0347511574,83130.72210120443,0.350191844395345,0.082402226320945,0.0364,1.0,0.949999988079071,1.0,True,76358.48615773817,1.0,223.91211196899454,-6043.9470094460585,-223.64451165792622,5820.034897477064,760.9675810029348
pm2,short,1789632000,0.125,0.03285241414455708,11.991131162763333,76482.0347511574,82309.69723534225,0.3429263704079662,0.07258310858341153,0.0364,1.0,0.949999988079071,1.0,True,76358.48615773817,1.0,287.2889659382649,-6410.5480070801195,-286.9456231151573,6123.259041141855,800.6140345330173
pm2,short,1789632000,0.15,0.03285241414455708,11.991131162763333,76482.0347511574,81637.41951723376,0.33729598295649216,0.06446851864319962,0.0364,1.0,0.949999988079071,1.0,True,76358.48615773817,1.0,353.58660380743333,-6857.982338005776,-353.1640278049927,6504.395734198342,850.4475273652303
pm2,short,1789632000,0.175,0.03285241414455708,11.991131162763333,76482.0347511574,81064.83768876888,0.33279429513961056,0.05750435563605952,0.0364,1.0,0.949999988079071,1.0,True,76358.48615773817,1.0,422.87866230150325,-7260.612735910127,-422.3732744482477,6837.734073608624,894.0314017345296
pm2,short,1789632000,0.2,0.03285241414455708,11.991131162763333,76482.0347511574,80563.1459627664,0.32912157257241936,0.0513624277876667,0.0364,1.0,0.949999988079071,1.0,True,76358.48615773817,1.0,495.26651919049834,-7629.463948477971,-494.67461965703484,7134.197429287473,932.793884537638
pm2,short,1789632000,0.22499999999999998,0.03285241414455708,11.991131162763333,76482.0347511574,80113.99258895661,0.326086559137249,0.045832093874677265,0.0364,1.0,0.949999988079071,1.0,True,76358.48615773817,1.0,570.8764254279971,-7980.576735819971,-570.1941635007505,7409.700310391974,968.8157924276255
pm2,short,1789632000,0.25,0.03285241414455708,11.991131162763333,76482.0347511574,79704.95412093183,0.32356045214434287,0.04076979338449988,0.0364,1.0,0.949999988079071,1.0,True,76358.48615773817,1.0,649.8587169084942,-8316.126984788127,-649.0820622055006,7666.268267879633,1002.3619655024436
pm2,short,1789632000,0.27499999999999997,0.03285241414455708,11.991131162763333,76482.0347511574,79327.20930555026,0.3214529919937436,0.03607293604526842,0.0364,1.0,0.949999988079071,1.0,True,76358.48615773817,1.0,732.3883483039502,-8631.26304503002,-731.513061352571,7898.87469672607,1032.7751768668181
pm2,short,1789632000,0.3,0.03285241414455708,11.991131162763333,76482.0347511574,78974.24399008197,0.31969905153314726,0.0316652797953791,0.0364,1.0,0.949999988079071,1.0,True,76358.48615773817,1.0,818.6664200302603,-8930.082383045166,-817.6880210201501,8111.415963014906,1060.5648750593887
pm2,short,1789632000,0.32499999999999996,0.03285241414455708,11.991131162763333,76482.0347511574,78641.08316664465,0.31825065716536055,0.02748821356104564,0.0364,1.0,0.949999988079071,1.0,True,76358.48615773817,1.0,908.9225744726974,-9215.822339176342,-907.8363091448646,8306.899764703645,1086.1243155639158
pm2,short,1789632000,0.35,0.03285241414455708,11.991131162763333,76482.0347511574,78323.8114689397,0.3170720178345196,0.023495285675641974,0.0364,1.0,0.949999988079071,1.0,True,76358.48615773817,1.0,1003.4182543554351,-9491.114285439135,-1002.2190559972352,8487.6960310837,1109.763365828242
pm2,short,1789632000,0.37499999999999994,0.03285241414455708,11.991131162763333,76482.0347511574,78019.26029870517,0.3161363158744709,0.01964861407781523,0.0364,1.0,0.949999988079071,1.0,True,76358.48615773817,1.0,1102.4508976841948,-9758.15591727037,-1101.1333441109305,8655.705019586174,1131.730483864407
pm2,short,1789632000,0.39999999999999997,0.03285241414455708,11.991131162763333,76482.0347511574,77724.79547714465,0.31542358110569857,0.015916434750009166,0.0364,1.0,0.949999988079071,1.0,True,76358.48615773817,1.0,1206.3592146456863,-10018.832614684543,-1204.917478875634,8812.473400038856,1152.227896225721
pm2,short,1789632000,0.42499999999999993,0.03285241414455708,11.991131162763333,76482.0347511574,77438.16763139825,0.31491926116359,0.01227136128430152,0.0364,1.0,0.949999988079071,1.0,True,76358.48615773817,1.0,1315.5297664202951,-10274.806293668891,-1313.9575594873954,8959.276527248596,1171.422355118895
pm2,short,1789632000,0.44999999999999996,0.03285241414455708,11.991131162763333,76482.0347511574,77157.40268239476,0.31461325948700153,0.008689098320735186,0.0364,1.0,0.949999988079071,1.0,True,76358.48615773817,1.0,1430.4051550485513,-10527.583231770706,-1428.6956590272182,9097.178076722155,1189.4529357542347
pm2,short,1789632000,0.475,0.03285241414455708,11.991131162763333,76482.0347511574,76880.71825444538,0.3144993030257781,0.0051474464676279355,0.0364,1.0,0.949999988079071,1.0,True,76358.48615773817,1.0,1551.4942487208516,-10778.568381328461,-1549.6400375304254,9227.07413260761,1206.4368008289655
pm2,short,1789632000,0.49999999999999994,0.03285241414455708,11.991131162763333,76482.0347511574,76606.45668041776,0.31457455638221016,0.0016254906622006737,0.0364,1.0,0.949999988079071,1.0,True,76358.48615773817,1.0,1679.385022717482,-11029.111377981415,-1677.377967580313,9349.726355263932,1222.4735371756626
pm2,short,1789632000,0.525,0.03285241414455708,11.991131162763333,76482.0347511574,76333.02808901851,0.31483943424529814,-0.001897104887564001,0.0364,1.0,0.949999988079071,1.0,False,76358.48615773817,1.0,1665.754151328343,-10884.125460389127,-1663.7633866249337,9218.371309060783,1205.2989096137094
pm2,short,1789632000,0.5499999999999999,0.03285241414455708,11.991131162763333,76482.0347511574,76058.85863924674,0.31529758870024976,-0.0054407550946656055,0.0364,1.0,0.949999988079071,1.0,False,76358.48615773817,1.0,1535.2449811660495,-10623.020279630431,-1533.4101896890586,9087.775298464381,1188.223525698871
pm2,short,1789632000,0.575,0.03285241414455708,11.991131162763333,76482.0347511574,75782.33972443214,0.31595606782529634,-0.009026618458819824,0.0364,1.0,0.949999988079071,1.0,False,76358.48615773817,1.0,1411.6132962541985,-10360.810868588083,-1409.9262586305629,8949.197572333886,1170.1045351958892
pm2,short,1789632000,0.6,0.03285241414455708,11.991131162763333,76482.0347511574,75501.77408949392,0.31682566087169023,-0.012677321133290093,0.0364,1.0,0.949999988079071,1.0,False,76358.48615773817,1.0,1294.2824546260329,-10096.010724707894,-1292.7356406350227,8801.728270081861,1150.8229741427826
pm2,short,1789632000,0.625,0.03285241414455708,11.991131162763333,76482.0347511574,75215.31431606688,0.3179214668741108,-0.016417803031797754,0.0364,1.0,0.949999988079071,1.0,False,76358.48615773817,1.0,1182.7505227675017,-9827.035417515694,-1181.3370020557347,8644.284894748193,1130.2373064306294
pm2,short,1789632000,0.65,0.03285241414455708,11.991131162763333,76482.0347511574,74920.8879062453,0.3192637521182449,-0.02027636763974598,0.0364,1.0,0.949999988079071,1.0,False,76358.48615773817,1.0,1076.5784721807656,-9552.145043784913,-1075.2918390836444,8475.566571604148,1108.177443131622
pm2,short,1789632000,0.675,0.03285241414455708,11.991131162763333,76482.0347511574,74616.10091397369,0.3208792040010445,-0.024286051759139518,0.0364,1.0,0.949999988079071,1.0,False,76358.48615773817,1.0,975.3806849175919,-9269.372761537355,-974.2149946275521,8293.992076619763,1084.4366397422828
pm2,short,1789632000,0.7,0.03285241414455708,11.991131162763333,76482.0347511574,74298.10808269533,0.3228027554624862,-0.028486491197562375,0.0364,1.0,0.949999988079071,1.0,False,76358.48615773817,1.0,878.8172637163109,-8976.43148732136,-877.7669776414945,8097.61422360505,1058.7603023313275
pm2,short,1789632000,0.725,0.03285241414455708,11.991131162763333,76482.0347511574,73963.43048271297,0.3250802654739204,-0.032926562510570107,0.0364,1.0,0.949999988079071,1.0,False,76358.48615773817,1.0,786.5877703924536,-8670.586697555202,-785.6477089986131,7883.998927162748,1030.8301750619207
pm2,short,1789632000,0.75,0.03285241414455708,11.991131162763333,76482.0347511574,73607.68918973778,0.327772536069247,-0.03766826724723985,0.0364,1.0,0.949999988079071,1.0,False,76358.48615773817,1.0,698.4261097748067,-8349.407728867358,-697.5914115415519,7650.981619092551,1000.3632413789527
pm2,short,1789632000,0.775,0.03285241414455708,11.991131162763333,76482.0347511574,73225.20040646686,0.33096150513675565,-0.042792672466735036,0.0364,1.0,0.949999988079071,1.0,False,76358.48615773817,1.0,614.0963462835933,-8019.042941080422,-613.3624316602499,7404.946594796828,968.1942457322987
pm2,short,1789632000,0.7999999999999999,0.03285241414455708,11.991131162763333,76482.0347511574,72808.3322074056,0.33476015109706253,-0.048409402758372015,0.0364,1.0,0.949999988079071,1.0,False,76358.48615773817,1.0,533.3892934325004,-7667.049388834517,-532.7518328699158,7133.660095402017,932.723628315088
pm2,short,1789632000,0.825,0.03285241414455708,11.991131162763333,76482.0347511574,72346.42901463219,0.3393290889374335,-0.05467260328692113,0.0364,1.0,0.949999988079071,1.0,False,76358.48615773817,1.0,456.1197580098096,-7287.587948471633,-455.5746432857096,6831.468190461824,893.212139646748
pm2,short,1789632000,0.85,0.03285241414455708,11.991131162763333,76482.0347511574,71823.8984695255,0.3449060680923379,-0.06180951199424121,0.0364,1.0,0.949999988079071,1.0,False,76358.48615773817,1.0,382.1243532896518,-6872.605700438535,-381.66767144733706,6490.481347148883,848.62822599665
pm2,short,1789632000,0.875,0.03285241414455708,11.991131162763333,76482.0347511574,71216.5312974238,0.3518625571935906,-0.0701758061853076,0.0364,1.0,0.949999988079071,1.0,False,76358.48615773817,1.0,311.2598186591027,-6410.423098721109,-310.8878279545003,6099.163280062006,797.4635219769318
pm2,short,1789632000,0.9,0.03285241414455708,11.991131162763333,76482.0347511574,70483.6487474069,0.36082395608921297,-0.08037466211930444,0.0364,1.0,0.949999988079071,1.0,False,76358.48615773817,1.0,243.4017846088856,-5882.940902283308,-243.1108919336106,5639.539117674422,737.3678192562836
pm2,short,1789632000,0.9249999999999999,0.03285241414455708,11.991131162763333,76482.0347511574,69548.71467196249,0.3729646577591821,-0.09355363807129782,0.0364,1.0,0.949999988079071,1.0,False,76358.48615773817,1.0,178.44384042121385,-5686.9118065757075,-178.2305798397132,5508.467966154493,720.2303108274893
pm2,short,1789632000,0.95,0.03285241414455708,11.991131162763333,76482.0347511574,68239.35680073539,0.39091383965135856,-0.1123350983073413,0.0364,1.0,0.949999988079071,1.0,False,76358.48615773817,1.0,116.29624801468229,-5471.891466642405,-116.15726083856475,5355.595218627723,700.2422511446947
pm2,short,1789632000,0.05,0.044815145232579706,16.357528009891592,76534.07998753565,87602.23144486497,0.3786729957969328,0.13448449569433896,0.0364,1.0,0.949999988079071,1.0,True,76358.48615773817,1.0,124.44168628187867,-5599.383132477025,-124.23885361482374,5474.941446195146,715.3599346966471
pm2,short,1789632000,0.075,0.044815145232579706,16.357528009891592,76534.07998753565,85771.8417818082,0.3641847458470215,0.11344698346518547,0.0364,1.0,0.949999988079071,1.0,True,76358.48615773817,1.0,192.30488187786798,-5809.681698047199,-191.99143617292276,5617.376816169331,733.9706464210685
pm2,short,1789632000,0.1,0.044815145232579706,16.357528009891592,76534.07998753565,84496.5893288699,0.35444258915071236,0.09853053004089932,0.0364,1.0,0.949999988079071,1.0,True,76358.48615773817,1.0,263.6354371123066,-5978.267729398347,-263.20572677612654,5714.63229228604,746.678119501368
pm2,short,1789632000,0.125,0.044815145232579706,16.357528009891592,76534.07998753565,83513.82663957929,0.34728985490064085,0.08688461428169204,0.0364,1.0,0.949999988079071,1.0,True,76358.48615773817,1.0,338.41660273033983,-6126.366231502166,-337.8650034699309,5787.949628771826,756.2578173951333
pm2,short,1789632000,0.15,0.044815145232579706,16.357528009891592,76534.07998753565,82710.0293385974,0.34177033097097126,0.07725900234034624,0.0364,1.0,0.949999988079071,1.0,True,76358.48615773817,1.0,416.69249031860284,-6530.302368347896,-416.01330594163824,6113.609878029293,798.8088285669544
pm2,short,1789632000,0.175,0.044815145232579706,16.357528009891592,76534.07998753565,82026.00831179654,0.33737763827641604,0.068994657681597,0.0364,1.0,0.949999988079071,1.0,True,76358.48615773817,1.0,498.5489365735037,-6964.686442167011,-497.73633097883663,6466.137505593507,844.870351436456
pm2,short,1789632000,0.2,0.044815145232579706,16.357528009891592,76534.07998753565,81427.0576974666,0.33381237483473625,0.061701673877154355,0.0364,1.0,0.949999988079071,1.0,True,76358.48615773817,1.0,584.1052233187048,-7392.257357626931,-583.1531659828452,6808.152134308226,889.5582380316067
pm2,short,1789632000,0.22499999999999998,0.044815145232579706,16.357528009891592,76534.07998753565,80891.09532740395,0.33088371946071465,0.05513003058802897,0.0364,1.0,0.949999988079071,1.0,True,76358.48615773817,1.0,673.5105386659632,-7786.635839862081,-672.4127558975028,7113.125301196118,929.4062595845619
pm2,short,1789632000,0.25,0.044815145232579706,16.357528009891592,76534.07998753565,80403.18893230503,0.32846333092250507,0.049109453106087574,0.0364,1.0,0.949999988079071,1.0,True,76358.48615773817,1.0,766.9429644093393,-8155.009434698624,-765.6928922539765,7388.066470289285,965.3302778961354
pm2,short,1789632000,0.27499999999999997,0.044815145232579706,16.357528009891592,76534.07998753565,79952.74616997586,0.3264614125350428,0.04351832524234614,0.0364,1.0,0.949999988079071,1.0,True,76358.48615773817,1.0,864.6100648123352,-8502.753172121305,-863.2008009981535,7638.14310730897,998.0054778933672
pm2,short,1789632000,0.3,0.044815145232579706,16.357528009891592,76534.07998753565,79531.95179299577,0.3248132959007127,0.03826629356699639,0.0364,1.0,0.949999988079071,1.0,True,76358.48615773817,1.0,966.7506740291111,-8834.026134463173,-965.1749269984997,7867.275460434062,1027.9440821285534
pm2,short,1789632000,0.32499999999999996,0.044815145232579706,16.357528009891592,76534.07998753565,79134.84180554897,0.32347146431457713,0.03328390348276496,0.0364,1.0,0.949999988079071,1.0,True,76358.48615773817,1.0,1073.6377287902944,-9152.146306743172,-1071.8877621147633,8078.508577952878,1055.543958883225
pm2,short,1789632000,0.35,0.044815145232579706,16.357528009891592,76534.07998753565,78756.72587393237,0.32240058748966144,0.028516097670498525,0.0364,1.0,0.949999988079071,1.0,True,76358.48615773817,1.0,1185.5821345458398,-9459.837041923845,-1183.6497050391654,8274.254907378006,1081.1203203495165
pm2,short,1789632000,0.37499999999999994,0.044815145232579706,16.357528009891592,76534.07998753565,78393.81075459886,0.32157431985345303,0.02391795229808534,0.0364,1.0,0.949999988079071,1.0,True,76358.48615773817,1.0,1302.9377516834973,-9759.395840456647,-1300.8140393877718,8456.45808877315,1104.9271239884729
pm2,short,1789632000,0.39999999999999997,0.044815145232579706,16.357528009891592,76534.07998753565,78042.94491012252,0.3209731832216491,0.019451765780446204,0.0364,1.0,0.949999988079071,1.0,True,76358.48615773817,1.0,1426.1076736574998,-10052.814513672196,-1423.7832015960419,8626.706840014696,1127.1719528633053
pm2,short,1789632000,0.42499999999999993,0.044815145232579706,16.357528009891592,76534.07998753565,77701.4387122207,0.32058314678230215,0.015084991823265023,0.0364,1.0,0.949999988079071,1.0,True,76358.48615773817,1.0,1555.5520580532086,-10341.868222218942,-1553.0165992194104,8786.316164165733,1148.0266262554767
pm2,short,1789632000,0.44999999999999996,0.044815145232579706,16.357528009891592,76534.07998753565,77366.93294067784,0.3203946760542348,0.010788710707033163,0.0364,1.0,0.949999988079071,1.0,True,76358.48615773817,1.0,1691.7978779921564,-10628.18441711387,-1689.0403464440617,8936.386539121713,1167.63493342797
pm2,short,1789632000,0.475,0.044815145232579706,16.357528009891592,76534.07998753565,77037.29849444868,0.320402113310726,0.006536445629535609,0.0364,1.0,0.949999988079071,1.0,True,76358.48615773817,1.0,1835.4510985037512,-10913.29899748226,-1832.459420611854,9077.847898978509,1186.1183802636588
pm2,short,1789632000,0.49999999999999994,0.044815145232579706,16.357528009891592,76534.07998753565,76710.55608931714,0.32060330680328303,0.0023031955220390063,0.0364,1.0,0.949999988079071,1.0,True,76358.48615773817,1.0,1987.211967912631,-11198.704848221247,-1983.9729286836389,9211.492880308615,1203.5805332485606
pm2,short,1789632000,0.525,0.044815145232579706,16.357528009891592,76534.07998753565,76384.80811159033,0.32099944148943327,-0.0019354072460168771,0.0364,1.0,0.949999988079071,1.0,False,76358.48615773817,1.0,1998.6224966200125,-11027.43802409499,-1995.3648588968786,9028.815527474977,1179.7117740156295
pm2,short,1789632000,0.5499999999999999,0.044815145232579706,16.357528009891592,76534.07998753565,76058.17670483282,0.32159504899727753,-0.006203885832596423,0.0364,1.0,0.949999988079071,1.0,False,76358.48615773817,1.0,1842.5472887336964,-10725.326031518853,-1839.5440444669505,8882.778742785156,1160.6304987571298
pm2,short,1789632000,0.575,0.044815145232579706,16.357528009891592,76534.07998753565,75728.74308642386,0.32239819482604065,-0.010527717759228759,0.0364,1.0,0.949999988079071,1.0,False,76358.48615773817,1.0,1694.6662620232833,-10422.579934612753,-1691.9040551770606,8727.91367258947,1140.3957131268708
pm2,short,1789632000,0.6,0.044815145232579706,16.357528009891592,76534.07998753565,75394.48324786127,0.3234208603093232,-0.014934207999446843,0.0364,1.0,0.949999988079071,1.0,False,76358.48615773817,1.0,1554.290194583589,-10117.536222109613,-1551.7567925134022,8563.246027526024,1118.8801157498249
pm2,short,1789632000,0.625,0.044815145232579706,16.357528009891592,76534.07998753565,75053.19462137173,0.3246795593891157,-0.01945351165812501,0.0364,1.0,0.949999988079071,1.0,False,76358.48615773817,1.0,1420.8190813153958,-9808.439970320074,-1418.5032293499937,8387.620889004678,1095.932804101217
pm2,short,1789632000,0.65,0.044815145232579706,16.357528009891592,76534.07998753565,74702.40685004588,0.32619626032276455,-0.0241199049844155,0.0364,1.0,0.949999988079071,1.0,False,76358.48615773817,1.0,1293.7279708811316,-9493.384082313747,-1291.6192699892274,8199.656111432616,1071.3731860065495
pm2,short,1789632000,0.675,0.044815145232579706,16.357528009891592,76534.07998753565,74339.26709880348,0.32799972691396345,-0.028973445409636443,0.0364,1.0,0.949999988079071,1.0,False,76358.48615773817,1.0,1172.5555632934788,-9170.235198410972,-1170.6443663357047,7997.679635117493,1044.9827888987488
pm2,short,1789632000,0.7,0.044815145232579706,16.357528009891592,76534.07998753565,73960.38562068177,0.3301274643348152,-0.03406223375260174,0.0364,1.0,0.949999988079071,1.0,False,76358.48615773817,1.0,1056.8949596212983,-8836.538531740296,-1055.1722826798202,7779.643572118997,1016.4940342114247
pm2,short,1789632000,0.725,0.044815145232579706,16.357528009891592,76534.07998753565,73561.6190528692,0.33262857233966175,-0.03944561779962784,0.0364,1.0,0.949999988079071,1.0,False,76358.48615773817,1.0,946.3861077281892,-8489.390045618613,-944.8435537490536,7543.003937890424,985.5745230254129
pm2,short,1789632000,0.75,0.044815145232579706,16.357528009891592,76534.07998753565,73137.75419641408,0.33556801486127374,-0.045198902006515745,0.0364,1.0,0.949999988079071,1.0,False,76358.48615773817,1.0,840.709598237618,-8125.257738388663,-839.3392907854312,7284.548140151045,951.804495636115
pm2,short,1789632000,0.775,0.044815145232579706,16.357528009891592,76534.07998753565,72682.02770344712,0.3390331940593898,-0.05142054827129372,0.0364,1.0,0.949999988079071,1.0,False,76358.48615773817,1.0,739.5815451679508,-7746.158780345733,-738.3760705249431,7006.577235177782,915.4846097736948
pm2,short,1789632000,0.7999999999999999,0.044815145232579706,16.357528009891592,76534.07998753565,72185.36374198711,0.3431444527731272,-0.058243676876702,0.0364,1.0,0.949999988079071,1.0,False,76358.48615773817,1.0,642.7493435075437,-7358.232153889368,-641.7016996872148,6715.4828103818245,877.4499950186255
pm2,short,1789632000,0.825,0.044815145232579706,16.357528009891592,76534.07998753565,71635.10085418966,0.34807265213733063,-0.06585539858653441,0.0364,1.0,0.949999988079071,1.0,False,76358.48615773817,1.0,549.9881351818636,-6943.777095523898,-549.0916867033703,6393.788960342034,835.4172365282667
pm2,short,1789632000,0.85,0.044815145232579706,16.357528009891592,76534.07998753565,71012.73040559496,0.35407037709784595,-0.07453139865305516,0.0364,1.0,0.949999988079071,1.0,False,76358.48615773817,1.0,461.09783427560217,-6495.225956732246,-460.3462717862996,6034.128122456644,788.4236830754826
pm2,short,1789632000,0.875,0.044815145232579706,16.357528009891592,76534.07998753565,70289.55328833459,0.3615317215100873,-0.08470289125144916,0.0364,1.0,0.949999988079071,1.0,False,76358.48615773817,1.0,375.9005506251765,-6001.753632615531,-375.28785472301155,5625.853081990355,735.0781616381333
pm2,short,1789632000,0.9,0.044815145232579706,16.357528009891592,76534.07998753565,69417.4305143751,0.3711191286151319,-0.09710056743202265,0.0364,1.0,0.949999988079071,1.0,False,76358.48615773817,1.0,294.2381660889159,-5770.004830078674,-293.7585750952051,5475.766663989758,715.4677582694588
pm2,short,1789632000,0.9249999999999999,0.044815145232579706,16.357528009891592,76534.07998753565,68306.00198669046,0.38407427739455013,-0.11311333655209349,0.0364,1.0,0.949999988079071,1.0,False,76358.48615773817,1.0,215.9695013521025,-5565.157900097756,-215.6174837020999,5349.188398745654,698.9289476814542
pm2,short,1789632000,0.95,0.044815145232579706,16.357528009891592,76534.07998753565,66752.43332452391,0.4031709923880881,-0.1359119998119857,0.0364,1.0,0.949999988079071,1.0,False,76358.48615773817,1.0,140.9652186358085,-5308.953400405984,-140.73545357788143,5167.988181770175,675.2531921219716
pm2,short,1789632000,0.05,0.06113393169159103,22.313885067430725,76590.71666028489,90099.83658887865,0.3881005781178234,0.16221996238586342,0.03640079547550184,1.0,0.949999988079071,1.0,True,76358.48615773817,1.0,148.21697878677955,-5428.31383745985,-147.88751474264134,5280.0968586730705,689.3912328948079
pm2,short,1789632000,0.075,0.06113393169159103,22.313885067430725,76590.71666028489,87876.0811935582,0.3741559326560729,0.13725724608945022,0.03640079547550184,1.0,0.949999988079071,1.0,True,76358.48615773817,1.0,229.55537247295607,-5682.73129817688,-229.04510541726813,5453.175925703924,711.9891500547346
pm2,short,1789632000,0.1,0.06113393169159103,22.313885067430725,76590.71666028489,86317.15365382026,0.3644800967131595,0.11938049948542562,0.03640079547550184,1.0,0.949999988079071,1.0,True,76358.48615773817,1.0,314.944758007662,-5887.109957093692,-314.24468319502944,5572.16519908603,727.5248805675953
pm2,short,1789632000,0.125,0.06113393169159103,22.313885067430725,76590.71666028489,85111.90194438753,0.35717898067340587,0.1053381998058117,0.03640079547550184,1.0,0.949999988079071,1.0,True,76358.48615773817,1.0,404.2929211350547,-6066.5190567262425,-403.39423879849943,5662.226135591188,739.283608052105
pm2,short,1789632000,0.15,0.06113393169159103,22.313885067430725,76590.71666028489,84124.77594299991,0.35140235639422523,0.09368921295508952,0.03640079547550184,1.0,0.949999988079071,1.0,True,76358.48615773817,1.0,497.6126017931895,-6240.242784643913,-496.5064838467691,5742.630182850724,749.781492229918
pm2,short,1789632000,0.175,0.06113393169159103,22.313885067430725,76590.71666028489,83284.6410947294,0.3466949852723624,0.08366721324203098,0.03640079547550184,1.0,0.949999988079071,1.0,True,76358.48615773817,1.0,594.9811449330834,-6712.341492169813,-593.6585913646627,6117.3603472367295,798.7078087243968
pm2,short,1789632000,0.2,0.06113393169159103,22.313885067430725,76590.71666028489,82549.55472717827,0.34278505470723275,0.07481539291205229,0.03640079547550184,1.0,0.949999988079071,1.0,True,76358.48615773817,1.0,696.5236290129822,-7182.129096696592,-694.975361779836,6485.605467683609,846.787411123238
pm2,short,1789632000,0.22499999999999998,0.06113393169159103,22.313885067430725,76590.71666028489,81892.70146875086,0.3394978438114776,0.06683888822046158,0.03640079547550184,1.0,0.949999988079071,1.0,True,76358.48615773817,1.0,802.4053848327453,-7618.472713286016,-800.6217583866531,6816.067328453271,889.9338752352546
pm2,short,1789632000,0.25,0.06113393169159103,22.313885067430725,76590.71666028489,81295.87246379854,0.33671500171384694,0.05953569972696856,0.03640079547550184,1.0,0.949999988079071,1.0,True,76358.48615773817,1.0,912.8291259450461,-8028.229910161643,-910.8000441360585,7115.400784216597,929.0160863459049
pm2,short,1789632000,0.27499999999999997,0.06113393169159103,22.313885067430725,76590.71666028489,80746.10424465095,0.33435327318271285,0.052760790426742005,0.03640079547550184,1.0,0.949999988079071,1.0,True,76358.48615773817,1.0,1028.0347707010992,-8416.63383418245,-1025.749604076864,7388.599063481352,964.6859809724973
pm2,short,1789632000,0.3,0.06113393169159103,22.313885067430725,76590.71666028489,80233.80232962397,0.33235250718188947,0.04640589450668523,0.03640079547550184,1.0,0.949999988079071,1.0,True,76358.48615773817,1.0,1148.3011217137635,-8787.81015651366,-1145.7486210856885,7639.509034799897,997.4458221463885
pm2,short,1789632000,0.32499999999999996,0.06113393169159103,22.313885067430725,76590.71666028489,79751.62571981816,0.3306684941007315,0.040387430589715924,0.03640079547550184,1.0,0.949999988079071,1.0,True,76358.48615773817,1.0,1273.9490544424075,-9145.108656218235,-1271.1172573639928,7871.1596017758275,1027.6910760200935
pm2,short,1789632000,0.35,0.06113393169159103,22.313885067430725,76590.71666028489,79293.7886818341,0.329268492723394,0.03463888432559004,0.03640079547550184,1.0,0.949999988079071,1.0,True,76358.48615773817,1.0,1405.346121918856,-9491.325605782386,-1402.2222489285452,8085.97948386353,1055.7388462270922
pm2,short,1789632000,0.37499999999999994,0.06113393169159103,22.313885067430725,76590.71666028489,78855.60407307369,0.32812834352841114,0.029105789588133993,0.03640079547550184,1.0,0.949999988079071,1.0,True,76358.48615773817,1.0,1542.9126445916684,-9828.859146043094,-1539.482981918765,8285.946501451426,1081.847365158289
pm2,short,1789632000,0.39999999999999997,0.06113393169159103,22.313885067430725,76590.71666028489,78433.17264923603,0.3272305658493621,0.023742284955073748,0.03640079547550184,1.0,0.949999988079071,1.0,True,76358.48615773817,1.0,1687.1294823131866,-10159.822299897618,-1683.3792473079027,8472.692817584431,1106.2297347555484
pm2,short,1789632000,0.42499999999999993,0.06113393169159103,22.313885067430725,76590.71666028489,78023.16361008109,0.32656309511766324,0.018508655504997387,0.03640079547550184,1.0,0.949999988079071,1.0,True,76358.48615773817,1.0,1838.5478107009671,-10486.128750416065,-1834.4609955330338,8647.580939715097,1129.0638496139293
pm2,short,1789632000,0.44999999999999996,0.06113393169159103,22.313885067430725,76590.71666028489,77622.6535201082,0.3261184578835474,0.013369503047399527,0.03640079547550184,1.0,0.949999988079071,1.0,True,76358.48615773817,1.0,1997.8013676660282,-10809.561137626999,-1993.3605558011573,8811.75976996097,1150.499715134562
pm2,short,1789632000,0.475,0.06113393169159103,22.313885067430725,76590.71666028489,77229.00295892474,0.3258932640547968,0.008292318177411858,0.03640079547550184,1.0,0.949999988079071,1.0,True,76358.48615773817,1.0,2165.621817580701,-11131.828533509193,-2160.8079661047855,8966.206715928492,1170.664945687576
pm2,short,1789632000,0.49999999999999994,0.06113393169159103,22.313885067430725,76590.71666028489,76839.7572723941,0.32588794597614545,0.0032463020472387714,0.03640079547550184,1.0,0.949999988079071,1.0,True,76358.48615773817,1.0,2342.8581240341887,-11454.61798594468,-2337.650302914784,9111.759861910492,1189.6689650163928
pm2,short,1789632000,0.525,0.06113393169159103,22.313885067430725,76590.71666028489,76452.5618549487,0.32610670730538227,-0.001798671861991404,0.03640079547550184,1.0,0.949999988079071,1.0,False,76358.48615773817,1.0,2392.346354816512,-11261.585357701111,-2387.0285288057453,8869.239002884598,1158.004440959047
pm2,short,1789632000,0.5499999999999999,0.06113393169159103,22.313885067430725,76590.71666028489,76065.0846560151,0.32655766942764375,-0.006873043276005653,0.03640079547550184,1.0,0.949999988079071,1.0,False,76358.48615773817,1.0,2204.08326253474,-10915.287724465765,-2199.183917053345,8711.204461931025,1137.3707992013224
pm2,short,1789632000,0.575,0.06113393169159103,22.313885067430725,76590.71666028489,75674.93966072166,0.32725322467460843,-0.012008576900406123,0.03640079547550184,1.0,0.949999988079071,1.0,False,76358.48615773817,1.0,2026.102169759486,-10569.641481326149,-2021.5984494695183,8543.539311566663,1115.4797453405738
pm2,short,1789632000,0.6,0.06113393169159103,22.313885067430725,76590.71666028489,75279.60520669099,0.32821062798877687,-0.017239482821200382,0.03640079547550184,1.0,0.949999988079071,1.0,False,76358.48615773817,1.0,1857.5282500010949,-10222.681718744818,-1853.3992441722596,8365.153468743723,1092.1889536361218
pm2,short,1789632000,0.625,0.06113393169159103,22.313885067430725,76590.71666028489,74876.33018993416,0.32945288607243434,-0.022603743939380937,0.03640079547550184,1.0,0.949999988079071,1.0,False,76358.48615773817,1.0,1697.596910762532,-9872.350290520291,-1693.8234082386539,8174.75337975776,1067.3295323787813
pm2,short,1789632000,0.65,0.06113393169159103,22.313885067430725,76590.71666028489,74462.01928324439,0.3310100409602332,-0.028144781265036826,0.03640079547550184,1.0,0.949999988079071,1.0,False,76358.48615773817,1.0,1545.635898193008,-9516.425915943048,-1542.2001821370795,7970.79001775004,1040.699234230196
pm2,short,1789632000,0.675,0.06113393169159103,22.313885067430725,76590.71666028489,74033.0847394272,0.33292100186357154,-0.03391364509965314,0.03640079547550184,1.0,0.949999988079071,1.0,False,76358.48615773817,1.0,1401.0507003422772,-9152.440132019754,-1397.9363754278756,7751.389431677477,1012.0533884097808
pm2,short,1789632000,0.7,0.06113393169159103,22.313885067430725,76590.71666028489,73585.24618024481,0.33523616968088443,-0.03997201836389111,0.03640079547550184,1.0,0.949999988079071,1.0,False,76358.48615773817,1.0,1263.31246123203,-8777.570910068265,-1260.5043077000048,7514.258448836235,981.0925888271073
pm2,short,1789632000,0.725,0.06113393169159103,22.313885067430725,76590.71666028489,73113.24904685201,0.3380212496000954,-0.04639648885354762,0.03640079547550184,1.0,0.949999988079071,1.0,False,76358.48615773817,1.0,1131.947785721355,-8388.502031811635,-1129.4316360987807,7256.55424609028,947.4456647633211
pm2,short,1789632000,0.75,0.06113393169159103,22.313885067430725,76590.71666028489,72610.45328665896,0.34136291079484143,-0.05328485201745687,0.03640079547550184,1.0,0.949999988079071,1.0,False,76358.48615773817,1.0,1006.5299227163091,-7981.23003519642,-1004.2925581336854,6974.700112480112,910.6456260771288
pm2,short,1789632000,0.775,0.06113393169159103,22.313885067430725,76590.71666028489,72068.20848611154,0.34537743496141354,-0.06076577360198824,0.03640079547550184,1.0,0.949999988079071,1.0,False,76358.48615773817,1.0,886.6708712564572,-7550.789728130036,-884.6999353120596,6664.118856873579,870.0948558076582
pm2,short,1789632000,0.7999999999999999,0.06113393169159103,22.313885067430725,76590.71666028489,71474.86279491126,0.35022442942598053,-0.06901425517919967,0.03640079547550184,1.0,0.949999988079071,1.0,False,76358.48615773817,1.0,772.0139601729613,-7108.918714760436,-770.2978892914115,6336.904754587475,827.3724324443348
pm2,short,1789632000,0.825,0.06113393169159103,22.313885067430725,76590.71666028489,70814.1102580653,0.3561296077299243,-0.0782776731305447,0.03640079547550184,1.0,0.949999988079071,1.0,False,76358.48615773817,1.0,662.226391883791,-6660.248356120208,-660.754362248665,5998.021964236417,783.1264970192677
pm2,short,1789632000,0.85,0.06113393169159103,22.313885067430725,76590.71666028489,70062.06161173232,0.3634249386670899,-0.08892242178029712,0.03640079547550184,1.0,0.949999988079071,1.0,False,76358.48615773817,1.0,556.99106532387,-6178.5671878603525,-555.7529579867027,5621.576122536482,733.9761746153599
pm2,short,1789632000,0.875,0.06113393169159103,22.313885067430725,76590.71666028489,69181.6350365519,0.37262502699004657,-0.10152430968245463,0.03640079547550184,1.0,0.949999988079071,1.0,False,76358.48615773817,1.0,455.9965641042682,-5880.183739400835,-454.9829523483735,5424.187175296567,708.2042591865717
pm2,short,1789632000,0.9,0.06113393169159103,22.313885067430725,76590.71666028489,68110.65413522221,0.384588040866835,-0.11706306692900875,0.03640079547550184,1.0,0.949999988079071,1.0,False,76358.48615773817,1.0,358.92311575810925,-5663.875183444415,-358.12528367285023,5304.952067686306,692.6364315425083
pm2,short,1789632000,0.9249999999999999,0.06113393169159103,22.313885067430725,76590.71666028489,66732.66909324775,0.40090726524906606,-0.13740734862503615,0.03640079547550184,1.0,0.949999988079071,1.0,False,76358.48615773817,1.0,265.41931935468057,-5413.0455168880535,-264.8293321409218,5147.626197533373,672.0953167686714
pm2,short,1789632000,0.95,0.06113393169159103,22.313885067430725,76590.71666028489,64787.538584467606,0.42510124605307675,-0.16683408339073288,0.03640079547550184,1.0,0.949999988079071,1.0,False,76358.48615773817,1.0,175.0544448770648,-5095.418097704855,-174.66532518359176,4920.36365282779,642.4229811886825
pm2,short,1789632000,0.05,0.08339496803315354,30.43916333210104,76668.10409122027,93073.58736732666,0.3945516686067791,0.19082211544854222,0.0364213872795595,1.0,0.949999988079071,1.0,True,76358.48615773817,1.0,175.0233682103926,-5225.141970441098,-174.4925656852854,5050.118602230706,658.6987720763301
pm2,short,1789632000,0.075,0.08339496803315354,30.43916333210104,76668.10409122027,90392.85856049968,0.3815383475508188,0.161992175531888,0.0364213872795595,1.0,0.949999988079071,1.0,True,76358.48615773817,1.0,271.82792472476535,-5530.388881730161,-271.00353795677256,5258.560957005396,685.8863955666259
pm2,short,1789632000,0.1,0.08339496803315354,30.43916333210104,76668.10409122027,88503.87627562386,0.37229233447207516,0.14118859631335967,0.0364213872795595,1.0,0.949999988079071,1.0,True,76358.48615773817,1.0,373.4873322794108,-5776.238124506156,-372.3546377078075,5402.750792226745,704.6934127650414
pm2,short,1789632000,0.125,0.08339496803315354,30.43916333210104,76668.10409122027,87038.55347898441,0.36515781603487474,0.12475944168536911,0.0364213872795595,1.0,0.949999988079071,1.0,True,76358.48615773817,1.0,479.7864735833618,-5992.122029529732,-478.33140004485256,5512.33555594637,718.986809610911
pm2,short,1789632000,0.15,0.08339496803315354,30.43916333210104,76668.10409122027,85835.91894493501,0.3593885506325577,0.11107764832924688,0.0364213872795595,1.0,0.949999988079071,1.0,True,76358.48615773817,1.0,590.6689960195832,-6190.976433021968,-588.8776432544428,5600.307437002384,730.4611876588336
pm2,short,1789632000,0.175,0.08339496803315354,30.43916333210104,76668.10409122027,84811.22194854025,0.35458380146044477,0.09927428982161822,0.0364213872795595,1.0,0.949999988079071,1.0,True,76358.48615773817,1.0,706.1725044505062,-6548.840154154794,-704.03085815275,5842.667649704287,762.0727966290439
pm2,short,1789632000,0.2,0.08339496803315354,30.43916333210104,76668.10409122027,83914.34925448819,0.35050387634053287,0.0888294707718138,0.0364213872795595,1.0,0.949999988079071,1.0,True,76358.48615773817,1.0,826.401349343479,-7058.826416795952,-823.8950787380024,6232.425067452474,812.9097675399784
pm2,short,1789632000,0.22499999999999998,0.08339496803315354,30.43916333210104,76668.10409122027,83113.18143049668,0.3469946676410126,0.07940650235738128,0.0364213872795595,1.0,0.949999988079071,1.0,True,76358.48615773817,1.0,951.5142210193544,-7536.295719716134,-948.6285140626295,6584.78149869678,858.8684403702168
pm2,short,1789632000,0.25,0.08339496803315354,30.43916333210104,76668.10409122027,82385.85960363218,0.34395199065425147,0.07077405224920995,0.0364213872795595,1.0,0.949999988079071,1.0,True,76358.48615773817,1.0,1081.718899263853,-7987.540473800011,-1078.4383137677212,6905.821574536158,900.742447774574
pm2,short,1789632000,0.27499999999999997,0.08339496803315354,30.43916333210104,76668.10409122027,81716.79133800056,0.3413029309824474,0.06276557612677548,0.0364213872795595,1.0,0.949999988079071,1.0,True,76358.48615773817,1.0,1217.271102230723,-8417.44486527396,-1213.5794204771903,7200.173763043236,939.1354916610977
pm2,short,1789632000,0.3,0.08339496803315354,30.43916333210104,76668.10409122027,81094.41652352884,0.3389953320687191,0.055256443504371186,0.0364213872795595,1.0,0.949999988079071,1.0,True,76358.48615773817,1.0,1358.4761069678314,-8829.923111370823,-1354.3561854092407,7471.447004402991,974.5182945326792
pm2,short,1789632000,0.32499999999999996,0.08339496803315354,30.43916333210104,76668.10409122027,80509.87661338763,0.3369915307340378,0.04815020957393737,0.0364213872795595,1.0,0.949999988079071,1.0,True,76358.48615773817,1.0,1505.6925807592502,-9228.205384437808,-1501.1261880989082,7722.512803678557,1007.2653935057863
pm2,short,1789632000,0.35,0.08339496803315354,30.43916333210104,76668.10409122027,79956.17990461856,0.3352644701773349,0.041369939016108886,0.0364213872795595,1.0,0.949999988079071,1.0,True,76358.48615773817,1.0,1659.3384620104573,-9615.033060674596,-1654.3060994480163,7955.6945986641385,1037.6798400020946
pm2,short,1789632000,0.37499999999999994,0.08339496803315354,30.43916333210104,76668.10409122027,79427.65421086294,0.33379522591557453,0.03485247035805971,0.0364213872795595,1.0,0.949999988079071,1.0,True,76358.48615773817,1.0,1819.898980926624,-9992.797975981772,-1814.3796780786743,8172.898995055148,1066.0103170584437
pm2,short,1789632000,0.39999999999999997,0.08339496803315354,30.43916333210104,76668.10409122027,78919.57326868738,0.33257141967712417,0.028544463092880806,0.0364213872795595,1.0,0.949999988079071,1.0,True,76358.48615773817,1.0,1987.9371081339903,-10363.646300738674,-1981.9081872666857,8375.709192604683,1092.4633251187747
pm2,short,1789632000,0.42499999999999993,0.08339496803315354,30.43916333210104,76668.10409122027,78427.89161166827,0.331586224336494,0.022399557930200667,0.0364213872795595,1.0,0.949999988079071,1.0,True,76358.48615773817,1.0,2164.106912699015,-10729.559955456725,-2157.5437124490213,8565.45304275771,1117.2120589504173
pm2,short,1789632000,0.44999999999999996,0.08339496803315354,30.43916333210104,76668.10409122027,77949.04859012367,0.3308377888746253,0.01637624308414691,0.0364213872795595,1.0,0.949999988079071,1.0,True,76358.48615773817,1.0,2349.170532911258,-11092.424158897544,-2342.0460805385605,8743.253625986286,1140.4030045641275
pm2,short,1789632000,0.475,0.08339496803315354,30.43916333210104,76668.10409122027,77479.81667929143,0.33032898646597714,0.010436165887444709,0.0364213872795595,1.0,0.949999988079071,1.0,True,76358.48615773817,1.0,2544.019744392796,-11454.087252886959,-2536.304362622833,8910.067508494163,1162.1609291254808
pm2,short,1789632000,0.49999999999999994,0.08339496803315354,30.43916333210104,76668.10409122027,77017.17748197033,0.3300674359876005,0.004542712060299239,0.0364213872795595,1.0,0.949999988079071,1.0,True,76358.48615773817,1.0,2749.7034868910187,-11816.417638090452,-2741.3643172747543,9066.714151199434,1182.592716837212
pm2,short,1789632000,0.525,0.08339496803315354,30.43916333210104,76668.10409122027,76558.21354454773,0.33006578067620157,-0.0013402788429352844,0.0364213872795595,1.0,0.949999988079071,1.0,False,76358.48615773817,1.0,2857.572686347889,-11613.048052886363,-2848.9063761672032,8755.475366538474,1141.9971147481547
pm2,short,1789632000,0.5499999999999999,0.08339496803315354,30.43916333210104,76668.10409122027,76100.00663003256,0.33034223497583476,-0.00724977050829568,0.0364213872795595,1.0,0.949999988079071,1.0,False,76358.48615773817,1.0,2630.6813605200196,-11218.416375319353,-2622.7031555330823,8587.735014799335,1120.1183486396878
pm2,short,1789632000,0.575,0.08339496803315354,30.43916333210104,76668.10409122027,75639.53410939008,0.33092143695641146,-0.013224862440215342,0.0364213872795595,1.0,0.949999988079071,1.0,False,76358.48615773817,1.0,2416.8584645533197,-10826.188542641288,-2409.52873144921,8409.330078087969,1096.8485757887643
pm2,short,1789632000,0.6,0.08339496803315354,30.43916333210104,76668.10409122027,75173.55492186018,0.33183567331186475,-0.01930831044167898,0.0364213872795595,1.0,0.949999988079071,1.0,False,76358.48615773817,1.0,2215.018886004386,-10433.94279245921,-2208.30128234946,8218.923906454824,1072.0134538185382
pm2,short,1789632000,0.625,0.08339496803315354,30.43916333210104,76668.10409122027,74698.47510393905,0.33312658142656304,-0.025548373579607115,0.0364213872795595,1.0,0.949999988079071,1.0,False,76358.48615773817,1.0,2024.2087783102938,-10039.119259821733,-2018.0698544512618,8014.910481511439,1045.4035059971275
pm2,short,1789632000,0.65,0.08339496803315354,30.43916333210104,76668.10409122027,74210.17989850667,0.33484748436127354,-0.032001174785256055,0.0364213872795595,1.0,0.949999988079071,1.0,False,76358.48615773817,1.0,1843.5822730740697,-9638.926926621556,-1837.991144667032,7795.344653547487,1016.7650219017453
pm2,short,1789632000,0.675,0.08339496803315354,30.43916333210104,76668.10409122027,73703.81425379001,0.33706658911537946,-0.03873384465672198,0.0364213872795595,1.0,0.949999988079071,1.0,False,76358.48615773817,1.0,1672.381526458425,-9230.232259319153,-1667.3096075120836,7557.850732860728,985.788134772231
pm2,short,1789632000,0.7,0.08339496803315354,30.43916333210104,76668.10409122027,73173.48480478536,0.3398713919428555,-0.04582885593233475,0.0364213872795595,1.0,0.949999988079071,1.0,False,76358.48615773817,1.0,1509.9188918887949,-8809.420843208633,-1505.3396818735932,7299.501951319838,952.091099400976
pm2,short,1789632000,0.725,0.08339496803315354,30.43916333210104,76668.10409122027,72611.8417303121,0.34337481605035625,-0.05339019056800392,0.0364213872795595,1.0,0.949999988079071,1.0,False,76358.48615773817,1.0,1355.5601308217847,-8372.220760769878,-1351.449052696594,7016.660629948094,915.1994448173152
pm2,short,1789632000,0.75,0.08339496803315354,30.43916333210104,76668.10409122027,72009.47337056966,0.3477239150121997,-0.06155239335662891,0.0364213872795595,1.0,0.949999988079071,1.0,False,76358.48615773817,1.0,1208.7076203787483,-7913.472930195863,-1205.041909544609,6704.765309817115,874.5182092724943
pm2,short,1789632000,0.775,0.08339496803315354,30.43916333210104,76668.10409122027,71354.00022474531,0.3531125343766613,-0.07049432386238347,0.0364213872795595,1.0,0.949999988079071,1.0,False,76358.48615773817,1.0,1068.782534136701,-7426.828949251385,-1065.5411814318445,6358.046415114684,829.2948535090726
pm2,short,1789632000,0.7999999999999999,0.08339496803315354,30.43916333210104,76668.10409122027,70628.66607382306,0.35980041781230265,-0.0804608945593784,0.0364213872795595,1.0,0.949999988079071,1.0,False,76358.48615773817,1.0,935.2050214637176,-6928.514010508726,-932.3687762696883,5993.308989045008,781.7212985877576
pm2,short,1789632000,0.825,0.08339496803315354,30.43916333210104,76668.10409122027,69810.04089232479,0.3681435576846424,-0.09179916353719376,0.0364213872795595,1.0,0.949999988079071,1.0,False,76358.48615773817,1.0,807.3715660123042,-6445.250277488866,-804.9230080262635,5637.878711476562,735.3616967974808
pm2,short,1789632000,0.85,0.08339496803315354,30.43916333210104,76668.10409122027,68864.0405529272,0.3786458922384768,-0.1050221288810558,0.0364213872795595,1.0,0.949999988079071,1.0,False,76358.48615773817,1.0,684.6289928125052,-6037.6768039939125,-682.552682649551,5353.047811181407,698.2105367849337
pm2,short,1789632000,0.875,0.08339496803315354,30.43916333210104,76668.10409122027,67738.45640421603,0.3920557376380656,-0.12093103913447953,0.0364213872795595,1.0,0.949999988079071,1.0,False,76358.48615773817,1.0,566.2447898019605,-5796.100719210646,-564.5275096047761,5229.855929408686,682.142331729785
pm2,short,1789632000,0.9,0.08339496803315354,30.43916333210104,76668.10409122027,66347.35630964985,0.40956765706647874,-0.1408766908554272,0.0364213872795595,1.0,0.949999988079071,1.0,False,76358.48615773817,1.0,451.3724894254088,-5525.037922435994,-450.0035884631496,5073.665433010585,661.7700402469716
pm2,short,1789632000,0.9249999999999999,0.08339496803315354,30.43916333210104,76668.10409122027,64533.321220547696,0.43331403861844836,-0.16740838405447447,0.0364213872795595,1.0,0.949999988079071,1.0,False,76358.48615773817,1.0,339.00550524044246,-5204.304598526799,-337.9773855096106,4865.299093286357,634.5923315773648
pm2,short,1789632000,0.95,0.08339496803315354,30.43916333210104,76668.10409122027,61953.085519101856,0.46786072280106866,-0.206302181533651,0.0364213872795595,1.0,0.949999988079071,1.0,False,76358.48615773817,1.0,227.89141422869127,-4790.713016660187,-227.2002760146317,4562.821602431496,595.139485515726
pm2,short,1789632000,0.05,0.11376203854082113,41.52314406739971,76773.67103498534,96679.93345843903,0.3992145229953391,0.2298393285467399,0.036449477291008406,1.0,0.949999988079071,1.0,True,76358.48615773817,1.0,205.58221904467652,-4981.853866832673,-204.73152358386383,4776.271647787997,622.1236503867941
pm2,short,1789632000,0.075,0.11376203854082113,41.52314406739971,76773.67103498534,93429.64802766965,0.386860658822645,0.19573397150471508,0.036449477291008406,1.0,0.949999988079071,1.0,True,76358.48615773817,1.0,319.86892869510723,-5347.014451459248,-318.54531692091246,5027.145522764141,654.8007220435373
pm2,short,1789632000,0.1,0.11376203854082113,41.52314406739971,76773.67103498534,91134.8192402772,0.37791664180012774,0.17093779593959021,0.036449477291008406,1.0,0.949999988079071,1.0,True,76358.48615773817,1.0,439.89796317593635,-5641.65326835685,-438.07767345327426,5201.755305180914,677.5441678190043
pm2,short,1789632000,0.125,0.11376203854082113,41.52314406739971,76773.67103498534,89352.91501769506,0.3708978054245382,0.15125264768233623,0.036449477291008406,1.0,0.949999988079071,1.0,True,76358.48615773817,1.0,565.332853425334,-5900.221363245901,-562.9935164219597,5334.8885098205665,694.8851654350991
pm2,short,1789632000,0.15,0.11376203854082113,41.52314406739971,76773.67103498534,87890.01032883568,0.3651320092848112,0.13479783075575807,0.036449477291008406,1.0,0.949999988079071,1.0,True,76358.48615773817,1.0,696.0507951212345,-6138.006986362087,-693.1705496669248,5441.956191240853,708.8310507857548
pm2,short,1789632000,0.175,0.11376203854082113,41.52314406739971,76773.67103498534,86643.83001886643,0.3602570998492987,0.12056445743281882,0.036449477291008406,1.0,0.949999988079071,1.0,True,76358.48615773817,1.0,832.0528930905677,-6492.312711890875,-828.6098734433546,5660.259818800308,737.2657504186506
pm2,short,1789632000,0.2,0.11376203854082113,41.52314406739971,76773.67103498534,85553.81141028069,0.3560559955707721,0.10794657223724588,0.036449477291008406,1.0,0.949999988079071,1.0,True,76358.48615773817,1.0,973.4264460405335,-7042.943647868624,-969.3984252179955,6069.51720182809,790.5727471416919
pm2,short,1789632000,0.22499999999999998,0.11376203854082113,41.52314406739971,76773.67103498534,84581.09071538734,0.35238902962013935,0.09655043127215764,0.036449477291008406,1.0,0.949999988079071,1.0,True,76358.48615773817,1.0,1120.3275661493076,-7562.004803201912,-1115.6916711796803,6441.677237052605,839.0477034916265
pm2,short,1789632000,0.25,0.11376203854082113,41.52314406739971,76773.67103498534,83699.19310474808,0.34916190370900124,0.08610468817273831,0.036449477291008406,1.0,0.949999988079071,1.0,True,76358.48615773817,1.0,1272.973547228437,-8055.303485972409,-1267.706005982127,6782.329938743973,883.4187355263111
pm2,short,1789632000,0.27499999999999997,0.11376203854082113,41.52314406739971,76773.67103498534,82889.21901973462,0.3463089019731929,0.07641345972506874,0.036449477291008406,1.0,0.949999988079071,1.0,True,76358.48615773817,1.0,1431.6407665997822,-8527.418216858858,-1425.7166633029378,7095.7774502590755,924.2462102698684
pm2,short,1789632000,0.3,0.11376203854082113,41.52314406739971,76773.67103498534,82137.1488475913,0.3437834283795899,0.06732979181217201,0.036449477291008406,1.0,0.949999988079071,1.0,True,76358.48615773817,1.0,1596.666290728646,-8982.07416868213,-1590.0593148325067,7385.407877953483,961.9714386964762
pm2,short,1789632000,0.32499999999999996,0.11376203854082113,41.52314406739971,76773.67103498534,81432.23578035548,0.34155237870985583,0.05873969216281251,0.036449477291008406,1.0,0.949999988079071,1.0,True,76358.48615773817,1.0,1768.452407880137,-9422.392138004621,-1761.13458417449,7653.939730124484,996.9485146329171
pm2,short,1789632000,0.35,0.11376203854082113,41.52314406739971,76773.67103498534,80765.99663704795,0.3395926685149078,0.05055200984343702,0.036449477291008406,1.0,0.949999988079071,1.0,True,76358.48615773817,1.0,1947.473857135765,-9851.061605292334,-1939.4152459487398,7903.587748156569,1029.465914760667
pm2,short,1789632000,0.37499999999999994,0.11376203854082113,41.52314406739971,76773.67103498534,80131.54930555429,0.3378890515669407,0.0426917217499445,0.036449477291008406,1.0,0.949999988079071,1.0,True,76358.48615773817,1.0,2134.2878651164483,-10270.466753253259,-2125.4562209826336,8136.17888813681,1059.7616055677731
pm2,short,1789632000,0.39999999999999997,0.11376203854082113,41.52314406739971,76773.67103498534,79523.15975660516,0.3364327589361266,0.035095284890377186,0.036449477291008406,1.0,0.949999988079071,1.0,True,76358.48615773817,1.0,2329.5473695776295,-10682.782900529182,-2319.9077451871162,8353.235530951553,1088.0338817125248
pm2,short,1789632000,0.42499999999999993,0.11376203854082113,41.52314406739971,76773.67103498534,78935.9198342625,0.3352206950194207,0.02770727615462137,0.036449477291008406,1.0,0.949999988079071,1.0,True,76358.48615773817,1.0,2534.018069685518,-11090.054547656797,-2523.5323492792663,8556.036477971278,1114.4493108936188
pm2,short,1789632000,0.44999999999999996,0.11376203854082113,41.52314406739971,76773.67103498534,78365.5082593572,0.3342550416020377,0.02047784398417608,0.036449477291008406,1.0,0.949999988079071,1.0,True,76358.48615773817,1.0,2748.6002411669465,-11494.262730117514,-2737.2265836614274,8745.662488950567,1139.1486652976666
pm2,short,1789632000,0.475,0.11376203854082113,41.52314406739971,76773.67103498534,77808.00468380823,0.33354318964058366,0.01336066470993303,0.036449477291008406,1.0,0.949999988079071,1.0,True,76358.48615773817,1.0,2974.35663157257,-11897.38745518867,-2962.0487982543323,8923.0308236161,1162.2514207442189
pm2,short,1789632000,0.49999999999999994,0.11376203854082113,41.52314406739971,76773.67103498534,77259.73655056774,0.3330979633762628,0.006311191014711216,0.036449477291008406,1.0,0.949999988079071,1.0,True,76358.48615773817,1.0,3212.548254352121,-12301.470077751506,-3199.254788457143,9088.921823399385,1183.859219035861
pm2,short,1789632000,0.525,0.11376203854082113,41.52314406739971,76773.67103498534,76717.14413325884,0.33293813462566024,-0.0007149686410059006,0.036449477291008406,1.0,0.949999988079071,1.0,False,76358.48615773817,1.0,3408.15369278568,-12107.773365094681,-3394.0508151655467,8699.619672309002,1133.1514508853736
pm2,short,1789632000,0.5499999999999999,0.11376203854082113,41.52314406739971,76773.67103498534,76176.65208617144,0.3330892537670778,-0.0077636775092806455,0.036449477291008406,1.0,0.949999988079071,1.0,False,76358.48615773817,1.0,3135.544767107881,-11659.28629564877,-3122.5699402341506,8523.74152854089,1110.2427972548908
pm2,short,1789632000,0.575,0.11376203854082113,41.52314406739971,76773.67103498534,75634.53694327184,0.33358485295510387,-0.014884040754204412,0.036449477291008406,1.0,0.949999988079071,1.0,False,76358.48615773817,1.0,2879.257067857691,-11215.353506489626,-2867.3427547940096,8336.096438631936,1085.8014637379033
pm2,short,1789632000,0.6,0.11376203854082113,41.52314406739971,76773.67103498534,75086.77959353715,0.334468110659609,-0.022130471694881183,0.036449477291008406,1.0,0.949999988079071,1.0,False,76358.48615773817,1.0,2637.9531151246856,-10773.084362712745,-2627.037313402165,8135.1312475880595,1059.6251472566585
pm2,short,1789632000,0.625,0.11376203854082113,41.52314406739971,76773.67103498534,74528.88981031087,0.33579410928590153,-0.02956524748123967,0.036449477291008406,1.0,0.949999988079071,1.0,False,76358.48615773817,1.0,2410.4526607706653,-10329.42447904835,-2400.478251765566,7918.971818277685,1031.4697358511166
pm2,short,1789632000,0.65,0.11376203854082113,41.52314406739971,76773.67103498534,73955.68606990507,0.33763287538230247,-0.03726181818644238,0.036449477291008406,1.0,0.949999988079071,1.0,False,76358.48615773817,1.0,2195.7028589559354,-9881.044919171547,-2186.617080701338,7685.342060215611,1001.0387619361647
pm2,short,1789632000,0.675,0.11376203854082113,41.52314406739971,76773.67103498534,73361.00736554683,0.34007347392042026,-0.04530925011245304,0.036449477291008406,1.0,0.949999988079071,1.0,False,76358.48615773817,1.0,1992.7519221309713,-9424.212302544747,-1984.5059511394556,7431.460380413776,967.9699147155932
pm2,short,1789632000,0.7,0.11376203854082113,41.52314406739971,76773.67103498534,72737.3229985445,0.34322954999722954,-0.05381837612645168,0.036449477291008406,1.0,0.949999988079071,1.0,False,76358.48615773817,1.0,1800.7245919877757,-8954.63231112222,-1793.2732265747843,7153.907719134443,931.8178514447285
pm2,short,1789632000,0.725,0.11376203854082113,41.52314406739971,76773.67103498534,72075.18857207858,0.3472469027066215,-0.06293054753134839,0.036449477291008406,1.0,0.949999988079071,1.0,False,76358.48615773817,1.0,1618.797851174832,-8467.258650315363,-1612.099295286532,6848.460799140532,892.0324776471515
pm2,short,1789632000,0.75,0.11376203854082113,41.52314406739971,76773.67103498534,71362.46608105167,0.3523139981299676,-0.0728304402058203,0.036449477291008406,1.0,0.949999988079071,1.0,False,76358.48615773817,1.0,1446.1753265647103,-7956.060189241345,-1440.1910795246647,6509.884862676635,847.9319504873117
pm2,short,1789632000,0.775,0.11376203854082113,41.52314406739971,76773.67103498534,70583.17160265917,0.3586769172697595,-0.08376538488406787,0.036449477291008406,1.0,0.949999988079071,1.0,False,76358.48615773817,1.0,1282.058875933959,-7413.742566679973,-1276.7537397637152,6131.683690746014,798.670118034585
pm2,short,1789632000,0.7999999999999999,0.11376203854082113,41.52314406739971,76773.67103498534,69715.7102135441,0.3666614086647813,-0.096075661985311,0.036449477291008406,1.0,0.949999988079071,1.0,False,76358.48615773817,1.0,1125.6160412213198,-6894.1482751356825,-1120.9582626386,5768.532233914362,751.3685559318473
pm2,short,1789632000,0.825,0.11376203854082113,41.52314406739971,76773.67103498534,68730.04385833057,0.37670725674284217,-0.11024430895842632,0.036449477291008406,1.0,0.949999988079071,1.0,False,76358.48615773817,1.0,975.9425616574225,-6384.271640109471,-971.9041291944836,5408.329078452049,704.4510188899919
pm2,short,1789632000,0.85,0.11376203854082113,41.52314406739971,76773.67103498534,67582.85808312955,0.38942611574332353,-0.1269843112871252,0.036449477291008406,1.0,0.949999988079071,1.0,False,76358.48615773817,1.0,832.0200512845456,-6004.290163106822,-828.5771675361376,5172.270111822276,673.7036333022685
pm2,short,1789632000,0.875,0.11376203854082113,41.52314406739971,76773.67103498534,66208.6061309473,0.405709001836422,-0.1474044482134885,0.036449477291008406,1.0,0.949999988079071,1.0,False,76358.48615773817,1.0,692.6698688841797,-5714.017372448735,-689.8036136407807,5021.347503564555,654.0455127222398
pm2,short,1789632000,0.9,0.11376203854082113,41.52314406739971,76773.67103498534,64500.99108970946,0.42695197910385013,-0.1733617012440258,0.036449477291008406,1.0,0.949999988079071,1.0,False,76358.48615773817,1.0,556.5033534347809,-5385.648401322895,-554.2005527408011,4829.145047888113,629.0105686997172
pm2,short,1789632000,0.9249999999999999,0.11376203854082113,41.52314406739971,76773.67103498534,62268.49363556627,0.4556084322324124,-0.20833386228514528,0.036449477291008406,1.0,0.949999988079071,1.0,False,76358.48615773817,1.0,421.86046678036223,-4994.251465767314,-420.11481588776047,4572.390998986952,595.5675868232663
pm2,short,1789632000,0.95,0.11376203854082113,41.52314406739971,76773.67103498534,59100.869308996975,0.4968742028856088,-0.2601420163337866,0.036449477291008406,1.0,0.949999988079071,1.0,False,76358.48615773817,1.0,286.6953341259008,-4487.77860999061,-285.50899407903546,4201.083275864709,547.2036466707837
pm2,short,1789632000,0.05,0.15518683822527846,56.643195952226634,76923.82347516104,101590.74615906282,0.4091929992546639,0.27543394765943696,0.03671052470704204,1.0,0.949999988079071,1.0,True,76358.48615773817,1.0,244.26544860552943,-4665.93242990863,-242.87782711028152,4421.6669813031,574.8111289256015
pm2,short,1789632000,0.075,0.15518683822527846,56.643195952226634,76923.82347516104,97440.69949965326,0.39551404379798283,0.23420933397849747,0.03671052470704204,1.0,0.949999988079071,1.0,True,76358.48615773817,1.0,379.043837065386,-5111.077231552588,-376.8905674197875,4732.033394487202,615.1583710624045
pm2,short,1789632000,0.1,0.15518683822527846,56.643195952226634,76923.82347516104,94564.90268740695,0.3860655858249255,0.20456127404731697,0.03671052470704204,1.0,0.949999988079071,1.0,True,76358.48615773817,1.0,520.779276846619,-5467.697437950648,-517.8208374809503,4946.918161104029,643.0931196109103
pm2,short,1789632000,0.125,0.15518683822527846,56.643195952226634,76923.82347516104,92359.7532640696,0.37896136699866334,0.18119100961183043,0.03671052470704204,1.0,0.949999988079071,1.0,True,76358.48615773817,1.0,669.2546131275717,-5779.07347470674,-665.4527160837666,5109.818861579168,664.2700051472539
pm2,short,1789632000,0.15,0.15518683822527846,56.643195952226634,76923.82347516104,90565.23869011618,0.37335850453072295,0.1617470808434957,0.03671052470704204,1.0,0.949999988079071,1.0,True,76358.48615773817,1.0,824.4449253948584,-6064.593710460406,-819.7614242830897,5240.148785065548,681.2127307683306
pm2,short,1789632000,0.175,0.15518683822527846,56.643195952226634,76923.82347516104,89046.0526433375,0.3688076614071894,0.14497770634275506,0.03671052470704204,1.0,0.949999988079071,1.0,True,76358.48615773817,1.0,986.4426941422579,-6531.932665064229,-980.8389172101759,5545.489970921971,720.9066996926678
pm2,short,1789632000,0.2,0.15518683822527846,56.643195952226634,76923.82347516104,87722.95528614594,0.36504178355624933,0.13013591549082273,0.03671052470704204,1.0,0.949999988079071,1.0,True,76358.48615773817,1.0,1155.4261525110976,-7056.910698458264,-1148.8624155007203,5901.484545947166,767.1855453015509
pm2,short,1789632000,0.22499999999999998,0.15518683822527846,56.643195952226634,76923.82347516104,86545.57709910246,0.36189011338959465,0.11673904703008288,0.03671052470704204,1.0,0.949999988079071,1.0,True,76358.48615773817,1.0,1331.6449484444472,-7614.634567907427,-1324.0801488994618,6282.989619462979,816.7807235286188
pm2,short,1789632000,0.25,0.15518683822527846,56.643195952226634,76923.82347516104,85479.88887723947,0.3592377355862101,0.10445609222336724,0.03671052470704204,1.0,0.949999988079071,1.0,True,76358.48615773817,1.0,1515.4143115655966,-8147.384988108133,-1506.8055562754082,6631.970676542536,862.1478206532495
pm2,short,1789632000,0.27499999999999997,0.15518683822527846,56.643195952226634,76923.82347516104,84501.77739862811,0.35700450009511747,0.09304910497944405,0.03671052470704204,1.0,0.949999988079071,1.0,True,76358.48615773817,1.0,1707.114173811082,-8660.012961948174,-1697.4164112503236,6952.898788137092,903.8680702581308
pm2,short,1789632000,0.3,0.15518683822527846,56.643195952226634,76923.82347516104,83593.47550892917,0.35513318073358274,0.0823402258188622,0.03671052470704204,1.0,0.949999988079071,1.0,True,76358.48615773817,1.0,1907.1916930522948,-9156.49737157509,-1896.3573314842222,7249.305678522795,942.4005920433243
pm2,short,1789632000,0.32499999999999996,0.15518683822527846,56.643195952226634,76923.82347516104,82741.4486052141,0.35358243324928434,0.07219192327337318,0.03671052470704204,1.0,0.949999988079071,1.0,True,76358.48615773817,1.0,2116.1665259612646,-9640.197309988383,-2104.1450215870505,7524.030784027119,978.1145091489964
pm2,short,1789632000,0.35,0.15518683822527846,56.643195952226634,76923.82347516104,81935.07675234522,0.3523224269133499,0.062494524943322534,0.03671052470704204,1.0,0.949999988079071,1.0,True,76358.48615773817,1.0,2334.6386684671943,-10114.029438221452,-2321.3760690352387,7779.390769754258,1011.3109851158463
pm2,short,1789632000,0.37499999999999994,0.15518683822527846,56.643195952226634,76923.82347516104,81165.79578949157,0.3513320557861908,0.053157985521012543,0.03671052470704204,1.0,0.949999988079071,1.0,True,76358.48615773817,1.0,2563.2989819249756,-10580.598145416898,-2548.737410543175,8017.299163491922,1042.2387761420534
pm2,short,1789632000,0.39999999999999997,0.15518683822527846,56.643195952226634,76923.82347516104,80426.51502042975,0.35059713478158866,0.04410622015683403,0.03671052470704204,1.0,0.949999988079071,1.0,True,76358.48615773817,1.0,2802.9427601879534,-11042.295600784166,-2787.01982206432,8239.352840596213,1071.1054740091968
pm2,short,1789632000,0.42499999999999993,0.15518683822527846,56.643195952226634,76923.82347516104,79711.20733005316,0.3501092434949184,0.0352730376419527,0.03671052470704204,1.0,0.949999988079071,1.0,True,76358.48615773817,1.0,3054.486924489299,-11501.382782953306,-3037.135015991964,8446.895858464006,1098.0858044831243
pm2,short,1789632000,0.44999999999999996,0.15518683822527846,56.643195952226634,76923.82347516104,79014.60939046978,0.34986502223011,0.02659908722421705,0.03671052470704204,1.0,0.949999988079071,1.0,True,76358.48615773817,1.0,3318.9916984246624,-11960.059139071313,-3300.1371930107734,8641.06744064665,1123.3278651881988
pm2,short,1789632000,0.475,0.15518683822527846,56.643195952226634,76923.82347516104,78331.99291130909,0.3498658071198328,0.018029444205227813,0.03671052470704204,1.0,0.949999988079071,1.0,True,76358.48615773817,1.0,3597.687950549941,-12420.526594579953,-3577.2502293669404,8822.838644030013,1146.957892294438
pm2,short,1789632000,0.49999999999999994,0.15518683822527846,56.643195952226634,76923.82347516104,77658.98123535716,0.35011754285056773,0.009511579299521462,0.03671052470704204,1.0,0.949999988079071,1.0,True,76358.48615773817,1.0,3892.0118400119336,-12885.052656232114,-3869.9021256841825,8993.04081622018,1169.083959941755
pm2,short,1789632000,0.525,0.15518683822527846,56.643195952226634,76923.82347516104,76991.39329348033,0.35063094708188686,0.0009935234364317597,0.03671052470704204,1.0,0.949999988079071,1.0,True,76358.48615773817,1.0,4203.649019760664,-13356.037055958266,-4179.76895906674,9152.388036197603,1189.7988974966825
pm2,short,1789632000,0.5499999999999999,0.15518683822527846,56.643195952226634,76923.82347516104,76325.10123930534,0.35142192867943256,-0.007577927304744277,0.03671052470704204,1.0,0.949999988079071,1.0,False,76358.48615773817,1.0,3935.8692923236786,-12269.239394940807,-3913.510432879839,8333.37010261713,1083.3275994540238
pm2,short,1789632000,0.575,0.15518683822527846,56.643195952226634,76923.82347516104,75655.89012562981,0.3525122879485876,-0.016259113395553377,0.03671052470704204,1.0,0.949999988079071,1.0,False,76358.48615773817,1.0,3619.2784151356877,-11741.388823431309,-3598.718042988654,8122.110408295621,1055.864105730298
pm2,short,1789632000,0.6,0.15518683822527846,56.643195952226634,76923.82347516104,74979.30827856147,0.3539307557005064,-0.02511168005731135,0.03671052470704204,1.0,0.949999988079071,1.0,False,76358.48615773817,1.0,3319.844607476632,-11216.71875544167,-3300.9852568628066,7896.874147965038,1026.5836760590773
pm2,short,1789632000,0.625,0.15518683822527846,56.643195952226634,76923.82347516104,74290.49566285063,0.3557144639929589,-0.034205208831440986,0.03671052470704204,1.0,0.949999988079071,1.0,False,76358.48615773817,1.0,3036.165279231164,-10692.268220050493,-3018.917452211315,7656.10294081933,995.2837229017239
pm2,short,1789632000,0.65,0.15518683822527846,56.643195952226634,76923.82347516104,73583.9742154039,0.35791099111415275,-0.04362057832164967,0.03671052470704204,1.0,0.949999988079071,1.0,False,76358.48615773817,1.0,2767.0025644327275,-10164.949220238981,-2751.2837951281494,7397.946655806254,961.7237315556831
pm2,short,1789632000,0.675,0.15518683822527846,56.643195952226634,76923.82347516104,72853.37806691491,0.3605811966416265,-0.05345443715276829,0.03671052470704204,1.0,0.949999988079071,1.0,False,76358.48615773817,1.0,2511.254602783437,-9631.449683915052,-2496.988684755859,7120.195081131616,925.6163772762479
pm2,short,1789632000,0.7,0.15518683822527846,56.643195952226634,76923.82347516104,72091.09120361178,0.3638031760033233,-0.06382536875592744,0.03671052470704204,1.0,0.949999988079071,1.0,False,76358.48615773817,1.0,2267.930702093729,-9088.121930819498,-2255.0470568223686,6820.191228725769,886.6162549665814
pm2,short,1789632000,0.725,0.15518683822527846,56.643195952226634,76923.82347516104,71287.74242957299,0.3676778488236413,-0.0748826624160756,0.03671052470704204,1.0,0.949999988079071,1.0,False,76358.48615773817,1.0,2036.128937855007,-8561.703729778532,-2024.5621104656634,6525.574791923525,848.3164898882924
pm2,short,1789632000,0.75,0.15518683822527846,56.643195952226634,76923.82347516104,70431.47656709257,0.3723370123001265,-0.086819194352607,0.03671052470704204,1.0,0.949999988079071,1.0,False,76358.48615773817,1.0,1815.0148717862842,-8050.993389259034,-1804.704147676072,6235.97851747275,810.6693395819526
pm2,short,1789632000,0.775,0.15518683822527846,56.643195952226634,76923.82347516104,69506.86454169295,0.3779552674427581,-0.09989100797536878,0.03671052470704204,1.0,0.949999988079071,1.0,False,76358.48615773817,1.0,1603.8001238498682,-7531.069275891529,-1594.689267039811,5927.269152041661,770.537511562409
pm2,short,1789632000,0.7999999999999999,0.15518683822527846,56.643195952226634,76923.82347516104,68493.20686291473,0.3847683467707829,-0.11444829800868936,0.03671052470704204,1.0,0.949999988079071,1.0,False,76358.48615773817,1.0,1401.7195615767448,-6998.154948615395,-1393.7566826471977,5596.43538703865,727.5295395120028
pm2,short,1789632000,0.825,0.15518683822527846,56.643195952226634,76923.82347516104,67361.76303151184,0.3931027149570073,-0.13098691848237445,0.03671052470704204,1.0,0.949999988079071,1.0,False,76358.48615773817,1.0,1208.0059255411782,-6447.579302871891,-1201.1434937146446,5239.573377330713,681.1379284887715
pm2,short,1789632000,0.85,0.15518683822527846,56.643195952226634,76923.82347516104,66070.9457691555,0.4034266200652782,-0.15023953411393917,0.03671052470704204,1.0,0.949999988079071,1.0,False,76358.48615773817,1.0,1021.8607746216848,-5977.124875234657,-1016.0557948994807,4955.2641006129725,644.1780812173284
pm2,short,1789632000,0.875,0.15518683822527846,56.643195952226634,76923.82347516104,64557.30870500818,0.4164459646006257,-0.17335055195818605,0.03671052470704204,1.0,0.949999988079071,1.0,False,76358.48615773817,1.0,842.420409949208,-5634.979129974397,-837.634793827347,4792.558720025189,623.0265870199136
pm2,short,1789632000,0.9,0.15518683822527846,56.643195952226634,76923.82347516104,62716.795479594955,0.43330532374124964,-0.2022500724035117,0.03671052470704204,1.0,0.949999988079071,1.0,False,76358.48615773817,1.0,668.7137271460332,-5257.765349702136,-664.9149027636066,4589.051622556102,596.5709211058551
pm2,short,1789632000,0.9249999999999999,0.15518683822527846,56.643195952226634,76923.82347516104,60359.650669711606,0.4560770068555902,-0.24058294359903423,0.03671052470704204,1.0,0.949999988079071,1.0,False,76358.48615773817,1.0,499.60182463945904,-4821.268520153551,-496.763689999933,4321.666695514093,561.8112179394687
pm2,short,1789632000,0.95,0.15518683822527846,56.643195952226634,76923.82347516104,57075.25334825398,0.4892482715232772,-0.29661306903665113,0.03671052470704204,1.0,0.949999988079071,1.0,False,76358.48615773817,1.0,333.66218294074054,-4274.202941741971,-331.7667170865272,3940.5407588012304,512.2653270184423
pm2,short,1789632000,0.05,0.21169587911100132,77.26899587551549,77134.4257460737,108474.1822471232,0.4252385340568865,0.33906451546280864,0.03705151604109814,1.0,0.949999988079071,1.0,True,76358.48615773817,1.0,293.6839211825345,-4279.849231472776,-291.38937690534294,3986.165310290242,516.781614918958
pm2,short,1789632000,0.075,0.21169587911100132,77.26899587551549,77134.4257460737,102967.80343262333,0.4093545072274318,0.2873704843539259,0.03705151604109814,1.0,0.949999988079071,1.0,True,76358.48615773817,1.0,453.8762023705181,-4815.678770650931,-450.33008027260274,4361.802568280413,565.4806561520862
pm2,short,1789632000,0.1,0.21169587911100132,77.26899587551549,77134.4257460737,99218.16819454952,0.3984823895328648,0.2505537513512744,0.03705151604109814,1.0,0.949999988079071,1.0,True,76358.48615773817,1.0,621.8453181493796,-5247.199503804017,-616.9868580391958,4625.354185654637,599.6484891041115
pm2,short,1789632000,0.125,0.21169587911100132,77.26899587551549,77134.4257460737,96380.70556322465,0.39038805252082326,0.22174753057383362,0.03705151604109814,1.0,0.949999988079071,1.0,True,76358.48615773817,1.0,797.4938519661166,-5623.720476287127,-791.2630547649198,4826.226624321011,625.6903552000159
pm2,short,1789632000,0.15,0.21169587911100132,77.26899587551549,77134.4257460737,94095.94857409855,0.384072240862038,0.19792062670855648,0.03705151604109814,1.0,0.949999988079071,1.0,True,76358.48615773817,1.0,980.8993898839361,-6118.0664660493985,-973.2356503352407,5137.167076165462,666.001856690682
pm2,short,1789632000,0.175,0.21169587911100132,77.26899587551549,77134.4257460737,92178.59135344853,0.3790017754557585,0.17746653747722907,0.03705151604109814,1.0,0.949999988079071,1.0,True,76358.48615773817,1.0,1172.251361850007,-6696.933096988133,-1163.0925946864363,5524.681735138126,716.2407293113663
pm2,short,1789632000,0.2,0.21169587911100132,77.26899587551549,77134.4257460737,90520.96802674611,0.37485942920343684,0.159430312353414,0.03705151604109814,1.0,0.949999988079071,1.0,True,76358.48615773817,1.0,1371.8247224594136,-7252.861220761601,-1361.1066942010293,5881.036498302187,762.4399146578911
pm2,short,1789632000,0.22499999999999998,0.21169587911100132,77.26899587551549,77134.4257460737,89055.11290150225,0.37144206058297946,0.14319701855660197,0.03705151604109814,1.0,0.949999988079071,1.0,True,76358.48615773817,1.0,1579.9686760073384,-7791.61120266502,-1567.6244248507717,6211.642526657682,805.3009362001852
pm2,short,1789632000,0.25,0.21169587911100132,77.26899587551549,77134.4257460737,87735.39657858771,0.3686126582406195,0.12834624094512606,0.03705151604109814,1.0,0.949999988079071,1.0,True,76358.48615773817,1.0,1797.102965267292,-8333.678676380367,-1783.0622499706174,6536.575711113075,847.4265087072098
pm2,short,1789632000,0.27499999999999997,0.21169587911100132,77.26899587551549,77134.4257460737,86529.67471509801,0.36627533596046463,0.11457661526791496,0.03705151604109814,1.0,0.949999988079071,1.0,True,76358.48615773817,1.0,2023.718706492967,-8900.393357431602,-2007.9074487366677,6876.674650938635,891.5182273576039
pm2,short,1789632000,0.3,0.21169587911100132,77.26899587551549,77134.4257460737,85414.39515892102,0.3643612674417443,0.10166346161851811,0.03705151604109814,1.0,0.949999988079071,1.0,True,76358.48615773817,1.0,2260.382472345064,-9450.493460709444,-2242.7221671932543,7190.11098836438,932.1533049373057
pm2,short,1789632000,0.32499999999999996,0.21169587911100132,77.26899587551549,77134.4257460737,84371.7152993839,0.3628203046636635,0.08943346297357398,0.03705151604109814,1.0,0.949999988079071,1.0,True,76358.48615773817,1.0,2507.7431072679537,-9987.612822094075,-2488.1501803812175,7479.869714826122,969.7187270765237
pm2,short,1789632000,0.35,0.21169587911100132,77.26899587551549,77134.4257460737,83387.71312164437,0.3616157592170058,0.0777487276504925,0.03705151604109814,1.0,0.949999988079071,1.0,True,76358.48615773817,1.0,2766.541181543848,-10514.949304111882,-2744.9262725278127,7748.408122568035,1004.533066477447
pm2,short,1789632000,0.37499999999999994,0.21169587911100132,77.26899587551549,77134.4257460737,82451.22703247129,0.3607210481810217,0.0664962985847536,0.03705151604109814,1.0,0.949999988079071,1.0,True,76358.48615773817,1.0,3037.6212672542547,-11035.392227747048,-3013.8884170964757,7997.770960492793,1036.8614121561534
pm2,short,1789632000,0.39999999999999997,0.21169587911100132,77.26899587551549,77134.4257460737,81553.0735876249,0.3601174968186392,0.055580958413476426,0.03705151604109814,1.0,0.949999988079071,1.0,True,76358.48615773817,1.0,3321.947447007882,-11551.622846666902,-3295.993164345403,8229.67539965902,1066.926384692496
pm2,short,1789632000,0.42499999999999993,0.21169587911100132,77.26899587551549,77134.4257460737,80685.50049506068,0.35979289519626245,0.044920091458939826,0.03705151604109814,1.0,0.949999988079071,1.0,True,76358.48615773817,1.0,3620.6226957776807,-12066.197569377344,-3592.3348717348617,8445.574873599664,1094.9164127315178
pm2,short,1789632000,0.44999999999999996,0.21169587911100132,77.26899587551549,77134.4257460737,79841.78997590776,0.3597405725171344,0.03443985355082257,0.03705151604109814,1.0,0.949999988079071,1.0,True,76358.48615773817,1.0,3934.913043857173,-12581.620898568315,-3904.1696780990474,8646.707854711141,1120.9920565398486
pm2,short,1789632000,0.475,0.21169587911100132,77.26899587551549,77134.4257460737,79015.95967004861,0.3599588493529778,0.024072173914421933,0.03705151604109814,1.0,0.949999988079071,1.0,True,76358.48615773817,1.0,4266.277769872863,-13100.413489754144,-4232.9454607612915,8834.13571988128,1145.2909170495711
pm2,short,1789632000,0.49999999999999994,0.21169587911100132,77.26899587551549,77134.4257460737,78202.5267066019,0.36045078731603997,0.013752269209846539,0.03705151604109814,1.0,0.949999988079071,1.0,True,76358.48615773817,1.0,4616.407329758703,-13625.1799528937,-4580.339468170523,9008.772623134999,1167.9315086614959
pm2,short,1789632000,0.525,0.21169587911100132,77.26899587551549,77134.4257460737,77396.31130927458,0.36122419540582035,0.003416438033184946,0.03705151604109814,1.0,0.949999988079071,1.0,True,76358.48615773817,1.0,4987.2713600609,-14158.680843533957,-4948.305948157606,9171.409483473057,1189.0163691197117
pm2,short,1789632000,0.5499999999999999,0.21169587911100132,77.26899587551549,77134.4257460737,76592.26247716995,0.3622918821271648,-0.007000049773987253,0.03705151604109814,1.0,0.949999988079071,1.0,False,76358.48615773817,1.0,4839.01672128633,-13093.417149114142,-4801.209618736857,8254.400427827812,1070.1318312787175
pm2,short,1789632000,0.575,0.21169587911100132,77.26899587551549,77134.4257460737,75785.29148979543,0.363672168821331,-0.017565138412409642,0.03705151604109814,1.0,0.949999988079071,1.0,False,76358.48615773817,1.0,4451.7287382705335,-12477.464405540242,-4416.94750592021,8025.735667269709,1040.4868629852
pm2,short,1789632000,0.6,0.21169587911100132,77.26899587551549,77134.4257460737,74970.10000984369,0.36538970745176713,-0.028352424533097557,0.03705151604109814,1.0,0.949999988079071,1.0,False,76358.48615773817,1.0,4085.247492071672,-11867.131021569294,-4053.329567466654,7781.883529497622,1008.8729454103359
pm2,short,1789632000,0.625,0.21169587911100132,77.26899587551549,77134.4257460737,74140.98862834908,0.36747668047721715,-0.039444063566015736,0.03705151604109814,1.0,0.949999988079071,1.0,False,76358.48615773817,1.0,3737.786555250335,-11259.169158493152,-3708.5833332443904,7521.382603242817,975.1006156451059
pm2,short,1789632000,0.65,0.21169587911100132,77.26899587551549,77134.4257460737,73291.6285719679,0.3699745082256797,-0.05093443076359438,0.03705151604109814,1.0,0.949999988079071,1.0,False,76358.48615773817,1.0,3407.7746877598943,-10659.99668971886,-3381.149839261494,7252.222001958966,940.2056127095908
pm2,short,1789632000,0.675,0.21169587911100132,77.26899587551549,77134.4257460737,72414.77316352005,0.3729362609666231,-0.06293494986734917,0.03705151604109814,1.0,0.949999988079071,1.0,False,76358.48615773817,1.0,3093.819899932331,-10094.135458822191,-3069.647971426378,7000.315558889861,907.5475043964001
pm2,short,1789632000,0.7,0.21169587911100132,77.26899587551549,77134.4257460737,71501.87480212607,0.37643008690836777,-0.07558071804942086,0.03705151604109814,1.0,0.949999988079071,1.0,False,76358.48615773817,1.0,2794.679445131465,-9530.210221344056,-2772.8446926475854,6735.53077621259,873.2197992094915
pm2,short,1789632000,0.725,0.21169587911100132,77.26899587551549,77134.4257460737,70542.55440494734,0.3805441570485689,-0.0890399293681393,0.03705151604109814,1.0,0.949999988079071,1.0,False,76358.48615773817,1.0,2509.234146323411,-8965.644653862462,-2489.6295699901693,6456.410507539051,837.0335871551745
pm2,short,1789632000,0.75,0.21169587911100132,77.26899587551549,77134.4257460737,69523.83692017799,0.3853939578111335,-0.10352776540618246,0.03705151604109814,1.0,0.949999988079071,1.0,False,76358.48615773817,1.0,2236.4657064562775,-8397.637735908014,-2218.9922623286757,6161.172029451736,798.757749196746
pm2,short,1789632000,0.775,0.21169587911100132,77.26899587551549,77134.4257460737,68429.00535127337,0.39113336470654,-0.11932766081798803,0.03705151604109814,1.0,0.949999988079071,1.0,False,76358.48615773817,1.0,1975.435758621845,-7823.031852936461,-1960.001734189325,5847.5960943146165,758.104573639387
pm2,short,1789632000,0.7999999999999999,0.21169587911100132,77.26899587551549,77134.4257460737,67235.80788833402,0.39797209136104633,-0.13682527783596257,0.03705151604109814,1.0,0.949999988079071,1.0,False,76358.48615773817,1.0,1725.2653696226396,-7238.125749244365,-1711.7859194551945,5512.860379621725,714.7081638709601
pm2,short,1789632000,0.825,0.21169587911100132,77.26899587551549,77134.4257460737,65913.5114060894,0.40620449599267167,-0.15656558668617143,0.03705151604109814,1.0,0.949999988079071,1.0,False,76358.48615773817,1.0,1485.1134670623928,-6638.391922968291,-1473.5103170051675,5153.278455905898,668.0905971699946
pm2,short,1789632000,0.85,0.21169587911100132,77.26899587551549,77134.4257460737,64417.76130179067,0.4162600379483098,-0.17935487469918412,0.03705151604109814,1.0,0.949999988079071,1.0,False,76358.48615773817,1.0,1254.1520701931454,-6018.020215199464,-1244.353415081787,4763.868145006318,617.6059650316134
pm2,short,1789632000,0.875,0.21169587911100132,77.26899587551549,77134.4257460737,62680.910462969165,0.42879870351819155,-0.20645797020039505,0.03705151604109814,1.0,0.949999988079071,1.0,False,76358.48615773817,1.0,1031.5348841315697,-5559.345495221018,-1023.4755308799372,4527.810611089448,587.0025695135123
pm2,short,1789632000,0.9,0.21169587911100132,77.26899587551549,77134.4257460737,60591.90387818704,0.4449110100066262,-0.24002163553856048,0.03705151604109814,1.0,0.949999988079071,1.0,False,76358.48615773817,1.0,816.3526626088516,-5116.144159994186,-809.9745220466034,4299.791497385335,557.441305331064
pm2,short,1789632000,0.9249999999999999,0.21169587911100132,77.26899587551549,77134.4257460737,57948.0952071589,0.4666025958494052,-0.28412814864327246,0.03705151604109814,1.0,0.949999988079071,1.0,False,76358.48615773817,1.0,607.5601137228467,-4611.048110969528,-602.8132635160396,4003.4879972466815,519.0273938677072
pm2,short,1789632000,0.95,0.21169587911100132,77.26899587551549,77134.4257460737,54311.76939194812,0.49826256675359554,-0.34809031475462315,0.03705151604109814,1.0,0.949999988079071,1.0,False,76358.48615773817,1.0,403.8301031910053,-3991.0138968035344,-400.67498986879514,3587.183793612529,465.0561353009261
pm2,short,1789632000,0.05,0.28878186929437494,105.40538229244686,77436.79708111743,118748.34251706942,0.45053446396808833,0.4273922630746938,0.037361892129074814,1.0,0.949999988079071,1.0,True,76358.48615773817,1.0,358.955186771597,-3849.1331849333296,-355.10308077707765,3490.177998161733,450.7131144003366
pm2,short,1789632000,0.075,0.28878186929437494,105.40538229244686,77436.79708111743,111052.4526774217,0.4313392564358058,0.36042006021941725,0.037361892129074814,1.0,0.949999988079071,1.0,True,76358.48615773817,1.0,551.8013965387166,-4473.859458000411,-545.8797730444272,3922.0580614616943,506.4850574014855
pm2,short,1789632000,0.1,0.28878186929437494,105.40538229244686,77436.79708111743,105895.07895123512,0.4178610391648583,0.312885930433057,0.037361892129074814,1.0,0.949999988079071,1.0,True,76358.48615773817,1.0,752.4547816161056,-5028.870470579127,-744.3798583898251,4276.415688963021,552.2459412265391
pm2,short,1789632000,0.125,0.28878186929437494,105.40538229244686,77436.79708111743,102045.35808505994,0.4075952382992072,0.2758685169026951,0.037361892129074814,1.0,0.949999988079071,1.0,True,76358.48615773817,1.0,960.8917904224625,-5722.2723557669415,-950.5800379743644,4761.380565344479,614.8731281275471
pm2,short,1789632000,0.15,0.28878186929437494,105.40538229244686,77436.79708111743,98983.53146795165,0.3994105355783867,0.24541532541694733,0.037361892129074814,1.0,0.949999988079071,1.0,True,76358.48615773817,1.0,1177.2697678271668,-6372.363537792837,-1164.635968130413,5195.09376996567,670.8817985490346
pm2,short,1789632000,0.175,0.28878186929437494,105.40538229244686,77436.79708111743,96443.28462641961,0.3926982043812566,0.21942566601163518,0.037361892129074814,1.0,0.949999988079071,1.0,True,76358.48615773817,1.0,1401.862825280387,-6991.304499848078,-1386.8188186975801,5589.441674567692,721.8069296839046
pm2,short,1789632000,0.2,0.28878186929437494,105.40538229244686,77436.79708111743,94270.66956628775,0.3870934188844753,0.19664806281141065,0.037361892129074814,1.0,0.949999988079071,1.0,True,76358.48615773817,1.0,1635.0364029534348,-7587.275619473405,-1617.4901081480068,5952.23921651997,768.6577235735635
pm2,short,1789632000,0.22499999999999998,0.28878186929437494,105.40538229244686,77436.79708111743,92368.94329101514,0.38236107276249354,0.17627526677730046,0.037361892129074814,1.0,0.949999988079071,1.0,True,76358.48615773817,1.0,1877.2374564606075,-8166.193470720678,-1857.091995618669,6288.956014260071,812.1405134657359
pm2,short,1789632000,0.25,0.28878186929437494,105.40538229244686,77436.79708111743,90673.4306205106,0.3783417403212443,0.15775470512136802,0.037361892129074814,1.0,0.949999988079071,1.0,True,76358.48615773817,1.0,2128.9925170742167,-8732.592804805641,-2106.145361943224,6603.600287731424,852.7729111541054
pm2,short,1789632000,0.27499999999999997,0.28878186929437494,105.40538229244686,77436.79708111743,89138.757515873,0.3749233658315302,0.14068998075676406,0.037361892129074814,1.0,0.949999988079071,1.0,True,76358.48615773817,1.0,2390.910577407622,-9290.125272691443,-2365.25266436742,6899.214695283821,890.9478381520198
pm2,short,1789632000,0.3,0.28878186929437494,105.40538229244686,77436.79708111743,87731.8166732987,0.37202527308475314,0.12478548025226195,0.037361892129074814,1.0,0.949999988079071,1.0,True,76358.48615773817,1.0,2663.689550037571,-9871.632035360748,-2635.1043258611535,7207.942485323178,930.8161955320331
pm2,short,1789632000,0.32499999999999996,0.28878186929437494,105.40538229244686,77436.79708111743,86427.6354489834,0.36958860435323554,0.1098132154620662,0.037361892129074814,1.0,0.949999988079071,1.0,True,76358.48615773817,1.0,2948.1258649450133,-10480.360569699364,-2916.4882295649772,7532.23470475435,972.6945055416098
pm2,short,1789632000,0.35,0.28878186929437494,105.40538229244686,77436.79708111743,85206.81873388148,0.3675703537527781,0.0955919227379511,0.037361892129074814,1.0,0.949999988079071,1.0,True,76358.48615773817,1.0,3245.12722063074,-11076.600241788921,-3210.3023330678025,7831.473021158181,1011.3374153316894
pm2,short,1789632000,0.37499999999999994,0.28878186929437494,105.40538229244686,77436.79708111743,84053.89522282212,0.3659395300791151,0.08197328565184273,0.037361892129074814,1.0,0.949999988079071,1.0,True,76358.48615773817,1.0,3555.7288105763,-11663.514535249702,-3517.5707207345854,8107.785724673402,1047.019767124439
pm2,short,1789632000,0.39999999999999997,0.28878186929437494,105.40538229244686,77436.79708111743,82956.20561852102,0.36467464865982935,0.06883247230692323,0.037361892129074814,1.0,0.949999988079071,1.0,True,76358.48615773817,1.0,3881.1136119771622,-12244.097553546748,-3839.4636747122104,8362.983941569586,1079.9754453698677
pm2,short,1789632000,0.42499999999999993,0.28878186929437494,105.40538229244686,77436.79708111743,81903.12776875698,0.36376209592855646,0.056061366986077006,0.037361892129074814,1.0,0.949999988079071,1.0,True,76358.48615773817,1.0,4222.6376028465675,-12821.252524777361,-4177.322621417423,8598.614921930794,1110.404258187936
pm2,short,1789632000,0.44999999999999996,0.28878186929437494,105.40538229244686,77436.79708111743,80885.51699146138,0.3631950994249387,0.04356351478204661,0.037361892129074814,1.0,0.949999988079071,1.0,True,76358.48615773817,1.0,4581.861107920906,-13397.865461941929,-4532.691141055557,8816.004354021023,1138.4774017429966
pm2,short,1789632000,0.475,0.28878186929437494,105.40538229244686,77436.79708111743,79895.28609931775,0.3629731458468505,0.03125015441455324,0.037361892129074814,1.0,0.949999988079071,1.0,True,76358.48615773817,1.0,4960.587904990847,-13976.878231154074,-4907.353654284443,9016.290326163227,1164.3418459984064
pm2,short,1789632000,0.49999999999999994,0.28878186929437494,105.40538229244686,77436.79708111743,78925.0761862308,0.3631017580393915,0.019036917635939555,0.037361892129074814,1.0,0.949999988079071,1.0,True,76358.48615773817,1.0,5360.914303527326,-14561.365258246415,-5303.383974156015,9200.450954719088,1188.1239025267707
pm2,short,1789632000,0.525,0.28878186929437494,105.40538229244686,77436.79708111743,77967.98475259783,0.36359258803505023,0.006840888261512223,0.037361892129074814,1.0,0.949999988079071,1.0,True,76358.48615773817,1.0,5785.29120989549,-15154.618487218459,-5723.2067052812,9369.32727732297,1209.9321808866023
pm2,short,1789632000,0.5499999999999999,0.28878186929437494,105.40538229244686,77436.79708111743,77017.32672451051,0.3644638186610511,-0.0054222270049376475,0.037361892129074814,1.0,0.949999988079071,1.0,False,76358.48615773817,1.0,5817.1329699612925,-14163.638473976249,-5754.706757414237,8346.505504014956,1077.8474599448807
pm2,short,1789632000,0.575,0.28878186929437494,105.40538229244686,77436.79708111743,76066.40872252022,0.3657408980793232,-0.017841044127637352,0.037361892129074814,1.0,0.949999988079071,1.0,False,76358.48615773817,1.0,5347.882904631316,-13457.19772021753,-5290.492420933388,8109.314815586214,1047.2172302131062
pm2,short,1789632000,0.6,0.28878186929437494,105.40538229244686,77436.79708111743,75108.29872716841,0.3674576657495936,-0.030511806161809006,0.037361892129074814,1.0,0.949999988079071,1.0,False,76358.48615773817,1.0,4905.886374509167,-12760.060646856618,-4853.239149986642,7854.174272347452,1014.2689998037964
pm2,short,1789632000,0.625,0.28878186929437494,105.40538229244686,77436.79708111743,74135.57248142552,0.36965797081332724,-0.043542340025906026,0.037361892129074814,1.0,0.949999988079071,1.0,False,76358.48615773817,1.0,4488.653947840339,-12067.963100084988,-4440.484228006686,7579.309152244648,978.7735854189693
pm2,short,1789632000,0.65,0.28878186929437494,105.40538229244686,77436.79708111743,73140.0143569063,0.37239794292301326,-0.057057058579017925,0.037361892129074814,1.0,0.949999988079071,1.0,False,76358.48615773817,1.0,4093.9859983978417,-11376.644647598361,-4050.051633923019,7282.658649200519,940.4648595643372
pm2,short,1789632000,0.675,0.28878186929437494,105.40538229244686,77436.79708111743,72112.24308334076,0.3757491637865247,-0.07120357392833561,0.037361892129074814,1.0,0.949999988079071,1.0,False,76358.48615773817,1.0,3719.920331406309,-10729.617521963097,-3680.0002301354907,7009.697190556788,905.2152793992648
pm2,short,1789632000,0.7,0.28878186929437494,105.40538229244686,77436.79708111743,71041.2197378738,0.37980312692202517,-0.08616178235963808,0.037361892129074814,1.0,0.949999988079071,1.0,False,76358.48615773817,1.0,3364.687532370072,-10104.072488442209,-3328.5795905136565,6739.384956072137,870.3078136111988
pm2,short,1789632000,0.725,0.28878186929437494,105.40538229244686,77436.79708111743,69913.5728714378,0.3846776030589381,-0.10215678912101735,0.037361892129074814,1.0,0.949999988079071,1.0,False,76358.48615773817,1.0,3026.671584705005,-9481.73495340196,-2994.1910406581724,6455.063368696954,833.5912139980527
pm2,short,1789632000,0.75,0.28878186929437494,105.40538229244686,77436.79708111743,68712.63607614602,0.3905259258681393,-0.11947794375925148,0.037361892129074814,1.0,0.949999988079071,1.0,False,76358.48615773817,1.0,2704.3735784904798,-8859.382922808863,-2675.351756110023,6155.009344318383,794.8429656602173
pm2,short,1789632000,0.775,0.28878186929437494,105.40538229244686,77436.79708111743,67417.02132872761,0.3975509333085734,-0.13850792851010912,0.037361892129074814,1.0,0.949999988079071,1.0,False,76358.48615773817,1.0,2396.3763827875814,-8233.451672973473,-2370.6598137857377,5837.075290185892,753.7857336830933
pm2,short,1789632000,0.7999999999999999,0.28878186929437494,105.40538229244686,77436.79708111743,65998.4141131264,0.40602668198318886,-0.1597691047317001,0.037361892129074814,1.0,0.949999988079071,1.0,False,76358.48615773817,1.0,2101.307951909753,-7599.8326308884325,-2078.7578920245105,5498.52467897868,710.0661295712949
pm2,short,1789632000,0.825,0.28878186929437494,105.40538229244686,77436.79708111743,64417.99776761653,0.41633388272838395,-0.18400110882458803,0.037361892129074814,1.0,0.949999988079071,1.0,False,76358.48615773817,1.0,1817.8003825767735,-6953.572744002522,-1798.292767117872,5135.772361425748,663.2211758507868
pm2,short,1789632000,0.85,0.28878186929437494,105.40538229244686,77436.79708111743,62620.3048114126,0.42902128265591355,-0.2122989629453646,0.037361892129074814,1.0,0.949999988079071,1.0,False,76358.48615773817,1.0,1544.4406754720842,-6288.392667065531,-1527.8666032664999,4743.951991593447,612.6224444205784
pm2,short,1789632000,0.875,0.28878186929437494,105.40538229244686,77436.79708111743,60521.82418426037,0.44492058045117633,-0.24637892806550685,0.037361892129074814,1.0,0.949999988079071,1.0,False,76358.48615773817,1.0,1279.7067014828408,-5595.851995057783,-1265.9736059944612,4316.145293574942,557.3765259239282
pm2,short,1789632000,0.9,0.28878186929437494,105.40538229244686,77436.79708111743,57987.68480742121,0.46538517021906145,-0.28914671151726,0.037361892129074814,1.0,0.949999988079071,1.0,False,76358.48615773817,1.0,1021.876160990713,-4964.93541677424,-1010.9099584382799,3943.0592557835275,509.1971006565588
pm2,short,1789632000,0.9249999999999999,0.28878186929437494,105.40538229244686,77436.79708111743,54776.76056252761,0.4928643984784972,-0.3461055411957887,0.037361892129074814,1.0,0.949999988079071,1.0,False,76358.48615773817,1.0,768.8807763325833,-4358.324032666248,-760.6295785320809,3589.443256333665,463.5319888777957
pm2,short,1789632000,0.95,0.28878186929437494,105.40538229244686,77436.79708111743,50381.36230982706,0.5326330284863532,-0.42974343399079645,0.037361892129074814,1.0,0.949999988079071,1.0,False,76358.48615773817,1.0,518.0254445893613,-3621.4472516299847,-512.4662856916818,3103.421807040623,400.7683587157787
pm2,short,1789632000,0.05,0.3939376070208052,143.7872265625939,77851.1482971451,130808.66886044834,0.46194578456093105,0.5122519549229474,0.03761263176144844,1.0,0.949999988079071,1.0,True,76358.48615773817,1.0,425.08746423617623,-3545.9254010640934,-418.83536362790414,3120.837936827917,400.87243477979143
pm2,short,1789632000,0.075,0.3939376070208052,143.7872265625939,77851.1482971451,120372.69946386304,0.44010659719974726,0.43047467565136116,0.03761263176144844,1.0,0.949999988079071,1.0,True,76358.48615773817,1.0,650.4344913050659,-4449.6011806065235,-640.868032115221,3799.1666893014576,488.0039373087548
pm2,short,1789632000,0.1,0.3939376070208052,143.7872265625939,77851.1482971451,113574.63607879472,0.42523830059968204,0.37320183549791563,0.03761263176144844,1.0,0.949999988079071,1.0,True,76358.48615773817,1.0,884.6617531349209,-5251.860160782171,-871.6503266633608,4367.19840764725,560.9677574668992
pm2,short,1789632000,0.125,0.3939376070208052,143.7872265625939,77851.1482971451,108599.4136481453,0.4142207190151921,0.3290208154843444,0.03761263176144844,1.0,0.949999988079071,1.0,True,76358.48615773817,1.0,1128.0688388090452,-5991.581598469924,-1111.4774300598795,4863.512759660878,624.7194634943141
pm2,short,1789632000,0.15,0.3939376070208052,143.7872265625939,77851.1482971451,104699.50772059898,0.40565505787515227,0.29292244548634483,0.03761263176144844,1.0,0.949999988079071,1.0,True,76358.48615773817,1.0,1381.0192457201924,-6689.131926338652,-1360.707493451258,5308.11268061846,681.828437566298
pm2,short,1789632000,0.175,0.3939376070208052,143.7872265625939,77851.1482971451,101499.37709473257,0.3987943402182147,0.26226687176230146,0.03761263176144844,1.0,0.949999988079071,1.0,True,76358.48615773817,1.0,1643.93894080333,-7356.919296162129,-1619.760218736763,5712.980355358799,733.8337944038136
pm2,short,1789632000,0.2,0.3939376070208052,143.7872265625939,77851.1482971451,98785.49250075562,0.39319407872182993,0.2354937025554105,0.03761263176144844,1.0,0.949999988079071,1.0,True,76358.48615773817,1.0,1917.3175905482833,-8003.292841020687,-1889.118070490329,6085.975250472404,781.7450845096378
pm2,short,1789632000,0.22499999999999998,0.3939376070208052,143.7872265625939,77851.1482971451,96425.58607413781,0.3885696377891267,0.2116038052051585,0.03761263176144844,1.0,0.949999988079071,1.0,True,76358.48615773817,1.0,2201.712040798775,-8634.298290631466,-2169.3297045794648,6432.5862498326915,826.2673564274943
pm2,short,1789632000,0.25,0.3939376070208052,143.7872265625939,77851.1482971451,94332.36380278357,0.3847289658812196,0.18991800697777417,0.03761263176144844,1.0,0.949999988079071,1.0,True,76358.48615773817,1.0,2497.7517624141315,-9254.578793378649,-2461.015333733159,6756.827030964518,867.9161680666307
pm2,short,1789632000,0.27499999999999997,0.3939376070208052,143.7872265625939,77851.1482971451,92445.30004770891,0.38153747719525544,0.16995232197918764,0.03761263176144844,1.0,0.949999988079071,1.0,True,76358.48615773817,1.0,2806.146196223839,-9867.883585110118,-2764.8739644683756,7061.7373888862785,907.0819818781326
pm2,short,1789632000,0.3,0.3939376070208052,143.7872265625939,77851.1482971451,90720.71637219004,0.3788982776967006,0.1513481247784701,0.03761263176144844,1.0,0.949999988079071,1.0,True,76358.48615773817,1.0,3127.694096893117,-10477.377987320588,-3081.692603527986,7349.68389042747,944.0687839792586
pm2,short,1789632000,0.32499999999999996,0.3939376070208052,143.7872265625939,77851.1482971451,89126.01281611565,0.3767403678155741,0.1338305549207035,0.03761263176144844,1.0,0.949999988079071,1.0,True,76358.48615773817,1.0,3463.295112572409,-11093.304810907866,-3412.357667219071,7630.009698335458,980.0767060253188
pm2,short,1789632000,0.35,0.3939376070208052,143.7872265625939,77851.1482971451,87636.13233476358,0.3750112833500602,0.11718243011070383,0.03761263176144844,1.0,0.949999988079071,1.0,True,76358.48615773817,1.0,3813.963969860574,-11753.201930569405,-3757.8689577464947,7939.237960708831,1019.7971557729705
pm2,short,1789632000,0.37499999999999994,0.3939376070208052,143.7872265625939,77851.1482971451,86231.29603473465,0.3736723492817144,0.10122714406381009,0.03761263176144844,1.0,0.949999988079071,1.0,True,76358.48615773817,1.0,4180.847780302568,-12404.708494603914,-4119.356715170202,8223.860714301347,1056.3570215961638
pm2,short,1789632000,0.39999999999999997,0.3939376070208052,143.7872265625939,77851.1482971451,84895.49557666984,0.37269554989141457,0.08581699299113946,0.03761263176144844,1.0,0.949999988079071,1.0,True,76358.48615773817,1.0,4565.247162036766,-13051.113996814434,-4498.102428399555,8485.86683477767,1090.0117750849997
pm2,short,1789632000,0.42499999999999993,0.3939376070208052,143.7872265625939,77851.1482971451,83615.45384976476,0.37206144625293186,0.07082488815705616,0.03761263176144844,1.0,0.949999988079071,1.0,True,76358.48615773817,1.0,4968.642096634268,-13695.594258947101,-4895.564311735482,8726.952162312835,1120.9792473456507
pm2,short,1789632000,0.44999999999999996,0.3939376070208052,143.7872265625939,77851.1482971451,82379.8838436804,0.37175780573761613,0.05613822387419147,0.03761263176144844,1.0,0.949999988079071,1.0,True,76358.48615773817,1.0,5392.723739978243,-14341.291019458484,-5313.408647881821,8948.567279480241,1149.4457660823477
pm2,short,1789632000,0.475,0.3939376070208052,143.7872265625939,77851.1482971451,81178.94132887288,0.3717787426875122,0.04165412319477633,0.03761263176144844,1.0,0.949999988079071,1.0,True,76358.48615773817,1.0,5839.433809458225,-14991.389883768446,-5753.548595840738,9151.956074310221,1175.5711090321624
pm2,short,1789632000,0.49999999999999994,0.3939376070208052,143.7872265625939,77851.1482971451,80003.80456818594,0.3721242514622023,0.02727554235028402,0.03761263176144844,1.0,0.949999988079071,1.0,True,76358.48615773817,1.0,6311.013724384109,-15649.20092648219,-6218.192608579408,9338.18720209808,1199.4925452423317
pm2,short,1789632000,0.525,0.3939376070208052,143.7872265625939,77851.1482971451,78846.33632899025,0.37280006686438205,0.01290786258678634,0.03761263176144844,1.0,0.949999988079071,1.0,True,76358.48615773817,1.0,6810.066451593353,-16318.246603220501,-6709.905369024521,9508.180151627148,1221.328183283306
pm2,short,1789632000,0.5499999999999999,0.3939376070208052,143.7872265625939,77851.1482971451,77698.7964320712,0.3738178260495469,-0.0015443230283082438,0.03761263176144844,1.0,0.949999988079071,1.0,False,76358.48615773817,1.0,7187.283243934797,-15567.759904752642,-7081.574132935925,8380.476660817845,1076.474380163403
pm2,short,1789632000,0.575,0.3939376070208052,143.7872265625939,77851.1482971451,76553.58038988599,0.3751955388688829,-0.016180488904977898,0.03761263176144844,1.0,0.949999988079071,1.0,False,76358.48615773817,1.0,6605.7360626609125,-14733.724498363274,-6508.580230202751,8127.988435702361,1044.0422027789698
pm2,short,1789632000,0.6,0.3939376070208052,143.7872265625939,77851.1482971451,75402.96311996836,0.3769584064822575,-0.031107791451313864,0.03761263176144844,1.0,0.949999988079071,1.0,False,76358.48615773817,1.0,6057.144672462973,-13914.252065108882,-5968.057411423402,7857.1073926459085,1009.2474632046036
pm2,short,1789632000,0.625,0.3939376070208052,143.7872265625939,77851.1482971451,74238.82702567053,0.3791400670993256,-0.04644533687652674,0.03761263176144844,1.0,0.949999988079071,1.0,False,76358.48615773817,1.0,5538.494094561279,-13151.812068434516,-5457.035041517447,7613.317973873237,977.9326497297698
pm2,short,1789632000,0.65,0.3939376070208052,143.7872265625939,77851.1482971451,73052.35091506512,0.38178440051956436,-0.06232952184950276,0.03761263176144844,1.0,0.949999988079071,1.0,False,76358.48615773817,1.0,5047.143568709631,-12406.827304074086,-4972.911200007262,7359.683735364455,945.3532666305377
pm2,short,1789632000,0.675,0.3939376070208052,143.7872265625939,77851.1482971451,71833.62949779458,0.38494810137471125,-0.07892104672791778,0.03761263176144844,1.0,0.949999988079071,1.0,False,76358.48615773817,1.0,4580.762160358124,-11675.194928780184,-4513.389235257752,7094.43276842206,911.2817117794807
pm2,short,1789632000,0.7,0.3939376070208052,143.7872265625939,77851.1482971451,70571.18067348344,0.3887043543742322,-0.09641451059151994,0.03761263176144844,1.0,0.949999988079071,1.0,False,76358.48615773817,1.0,4137.275314493224,-10953.696109560644,-4076.4251043916843,6816.42079506742,875.57100237626
pm2,short,1789632000,0.725,0.3939376070208052,143.7872265625939,77851.1482971451,69251.27570230511,0.39314814940320636,-0.11505203392840871,0.03761263176144844,1.0,0.949999988079071,1.0,False,76358.48615773817,1.0,3714.819410854301,-10239.079696358496,-3660.182596899014,6524.260285504195,838.0429098620563
pm2,short,1789632000,0.75,0.3939376070208052,143.7872265625939,77851.1482971451,67856.9880935052,0.39840412942566966,-0.1351433119599746,0.03761263176144844,1.0,0.949999988079071,1.0,False,76358.48615773817,1.0,3311.7018576707087,-9527.946390436831,-3262.9940153071607,6216.244532766123,798.4782072885724
pm2,short,1789632000,0.775,0.3939376070208052,143.7872265625939,77851.1482971451,66366.78527259524,0.4046385113029559,-0.15709627990856176,0.03761263176144844,1.0,0.949999988079071,1.0,False,76358.48615773817,1.0,2926.3644819198094,-8816.60148188096,-2883.3241038877604,5890.236999961151,756.6024559431133
pm2,short,1789632000,0.7999999999999999,0.3939376070208052,143.7872265625939,77851.1482971451,64752.34970170145,0.41207786557198123,-0.18146605053008327,0.03761263176144844,1.0,0.949999988079071,1.0,False,76358.48615773817,1.0,2557.3479202429194,-8100.8523264738615,-2519.734963303728,5543.504406230943,712.0645651972009
pm2,short,1789632000,0.825,0.3939376070208052,143.7872265625939,77851.1482971451,62975.0370376394,0.42104010007596393,-0.20903703629585316,0.03761263176144844,1.0,0.949999988079071,1.0,False,76358.48615773817,1.0,2203.254292512112,-7375.708421506934,-2170.849273165959,5172.454128994823,664.4030617573438
pm2,short,1789632000,0.85,0.3939376070208052,143.7872265625939,77851.1482971451,60979.76793661947,0.4319886761946727,-0.24096951828017574,0.03761263176144844,1.0,0.949999988079071,1.0,False,76358.48615773817,1.0,1862.7043914774777,-6634.903280797311,-1835.3081113262597,4772.198889319833,612.990173388982
pm2,short,1789632000,0.875,0.3939376070208052,143.7872265625939,77851.1482971451,58683.67961585668,0.44563501230137587,-0.27908261460251704,0.03761263176144844,1.0,0.949999988079071,1.0,False,76358.48615773817,1.0,1534.2832723517022,-5870.068540403519,-1511.71734371967,4335.785268051817,556.9327316153172
pm2,short,1789632000,0.9,0.3939376070208052,143.7872265625939,77851.1482971451,55952.85809284063,0.4631527845829943,-0.3264608261569591,0.03761263176144844,1.0,0.949999988079071,1.0,False,76358.48615773817,1.0,1216.462563615411,-5069.162271805495,-1198.5710778065093,3852.699708190084,494.880267338506
pm2,short,1789632000,0.9249999999999999,0.3939376070208052,143.7872265625939,77851.1482971451,52547.54469896036,0.4866963055269578,-0.3889610825139213,0.03761263176144844,1.0,0.949999988079071,1.0,False,76358.48615773817,1.0,907.4727753967929,-4213.065001405145,-894.1258490148655,3305.5922260083526,424.60417069141323
pm2,short,1789632000,0.95,0.3939376070208052,143.7872265625939,77851.1482971451,47962.441662483136,0.5209686992874146,-0.47991903314471807,0.03761263176144844,1.0,0.949999988079071,1.0,False,76358.48615773817,1.0,605.0487257904465,-3422.378910045198,-596.149791277393,2817.3301842547517,361.88678598566884
pm2,short,1789632000,0.05,0.5373842845621513,196.1452638651852,78415.35164343454,146485.39345992135,0.46919975990499324,0.62414087986637,0.03792460323195367,1.0,0.949999988079071,1.0,True,76358.48615773817,1.0,498.6893771803144,-3726.0412121098443,-488.62890970702125,3227.35183492953,411.57142922788205
pm2,short,1789632000,0.075,0.5373842845621513,196.1452638651852,78415.35164343454,132526.73922961118,0.44651507724875894,0.523977574378466,0.03792460323195367,1.0,0.949999988079071,1.0,True,76358.48615773817,1.0,762.1510012010314,-4690.488608828547,-746.7755075406818,3928.3376076275154,500.9653754395199
pm2,short,1789632000,0.1,0.5373842845621513,196.1452638651852,78415.35164343454,123611.52233169986,0.43125958244164625,0.454356883522483,0.03792460323195367,1.0,0.949999988079071,1.0,True,76358.48615773817,1.0,1036.0195701274702,-5551.701610107366,-1015.119102493905,4515.682039979896,575.8670904790847
pm2,short,1789632000,0.125,0.5373842845621513,196.1452638651852,78415.35164343454,117176.41429824827,0.4200801103251086,0.40093377897946497,0.03792460323195367,1.0,0.949999988079071,1.0,True,76358.48615773817,1.0,1320.740673765216,-6349.942381014104,-1294.0962951257636,5029.201707248889,641.3542248866479
pm2,short,1789632000,0.15,0.5373842845621513,196.1452638651852,78415.35164343454,112184.23372453023,0.4114774641817849,0.35744573314586625,0.03792460323195367,1.0,0.949999988079071,1.0,True,76358.48615773817,1.0,1616.7755005681722,-7106.256923689554,-1584.1589699593808,5489.481423121382,700.051878627391
pm2,short,1789632000,0.175,0.5373842845621513,196.1452638651852,78415.35164343454,108120.9487170852,0.4046533553373789,0.32060871848133915,0.03792460323195367,1.0,0.949999988079071,1.0,True,76358.48615773817,1.0,1924.6279429209883,-7833.449805568873,-1885.8008539474417,5908.821862647885,753.5287081942979
pm2,short,1789632000,0.2,0.5373842845621513,196.1452638651852,78415.35164343454,104697.53346089061,0.39913413171611234,0.28849065301625987,0.03792460323195367,1.0,0.949999988079071,1.0,True,76358.48615773817,1.0,2244.8579293523185,-8540.131858925582,-2199.570579723769,6295.2739295732645,802.8114135352918
pm2,short,1789632000,0.22499999999999998,0.5373842845621513,196.1452638651852,78415.35164343454,101736.66629207766,0.3946172996968196,0.2598599251009985,0.03792460323195367,1.0,0.949999988079071,1.0,True,76358.48615773817,1.0,2578.0909514306645,-9232.53976312863,-2526.081020305383,6654.448811697966,848.6155672624752
pm2,short,1789632000,0.25,0.5373842845621513,196.1452638651852,78415.35164343454,99122.3130760404,0.39089922928251136,0.23388292646483494,0.03792460323195367,1.0,0.949999988079071,1.0,True,76358.48615773817,1.0,2925.026932337993,-9915.46831253056,-2866.0179787531547,6990.4413801925675,891.4633721186474
pm2,short,1789632000,0.27499999999999997,0.5373842845621513,196.1452638651852,78415.35164343454,96774.64664447974,0.3878374573853339,0.20996809905736652,0.03792460323195367,1.0,0.949999988079071,1.0,True,76358.48615773817,1.0,3286.449741739231,-10592.796122573862,-3220.1495110899978,7306.346380834631,931.7494888064266
pm2,short,1789632000,0.3,0.5373842845621513,196.1452638651852,78415.35164343454,94636.4813731205,0.3853294864732695,0.18767890930466818,0.03792460323195367,1.0,0.949999988079071,1.0,True,76358.48615773817,1.0,3663.2380802186267,-11267.805611963633,-3589.3365911567503,7604.567531745006,969.7804540014088
pm2,short,1789632000,0.32499999999999996,0.5373842845621513,196.1452638651852,78415.35164343454,92665.43933360033,0.38330014694678716,0.16668215847625834,0.03792460323195367,1.0,0.949999988079071,1.0,True,76358.48615773817,1.0,4056.3782830897294,-11943.391091101483,-3974.5456561203464,7887.012808011754,1005.7995842287481
pm2,short,1789632000,0.35,0.5373842845621513,196.1452638651852,78415.35164343454,90829.17984203802,0.3816937164109921,0.14671566529974564,0.03792460323195367,1.0,0.949999988079071,1.0,True,76358.48615773817,1.0,4466.9795838899,-12622.20280711489,-4376.863562045439,8155.223223224991,1040.0033988635184
pm2,short,1789632000,0.37499999999999994,0.5373842845621513,196.1452638651852,78415.35164343454,89102.3627967946,0.38046883320484154,0.12756715142812744,0.03792460323195367,1.0,0.949999988079071,1.0,True,76358.48615773817,1.0,4896.292454984341,-13314.59418094985,-4797.5155544984855,8418.30172596551,1073.5527609752608
pm2,short,1789632000,0.39999999999999997,0.5373842845621513,196.1452638651852,78415.35164343454,87464.64025470127,0.37959513287200314,0.10905988670659726,0.03792460323195367,1.0,0.949999988079071,1.0,True,76358.48615773817,1.0,5345.730784609179,-14036.385362590663,-5237.88699819524,8690.654577981484,1108.2848442099826
pm2,short,1789632000,0.42499999999999993,0.5373842845621513,196.1452638651852,78415.35164343454,85899.28161025136,0.37905099572814266,0.09104254867170682,0.03792460323195367,1.0,0.949999988079071,1.0,True,76358.48615773817,1.0,5816.898857910985,-14757.227865123015,-5699.549813729759,8940.32900721203,1140.1248377823956
pm2,short,1789632000,0.44999999999999996,0.5373842845621513,196.1452638651852,78415.35164343454,84392.20138339889,0.3788220441169028,0.07338176759990216,0.03792460323195367,1.0,0.949999988079071,1.0,True,76358.48615773817,1.0,6311.624399647399,-15480.476176132624,-6184.294853677689,9168.851776485226,1169.2674437241913
pm2,short,1789632000,0.475,0.5373842845621513,196.1452638651852,78415.35164343454,82931.24875783105,0.3789001717087625,0.05595639554936921,0.03792460323195367,1.0,0.949999988079071,1.0,True,76358.48615773817,1.0,6831.999336749505,-16209.531150371608,-6694.171842822231,9377.531813622103,1195.8795844292122
pm2,short,1789632000,0.49999999999999994,0.5373842845621513,196.1452638651852,78415.35164343454,81505.66951987494,0.37928297432655567,0.03865286252211037,0.03792460323195367,1.0,0.949999988079071,1.0,True,76358.48615773817,1.0,7380.430494850777,-16947.92351023504,-7231.539051940633,9567.493015384262,1220.1045860112924
pm2,short,1789632000,0.525,0.5373842845621513,196.1452638651852,78415.35164343454,80105.68127778178,0.3799735082447334,0.021361169351641916,0.03792460323195367,1.0,0.949999988079071,1.0,True,76358.48615773817,1.0,7959.703222971409,-17699.404749038018,-7799.125638935959,9739.701526066608,1242.0656570354208
pm2,short,1789632000,0.5499999999999999,0.5373842845621513,196.1452638651852,78415.35164343454,78722.12077738743,0.3809803421299913,0.003971168863400731,0.03792460323195367,1.0,0.949999988079071,1.0,True,76358.48615773817,1.0,8573.062050612225,-18476.371950748275,-8400.110678769566,9903.30990013605,1262.9299866138165
pm2,short,1789632000,0.575,0.5373842845621513,196.1452638651852,78415.35164343454,77346.13254473983,0.38231790162314044,-0.013631168754985611,0.03792460323195367,1.0,0.949999988079071,1.0,False,76358.48615773817,1.0,8155.094987959816,-16431.358178903356,-7990.575606512659,8276.26319094354,1055.4391477547479
pm2,short,1789632000,0.6,0.5373842845621513,196.1452638651852,78415.35164343454,75968.87349225466,0.3840071374362339,-0.03156781240753594,0.03792460323195367,1.0,0.949999988079071,1.0,False,76358.48615773817,1.0,7471.485081215502,-15506.931725755072,-7320.756719882123,8035.44664453957,1024.7287649844204
pm2,short,1789632000,0.625,0.5373842845621513,196.1452638651852,78415.35164343454,74581.20970390146,0.3860765847575206,-0.04997340309213504,0.03792460323195367,1.0,0.949999988079071,1.0,False,76358.48615773817,1.0,6825.244889923072,-14609.570190358194,-6687.553658959689,7784.325300435122,992.7042520744569
pm2,short,1789632000,0.65,0.5373842845621513,196.1452638651852,78415.35164343454,73173.37961075795,0.38856393106570863,-0.06900112558610064,0.03792460323195367,1.0,0.949999988079071,1.0,False,76358.48615773817,1.0,6213.09977886512,-13735.197710368157,-6087.757850414563,7522.097931503036,959.2634316947347
pm2,short,1789632000,0.675,0.5373842845621513,196.1452638651852,78415.35164343454,71734.59153632582,0.39151828215630613,-0.08883037519695834,0.03792460323195367,1.0,0.949999988079071,1.0,False,76358.48615773817,1.0,5632.175898115233,-12879.98537277455,-5518.553420838447,7247.809474659317,924.2845084233136
pm2,short,1789632000,0.7,0.5373842845621513,196.1452638651852,78415.35164343454,70252.51131067707,0.3950034308712319,-0.10967721251546364,0.03792460323195367,1.0,0.949999988079071,1.0,False,76358.48615773817,1.0,5079.933777621936,-12040.245628952402,-4977.452130980079,6960.311851330465,887.6210723354232
pm2,short,1789632000,0.725,0.5373842845621513,196.1452638651852,78415.35164343454,68712.57352656119,0.39910262356242476,-0.13180918533678598,0.03792460323195367,1.0,0.949999988079071,1.0,False,76358.48615773817,1.0,4554.112989070342,-11212.322717991876,-4462.239153988287,6658.2097289215335,849.0951821777622
pm2,short,1789632000,0.75,0.5373842845621513,196.1452638651852,78415.35164343454,67097.01044054859,0.40392565104236655,-0.15556714587950832,0.03792460323195367,1.0,0.949999988079071,1.0,False,76358.48615773817,1.0,4052.6848993635404,-10392.468599168315,-3970.926782035918,6339.783699804774,808.4875686884182
pm2,short,1789632000,0.775,0.5373842845621513,196.1452638651852,78415.35164343454,65383.41995681306,0.4096196969416169,-0.18139864513923126,0.03792460323195367,1.0,0.949999988079071,1.0,False,76358.48615773817,1.0,3573.810926658579,-9576.689313377,-3501.713524490851,6002.878386718422,765.5233651204347
pm2,short,1789632000,0.7999999999999999,0.5373842845621513,196.1452638651852,78415.35164343454,63542.55515258767,0.4163865459878869,-0.20991131593600015,0.03792460323195367,1.0,0.949999988079071,1.0,False,76358.48615773817,1.0,3115.803776439257,-8760.537587536433,-3052.946126005103,5644.733811097176,719.850602311211
pm2,short,1789632000,0.825,0.5373842845621513,196.1452638651852,78415.35164343454,61534.73572038059,0.4245111607668747,-0.24196265213174237,0.03792460323195367,1.0,0.949999988079071,1.0,False,76358.48615773817,1.0,2677.0887888770776,-7938.809202361202,-2623.081693646971,5261.720413484124,671.006416882487
pm2,short,1789632000,0.85,0.5373842845621513,196.1452638651852,78415.35164343454,59303.66535295872,0.4344119864362871,-0.2788206410752663,0.03792460323195367,1.0,0.949999988079071,1.0,False,76358.48615773817,1.0,2256.1614983570535,-7105.061923839299,-2210.6461126132203,4848.900425482246,618.3611147382043
pm2,short,1789632000,0.875,0.5373842845621513,196.1452638651852,78415.35164343454,56764.95987302175,0.4467364656590871,-0.32247467259146134,0.03792460323195367,1.0,0.949999988079071,1.0,False,76358.48615773817,1.0,1851.5350815581023,-6250.786886664577,-1814.1825544820206,4399.251805106474,561.0192026059491
pm2,short,1789632000,0.9,0.5373842845621513,196.1452638651852,78415.35164343454,53782.677017044574,0.46256180149790066,-0.3763035829879465,0.03792460323195367,1.0,0.949999988079071,1.0,False,76358.48615773817,1.0,1461.6655588682997,-5363.833781676689,-1432.1781876012992,3902.168222808389,497.6280971807777
pm2,short,1789632000,0.9249999999999999,0.5373842845621513,196.1452638651852,78415.35164343454,50114.24516545659,0.4838823226480481,-0.4467390538178753,0.03792460323195367,1.0,0.949999988079071,1.0,False,76358.48615773817,1.0,1084.8269255121672,-4425.0038960383135,-1062.9418272973724,3340.1769705261463,425.959573032892
pm2,short,1789632000,0.95,0.5373842845621513,196.1452638651852,78415.35164343454,45250.896651351635,0.5150883008080823,-0.5484696936039214,0.03792460323195367,1.0,0.949999988079071,1.0,False,76358.48615773817,1.0,718.8563138131171,-3399.113297284135,-704.3542391870675,2680.256983471018,341.80258422592016
pm2,short,1789632000,0.05,0.7330649934092819,267.5687225943879,79174.45721037732,165674.99121747847,0.46743203873115596,0.7370603224912494,0.038041690894073756,1.0,0.949999988079071,1.0,True,76358.48615773817,1.0,574.9417266198502,-3930.00610605888,-559.1298068267134,3355.06437943903,423.75590533246935
pm2,short,1789632000,0.075,0.7330649934092819,267.5687225943879,79174.45721037732,148914.09296704127,0.4518303909759934,0.6303847351008666,0.038041690894073756,1.0,0.949999988079071,1.0,True,76358.48615773817,1.0,890.4717869306347,-5002.739021900338,-865.9822294309981,4112.267234969703,519.3931704568366
pm2,short,1789632000,0.1,0.7330649934092819,267.5687225943879,79174.45721037732,137892.03565345358,0.44074972663925455,0.5535327286139397,0.038041690894073756,1.0,0.949999988079071,1.0,True,76358.48615773817,1.0,1220.5595471787822,-5966.2518221245255,-1186.9919893391536,4745.6922749457435,599.3968815391803
pm2,short,1789632000,0.125,0.7330649934092819,267.5687225943879,79174.45721037732,129775.07328038973,0.4321995601705342,0.4929395799935669,0.038041690894073756,1.0,0.949999988079071,1.0,True,76358.48615773817,1.0,1564.4903652292776,-6862.115939228982,-1521.4640983455558,5297.625573999704,669.1079119018386
pm2,short,1789632000,0.15,0.7330649934092819,267.5687225943879,79174.45721037732,123388.41725355243,0.4252831172038682,0.44256252906604787,0.038041690894073756,1.0,0.949999988079071,1.0,True,76358.48615773817,1.0,1922.0269735709262,-7712.255335644765,-1869.1678142174933,5790.228362073839,731.325299356131
pm2,short,1789632000,0.175,0.7330649934092819,267.5687225943879,79174.45721037732,118138.32163821718,0.41951901832732336,0.39917558999122693,0.038041690894073756,1.0,0.949999988079071,1.0,True,76358.48615773817,1.0,2293.211286171322,-8530.09769487552,-2230.1438982138925,6236.8864087041975,787.7397115754062
pm2,short,1789632000,0.2,0.7330649934092819,267.5687225943879,79174.45721037732,113685.34037535559,0.41461941475237885,0.3608496192288408,0.038041690894073756,1.0,0.949999988079071,1.0,True,76358.48615773817,1.0,2678.280031826758,-9324.719333129044,-2604.6225686682596,6646.4393013022855,839.467618153894
pm2,short,1789632000,0.22499999999999998,0.7330649934092819,267.5687225943879,79174.45721037732,109818.1787453124,0.4103992245033046,0.32633619960547144,0.038041690894073756,1.0,0.949999988079071,1.0,True,76358.48615773817,1.0,3077.625038564085,-10102.720455396626,-2992.9848776399485,7025.095416832541,887.2931579645573
pm2,short,1789632000,0.25,0.7330649934092819,267.5687225943879,79174.45721037732,106396.7937648411,0.40673323903981234,0.2947784104546786,0.038041690894073756,1.0,0.949999988079071,1.0,True,76358.48615773817,1.0,3491.774875295249,-10869.191441475108,-3395.7448574559835,7377.41656617986,931.792503051465
pm2,short,1789632000,0.27499999999999997,0.7330649934092819,267.5687225943879,79174.45721037732,103323.74598910451,0.40353368578963894,0.26556013678906853,0.038041690894073756,1.0,0.949999988079071,1.0,True,76358.48615773817,1.0,3921.3884645445273,-11628.260723008223,-3813.54330909961,7706.872258463696,973.4038640751885
pm2,short,1789632000,0.3,0.7330649934092819,267.5687225943879,79174.45721037732,100528.5348016835,0.400737576652341,0.2382211350967461,0.038041690894073756,1.0,0.949999988079071,1.0,True,76358.48615773817,1.0,4367.256491030288,-12383.43017236656,-4247.149172053504,8016.173681336271,1012.4696731467582
pm2,short,1789632000,0.32499999999999996,0.7330649934092819,267.5687225943879,79174.45721037732,97958.4614478093,0.3982991594120643,0.2124060918493925,0.038041690894073756,1.0,0.949999988079071,1.0,True,76358.48615773817,1.0,4830.308715818641,-13137.794643238976,-4697.466637301221,8307.485927420335,1049.2633887399081
pm2,short,1789632000,0.35,0.7330649934092819,267.5687225943879,79174.45721037732,95573.01337772957,0.39618522082225555,0.18783246358698705,0.038041690894073756,1.0,0.949999988079071,1.0,True,76358.48615773817,1.0,5311.626461657845,-13894.195177683316,-5165.5472892927255,8582.568716025471,1084.0072693167212
pm2,short,1789632000,0.37499999999999994,0.7330649934092819,267.5687225943879,79174.45721037732,93340.25869176496,0.39437207971607763,0.16426925605796117,0.038041690894073756,1.0,0.949999988079071,1.0,True,76358.48615773817,1.0,5812.460221028513,-14655.333215389099,-5652.607229741923,8842.872994360587,1116.8845743853815
pm2,short,1789632000,0.39999999999999997,0.7330649934092819,267.5687225943879,79174.45721037732,91234.44225920261,0.3928436367301859,0.1415224448851122,0.038041690894073756,1.0,0.949999988079071,1.0,True,76358.48615773817,1.0,6334.252832368945,-15423.86199894849,-6160.049616464515,9089.609166579547,1148.0481820579098
pm2,short,1789632000,0.42499999999999993,0.7330649934092819,267.5687225943879,79174.45721037732,89234.32786683891,0.3915901208986507,0.11942455575363986,0.038041690894073756,1.0,0.949999988079071,1.0,True,76358.48615773817,1.0,6878.669108628737,-16202.46552578839,-6689.493477093772,9323.796417159652,1177.6268187586124
pm2,short,1789632000,0.44999999999999996,0.7330649934092819,267.5687225943879,79174.45721037732,87322.01773495832,0.39060732391881287,0.09782689973337795,0.038041690894073756,1.0,0.949999988079071,1.0,True,76358.48615773817,1.0,7447.633269110569,-16993.932299399115,-7242.810111480065,9546.299030288546,1205.72964648469
pm2,short,1789632000,0.475,0.7330649934092819,267.5687225943879,79174.45721037732,85482.0844006316,0.38989620089327487,0.0765935060944075,0.038041690894073756,1.0,0.949999988079071,1.0,True,76358.48615773817,1.0,8043.376087955743,-17801.229581798336,-7822.16894350922,9757.853493842593,1232.449686129789
pm2,short,1789632000,0.49999999999999994,0.7330649934092819,267.5687225943879,79174.45721037732,83700.90955499407,0.3894627716492905,0.055596107449321065,0.038041690894073756,1.0,0.949999988079071,1.0,True,76358.48615773817,1.0,8668.49440273848,-18627.583275292665,-8430.095393104739,9959.088872554184,1257.8663906834913
pm2,short,1789632000,0.525,0.7330649934092819,267.5687225943879,79174.45721037732,81966.15956928075,0.3893182950886596,0.03470970920549047,0.038041690894073756,1.0,0.949999988079071,1.0,True,76358.48615773817,1.0,9326.026617500698,-19476.56871418403,-9069.544302794726,10150.542096683334,1282.0475762419135
pm2,short,1789632000,0.5499999999999999,0.7330649934092819,267.5687225943879,79174.45721037732,80266.34837785726,0.38947971956713845,0.0138083677331796,0.038041690894073756,1.0,0.949999988079071,1.0,True,76358.48615773817,1.0,10019.549218985308,-20352.21846600844,-9743.993799577296,10332.66924702313,1305.0508473418163
pm2,short,1789632000,0.575,0.7330649934092819,267.5687225943879,79174.45721037732,78590.4505592862,0.389970441198802,-0.007239166027122199,0.038041690894073756,1.0,0.949999988079071,1.0,False,76358.48615773817,1.0,10169.294651695829,-18720.267886466165,-9889.620966624056,8550.973234770336,1080.0166538621456
pm2,short,1789632000,0.6,0.7330649934092819,267.5687225943879,79174.45721037732,76927.5337510924,0.390821434449752,-0.028574299940801674,0.038041690894073756,1.0,0.949999988079071,1.0,False,76358.48615773817,1.0,9285.423529860185,-17582.861944317418,-9030.057872261199,8297.438414457232,1047.9943540894517
pm2,short,1789632000,0.625,0.7330649934092819,267.5687225943879,79174.45721037732,75266.38130994946,0.3920728612239491,-0.05035438795785621,0.038041690894073756,1.0,0.949999988079071,1.0,False,76358.48615773817,1.0,8454.713994553016,-16488.02098195577,-8222.194326269984,8033.306987402755,1014.6336672769556
pm2,short,1789632000,0.65,0.7330649934092819,267.5687225943879,79174.45721037732,73595.07367403175,0.39377632385454797,-0.07276003562462946,0.038041690894073756,1.0,0.949999988079071,1.0,False,76358.48615773817,1.0,7672.676803679847,-15430.539785290988,-7461.6645486959615,7757.862981611142,979.8441637556722
pm2,short,1789632000,0.675,0.7330649934092819,267.5687225943879,79174.45721037732,71900.48948108828,0.39599801664671047,-0.09600476596903394,0.038041690894073756,1.0,0.949999988079071,1.0,False,76358.48615773817,1.0,6935.338360305359,-14405.573639541162,-6744.604223584988,7470.235279235803,943.5158184143112
pm2,short,1789632000,0.7,0.7330649934092819,267.5687225943879,79174.45721037732,70167.67312428441,0.398823171553445,-0.12034832807348812,0.038041690894073756,1.0,0.949999988079071,1.0,False,76358.48615773817,1.0,6239.149517421056,-13408.507725951764,-6067.5618117821,7169.358208530708,905.5140333303133
pm2,short,1789632000,0.725,0.7330649934092819,267.5687225943879,79174.45721037732,68378.98992290797,0.4023624255853617,-0.1461156908006389,0.038041690894073756,1.0,0.949999988079071,1.0,False,76358.48615773817,1.0,5580.906088812052,-12434.822307080143,-5427.421247890725,6853.916218268091,865.6726499628916
pm2,short,1789632000,0.75,0.7330649934092819,267.5687225943879,79174.45721037732,66512.94522822693,0.4067611360641368,-0.173725115351171,0.038041690894073756,1.0,0.949999988079071,1.0,False,76358.48615773817,1.0,4957.676379153639,-11479.940885718006,-4821.331463420449,6522.264506564367,823.7839243070302
pm2,short,1789632000,0.775,0.7330649934092819,267.5687225943879,79174.45721037732,64542.46299791595,0.4122133875062478,-0.20373120192549257,0.038041690894073756,1.0,0.949999988079071,1.0,False,76358.48615773817,1.0,4366.731068872624,-10539.043095116835,-4246.638199939433,6172.312026244211,779.5837500778232
pm2,short,1789632000,0.7999999999999999,0.7330649934092819,267.5687225943879,79174.45721037732,62432.26751436809,0.41898380009632497,-0.23689368146288559,0.038041690894073756,1.0,0.949999988079071,1.0,False,76358.48615773817,1.0,3805.4702167678015,-9606.81344452576,-3700.8130192524404,5801.343227757959,732.7291442419363
pm2,short,1789632000,0.825,0.7330649934092819,267.5687225943879,79174.45721037732,60134.709319904454,0.42744302923437183,-0.2742928491879009,0.038041690894073756,1.0,0.949999988079071,1.0,False,76358.48615773817,1.0,3271.3407704546416,-8677.076033596883,-3181.373082455147,5405.735263142241,682.7625289275385
pm2,short,1789632000,0.85,0.7330649934092819,267.5687225943879,79174.45721037732,57582.72660472365,0.43812897872906265,-0.3175352888139894,0.038041690894073756,1.0,0.949999988079071,1.0,False,76358.48615773817,1.0,2761.7353235667147,-7742.221656574364,-2685.7826914924453,4980.48633300765,629.0521600639229
pm2,short,1789632000,0.875,0.7330649934092819,267.5687225943879,79174.45721037732,54677.09812323767,0.45186072106077213,-0.3691500113963162,0.038041690894073756,1.0,0.949999988079071,1.0,False,76358.48615773817,1.0,2273.8577560040208,-6792.235065465216,-2211.322624538953,4518.377309461195,570.6862375393683
pm2,short,1789632000,0.9,0.7330649934092819,267.5687225943879,79174.45721037732,51261.03857694875,0.46997372443542973,-0.4334347664081409,0.038041690894073756,1.0,0.949999988079071,1.0,False,76358.48615773817,1.0,1804.5304858541049,-5812.880231487708,-1754.9026888348708,4008.3497456336036,506.2680423539718
pm2,short,1789632000,0.9249999999999999,0.7330649934092819,267.5687225943879,79174.45721037732,47062.195735697445,0.49488286462416015,-0.5185516619698011,0.038041690894073756,1.0,0.949999988079071,1.0,False,76358.48615773817,1.0,1349.8898429369046,-4781.858340628324,-1312.765472000112,3431.9684976914195,433.46915389292934
pm2,short,1789632000,0.95,0.7330649934092819,267.5687225943879,79174.45721037732,41529.36113394775,0.531773402162927,-0.643052476998472,0.038041690894073756,1.0,0.949999988079071,1.0,False,76358.48615773817,1.0,904.8214160940496,-3658.9562456920207,-879.9372182771766,2754.134829597971,347.8564838505756
pm2,short,1789632000,0.05,1.0,365.0,80220.99728395023,201101.36750679312,0.48671646657584816,0.9182038308229837,0.038189516106638365,1.0,0.949999988079071,1.0,True,76358.48615773817,1.0,688.6336105130385,-4301.384339301146,-662.8308593457232,3612.750728788107,450.3497651619083
pm2,short,1789632000,0.075,1.0,365.0,80220.99728395023,175898.3441401012,0.4690000974881134,0.7844669360797993,0.038189516106638365,1.0,0.949999988079071,1.0,True,76358.48615773817,1.0,1063.0534161468058,-5483.799996553645,-1023.2213452811895,4420.746580406839,551.071007601559
pm2,short,1789632000,0.1,1.0,365.0,80220.99728395023,159728.13205424233,0.45619128700103795,0.6881469208633049,0.038189516106638365,1.0,0.949999988079071,1.0,True,76358.48615773817,1.0,1452.7903883656809,-6545.3325944444905,-1398.3550713596758,5092.54220607881,634.8141232965788
pm2,short,1789632000,0.125,1.0,365.0,80220.99728395023,148048.66865492667,0.44615155498839665,0.61229940928539,0.038189516106638365,1.0,0.949999988079071,1.0,True,76358.48615773817,1.0,1857.0409254285778,-7531.723141620854,-1787.4585463886465,5674.682216192276,707.3811605839519
pm2,short,1789632000,0.15,1.0,365.0,80220.99728395023,139008.55169045893,0.4379120567931906,0.5493607736450905,0.038189516106638365,1.0,0.949999988079071,1.0,True,76358.48615773817,1.0,2275.5412811630836,-8467.133802896235,-2190.2779066306357,6191.592521733151,771.8169471039348
pm2,short,1789632000,0.175,1.0,365.0,80220.99728395023,131684.08745737516,0.430950204255686,0.49528608535934465,0.038189516106638365,1.0,0.949999988079071,1.0,True,76358.48615773817,1.0,2708.3420010683094,-9366.385396109983,-2606.861803670609,6658.043395041674,829.9626806526556
pm2,short,1789632000,0.2,1.0,365.0,80220.99728395023,125552.78572320606,0.42495220037333903,0.4476529345337626,0.038189516106638365,1.0,0.949999988079071,1.0,True,76358.48615773817,1.0,3155.7127966180137,-10239.511712381678,-3037.4698430305693,7083.798915763664,883.0355088568459
pm2,short,1789632000,0.22499999999999998,1.0,365.0,80220.99728395023,120292.38657167529,0.41971558157946237,0.40489185425869606,0.038189516106638365,1.0,0.949999988079071,1.0,True,76358.48615773817,1.0,3618.0983992014567,-11093.822504739386,-3482.5300922407996,7475.724105537929,931.8911954032255
pm2,short,1789632000,0.25,1.0,365.0,80220.99728395023,115691.05198733638,0.41510302932283366,0.3659246331166811,0.038189516106638365,1.0,0.949999988079071,1.0,True,76358.48615773817,1.0,4096.098773743185,-11934.968011675719,-3942.620035845248,7838.869237932534,977.1592853908403
pm2,short,1789632000,0.27499999999999997,1.0,365.0,80220.99728395023,111602.50687618583,0.4110181496553579,0.3299756666172789,0.038189516106638365,1.0,0.949999988079071,1.0,True,76358.48615773817,1.0,4590.463031377966,-12767.543683819624,-4418.460716165437,8177.080652441658,1019.3192467426034
pm2,short,1789632000,0.3,1.0,365.0,80220.99728395023,107921.68139186555,0.4073917908659908,0.2964655174573925,0.038189516106638365,1.0,0.949999988079071,1.0,True,76358.48615773817,1.0,5102.092345997719,-13595.461422790962,-4910.919540565867,8493.369076793242,1058.7463836593945
pm2,short,1789632000,0.32499999999999996,1.0,365.0,80220.99728395023,104570.59286452785,0.40417387228337814,0.26494701142382865,0.038189516106638365,1.0,0.949999988079071,1.0,True,76358.48615773817,1.0,5632.049794556794,-14422.193652658154,-5421.019753048056,8790.14385810136,1095.7410348549731
pm2,short,1789632000,0.35,1.0,365.0,80220.99728395023,101489.71921150619,0.40132830348291315,0.2350648546856123,0.038189516106638365,1.0,0.949999988079071,1.0,True,76358.48615773817,1.0,6181.576369103799,-15250.944784581996,-5949.9558463196845,9069.368415478197,1130.5479516012824
pm2,short,1789632000,0.37499999999999994,1.0,365.0,80220.99728395023,98632.49092102033,0.39882974319069725,0.20652896099540616,0.038189516106638365,1.0,0.949999988079071,1.0,True,76358.48615773817,1.0,6752.113204955716,-16084.780277097667,-6499.114957090325,9332.66707214195,1163.3696149535567
pm2,short,1789632000,0.39999999999999997,1.0,365.0,80220.99728395023,95961.63892379435,0.3966615156872335,0.1790961074933489,0.038189516106638365,1.0,0.949999988079071,1.0,True,76358.48615773817,1.0,7345.330652586105,-16926.73126989617,-7070.104848650785,9581.400617310064,1194.375654966709
pm2,short,1789632000,0.42499999999999993,1.0,365.0,80220.99728395023,93446.69022831209,0.39481429786306166,0.15255680786517894,0.038189516106638365,1.0,0.949999988079071,1.0,True,76358.48615773817,1.0,7963.165347488768,-17779.886376972576,-7664.789591747826,9816.721029483808,1223.709672261558
pm2,short,1789632000,0.44999999999999996,1.0,365.0,80220.99728395023,91062.19583949553,0.39328535318470786,0.12672551435924428,0.038189516106638365,1.0,0.949999988079071,1.0,True,76358.48615773817,1.0,8607.866998209785,-18647.478861125324,-8285.334599492444,10039.611862915539,1251.494272425875
pm2,short,1789632000,0.475,1.0,365.0,80220.99728395023,88786.43712672488,0.3920781847526799,0.10143294390177805,0.038189516106638365,1.0,0.949999988079071,1.0,True,76358.48615773817,1.0,9282.05729515104,-19532.975760629015,-8934.26332888048,10250.918465477975,1277.8348328423076
pm2,short,1789632000,0.49999999999999994,1.0,365.0,80220.99728395023,86600.44948945234,0.39120254047720515,0.07651971383790963,0.038189516106638365,1.0,0.949999988079071,1.0,True,76358.48615773817,1.0,9988.804223124529,-20440.174973594454,-9614.528808893305,10451.370750469925,1302.8223413224662
pm2,short,1789632000,0.525,1.0,365.0,80220.99728395023,84487.2568271409,0.39067474615006337,0.05183069326425066,0.038189516106638365,1.0,0.949999988079071,1.0,True,76358.48615773817,1.0,10731.716241957083,-21373.31654916789,-10329.604292203197,10641.600307210805,1326.5355290390867
pm2,short,1789632000,0.5499999999999999,1.0,365.0,80220.99728395023,82431.24304432473,0.39051837670645106,0.02720958966466674,0.038189516106638365,1.0,0.949999988079071,1.0,True,76358.48615773817,1.0,11515.062425083266,-22337.215415344603,-11083.598892234253,10822.152990261337,1349.0424398434297
pm2,short,1789632000,0.575,1.0,365.0,80220.99728395023,80417.6062302534,0.39076530885003885,0.002493328289556924,0.038189516106638365,1.0,0.949999988079071,1.0,True,76358.48615773817,1.0,12343.926926195967,-23337.424569740724,-11881.406262026137,10993.497643544757,1370.401517776222
pm2,short,1789632000,0.6,1.0,365.0,80220.99728395023,78431.85189725192,0.39145723495999707,-0.022494245857457896,0.038189516106638365,1.0,0.949999988079071,1.0,False,76358.48615773817,1.0,11435.264010373849,-20055.771991069138,-11006.790483540894,8620.507980695289,1074.594965477946
pm2,short,1789632000,0.625,1.0,365.0,80220.99728395023,76459.28612829723,0.3926477647578857,-0.047949911295516005,0.038189516106638365,1.0,0.949999988079071,1.0,False,76358.48615773817,1.0,10402.17654593505,-18747.04120310484,-10012.412280997005,8344.86465716979,1040.234469740174
pm2,short,1789632000,0.65,1.0,365.0,80220.99728395023,74484.46859090395,0.39440530559412934,-0.0741006160336565,0.038189516106638365,1.0,0.949999988079071,1.0,False,76358.48615773817,1.0,9434.837563211044,-17492.771446190294,-9081.318997995782,8057.9338829792505,1004.4669295817139
pm2,short,1789632000,0.675,1.0,365.0,80220.99728395023,72490.5788457394,0.3968170068974328,-0.10121611093874625,0.038189516106638365,1.0,0.949999988079071,1.0,False,76358.48615773817,1.0,8527.525452625789,-16286.425992368324,-8208.003410762156,7758.900539742535,967.1907358966297
pm2,short,1789632000,0.7,1.0,365.0,80220.99728395023,70458.6355966913,0.3999942006637979,-0.1296263077742484,0.038189516106638365,1.0,0.949999988079071,1.0,False,76358.48615773817,1.0,7675.089833999825,-15121.834400677199,-7387.508121242661,7446.744566677374,928.2787323521893
pm2,short,1789632000,0.725,1.0,365.0,80220.99728395023,68366.48384271971,0.4040800070033921,-0.1597459436936572,0.038189516106638365,1.0,0.949999988079071,1.0,False,76358.48615773817,1.0,6872.8227717845375,-13993.001711242046,-6615.301597839373,7120.178939457509,887.570484103423
pm2,short,1789632000,0.75,1.0,365.0,80220.99728395023,66187.42190861923,0.4092601781516507,-0.1921107981633209,0.038189516106638365,1.0,0.949999988079071,1.0,False,76358.48615773817,1.0,6116.336660586711,-12893.895863545284,-5887.160636501753,6777.559202958572,844.861000539388
pm2,short,1789632000,0.775,1.0,365.0,80220.99728395023,63888.26393436324,0.41577898464649227,-0.2274327690400423,0.038189516106638365,1.0,0.949999988079071,1.0,False,76358.48615773817,1.0,5401.4414175215015,-11818.189845153054,-5199.052154619702,6416.748427631553,799.8839013330676
pm2,short,1789632000,0.7999999999999999,1.0,365.0,80220.99728395023,61426.49112574329,0.42396335459065504,-0.2666870579626496,0.038189516106638365,1.0,0.949999988079071,1.0,False,76358.48615773817,1.0,4724.013428872548,-10758.923327699024,-4547.007048185663,6034.909898826476,752.2855739957097
pm2,short,1789632000,0.825,1.0,365.0,80220.99728395023,58745.86239763121,0.4342613933143923,-0.31125705053329816,0.038189516106638365,1.0,0.949999988079071,1.0,False,76358.48615773817,1.0,4079.848119365524,-9708.025904494101,-3926.978285222517,5628.177785128577,701.5841208265063
pm2,short,1789632000,0.85,1.0,365.0,80220.99728395023,55769.246769910176,0.44730797397645905,-0.36319024484125195,0.038189516106638365,1.0,0.949999988079071,1.0,False,76358.48615773817,1.0,3464.4867889981733,-8655.59764128008,-3334.674230949529,5191.110852281906,647.101261270469
pm2,short,1789632000,0.875,1.0,365.0,80220.99728395023,52385.99888216176,0.4640463641250574,-0.4256877163598138,0.038189516106638365,1.0,0.949999988079071,1.0,False,76358.48615773817,1.0,2873.0050499475574,-7588.737910768277,-2765.355011851089,4715.73286082072,587.8427120681275
pm2,short,1789632000,0.9,1.0,365.0,80220.99728395023,48427.35149702708,0.48598047113568593,-0.5041455477918755,0.038189516106638365,1.0,0.949999988079071,1.0,False,76358.48615773817,1.0,2299.739217285354,-6489.445599964124,-2213.5691583927564,4189.706382678771,522.2705431906919
pm2,short,1789632000,0.9249999999999999,1.0,365.0,80220.99728395023,43611.235303194946,0.515783731148541,-0.6087295907847372,0.038189516106638365,1.0,0.949999988079071,1.0,False,76358.48615773817,1.0,1737.8881482046136,-5330.309737356993,-1672.7703631296995,3592.421589152379,447.8156231886079
pm2,short,1789632000,0.95,1.0,365.0,80220.99728395023,37389.836828789295,0.5591415473766282,-0.7623915556159756,0.038189516106638365,1.0,0.949999988079071,1.0,False,76358.48615773817,1.0,1178.7790362935427,-4063.6789456022807,-1134.6107852956427,2884.8999093087377,359.619053238312
sm,short,1789632000,0.05,0.0027397260273972603,1.0,76325.21099349088,79358.72865484138,0.44948165841026955,0.03897509636934308,0.0364,1.0,0.949999988079071,1.0,True,76358.48615773817,1.0,37.18985904885585,-9963.793059554819,-37.18985904885585,9926.603200505962,1300.5667552432337
sm,short,1789632000,0.075,0.0027397260273972603,1.0,76325.21099349088,78793.07178350062,0.41913390987884114,0.03182175674863239,0.0364,1.0,0.949999988079071,1.0,True,76358.48615773817,1.0,55.76043568865076,-9982.363636194614,-55.76043568865076,9926.603200505962,1300.5667552432337
sm,short,1789632000,0.1,0.0027397260273972603,1.0,76325.21099349088,78402.8833713016,0.39716059204084997,0.026857398155931245,0.0364,1.0,0.949999988079071,1.0,True,76358.48615773817,1.0,74.47462319867817,-10001.07782370464,-74.47462319867817,9926.603200505962,1300.5667552432337
sm,short,1789632000,0.125,0.0027397260273972603,1.0,76325.21099349088,78107.17725950887,0.38000432755763563,0.02307864709636321,0.0364,1.0,0.949999988079071,1.0,True,76358.48615773817,1.0,93.41198975753835,-10020.0151902635,-93.41198975753835,9926.603200505962,1300.5667552432337
sm,short,1789632000,0.15,0.0027397260273972603,1.0,76325.21099349088,77870.29435358266,0.366044590865549,0.020041246423040646,0.0364,1.0,0.949999988079071,1.0,True,76358.48615773817,1.0,112.6507017865307,-10054.615429602758,-112.6507017865307,9941.964727816227,1302.5793965592957
sm,short,1789632000,0.175,0.0027397260273972603,1.0,76325.21099349088,77673.35963577578,0.3544042904763498,0.017509033685780617,0.0364,1.0,0.949999988079071,1.0,True,76358.48615773817,1.0,132.27234705636795,-10271.171792679483,-132.27234705636795,10138.899445623114,1328.3814500673666
sm,short,1789632000,0.2,0.0027397260273972603,1.0,76325.21099349088,77505.15448798421,0.34455532618307155,0.01534114063698729,0.0364,1.0,0.949999988079071,1.0,True,76358.48615773817,1.0,152.36444869807926,-10459.46904211276,-152.36444869807926,10307.10459341468,1350.4194039232573
sm,short,1789632000,0.22499999999999998,0.0027397260273972603,1.0,76325.21099349088,77358.44636273813,0.3361555942124491,0.01344646470478649,0.0364,1.0,0.949999988079071,1.0,True,76358.48615773817,1.0,173.02203560584158,-10626.8347542666,-173.02203560584158,10453.812718660758,1369.6408542587944
sm,short,1789632000,0.25,0.0027397260273972603,1.0,76325.21099349088,77228.27773468956,0.32897109753569004,0.011762378836458254,0.0364,1.0,0.949999988079071,1.0,True,76358.48615773817,1.0,194.34871716277158,-10778.330063872103,-194.34871716277158,10583.981346709332,1386.695327656801
sm,short,1789632000,0.27499999999999997,0.0027397260273972603,1.0,76325.21099349088,77111.08054304466,0.32283465299750513,0.010243683728870447,0.0364,1.0,0.949999988079071,1.0,True,76358.48615773817,1.0,216.45744710654674,-10917.635985460774,-216.45744710654674,10701.178538354228,1402.0503054052272
sm,short,1789632000,0.3,0.0027397260273972603,1.0,76325.21099349088,77004.18067513278,0.31762222715209726,0.008856411836255972,0.0364,1.0,0.949999988079071,1.0,True,76358.48615773817,1.0,239.47108269855707,-11047.549488964667,-239.47108269855707,10808.07840626611,1416.0561452215097
sm,short,1789632000,0.32499999999999996,0.0027397260273972603,1.0,76325.21099349088,76905.50344730365,0.31323855449663673,0.007574137209907526,0.0364,1.0,0.949999988079071,1.0,True,76358.48615773817,1.0,263.52283419302984,-11170.278468288272,-263.52283419302984,10906.755634095241,1428.9846686470848
sm,short,1789632000,0.35,0.0027397260273972603,1.0,76325.21099349088,76813.38992997266,0.30960802391993614,0.006375669977511943,0.0364,1.0,0.949999988079071,1.0,True,76358.48615773817,1.0,288.75671651236325,-11287.625867938592,-288.75671651236325,10998.869151426228,1441.053225829173
sm,short,1789632000,0.37499999999999994,0.0027397260273972603,1.0,76325.21099349088,76726.4777485415,0.30666875955393236,0.005243557620922707,0.0364,1.0,0.949999988079071,1.0,True,76358.48615773817,1.0,315.32814153812166,-11401.109474395518,-315.32814153812166,11085.781332857396,1452.4403127824705
sm,short,1789632000,0.39999999999999997,0.0027397260273972603,1.0,76325.21099349088,76643.62095052682,0.3043687533690222,0.004163075743707166,0.0364,1.0,0.949999988079071,1.0,True,76358.48615773817,1.0,343.40481450426336,-11512.042945376337,-343.40481450426336,11168.638130872074,1463.2960702623607
sm,short,1789632000,0.42499999999999993,0.0027397260273972603,1.0,76325.21099349088,76563.83423078839,0.3026633767132376,0.003121524249272056,0.0364,1.0,0.949999988079071,1.0,True,76358.48615773817,1.0,373.16811574157185,-11621.592966352076,-373.16811574157185,11248.424850610505,1473.7495912811544
sm,short,1789632000,0.44999999999999996,0.0027397260273972603,1.0,76325.21099349088,76486.25258674288,0.30151384532730097,0.0021077169094186705,0.0364,1.0,0.949999988079071,1.0,True,76358.48615773817,1.0,404.8151591658131,-11730.821653821828,-404.8151591658131,11326.006494656014,1483.9142070137102
sm,short,1789632000,0.475,0.0027397260273972603,1.0,76325.21099349088,76410.10075804152,0.3008863499563253,0.0011115932827613646,0.0364,1.0,0.949999988079071,1.0,True,76358.48615773817,1.0,438.5617269405742,-11840.720050297949,-438.5617269405742,11402.158323357375,1493.891490759163
sm,short,1789632000,0.49999999999999994,0.0027397260273972603,1.0,76325.21099349088,76334.66874922704,0.3007516487695576,0.0001239062386817531,0.0364,1.0,0.949999988079071,1.0,True,76358.48615773817,1.0,474.6462960408623,-11928.419219701587,-474.6462960408623,11453.772923660725,1500.6539483575773
sm,short,1789632000,0.525,0.0027397260273972603,1.0,76325.21099349088,76259.29091312407,0.3010849766509852,-0.000864046920156406,0.0364,1.0,0.949999988079071,1.0,False,76358.48615773817,1.0,447.41533013742446,-11801.993009184056,-447.41533013742446,11354.577679046632,1487.657555249335
sm,short,1789632000,0.5499999999999999,0.0027397260273972603,1.0,76325.21099349088,76183.32677762004,0.3018661734848013,-0.0018606729679437807,0.0364,1.0,0.949999988079071,1.0,False,76358.48615773817,1.0,413.04651261068085,-11691.660056153276,-413.04651261068085,11278.613543542595,1477.7048627490137
sm,short,1789632000,0.575,0.0027397260273972603,1.0,76325.21099349088,76106.14217695112,0.3030799745934731,-0.0028743294972847725,0.0364,1.0,0.949999988079071,1.0,False,76358.48615773817,1.0,380.7093874823281,-11582.138330356007,-380.7093874823281,11201.42894287368,1467.5922669678505
sm,short,1789632000,0.6,0.0027397260273972603,1.0,76325.21099349088,76027.08937142261,0.30471644394645825,-0.003913587151106467,0.0364,1.0,0.949999988079071,1.0,False,76358.48615773817,1.0,350.1584524156096,-11472.534589760777,-350.1584524156096,11122.376137345167,1457.2349021470375
sm,short,1789632000,0.625,0.0027397260273972603,1.0,76325.21099349088,75945.48472693456,0.3067715665680825,-0.004987526351194341,0.0364,1.0,0.949999988079071,1.0,False,76358.48615773817,1.0,321.1843876086939,-11361.955880465814,-321.1843876086939,11040.77149285712,1446.5431997035282
sm,short,1789632000,0.65,0.0027397260273972603,1.0,76325.21099349088,75860.58215060213,0.3092480538861931,-0.006106092781788586,0.0364,1.0,0.949999988079071,1.0,False,76358.48615773817,1.0,293.60860634214384,-11249.477522866831,-293.60860634214384,10955.868916524687,1435.4194078099592
sm,short,1789632000,0.675,0.0027397260273972603,1.0,76325.21099349088,75771.53975041893,0.3121564603122071,-0.007280545916148885,0.0364,1.0,0.949999988079071,1.0,False,76358.48615773817,1.0,267.2786827157395,-11134.105199057229,-267.2786827157395,10866.826516341489,1423.7532232001595
sm,short,1789632000,0.7,0.0027397260273972603,1.0,76325.21099349088,75677.3759090855,0.3155167712366265,-0.0085240523890376,0.0364,1.0,0.949999988079071,1.0,False,76358.48615773817,1.0,242.06451250699521,-11014.727187515056,-242.06451250699521,10772.662675008061,1411.4160360364767
sm,short,1789632000,0.725,0.0027397260273972603,1.0,76325.21099349088,75576.90874249605,0.31936071992089976,-0.0098525064106366,0.0364,1.0,0.949999988079071,1.0,False,76358.48615773817,1.0,217.85509976069153,-10890.050608179294,-217.85509976069153,10672.195508418603,1398.2529978631494
sm,short,1789632000,0.75,0.0027397260273972603,1.0,76325.21099349088,75468.66896595397,0.32373525741711556,-0.011285713482460718,0.0364,1.0,0.949999988079071,1.0,False,76358.48615773817,1.0,194.55588767831532,-10758.511619554843,-194.55588767831532,10563.955731876527,1384.071605485301
sm,short,1789632000,0.775,0.0027397260273972603,1.0,76325.21099349088,75350.76888502069,0.32870790380965087,-0.012849173824557985,0.0364,1.0,0.949999988079071,1.0,False,76358.48615773817,1.0,172.08657373967006,-10618.142224682919,-172.08657373967006,10446.055650943248,1368.6245363716193
sm,short,1789632000,0.7999999999999999,0.0027397260273972603,1.0,76325.21099349088,75220.69599096285,0.3343752975353755,-0.014576897288164196,0.0364,1.0,0.949999988079071,1.0,False,76358.48615773817,1.0,150.37937077193908,-10466.362127657347,-150.37937077193908,10315.982756885407,1351.5826058790938
sm,short,1789632000,0.825,0.0027397260273972603,1.0,76325.21099349088,75074.97008934637,0.34087747340696534,-0.016516087566239106,0.0364,1.0,0.949999988079071,1.0,False,76358.48615773817,1.0,129.37770376232297,-10299.634559031254,-129.37770376232297,10170.256855268932,1332.4898448215577
sm,short,1789632000,0.85,0.0027397260273972603,1.0,76325.21099349088,74908.53658534294,0.3484231046929202,-0.01873544589227616,0.0364,1.0,0.949999988079071,1.0,False,76358.48615773817,1.0,109.03537691497397,-10112.85872818047,-109.03537691497397,10003.823351265497,1310.684008737118
sm,short,1789632000,0.875,0.0027397260273972603,1.0,76325.21099349088,74713.6044406941,0.3573375854917064,-0.02134110642942385,0.0364,1.0,0.949999988079071,1.0,False,76358.48615773817,1.0,89.31633045500176,-10015.919530960964,-89.31633045500176,9926.603200505962,1300.5667552432337
sm,short,1789632000,0.9,0.0027397260273972603,1.0,76325.21099349088,74477.1755841485,0.3681643413380269,-0.02451059252019236,0.0364,1.0,0.949999988079071,1.0,False,76358.48615773817,1.0,70.19529633560869,-9996.798496841571,-70.19529633560869,9926.603200505962,1300.5667552432337
sm,short,1789632000,0.9249999999999999,0.0027397260273972603,1.0,76325.21099349088,74174.96248670519,0.3819112203434544,-0.0285766423253831,0.0364,1.0,0.949999988079071,1.0,False,76358.48615773817,1.0,51.66016334513599,-9978.263363851098,-51.66016334513599,9926.603200505962,1300.5667552432337
sm,short,1789632000,0.95,0.0027397260273972603,1.0,76325.21099349088,73752.60534918154,0.40079919260286373,-0.03428698036513498,0.0364,1.0,0.949999988079071,1.0,False,76358.48615773817,1.0,33.71851150479788,-9960.32171201076,-33.71851150479788,9926.603200505962,1300.5667552432337
sm,short,1789632000,0.05,0.00373735760407212,1.3641355254863239,76333.15376547743,79681.69405015306,0.4236149127995776,0.04266181379263893,0.0364,1.0,0.949999988079071,1.0,True,76358.48615773817,1.0,40.90491932321444,-9967.508119829177,-40.90491932321444,9926.603200505962,1300.4314260359286
sm,short,1789632000,0.075,0.00373735760407212,1.3641355254863239,76333.15376547743,79083.22499169508,0.39880152675876124,0.03512945932494004,0.0364,1.0,0.949999988079071,1.0,True,76358.48615773817,1.0,61.913686090973535,-9988.516886596935,-61.913686090973535,9926.603200505962,1300.4314260359286
sm,short,1789632000,0.1,0.00373735760407212,1.3641355254863239,76333.15376547743,78666.93447718311,0.3809293476718915,0.029860252025768547,0.0364,1.0,0.949999988079071,1.0,True,76358.48615773817,1.0,83.3514237466226,-10009.954624252585,-83.3514237466226,9926.603200505962,1300.4314260359286
sm,short,1789632000,0.125,0.00373735760407212,1.3641355254863239,76333.15376547743,78348.7424878463,0.367020240368499,0.02581752751361959,0.0364,1.0,0.949999988079071,1.0,True,76358.48615773817,1.0,105.26978531754928,-10031.872985823511,-105.26978531754928,9926.603200505962,1300.4314260359286
sm,short,1789632000,0.15,0.00373735760407212,1.3641355254863239,76333.15376547743,78091.60838212563,0.3557187924090918,0.02254192928295224,0.0364,1.0,0.949999988079071,1.0,True,76358.48615773817,1.0,127.7267809253545,-10054.329981431318,-127.7267809253545,9926.603200505962,1300.4314260359286
sm,short,1789632000,0.175,0.00373735760407212,1.3641355254863239,76333.15376547743,77875.92388078445,0.3462912377872622,0.01978917299653889,0.0364,1.0,0.949999988079071,1.0,True,76358.48615773817,1.0,150.78716098361812,-10087.12236159806,-150.78716098361812,9936.335200614441,1301.7063635471416
sm,short,1789632000,0.2,0.00373735760407212,1.3641355254863239,76333.15376547743,77690.03986988855,0.33829533073467843,0.017413556844718556,0.0364,1.0,0.949999988079071,1.0,True,76358.48615773817,1.0,174.52297936325903,-10296.742190873596,-174.52297936325903,10122.219211510337,1326.0580379803762
sm,short,1789632000,0.22499999999999998,0.00373735760407212,1.3641355254863239,76333.15376547743,77526.45528683002,0.3314442585951397,0.015320914519712289,0.0364,1.0,0.949999988079071,1.0,True,76358.48615773817,1.0,199.01424163542336,-10484.818036204291,-199.01424163542336,10285.803794568868,1347.4883831173165
sm,short,1789632000,0.25,0.00373735760407212,1.3641355254863239,76333.15376547743,77380.03950867837,0.32554181175409613,0.013446601237691695,0.0364,1.0,0.949999988079071,1.0,True,76358.48615773817,1.0,224.34960658206484,-10656.569179302589,-224.34960658206484,10432.219572720524,1366.6695345474666
sm,short,1789632000,0.27499999999999997,0.00373735760407212,1.3641355254863239,76333.15376547743,77247.1116373042,0.3204481570970407,0.011744061365380016,0.0364,1.0,0.949999988079071,1.0,True,76358.48615773817,1.0,250.6271380607873,-10815.774582155474,-250.6271380607873,10565.147444094688,1384.0837071339374
sm,short,1789632000,0.3,0.00373735760407212,1.3641355254863239,76333.15376547743,77124.92460346254,0.3160603253314908,0.010178408842249567,0.0364,1.0,0.949999988079071,1.0,True,76358.48615773817,1.0,277.95512659168224,-10965.289604528032,-277.95512659168224,10687.33447793635,1400.0907797903437
sm,short,1789632000,0.32499999999999996,0.00373735760407212,1.3641355254863239,76333.15376547743,77011.3577676343,0.31230041613471027,0.008722595917568268,0.0364,1.0,0.949999988079071,1.0,True,76358.48615773817,1.0,306.4530230962367,-11107.354336860832,-306.4530230962367,10800.901313764594,1414.9685662076536
sm,short,1789632000,0.35,0.00373735760407212,1.3641355254863239,76333.15376547743,76904.72439782768,0.30910815025853605,0.007355011309608116,0.0364,1.0,0.949999988079071,1.0,True,76358.48615773817,1.0,336.25255232662073,-11243.787235897831,-336.25255232662073,10907.53468357121,1428.9380361622464
sm,short,1789632000,0.37499999999999994,0.00373735760407212,1.3641355254863239,76333.15376547743,76803.64591509463,0.3064360238355086,0.006057910786490138,0.0364,1.0,0.949999988079071,1.0,True,76358.48615773817,1.0,367.4990996126208,-11376.112265916881,-367.4990996126208,11008.61316630426,1442.179789941161
sm,short,1789632000,0.39999999999999997,0.00373735760407212,1.3641355254863239,76333.15376547743,76706.96660249063,0.30424610531635915,0.00481635280992355,0.0364,1.0,0.949999988079071,1.0,True,76358.48615773817,1.0,400.353490094892,-11505.645969003152,-400.353490094892,11105.292478908259,1454.8452318670945
sm,short,1789632000,0.42499999999999993,0.00373735760407212,1.3641355254863239,76333.15376547743,76613.69360889476,0.3025079171632878,0.003617449802782694,0.0364,1.0,0.949999988079071,1.0,True,76358.48615773817,1.0,434.9943041775929,-11633.55977668173,-434.9943041775929,11198.565472504137,1467.064430078457
sm,short,1789632000,0.44999999999999996,0.00373735760407212,1.3641355254863239,76333.15376547743,76522.95307848688,0.3011970603655451,0.002449820063228548,0.0364,1.0,0.949999988079071,1.0,True,76358.48615773817,1.0,471.6208984589796,-11760.926901370987,-471.6208984589796,11289.306002912008,1478.9518637729507
sm,short,1789632000,0.475,0.00373735760407212,1.3641355254863239,76333.15376547743,76433.95661688084,0.30029436225572165,0.0013031674435108058,0.0364,1.0,0.949999988079071,1.0,True,76358.48615773817,1.0,510.45733289475294,-11888.759797412808,-510.45733289475294,11378.302464518054,1490.6108163009014
sm,short,1789632000,0.49999999999999994,0.00373735760407212,1.3641355254863239,76333.15376547743,76345.97427534661,0.29978540258430153,0.00016794057005480771,0.0364,1.0,0.949999988079071,1.0,True,76358.48615773817,1.0,551.7574505823127,-12005.530374243037,-551.7574505823127,11453.772923660725,1500.4977992722252
sm,short,1789632000,0.525,0.00373735760407212,1.3641355254863239,76333.15376547743,76258.31140029998,0.2996603226753246,-0.0009649619536948984,0.0364,1.0,0.949999988079071,1.0,False,76358.48615773817,1.0,520.9690623694513,-11874.567228591988,-520.9690623694513,11353.598166222537,1487.3744377318437
sm,short,1789632000,0.5499999999999999,0.00373735760407212,1.3641355254863239,76333.15376547743,76170.2873664759,0.29991385979286717,-0.002104465459010815,0.0364,1.0,0.949999988079071,1.0,False,76358.48615773817,1.0,480.08782203380997,-11745.661954432264,-480.08782203380997,11265.574132398455,1475.8428777894205
sm,short,1789632000,0.575,0.00373735760407212,1.3641355254863239,76333.15376547743,76081.21454684433,0.3005455799701552,-0.0032595931680835947,0.0364,1.0,0.949999988079071,1.0,False,76358.48615773817,1.0,441.63729781516435,-11618.138610582057,-441.63729781516435,11176.501312766892,1464.173922003154
sm,short,1789632000,0.6,0.00373735760407212,1.3641355254863239,76333.15376547743,75990.37594198852,0.30156031135897643,-0.004439760403557903,0.0364,1.0,0.949999988079071,1.0,False,76358.48615773817,1.0,405.3612122417992,-11491.023920152875,-405.3612122417992,11085.662707911075,1452.2736400974823
sm,short,1789632000,0.625,0.00373735760407212,1.3641355254863239,76333.15376547743,75896.99970836607,0.3029688100078903,-0.005655111880682511,0.0364,1.0,0.949999988079071,1.0,False,76358.48615773817,1.0,371.03741611597013,-11363.323890404601,-371.03741611597013,10992.28647428863,1440.0409169599936
sm,short,1789632000,0.65,0.00373735760407212,1.3641355254863239,76333.15376547743,75800.22834335401,0.30478872519077366,-0.006916931504247684,0.0364,1.0,0.949999988079071,1.0,False,76358.48615773817,1.0,338.4725305234626,-11233.987639800034,-338.4725305234626,10895.515109276572,1427.3634157382605
sm,short,1789632000,0.675,0.00373735760407212,1.3641355254863239,76333.15376547743,75699.07938292624,0.30704597875681416,-0.00823816630764639,0.0364,1.0,0.949999988079071,1.0,False,76358.48615773817,1.0,307.4975158850419,-11101.863664733839,-307.4975158850419,10794.366148848798,1414.1124290518542
sm,short,1789632000,0.7,0.00373735760407212,1.3641355254863239,76333.15376547743,75592.39289440033,0.30977674401477134,-0.009634127380993611,0.0364,1.0,0.949999988079071,1.0,False,76358.48615773817,1.0,277.96398304632095,-10965.643643369205,-277.96398304632095,10687.679660322885,1400.136000296704
sm,short,1789632000,0.725,0.00373735760407212,1.3641355254863239,76333.15376547743,75478.75831020258,0.31303032527636854,-0.011123467454152543,0.0364,1.0,0.949999988079071,1.0,False,76358.48615773817,1.0,249.74110667134713,-10823.786182796486,-249.74110667134713,10574.04507612514,1385.2493385262665
sm,short,1789632000,0.75,0.00373735760407212,1.3641355254863239,76333.15376547743,75356.40827056662,0.31687343929531914,-0.012729600406438954,0.0364,1.0,0.949999988079071,1.0,False,76358.48615773817,1.0,222.7130333094729,-10674.408069798652,-222.7130333094729,10451.695036489178,1369.2209113487568
sm,short,1789632000,0.775,0.00373735760407212,1.3641355254863239,76333.15376547743,75223.05809632574,0.32139676549759144,-0.014482849699190007,0.0364,1.0,0.949999988079071,1.0,False,76358.48615773817,1.0,196.7767003797839,-10515.121562628077,-196.7767003797839,10318.344862248294,1351.7514151124838
sm,short,1789632000,0.7999999999999999,0.00373735760407212,1.3641355254863239,76333.15376547743,75075.65185619691,0.32672533852268126,-0.016423850519533226,0.0364,1.0,0.949999988079071,1.0,False,76358.48615773817,1.0,171.84000141101868,-10342.77862353049,-171.84000141101868,10170.93862211947,1332.4405085329252
sm,short,1789632000,0.825,0.00373735760407212,1.3641355254863239,76333.15376547743,74909.93929271461,0.3330358125033594,-0.018609225297937692,0.0364,1.0,0.949999988079071,1.0,False,76358.48615773817,1.0,147.82024999319876,-10153.04630863037,-147.82024999319876,10005.22605863717,1310.731388012184
sm,short,1789632000,0.85,0.00373735760407212,1.3641355254863239,76333.15376547743,74719.72541720443,0.34058686802376953,-0.021121665748693962,0.0364,1.0,0.949999988079071,1.0,False,76358.48615773817,1.0,124.64291331280683,-10051.24611381877,-124.64291331280683,9926.603200505962,1300.4314260359286
sm,short,1789632000,0.875,0.00373735760407212,1.3641355254863239,76333.15376547743,74495.43022786436,0.3497769874804172,-0.024089319128405888,0.0364,1.0,0.949999988079071,1.0,False,76358.48615773817,1.0,102.24061171623102,-10028.843812222194,-102.24061171623102,9926.603200505962,1300.4314260359286
sm,short,1789632000,0.9,0.00373735760407212,1.3641355254863239,76333.15376547743,74221.02019129042,0.361265989870104,-0.02772718228524197,0.0364,1.0,0.949999988079071,1.0,False,76358.48615773817,1.0,80.55242806758369,-10007.155628573546,-80.55242806758369,9926.603200505962,1300.4314260359286
sm,short,1789632000,0.9249999999999999,0.00373735760407212,1.3641355254863239,76333.15376547743,73866.43697323828,0.37627028157456316,-0.03243952134816031,0.0364,1.0,0.949999988079071,1.0,False,76358.48615773817,1.0,59.52368530933737,-9986.1268858153,-59.52368530933737,9926.603200505962,1300.4314260359286
sm,short,1789632000,0.95,0.00373735760407212,1.3641355254863239,76333.15376547743,73364.15801601268,0.3974592479559269,-0.03913812375198256,0.0364,1.0,0.949999988079071,1.0,False,76358.48615773817,1.0,39.106713331444325,-9965.709913837407,-39.106713331444325,9926.603200505962,1300.4314260359286
sm,short,1789632000,0.05,0.00509826227916123,1.8608657318938489,76343.98878291513,80083.1839345829,0.40360120439081887,0.04769099600218619,0.0364,1.0,0.949999988079071,1.0,True,76358.48615773817,1.0,45.475404636182745,-9972.078605142146,-45.475404636182745,9926.603200505962,1300.2468640631753
sm,short,1789632000,0.075,0.00509826227916123,1.8608657318938489,76343.98878291513,79440.8169010517,0.38321190504947455,0.03964161391702394,0.0364,1.0,0.949999988079071,1.0,True,76358.48615773817,1.0,69.41445278855285,-9996.017653294515,-69.41445278855285,9926.603200505962,1300.2468640631753
sm,short,1789632000,0.1,0.00509826227916123,1.8608657318938489,76343.98878291513,78990.091119281,0.36857702096422923,0.0339565516674577,0.0364,1.0,0.949999988079071,1.0,True,76358.48615773817,1.0,94.0903969840808,-10020.693597490043,-94.0903969840808,9926.603200505962,1300.2468640631753
sm,short,1789632000,0.125,0.00509826227916123,1.8608657318938489,76343.98878291513,78642.65345284849,0.35720238338410404,0.02955373159085783,0.0364,1.0,0.949999988079071,1.0,True,76358.48615773817,1.0,119.52197780195348,-10046.125178307915,-119.52197780195348,9926.603200505962,1300.2468640631753
sm,short,1789632000,0.15,0.00509826227916123,1.8608657318938489,76343.98878291513,78359.5465168658,0.3479547165715324,0.025953199610132382,0.0364,1.0,0.949999988079071,1.0,True,76358.48615773817,1.0,145.7443051558419,-10072.347505661804,-145.7443051558419,9926.603200505962,1300.2468640631753
sm,short,1789632000,0.175,0.00509826227916123,1.8608657318938489,76343.98878291513,78120.13755652837,0.34022096987948364,0.02289959203340215,0.0364,1.0,0.949999988079071,1.0,True,76358.48615773817,1.0,172.80401080046116,-10099.407211306423,-172.80401080046116,9926.603200505962,1300.2468640631753
sm,short,1789632000,0.2,0.00509826227916123,1.8608657318938489,76343.98878291513,77912.16886696832,0.3336317436699065,0.02024061341727842,0.0364,1.0,0.949999988079071,1.0,True,76358.48615773817,1.0,200.75752317207096,-10127.360723678034,-200.75752317207096,9926.603200505962,1300.2468640631753
sm,short,1789632000,0.22499999999999998,0.00509826227916123,1.8608657318938489,76343.98878291513,77727.75224277905,0.3279475518854738,0.017877918102993835,0.0364,1.0,0.949999988079071,1.0,True,76358.48615773817,1.0,229.67061746844604,-10314.177456088284,-229.67061746844604,10084.506838619838,1320.9300430051187
sm,short,1789632000,0.25,0.00509826227916123,1.8608657318938489,76343.98878291513,77561.49937796332,0.32300479588115166,0.01574410884803411,0.0364,1.0,0.949999988079071,1.0,True,76358.48615773817,1.0,259.6186271268037,-10510.378330562375,-259.6186271268037,10250.759703435571,1342.7068544432104
sm,short,1789632000,0.27499999999999997,0.00509826227916123,1.8608657318938489,76343.98878291513,77409.5526805477,0.31868734839668367,0.013790779800987927,0.0364,1.0,0.949999988079071,1.0,True,76358.48615773817,1.0,290.68708259429997,-10693.393483445494,-290.68708259429997,10402.706400851193,1362.6097570604268
sm,short,1789632000,0.3,0.00509826227916123,1.8608657318938489,76343.98878291513,77269.04152612579,0.31491042888568865,0.011981791922711985,0.0364,1.0,0.949999988079071,1.0,True,76358.48615773817,1.0,322.97269081090656,-10866.19024608401,-322.97269081090656,10543.217555273104,1381.0147627015986
sm,short,1789632000,0.32499999999999996,0.00509826227916123,1.8608657318938489,76343.98878291513,77137.75759139674,0.31161090564020866,0.010289249240242396,0.0364,1.0,0.949999988079071,1.0,True,76358.48615773817,1.0,356.58463944290094,-11031.086129445048,-356.58463944290094,10674.501490002147,1398.2111309844179
sm,short,1789632000,0.35,0.00509826227916123,1.8608657318938489,76343.98878291513,77013.95084152462,0.30874119626996777,0.008690965612297603,0.0364,1.0,0.949999988079071,1.0,True,76358.48615773817,1.0,391.64625230614115,-11189.95449218041,-391.64625230614115,10798.308239874268,1414.4280921159834
sm,short,1789632000,0.37499999999999994,0.00509826227916123,1.8608657318938489,76343.98878291513,76896.19560982451,0.30626530108215255,0.007168798869932918,0.0364,1.0,0.949999988079071,1.0,True,76358.48615773817,1.0,428.2970546810094,-11344.360526255388,-428.2970546810094,10916.063471574378,1429.852388590058
sm,short,1789632000,0.39999999999999997,0.00509826227916123,1.8608657318938489,76343.98878291513,76783.29915956329,0.3041561649063614,0.005707511263934803,0.0364,1.0,0.949999988079071,1.0,True,76358.48615773817,1.0,466.69533738722544,-11495.655259222825,-466.69533738722544,11028.9599218356,1444.6402523185623
sm,short,1789632000,0.42499999999999993,0.00509826227916123,1.8608657318938489,76343.98878291513,76674.23684167535,0.3023939044414425,0.0042939594683230236,0.0364,1.0,0.949999988079071,1.0,True,76358.48615773817,1.0,507.0213413629623,-11645.04358108651,-507.0213413629623,11138.022239723547,1458.9258980683628
sm,short,1789632000,0.44999999999999996,0.00509826227916123,1.8608657318938489,76343.98878291513,76568.10426805436,0.30096462459238227,0.002916495128721514,0.0364,1.0,0.949999988079071,1.0,True,76358.48615773817,1.0,549.4812243971846,-11793.636037741715,-549.4812243971846,11244.15481334453,1472.8277880944097
sm,short,1789632000,0.475,0.00509826227916123,1.8608657318938489,76343.98878291513,76464.08045313114,0.2998596544024349,0.001564500561954346,0.0364,1.0,0.949999988079071,1.0,True,76358.48615773817,1.0,594.3120238395836,-11942.490652107332,-594.3120238395836,11348.178628267748,1486.4534600800598
sm,short,1789632000,0.49999999999999994,0.00509826227916123,1.8608657318938489,76343.98878291513,76361.39791202865,0.29907509833767115,0.00022800936582182847,0.0364,1.0,0.949999988079071,1.0,True,76358.48615773817,1.0,641.7879007467658,-12092.649070117004,-641.7879007467658,11450.861169370239,1499.9034438626038
sm,short,1789632000,0.525,0.00509826227916123,1.8608657318938489,76343.98878291513,76259.31688406337,0.29861164117923966,-0.0011026237360003996,0.0364,1.0,0.949999988079071,1.0,False,76358.48615773817,1.0,607.5561534586502,-11962.159803444583,-607.5561534586502,11354.603649985933,1487.2950485038002
sm,short,1789632000,0.5499999999999999,0.00509826227916123,1.8608657318938489,76343.98878291513,76157.10150740166,0.29847457524281185,-0.002437031456922164,0.0364,1.0,0.949999988079071,1.0,False,76358.48615773817,1.0,559.1195502674084,-11811.507823591628,-559.1195502674084,11252.388273324219,1473.9062567611568
sm,short,1789632000,0.575,0.00509826227916123,1.8608657318938489,76343.98878291513,76053.9960725924,0.29867404343558784,-0.0037851450280995363,0.0364,1.0,0.949999988079071,1.0,False,76358.48615773817,1.0,513.5740714650153,-11662.856909979975,-513.5740714650153,11149.28283851496,1460.4008797887222
sm,short,1789632000,0.6,0.00509826227916123,1.8608657318938489,76343.98878291513,75949.19950208567,0.29922551525792723,-0.005157532029787591,0.0364,1.0,0.949999988079071,1.0,False,76358.48615773817,1.0,470.64649423022,-11515.132762238449,-470.64649423022,11044.48626800823,1446.67398757659
sm,short,1789632000,0.625,0.00509826227916123,1.8608657318938489,76343.98878291513,75841.8359436819,0.30015053935761254,-0.006565789017757922,0.0364,1.0,0.949999988079071,1.0,False,76358.48615773817,1.0,430.09676774609835,-11367.219477350556,-430.09676774609835,10937.122709604459,1432.61085567644
sm,short,1789632000,0.65,0.00509826227916123,1.8608657318938489,76343.98878291513,75730.91876453624,0.30147785064304766,-0.008023025410994086,0.0364,1.0,0.949999988079071,1.0,False,76358.48615773817,1.0,391.71254194778743,-11217.918072406585,-391.71254194778743,10826.205530458798,1418.0822489172288
sm,short,1789632000,0.675,0.00509826227916123,1.8608657318938489,76343.98878291513,75615.30413345771,0.3032449597373765,-0.009544490303618255,0.0364,1.0,0.949999988079071,1.0,False,76358.48615773817,1.0,355.3046826432824,-11065.895582023553,-355.3046826432824,10710.590899380271,1402.9383413324053
sm,short,1789632000,0.7,0.00509826227916123,1.8608657318938489,76343.98878291513,75493.6284732376,0.3055004303419613,-0.011148420113474751,0.0364,1.0,0.949999988079071,1.0,False,76358.48615773817,1.0,320.703551110971,-10909.618790271123,-320.703551110971,10588.915239160151,1387.000523285446
sm,short,1789632000,0.725,0.00509826227916123,1.8608657318938489,76343.98878291513,75364.22075149663,0.30830717885613584,-0.012857230565121811,0.0364,1.0,0.949999988079071,1.0,False,76358.48615773817,1.0,287.75587872537864,-10747.263396144564,-287.75587872537864,10459.507517419186,1370.0499127915489
sm,short,1789632000,0.75,0.00509826227916123,1.8608657318938489,76343.98878291513,75224.97466862595,0.3117473546797466,-0.014699257854222837,0.0364,1.0,0.949999988079071,1.0,False,76358.48615773817,1.0,256.32210410421675,-10576.58353865272,-256.32210410421675,10320.261434548504,1351.8106139167376
sm,short,1789632000,0.775,0.00509826227916123,1.8608657318938489,76343.98878291513,75073.1548332443,0.31592976937915696,-0.01671140499690549,0.0364,1.0,0.949999988079071,1.0,False,76358.48615773817,1.0,226.27406569354994,-10394.715664860412,-226.27406569354994,10168.441599166863,1331.9243284603488
sm,short,1789632000,0.7999999999999999,0.00509826227916123,1.8608657318938489,76343.98878291513,74905.08959644819,0.32100163431952294,-0.018943345036355485,0.0364,1.0,0.949999988079071,1.0,False,76358.48615773817,1.0,197.49295858994617,-10197.869320960694,-197.49295858994617,10000.376362370747,1309.910121516825
sm,short,1789632000,0.825,0.00509826227916123,1.8608657318938489,76343.98878291513,74715.65867383037,0.32716799589302786,-0.021464548837483593,0.0364,1.0,0.949999988079071,1.0,False,76358.48615773817,1.0,169.86747055864313,-10096.470671064606,-169.86747055864313,9926.603200505962,1300.2468640631753
sm,short,1789632000,0.85,0.00509826227916123,1.8608657318938489,76343.98878291513,74497.38356633745,0.3347258833931255,-0.024376793026454364,0.0364,1.0,0.949999988079071,1.0,False,76358.48615773817,1.0,143.29200497144518,-10069.895205477407,-143.29200497144518,9926.603200505962,1300.2468640631753
sm,short,1789632000,0.875,0.00509826227916123,1.8608657318938489,76343.98878291513,74238.68054405916,0.3441290779351258,-0.027838253702679935,0.0364,1.0,0.949999988079071,1.0,False,76358.48615773817,1.0,117.66486624265809,-10044.26806674862,-117.66486624265809,9926.603200505962,1300.2468640631753
sm,short,1789632000,0.9,0.00509826227916123,1.8608657318938489,76343.98878291513,73920.13615713066,0.3561241778328912,-0.03211504665466185,0.0364,1.0,0.949999988079071,1.0,False,76358.48615773817,1.0,92.88619248435383,-10019.489392990316,-92.88619248435383,9926.603200505962,1300.2468640631753
sm,short,1789632000,0.9249999999999999,0.00509826227916123,1.8608657318938489,76343.98878291513,73505.31111257276,0.37208078665800925,-0.03770901185378659,0.0364,1.0,0.949999988079071,1.0,False,76358.48615773817,1.0,68.85515985663622,-9995.458360362598,-68.85515985663622,9926.603200505962,1300.2468640631753
sm,short,1789632000,0.95,0.00509826227916123,1.8608657318938489,76343.98878291513,72912.24978822198,0.3949929121050872,-0.04575574078520939,0.0364,1.0,0.949999988079071,1.0,False,76358.48615773817,1.0,45.46510230792842,-9972.06830281389,-45.46510230792842,9926.603200505962,1300.2468640631753
sm,short,1789632000,0.05,0.006954720693250708,2.5384730530365083,76362.28583014329,80374.38989210004,0.36983381909778645,0.051171694661128385,0.0364,1.0,0.949999988079071,1.0,True,76358.48615773817,1.0,48.644940027014115,-9975.248140532976,-48.644940027014115,9926.603200505962,1299.9353139567138
sm,short,1789632000,0.075,0.006954720693250708,2.5384730530365083,76362.28583014329,79700.36481830715,0.35279088078409654,0.042752075356283906,0.0364,1.0,0.949999988079071,1.0,True,76358.48615773817,1.0,74.59499735516067,-10001.198197861124,-74.59499735516067,9926.603200505962,1299.9353139567138
sm,short,1789632000,0.1,0.006954720693250708,2.5384730530365083,76362.28583014329,79224.54813566558,0.3405291235547853,0.036766111515134044,0.0364,1.0,0.949999988079071,1.0,True,76358.48615773817,1.0,101.46871058606249,-10028.071911092025,-101.46871058606249,9926.603200505962,1299.9353139567138
sm,short,1789632000,0.125,0.006954720693250708,2.5384730530365083,76362.28583014329,78855.79563691582,0.3309690291895954,0.032102799206243135,0.0364,1.0,0.949999988079071,1.0,True,76358.48615773817,1.0,129.25995182185778,-10055.86315232782,-129.25995182185778,9926.603200505962,1299.9353139567138
sm,short,1789632000,0.15,0.006954720693250708,2.5384730530365083,76362.28583014329,78553.85770176897,0.32316674132695367,0.028268570388685205,0.0364,1.0,0.949999988079071,1.0,True,76358.48615773817,1.0,157.98766197917232,-10084.590862485134,-157.98766197917232,9926.603200505962,1299.9353139567138
sm,short,1789632000,0.175,0.006954720693250708,2.5384730530365083,76362.28583014329,78297.39083087028,0.3166121445224448,0.025000491128129985,0.0364,1.0,0.949999988079071,1.0,True,76358.48615773817,1.0,187.68688782397444,-10114.290088329937,-187.68688782397444,9926.603200505962,1299.9353139567138
sm,short,1789632000,0.2,0.006954720693250708,2.5384730530365083,76362.28583014329,78073.70241893273,0.310998158479879,0.022141602425409024,0.0364,1.0,0.949999988079071,1.0,True,76358.48615773817,1.0,218.40526064500966,-10145.008461150972,-218.40526064500966,9926.603200505962,1299.9353139567138
sm,short,1789632000,0.22499999999999998,0.006954720693250708,2.5384730530365083,76362.28583014329,77874.61806044227,0.3061259500407495,0.01959048102800161,0.0364,1.0,0.949999988079071,1.0,True,76358.48615773817,1.0,250.20165944741848,-10187.842680404041,-250.20165944741848,9937.641020956622,1301.3807683889202
sm,short,1789632000,0.25,0.006954720693250708,2.5384730530365083,76362.28583014329,77694.55086353057,0.3018599546730865,0.017277596976484177,0.0364,1.0,0.949999988079071,1.0,True,76358.48615773817,1.0,283.145972641736,-10400.854190510054,-283.145972641736,10117.708217868318,1324.961413592788
sm,short,1789632000,0.27499999999999997,0.006954720693250708,2.5384730530365083,76362.28583014329,77529.49971622892,0.29810425027055104,0.015153011510910336,0.0364,1.0,0.949999988079071,1.0,True,76358.48615773817,1.0,317.31953427961304,-10600.078899449582,-317.31953427961304,10282.759365169968,1346.5756365704478
sm,short,1789632000,0.3,0.006954720693250708,2.5384730530365083,76362.28583014329,77376.48674899797,0.2947891737160652,0.013179450884523464,0.0364,1.0,0.949999988079071,1.0,True,76358.48615773817,1.0,352.8160625266667,-10788.588394927592,-352.8160625266667,10435.772332400926,1366.6134033250094
sm,short,1789632000,0.32499999999999996,0.006954720693250708,2.5384730530365083,76362.28583014329,77233.22107188776,0.2918632897725492,0.011328156204900778,0.0364,1.0,0.949999988079071,1.0,True,76358.48615773817,1.0,389.7430425892697,-10968.781052100401,-389.7430425892697,10579.038009511132,1385.3747166556345
sm,short,1789632000,0.35,0.006954720693250708,2.5384730530365083,76362.28583014329,77097.88716961279,0.2892883540262438,0.009576265612560982,0.0364,1.0,0.949999988079071,1.0,True,76358.48615773817,1.0,428.2235593368252,-11142.595471122928,-428.2235593368252,10714.371911786102,1403.0973268163623
sm,short,1789632000,0.37499999999999994,0.006954720693250708,2.5384730530365083,76362.28583014329,76969.00572790722,0.2870360484120234,0.007905088221474546,0.0364,1.0,0.949999988079071,1.0,True,76358.48615773817,1.0,468.3986283144214,-11311.651981806093,-468.3986283144214,10843.253353491671,1419.9749569585829
sm,short,1789632000,0.39999999999999997,0.006954720693250708,2.5384730530365083,76362.28583014329,76845.33836019629,0.2850858196710996,0.0062989191532554474,0.0364,1.0,0.949999988079071,1.0,True,76358.48615773817,1.0,510.43011188541084,-11477.350833088018,-510.43011188541084,10966.920721202607,1436.1697796209132
sm,short,1789632000,0.42499999999999993,0.006954720693250708,2.5384730530365083,76362.28583014329,76725.81981182465,0.2834234368923805,0.004744193374349752,0.0364,1.0,0.949999988079071,1.0,True,76358.48615773817,1.0,554.504347772999,-11640.94361734724,-554.504347772999,11086.43926957424,1451.8212949039269
sm,short,1789632000,0.44999999999999996,0.006954720693250708,2.5384730530365083,76362.28583014329,76609.50772979115,0.2820400409018457,0.0032288559237721574,0.0364,1.0,0.949999988079071,1.0,True,76358.48615773817,1.0,600.8366662903984,-11803.588017898142,-600.8366662903984,11202.751351607743,1467.0529083593203
sm,short,1789632000,0.475,0.006954720693250708,2.5384730530365083,76362.28583014329,76495.54372809417,0.28093154875431653,0.0017418708214363664,0.0364,1.0,0.949999988079071,1.0,True,76358.48615773817,1.0,649.6770362869839,-11966.392389591707,-649.6770362869839,11316.715353304722,1481.9770296658087
sm,short,1789632000,0.49999999999999994,0.006954720693250708,2.5384730530365083,76362.28583014329,76383.12156897546,0.28009833189682765,0.00027281656864433333,0.0364,1.0,0.949999988079071,1.0,True,76358.48615773817,1.0,701.3171662507133,-12130.454678674145,-701.3171662507133,11429.137512423431,1496.6992394447007
sm,short,1789632000,0.525,0.006954720693250708,2.5384730530365083,76362.28583014329,76271.45948218247,0.2795451228466282,-0.0011884691940453574,0.0364,1.0,0.949999988079071,1.0,False,76358.48615773817,1.0,665.2731594695106,-12032.01940757454,-665.2731594695106,11366.74624810503,1488.5288103329817
sm,short,1789632000,0.5499999999999999,0.006954720693250708,2.5384730530365083,76362.28583014329,76159.77430020738,0.27928113148528044,-0.0026522254466653026,0.0364,1.0,0.949999988079071,1.0,False,76358.48615773817,1.0,611.9172473955269,-11866.97831352547,-611.9172473955269,11255.061066129942,1473.9031111725985
sm,short,1789632000,0.575,0.006954720693250708,2.5384730530365083,76362.28583014329,76047.25536961191,0.2793203739207486,-0.004129110401062946,0.0364,1.0,0.949999988079071,1.0,False,76358.48615773817,1.0,561.7564105410166,-11704.298546075488,-561.7564105410166,11142.542135534472,1459.1682287142928
sm,short,1789632000,0.6,0.006954720693250708,2.5384730530365083,76362.28583014329,75933.03617830899,0.27968223846323415,-0.00563057816282582,0.0364,1.0,0.949999988079071,1.0,False,76358.48615773817,1.0,514.5027455648545,-11542.8256897964,-514.5027455648545,11028.322944231546,1444.2106891302906
sm,short,1789632000,0.625,0.006954720693250708,2.5384730530365083,76362.28583014329,75816.1613132388,0.28039233856739404,-0.007169321458828763,0.0364,1.0,0.949999988079071,1.0,False,76358.48615773817,1.0,469.9021186920834,-11381.350197853442,-469.9021186920834,10911.448079161359,1428.9053765928743
sm,short,1789632000,0.65,0.006954720693250708,2.5384730530365083,76362.28583014329,75695.5456546585,0.2814837365697623,-0.008759822451048699,0.0364,1.0,0.949999988079071,1.0,False,76358.48615773817,1.0,427.7284018590067,-11218.56082244007,-427.7284018590067,10790.832420581062,1413.1101895749543
sm,short,1789632000,0.675,0.006954720693250708,2.5384730530365083,76362.28583014329,75569.92144132582,0.2829986722094428,-0.010419071407773163,0.0364,1.0,0.949999988079071,1.0,False,76358.48615773817,1.0,387.7787110657195,-11052.986918314093,-387.7787110657195,10665.208207248374,1396.6591087872312
sm,short,1789632000,0.7,0.006954720693250708,2.5384730530365083,76362.28583014329,75437.76664926058,0.28499100904629227,-0.012167543479256485,0.0364,1.0,0.949999988079071,1.0,False,76358.48615773817,1.0,349.8694046650405,-10882.922819848176,-349.8694046650405,10533.053415183136,1379.3528180406188
sm,short,1789632000,0.725,0.006954720693250708,2.5384730530365083,76362.28583014329,75297.204328512,0.2875297433582808,-0.014030576623581243,0.0364,1.0,0.949999988079071,1.0,False,76358.48615773817,1.0,313.83265324571823,-10706.323747680279,-313.83265324571823,10392.491094434561,1360.945521923104
sm,short,1789632000,0.75,0.006954720693250708,2.5384730530365083,76362.28583014329,75145.8557778724,0.29070414912449205,-0.01604038785521596,0.0364,1.0,0.949999988079071,1.0,False,76358.48615773817,1.0,279.5134299318006,-10520.655973726763,-279.5134299318006,10241.142543794962,1341.1257183388777
sm,short,1789632000,0.775,0.006954720693250708,2.5384730530365083,76362.28583014329,74980.61789432303,0.2946315516786043,-0.018239139819308813,0.0364,1.0,0.949999988079071,1.0,False,76358.48615773817,1.0,246.76679395474858,-10322.67145420034,-246.76679395474858,10075.904660245591,1319.4870413724866
sm,short,1789632000,0.7999999999999999,0.006954720693250708,2.5384730530365083,76362.28583014329,74797.31055103996,0.2994695321081731,-0.020683811659346508,0.0364,1.0,0.949999988079071,1.0,False,76358.48615773817,1.0,215.45535233569544,-10142.058552841658,-215.45535233569544,9926.603200505962,1299.9353139567138
sm,short,1789632000,0.825,0.006954720693250708,2.5384730530365083,76362.28583014329,74590.0889567384,0.30543603165232647,-0.023454340814164133,0.0364,1.0,0.949999988079071,1.0,False,76358.48615773817,1.0,185.44678196345313,-10112.049982469416,-185.44678196345313,9926.603200505962,1299.9353139567138
sm,short,1789632000,0.85,0.006954720693250708,2.5384730530365083,76362.28583014329,74350.40155179812,0.3128445354923268,-0.026668108430397085,0.0364,1.0,0.949999988079071,1.0,False,76358.48615773817,1.0,156.61126779718114,-10083.214468303144,-156.61126779718114,9926.603200505962,1299.9353139567138
sm,short,1789632000,0.875,0.006954720693250708,2.5384730530365083,76362.28583014329,74064.99036368418,0.32217061395430413,-0.030507835465635215,0.0364,1.0,0.949999988079071,1.0,False,76358.48615773817,1.0,128.81863555065635,-10055.42183605662,-128.81863555065635,9926.603200505962,1299.9353139567138
sm,short,1789632000,0.9,0.006954720693250708,2.5384730530365083,76362.28583014329,73711.63127414482,0.33419142630247617,-0.03528125640527014,0.0364,1.0,0.949999988079071,1.0,False,76358.48615773817,1.0,101.93475186820321,-10028.537952374165,-101.93475186820321,9926.603200505962,1299.9353139567138
sm,short,1789632000,0.9249999999999999,0.006954720693250708,2.5384730530365083,76362.28583014329,73248.62272972235,0.35032373774016007,-0.04156911078255473,0.0364,1.0,0.949999988079071,1.0,False,76358.48615773817,1.0,75.81618053133535,-10002.419381037298,-75.81618053133535,9926.603200505962,1299.9353139567138
sm,short,1789632000,0.95,0.006954720693250708,2.5384730530365083,76362.28583014329,72582.23766983207,0.3736476255719141,-0.05068637958404564,0.0364,1.0,0.949999988079071,1.0,False,76358.48615773817,1.0,50.30010445280616,-9976.903304958769,-50.30010445280616,9926.603200505962,1299.9353139567138
sm,short,1789632000,0.05,0.009487181567498164,3.46282127213683,76380.43375055402,80904.85065644201,0.3554526267052141,0.05735688688324714,0.0364,1.0,0.949999988079071,1.0,True,76358.48615773817,1.0,54.5427199805575,-9981.14592048652,-54.5427199805575,9926.603200505962,1299.6264505284983
sm,short,1789632000,0.075,0.009487181567498164,3.46282127213683,76380.43375055402,80160.0172795243,0.34053924210251807,0.04813069440356136,0.0364,1.0,0.949999988079071,1.0,True,76358.48615773817,1.0,83.99478844380228,-10010.597988949765,-83.99478844380228,9926.603200505962,1299.6264505284983
sm,short,1789632000,0.1,0.009487181567498164,3.46282127213683,76380.43375055402,79631.66168057735,0.32981314066699446,0.04153493088338602,0.0364,1.0,0.949999988079071,1.0,True,76358.48615773817,1.0,114.63373494190999,-10041.236935447872,-114.63373494190999,9926.603200505962,1299.6264505284983
sm,short,1789632000,0.125,0.009487181567498164,3.46282127213683,76380.43375055402,79220.41960378324,0.3214501646712798,0.036371600592924595,0.0364,1.0,0.949999988079071,1.0,True,76358.48615773817,1.0,146.43117851448025,-10073.034379020442,-146.43117851448025,9926.603200505962,1299.6264505284983
sm,short,1789632000,0.15,0.009487181567498164,3.46282127213683,76380.43375055402,78882.35855377105,0.3146233084046363,0.03210762455676826,0.0364,1.0,0.949999988079071,1.0,True,76358.48615773817,1.0,179.39453345331617,-10105.997733959279,-179.39453345331617,9926.603200505962,1299.6264505284983
sm,short,1789632000,0.175,0.009487181567498164,3.46282127213683,76380.43375055402,78594.15732709842,0.30888606002862234,0.028458626681573312,0.0364,1.0,0.949999988079071,1.0,True,76358.48615773817,1.0,213.55329250844608,-10140.156493014409,-213.55329250844608,9926.603200505962,1299.6264505284983
sm,short,1789632000,0.2,0.009487181567498164,3.46282127213683,76380.43375055402,78341.93368715359,0.3039698928853324,0.025254636223526257,0.0364,1.0,0.949999988079071,1.0,True,76358.48615773817,1.0,248.95344614531146,-10175.556646651274,-248.95344614531146,9926.603200505962,1299.6264505284983
sm,short,1789632000,0.22499999999999998,0.009487181567498164,3.46282127213683,76380.43375055402,78116.73885627177,0.2997011208380132,0.02238569430063881,0.0364,1.0,0.949999988079071,1.0,True,76358.48615773817,1.0,285.6551300819445,-10212.258330587907,-285.6551300819445,9926.603200505962,1299.6264505284983
sm,short,1789632000,0.25,0.009487181567498164,3.46282127213683,76380.43375055402,77912.45128622917,0.29596146935106704,0.019776335261739296,0.0364,1.0,0.949999988079071,1.0,True,76358.48615773817,1.0,323.7318599861825,-10250.335060492145,-323.7318599861825,9926.603200505962,1299.6264505284983
sm,short,1789632000,0.27499999999999997,0.009487181567498164,3.46282127213683,76380.43375055402,77724.68317985458,0.2926673768760847,0.01737229750077572,0.0364,1.0,0.949999988079071,1.0,True,76358.48615773817,1.0,363.27070453899023,-10450.846606083307,-363.27070453899023,10087.575901544316,1320.7015731919887
sm,short,1789632000,0.3,0.009487181567498164,3.46282127213683,76380.43375055402,77550.16607847011,0.2897582773801646,0.015133035734300575,0.0364,1.0,0.949999988079071,1.0,True,76358.48615773817,1.0,404.3731225199964,-10666.46612544878,-404.3731225199964,10262.093002928783,1343.549977268144
sm,short,1789632000,0.32499999999999996,0.009487181567498164,3.46282127213683,76380.43375055402,77386.38338404975,0.2871895744396291,0.013027230947788784,0.0364,1.0,0.949999988079071,1.0,True,76358.48615773817,1.0,447.1563571910738,-10873.032054540212,-447.1563571910738,10425.875697349138,1364.992994331289
sm,short,1789632000,0.35,0.009487181567498164,3.46282127213683,76380.43375055402,77231.33898142216,0.284928239331228,0.011029955939739907,0.0364,1.0,0.949999988079071,1.0,True,76358.48615773817,1.0,491.7553703562475,-11072.67547033298,-491.7553703562475,10580.920099976733,1385.2919629302296
sm,short,1789632000,0.37499999999999994,0.009487181567498164,3.46282127213683,76380.43375055402,77083.40497120647,0.28294996277443213,0.009120804797137923,0.0364,1.0,0.949999988079071,1.0,True,76358.48615773817,1.0,538.3253565491004,-11267.17946674152,-538.3253565491004,10728.85411019242,1404.66001348344
sm,short,1789632000,0.39999999999999997,0.009487181567498164,3.46282127213683,76380.43375055402,76941.21736692448,0.2812372739260304,0.007282607428810088,0.0364,1.0,0.949999988079071,1.0,True,76358.48615773817,1.0,587.0449254634697,-11458.086639937881,-587.0449254634697,10871.041714474411,1423.2757239867808
sm,short,1789632000,0.42499999999999993,0.009487181567498164,3.46282127213683,76380.43375055402,76803.60181943035,0.27977829086032224,0.005500510439798289,0.0364,1.0,0.949999988079071,1.0,True,76358.48615773817,1.0,638.1200889592957,-11646.77735092784,-638.1200889592957,11008.657261968543,1441.2928444372303
sm,short,1789632000,0.44999999999999996,0.009487181567498164,3.46282127213683,76380.43375055402,76669.51853663239,0.2785659041535762,0.0037612918723427934,0.0364,1.0,0.949999988079071,1.0,True,76358.48615773817,1.0,691.7892454778672,-11834.52979024437,-691.7892454778672,11142.740544766504,1458.8475081402219
sm,short,1789632000,0.475,0.009487181567498164,3.46282127213683,76380.43375055402,76538.0195414484,0.2775972746625854,0.002052825601524255,0.0364,1.0,0.949999988079071,1.0,True,76358.48615773817,1.0,748.3294269735551,-12022.568966924042,-748.3294269735551,11274.239539950488,1476.063827651242
sm,short,1789632000,0.49999999999999994,0.009487181567498164,3.46282127213683,76380.43375055402,76408.21369162727,0.27687357530487244,0.0003636388153757249,0.0364,1.0,0.949999988079071,1.0,True,76358.48615773817,1.0,808.0641706936509,-12212.109560465271,-808.0641706936509,11404.04538977162,1493.0584745060971
sm,short,1789632000,0.525,0.009487181567498164,3.46282127213683,76380.43375055402,76279.23619509749,0.2763999387901253,-0.001317478220688011,0.0364,1.0,0.949999988079071,1.0,False,76358.48615773817,1.0,770.1759576930364,-12144.698918713082,-770.1759576930364,11374.522961020046,1489.1932923773875
sm,short,1789632000,0.5499999999999999,0.009487181567498164,3.46282127213683,76380.43375055402,76150.22006696754,0.27618559678009347,-0.0030018425220061885,0.0364,1.0,0.949999988079071,1.0,False,76358.48615773817,1.0,708.4931120142605,-11953.999944904353,-708.4931120142605,11245.506832890092,1472.3020387153174
sm,short,1789632000,0.575,0.009487181567498164,3.46282127213683,76380.43375055402,76020.26727654427,0.2762442158596985,-0.004701258031948002,0.0364,1.0,0.949999988079071,1.0,False,76358.48615773817,1.0,650.4327750918119,-11765.986817558638,-650.4327750918119,11115.554042466825,1455.2881538704537
sm,short,1789632000,0.6,0.009487181567498164,3.46282127213683,76380.43375055402,75888.41730143636,0.2765944557478513,-0.00642843479018336,0.0364,1.0,0.949999988079071,1.0,False,76358.48615773817,1.0,595.6772911562605,-11579.381358515178,-595.6772911562605,10983.704067358918,1438.025882810498
sm,short,1789632000,0.625,0.009487181567498164,3.46282127213683,76380.43375055402,75753.61043603472,0.2772607990438053,-0.00819748342656014,0.0364,1.0,0.949999988079071,1.0,False,76358.48615773817,1.0,543.946370210343,-11392.843572167625,-543.946370210343,10848.897201957283,1420.3764850809832
sm,short,1789632000,0.65,0.009487181567498164,3.46282127213683,76380.43375055402,75614.6424055509,0.27827473417710147,-0.010024532178044289,0.0364,1.0,0.949999988079071,1.0,False,76358.48615773817,1.0,494.9907607515771,-11204.919932225033,-494.9907607515771,10709.929171473455,1402.1822927125984
sm,short,1789632000,0.675,0.009487181567498164,3.46282127213683,76380.43375055402,75470.10541134741,0.2796764212781593,-0.01192853374035158,0.0364,1.0,0.949999988079071,1.0,False,76358.48615773817,1.0,448.5870228065544,-11013.979200076521,-448.5870228065544,10565.392177269967,1383.2589916646464
sm,short,1789632000,0.7,0.009487181567498164,3.46282127213683,76380.43375055402,75318.30828015707,0.28151704666541577,-0.013932363737752914,0.0364,1.0,0.949999988079071,1.0,False,76358.48615773817,1.0,404.5331349645741,-10818.128181044203,-404.5331349645741,10413.595046079628,1363.3851674747912
sm,short,1789632000,0.725,0.009487181567498164,3.46282127213683,76380.43375055402,75157.16414082305,0.2838621979897785,-0.0160643722722588,0.0364,1.0,0.949999988079071,1.0,False,76358.48615773817,1.0,362.6447278797769,-10615.095634625384,-362.6447278797769,10252.450906745607,1342.2875994954982
sm,short,1789632000,0.75,0.009487181567498164,3.46282127213683,76380.43375055402,74984.02648805735,0.2867968122075387,-0.01836065637068777,0.0364,1.0,0.949999988079071,1.0,False,76358.48615773817,1.0,322.75177704688286,-10402.065031026792,-322.75177704688286,10079.31325397991,1319.619797774034
sm,short,1789632000,0.775,0.009487181567498164,3.46282127213683,76380.43375055402,74795.44047164192,0.29043265120550654,-0.02086851866891718,0.0364,1.0,0.949999988079071,1.0,False,76358.48615773817,1.0,284.695613540548,-10211.29881404651,-284.695613540548,9926.603200505962,1299.6264505284983
sm,short,1789632000,0.7999999999999999,0.009487181567498164,3.46282127213683,76380.43375055402,74586.74889110435,0.2949200377091011,-0.02365196399658377,0.0364,1.0,0.949999988079071,1.0,False,76358.48615773817,1.0,248.32612407672374,-10174.929324582687,-248.32612407672374,9926.603200505962,1299.6264505284983
sm,short,1789632000,0.825,0.009487181567498164,3.46282127213683,76380.43375055402,74351.43551666889,0.3004671858355259,-0.026800890627842296,0.0364,1.0,0.949999988079071,1.0,False,76358.48615773817,1.0,213.4990086942534,-10140.102209200215,-213.4990086942534,9926.603200505962,1299.6264505284983
sm,short,1789632000,0.85,0.009487181567498164,3.46282127213683,76380.43375055402,74079.96061606487,0.30737402510059636,-0.030447447346372482,0.0364,1.0,0.949999988079071,1.0,False,76358.48615773817,1.0,180.0729357181068,-10106.676136224069,-180.0729357181068,9926.603200505962,1299.6264505284983
sm,short,1789632000,0.875,0.009487181567498164,3.46282127213683,76380.43375055402,73757.52697237606,0.3160961588695477,-0.034797540187127426,0.0364,1.0,0.949999988079071,1.0,False,76358.48615773817,1.0,147.90635147144235,-10074.509551977404,-147.90635147144235,9926.603200505962,1299.6264505284983
sm,short,1789632000,0.9,0.009487181567498164,3.46282127213683,76380.43375055402,73359.32268087883,0.32737893798039047,-0.040198239700859874,0.0364,1.0,0.949999988079071,1.0,False,76358.48615773817,1.0,116.85348571079356,-10043.456686216756,-116.85348571079356,9926.603200505962,1299.6264505284983
sm,short,1789632000,0.9249999999999999,0.009487181567498164,3.46282127213683,76380.43375055402,72838.78838618715,0.34258232531307475,-0.04730497288976539,0.0364,1.0,0.949999988079071,1.0,False,76358.48615773817,1.0,86.75847970361043,-10013.361680209573,-86.75847970361043,9926.603200505962,1299.6264505284983
sm,short,1789632000,0.95,0.009487181567498164,3.46282127213683,76380.43375055402,72091.31293468218,0.36466497377395596,-0.05760267078832611,0.0364,1.0,0.949999988079071,1.0,False,76358.48615773817,1.0,57.444486493119406,-9984.047686999082,-57.444486493119406,9926.603200505962,1299.6264505284983
sm,short,1789632000,0.05,0.012941801412963272,4.723757515731594,76394.23882939116,81819.74066094773,0.362131154295602,0.06851330727816957,0.0364,1.0,0.949999988079071,1.0,True,76358.48615773817,1.0,64.7548513228679,-9991.35805182883,-64.7548513228679,9926.603200505962,1299.3915971431736
sm,short,1789632000,0.075,0.012941801412963272,4.723757515731594,76394.23882939116,80938.26950766437,0.34803528843901027,0.057694889786698046,0.0364,1.0,0.949999988079071,1.0,True,76358.48615773817,1.0,100.02812272210443,-10026.631323228066,-100.02812272210443,9926.603200505962,1299.3915971431736
sm,short,1789632000,0.1,0.012941801412963272,4.723757515731594,76394.23882939116,80312.05082364994,0.3379698121882357,0.04993758703836352,0.0364,1.0,0.949999988079071,1.0,True,76358.48615773817,1.0,136.86813533628455,-10063.471335842247,-136.86813533628455,9926.603200505962,1299.3915971431736
sm,short,1789632000,0.125,0.012941801412963272,4.723757515731594,76394.23882939116,79823.76148579839,0.330173502699721,0.0438469781267442,0.0364,1.0,0.949999988079071,1.0,True,76358.48615773817,1.0,175.2308398295705,-10101.834040335532,-175.2308398295705,9926.603200505962,1299.3915971431736
sm,short,1789632000,0.15,0.012941801412963272,4.723757515731594,76394.23882939116,79421.56734731955,0.3238492259972157,0.03880238011113753,0.0364,1.0,0.949999988079071,1.0,True,76358.48615773817,1.0,215.11928215235187,-10141.722482658315,-215.11928215235187,9926.603200505962,1299.3915971431736
sm,short,1789632000,0.175,0.012941801412963272,4.723757515731594,76394.23882939116,79077.96711134503,0.31856712775129653,0.034472582704276424,0.0364,1.0,0.949999988079071,1.0,True,76358.48615773817,1.0,256.5651002329943,-10183.168300738957,-256.5651002329943,9926.603200505962,1299.3915971431736
sm,short,1789632000,0.2,0.012941801412963272,4.723757515731594,76394.23882939116,78776.59668558081,0.3140689147084713,0.030659560797181205,0.0364,1.0,0.949999988079071,1.0,True,76358.48615773817,1.0,299.62088043161464,-10226.224080937576,-299.62088043161464,9926.603200505962,1299.3915971431736
sm,short,1789632000,0.22499999999999998,0.012941801412963272,4.723757515731594,76394.23882939116,78506.91060419894,0.31018758778104977,0.02723516373544891,0.0364,1.0,0.949999988079071,1.0,True,76358.48615773817,1.0,344.35680417269083,-10270.960004678653,-344.35680417269083,9926.603200505962,1299.3915971431736
sm,short,1789632000,0.25,0.012941801412963272,4.723757515731594,76394.23882939116,78261.696808636,0.30680941263610634,0.024111408905062272,0.0364,1.0,0.949999988079071,1.0,True,76358.48615773817,1.0,390.859381644583,-10317.462582150545,-390.859381644583,9926.603200505962,1299.3915971431736
sm,short,1789632000,0.27499999999999997,0.012941801412963272,4.723757515731594,76394.23882939116,78035.78691721812,0.3038539699207986,0.021225009913984797,0.0364,1.0,0.949999988079071,1.0,True,76358.48615773817,1.0,439.23139520889816,-10365.834595714861,-439.23139520889816,9926.603200505962,1299.3915971431736
sm,short,1789632000,0.3,0.012941801412963272,4.723757515731594,76394.23882939116,77825.3318159129,0.3012628667877159,0.018528658408441787,0.0364,1.0,0.949999988079071,1.0,True,76358.48615773817,1.0,489.59267405655856,-10476.519939542553,-489.59267405655856,9986.927265485994,1307.288012619575
sm,short,1789632000,0.32499999999999996,0.012941801412963272,4.723757515731594,76394.23882939116,77627.36857101857,0.2989929687234564,0.015985796089068974,0.0364,1.0,0.949999988079071,1.0,True,76358.48615773817,1.0,542.0815431508199,-10726.972053531144,-542.0815431508199,10184.890510380324,1333.201386183835
sm,short,1789632000,0.35,0.012941801412963272,4.723757515731594,76394.23882939116,77439.54788147497,0.2970121569506167,0.013567314716104905,0.0364,1.0,0.949999988079071,1.0,True,76358.48615773817,1.0,596.8569050303188,-10969.568104954245,-596.8569050303188,10372.711199923926,1357.7871000310604
sm,short,1789632000,0.37499999999999994,0.012941801412963272,4.723757515731594,76394.23882939116,77259.95484727866,0.29529657923727337,0.011249378951823957,0.0364,1.0,0.949999988079071,1.0,True,76358.48615773817,1.0,654.1009858412707,-11206.405219961507,-654.1009858412707,10552.304234120236,1381.2958144247452
sm,short,1789632000,0.39999999999999997,0.012941801412963272,4.723757515731594,76394.23882939116,77086.98632881226,0.29382882875228206,0.00901193102184164,0.0364,1.0,0.949999988079071,1.0,True,76358.48615773817,1.0,714.0228342049537,-11439.295586791588,-714.0228342049537,10725.272752586634,1403.9373802177736
sm,short,1789632000,0.42499999999999993,0.012941801412963272,4.723757515731594,76394.23882939116,76919.2637596841,0.29259672717282986,0.0068376226555354165,0.0364,1.0,0.949999988079071,1.0,True,76358.48615773817,1.0,776.8627172698149,-11669.858038984612,-776.8627172698149,10892.995321714798,1425.89225164502
sm,short,1789632000,0.44999999999999996,0.012941801412963272,4.723757515731594,76394.23882939116,76755.56866033148,0.29159252053945545,0.004711020214306109,0.0364,1.0,0.949999988079071,1.0,True,76358.48615773817,1.0,842.8976220402895,-11899.588043107698,-842.8976220402895,11056.69042106741,1447.319927587729
sm,short,1789632000,0.475,0.012941801412963272,4.723757515731594,76394.23882939116,76594.79279304671,0.2908123727705384,0.002617985163894665,0.0364,1.0,0.949999988079071,1.0,True,76358.48615773817,1.0,912.4481505800035,-12129.914438932183,-912.4481505800035,11217.46628835218,1468.3654762767899
sm,short,1789632000,0.49999999999999994,0.012941801412963272,4.723757515731594,76394.23882939116,76435.89759593176,0.2902560884922267,0.0005451643052443435,0.0364,1.0,0.949999988079071,1.0,True,76358.48615773817,1.0,985.8872053957055,-12362.248690862836,-985.8872053957055,11376.36148546713,1489.164845384951
sm,short,1789632000,0.525,0.012941801412963272,4.723757515731594,76394.23882939116,76277.8790881939,0.28992702757549654,-0.001520457360793155,0.0364,1.0,0.949999988079071,1.0,False,76358.48615773817,1.0,947.2912694299802,-12320.457123546443,-947.2912694299802,11373.165854116463,1488.7465374863928
sm,short,1789632000,0.5499999999999999,0.012941801412963272,4.723757515731594,76394.23882939116,76119.73529354835,0.2898321961626065,-0.0035919783532264936,0.0364,1.0,0.949999988079071,1.0,False,76358.48615773817,1.0,871.7496911869894,-12086.771750657897,-871.7496911869894,11215.022059470908,1468.0455269038105
sm,short,1789632000,0.575,0.012941801412963272,4.723757515731594,76394.23882939116,75960.43360518517,0.2899825178049557,-0.0056830102774883835,0.0364,1.0,0.949999988079071,1.0,False,76358.48615773817,1.0,800.4980031869877,-11856.218374294716,-800.4980031869877,11055.720371107729,1447.192948122452
sm,short,1789632000,0.6,0.012941801412963272,4.723757515731594,76394.23882939116,75798.87550822571,0.29039330722337564,-0.007808149485930597,0.0364,1.0,0.949999988079071,1.0,False,76358.48615773817,1.0,733.166736027993,-11627.329010176263,-733.166736027993,10894.16227414827,1426.0450056290051
sm,short,1789632000,0.625,0.012941801412963272,4.723757515731594,76394.23882939116,75633.85568285915,0.2910849916474779,-0.009983531203951384,0.0364,1.0,0.949999988079071,1.0,False,76358.48615773817,1.0,669.4311538649732,-11398.573602646686,-669.4311538649732,10729.142448781713,1404.443923152735
sm,short,1789632000,0.65,0.012941801412963272,4.723757515731594,76394.23882939116,75464.01163787689,0.29208415513853425,-0.012227519226955377,0.0364,1.0,0.949999988079071,1.0,False,76358.48615773817,1.0,609.0039588180927,-11168.302362617538,-609.0039588180927,10559.298403799445,1382.211350698996
sm,short,1789632000,0.675,0.012941801412963272,4.723757515731594,76394.23882939116,75287.75844466423,0.2934250265421006,-0.014561606913410947,0.0364,1.0,0.949999988079071,1.0,False,76358.48615773817,1.0,551.6293236411639,-10934.67453422795,-551.6293236411639,10383.045210586786,1359.13982123376
sm,short,1789632000,0.7,0.012941801412963272,4.723757515731594,76394.23882939116,75103.20041114629,0.29515160333658397,-0.017011644090271828,0.0364,1.0,0.949999988079071,1.0,False,76358.48615773817,1.0,497.07794570713185,-10695.565122775977,-497.07794570713185,10198.487177068846,1334.9811888099055
sm,short,1789632000,0.725,0.012941801412963272,4.723757515731594,76394.23882939116,74908.0067948166,0.29732072282759037,-0.019609571948339653,0.0364,1.0,0.949999988079071,1.0,False,76358.48615773817,1.0,445.1428858413931,-10448.436446580547,-445.1428858413931,10003.293560739154,1309.4303594122055
sm,short,1789632000,0.75,0.012941801412963272,4.723757515731594,76394.23882939116,74699.23020433613,0.3000065998456044,-0.022395968390623147,0.0364,1.0,0.949999988079071,1.0,False,76358.48615773817,1.0,395.63600453278747,-10322.23920503875,-395.63600453278747,9926.603200505962,1299.3915971431736
sm,short,1789632000,0.775,0.012941801412963272,4.723757515731594,76394.23882939116,74473.03066642719,0.30330772999617317,-0.02542393005966459,0.0364,1.0,0.949999988079071,1.0,False,76358.48615773817,1.0,348.3848405615825,-10274.988041067545,-348.3848405615825,9926.603200505962,1299.3915971431736
sm,short,1789632000,0.7999999999999999,0.012941801412963272,4.723757515731594,76394.23882939116,74224.2377459711,0.30735779115746703,-0.028765255149534045,0.0364,1.0,0.949999988079071,1.0,False,76358.48615773817,1.0,303.22979535035347,-10229.832995856315,-303.22979535035347,9926.603200505962,1299.3915971431736
sm,short,1789632000,0.825,0.012941801412963272,4.723757515731594,76394.23882939116,73945.61953635198,0.312343686395348,-0.032520803928945234,0.0364,1.0,0.949999988079071,1.0,False,76358.48615773817,1.0,260.0214895081982,-10186.624690014161,-260.0214895081982,9926.603200505962,1299.3915971431736
sm,short,1789632000,0.85,0.012941801412963272,4.723757515731594,76394.23882939116,73626.58454888819,0.31853723295775166,-0.03683897139728924,0.0364,1.0,0.949999988079071,1.0,False,76358.48615773817,1.0,218.61813999610484,-10145.221340502067,-218.61813999610484,9926.603200505962,1299.3915971431736
sm,short,1789632000,0.875,0.012941801412963272,4.723757515731594,76394.23882939116,73250.6887612503,0.32635524978628977,-0.041951324537775614,0.0364,1.0,0.949999988079071,1.0,False,76358.48615773817,1.0,178.8827489219841,-10105.485949427946,-178.8827489219841,9926.603200505962,1299.3915971431736
sm,short,1789632000,0.9,0.012941801412963272,4.723757515731594,76394.23882939116,72790.32375136572,0.3364857782145144,-0.04824893825896597,0.0364,1.0,0.949999988079071,1.0,False,76358.48615773817,1.0,140.67974556757136,-10067.282946073534,-140.67974556757136,9926.603200505962,1299.3915971431736
sm,short,1789632000,0.9249999999999999,0.012941801412963272,4.723757515731594,76394.23882939116,72193.61406416392,0.3501944596008828,-0.05647189978933025,0.0364,1.0,0.949999988079071,1.0,False,76358.48615773817,1.0,103.8703100117379,-10030.4735105177,-103.8703100117379,9926.603200505962,1299.3915971431736
sm,short,1789632000,0.95,0.012941801412963272,4.723757515731594,76394.23882939116,71343.88687993374,0.3702544026361224,-0.06830038999338263,0.0364,1.0,0.949999988079071,1.0,False,76358.48615773817,1.0,68.30422851983653,-9994.9074290258,-68.30422851983653,9926.603200505962,1299.3915971431736
sm,short,1789632000,0.05,0.017654371071212305,6.443845440992492,76413.07650811745,82928.57027208377,0.3689042598405874,0.08115002759449705,0.0364,1.0,0.949999988079071,1.0,True,76358.48615773817,1.0,76.84276097227063,-10003.445961478234,-76.84276097227063,9926.603200505962,1299.0712655642715
sm,short,1789632000,0.075,0.017654371071212305,6.443845440992492,76413.07650811745,81867.2287613183,0.354653579695107,0.06837693743564816,0.0364,1.0,0.949999988079071,1.0,True,76358.48615773817,1.0,118.72989954130396,-10045.333100047266,-118.72989954130396,9926.603200505962,1299.0712655642715
sm,short,1789632000,0.1,0.017654371071212305,6.443845440992492,76413.07650811745,81116.0470270312,0.3446025693517829,0.0592340764762986,0.0364,1.0,0.949999988079071,1.0,True,76358.48615773817,1.0,162.54493120223503,-10089.148131708198,-162.54493120223503,9926.603200505962,1299.0712655642715
sm,short,1789632000,0.125,0.017654371071212305,6.443845440992492,76413.07650811745,80531.61571977209,0.33690048696457864,0.05206119868898713,0.0364,1.0,0.949999988079071,1.0,True,76358.48615773817,1.0,208.24456403722112,-10134.847764543183,-208.24456403722112,9926.603200505962,1299.0712655642715
sm,short,1789632000,0.15,0.017654371071212305,6.443845440992492,76413.07650811745,80050.8397409342,0.3307126464995215,0.046121089453718664,0.0364,1.0,0.949999988079071,1.0,True,76358.48615773817,1.0,255.83731415203633,-10182.440514658,-255.83731415203633,9926.603200505962,1299.0712655642715
sm,short,1789632000,0.175,0.017654371071212305,6.443845440992492,76413.07650811745,79640.35644626032,0.32559022517302105,0.041021161085535975,0.0364,1.0,0.949999988079071,1.0,True,76358.48615773817,1.0,305.36349543708485,-10231.966695943047,-305.36349543708485,9926.603200505962,1299.0712655642715
sm,short,1789632000,0.2,0.017654371071212305,6.443845440992492,76413.07650811745,79280.37215563185,0.3212641348097333,0.0365271198773207,0.0364,1.0,0.949999988079071,1.0,True,76358.48615773817,1.0,356.88691452151596,-10283.490115027478,-356.88691452151596,9926.603200505962,1299.0712655642715
sm,short,1789632000,0.22499999999999998,0.017654371071212305,6.443845440992492,76413.07650811745,78958.16493105757,0.3175606734687353,0.032487598243597766,0.0364,1.0,0.949999988079071,1.0,True,76358.48615773817,1.0,410.4912249631007,-10337.094425469064,-410.4912249631007,9926.603200505962,1299.0712655642715
sm,short,1789632000,0.25,0.017654371071212305,6.443845440992492,76413.07650811745,78665.05562686975,0.3143616400772282,0.028798838216669703,0.0364,1.0,0.949999988079071,1.0,True,76358.48615773817,1.0,466.27856267480877,-10392.88176318077,-466.27856267480877,9926.603200505962,1299.0712655642715
sm,short,1789632000,0.27499999999999997,0.017654371071212305,6.443845440992492,76413.07650811745,78394.83922933653,0.3115834464229058,0.025386320378349675,0.0364,1.0,0.949999988079071,1.0,True,76358.48615773817,1.0,524.3695114501428,-10450.972711956105,-524.3695114501428,9926.603200505962,1299.0712655642715
sm,short,1789632000,0.3,0.017654371071212305,6.443845440992492,76413.07650811745,78142.90546418123,0.30916531432078276,0.022194424104175884,0.0364,1.0,0.949999988079071,1.0,True,76358.48615773817,1.0,584.903987382125,-10511.507187888088,-584.903987382125,9926.603200505962,1299.0712655642715
sm,short,1789632000,0.32499999999999996,0.017654371071212305,6.443845440992492,76413.07650811745,77905.71402249642,0.30706220620470964,0.01918023437946952,0.0364,1.0,0.949999988079071,1.0,True,76358.48615773817,1.0,648.0428719808473,-10574.64607248681,-648.0428719808473,9926.603200505962,1299.0712655642715
sm,short,1789632000,0.35,0.017654371071212305,6.443845440992492,76413.07650811745,77680.4649312625,0.30524039566828876,0.01630963728920419,0.0364,1.0,0.949999988079071,1.0,True,76358.48615773817,1.0,713.9703502603594,-10845.764500396754,-713.9703502603594,10131.794150136395,1325.9241236099274
sm,short,1789632000,0.37499999999999994,0.017654371071212305,6.443845440992492,76413.07650811745,77464.88222152326,0.30367459594946455,0.013554747495401928,0.0364,1.0,0.949999988079071,1.0,True,76358.48615773817,1.0,782.8969903357056,-11130.273850211332,-782.8969903357056,10347.376859875625,1354.1369269141273
sm,short,1789632000,0.39999999999999997,0.017654371071212305,6.443845440992492,76413.07650811745,77257.06624687467,0.30234605424379896,0.010892144158895754,0.0364,1.0,0.949999988079071,1.0,True,76358.48615773817,1.0,855.0636646873281,-11410.256499211546,-855.0636646873281,10555.192834524218,1381.3333158236244
sm,short,1789632000,0.42499999999999993,0.017654371071212305,6.443845440992492,76413.07650811745,77055.38899595228,0.3012412729093903,0.00830161343697822,0.0364,1.0,0.949999988079071,1.0,True,76358.48615773817,1.0,930.74647564599,-11687.616561092604,-930.74647564599,10756.870085446613,1407.7263443651427
sm,short,1789632000,0.44999999999999996,0.017654371071212305,6.443845440992492,76413.07650811745,76858.41694867783,0.3003511570654557,0.005765215035693075,0.0364,1.0,0.949999988079071,1.0,True,76358.48615773817,1.0,1010.2629193719386,-11964.105052093004,-1010.2629193719386,10953.842132721065,1433.5036139472052
sm,short,1789632000,0.475,0.017654371071212305,6.443845440992492,76413.07650811745,76664.85173634777,0.29967046790568475,0.0032665571108401667,0.0364,1.0,0.949999988079071,1.0,True,76358.48615773817,1.0,1093.9796135200158,-12241.386958571135,-1093.9796135200158,11147.407345051119,1458.8350390350947
sm,short,1789632000,0.49999999999999994,0.017654371071212305,6.443845440992492,76413.07650811745,76473.48214823993,0.2991975097445613,0.0007902021446039761,0.0364,1.0,0.949999988079071,1.0,True,76358.48615773817,1.0,1182.3220357660778,-12521.098968925042,-1182.3220357660778,11338.776933158964,1483.8791279336112
sm,short,1789632000,0.525,0.017654371071212305,6.443845440992492,76413.07650811745,76283.14292474506,0.29893401071210923,-0.0016788516007205524,0.0364,1.0,0.949999988079071,1.0,False,76358.48615773817,1.0,1145.8533065172398,-12524.282997184855,-1145.8533065172398,11378.429690667615,1489.0683912535405
sm,short,1789632000,0.5499999999999999,0.017654371071212305,6.443845440992492,76413.07650811745,76092.67682794337,0.2988851801260789,-0.004155656594188616,0.0364,1.0,0.949999988079071,1.0,False,76358.48615773817,1.0,1054.5582775697271,-12242.521871435658,-1054.5582775697271,11187.96359386593,1464.1425401419901
sm,short,1789632000,0.575,0.017654371071212305,6.443845440992492,76413.07650811745,75900.89695834764,0.2990599449006659,-0.006655809210349663,0.0364,1.0,0.949999988079071,1.0,False,76358.48615773817,1.0,968.3470976564087,-11964.53082192661,-968.3470976564087,10996.1837242702,1439.0447586679832
sm,short,1789632000,0.6,0.017654371071212305,6.443845440992492,76413.07650811745,75706.54630813676,0.2994713866368767,-0.009195989211037271,0.0364,1.0,0.949999988079071,1.0,False,76358.48615773817,1.0,886.7887715906089,-11688.62184564993,-886.7887715906089,10801.833074059321,1413.6105451678588
sm,short,1789632000,0.625,0.017654371071212305,6.443845440992492,76413.07650811745,75508.25111068969,0.30013742391111137,-0.011794592124344631,0.0364,1.0,0.949999988079071,1.0,False,76358.48615773817,1.0,809.5060884157494,-11413.043965027993,-809.5060884157494,10603.537876612243,1387.6601180278112
sm,short,1789632000,0.65,0.017654371071212305,6.443845440992492,76413.07650811745,75304.46355616914,0.3010818153287116,-0.014472515746974028,0.0364,1.0,0.949999988079071,1.0,False,76358.48615773817,1.0,736.1670054437658,-11135.917327535462,-736.1670054437658,10399.750322091697,1360.9909190067644
sm,short,1789632000,0.675,0.017654371071212305,6.443845440992492,76413.07650811745,75093.38763407338,0.3023356051579934,-0.017254188136380577,0.0364,1.0,0.949999988079071,1.0,False,76358.48615773817,1.0,666.4776407261741,-10855.152040722116,-666.4776407261741,10188.674399995942,1333.3679084251487
sm,short,1789632000,0.7,0.017654371071212305,6.443845440992492,76413.07650811745,74872.87872153684,0.3039392067973377,-0.020168969550405643,0.0364,1.0,0.949999988079071,1.0,False,76358.48615773817,1.0,600.1765073390096,-10568.341994798402,-600.1765073390096,9968.165487459393,1304.5104245214447
sm,short,1789632000,0.725,0.017654371071212305,6.443845440992492,76413.07650811745,74640.30206421932,0.30594544191380485,-0.023253139210390718,0.0364,1.0,0.949999988079071,1.0,False,76358.48615773817,1.0,537.0297075637683,-10463.63290806973,-537.0297075637683,9926.603200505962,1299.0712655642715
sm,short,1789632000,0.75,0.017654371071212305,6.443845440992492,76413.07650811745,74392.32551980288,0.30842406734934225,-0.026552818021498132,0.0364,1.0,0.949999988079071,1.0,False,76358.48615773817,1.0,476.82686324438305,-10403.430063750346,-476.82686324438305,9926.603200505962,1299.0712655642715
sm,short,1789632000,0.775,0.017654371071212305,6.443845440992492,76413.07650811745,74124.60376344752,0.31146871479158345,-0.03012843963829462,0.0364,1.0,0.949999988079071,1.0,False,76358.48615773817,1.0,419.37759572364996,-10345.980796229613,-419.37759572364996,9926.603200505962,1299.0712655642715
sm,short,1789632000,0.7999999999999999,0.017654371071212305,6.443845440992492,76413.07650811745,73831.27562832924,0.3152079287487702,-0.03406189454321421,0.0364,1.0,0.949999988079071,1.0,False,76358.48615773817,1.0,364.50838630002534,-10291.111586805988,-364.50838630002534,9926.603200505962,1299.0712655642715
sm,short,1789632000,0.825,0.017654371071212305,6.443845440992492,76413.07650811745,73504.1223071028,0.3198235574562732,-0.03846854178942778,0.0364,1.0,0.949999988079071,1.0,False,76358.48615773817,1.0,312.05964245403356,-10238.662842959995,-312.05964245403356,9926.60320050596,1299.071265564271
sm,short,1789632000,0.85,0.017654371071212305,6.443845440992492,76413.07650811745,73131.0678152862,0.32558324967818686,-0.043518699291694336,0.0364,1.0,0.949999988079071,1.0,False,76358.48615773817,1.0,261.88275291129986,-10188.485953417263,-261.88275291129986,9926.603200505962,1299.0712655642715
sm,short,1789632000,0.875,0.017654371071212305,6.443845440992492,76413.07650811745,72693.29053605803,0.33290240808776767,-0.04947924481191214,0.0364,1.0,0.949999988079071,1.0,False,76358.48615773817,1.0,213.83679956392677,-10140.44000006989,-213.83679956392677,9926.603200505962,1299.0712655642715
sm,short,1789632000,0.9,0.017654371071212305,6.443845440992492,76413.07650811745,72159.05149494826,0.34247494396945183,-0.056803027408552094,0.0364,1.0,0.949999988079071,1.0,False,76358.48615773817,1.0,167.78430328963907,-10094.387503795602,-167.78430328963907,9926.603200505962,1299.0712655642715
sm,short,1789632000,0.9249999999999999,0.017654371071212305,6.443845440992492,76413.07650811745,71468.43332633816,0.35559194457104054,-0.06635156706360411,0.0364,1.0,0.949999988079071,1.0,False,76358.48615773817,1.0,123.5845797782229,-10050.187780284185,-123.5845797782229,9926.603200505962,1299.0712655642715
sm,short,1789632000,0.95,0.017654371071212305,6.443845440992492,76413.07650811745,70486.03777565676,0.37511222235777186,-0.08009196548163679,0.0364,1.0,0.949999988079071,1.0,False,76358.48615773817,1.0,81.08061499356832,-10007.683815499531,-81.08061499356832,9926.603200505962,1299.0712655642715
sm,short,1789632000,0.05,0.024082954758358747,8.790278486800943,76440.39928249821,84222.52150007697,0.3732416571704374,0.09632633522407501,0.0364,1.0,0.949999988079071,1.0,True,76358.48615773817,1.0,90.53990127749913,-10017.143101783462,-90.53990127749913,9926.603200505962,1298.6069269236218
sm,short,1789632000,0.075,0.024082954758358747,8.790278486800943,76440.39928249821,82947.71830912861,0.3587757441068492,0.0811751495609679,0.0364,1.0,0.949999988079071,1.0,True,76358.48615773817,1.0,139.8664561191605,-10066.469656625122,-139.8664561191605,9926.603200505962,1298.6069269236218
sm,short,1789632000,0.1,0.024082954758358747,8.790278486800943,76440.39928249821,82050.42976930192,0.3487440736037138,0.07036560487487503,0.0364,1.0,0.949999988079071,1.0,True,76358.48615773817,1.0,191.54351584421636,-10118.146716350178,-191.54351584421636,9926.603200505962,1298.6069269236218
sm,short,1789632000,0.125,0.024082954758358747,8.790278486800943,76440.39928249821,81354.6625336421,0.3411692320429585,0.06190010951061594,0.0364,1.0,0.949999988079071,1.0,True,76358.48615773817,1.0,245.53691486324328,-10172.140115369206,-245.53691486324328,9926.603200505962,1298.6069269236218
sm,short,1789632000,0.15,0.024082954758358747,8.790278486800943,76440.39928249821,80783.45742721991,0.3351648041736414,0.05489518569696518,0.0364,1.0,0.949999988079071,1.0,True,76358.48615773817,1.0,301.8661308270838,-10228.469331333046,-301.8661308270838,9926.603200505962,1298.6069269236218
sm,short,1789632000,0.175,0.024082954758358747,8.790278486800943,76440.39928249821,80296.31981333345,0.33025664932806653,0.04888191838316642,0.0364,1.0,0.949999988079071,1.0,True,76358.48615773817,1.0,360.58465970952597,-10287.187860215488,-360.58465970952597,9926.603200505962,1298.6069269236218
sm,short,1789632000,0.2,0.024082954758358747,8.790278486800943,76440.39928249821,79869.324052104,0.32616180268845285,0.04358126910511043,0.0364,1.0,0.949999988079071,1.0,True,76358.48615773817,1.0,421.77179605454677,-10348.37499656051,-421.77179605454677,9926.603200505962,1298.6069269236218
sm,short,1789632000,0.22499999999999998,0.024082954758358747,8.790278486800943,76440.39928249821,79487.14807613968,0.32269832878782273,0.03881342459438224,0.0364,1.0,0.949999988079071,1.0,True,76358.48615773817,1.0,485.5290569660008,-10412.132257471963,-485.5290569660008,9926.603200505962,1298.6069269236218
sm,short,1789632000,0.25,0.024082954758358747,8.790278486800943,76440.39928249821,79139.3726842815,0.3197428350458258,0.03445541338402218,0.0364,1.0,0.949999988079071,1.0,True,76358.48615773817,1.0,551.9789299271699,-10478.582130433133,-551.9789299271699,9926.603200505962,1298.6069269236218
sm,short,1789632000,0.27499999999999997,0.024082954758358747,8.790278486800943,76440.39928249821,78818.57079344323,0.31720828861924283,0.030419103360234987,0.0364,1.0,0.949999988079071,1.0,True,76358.48615773817,1.0,621.2650071584329,-10547.868207664395,-621.2650071584329,9926.603200505962,1298.6069269236218
sm,short,1789632000,0.3,0.024082954758358747,8.790278486800943,76440.39928249821,78519.23922246862,0.3150315157354849,0.02663884148657555,0.0364,1.0,0.949999988079071,1.0,True,76358.48615773817,1.0,693.5531008953566,-10620.156301401319,-693.5531008953566,9926.603200505962,1298.6069269236218
sm,short,1789632000,0.32499999999999996,0.024082954758358747,8.790278486800943,76440.39928249821,78237.16287670546,0.3131657318311007,0.023064063639599775,0.0364,1.0,0.949999988079071,1.0,True,76358.48615773817,1.0,769.0331753655755,-10695.636375871538,-769.0331753655755,9926.603200505962,1298.6069269236218
sm,short,1789632000,0.35,0.024082954758358747,8.790278486800943,76440.39928249821,77969.01635672759,0.31157586973448703,0.019654643594575492,0.0364,1.0,0.949999988079071,1.0,True,76358.48615773817,1.0,847.922060609856,-10774.525261115818,-847.922060609856,9926.603200505962,1298.6069269236218
sm,short,1789632000,0.37499999999999994,0.024082954758358747,8.790278486800943,76440.39928249821,77712.10314528573,0.3102355542519797,0.016377834065564,0.0364,1.0,0.949999988079071,1.0,True,76358.48615773817,1.0,930.4669976147992,-11030.622933727964,-930.4669976147992,10100.155936113164,1321.3112478372016
sm,short,1789632000,0.39999999999999997,0.024082954758358747,8.790278486800943,76440.39928249821,77464.17802250659,0.30912509404318045,0.013206172955946496,0.0364,1.0,0.949999988079071,1.0,True,76358.48615773817,1.0,1016.9501329639161,-11365.031191856218,-1016.9501329639161,10348.081058892301,1353.7450295947888
sm,short,1789632000,0.42499999999999993,0.024082954758358747,8.790278486800943,76440.39928249821,77223.32154414327,0.30823013113000497,0.010115993916326229,0.0364,1.0,0.949999988079071,1.0,True,76358.48615773817,1.0,1107.6941501676483,-11696.631687423269,-1107.6941501676483,10588.93753725562,1385.2540850973894
sm,short,1789632000,0.44999999999999996,0.024082954758358747,8.790278486800943,76440.39928249821,76987.84785860665,0.3075407353672988,0.007086323340773031,0.0364,1.0,0.949999988079071,1.0,True,76358.48615773817,1.0,1203.0693052055724,-12027.480527997815,-1203.0693052055724,10824.411222792243,1416.0589589267884
sm,short,1789632000,0.475,0.024082954758358747,8.790278486800943,76440.39928249821,76756.23409173412,0.30705081568828163,0.004098025948850621,0.0364,1.0,0.949999988079071,1.0,True,76358.48615773817,1.0,1303.5022364480278,-12359.5272261128,-1303.5022364480278,11056.024989664771,1446.3588748150557
sm,short,1789632000,0.49999999999999994,0.024082954758358747,8.790278486800943,76440.39928249821,76527.06352449523,0.306757771254704,0.0011331069977794884,0.0364,1.0,0.949999988079071,1.0,True,76358.48615773817,1.0,1409.4870573410249,-12694.682614244688,-1409.4870573410249,11285.195556903664,1476.339169186878
sm,short,1789632000,0.525,0.024082954758358747,8.790278486800943,76440.39928249821,76298.9771026937,0.3066623390231226,-0.0018258944939861426,0.0364,1.0,0.949999988079071,1.0,False,76358.48615773817,1.0,1380.1772528895822,-12774.441121505834,-1380.1772528895822,11394.263868616252,1490.6075812747724
sm,short,1789632000,0.5499999999999999,0.024082954758358747,8.790278486800943,76440.39928249821,76070.62910834834,0.3067686181718258,-0.004796472859113399,0.0364,1.0,0.949999988079071,1.0,False,76358.48615773817,1.0,1270.744439924767,-12436.660314195662,-1270.744439924767,11165.915874270895,1460.7348966095003
sm,short,1789632000,0.575,0.024082954758358747,8.790278486800943,76440.39928249821,75840.64342566016,0.307084271565648,-0.0077967286307091205,0.0364,1.0,0.949999988079071,1.0,False,76358.48615773817,1.0,1167.274953424854,-12103.205145007576,-1167.274953424854,10935.930191582722,1430.6479681205185
sm,short,1789632000,0.6,0.024082954758358747,8.790278486800943,76440.39928249821,75607.56689710953,0.30762092383628303,-0.010845993420986686,0.0364,1.0,0.949999988079071,1.0,False,76358.48615773817,1.0,1069.2674795032642,-11772.12114253535,-1069.2674795032642,10702.853663032087,1400.156692468064
sm,short,1789632000,0.625,0.024082954758358747,8.790278486800943,76440.39928249821,75369.81579958883,0.30839479841352174,-0.013965561052367832,0.0364,1.0,0.949999988079071,1.0,False,76358.48615773817,1.0,976.2846376560319,-11441.387203167424,-976.2846376560319,10465.102565511392,1369.0538856077746
sm,short,1789632000,0.65,0.024082954758358747,8.790278486800943,76440.39928249821,75125.6103582941,0.30942766656789644,-0.017179596091526392,0.0364,1.0,0.949999988079071,1.0,False,76358.48615773817,1.0,887.9428381075118,-11108.83996232417,-887.9428381075118,10220.897124216657,1337.1067158406163
sm,short,1789632000,0.675,0.024082954758358747,8.790278486800943,76440.39928249821,74872.89016365683,0.31074822722156015,-0.020516321302388434,0.0364,1.0,0.949999988079071,1.0,False,76358.48615773817,1.0,803.9040757794177,-10772.081005358808,-803.9040757794177,9968.176929579391,1304.04563858181
sm,short,1789632000,0.7,0.024082954758358747,8.790278486800943,76440.39928249821,74609.1997768633,0.3123941088978888,-0.02400963804178542,0.0364,1.0,0.949999988079071,1.0,False,76358.48615773817,1.0,723.8692269711504,-10650.472427477112,-723.8692269711504,9926.603200505962,1298.6069269236218
sm,short,1789632000,0.725,0.024082954758358747,8.790278486800943,76440.39928249821,74331.52756277405,0.31441480660374727,-0.02770142510033531,0.0364,1.0,0.949999988079071,1.0,False,76358.48615773817,1.0,647.5725181154988,-10574.175718621462,-647.5725181154988,9926.603200505962,1298.6069269236218
sm,short,1789632000,0.75,0.024082954758358747,8.790278486800943,76440.39928249821,74036.06961391018,0.3168760791139885,-0.03164492535960145,0.0364,1.0,0.949999988079071,1.0,False,76358.48615773817,1.0,574.7769079359832,-10501.380108441947,-574.7769079359832,9926.603200505964,1298.606926923622
sm,short,1789632000,0.775,0.024082954758358747,8.790278486800943,76440.39928249821,73717.8698409244,0.319866722983739,-0.03590993530563631,0.0364,1.0,0.949999988079071,1.0,False,76358.48615773817,1.0,505.2701718213639,-10431.873372327325,-505.2701718213639,9926.60320050596,1298.6069269236214
sm,short,1789632000,0.7999999999999999,0.024082954758358747,8.790278486800943,76440.39928249821,73370.24663198994,0.32350939782120575,-0.04059111263125861,0.0364,1.0,0.949999988079071,1.0,False,76358.48615773817,1.0,438.86150250810766,-10365.46470301407,-438.86150250810766,9926.603200505962,1298.6069269236218
sm,short,1789632000,0.825,0.024082954758358747,8.790278486800943,76440.39928249821,72983.83177412747,0.3279787448304607,-0.04582197243651087,0.0364,1.0,0.949999988079071,1.0,False,76358.48615773817,1.0,375.3784406272391,-10301.981641133201,-375.3784406272391,9926.603200505962,1298.6069269236218
sm,short,1789632000,0.85,0.024082954758358747,8.790278486800943,76440.39928249821,72544.85671034236,0.3335335421899172,-0.05179998089581862,0.0364,1.0,0.949999988079071,1.0,False,76358.48615773817,1.0,314.66390781420085,-10241.267108320164,-314.66390781420085,9926.603200505962,1298.6069269236218
sm,short,1789632000,0.875,0.024082954758358747,8.790278486800943,76440.39928249821,72031.84820492119,0.3405782625365217,-0.05883523756105245,0.0364,1.0,0.949999988079071,1.0,False,76358.48615773817,1.0,256.5729930083514,-10183.176193514313,-256.5729930083514,9926.603200505962,1298.6069269236218
sm,short,1789632000,0.9,0.024082954758358747,8.790278486800943,76440.39928249821,71408.56174154133,0.3497935027140349,-0.06745533846557732,0.0364,1.0,0.949999988079071,1.0,False,76358.48615773817,1.0,200.9688216572536,-10127.572022163216,-200.9688216572536,9926.603200505962,1298.6069269236218
sm,short,1789632000,0.9249999999999999,0.024082954758358747,8.790278486800943,76440.39928249821,70606.49571307442,0.3624550388947024,-0.07866714863124233,0.0364,1.0,0.949999988079071,1.0,False,76358.48615773817,1.0,147.71593193447072,-10074.319132440432,-147.71593193447072,9926.603200505962,1298.6069269236218
sm,short,1789632000,0.95,0.024082954758358747,8.790278486800943,76440.39928249821,69470.67489116878,0.38140903828190637,-0.09477788419244788,0.0364,1.0,0.949999988079071,1.0,False,76358.48615773817,1.0,96.66650617912194,-10023.269706685085,-96.66650617912194,9926.603200505962,1298.6069269236218
sm,short,1789632000,0.05,0.03285241414455708,11.991131162763333,76482.0347511574,85717.40169386528,0.3746455301280682,0.11269269936035384,0.0364,1.0,0.949999988079071,1.0,True,76358.48615773817,1.0,105.8143966894535,-10032.417597195416,-105.8143966894535,9926.603200505962,1297.8999882525675
sm,short,1789632000,0.075,0.03285241414455708,11.991131162763333,76482.0347511574,84194.39382748891,0.3600475958741444,0.0949756134202671,0.0364,1.0,0.949999988079071,1.0,True,76358.48615773817,1.0,163.4169091461672,-10090.02010965213,-163.4169091461672,9926.603200505964,1297.8999882525675
sm,short,1789632000,0.1,0.03285241414455708,11.991131162763333,76482.0347511574,83130.72210120443,0.350191844395345,0.082402226320945,0.0364,1.0,0.949999988079071,1.0,True,76358.48615773817,1.0,223.91211196899454,-10150.515312474958,-223.91211196899454,9926.603200505962,1297.8999882525675
sm,short,1789632000,0.125,0.03285241414455708,11.991131162763333,76482.0347511574,82309.69723534225,0.3429263704079662,0.07258310858341153,0.0364,1.0,0.949999988079071,1.0,True,76358.48615773817,1.0,287.2889659382649,-10213.892166444228,-287.2889659382649,9926.603200505962,1297.8999882525675
sm,short,1789632000,0.15,0.03285241414455708,11.991131162763333,76482.0347511574,81637.41951723376,0.33729598295649216,0.06446851864319962,0.0364,1.0,0.949999988079071,1.0,True,76358.48615773817,1.0,353.58660380743333,-10280.189804313395,-353.58660380743333,9926.603200505962,1297.8999882525675
sm,short,1789632000,0.175,0.03285241414455708,11.991131162763333,76482.0347511574,81064.83768876888,0.33279429513961056,0.05750435563605952,0.0364,1.0,0.949999988079071,1.0,True,76358.48615773817,1.0,422.87866230150325,-10349.481862807466,-422.87866230150325,9926.603200505962,1297.8999882525675
sm,short,1789632000,0.2,0.03285241414455708,11.991131162763333,76482.0347511574,80563.1459627664,0.32912157257241936,0.0513624277876667,0.0364,1.0,0.949999988079071,1.0,True,76358.48615773817,1.0,495.26651919049834,-10421.86971969646,-495.26651919049834,9926.603200505962,1297.8999882525675
sm,short,1789632000,0.22499999999999998,0.03285241414455708,11.991131162763333,76482.0347511574,80113.99258895661,0.326086559137249,0.045832093874677265,0.0364,1.0,0.949999988079071,1.0,True,76358.48615773817,1.0,570.8764254279971,-10497.47962593396,-570.8764254279971,9926.603200505962,1297.8999882525675
sm,short,1789632000,0.25,0.03285241414455708,11.991131162763333,76482.0347511574,79704.95412093183,0.32356045214434287,0.04076979338449988,0.0364,1.0,0.949999988079071,1.0,True,76358.48615773817,1.0,649.8587169084942,-10576.461917414457,-649.8587169084942,9926.603200505962,1297.8999882525675
sm,short,1789632000,0.27499999999999997,0.03285241414455708,11.991131162763333,76482.0347511574,79327.20930555026,0.3214529919937436,0.03607293604526842,0.0364,1.0,0.949999988079071,1.0,True,76358.48615773817,1.0,732.3883483039502,-10658.991548809912,-732.3883483039502,9926.603200505962,1297.8999882525675
sm,short,1789632000,0.3,0.03285241414455708,11.991131162763333,76482.0347511574,78974.24399008197,0.31969905153314726,0.0316652797953791,0.0364,1.0,0.949999988079071,1.0,True,76358.48615773817,1.0,818.6664200302603,-10745.269620536223,-818.6664200302603,9926.603200505962,1297.8999882525675
sm,short,1789632000,0.32499999999999996,0.03285241414455708,11.991131162763333,76482.0347511574,78641.08316664465,0.31825065716536055,0.02748821356104564,0.0364,1.0,0.949999988079071,1.0,True,76358.48615773817,1.0,908.9225744726974,-10835.52577497866,-908.9225744726974,9926.603200505962,1297.8999882525675
sm,short,1789632000,0.35,0.03285241414455708,11.991131162763333,76482.0347511574,78323.8114689397,0.3170720178345196,0.023495285675641974,0.0364,1.0,0.949999988079071,1.0,True,76358.48615773817,1.0,1003.4182543554351,-10930.021454861397,-1003.4182543554351,9926.603200505962,1297.8999882525675
sm,short,1789632000,0.37499999999999994,0.03285241414455708,11.991131162763333,76482.0347511574,78019.26029870517,0.3161363158744709,0.01964861407781523,0.0364,1.0,0.949999988079071,1.0,True,76358.48615773817,1.0,1102.4508976841948,-11029.054098190158,-1102.4508976841948,9926.603200505962,1297.8999882525675
sm,short,1789632000,0.39999999999999997,0.03285241414455708,11.991131162763333,76482.0347511574,77724.79547714465,0.31542358110569857,0.015916434750009166,0.0364,1.0,0.949999988079071,1.0,True,76358.48615773817,1.0,1206.3592146456863,-11293.822818899926,-1206.3592146456863,10087.463604254239,1318.9324312663616
sm,short,1789632000,0.42499999999999993,0.03285241414455708,11.991131162763333,76482.0347511574,77438.16763139825,0.31491926116359,0.01227136128430152,0.0364,1.0,0.949999988079071,1.0,True,76358.48615773817,1.0,1315.5297664202951,-11689.62121642094,-1315.5297664202951,10374.091450000644,1356.4089244949978
sm,short,1789632000,0.44999999999999996,0.03285241414455708,11.991131162763333,76482.0347511574,77157.40268239476,0.31461325948700153,0.008689098320735186,0.0364,1.0,0.949999988079071,1.0,True,76358.48615773817,1.0,1430.4051550485513,-12085.261554052679,-1430.4051550485513,10654.856399004128,1393.1188459709342
sm,short,1789632000,0.475,0.03285241414455708,11.991131162763333,76482.0347511574,76880.71825444538,0.3144993030257781,0.0051474464676279355,0.0364,1.0,0.949999988079071,1.0,True,76358.48615773817,1.0,1551.4942487208516,-12483.035075674361,-1551.4942487208516,10931.54082695351,1429.2952407085488
sm,short,1789632000,0.49999999999999994,0.03285241414455708,11.991131162763333,76482.0347511574,76606.45668041776,0.31457455638221016,0.0016254906622006737,0.0364,1.0,0.949999988079071,1.0,True,76358.48615773817,1.0,1679.385022717482,-12885.187423698615,-1679.385022717482,11205.802400981132,1465.1548481209252
sm,short,1789632000,0.525,0.03285241414455708,11.991131162763333,76482.0347511574,76333.02808901851,0.31483943424529814,-0.001897104887564001,0.0364,1.0,0.949999988079071,1.0,False,76358.48615773817,1.0,1665.754151328343,-13094.06900626941,-1665.754151328343,11428.314854941067,1494.2482757060964
sm,short,1789632000,0.5499999999999999,0.03285241414455708,11.991131162763333,76482.0347511574,76058.85863924674,0.31529758870024976,-0.0054407550946656055,0.0364,1.0,0.949999988079071,1.0,False,76358.48615773817,1.0,1535.2449811660495,-12689.390386335348,-1535.2449811660495,11154.145405169298,1458.4007135088027
sm,short,1789632000,0.575,0.03285241414455708,11.991131162763333,76482.0347511574,75782.33972443214,0.31595606782529634,-0.009026618458819824,0.0364,1.0,0.949999988079071,1.0,False,76358.48615773817,1.0,1411.6132962541985,-12289.239786608894,-1411.6132962541985,10877.626490354696,1422.2459595572
sm,short,1789632000,0.6,0.03285241414455708,11.991131162763333,76482.0347511574,75501.77408949392,0.31682566087169023,-0.012677321133290093,0.0364,1.0,0.949999988079071,1.0,False,76358.48615773817,1.0,1294.2824546260329,-11891.34331004251,-1294.2824546260329,10597.060855416477,1385.5620983274262
sm,short,1789632000,0.625,0.03285241414455708,11.991131162763333,76482.0347511574,75215.31431606688,0.3179214668741108,-0.016417803031797754,0.0364,1.0,0.949999988079071,1.0,False,76358.48615773817,1.0,1182.7505227675017,-11493.351604756943,-1182.7505227675017,10310.601081989442,1348.107580497316
sm,short,1789632000,0.65,0.03285241414455708,11.991131162763333,76482.0347511574,74920.8879062453,0.3192637521182449,-0.02027636763974598,0.0364,1.0,0.949999988079071,1.0,False,76358.48615773817,1.0,1076.5784721807656,-11092.753144348628,-1076.5784721807656,10016.174672167863,1309.6114276714231
sm,short,1789632000,0.675,0.03285241414455708,11.991131162763333,76482.0347511574,74616.10091397369,0.3208792040010445,-0.024286051759139518,0.0364,1.0,0.949999988079071,1.0,False,76358.48615773817,1.0,975.3806849175919,-10901.983885423555,-975.3806849175919,9926.603200505962,1297.8999882525675
sm,short,1789632000,0.7,0.03285241414455708,11.991131162763333,76482.0347511574,74298.10808269533,0.3228027554624862,-0.028486491197562375,0.0364,1.0,0.949999988079071,1.0,False,76358.48615773817,1.0,878.8172637163109,-10805.420464222274,-878.8172637163109,9926.603200505962,1297.8999882525675
sm,short,1789632000,0.725,0.03285241414455708,11.991131162763333,76482.0347511574,73963.43048271297,0.3250802654739204,-0.032926562510570107,0.0364,1.0,0.949999988079071,1.0,False,76358.48615773817,1.0,786.5877703924536,-10713.190970898417,-786.5877703924536,9926.603200505962,1297.8999882525675
sm,short,1789632000,0.75,0.03285241414455708,11.991131162763333,76482.0347511574,73607.68918973778,0.327772536069247,-0.03766826724723985,0.0364,1.0,0.949999988079071,1.0,False,76358.48615773817,1.0,698.4261097748067,-10625.02931028077,-698.4261097748067,9926.603200505964,1297.8999882525675
sm,short,1789632000,0.775,0.03285241414455708,11.991131162763333,76482.0347511574,73225.20040646686,0.33096150513675565,-0.042792672466735036,0.0364,1.0,0.949999988079071,1.0,False,76358.48615773817,1.0,614.0963462835933,-10540.699546789556,-614.0963462835933,9926.603200505962,1297.8999882525675
sm,short,1789632000,0.7999999999999999,0.03285241414455708,11.991131162763333,76482.0347511574,72808.3322074056,0.33476015109706253,-0.048409402758372015,0.0364,1.0,0.949999988079071,1.0,False,76358.48615773817,1.0,533.3892934325004,-10459.992493938462,-533.3892934325004,9926.60320050596,1297.899988252567
sm,short,1789632000,0.825,0.03285241414455708,11.991131162763333,76482.0347511574,72346.42901463219,0.3393290889374335,-0.05467260328692113,0.0364,1.0,0.949999988079071,1.0,False,76358.48615773817,1.0,456.1197580098096,-10382.722958515771,-456.1197580098096,9926.603200505962,1297.8999882525675
sm,short,1789632000,0.85,0.03285241414455708,11.991131162763333,76482.0347511574,71823.8984695255,0.3449060680923379,-0.06180951199424121,0.0364,1.0,0.949999988079071,1.0,False,76358.48615773817,1.0,382.1243532896518,-10308.727553795614,-382.1243532896518,9926.603200505962,1297.8999882525675
sm,short,1789632000,0.875,0.03285241414455708,11.991131162763333,76482.0347511574,71216.5312974238,0.3518625571935906,-0.0701758061853076,0.0364,1.0,0.949999988079071,1.0,False,76358.48615773817,1.0,311.2598186591027,-10237.863019165065,-311.2598186591027,9926.603200505962,1297.8999882525675
sm,short,1789632000,0.9,0.03285241414455708,11.991131162763333,76482.0347511574,70483.6487474069,0.36082395608921297,-0.08037466211930444,0.0364,1.0,0.949999988079071,1.0,False,76358.48615773817,1.0,243.4017846088856,-10170.004985114849,-243.4017846088856,9926.603200505962,1297.8999882525675
sm,short,1789632000,0.9249999999999999,0.03285241414455708,11.991131162763333,76482.0347511574,69548.71467196249,0.3729646577591821,-0.09355363807129782,0.0364,1.0,0.949999988079071,1.0,False,76358.48615773817,1.0,178.44384042121385,-10105.047040927177,-178.44384042121385,9926.603200505962,1297.8999882525675
sm,short,1789632000,0.95,0.03285241414455708,11.991131162763333,76482.0347511574,68239.35680073539,0.39091383965135856,-0.1123350983073413,0.0364,1.0,0.949999988079071,1.0,False,76358.48615773817,1.0,116.29624801468229,-10042.899448520644,-116.29624801468229,9926.603200505962,1297.8999882525675
sm,short,1789632000,0.05,0.044815145232579706,16.357528009891592,76534.07998753565,87602.23144486497,0.3786729957969328,0.13448449569433896,0.0364,1.0,0.949999988079071,1.0,True,76358.48615773817,1.0,124.44168628187867,-10051.04488678784,-124.44168628187867,9926.603200505962,1297.0173812924402
sm,short,1789632000,0.075,0.044815145232579706,16.357528009891592,76534.07998753565,85771.8417818082,0.3641847458470215,0.11344698346518547,0.0364,1.0,0.949999988079071,1.0,True,76358.48615773817,1.0,192.30488187786798,-10118.90808238383,-192.30488187786798,9926.603200505962,1297.0173812924402
sm,short,1789632000,0.1,0.044815145232579706,16.357528009891592,76534.07998753565,84496.5893288699,0.35444258915071236,0.09853053004089932,0.0364,1.0,0.949999988079071,1.0,True,76358.48615773817,1.0,263.6354371123066,-10190.23863761827,-263.6354371123066,9926.603200505962,1297.0173812924402
sm,short,1789632000,0.125,0.044815145232579706,16.357528009891592,76534.07998753565,83513.82663957929,0.34728985490064085,0.08688461428169204,0.0364,1.0,0.949999988079071,1.0,True,76358.48615773817,1.0,338.41660273033983,-10265.019803236302,-338.41660273033983,9926.603200505962,1297.0173812924402
sm,short,1789632000,0.15,0.044815145232579706,16.357528009891592,76534.07998753565,82710.0293385974,0.34177033097097126,0.07725900234034624,0.0364,1.0,0.949999988079071,1.0,True,76358.48615773817,1.0,416.69249031860284,-10343.295690824565,-416.69249031860284,9926.603200505962,1297.0173812924402
sm,short,1789632000,0.175,0.044815145232579706,16.357528009891592,76534.07998753565,82026.00831179654,0.33737763827641604,0.068994657681597,0.0364,1.0,0.949999988079071,1.0,True,76358.48615773817,1.0,498.5489365735037,-10425.152137079465,-498.5489365735037,9926.603200505962,1297.0173812924402
sm,short,1789632000,0.2,0.044815145232579706,16.357528009891592,76534.07998753565,81427.0576974666,0.33381237483473625,0.061701673877154355,0.0364,1.0,0.949999988079071,1.0,True,76358.48615773817,1.0,584.1052233187048,-10510.708423824668,-584.1052233187048,9926.603200505962,1297.0173812924402
sm,short,1789632000,0.22499999999999998,0.044815145232579706,16.357528009891592,76534.07998753565,80891.09532740395,0.33088371946071465,0.05513003058802897,0.0364,1.0,0.949999988079071,1.0,True,76358.48615773817,1.0,673.5105386659632,-10600.113739171926,-673.5105386659632,9926.603200505962,1297.0173812924402
sm,short,1789632000,0.25,0.044815145232579706,16.357528009891592,76534.07998753565,80403.18893230503,0.32846333092250507,0.049109453106087574,0.0364,1.0,0.949999988079071,1.0,True,76358.48615773817,1.0,766.9429644093393,-10693.546164915302,-766.9429644093393,9926.603200505962,1297.0173812924402
sm,short,1789632000,0.27499999999999997,0.044815145232579706,16.357528009891592,76534.07998753565,79952.74616997586,0.3264614125350428,0.04351832524234614,0.0364,1.0,0.949999988079071,1.0,True,76358.48615773817,1.0,864.6100648123352,-10791.213265318298,-864.6100648123352,9926.603200505962,1297.0173812924402
sm,short,1789632000,0.3,0.044815145232579706,16.357528009891592,76534.07998753565,79531.95179299577,0.3248132959007127,0.03826629356699639,0.0364,1.0,0.949999988079071,1.0,True,76358.48615773817,1.0,966.7506740291111,-10893.353874535074,-966.7506740291111,9926.603200505962,1297.0173812924402
sm,short,1789632000,0.32499999999999996,0.044815145232579706,16.357528009891592,76534.07998753565,79134.84180554897,0.32347146431457713,0.03328390348276496,0.0364,1.0,0.949999988079071,1.0,True,76358.48615773817,1.0,1073.6377287902944,-11000.240929296257,-1073.6377287902944,9926.603200505962,1297.0173812924402
sm,short,1789632000,0.35,0.044815145232579706,16.357528009891592,76534.07998753565,78756.72587393237,0.32240058748966144,0.028516097670498525,0.0364,1.0,0.949999988079071,1.0,True,76358.48615773817,1.0,1185.5821345458398,-11112.185335051803,-1185.5821345458398,9926.603200505964,1297.0173812924402
sm,short,1789632000,0.37499999999999994,0.044815145232579706,16.357528009891592,76534.07998753565,78393.81075459886,0.32157431985345303,0.02391795229808534,0.0364,1.0,0.949999988079071,1.0,True,76358.48615773817,1.0,1302.9377516834973,-11229.54095218946,-1302.9377516834973,9926.603200505962,1297.0173812924402
sm,short,1789632000,0.39999999999999997,0.044815145232579706,16.357528009891592,76534.07998753565,78042.94491012252,0.3209731832216491,0.019451765780446204,0.0364,1.0,0.949999988079071,1.0,True,76358.48615773817,1.0,1426.1076736574998,-11352.710874163462,-1426.1076736574998,9926.603200505962,1297.0173812924402
sm,short,1789632000,0.42499999999999993,0.044815145232579706,16.357528009891592,76534.07998753565,77701.4387122207,0.32058314678230215,0.015084991823265023,0.0364,1.0,0.949999988079071,1.0,True,76358.48615773817,1.0,1555.5520580532086,-11666.372427231403,-1555.5520580532086,10110.820369178195,1321.0873340118344
sm,short,1789632000,0.44999999999999996,0.044815145232579706,16.357528009891592,76534.07998753565,77366.93294067784,0.3203946760542348,0.010788710707033163,0.0364,1.0,0.949999988079071,1.0,True,76358.48615773817,1.0,1691.7978779921564,-12137.124018713206,-1691.7978779921564,10445.32614072105,1364.7941077258886
sm,short,1789632000,0.475,0.044815145232579706,16.357528009891592,76534.07998753565,77037.29849444868,0.320402113310726,0.006536445629535609,0.0364,1.0,0.949999988079071,1.0,True,76358.48615773817,1.0,1835.4510985037512,-12610.41168545396,-1835.4510985037512,10774.96058695021,1407.8643904395299
sm,short,1789632000,0.49999999999999994,0.044815145232579706,16.357528009891592,76534.07998753565,76710.55608931714,0.32060330680328303,0.0023031955220390063,0.0364,1.0,0.949999988079071,1.0,True,76358.48615773817,1.0,1987.211967912631,-13088.914959994388,-1987.211967912631,11101.702992081757,1450.5567969053502
sm,short,1789632000,0.525,0.044815145232579706,16.357528009891592,76534.07998753565,76384.80811159033,0.32099944148943327,-0.0019354072460168771,0.0364,1.0,0.949999988079071,1.0,False,76358.48615773817,1.0,1998.6224966200125,-13452.395420280736,-1998.6224966200125,11453.772923660723,1496.5585168758919
sm,short,1789632000,0.5499999999999999,0.044815145232579706,16.357528009891592,76534.07998753565,76058.17670483282,0.32159504899727753,-0.006203885832596423,0.0364,1.0,0.949999988079071,1.0,False,76358.48615773817,1.0,1842.5472887336964,-12996.010759489072,-1842.5472887336964,11153.463470755376,1457.3198596719044
sm,short,1789632000,0.575,0.044815145232579706,16.357528009891592,76534.07998753565,75728.74308642386,0.32239819482604065,-0.010527717759228759,0.0364,1.0,0.949999988079071,1.0,False,76358.48615773817,1.0,1694.6662620232833,-12518.696114369697,-1694.6662620232833,10824.029852346413,1414.2758172711053
sm,short,1789632000,0.6,0.044815145232579706,16.357528009891592,76534.07998753565,75394.48324786127,0.3234208603093232,-0.014934207999446843,0.0364,1.0,0.949999988079071,1.0,False,76358.48615773817,1.0,1554.290194583589,-12044.060208367413,-1554.290194583589,10489.770013783824,1370.6011773437651
sm,short,1789632000,0.625,0.044815145232579706,16.357528009891592,76534.07998753565,75053.19462137173,0.3246795593891157,-0.01945351165812501,0.0364,1.0,0.949999988079071,1.0,False,76358.48615773817,1.0,1420.8190813153958,-11569.300468609685,-1420.8190813153958,10148.481387294289,1326.008150741091
sm,short,1789632000,0.65,0.044815145232579706,16.357528009891592,76534.07998753565,74702.40685004588,0.32619626032276455,-0.0241199049844155,0.0364,1.0,0.949999988079071,1.0,False,76358.48615773817,1.0,1293.7279708811316,-11220.331171387093,-1293.7279708811316,9926.603200505962,1297.0173812924402
sm,short,1789632000,0.675,0.044815145232579706,16.357528009891592,76534.07998753565,74339.26709880348,0.32799972691396345,-0.028973445409636443,0.0364,1.0,0.949999988079071,1.0,False,76358.48615773817,1.0,1172.5555632934788,-11099.158763799442,-1172.5555632934788,9926.603200505962,1297.0173812924402
sm,short,1789632000,0.7,0.044815145232579706,16.357528009891592,76534.07998753565,73960.38562068177,0.3301274643348152,-0.03406223375260174,0.0364,1.0,0.949999988079071,1.0,False,76358.48615773817,1.0,1056.8949596212983,-10983.498160127261,-1056.8949596212983,9926.603200505962,1297.0173812924402
sm,short,1789632000,0.725,0.044815145232579706,16.357528009891592,76534.07998753565,73561.6190528692,0.33262857233966175,-0.03944561779962784,0.0364,1.0,0.949999988079071,1.0,False,76358.48615773817,1.0,946.3861077281892,-10872.989308234151,-946.3861077281892,9926.603200505962,1297.0173812924402
sm,short,1789632000,0.75,0.044815145232579706,16.357528009891592,76534.07998753565,73137.75419641408,0.33556801486127374,-0.045198902006515745,0.0364,1.0,0.949999988079071,1.0,False,76358.48615773817,1.0,840.709598237618,-10767.31279874358,-840.709598237618,9926.603200505962,1297.0173812924402
sm,short,1789632000,0.775,0.044815145232579706,16.357528009891592,76534.07998753565,72682.02770344712,0.3390331940593898,-0.05142054827129372,0.0364,1.0,0.949999988079071,1.0,False,76358.48615773817,1.0,739.5815451679508,-10666.184745673912,-739.5815451679508,9926.603200505962,1297.0173812924402
sm,short,1789632000,0.7999999999999999,0.044815145232579706,16.357528009891592,76534.07998753565,72185.36374198711,0.3431444527731272,-0.058243676876702,0.0364,1.0,0.949999988079071,1.0,False,76358.48615773817,1.0,642.7493435075437,-10569.352544013505,-642.7493435075437,9926.603200505962,1297.0173812924402
sm,short,1789632000,0.825,0.044815145232579706,16.357528009891592,76534.07998753565,71635.10085418966,0.34807265213733063,-0.06585539858653441,0.0364,1.0,0.949999988079071,1.0,False,76358.48615773817,1.0,549.9881351818636,-10476.591335687826,-549.9881351818636,9926.603200505962,1297.0173812924402
sm,short,1789632000,0.85,0.044815145232579706,16.357528009891592,76534.07998753565,71012.73040559496,0.35407037709784595,-0.07453139865305516,0.0364,1.0,0.949999988079071,1.0,False,76358.48615773817,1.0,461.09783427560217,-10387.701034781565,-461.09783427560217,9926.603200505962,1297.0173812924402
sm,short,1789632000,0.875,0.044815145232579706,16.357528009891592,76534.07998753565,70289.55328833459,0.3615317215100873,-0.08470289125144916,0.0364,1.0,0.949999988079071,1.0,False,76358.48615773817,1.0,375.9005506251765,-10302.503751131138,-375.9005506251765,9926.603200505962,1297.0173812924402
sm,short,1789632000,0.9,0.044815145232579706,16.357528009891592,76534.07998753565,69417.4305143751,0.3711191286151319,-0.09710056743202265,0.0364,1.0,0.949999988079071,1.0,False,76358.48615773817,1.0,294.2381660889159,-10220.841366594877,-294.2381660889159,9926.603200505962,1297.0173812924402
sm,short,1789632000,0.9249999999999999,0.044815145232579706,16.357528009891592,76534.07998753565,68306.00198669046,0.38407427739455013,-0.11311333655209349,0.0364,1.0,0.949999988079071,1.0,False,76358.48615773817,1.0,215.9695013521025,-10142.572701858066,-215.9695013521025,9926.603200505962,1297.0173812924402
sm,short,1789632000,0.95,0.044815145232579706,16.357528009891592,76534.07998753565,66752.43332452391,0.4031709923880881,-0.1359119998119857,0.0364,1.0,0.949999988079071,1.0,False,76358.48615773817,1.0,140.9652186358085,-10067.568419141771,-140.9652186358085,9926.603200505962,1297.0173812924402
sm,short,1789632000,0.05,0.06113393169159103,22.313885067430725,76590.71666028489,90099.83658887865,0.3881005781178234,0.16221996238586342,0.03640079547550184,1.0,0.949999988079071,1.0,True,76358.48615773817,1.0,148.21697878677955,-10074.820179292741,-148.21697878677955,9926.603200505962,1296.0582735548776
sm,short,1789632000,0.075,0.06113393169159103,22.313885067430725,76590.71666028489,87876.0811935582,0.3741559326560729,0.13725724608945022,0.03640079547550184,1.0,0.949999988079071,1.0,True,76358.48615773817,1.0,229.55537247295607,-10156.158572978919,-229.55537247295607,9926.603200505962,1296.0582735548776
sm,short,1789632000,0.1,0.06113393169159103,22.313885067430725,76590.71666028489,86317.15365382026,0.3644800967131595,0.11938049948542562,0.03640079547550184,1.0,0.949999988079071,1.0,True,76358.48615773817,1.0,314.944758007662,-10241.547958513624,-314.944758007662,9926.603200505962,1296.0582735548776
sm,short,1789632000,0.125,0.06113393169159103,22.313885067430725,76590.71666028489,85111.90194438753,0.35717898067340587,0.1053381998058117,0.03640079547550184,1.0,0.949999988079071,1.0,True,76358.48615773817,1.0,404.2929211350547,-10330.896121641017,-404.2929211350547,9926.603200505962,1296.0582735548776
sm,short,1789632000,0.15,0.06113393169159103,22.313885067430725,76590.71666028489,84124.77594299991,0.35140235639422523,0.09368921295508952,0.03640079547550184,1.0,0.949999988079071,1.0,True,76358.48615773817,1.0,497.6126017931895,-10424.215802299152,-497.6126017931895,9926.603200505962,1296.0582735548776
sm,short,1789632000,0.175,0.06113393169159103,22.313885067430725,76590.71666028489,83284.6410947294,0.3466949852723624,0.08366721324203098,0.03640079547550184,1.0,0.949999988079071,1.0,True,76358.48615773817,1.0,594.9811449330834,-10521.584345439045,-594.9811449330834,9926.603200505962,1296.0582735548776
sm,short,1789632000,0.2,0.06113393169159103,22.313885067430725,76590.71666028489,82549.55472717827,0.34278505470723275,0.07481539291205229,0.03640079547550184,1.0,0.949999988079071,1.0,True,76358.48615773817,1.0,696.5236290129822,-10623.126829518944,-696.5236290129822,9926.603200505962,1296.0582735548776
sm,short,1789632000,0.22499999999999998,0.06113393169159103,22.313885067430725,76590.71666028489,81892.70146875086,0.3394978438114776,0.06683888822046158,0.03640079547550184,1.0,0.949999988079071,1.0,True,76358.48615773817,1.0,802.4053848327453,-10729.008585338708,-802.4053848327453,9926.603200505962,1296.0582735548776
sm,short,1789632000,0.25,0.06113393169159103,22.313885067430725,76590.71666028489,81295.87246379854,0.33671500171384694,0.05953569972696856,0.03640079547550184,1.0,0.949999988079071,1.0,True,76358.48615773817,1.0,912.8291259450461,-10839.43232645101,-912.8291259450461,9926.603200505964,1296.0582735548778
sm,short,1789632000,0.27499999999999997,0.06113393169159103,22.313885067430725,76590.71666028489,80746.10424465095,0.33435327318271285,0.052760790426742005,0.03640079547550184,1.0,0.949999988079071,1.0,True,76358.48615773817,1.0,1028.0347707010992,-10954.637971207061,-1028.0347707010992,9926.603200505962,1296.0582735548776
sm,short,1789632000,0.3,0.06113393169159103,22.313885067430725,76590.71666028489,80233.80232962397,0.33235250718188947,0.04640589450668523,0.03640079547550184,1.0,0.949999988079071,1.0,True,76358.48615773817,1.0,1148.3011217137635,-11074.904322219725,-1148.3011217137635,9926.603200505962,1296.0582735548776
sm,short,1789632000,0.32499999999999996,0.06113393169159103,22.313885067430725,76590.71666028489,79751.62571981816,0.3306684941007315,0.040387430589715924,0.03640079547550184,1.0,0.949999988079071,1.0,True,76358.48615773817,1.0,1273.9490544424075,-11200.55225494837,-1273.9490544424075,9926.603200505962,1296.0582735548776
sm,short,1789632000,0.35,0.06113393169159103,22.313885067430725,76590.71666028489,79293.7886818341,0.329268492723394,0.03463888432559004,0.03640079547550184,1.0,0.949999988079071,1.0,True,76358.48615773817,1.0,1405.346121918856,-11331.949322424818,-1405.346121918856,9926.603200505962,1296.0582735548776
sm,short,1789632000,0.37499999999999994,0.06113393169159103,22.313885067430725,76590.71666028489,78855.60407307369,0.32812834352841114,0.029105789588133993,0.03640079547550184,1.0,0.949999988079071,1.0,True,76358.48615773817,1.0,1542.9126445916684,-11469.51584509763,-1542.9126445916684,9926.603200505962,1296.0582735548776
sm,short,1789632000,0.39999999999999997,0.06113393169159103,22.313885067430725,76590.71666028489,78433.17264923603,0.3272305658493621,0.023742284955073748,0.03640079547550184,1.0,0.949999988079071,1.0,True,76358.48615773817,1.0,1687.1294823131866,-11613.732682819149,-1687.1294823131866,9926.603200505962,1296.0582735548776
sm,short,1789632000,0.42499999999999993,0.06113393169159103,22.313885067430725,76590.71666028489,78023.16361008109,0.32656309511766324,0.018508655504997387,0.03640079547550184,1.0,0.949999988079071,1.0,True,76358.48615773817,1.0,1838.5478107009671,-11765.15101120693,-1838.5478107009671,9926.603200505962,1296.0582735548776
sm,short,1789632000,0.44999999999999996,0.06113393169159103,22.313885067430725,76590.71666028489,77622.6535201082,0.3261184578835474,0.013369503047399527,0.03640079547550184,1.0,0.949999988079071,1.0,True,76358.48615773817,1.0,1997.8013676660282,-12187.406928956718,-1997.8013676660282,10189.60556129069,1330.396946993757
sm,short,1789632000,0.475,0.06113393169159103,22.313885067430725,76590.71666028489,77229.00295892474,0.3258932640547968,0.008292318177411858,0.03640079547550184,1.0,0.949999988079071,1.0,True,76358.48615773817,1.0,2165.621817580701,-12748.877940054852,-2165.621817580701,10583.256122474151,1381.7935885644952
sm,short,1789632000,0.49999999999999994,0.06113393169159103,22.313885067430725,76590.71666028489,76839.7572723941,0.32588794597614545,0.0032463020472387714,0.03640079547550184,1.0,0.949999988079071,1.0,True,76358.48615773817,1.0,2342.8581240341887,-13315.359933038984,-2342.8581240341887,10972.501809004796,1432.615111524925
sm,short,1789632000,0.525,0.06113393169159103,22.313885067430725,76590.71666028489,76452.5618549487,0.32610670730538227,-0.001798671861991404,0.03640079547550184,1.0,0.949999988079071,1.0,False,76358.48615773817,1.0,2392.346354816512,-13846.119278477236,-2392.346354816512,11453.772923660723,1495.4518541017812
sm,short,1789632000,0.5499999999999999,0.06113393169159103,22.313885067430725,76590.71666028489,76065.0846560151,0.32655766942764375,-0.006873043276005653,0.03640079547550184,1.0,0.949999988079071,1.0,False,76358.48615773817,1.0,2204.08326253474,-13364.454684472395,-2204.08326253474,11160.371421937656,1457.1441433873827
sm,short,1789632000,0.575,0.06113393169159103,22.313885067430725,76590.71666028489,75674.93966072166,0.32725322467460843,-0.012008576900406123,0.03640079547550184,1.0,0.949999988079071,1.0,False,76358.48615773817,1.0,2026.102169759486,-12796.328596403706,-2026.102169759486,10770.22642664422,1406.2052029641054
sm,short,1789632000,0.6,0.06113393169159103,22.313885067430725,76590.71666028489,75279.60520669099,0.32821062798877687,-0.017239482821200382,0.03640079547550184,1.0,0.949999988079071,1.0,False,76358.48615773817,1.0,1857.5282500010949,-12232.420222614643,-1857.5282500010949,10374.891972613548,1354.5887053950642
sm,short,1789632000,0.625,0.06113393169159103,22.313885067430725,76590.71666028489,74876.33018993416,0.32945288607243434,-0.022603743939380937,0.03640079547550184,1.0,0.949999988079071,1.0,False,76358.48615773817,1.0,1697.596910762532,-11669.21386661925,-1697.596910762532,9971.616955856718,1301.9354551917086
sm,short,1789632000,0.65,0.06113393169159103,22.313885067430725,76590.71666028489,74462.01928324439,0.3310100409602332,-0.028144781265036826,0.03640079547550184,1.0,0.949999988079071,1.0,False,76358.48615773817,1.0,1545.635898193008,-11472.23909869897,-1545.635898193008,9926.603200505962,1296.0582735548776
sm,short,1789632000,0.675,0.06113393169159103,22.313885067430725,76590.71666028489,74033.0847394272,0.33292100186357154,-0.03391364509965314,0.03640079547550184,1.0,0.949999988079071,1.0,False,76358.48615773817,1.0,1401.0507003422772,-11327.65390084824,-1401.0507003422772,9926.603200505962,1296.0582735548776
sm,short,1789632000,0.7,0.06113393169159103,22.313885067430725,76590.71666028489,73585.24618024481,0.33523616968088443,-0.03997201836389111,0.03640079547550184,1.0,0.949999988079071,1.0,False,76358.48615773817,1.0,1263.31246123203,-11189.915661737992,-1263.31246123203,9926.603200505962,1296.0582735548776
sm,short,1789632000,0.725,0.06113393169159103,22.313885067430725,76590.71666028489,73113.24904685201,0.3380212496000954,-0.04639648885354762,0.03640079547550184,1.0,0.949999988079071,1.0,False,76358.48615773817,1.0,1131.947785721355,-11058.550986227317,-1131.947785721355,9926.603200505962,1296.0582735548776
sm,short,1789632000,0.75,0.06113393169159103,22.313885067430725,76590.71666028489,72610.45328665896,0.34136291079484143,-0.05328485201745687,0.03640079547550184,1.0,0.949999988079071,1.0,False,76358.48615773817,1.0,1006.5299227163091,-10933.133123222271,-1006.5299227163091,9926.603200505962,1296.0582735548776
sm,short,1789632000,0.775,0.06113393169159103,22.313885067430725,76590.71666028489,72068.20848611154,0.34537743496141354,-0.06076577360198824,0.03640079547550184,1.0,0.949999988079071,1.0,False,76358.48615773817,1.0,886.6708712564572,-10813.27407176242,-886.6708712564572,9926.603200505962,1296.0582735548776
sm,short,1789632000,0.7999999999999999,0.06113393169159103,22.313885067430725,76590.71666028489,71474.86279491126,0.35022442942598053,-0.06901425517919967,0.03640079547550184,1.0,0.949999988079071,1.0,False,76358.48615773817,1.0,772.0139601729613,-10698.617160678923,-772.0139601729613,9926.603200505962,1296.0582735548776
sm,short,1789632000,0.825,0.06113393169159103,22.313885067430725,76590.71666028489,70814.1102580653,0.3561296077299243,-0.0782776731305447,0.03640079547550184,1.0,0.949999988079071,1.0,False,76358.48615773817,1.0,662.226391883791,-10588.829592389753,-662.226391883791,9926.603200505962,1296.0582735548776
sm,short,1789632000,0.85,0.06113393169159103,22.313885067430725,76590.71666028489,70062.06161173232,0.3634249386670899,-0.08892242178029712,0.03640079547550184,1.0,0.949999988079071,1.0,False,76358.48615773817,1.0,556.99106532387,-10483.594265829832,-556.99106532387,9926.603200505962,1296.0582735548776
sm,short,1789632000,0.875,0.06113393169159103,22.313885067430725,76590.71666028489,69181.6350365519,0.37262502699004657,-0.10152430968245463,0.03640079547550184,1.0,0.949999988079071,1.0,False,76358.48615773817,1.0,455.9965641042682,-10382.599764610231,-455.9965641042682,9926.603200505962,1296.0582735548776
sm,short,1789632000,0.9,0.06113393169159103,22.313885067430725,76590.71666028489,68110.65413522221,0.384588040866835,-0.11706306692900875,0.03640079547550184,1.0,0.949999988079071,1.0,False,76358.48615773817,1.0,358.92311575810925,-10285.526316264071,-358.92311575810925,9926.603200505962,1296.0582735548776
sm,short,1789632000,0.9249999999999999,0.06113393169159103,22.313885067430725,76590.71666028489,66732.66909324775,0.40090726524906606,-0.13740734862503615,0.03640079547550184,1.0,0.949999988079071,1.0,False,76358.48615773817,1.0,265.41931935468057,-10192.022519860642,-265.41931935468057,9926.603200505962,1296.0582735548776
sm,short,1789632000,0.95,0.06113393169159103,22.313885067430725,76590.71666028489,64787.538584467606,0.42510124605307675,-0.16683408339073288,0.03640079547550184,1.0,0.949999988079071,1.0,False,76358.48615773817,1.0,175.0544448770648,-10101.657645383028,-175.0544448770648,9926.603200505962,1296.0582735548776
sm,short,1789632000,0.05,0.08339496803315354,30.43916333210104,76668.10409122027,93073.58736732666,0.3945516686067791,0.19082211544854222,0.0364213872795595,1.0,0.949999988079071,1.0,True,76358.48615773817,1.0,175.0233682103926,-10101.626568716354,-175.0233682103926,9926.603200505962,1294.7500552113845
sm,short,1789632000,0.075,0.08339496803315354,30.43916333210104,76668.10409122027,90392.85856049968,0.3815383475508188,0.161992175531888,0.0364213872795595,1.0,0.949999988079071,1.0,True,76358.48615773817,1.0,271.82792472476535,-10198.431125230727,-271.82792472476535,9926.603200505962,1294.7500552113845
sm,short,1789632000,0.1,0.08339496803315354,30.43916333210104,76668.10409122027,88503.87627562386,0.37229233447207516,0.14118859631335967,0.0364213872795595,1.0,0.949999988079071,1.0,True,76358.48615773817,1.0,373.4873322794108,-10300.090532785372,-373.4873322794108,9926.603200505962,1294.7500552113845
sm,short,1789632000,0.125,0.08339496803315354,30.43916333210104,76668.10409122027,87038.55347898441,0.36515781603487474,0.12475944168536911,0.0364213872795595,1.0,0.949999988079071,1.0,True,76358.48615773817,1.0,479.7864735833618,-10406.389674089323,-479.7864735833618,9926.603200505962,1294.7500552113845
sm,short,1789632000,0.15,0.08339496803315354,30.43916333210104,76668.10409122027,85835.91894493501,0.3593885506325577,0.11107764832924688,0.0364213872795595,1.0,0.949999988079071,1.0,True,76358.48615773817,1.0,590.6689960195832,-10517.272196525546,-590.6689960195832,9926.603200505962,1294.7500552113845
sm,short,1789632000,0.175,0.08339496803315354,30.43916333210104,76668.10409122027,84811.22194854025,0.35458380146044477,0.09927428982161822,0.0364213872795595,1.0,0.949999988079071,1.0,True,76358.48615773817,1.0,706.1725044505062,-10632.775704956468,-706.1725044505062,9926.603200505962,1294.7500552113845
sm,short,1789632000,0.2,0.08339496803315354,30.43916333210104,76668.10409122027,83914.34925448819,0.35050387634053287,0.0888294707718138,0.0364213872795595,1.0,0.949999988079071,1.0,True,76358.48615773817,1.0,826.401349343479,-10753.004549849442,-826.401349343479,9926.603200505962,1294.7500552113845
sm,short,1789632000,0.22499999999999998,0.08339496803315354,30.43916333210104,76668.10409122027,83113.18143049668,0.3469946676410126,0.07940650235738128,0.0364213872795595,1.0,0.949999988079071,1.0,True,76358.48615773817,1.0,951.5142210193544,-10878.117421525316,-951.5142210193544,9926.60320050596,1294.7500552113843
sm,short,1789632000,0.25,0.08339496803315354,30.43916333210104,76668.10409122027,82385.85960363218,0.34395199065425147,0.07077405224920995,0.0364213872795595,1.0,0.949999988079071,1.0,True,76358.48615773817,1.0,1081.718899263853,-11008.322099769815,-1081.718899263853,9926.603200505962,1294.7500552113845
sm,short,1789632000,0.27499999999999997,0.08339496803315354,30.43916333210104,76668.10409122027,81716.79133800056,0.3413029309824474,0.06276557612677548,0.0364213872795595,1.0,0.949999988079071,1.0,True,76358.48615773817,1.0,1217.271102230723,-11143.874302736685,-1217.271102230723,9926.603200505962,1294.7500552113845
sm,short,1789632000,0.3,0.08339496803315354,30.43916333210104,76668.10409122027,81094.41652352884,0.3389953320687191,0.055256443504371186,0.0364213872795595,1.0,0.949999988079071,1.0,True,76358.48615773817,1.0,1358.4761069678314,-11285.079307473794,-1358.4761069678314,9926.603200505962,1294.7500552113845
sm,short,1789632000,0.32499999999999996,0.08339496803315354,30.43916333210104,76668.10409122027,80509.87661338763,0.3369915307340378,0.04815020957393737,0.0364213872795595,1.0,0.949999988079071,1.0,True,76358.48615773817,1.0,1505.6925807592502,-11432.295781265213,-1505.6925807592502,9926.603200505962,1294.7500552113845
sm,short,1789632000,0.35,0.08339496803315354,30.43916333210104,76668.10409122027,79956.17990461856,0.3352644701773349,0.041369939016108886,0.0364213872795595,1.0,0.949999988079071,1.0,True,76358.48615773817,1.0,1659.3384620104573,-11585.94166251642,-1659.3384620104573,9926.603200505962,1294.7500552113845
sm,short,1789632000,0.37499999999999994,0.08339496803315354,30.43916333210104,76668.10409122027,79427.65421086294,0.33379522591557453,0.03485247035805971,0.0364213872795595,1.0,0.949999988079071,1.0,True,76358.48615773817,1.0,1819.898980926624,-11746.502181432586,-1819.898980926624,9926.603200505962,1294.7500552113845
sm,short,1789632000,0.39999999999999997,0.08339496803315354,30.43916333210104,76668.10409122027,78919.57326868738,0.33257141967712417,0.028544463092880806,0.0364213872795595,1.0,0.949999988079071,1.0,True,76358.48615773817,1.0,1987.9371081339903,-11914.540308639953,-1987.9371081339903,9926.603200505962,1294.7500552113845
sm,short,1789632000,0.42499999999999993,0.08339496803315354,30.43916333210104,76668.10409122027,78427.89161166827,0.331586224336494,0.022399557930200667,0.0364213872795595,1.0,0.949999988079071,1.0,True,76358.48615773817,1.0,2164.106912699015,-12090.710113204977,-2164.106912699015,9926.603200505962,1294.7500552113845
sm,short,1789632000,0.44999999999999996,0.08339496803315354,30.43916333210104,76668.10409122027,77949.04859012367,0.3308377888746253,0.01637624308414691,0.0364213872795595,1.0,0.949999988079071,1.0,True,76358.48615773817,1.0,2349.170532911258,-12275.77373341722,-2349.170532911258,9926.603200505962,1294.7500552113845
sm,short,1789632000,0.475,0.08339496803315354,30.43916333210104,76668.10409122027,77479.81667929143,0.33032898646597714,0.010436165887444709,0.0364213872795595,1.0,0.949999988079071,1.0,True,76358.48615773817,1.0,2544.019744392796,-12876.46214650026,-2544.019744392796,10332.442402107465,1347.6846107755384
sm,short,1789632000,0.49999999999999994,0.08339496803315354,30.43916333210104,76668.10409122027,77017.17748197033,0.3300674359876005,0.004542712060299239,0.0364213872795595,1.0,0.949999988079071,1.0,True,76358.48615773817,1.0,2749.7034868910187,-13544.785086319582,-2749.7034868910187,10795.081599428562,1408.0277225304144
sm,short,1789632000,0.525,0.08339496803315354,30.43916333210104,76668.10409122027,76558.21354454773,0.33006578067620157,-0.0013402788429352844,0.0364213872795595,1.0,0.949999988079071,1.0,False,76358.48615773817,1.0,2857.572686347889,-14311.345610008613,-2857.572686347889,11453.772923660725,1493.9423713977512
sm,short,1789632000,0.5499999999999999,0.08339496803315354,30.43916333210104,76668.10409122027,76100.00663003256,0.33034223497583476,-0.00724977050829568,0.0364213872795595,1.0,0.949999988079071,1.0,False,76358.48615773817,1.0,2630.6813605200196,-13825.974756475134,-2630.6813605200196,11195.293395955116,1460.2282824986612
sm,short,1789632000,0.575,0.08339496803315354,30.43916333210104,76668.10409122027,75639.53410939008,0.33092143695641146,-0.013224862440215342,0.0364213872795595,1.0,0.949999988079071,1.0,False,76358.48615773817,1.0,2416.8584645533197,-13151.679339865956,-2416.8584645533197,10734.820875312636,1400.167775446784
sm,short,1789632000,0.6,0.08339496803315354,30.43916333210104,76668.10409122027,75173.55492186018,0.33183567331186475,-0.01930831044167898,0.0364213872795595,1.0,0.949999988079071,1.0,False,76358.48615773817,1.0,2215.018886004386,-12483.860573787124,-2215.018886004386,10268.841687782739,1339.3890209629803
sm,short,1789632000,0.625,0.08339496803315354,30.43916333210104,76668.10409122027,74698.47510393905,0.33312658142656304,-0.025548373579607115,0.0364213872795595,1.0,0.949999988079071,1.0,False,76358.48615773817,1.0,2024.2087783102938,-11950.811978816257,-2024.2087783102938,9926.603200505962,1294.7500552113845
sm,short,1789632000,0.65,0.08339496803315354,30.43916333210104,76668.10409122027,74210.17989850667,0.33484748436127354,-0.032001174785256055,0.0364213872795595,1.0,0.949999988079071,1.0,False,76358.48615773817,1.0,1843.5822730740697,-11770.185473580032,-1843.5822730740697,9926.603200505962,1294.7500552113845
sm,short,1789632000,0.675,0.08339496803315354,30.43916333210104,76668.10409122027,73703.81425379001,0.33706658911537946,-0.03873384465672198,0.0364213872795595,1.0,0.949999988079071,1.0,False,76358.48615773817,1.0,1672.381526458425,-11598.984726964387,-1672.381526458425,9926.603200505962,1294.7500552113845
sm,short,1789632000,0.7,0.08339496803315354,30.43916333210104,76668.10409122027,73173.48480478536,0.3398713919428555,-0.04582885593233475,0.0364213872795595,1.0,0.949999988079071,1.0,False,76358.48615773817,1.0,1509.9188918887949,-11436.522092394756,-1509.9188918887949,9926.60320050596,1294.7500552113843
sm,short,1789632000,0.725,0.08339496803315354,30.43916333210104,76668.10409122027,72611.8417303121,0.34337481605035625,-0.05339019056800392,0.0364213872795595,1.0,0.949999988079071,1.0,False,76358.48615773817,1.0,1355.5601308217847,-11282.163331327747,-1355.5601308217847,9926.603200505962,1294.7500552113845
sm,short,1789632000,0.75,0.08339496803315354,30.43916333210104,76668.10409122027,72009.47337056966,0.3477239150121997,-0.06155239335662891,0.0364213872795595,1.0,0.949999988079071,1.0,False,76358.48615773817,1.0,1208.7076203787483,-11135.310820884712,-1208.7076203787483,9926.603200505964,1294.7500552113847
sm,short,1789632000,0.775,0.08339496803315354,30.43916333210104,76668.10409122027,71354.00022474531,0.3531125343766613,-0.07049432386238347,0.0364213872795595,1.0,0.949999988079071,1.0,False,76358.48615773817,1.0,1068.782534136701,-10995.385734642663,-1068.782534136701,9926.603200505962,1294.7500552113845
sm,short,1789632000,0.7999999999999999,0.08339496803315354,30.43916333210104,76668.10409122027,70628.66607382306,0.35980041781230265,-0.0804608945593784,0.0364213872795595,1.0,0.949999988079071,1.0,False,76358.48615773817,1.0,935.2050214637176,-10861.80822196968,-935.2050214637176,9926.603200505962,1294.7500552113845
sm,short,1789632000,0.825,0.08339496803315354,30.43916333210104,76668.10409122027,69810.04089232479,0.3681435576846424,-0.09179916353719376,0.0364213872795595,1.0,0.949999988079071,1.0,False,76358.48615773817,1.0,807.3715660123042,-10733.974766518266,-807.3715660123042,9926.603200505962,1294.7500552113845
sm,short,1789632000,0.85,0.08339496803315354,30.43916333210104,76668.10409122027,68864.0405529272,0.3786458922384768,-0.1050221288810558,0.0364213872795595,1.0,0.949999988079071,1.0,False,76358.48615773817,1.0,684.6289928125052,-10611.232193318468,-684.6289928125052,9926.603200505964,1294.7500552113847
sm,short,1789632000,0.875,0.08339496803315354,30.43916333210104,76668.10409122027,67738.45640421603,0.3920557376380656,-0.12093103913447953,0.0364213872795595,1.0,0.949999988079071,1.0,False,76358.48615773817,1.0,566.2447898019605,-10492.847990307922,-566.2447898019605,9926.603200505962,1294.7500552113845
sm,short,1789632000,0.9,0.08339496803315354,30.43916333210104,76668.10409122027,66347.35630964985,0.40956765706647874,-0.1408766908554272,0.0364213872795595,1.0,0.949999988079071,1.0,False,76358.48615773817,1.0,451.3724894254088,-10377.97568993137,-451.3724894254088,9926.603200505962,1294.7500552113845
sm,short,1789632000,0.9249999999999999,0.08339496803315354,30.43916333210104,76668.10409122027,64533.321220547696,0.43331403861844836,-0.16740838405447447,0.0364213872795595,1.0,0.949999988079071,1.0,False,76358.48615773817,1.0,339.00550524044246,-10265.608705746405,-339.00550524044246,9926.603200505962,1294.7500552113845
sm,short,1789632000,0.95,0.08339496803315354,30.43916333210104,76668.10409122027,61953.085519101856,0.46786072280106866,-0.206302181533651,0.0364213872795595,1.0,0.949999988079071,1.0,False,76358.48615773817,1.0,227.89141422869127,-10154.494614734655,-227.89141422869127,9926.603200505962,1294.7500552113845
sm,short,1789632000,0.05,0.11376203854082113,41.52314406739971,76773.67103498534,96679.93345843903,0.3992145229953391,0.2298393285467399,0.036449477291008406,1.0,0.949999988079071,1.0,True,76358.48615773817,1.0,205.58221904467652,-10132.185419550638,-205.58221904467652,9926.603200505962,1292.9697208281814
sm,short,1789632000,0.075,0.11376203854082113,41.52314406739971,76773.67103498534,93429.64802766965,0.386860658822645,0.19573397150471508,0.036449477291008406,1.0,0.949999988079071,1.0,True,76358.48615773817,1.0,319.86892869510723,-10246.472129201069,-319.86892869510723,9926.603200505962,1292.9697208281814
sm,short,1789632000,0.1,0.11376203854082113,41.52314406739971,76773.67103498534,91134.8192402772,0.37791664180012774,0.17093779593959021,0.036449477291008406,1.0,0.949999988079071,1.0,True,76358.48615773817,1.0,439.89796317593635,-10366.501163681898,-439.89796317593635,9926.603200505962,1292.9697208281814
sm,short,1789632000,0.125,0.11376203854082113,41.52314406739971,76773.67103498534,89352.91501769506,0.3708978054245382,0.15125264768233623,0.036449477291008406,1.0,0.949999988079071,1.0,True,76358.48615773817,1.0,565.332853425334,-10491.936053931297,-565.332853425334,9926.603200505962,1292.9697208281814
sm,short,1789632000,0.15,0.11376203854082113,41.52314406739971,76773.67103498534,87890.01032883568,0.3651320092848112,0.13479783075575807,0.036449477291008406,1.0,0.949999988079071,1.0,True,76358.48615773817,1.0,696.0507951212345,-10622.653995627197,-696.0507951212345,9926.603200505962,1292.9697208281814
sm,short,1789632000,0.175,0.11376203854082113,41.52314406739971,76773.67103498534,86643.83001886643,0.3602570998492987,0.12056445743281882,0.036449477291008406,1.0,0.949999988079071,1.0,True,76358.48615773817,1.0,832.0528930905677,-10758.65609359653,-832.0528930905677,9926.603200505962,1292.9697208281814
sm,short,1789632000,0.2,0.11376203854082113,41.52314406739971,76773.67103498534,85553.81141028069,0.3560559955707721,0.10794657223724588,0.036449477291008406,1.0,0.949999988079071,1.0,True,76358.48615773817,1.0,973.4264460405335,-10900.029646546496,-973.4264460405335,9926.603200505962,1292.9697208281814
sm,short,1789632000,0.22499999999999998,0.11376203854082113,41.52314406739971,76773.67103498534,84581.09071538734,0.35238902962013935,0.09655043127215764,0.036449477291008406,1.0,0.949999988079071,1.0,True,76358.48615773817,1.0,1120.3275661493076,-11046.93076665527,-1120.3275661493076,9926.603200505962,1292.9697208281814
sm,short,1789632000,0.25,0.11376203854082113,41.52314406739971,76773.67103498534,83699.19310474808,0.34916190370900124,0.08610468817273831,0.036449477291008406,1.0,0.949999988079071,1.0,True,76358.48615773817,1.0,1272.973547228437,-11199.5767477344,-1272.973547228437,9926.603200505962,1292.9697208281814
sm,short,1789632000,0.27499999999999997,0.11376203854082113,41.52314406739971,76773.67103498534,82889.21901973462,0.3463089019731929,0.07641345972506874,0.036449477291008406,1.0,0.949999988079071,1.0,True,76358.48615773817,1.0,1431.6407665997822,-11358.243967105744,-1431.6407665997822,9926.60320050596,1292.969720828181
sm,short,1789632000,0.3,0.11376203854082113,41.52314406739971,76773.67103498534,82137.1488475913,0.3437834283795899,0.06732979181217201,0.036449477291008406,1.0,0.949999988079071,1.0,True,76358.48615773817,1.0,1596.666290728646,-11523.269491234609,-1596.666290728646,9926.603200505962,1292.9697208281814
sm,short,1789632000,0.32499999999999996,0.11376203854082113,41.52314406739971,76773.67103498534,81432.23578035548,0.34155237870985583,0.05873969216281251,0.036449477291008406,1.0,0.949999988079071,1.0,True,76358.48615773817,1.0,1768.452407880137,-11695.0556083861,-1768.452407880137,9926.603200505962,1292.9697208281814
sm,short,1789632000,0.35,0.11376203854082113,41.52314406739971,76773.67103498534,80765.99663704795,0.3395926685149078,0.05055200984343702,0.036449477291008406,1.0,0.949999988079071,1.0,True,76358.48615773817,1.0,1947.473857135765,-11874.077057641727,-1947.473857135765,9926.603200505962,1292.9697208281814
sm,short,1789632000,0.37499999999999994,0.11376203854082113,41.52314406739971,76773.67103498534,80131.54930555429,0.3378890515669407,0.0426917217499445,0.036449477291008406,1.0,0.949999988079071,1.0,True,76358.48615773817,1.0,2134.2878651164483,-12060.89106562241,-2134.2878651164483,9926.603200505962,1292.9697208281814
sm,short,1789632000,0.39999999999999997,0.11376203854082113,41.52314406739971,76773.67103498534,79523.15975660516,0.3364327589361266,0.035095284890377186,0.036449477291008406,1.0,0.949999988079071,1.0,True,76358.48615773817,1.0,2329.5473695776295,-12256.150570083591,-2329.5473695776295,9926.603200505962,1292.9697208281814
sm,short,1789632000,0.42499999999999993,0.11376203854082113,41.52314406739971,76773.67103498534,78935.9198342625,0.3352206950194207,0.02770727615462137,0.036449477291008406,1.0,0.949999988079071,1.0,True,76358.48615773817,1.0,2534.018069685518,-12460.621270191481,-2534.018069685518,9926.603200505962,1292.9697208281814
sm,short,1789632000,0.44999999999999996,0.11376203854082113,41.52314406739971,76773.67103498534,78365.5082593572,0.3342550416020377,0.02047784398417608,0.036449477291008406,1.0,0.949999988079071,1.0,True,76358.48615773817,1.0,2748.6002411669465,-12675.20344167291,-2748.6002411669465,9926.603200505962,1292.9697208281814
sm,short,1789632000,0.475,0.11376203854082113,41.52314406739971,76773.67103498534,77808.00468380823,0.33354318964058366,0.01336066470993303,0.036449477291008406,1.0,0.949999988079071,1.0,True,76358.48615773817,1.0,2974.35663157257,-12978.611029163225,-2974.35663157257,10004.254397590656,1303.0840212176088
sm,short,1789632000,0.49999999999999994,0.11376203854082113,41.52314406739971,76773.67103498534,77259.73655056774,0.3330979633762628,0.006311191014711216,0.036449477291008406,1.0,0.949999988079071,1.0,True,76358.48615773817,1.0,3212.548254352121,-13765.070785183269,-3212.548254352121,10552.522530831147,1374.4975834257582
sm,short,1789632000,0.525,0.11376203854082113,41.52314406739971,76773.67103498534,76717.14413325884,0.33293813462566024,-0.0007149686410059006,0.036449477291008406,1.0,0.949999988079071,1.0,False,76358.48615773817,1.0,3408.15369278568,-14861.926616446404,-3408.15369278568,11453.772923660725,1491.8881394171322
sm,short,1789632000,0.5499999999999999,0.11376203854082113,41.52314406739971,76773.67103498534,76176.65208617144,0.3330892537670778,-0.0077636775092806455,0.036449477291008406,1.0,0.949999988079071,1.0,False,76358.48615773817,1.0,3135.544767107881,-14407.483619201877,-3135.544767107881,11271.938852093997,1468.2037083986042
sm,short,1789632000,0.575,0.11376203854082113,41.52314406739971,76773.67103498534,75634.53694327184,0.33358485295510387,-0.014884040754204412,0.036449477291008406,1.0,0.949999988079071,1.0,False,76358.48615773817,1.0,2879.257067857691,-13609.080777052091,-2879.257067857691,10729.823709194401,1397.5915915633211
sm,short,1789632000,0.6,0.11376203854082113,41.52314406739971,76773.67103498534,75086.77959353715,0.334468110659609,-0.022130471694881183,0.036449477291008406,1.0,0.949999988079071,1.0,False,76358.48615773817,1.0,2637.9531151246856,-12820.019474584398,-2637.9531151246856,10182.066359459714,1326.2445604326776
sm,short,1789632000,0.625,0.11376203854082113,41.52314406739971,76773.67103498534,74528.88981031087,0.33579410928590153,-0.02956524748123967,0.036449477291008406,1.0,0.949999988079071,1.0,False,76358.48615773817,1.0,2410.4526607706653,-12337.055861276627,-2410.4526607706653,9926.603200505962,1292.9697208281814
sm,short,1789632000,0.65,0.11376203854082113,41.52314406739971,76773.67103498534,73955.68606990507,0.33763287538230247,-0.03726181818644238,0.036449477291008406,1.0,0.949999988079071,1.0,False,76358.48615773817,1.0,2195.7028589559354,-12122.306059461898,-2195.7028589559354,9926.603200505962,1292.9697208281814
sm,short,1789632000,0.675,0.11376203854082113,41.52314406739971,76773.67103498534,73361.00736554683,0.34007347392042026,-0.04530925011245304,0.036449477291008406,1.0,0.949999988079071,1.0,False,76358.48615773817,1.0,1992.7519221309713,-11919.355122636935,-1992.7519221309713,9926.603200505964,1292.9697208281816
sm,short,1789632000,0.7,0.11376203854082113,41.52314406739971,76773.67103498534,72737.3229985445,0.34322954999722954,-0.05381837612645168,0.036449477291008406,1.0,0.949999988079071,1.0,False,76358.48615773817,1.0,1800.7245919877757,-11727.327792493737,-1800.7245919877757,9926.603200505962,1292.9697208281814
sm,short,1789632000,0.725,0.11376203854082113,41.52314406739971,76773.67103498534,72075.18857207858,0.3472469027066215,-0.06293054753134839,0.036449477291008406,1.0,0.949999988079071,1.0,False,76358.48615773817,1.0,1618.797851174832,-11545.401051680794,-1618.797851174832,9926.603200505962,1292.9697208281814
sm,short,1789632000,0.75,0.11376203854082113,41.52314406739971,76773.67103498534,71362.46608105167,0.3523139981299676,-0.0728304402058203,0.036449477291008406,1.0,0.949999988079071,1.0,False,76358.48615773817,1.0,1446.1753265647103,-11372.778527070674,-1446.1753265647103,9926.603200505964,1292.9697208281816
sm,short,1789632000,0.775,0.11376203854082113,41.52314406739971,76773.67103498534,70583.17160265917,0.3586769172697595,-0.08376538488406787,0.036449477291008406,1.0,0.949999988079071,1.0,False,76358.48615773817,1.0,1282.058875933959,-11208.662076439921,-1282.058875933959,9926.603200505962,1292.9697208281814
sm,short,1789632000,0.7999999999999999,0.11376203854082113,41.52314406739971,76773.67103498534,69715.7102135441,0.3666614086647813,-0.096075661985311,0.036449477291008406,1.0,0.949999988079071,1.0,False,76358.48615773817,1.0,1125.6160412213198,-11052.219241727282,-1125.6160412213198,9926.603200505962,1292.9697208281814
sm,short,1789632000,0.825,0.11376203854082113,41.52314406739971,76773.67103498534,68730.04385833057,0.37670725674284217,-0.11024430895842632,0.036449477291008406,1.0,0.949999988079071,1.0,False,76358.48615773817,1.0,975.9425616574225,-10902.545762163385,-975.9425616574225,9926.603200505962,1292.9697208281814
sm,short,1789632000,0.85,0.11376203854082113,41.52314406739971,76773.67103498534,67582.85808312955,0.38942611574332353,-0.1269843112871252,0.036449477291008406,1.0,0.949999988079071,1.0,False,76358.48615773817,1.0,832.0200512845456,-10758.623251790508,-832.0200512845456,9926.603200505962,1292.9697208281814
sm,short,1789632000,0.875,0.11376203854082113,41.52314406739971,76773.67103498534,66208.6061309473,0.405709001836422,-0.1474044482134885,0.036449477291008406,1.0,0.949999988079071,1.0,False,76358.48615773817,1.0,692.6698688841797,-10619.273069390141,-692.6698688841797,9926.603200505962,1292.9697208281814
sm,short,1789632000,0.9,0.11376203854082113,41.52314406739971,76773.67103498534,64500.99108970946,0.42695197910385013,-0.1733617012440258,0.036449477291008406,1.0,0.949999988079071,1.0,False,76358.48615773817,1.0,556.5033534347809,-10483.106553940743,-556.5033534347809,9926.603200505962,1292.9697208281814
sm,short,1789632000,0.9249999999999999,0.11376203854082113,41.52314406739971,76773.67103498534,62268.49363556627,0.4556084322324124,-0.20833386228514528,0.036449477291008406,1.0,0.949999988079071,1.0,False,76358.48615773817,1.0,421.86046678036223,-10348.463667286325,-421.86046678036223,9926.603200505962,1292.9697208281814
sm,short,1789632000,0.95,0.11376203854082113,41.52314406739971,76773.67103498534,59100.869308996975,0.4968742028856088,-0.2601420163337866,0.036449477291008406,1.0,0.949999988079071,1.0,False,76358.48615773817,1.0,286.6953341259008,-10213.298534631864,-286.6953341259008,9926.603200505962,1292.9697208281814
sm,short,1789632000,0.05,0.15518683822527846,56.643195952226634,76923.82347516104,101590.74615906282,0.4091929992546639,0.27543394765943696,0.03671052470704204,1.0,0.949999988079071,1.0,True,76358.48615773817,1.0,244.26544860552943,-10170.868649111491,-244.26544860552943,9926.603200505962,1290.4458920598631
sm,short,1789632000,0.075,0.15518683822527846,56.643195952226634,76923.82347516104,97440.69949965326,0.39551404379798283,0.23420933397849747,0.03671052470704204,1.0,0.949999988079071,1.0,True,76358.48615773817,1.0,379.043837065386,-10305.647037571349,-379.043837065386,9926.603200505962,1290.4458920598631
sm,short,1789632000,0.1,0.15518683822527846,56.643195952226634,76923.82347516104,94564.90268740695,0.3860655858249255,0.20456127404731697,0.03671052470704204,1.0,0.949999988079071,1.0,True,76358.48615773817,1.0,520.779276846619,-10447.382477352581,-520.779276846619,9926.603200505962,1290.4458920598631
sm,short,1789632000,0.125,0.15518683822527846,56.643195952226634,76923.82347516104,92359.7532640696,0.37896136699866334,0.18119100961183043,0.03671052470704204,1.0,0.949999988079071,1.0,True,76358.48615773817,1.0,669.2546131275717,-10595.857813633535,-669.2546131275717,9926.603200505962,1290.4458920598631
sm,short,1789632000,0.15,0.15518683822527846,56.643195952226634,76923.82347516104,90565.23869011618,0.37335850453072295,0.1617470808434957,0.03671052470704204,1.0,0.949999988079071,1.0,True,76358.48615773817,1.0,824.4449253948584,-10751.048125900821,-824.4449253948584,9926.603200505962,1290.4458920598631
sm,short,1789632000,0.175,0.15518683822527846,56.643195952226634,76923.82347516104,89046.0526433375,0.3688076614071894,0.14497770634275506,0.03671052470704204,1.0,0.949999988079071,1.0,True,76358.48615773817,1.0,986.4426941422579,-10913.04589464822,-986.4426941422579,9926.603200505962,1290.4458920598631
sm,short,1789632000,0.2,0.15518683822527846,56.643195952226634,76923.82347516104,87722.95528614594,0.36504178355624933,0.13013591549082273,0.03671052470704204,1.0,0.949999988079071,1.0,True,76358.48615773817,1.0,1155.4261525110976,-11082.02935301706,-1155.4261525110976,9926.603200505962,1290.4458920598631
sm,short,1789632000,0.22499999999999998,0.15518683822527846,56.643195952226634,76923.82347516104,86545.57709910246,0.36189011338959465,0.11673904703008288,0.03671052470704204,1.0,0.949999988079071,1.0,True,76358.48615773817,1.0,1331.6449484444472,-11258.24814895041,-1331.6449484444472,9926.603200505962,1290.4458920598631
sm,short,1789632000,0.25,0.15518683822527846,56.643195952226634,76923.82347516104,85479.88887723947,0.3592377355862101,0.10445609222336724,0.03671052470704204,1.0,0.949999988079071,1.0,True,76358.48615773817,1.0,1515.4143115655966,-11442.01751207156,-1515.4143115655966,9926.603200505962,1290.4458920598631
sm,short,1789632000,0.27499999999999997,0.15518683822527846,56.643195952226634,76923.82347516104,84501.77739862811,0.35700450009511747,0.09304910497944405,0.03671052470704204,1.0,0.949999988079071,1.0,True,76358.48615773817,1.0,1707.114173811082,-11633.717374317044,-1707.114173811082,9926.603200505962,1290.4458920598631
sm,short,1789632000,0.3,0.15518683822527846,56.643195952226634,76923.82347516104,83593.47550892917,0.35513318073358274,0.0823402258188622,0.03671052470704204,1.0,0.949999988079071,1.0,True,76358.48615773817,1.0,1907.1916930522948,-11833.794893558257,-1907.1916930522948,9926.603200505962,1290.4458920598631
sm,short,1789632000,0.32499999999999996,0.15518683822527846,56.643195952226634,76923.82347516104,82741.4486052141,0.35358243324928434,0.07219192327337318,0.03671052470704204,1.0,0.949999988079071,1.0,True,76358.48615773817,1.0,2116.1665259612646,-12042.769726467228,-2116.1665259612646,9926.603200505964,1290.4458920598634
sm,short,1789632000,0.35,0.15518683822527846,56.643195952226634,76923.82347516104,81935.07675234522,0.3523224269133499,0.062494524943322534,0.03671052470704204,1.0,0.949999988079071,1.0,True,76358.48615773817,1.0,2334.6386684671943,-12261.241868973157,-2334.6386684671943,9926.603200505962,1290.4458920598631
sm,short,1789632000,0.37499999999999994,0.15518683822527846,56.643195952226634,76923.82347516104,81165.79578949157,0.3513320557861908,0.053157985521012543,0.03671052470704204,1.0,0.949999988079071,1.0,True,76358.48615773817,1.0,2563.2989819249756,-12489.902182430938,-2563.2989819249756,9926.603200505962,1290.4458920598631
sm,short,1789632000,0.39999999999999997,0.15518683822527846,56.643195952226634,76923.82347516104,80426.51502042975,0.35059713478158866,0.04410622015683403,0.03671052470704204,1.0,0.949999988079071,1.0,True,76358.48615773817,1.0,2802.9427601879534,-12729.545960693915,-2802.9427601879534,9926.60320050596,1290.4458920598627
sm,short,1789632000,0.42499999999999993,0.15518683822527846,56.643195952226634,76923.82347516104,79711.20733005316,0.3501092434949184,0.0352730376419527,0.03671052470704204,1.0,0.949999988079071,1.0,True,76358.48615773817,1.0,3054.486924489299,-12981.090124995262,-3054.486924489299,9926.603200505964,1290.4458920598634
sm,short,1789632000,0.44999999999999996,0.15518683822527846,56.643195952226634,76923.82347516104,79014.60939046978,0.34986502223011,0.02659908722421705,0.03671052470704204,1.0,0.949999988079071,1.0,True,76358.48615773817,1.0,3318.9916984246624,-13245.594898930625,-3318.9916984246624,9926.603200505962,1290.4458920598631
sm,short,1789632000,0.475,0.15518683822527846,56.643195952226634,76923.82347516104,78331.99291130909,0.3498658071198328,0.018029444205227813,0.03671052470704204,1.0,0.949999988079071,1.0,True,76358.48615773817,1.0,3597.687950549941,-13524.291151055902,-3597.687950549941,9926.60320050596,1290.4458920598627
sm,short,1789632000,0.49999999999999994,0.15518683822527846,56.643195952226634,76923.82347516104,77658.98123535716,0.35011754285056773,0.009511579299521462,0.03671052470704204,1.0,0.949999988079071,1.0,True,76358.48615773817,1.0,3892.0118400119336,-14045.289686053664,-3892.0118400119336,10153.27784604173,1319.9133099930032
sm,short,1789632000,0.525,0.15518683822527846,56.643195952226634,76923.82347516104,76991.39329348033,0.35063094708188686,0.0009935234364317597,0.03671052470704204,1.0,0.949999988079071,1.0,True,76358.48615773817,1.0,4203.649019760664,-15024.514807679225,-4203.649019760664,10820.865787918561,1406.6989001674697
sm,short,1789632000,0.5499999999999999,0.15518683822527846,56.643195952226634,76923.82347516104,76325.10123930534,0.35142192867943256,-0.007577927304744277,0.03671052470704204,1.0,0.949999988079071,1.0,False,76358.48615773817,1.0,3935.8692923236786,-15356.257297551576,-3935.8692923236786,11420.388005227898,1484.6360320240165
sm,short,1789632000,0.575,0.15518683822527846,56.643195952226634,76923.82347516104,75655.89012562981,0.3525122879485876,-0.016259113395553377,0.03671052470704204,1.0,0.949999988079071,1.0,False,76358.48615773817,1.0,3619.2784151356877,-14370.455306688058,-3619.2784151356877,10751.17689155237,1397.6394315636117
sm,short,1789632000,0.6,0.15518683822527846,56.643195952226634,76923.82347516104,74979.30827856147,0.3539307557005064,-0.02511168005731135,0.03671052470704204,1.0,0.949999988079071,1.0,False,76358.48615773817,1.0,3319.844607476632,-13394.439651960658,-3319.844607476632,10074.595044484025,1309.6846450615062
sm,short,1789632000,0.625,0.15518683822527846,56.643195952226634,76923.82347516104,74290.49566285063,0.3557144639929589,-0.034205208831440986,0.03671052470704204,1.0,0.949999988079071,1.0,False,76358.48615773817,1.0,3036.165279231164,-12962.768479737126,-3036.165279231164,9926.603200505962,1290.4458920598631
sm,short,1789632000,0.65,0.15518683822527846,56.643195952226634,76923.82347516104,73583.9742154039,0.35791099111415275,-0.04362057832164967,0.03671052470704204,1.0,0.949999988079071,1.0,False,76358.48615773817,1.0,2767.0025644327275,-12693.60576493869,-2767.0025644327275,9926.603200505962,1290.4458920598631
sm,short,1789632000,0.675,0.15518683822527846,56.643195952226634,76923.82347516104,72853.37806691491,0.3605811966416265,-0.05345443715276829,0.03671052470704204,1.0,0.949999988079071,1.0,False,76358.48615773817,1.0,2511.254602783437,-12437.8578032894,-2511.254602783437,9926.603200505964,1290.4458920598634
sm,short,1789632000,0.7,0.15518683822527846,56.643195952226634,76923.82347516104,72091.09120361178,0.3638031760033233,-0.06382536875592744,0.03671052470704204,1.0,0.949999988079071,1.0,False,76358.48615773817,1.0,2267.930702093729,-12194.533902599691,-2267.930702093729,9926.603200505962,1290.4458920598631
sm,short,1789632000,0.725,0.15518683822527846,56.643195952226634,76923.82347516104,71287.74242957299,0.3676778488236413,-0.0748826624160756,0.03671052470704204,1.0,0.949999988079071,1.0,False,76358.48615773817,1.0,2036.128937855007,-11962.732138360969,-2036.128937855007,9926.603200505962,1290.4458920598631
sm,short,1789632000,0.75,0.15518683822527846,56.643195952226634,76923.82347516104,70431.47656709257,0.3723370123001265,-0.086819194352607,0.03671052470704204,1.0,0.949999988079071,1.0,False,76358.48615773817,1.0,1815.0148717862842,-11741.618072292247,-1815.0148717862842,9926.603200505962,1290.4458920598631
sm,short,1789632000,0.775,0.15518683822527846,56.643195952226634,76923.82347516104,69506.86454169295,0.3779552674427581,-0.09989100797536878,0.03671052470704204,1.0,0.949999988079071,1.0,False,76358.48615773817,1.0,1603.8001238498682,-11530.40332435583,-1603.8001238498682,9926.60320050596,1290.4458920598627
sm,short,1789632000,0.7999999999999999,0.15518683822527846,56.643195952226634,76923.82347516104,68493.20686291473,0.3847683467707829,-0.11444829800868936,0.03671052470704204,1.0,0.949999988079071,1.0,False,76358.48615773817,1.0,1401.7195615767448,-11328.322762082707,-1401.7195615767448,9926.603200505962,1290.4458920598631
sm,short,1789632000,0.825,0.15518683822527846,56.643195952226634,76923.82347516104,67361.76303151184,0.3931027149570073,-0.13098691848237445,0.03671052470704204,1.0,0.949999988079071,1.0,False,76358.48615773817,1.0,1208.0059255411782,-11134.60912604714,-1208.0059255411782,9926.603200505962,1290.4458920598631
sm,short,1789632000,0.85,0.15518683822527846,56.643195952226634,76923.82347516104,66070.9457691555,0.4034266200652782,-0.15023953411393917,0.03671052470704204,1.0,0.949999988079071,1.0,False,76358.48615773817,1.0,1021.8607746216848,-10948.463975127646,-1021.8607746216848,9926.603200505962,1290.4458920598631
sm,short,1789632000,0.875,0.15518683822527846,56.643195952226634,76923.82347516104,64557.30870500818,0.4164459646006257,-0.17335055195818605,0.03671052470704204,1.0,0.949999988079071,1.0,False,76358.48615773817,1.0,842.420409949208,-10769.02361045517,-842.420409949208,9926.603200505962,1290.4458920598631
sm,short,1789632000,0.9,0.15518683822527846,56.643195952226634,76923.82347516104,62716.795479594955,0.43330532374124964,-0.2022500724035117,0.03671052470704204,1.0,0.949999988079071,1.0,False,76358.48615773817,1.0,668.7137271460332,-10595.316927651995,-668.7137271460332,9926.603200505962,1290.4458920598631
sm,short,1789632000,0.9249999999999999,0.15518683822527846,56.643195952226634,76923.82347516104,60359.650669711606,0.4560770068555902,-0.24058294359903423,0.03671052470704204,1.0,0.949999988079071,1.0,False,76358.48615773817,1.0,499.60182463945904,-10426.205025145422,-499.60182463945904,9926.603200505962,1290.4458920598631
sm,short,1789632000,0.95,0.15518683822527846,56.643195952226634,76923.82347516104,57075.25334825398,0.4892482715232772,-0.29661306903665113,0.03671052470704204,1.0,0.949999988079071,1.0,False,76358.48615773817,1.0,333.66218294074054,-10260.265383446704,-333.66218294074054,9926.603200505962,1290.4458920598631
sm,short,1789632000,0.05,0.21169587911100132,77.26899587551549,77134.4257460737,108474.1822471232,0.4252385340568865,0.33906451546280864,0.03705151604109814,1.0,0.949999988079071,1.0,True,76358.48615773817,1.0,293.6839211825345,-10220.287121688496,-293.6839211825345,9926.60320050596,1286.922551700107
sm,short,1789632000,0.075,0.21169587911100132,77.26899587551549,77134.4257460737,102967.80343262333,0.4093545072274318,0.2873704843539259,0.03705151604109814,1.0,0.949999988079071,1.0,True,76358.48615773817,1.0,453.8762023705181,-10380.47940287648,-453.8762023705181,9926.603200505962,1286.9225517001075
sm,short,1789632000,0.1,0.21169587911100132,77.26899587551549,77134.4257460737,99218.16819454952,0.3984823895328648,0.2505537513512744,0.03705151604109814,1.0,0.949999988079071,1.0,True,76358.48615773817,1.0,621.8453181493796,-10548.448518655343,-621.8453181493796,9926.603200505964,1286.9225517001078
sm,short,1789632000,0.125,0.21169587911100132,77.26899587551549,77134.4257460737,96380.70556322465,0.39038805252082326,0.22174753057383362,0.03705151604109814,1.0,0.949999988079071,1.0,True,76358.48615773817,1.0,797.4938519661166,-10724.09705247208,-797.4938519661166,9926.603200505962,1286.9225517001075
sm,short,1789632000,0.15,0.21169587911100132,77.26899587551549,77134.4257460737,94095.94857409855,0.384072240862038,0.19792062670855648,0.03705151604109814,1.0,0.949999988079071,1.0,True,76358.48615773817,1.0,980.8993898839361,-10907.502590389899,-980.8993898839361,9926.603200505962,1286.9225517001075
sm,short,1789632000,0.175,0.21169587911100132,77.26899587551549,77134.4257460737,92178.59135344853,0.3790017754557585,0.17746653747722907,0.03705151604109814,1.0,0.949999988079071,1.0,True,76358.48615773817,1.0,1172.251361850007,-11098.85456235597,-1172.251361850007,9926.603200505962,1286.9225517001075
sm,short,1789632000,0.2,0.21169587911100132,77.26899587551549,77134.4257460737,90520.96802674611,0.37485942920343684,0.159430312353414,0.03705151604109814,1.0,0.949999988079071,1.0,True,76358.48615773817,1.0,1371.8247224594136,-11298.427922965377,-1371.8247224594136,9926.603200505962,1286.9225517001075
sm,short,1789632000,0.22499999999999998,0.21169587911100132,77.26899587551549,77134.4257460737,89055.11290150225,0.37144206058297946,0.14319701855660197,0.03705151604109814,1.0,0.949999988079071,1.0,True,76358.48615773817,1.0,1579.9686760073384,-11506.5718765133,-1579.9686760073384,9926.603200505962,1286.9225517001075
sm,short,1789632000,0.25,0.21169587911100132,77.26899587551549,77134.4257460737,87735.39657858771,0.3686126582406195,0.12834624094512606,0.03705151604109814,1.0,0.949999988079071,1.0,True,76358.48615773817,1.0,1797.102965267292,-11723.706165773254,-1797.102965267292,9926.603200505962,1286.9225517001075
sm,short,1789632000,0.27499999999999997,0.21169587911100132,77.26899587551549,77134.4257460737,86529.67471509801,0.36627533596046463,0.11457661526791496,0.03705151604109814,1.0,0.949999988079071,1.0,True,76358.48615773817,1.0,2023.718706492967,-11950.32190699893,-2023.718706492967,9926.603200505962,1286.9225517001075
sm,short,1789632000,0.3,0.21169587911100132,77.26899587551549,77134.4257460737,85414.39515892102,0.3643612674417443,0.10166346161851811,0.03705151604109814,1.0,0.949999988079071,1.0,True,76358.48615773817,1.0,2260.382472345064,-12186.985672851026,-2260.382472345064,9926.603200505962,1286.9225517001075
sm,short,1789632000,0.32499999999999996,0.21169587911100132,77.26899587551549,77134.4257460737,84371.7152993839,0.3628203046636635,0.08943346297357398,0.03705151604109814,1.0,0.949999988079071,1.0,True,76358.48615773817,1.0,2507.7431072679537,-12434.346307773916,-2507.7431072679537,9926.603200505962,1286.9225517001075
sm,short,1789632000,0.35,0.21169587911100132,77.26899587551549,77134.4257460737,83387.71312164437,0.3616157592170058,0.0777487276504925,0.03705151604109814,1.0,0.949999988079071,1.0,True,76358.48615773817,1.0,2766.541181543848,-12693.14438204981,-2766.541181543848,9926.603200505962,1286.9225517001075
sm,short,1789632000,0.37499999999999994,0.21169587911100132,77.26899587551549,77134.4257460737,82451.22703247129,0.3607210481810217,0.0664962985847536,0.03705151604109814,1.0,0.949999988079071,1.0,True,76358.48615773817,1.0,3037.6212672542547,-12964.224467760218,-3037.6212672542547,9926.603200505962,1286.9225517001075
sm,short,1789632000,0.39999999999999997,0.21169587911100132,77.26899587551549,77134.4257460737,81553.0735876249,0.3601174968186392,0.055580958413476426,0.03705151604109814,1.0,0.949999988079071,1.0,True,76358.48615773817,1.0,3321.947447007882,-13248.550647513845,-3321.947447007882,9926.603200505962,1286.9225517001075
sm,short,1789632000,0.42499999999999993,0.21169587911100132,77.26899587551549,77134.4257460737,80685.50049506068,0.35979289519626245,0.044920091458939826,0.03705151604109814,1.0,0.949999988079071,1.0,True,76358.48615773817,1.0,3620.6226957776807,-13547.225896283642,-3620.6226957776807,9926.60320050596,1286.922551700107
sm,short,1789632000,0.44999999999999996,0.21169587911100132,77.26899587551549,77134.4257460737,79841.78997590776,0.3597405725171344,0.03443985355082257,0.03705151604109814,1.0,0.949999988079071,1.0,True,76358.48615773817,1.0,3934.913043857173,-13861.516244363134,-3934.913043857173,9926.60320050596,1286.922551700107
sm,short,1789632000,0.475,0.21169587911100132,77.26899587551549,77134.4257460737,79015.95967004861,0.3599588493529778,0.024072173914421933,0.03705151604109814,1.0,0.949999988079071,1.0,True,76358.48615773817,1.0,4266.277769872863,-14192.880970378825,-4266.277769872863,9926.60320050596,1286.922551700107
sm,short,1789632000,0.49999999999999994,0.21169587911100132,77.26899587551549,77134.4257460737,78202.5267066019,0.36045078731603997,0.013752269209846539,0.03705151604109814,1.0,0.949999988079071,1.0,True,76358.48615773817,1.0,4616.407329758703,-14543.010530264666,-4616.407329758703,9926.603200505964,1286.9225517001078
sm,short,1789632000,0.525,0.21169587911100132,77.26899587551549,77134.4257460737,77396.31130927458,0.36122419540582035,0.003416438033184946,0.03705151604109814,1.0,0.949999988079071,1.0,True,76358.48615773817,1.0,4987.2713600609,-15403.219132185215,-4987.2713600609,10415.947772124315,1350.3630410646451
sm,short,1789632000,0.5499999999999999,0.21169587911100132,77.26899587551549,77134.4257460737,76592.26247716995,0.3622918821271648,-0.007000049773987253,0.03705151604109814,1.0,0.949999988079071,1.0,False,76358.48615773817,1.0,4839.01672128633,-16292.789644947054,-4839.01672128633,11453.772923660723,1484.9106365770465
sm,short,1789632000,0.575,0.21169587911100132,77.26899587551549,77134.4257460737,75785.29148979543,0.363672168821331,-0.017565138412409642,0.03705151604109814,1.0,0.949999988079071,1.0,False,76358.48615773817,1.0,4451.7287382705335,-15332.306993988524,-4451.7287382705335,10880.578255717992,1410.599502164808
sm,short,1789632000,0.6,0.21169587911100132,77.26899587551549,77134.4257460737,74970.10000984369,0.36538970745176713,-0.028352424533097557,0.03705151604109814,1.0,0.949999988079071,1.0,False,76358.48615773817,1.0,4085.247492071672,-14150.634267837922,-4085.247492071672,10065.38677576625,1304.914981658316
sm,short,1789632000,0.625,0.21169587911100132,77.26899587551549,77134.4257460737,74140.98862834908,0.36747668047721715,-0.039444063566015736,0.03705151604109814,1.0,0.949999988079071,1.0,False,76358.48615773817,1.0,3737.786555250335,-13664.389755756298,-3737.786555250335,9926.603200505962,1286.9225517001075
sm,short,1789632000,0.65,0.21169587911100132,77.26899587551549,77134.4257460737,73291.6285719679,0.3699745082256797,-0.05093443076359438,0.03705151604109814,1.0,0.949999988079071,1.0,False,76358.48615773817,1.0,3407.7746877598943,-13334.377888265857,-3407.7746877598943,9926.603200505962,1286.9225517001075
sm,short,1789632000,0.675,0.21169587911100132,77.26899587551549,77134.4257460737,72414.77316352005,0.3729362609666231,-0.06293494986734917,0.03705151604109814,1.0,0.949999988079071,1.0,False,76358.48615773817,1.0,3093.819899932331,-13020.423100438293,-3093.819899932331,9926.603200505962,1286.9225517001075
sm,short,1789632000,0.7,0.21169587911100132,77.26899587551549,77134.4257460737,71501.87480212607,0.37643008690836777,-0.07558071804942086,0.03705151604109814,1.0,0.949999988079071,1.0,False,76358.48615773817,1.0,2794.679445131465,-12721.282645637428,-2794.679445131465,9926.603200505962,1286.9225517001075
sm,short,1789632000,0.725,0.21169587911100132,77.26899587551549,77134.4257460737,70542.55440494734,0.3805441570485689,-0.0890399293681393,0.03705151604109814,1.0,0.949999988079071,1.0,False,76358.48615773817,1.0,2509.234146323411,-12435.837346829374,-2509.234146323411,9926.603200505962,1286.9225517001075
sm,short,1789632000,0.75,0.21169587911100132,77.26899587551549,77134.4257460737,69523.83692017799,0.3853939578111335,-0.10352776540618246,0.03705151604109814,1.0,0.949999988079071,1.0,False,76358.48615773817,1.0,2236.4657064562775,-12163.06890696224,-2236.4657064562775,9926.603200505962,1286.9225517001075
sm,short,1789632000,0.775,0.21169587911100132,77.26899587551549,77134.4257460737,68429.00535127337,0.39113336470654,-0.11932766081798803,0.03705151604109814,1.0,0.949999988079071,1.0,False,76358.48615773817,1.0,1975.435758621845,-11902.038959127807,-1975.435758621845,9926.603200505962,1286.9225517001075
sm,short,1789632000,0.7999999999999999,0.21169587911100132,77.26899587551549,77134.4257460737,67235.80788833402,0.39797209136104633,-0.13682527783596257,0.03705151604109814,1.0,0.949999988079071,1.0,False,76358.48615773817,1.0,1725.2653696226396,-11651.868570128601,-1725.2653696226396,9926.603200505962,1286.9225517001075
sm,short,1789632000,0.825,0.21169587911100132,77.26899587551549,77134.4257460737,65913.5114060894,0.40620449599267167,-0.15656558668617143,0.03705151604109814,1.0,0.949999988079071,1.0,False,76358.48615773817,1.0,1485.1134670623928,-11411.716667568355,-1485.1134670623928,9926.603200505962,1286.9225517001075
sm,short,1789632000,0.85,0.21169587911100132,77.26899587551549,77134.4257460737,64417.76130179067,0.4162600379483098,-0.17935487469918412,0.03705151604109814,1.0,0.949999988079071,1.0,False,76358.48615773817,1.0,1254.1520701931454,-11180.755270699108,-1254.1520701931454,9926.603200505962,1286.9225517001075
sm,short,1789632000,0.875,0.21169587911100132,77.26899587551549,77134.4257460737,62680.910462969165,0.42879870351819155,-0.20645797020039505,0.03705151604109814,1.0,0.949999988079071,1.0,False,76358.48615773817,1.0,1031.5348841315697,-10958.138084637532,-1031.5348841315697,9926.603200505962,1286.9225517001075
sm,short,1789632000,0.9,0.21169587911100132,77.26899587551549,77134.4257460737,60591.90387818704,0.4449110100066262,-0.24002163553856048,0.03705151604109814,1.0,0.949999988079071,1.0,False,76358.48615773817,1.0,816.3526626088516,-10742.955863114814,-816.3526626088516,9926.603200505962,1286.9225517001075
sm,short,1789632000,0.9249999999999999,0.21169587911100132,77.26899587551549,77134.4257460737,57948.0952071589,0.4666025958494052,-0.28412814864327246,0.03705151604109814,1.0,0.949999988079071,1.0,False,76358.48615773817,1.0,607.5601137228467,-10534.163314228808,-607.5601137228467,9926.603200505962,1286.9225517001075
sm,short,1789632000,0.95,0.21169587911100132,77.26899587551549,77134.4257460737,54311.76939194812,0.49826256675359554,-0.34809031475462315,0.03705151604109814,1.0,0.949999988079071,1.0,False,76358.48615773817,1.0,403.8301031910053,-10330.433303696967,-403.8301031910053,9926.603200505962,1286.9225517001075
sm,short,1789632000,0.05,0.28878186929437494,105.40538229244686,77436.79708111743,118748.34251706942,0.45053446396808833,0.4273922630746938,0.037361892129074814,1.0,0.949999988079071,1.0,True,76358.48615773817,1.0,358.955186771597,-10285.558387277559,-358.955186771597,9926.603200505962,1281.8974408390807
sm,short,1789632000,0.075,0.28878186929437494,105.40538229244686,77436.79708111743,111052.4526774217,0.4313392564358058,0.36042006021941725,0.037361892129074814,1.0,0.949999988079071,1.0,True,76358.48615773817,1.0,551.8013965387166,-10478.404597044679,-551.8013965387166,9926.603200505962,1281.8974408390807
sm,short,1789632000,0.1,0.28878186929437494,105.40538229244686,77436.79708111743,105895.07895123512,0.4178610391648583,0.312885930433057,0.037361892129074814,1.0,0.949999988079071,1.0,True,76358.48615773817,1.0,752.4547816161056,-10679.057982122067,-752.4547816161056,9926.603200505962,1281.8974408390807
sm,short,1789632000,0.125,0.28878186929437494,105.40538229244686,77436.79708111743,102045.35808505994,0.4075952382992072,0.2758685169026951,0.037361892129074814,1.0,0.949999988079071,1.0,True,76358.48615773817,1.0,960.8917904224625,-10887.494990928424,-960.8917904224625,9926.603200505962,1281.8974408390807
sm,short,1789632000,0.15,0.28878186929437494,105.40538229244686,77436.79708111743,98983.53146795165,0.3994105355783867,0.24541532541694733,0.037361892129074814,1.0,0.949999988079071,1.0,True,76358.48615773817,1.0,1177.2697678271668,-11103.87296833313,-1177.2697678271668,9926.603200505962,1281.8974408390807
sm,short,1789632000,0.175,0.28878186929437494,105.40538229244686,77436.79708111743,96443.28462641961,0.3926982043812566,0.21942566601163518,0.037361892129074814,1.0,0.949999988079071,1.0,True,76358.48615773817,1.0,1401.862825280387,-11328.466025786349,-1401.862825280387,9926.603200505962,1281.8974408390807
sm,short,1789632000,0.2,0.28878186929437494,105.40538229244686,77436.79708111743,94270.66956628775,0.3870934188844753,0.19664806281141065,0.037361892129074814,1.0,0.949999988079071,1.0,True,76358.48615773817,1.0,1635.0364029534348,-11561.639603459396,-1635.0364029534348,9926.60320050596,1281.8974408390802
sm,short,1789632000,0.22499999999999998,0.28878186929437494,105.40538229244686,77436.79708111743,92368.94329101514,0.38236107276249354,0.17627526677730046,0.037361892129074814,1.0,0.949999988079071,1.0,True,76358.48615773817,1.0,1877.2374564606075,-11803.84065696657,-1877.2374564606075,9926.603200505962,1281.8974408390807
sm,short,1789632000,0.25,0.28878186929437494,105.40538229244686,77436.79708111743,90673.4306205106,0.3783417403212443,0.15775470512136802,0.037361892129074814,1.0,0.949999988079071,1.0,True,76358.48615773817,1.0,2128.9925170742167,-12055.59571758018,-2128.9925170742167,9926.603200505962,1281.8974408390807
sm,short,1789632000,0.27499999999999997,0.28878186929437494,105.40538229244686,77436.79708111743,89138.757515873,0.3749233658315302,0.14068998075676406,0.037361892129074814,1.0,0.949999988079071,1.0,True,76358.48615773817,1.0,2390.910577407622,-12317.513777913584,-2390.910577407622,9926.603200505962,1281.8974408390807
sm,short,1789632000,0.3,0.28878186929437494,105.40538229244686,77436.79708111743,87731.8166732987,0.37202527308475314,0.12478548025226195,0.037361892129074814,1.0,0.949999988079071,1.0,True,76358.48615773817,1.0,2663.689550037571,-12590.292750543533,-2663.689550037571,9926.603200505962,1281.8974408390807
sm,short,1789632000,0.32499999999999996,0.28878186929437494,105.40538229244686,77436.79708111743,86427.6354489834,0.36958860435323554,0.1098132154620662,0.037361892129074814,1.0,0.949999988079071,1.0,True,76358.48615773817,1.0,2948.1258649450133,-12874.729065450976,-2948.1258649450133,9926.603200505962,1281.8974408390807
sm,short,1789632000,0.35,0.28878186929437494,105.40538229244686,77436.79708111743,85206.81873388148,0.3675703537527781,0.0955919227379511,0.037361892129074814,1.0,0.949999988079071,1.0,True,76358.48615773817,1.0,3245.12722063074,-13171.730421136703,-3245.12722063074,9926.603200505962,1281.8974408390807
sm,short,1789632000,0.37499999999999994,0.28878186929437494,105.40538229244686,77436.79708111743,84053.89522282212,0.3659395300791151,0.08197328565184273,0.037361892129074814,1.0,0.949999988079071,1.0,True,76358.48615773817,1.0,3555.7288105763,-13482.332011082262,-3555.7288105763,9926.603200505962,1281.8974408390807
sm,short,1789632000,0.39999999999999997,0.28878186929437494,105.40538229244686,77436.79708111743,82956.20561852102,0.36467464865982935,0.06883247230692323,0.037361892129074814,1.0,0.949999988079071,1.0,True,76358.48615773817,1.0,3881.1136119771622,-13807.716812483124,-3881.1136119771622,9926.603200505962,1281.8974408390807
sm,short,1789632000,0.42499999999999993,0.28878186929437494,105.40538229244686,77436.79708111743,81903.12776875698,0.36376209592855646,0.056061366986077006,0.037361892129074814,1.0,0.949999988079071,1.0,True,76358.48615773817,1.0,4222.6376028465675,-14149.24080335253,-4222.6376028465675,9926.603200505962,1281.8974408390807
sm,short,1789632000,0.44999999999999996,0.28878186929437494,105.40538229244686,77436.79708111743,80885.51699146138,0.3631950994249387,0.04356351478204661,0.037361892129074814,1.0,0.949999988079071,1.0,True,76358.48615773817,1.0,4581.861107920906,-14508.464308426868,-4581.861107920906,9926.603200505962,1281.8974408390807
sm,short,1789632000,0.475,0.28878186929437494,105.40538229244686,77436.79708111743,79895.28609931775,0.3629731458468505,0.03125015441455324,0.037361892129074814,1.0,0.949999988079071,1.0,True,76358.48615773817,1.0,4960.587904990847,-14887.19110549681,-4960.587904990847,9926.603200505962,1281.8974408390807
sm,short,1789632000,0.49999999999999994,0.28878186929437494,105.40538229244686,77436.79708111743,78925.0761862308,0.3631017580393915,0.019036917635939555,0.037361892129074814,1.0,0.949999988079071,1.0,True,76358.48615773817,1.0,5360.914303527326,-15287.517504033289,-5360.914303527326,9926.603200505962,1281.8974408390807
sm,short,1789632000,0.525,0.28878186929437494,105.40538229244686,77436.79708111743,77967.98475259783,0.36359258803505023,0.006840888261512223,0.037361892129074814,1.0,0.949999988079071,1.0,True,76358.48615773817,1.0,5785.29120989549,-15711.894410401452,-5785.29120989549,9926.60320050596,1281.8974408390802
sm,short,1789632000,0.5499999999999999,0.28878186929437494,105.40538229244686,77436.79708111743,77017.32672451051,0.3644638186610511,-0.0054222270049376475,0.037361892129074814,1.0,0.949999988079071,1.0,False,76358.48615773817,1.0,5817.1329699612925,-17270.905893622017,-5817.1329699612925,11453.772923660725,1479.1124317374006
sm,short,1789632000,0.575,0.28878186929437494,105.40538229244686,77436.79708111743,76066.40872252022,0.3657408980793232,-0.017841044127637352,0.037361892129074814,1.0,0.949999988079071,1.0,False,76358.48615773817,1.0,5347.882904631316,-16509.578393074098,-5347.882904631316,11161.695488442783,1441.394260760884
sm,short,1789632000,0.6,0.28878186929437494,105.40538229244686,77436.79708111743,75108.29872716841,0.3674576657495936,-0.030511806161809006,0.037361892129074814,1.0,0.949999988079071,1.0,False,76358.48615773817,1.0,4905.886374509167,-15109.471867600136,-4905.886374509167,10203.58549309097,1317.666261738899
sm,short,1789632000,0.625,0.28878186929437494,105.40538229244686,77436.79708111743,74135.57248142552,0.36965797081332724,-0.043542340025906026,0.037361892129074814,1.0,0.949999988079071,1.0,False,76358.48615773817,1.0,4488.653947840339,-14415.257148346302,-4488.653947840339,9926.603200505962,1281.8974408390807
sm,short,1789632000,0.65,0.28878186929437494,105.40538229244686,77436.79708111743,73140.0143569063,0.37239794292301326,-0.057057058579017925,0.037361892129074814,1.0,0.949999988079071,1.0,False,76358.48615773817,1.0,4093.9859983978417,-14020.589198903805,-4093.9859983978417,9926.603200505962,1281.8974408390807
sm,short,1789632000,0.675,0.28878186929437494,105.40538229244686,77436.79708111743,72112.24308334076,0.3757491637865247,-0.07120357392833561,0.037361892129074814,1.0,0.949999988079071,1.0,False,76358.48615773817,1.0,3719.920331406309,-13646.523531912271,-3719.920331406309,9926.603200505962,1281.8974408390807
sm,short,1789632000,0.7,0.28878186929437494,105.40538229244686,77436.79708111743,71041.2197378738,0.37980312692202517,-0.08616178235963808,0.037361892129074814,1.0,0.949999988079071,1.0,False,76358.48615773817,1.0,3364.687532370072,-13291.290732876034,-3364.687532370072,9926.603200505962,1281.8974408390807
sm,short,1789632000,0.725,0.28878186929437494,105.40538229244686,77436.79708111743,69913.5728714378,0.3846776030589381,-0.10215678912101735,0.037361892129074814,1.0,0.949999988079071,1.0,False,76358.48615773817,1.0,3026.671584705005,-12953.274785210968,-3026.671584705005,9926.603200505962,1281.8974408390807
sm,short,1789632000,0.75,0.28878186929437494,105.40538229244686,77436.79708111743,68712.63607614602,0.3905259258681393,-0.11947794375925148,0.037361892129074814,1.0,0.949999988079071,1.0,False,76358.48615773817,1.0,2704.3735784904798,-12630.976778996443,-2704.3735784904798,9926.603200505962,1281.8974408390807
sm,short,1789632000,0.775,0.28878186929437494,105.40538229244686,77436.79708111743,67417.02132872761,0.3975509333085734,-0.13850792851010912,0.037361892129074814,1.0,0.949999988079071,1.0,False,76358.48615773817,1.0,2396.3763827875814,-12322.979583293543,-2396.3763827875814,9926.603200505962,1281.8974408390807
sm,short,1789632000,0.7999999999999999,0.28878186929437494,105.40538229244686,77436.79708111743,65998.4141131264,0.40602668198318886,-0.1597691047317001,0.037361892129074814,1.0,0.949999988079071,1.0,False,76358.48615773817,1.0,2101.307951909753,-12027.911152415716,-2101.307951909753,9926.603200505964,1281.897440839081
sm,short,1789632000,0.825,0.28878186929437494,105.40538229244686,77436.79708111743,64417.99776761653,0.41633388272838395,-0.18400110882458803,0.037361892129074814,1.0,0.949999988079071,1.0,False,76358.48615773817,1.0,1817.8003825767735,-11744.403583082736,-1817.8003825767735,9926.603200505962,1281.8974408390807
sm,short,1789632000,0.85,0.28878186929437494,105.40538229244686,77436.79708111743,62620.3048114126,0.42902128265591355,-0.2122989629453646,0.037361892129074814,1.0,0.949999988079071,1.0,False,76358.48615773817,1.0,1544.4406754720842,-11471.043875978046,-1544.4406754720842,9926.603200505962,1281.8974408390807
sm,short,1789632000,0.875,0.28878186929437494,105.40538229244686,77436.79708111743,60521.82418426037,0.44492058045117633,-0.24637892806550685,0.037361892129074814,1.0,0.949999988079071,1.0,False,76358.48615773817,1.0,1279.7067014828408,-11206.309901988803,-1279.7067014828408,9926.603200505962,1281.8974408390807
sm,short,1789632000,0.9,0.28878186929437494,105.40538229244686,77436.79708111743,57987.68480742121,0.46538517021906145,-0.28914671151726,0.037361892129074814,1.0,0.949999988079071,1.0,False,76358.48615773817,1.0,1021.876160990713,-10948.479361496675,-1021.876160990713,9926.603200505962,1281.8974408390807
sm,short,1789632000,0.9249999999999999,0.28878186929437494,105.40538229244686,77436.79708111743,54776.76056252761,0.4928643984784972,-0.3461055411957887,0.037361892129074814,1.0,0.949999988079071,1.0,False,76358.48615773817,1.0,768.8807763325833,-10695.483976838546,-768.8807763325833,9926.603200505962,1281.8974408390807
sm,short,1789632000,0.95,0.28878186929437494,105.40538229244686,77436.79708111743,50381.36230982706,0.5326330284863532,-0.42974343399079645,0.037361892129074814,1.0,0.949999988079071,1.0,False,76358.48615773817,1.0,518.0254445893613,-10444.628645095323,-518.0254445893613,9926.603200505962,1281.8974408390807
sm,short,1789632000,0.05,0.3939376070208052,143.7872265625939,77851.1482971451,130808.66886044834,0.46194578456093105,0.5122519549229474,0.03761263176144844,1.0,0.949999988079071,1.0,True,76358.48615773817,1.0,425.08746423617623,-10351.690664742138,-425.08746423617623,9926.603200505962,1275.0747314115063
sm,short,1789632000,0.075,0.3939376070208052,143.7872265625939,77851.1482971451,120372.69946386304,0.44010659719974726,0.43047467565136116,0.03761263176144844,1.0,0.949999988079071,1.0,True,76358.48615773817,1.0,650.4344913050659,-10577.037691811029,-650.4344913050659,9926.603200505962,1275.0747314115063
sm,short,1789632000,0.1,0.3939376070208052,143.7872265625939,77851.1482971451,113574.63607879472,0.42523830059968204,0.37320183549791563,0.03761263176144844,1.0,0.949999988079071,1.0,True,76358.48615773817,1.0,884.6617531349209,-10811.264953640883,-884.6617531349209,9926.603200505962,1275.0747314115063
sm,short,1789632000,0.125,0.3939376070208052,143.7872265625939,77851.1482971451,108599.4136481453,0.4142207190151921,0.3290208154843444,0.03761263176144844,1.0,0.949999988079071,1.0,True,76358.48615773817,1.0,1128.0688388090452,-11054.672039315008,-1128.0688388090452,9926.603200505962,1275.0747314115063
sm,short,1789632000,0.15,0.3939376070208052,143.7872265625939,77851.1482971451,104699.50772059898,0.40565505787515227,0.29292244548634483,0.03761263176144844,1.0,0.949999988079071,1.0,True,76358.48615773817,1.0,1381.0192457201924,-11307.622446226154,-1381.0192457201924,9926.603200505962,1275.0747314115063
sm,short,1789632000,0.175,0.3939376070208052,143.7872265625939,77851.1482971451,101499.37709473257,0.3987943402182147,0.26226687176230146,0.03761263176144844,1.0,0.949999988079071,1.0,True,76358.48615773817,1.0,1643.93894080333,-11570.542141309292,-1643.93894080333,9926.603200505962,1275.0747314115063
sm,short,1789632000,0.2,0.3939376070208052,143.7872265625939,77851.1482971451,98785.49250075562,0.39319407872182993,0.2354937025554105,0.03761263176144844,1.0,0.949999988079071,1.0,True,76358.48615773817,1.0,1917.3175905482833,-11843.920791054246,-1917.3175905482833,9926.603200505962,1275.0747314115063
sm,short,1789632000,0.22499999999999998,0.3939376070208052,143.7872265625939,77851.1482971451,96425.58607413781,0.3885696377891267,0.2116038052051585,0.03761263176144844,1.0,0.949999988079071,1.0,True,76358.48615773817,1.0,2201.712040798775,-12128.315241304737,-2201.712040798775,9926.603200505962,1275.0747314115063
sm,short,1789632000,0.25,0.3939376070208052,143.7872265625939,77851.1482971451,94332.36380278357,0.3847289658812196,0.18991800697777417,0.03761263176144844,1.0,0.949999988079071,1.0,True,76358.48615773817,1.0,2497.7517624141315,-12424.354962920093,-2497.7517624141315,9926.603200505962,1275.0747314115063
sm,short,1789632000,0.27499999999999997,0.3939376070208052,143.7872265625939,77851.1482971451,92445.30004770891,0.38153747719525544,0.16995232197918764,0.03761263176144844,1.0,0.949999988079071,1.0,True,76358.48615773817,1.0,2806.146196223839,-12732.749396729801,-2806.146196223839,9926.603200505962,1275.0747314115063
sm,short,1789632000,0.3,0.3939376070208052,143.7872265625939,77851.1482971451,90720.71637219004,0.3788982776967006,0.1513481247784701,0.03761263176144844,1.0,0.949999988079071,1.0,True,76358.48615773817,1.0,3127.694096893117,-13054.29729739908,-3127.694096893117,9926.603200505962,1275.0747314115063
sm,short,1789632000,0.32499999999999996,0.3939376070208052,143.7872265625939,77851.1482971451,89126.01281611565,0.3767403678155741,0.1338305549207035,0.03761263176144844,1.0,0.949999988079071,1.0,True,76358.48615773817,1.0,3463.295112572409,-13389.89831307837,-3463.295112572409,9926.603200505962,1275.0747314115063
sm,short,1789632000,0.35,0.3939376070208052,143.7872265625939,77851.1482971451,87636.13233476358,0.3750112833500602,0.11718243011070383,0.03761263176144844,1.0,0.949999988079071,1.0,True,76358.48615773817,1.0,3813.963969860574,-13740.567170366536,-3813.963969860574,9926.603200505962,1275.0747314115063
sm,short,1789632000,0.37499999999999994,0.3939376070208052,143.7872265625939,77851.1482971451,86231.29603473465,0.3736723492817144,0.10122714406381009,0.03761263176144844,1.0,0.949999988079071,1.0,True,76358.48615773817,1.0,4180.847780302568,-14107.450980808531,-4180.847780302568,9926.603200505964,1275.0747314115063
sm,short,1789632000,0.39999999999999997,0.3939376070208052,143.7872265625939,77851.1482971451,84895.49557666984,0.37269554989141457,0.08581699299113946,0.03761263176144844,1.0,0.949999988079071,1.0,True,76358.48615773817,1.0,4565.247162036766,-14491.85036254273,-4565.247162036766,9926.603200505964,1275.0747314115063
sm,short,1789632000,0.42499999999999993,0.3939376070208052,143.7872265625939,77851.1482971451,83615.45384976476,0.37206144625293186,0.07082488815705616,0.03761263176144844,1.0,0.949999988079071,1.0,True,76358.48615773817,1.0,4968.642096634268,-14895.24529714023,-4968.642096634268,9926.603200505964,1275.0747314115063
sm,short,1789632000,0.44999999999999996,0.3939376070208052,143.7872265625939,77851.1482971451,82379.8838436804,0.37175780573761613,0.05613822387419147,0.03761263176144844,1.0,0.949999988079071,1.0,True,76358.48615773817,1.0,5392.723739978243,-15319.326940484207,-5392.723739978243,9926.603200505964,1275.0747314115063
sm,short,1789632000,0.475,0.3939376070208052,143.7872265625939,77851.1482971451,81178.94132887288,0.3717787426875122,0.04165412319477633,0.03761263176144844,1.0,0.949999988079071,1.0,True,76358.48615773817,1.0,5839.433809458225,-15766.037009964188,-5839.433809458225,9926.603200505962,1275.0747314115063
sm,short,1789632000,0.49999999999999994,0.3939376070208052,143.7872265625939,77851.1482971451,80003.80456818594,0.3721242514622023,0.02727554235028402,0.03761263176144844,1.0,0.949999988079071,1.0,True,76358.48615773817,1.0,6311.013724384109,-16237.616924890071,-6311.013724384109,9926.603200505962,1275.0747314115063
sm,short,1789632000,0.525,0.3939376070208052,143.7872265625939,77851.1482971451,78846.33632899025,0.37280006686438205,0.01290786258678634,0.03761263176144844,1.0,0.949999988079071,1.0,True,76358.48615773817,1.0,6810.066451593353,-16736.669652099314,-6810.066451593353,9926.60320050596,1275.0747314115058
sm,short,1789632000,0.5499999999999999,0.3939376070208052,143.7872265625939,77851.1482971451,77698.7964320712,0.3738178260495469,-0.0015443230283082438,0.03761263176144844,1.0,0.949999988079071,1.0,False,76358.48615773817,1.0,7187.283243934797,-18641.05616759552,-7187.283243934797,11453.772923660725,1471.240074705584
sm,short,1789632000,0.575,0.3939376070208052,143.7872265625939,77851.1482971451,76553.58038988599,0.3751955388688829,-0.016180488904977898,0.03761263176144844,1.0,0.949999988079071,1.0,False,76358.48615773817,1.0,6605.7360626609125,-18059.508986321638,-6605.7360626609125,11453.772923660727,1471.240074705584
sm,short,1789632000,0.6,0.3939376070208052,143.7872265625939,77851.1482971451,75402.96311996836,0.3769584064822575,-0.031107791451313864,0.03761263176144844,1.0,0.949999988079071,1.0,False,76358.48615773817,1.0,6057.144672462973,-16555.394558353895,-6057.144672462973,10498.249885890922,1348.5028950145756
sm,short,1789632000,0.625,0.3939376070208052,143.7872265625939,77851.1482971451,74238.82702567053,0.3791400670993256,-0.04644533687652674,0.03761263176144844,1.0,0.949999988079071,1.0,False,76358.48615773817,1.0,5538.494094561279,-15465.09729506724,-5538.494094561279,9926.60320050596,1275.0747314115058
sm,short,1789632000,0.65,0.3939376070208052,143.7872265625939,77851.1482971451,73052.35091506512,0.38178440051956436,-0.06232952184950276,0.03761263176144844,1.0,0.949999988079071,1.0,False,76358.48615773817,1.0,5047.143568709631,-14973.746769215593,-5047.143568709631,9926.603200505962,1275.0747314115063
sm,short,1789632000,0.675,0.3939376070208052,143.7872265625939,77851.1482971451,71833.62949779458,0.38494810137471125,-0.07892104672791778,0.03761263176144844,1.0,0.949999988079071,1.0,False,76358.48615773817,1.0,4580.762160358124,-14507.365360864085,-4580.762160358124,9926.60320050596,1275.0747314115058
sm,short,1789632000,0.7,0.3939376070208052,143.7872265625939,77851.1482971451,70571.18067348344,0.3887043543742322,-0.09641451059151994,0.03761263176144844,1.0,0.949999988079071,1.0,False,76358.48615773817,1.0,4137.275314493224,-14063.878514999185,-4137.275314493224,9926.60320050596,1275.0747314115058
sm,short,1789632000,0.725,0.3939376070208052,143.7872265625939,77851.1482971451,69251.27570230511,0.39314814940320636,-0.11505203392840871,0.03761263176144844,1.0,0.949999988079071,1.0,False,76358.48615773817,1.0,3714.819410854301,-13641.422611360264,-3714.819410854301,9926.603200505962,1275.0747314115063
sm,short,1789632000,0.75,0.3939376070208052,143.7872265625939,77851.1482971451,67856.9880935052,0.39840412942566966,-0.1351433119599746,0.03761263176144844,1.0,0.949999988079071,1.0,False,76358.48615773817,1.0,3311.7018576707087,-13238.305058176671,-3311.7018576707087,9926.603200505962,1275.0747314115063
sm,short,1789632000,0.775,0.3939376070208052,143.7872265625939,77851.1482971451,66366.78527259524,0.4046385113029559,-0.15709627990856176,0.03761263176144844,1.0,0.949999988079071,1.0,False,76358.48615773817,1.0,2926.3644819198094,-12852.967682425771,-2926.3644819198094,9926.603200505962,1275.0747314115063
sm,short,1789632000,0.7999999999999999,0.3939376070208052,143.7872265625939,77851.1482971451,64752.34970170145,0.41207786557198123,-0.18146605053008327,0.03761263176144844,1.0,0.949999988079071,1.0,False,76358.48615773817,1.0,2557.3479202429194,-12483.951120748881,-2557.3479202429194,9926.603200505962,1275.0747314115063
sm,short,1789632000,0.825,0.3939376070208052,143.7872265625939,77851.1482971451,62975.0370376394,0.42104010007596393,-0.20903703629585316,0.03761263176144844,1.0,0.949999988079071,1.0,False,76358.48615773817,1.0,2203.254292512112,-12129.857493018075,-2203.254292512112,9926.603200505962,1275.0747314115063
sm,short,1789632000,0.85,0.3939376070208052,143.7872265625939,77851.1482971451,60979.76793661947,0.4319886761946727,-0.24096951828017574,0.03761263176144844,1.0,0.949999988079071,1.0,False,76358.48615773817,1.0,1862.7043914774777,-11789.307591983441,-1862.7043914774777,9926.603200505964,1275.0747314115063
sm,short,1789632000,0.875,0.3939376070208052,143.7872265625939,77851.1482971451,58683.67961585668,0.44563501230137587,-0.27908261460251704,0.03761263176144844,1.0,0.949999988079071,1.0,False,76358.48615773817,1.0,1534.2832723517022,-11460.886472857665,-1534.2832723517022,9926.603200505962,1275.0747314115063
sm,short,1789632000,0.9,0.3939376070208052,143.7872265625939,77851.1482971451,55952.85809284063,0.4631527845829943,-0.3264608261569591,0.03761263176144844,1.0,0.949999988079071,1.0,False,76358.48615773817,1.0,1216.462563615411,-11143.065764121373,-1216.462563615411,9926.603200505962,1275.0747314115063
sm,short,1789632000,0.9249999999999999,0.3939376070208052,143.7872265625939,77851.1482971451,52547.54469896036,0.4866963055269578,-0.3889610825139213,0.03761263176144844,1.0,0.949999988079071,1.0,False,76358.48615773817,1.0,907.4727753967929,-10834.075975902755,-907.4727753967929,9926.603200505962,1275.0747314115063
sm,short,1789632000,0.95,0.3939376070208052,143.7872265625939,77851.1482971451,47962.441662483136,0.5209686992874146,-0.47991903314471807,0.03761263176144844,1.0,0.949999988079071,1.0,False,76358.48615773817,1.0,605.0487257904465,-10531.651926296408,-605.0487257904465,9926.603200505962,1275.0747314115063
sm,short,1789632000,0.05,0.5373842845621513,196.1452638651852,78415.35164343454,146485.39345992135,0.46919975990499324,0.62414087986637,0.03792460323195367,1.0,0.949999988079071,1.0,True,76358.48615773817,1.0,498.6893771803144,-10425.292577686278,-498.6893771803144,9926.603200505962,1265.9004891852812
sm,short,1789632000,0.075,0.5373842845621513,196.1452638651852,78415.35164343454,132526.73922961118,0.44651507724875894,0.523977574378466,0.03792460323195367,1.0,0.949999988079071,1.0,True,76358.48615773817,1.0,762.1510012010314,-10688.754201706994,-762.1510012010314,9926.603200505962,1265.9004891852812
sm,short,1789632000,0.1,0.5373842845621513,196.1452638651852,78415.35164343454,123611.52233169986,0.43125958244164625,0.454356883522483,0.03792460323195367,1.0,0.949999988079071,1.0,True,76358.48615773817,1.0,1036.0195701274702,-10962.622770633432,-1036.0195701274702,9926.603200505962,1265.9004891852812
sm,short,1789632000,0.125,0.5373842845621513,196.1452638651852,78415.35164343454,117176.41429824827,0.4200801103251086,0.40093377897946497,0.03792460323195367,1.0,0.949999988079071,1.0,True,76358.48615773817,1.0,1320.740673765216,-11247.343874271179,-1320.740673765216,9926.603200505962,1265.9004891852812
sm,short,1789632000,0.15,0.5373842845621513,196.1452638651852,78415.35164343454,112184.23372453023,0.4114774641817849,0.35744573314586625,0.03792460323195367,1.0,0.949999988079071,1.0,True,76358.48615773817,1.0,1616.7755005681722,-11543.378701074134,-1616.7755005681722,9926.603200505962,1265.9004891852812
sm,short,1789632000,0.175,0.5373842845621513,196.1452638651852,78415.35164343454,108120.9487170852,0.4046533553373789,0.32060871848133915,0.03792460323195367,1.0,0.949999988079071,1.0,True,76358.48615773817,1.0,1924.6279429209883,-11851.23114342695,-1924.6279429209883,9926.603200505962,1265.9004891852812
sm,short,1789632000,0.2,0.5373842845621513,196.1452638651852,78415.35164343454,104697.53346089061,0.39913413171611234,0.28849065301625987,0.03792460323195367,1.0,0.949999988079071,1.0,True,76358.48615773817,1.0,2244.8579293523185,-12171.46112985828,-2244.8579293523185,9926.603200505962,1265.9004891852812
sm,short,1789632000,0.22499999999999998,0.5373842845621513,196.1452638651852,78415.35164343454,101736.66629207766,0.3946172996968196,0.2598599251009985,0.03792460323195367,1.0,0.949999988079071,1.0,True,76358.48615773817,1.0,2578.0909514306645,-12504.694151936626,-2578.0909514306645,9926.603200505962,1265.9004891852812
sm,short,1789632000,0.25,0.5373842845621513,196.1452638651852,78415.35164343454,99122.3130760404,0.39089922928251136,0.23388292646483494,0.03792460323195367,1.0,0.949999988079071,1.0,True,76358.48615773817,1.0,2925.026932337993,-12851.630132843955,-2925.026932337993,9926.603200505962,1265.9004891852812
sm,short,1789632000,0.27499999999999997,0.5373842845621513,196.1452638651852,78415.35164343454,96774.64664447974,0.3878374573853339,0.20996809905736652,0.03792460323195367,1.0,0.949999988079071,1.0,True,76358.48615773817,1.0,3286.449741739231,-13213.052942245193,-3286.449741739231,9926.603200505962,1265.9004891852812
sm,short,1789632000,0.3,0.5373842845621513,196.1452638651852,78415.35164343454,94636.4813731205,0.3853294864732695,0.18767890930466818,0.03792460323195367,1.0,0.949999988079071,1.0,True,76358.48615773817,1.0,3663.2380802186267,-13589.84128072459,-3663.2380802186267,9926.603200505962,1265.9004891852812
sm,short,1789632000,0.32499999999999996,0.5373842845621513,196.1452638651852,78415.35164343454,92665.43933360033,0.38330014694678716,0.16668215847625834,0.03792460323195367,1.0,0.949999988079071,1.0,True,76358.48615773817,1.0,4056.3782830897294,-13982.981483595691,-4056.3782830897294,9926.603200505962,1265.9004891852812
sm,short,1789632000,0.35,0.5373842845621513,196.1452638651852,78415.35164343454,90829.17984203802,0.3816937164109921,0.14671566529974564,0.03792460323195367,1.0,0.949999988079071,1.0,True,76358.48615773817,1.0,4466.9795838899,-14393.582784395861,-4466.9795838899,9926.60320050596,1265.900489185281
sm,short,1789632000,0.37499999999999994,0.5373842845621513,196.1452638651852,78415.35164343454,89102.3627967946,0.38046883320484154,0.12756715142812744,0.03792460323195367,1.0,0.949999988079071,1.0,True,76358.48615773817,1.0,4896.292454984341,-14822.895655490303,-4896.292454984341,9926.603200505962,1265.9004891852812
sm,short,1789632000,0.39999999999999997,0.5373842845621513,196.1452638651852,78415.35164343454,87464.64025470127,0.37959513287200314,0.10905988670659726,0.03792460323195367,1.0,0.949999988079071,1.0,True,76358.48615773817,1.0,5345.730784609179,-15272.333985115141,-5345.730784609179,9926.603200505962,1265.9004891852812
sm,short,1789632000,0.42499999999999993,0.5373842845621513,196.1452638651852,78415.35164343454,85899.28161025136,0.37905099572814266,0.09104254867170682,0.03792460323195367,1.0,0.949999988079071,1.0,True,76358.48615773817,1.0,5816.898857910985,-15743.502058416947,-5816.898857910985,9926.603200505962,1265.9004891852812
sm,short,1789632000,0.44999999999999996,0.5373842845621513,196.1452638651852,78415.35164343454,84392.20138339889,0.3788220441169028,0.07338176759990216,0.03792460323195367,1.0,0.949999988079071,1.0,True,76358.48615773817,1.0,6311.624399647399,-16238.227600153361,-6311.624399647399,9926.603200505962,1265.9004891852812
sm,short,1789632000,0.475,0.5373842845621513,196.1452638651852,78415.35164343454,82931.24875783105,0.3789001717087625,0.05595639554936921,0.03792460323195367,1.0,0.949999988079071,1.0,True,76358.48615773817,1.0,6831.999336749505,-16758.60253725547,-6831.999336749505,9926.603200505964,1265.9004891852815
sm,short,1789632000,0.49999999999999994,0.5373842845621513,196.1452638651852,78415.35164343454,81505.66951987494,0.37928297432655567,0.03865286252211037,0.03792460323195367,1.0,0.949999988079071,1.0,True,76358.48615773817,1.0,7380.430494850777,-17307.03369535674,-7380.430494850777,9926.60320050596,1265.900489185281
sm,short,1789632000,0.525,0.5373842845621513,196.1452638651852,78415.35164343454,80105.68127778178,0.3799735082447334,0.021361169351641916,0.03792460323195367,1.0,0.949999988079071,1.0,True,76358.48615773817,1.0,7959.703222971409,-17886.30642347737,-7959.703222971409,9926.60320050596,1265.900489185281
sm,short,1789632000,0.5499999999999999,0.5373842845621513,196.1452638651852,78415.35164343454,78722.12077738743,0.3809803421299913,0.003971168863400731,0.03792460323195367,1.0,0.949999988079071,1.0,True,76358.48615773817,1.0,8573.062050612225,-18499.66525111819,-8573.062050612225,9926.603200505964,1265.9004891852815
sm,short,1789632000,0.575,0.5373842845621513,196.1452638651852,78415.35164343454,77346.13254473983,0.38231790162314044,-0.013631168754985611,0.03792460323195367,1.0,0.949999988079071,1.0,False,76358.48615773817,1.0,8155.094987959816,-19608.86791162054,-8155.094987959816,11453.772923660723,1460.654410598401
sm,short,1789632000,0.6,0.5373842845621513,196.1452638651852,78415.35164343454,75968.87349225466,0.3840071374362339,-0.03156781240753594,0.03792460323195367,1.0,0.949999988079071,1.0,False,76358.48615773817,1.0,7471.485081215502,-18535.64533939272,-7471.485081215502,11064.160258177217,1410.9686466098483
sm,short,1789632000,0.625,0.5373842845621513,196.1452638651852,78415.35164343454,74581.20970390146,0.3860765847575206,-0.04997340309213504,0.03792460323195367,1.0,0.949999988079071,1.0,False,76358.48615773817,1.0,6825.244889923072,-16751.848090429034,-6825.244889923072,9926.60320050596,1265.900489185281
sm,short,1789632000,0.65,0.5373842845621513,196.1452638651852,78415.35164343454,73173.37961075795,0.38856393106570863,-0.06900112558610064,0.03792460323195367,1.0,0.949999988079071,1.0,False,76358.48615773817,1.0,6213.09977886512,-16139.702979371083,-6213.09977886512,9926.603200505962,1265.9004891852812
sm,short,1789632000,0.675,0.5373842845621513,196.1452638651852,78415.35164343454,71734.59153632582,0.39151828215630613,-0.08883037519695834,0.03792460323195367,1.0,0.949999988079071,1.0,False,76358.48615773817,1.0,5632.175898115233,-15558.779098621195,-5632.175898115233,9926.60320050596,1265.900489185281
sm,short,1789632000,0.7,0.5373842845621513,196.1452638651852,78415.35164343454,70252.51131067707,0.3950034308712319,-0.10967721251546364,0.03792460323195367,1.0,0.949999988079071,1.0,False,76358.48615773817,1.0,5079.933777621936,-15006.536978127899,-5079.933777621936,9926.603200505962,1265.9004891852812
sm,short,1789632000,0.725,0.5373842845621513,196.1452638651852,78415.35164343454,68712.57352656119,0.39910262356242476,-0.13180918533678598,0.03792460323195367,1.0,0.949999988079071,1.0,False,76358.48615773817,1.0,4554.112989070342,-14480.716189576306,-4554.112989070342,9926.603200505964,1265.9004891852815
sm,short,1789632000,0.75,0.5373842845621513,196.1452638651852,78415.35164343454,67097.01044054859,0.40392565104236655,-0.15556714587950832,0.03792460323195367,1.0,0.949999988079071,1.0,False,76358.48615773817,1.0,4052.6848993635404,-13979.288099869504,-4052.6848993635404,9926.603200505964,1265.9004891852815
sm,short,1789632000,0.775,0.5373842845621513,196.1452638651852,78415.35164343454,65383.41995681306,0.4096196969416169,-0.18139864513923126,0.03792460323195367,1.0,0.949999988079071,1.0,False,76358.48615773817,1.0,3573.810926658579,-13500.414127164542,-3573.810926658579,9926.603200505964,1265.9004891852815
sm,short,1789632000,0.7999999999999999,0.5373842845621513,196.1452638651852,78415.35164343454,63542.55515258767,0.4163865459878869,-0.20991131593600015,0.03792460323195367,1.0,0.949999988079071,1.0,False,76358.48615773817,1.0,3115.803776439257,-13042.40697694522,-3115.803776439257,9926.603200505962,1265.9004891852812
sm,short,1789632000,0.825,0.5373842845621513,196.1452638651852,78415.35164343454,61534.73572038059,0.4245111607668747,-0.24196265213174237,0.03792460323195367,1.0,0.949999988079071,1.0,False,76358.48615773817,1.0,2677.0887888770776,-12603.69198938304,-2677.0887888770776,9926.603200505962,1265.9004891852812
sm,short,1789632000,0.85,0.5373842845621513,196.1452638651852,78415.35164343454,59303.66535295872,0.4344119864362871,-0.2788206410752663,0.03792460323195367,1.0,0.949999988079071,1.0,False,76358.48615773817,1.0,2256.1614983570535,-12182.764698863015,-2256.1614983570535,9926.60320050596,1265.900489185281
sm,short,1789632000,0.875,0.5373842845621513,196.1452638651852,78415.35164343454,56764.95987302175,0.4467364656590871,-0.32247467259146134,0.03792460323195367,1.0,0.949999988079071,1.0,False,76358.48615773817,1.0,1851.5350815581023,-11778.138282064065,-1851.5350815581023,9926.603200505962,1265.9004891852812
sm,short,1789632000,0.9,0.5373842845621513,196.1452638651852,78415.35164343454,53782.677017044574,0.46256180149790066,-0.3763035829879465,0.03792460323195367,1.0,0.949999988079071,1.0,False,76358.48615773817,1.0,1461.6655588682997,-11388.268759374263,-1461.6655588682997,9926.603200505964,1265.9004891852815
sm,short,1789632000,0.9249999999999999,0.5373842845621513,196.1452638651852,78415.35164343454,50114.24516545659,0.4838823226480481,-0.4467390538178753,0.03792460323195367,1.0,0.949999988079071,1.0,False,76358.48615773817,1.0,1084.8269255121672,-11011.43012601813,-1084.8269255121672,9926.603200505962,1265.9004891852812
sm,short,1789632000,0.95,0.5373842845621513,196.1452638651852,78415.35164343454,45250.896651351635,0.5150883008080823,-0.5484696936039214,0.03792460323195367,1.0,0.949999988079071,1.0,False,76358.48615773817,1.0,718.8563138131171,-10645.45951431908,-718.8563138131171,9926.603200505962,1265.9004891852812
sm,short,1789632000,0.05,0.7330649934092819,267.5687225943879,79174.45721037732,165674.99121747847,0.46743203873115596,0.7370603224912494,0.038041690894073756,1.0,0.949999988079071,1.0,True,76358.48615773817,1.0,574.9417266198502,-10501.544927125813,-574.9417266198502,9926.603200505962,1253.7633411403915
sm,short,1789632000,0.075,0.7330649934092819,267.5687225943879,79174.45721037732,148914.09296704127,0.4518303909759934,0.6303847351008666,0.038041690894073756,1.0,0.949999988079071,1.0,True,76358.48615773817,1.0,890.4717869306347,-10817.074987436597,-890.4717869306347,9926.603200505962,1253.7633411403915
sm,short,1789632000,0.1,0.7330649934092819,267.5687225943879,79174.45721037732,137892.03565345358,0.44074972663925455,0.5535327286139397,0.038041690894073756,1.0,0.949999988079071,1.0,True,76358.48615773817,1.0,1220.5595471787822,-11147.162747684744,-1220.5595471787822,9926.603200505962,1253.7633411403915
sm,short,1789632000,0.125,0.7330649934092819,267.5687225943879,79174.45721037732,129775.07328038973,0.4321995601705342,0.4929395799935669,0.038041690894073756,1.0,0.949999988079071,1.0,True,76358.48615773817,1.0,1564.4903652292776,-11491.09356573524,-1564.4903652292776,9926.603200505962,1253.7633411403915
sm,short,1789632000,0.15,0.7330649934092819,267.5687225943879,79174.45721037732,123388.41725355243,0.4252831172038682,0.44256252906604787,0.038041690894073756,1.0,0.949999988079071,1.0,True,76358.48615773817,1.0,1922.0269735709262,-11848.630174076889,-1922.0269735709262,9926.603200505962,1253.7633411403915
sm,short,1789632000,0.175,0.7330649934092819,267.5687225943879,79174.45721037732,118138.32163821718,0.41951901832732336,0.39917558999122693,0.038041690894073756,1.0,0.949999988079071,1.0,True,76358.48615773817,1.0,2293.211286171322,-12219.814486677285,-2293.211286171322,9926.603200505964,1253.7633411403917
sm,short,1789632000,0.2,0.7330649934092819,267.5687225943879,79174.45721037732,113685.34037535559,0.41461941475237885,0.3608496192288408,0.038041690894073756,1.0,0.949999988079071,1.0,True,76358.48615773817,1.0,2678.280031826758,-12604.88323233272,-2678.280031826758,9926.603200505962,1253.7633411403915
sm,short,1789632000,0.22499999999999998,0.7330649934092819,267.5687225943879,79174.45721037732,109818.1787453124,0.4103992245033046,0.32633619960547144,0.038041690894073756,1.0,0.949999988079071,1.0,True,76358.48615773817,1.0,3077.625038564085,-13004.228239070047,-3077.625038564085,9926.603200505962,1253.7633411403915
sm,short,1789632000,0.25,0.7330649934092819,267.5687225943879,79174.45721037732,106396.7937648411,0.40673323903981234,0.2947784104546786,0.038041690894073756,1.0,0.949999988079071,1.0,True,76358.48615773817,1.0,3491.774875295249,-13418.37807580121,-3491.774875295249,9926.603200505962,1253.7633411403915
sm,short,1789632000,0.27499999999999997,0.7330649934092819,267.5687225943879,79174.45721037732,103323.74598910451,0.40353368578963894,0.26556013678906853,0.038041690894073756,1.0,0.949999988079071,1.0,True,76358.48615773817,1.0,3921.3884645445273,-13847.99166505049,-3921.3884645445273,9926.603200505962,1253.7633411403915
sm,short,1789632000,0.3,0.7330649934092819,267.5687225943879,79174.45721037732,100528.5348016835,0.400737576652341,0.2382211350967461,0.038041690894073756,1.0,0.949999988079071,1.0,True,76358.48615773817,1.0,4367.256491030288,-14293.85969153625,-4367.256491030288,9926.603200505962,1253.7633411403915
sm,short,1789632000,0.32499999999999996,0.7330649934092819,267.5687225943879,79174.45721037732,97958.4614478093,0.3982991594120643,0.2124060918493925,0.038041690894073756,1.0,0.949999988079071,1.0,True,76358.48615773817,1.0,4830.308715818641,-14756.911916324603,-4830.308715818641,9926.603200505962,1253.7633411403915
sm,short,1789632000,0.35,0.7330649934092819,267.5687225943879,79174.45721037732,95573.01337772957,0.39618522082225555,0.18783246358698705,0.038041690894073756,1.0,0.949999988079071,1.0,True,76358.48615773817,1.0,5311.626461657845,-15238.229662163807,-5311.626461657845,9926.603200505962,1253.7633411403915
sm,short,1789632000,0.37499999999999994,0.7330649934092819,267.5687225943879,79174.45721037732,93340.25869176496,0.39437207971607763,0.16426925605796117,0.038041690894073756,1.0,0.949999988079071,1.0,True,76358.48615773817,1.0,5812.460221028513,-15739.063421534476,-5812.460221028513,9926.603200505964,1253.7633411403917
sm,short,1789632000,0.39999999999999997,0.7330649934092819,267.5687225943879,79174.45721037732,91234.44225920261,0.3928436367301859,0.1415224448851122,0.038041690894073756,1.0,0.949999988079071,1.0,True,76358.48615773817,1.0,6334.252832368945,-16260.856032874908,-6334.252832368945,9926.603200505964,1253.7633411403917
sm,short,1789632000,0.42499999999999993,0.7330649934092819,267.5687225943879,79174.45721037732,89234.32786683891,0.3915901208986507,0.11942455575363986,0.038041690894073756,1.0,0.949999988079071,1.0,True,76358.48615773817,1.0,6878.669108628737,-16805.2723091347,-6878.669108628737,9926.603200505962,1253.7633411403915
sm,short,1789632000,0.44999999999999996,0.7330649934092819,267.5687225943879,79174.45721037732,87322.01773495832,0.39060732391881287,0.09782689973337795,0.038041690894073756,1.0,0.949999988079071,1.0,True,76358.48615773817,1.0,7447.633269110569,-17374.23646961653,-7447.633269110569,9926.603200505962,1253.7633411403915
sm,short,1789632000,0.475,0.7330649934092819,267.5687225943879,79174.45721037732,85482.0844006316,0.38989620089327487,0.0765935060944075,0.038041690894073756,1.0,0.949999988079071,1.0,True,76358.48615773817,1.0,8043.376087955743,-17969.979288461705,-8043.376087955743,9926.603200505962,1253.7633411403915
sm,short,1789632000,0.49999999999999994,0.7330649934092819,267.5687225943879,79174.45721037732,83700.90955499407,0.3894627716492905,0.055596107449321065,0.038041690894073756,1.0,0.949999988079071,1.0,True,76358.48615773817,1.0,8668.49440273848,-18595.097603244445,-8668.49440273848,9926.603200505964,1253.7633411403917
sm,short,1789632000,0.525,0.7330649934092819,267.5687225943879,79174.45721037732,81966.15956928075,0.3893182950886596,0.03470970920549047,0.038041690894073756,1.0,0.949999988079071,1.0,True,76358.48615773817,1.0,9326.026617500698,-19252.62981800666,-9326.026617500698,9926.60320050596,1253.763341140391
sm,short,1789632000,0.5499999999999999,0.7330649934092819,267.5687225943879,79174.45721037732,80266.34837785726,0.38947971956713845,0.0138083677331796,0.038041690894073756,1.0,0.949999988079071,1.0,True,76358.48615773817,1.0,10019.549218985308,-19946.15241949127,-10019.549218985308,9926.603200505962,1253.7633411403915
sm,short,1789632000,0.575,0.7330649934092819,267.5687225943879,79174.45721037732,78590.4505592862,0.389970441198802,-0.007239166027122199,0.038041690894073756,1.0,0.949999988079071,1.0,False,76358.48615773817,1.0,10169.294651695829,-21623.067575356552,-10169.294651695829,11453.772923660723,1446.6500090081433
sm,short,1789632000,0.6,0.7330649934092819,267.5687225943879,79174.45721037732,76927.5337510924,0.390821434449752,-0.028574299940801674,0.038041690894073756,1.0,0.949999988079071,1.0,False,76358.48615773817,1.0,9285.423529860185,-20739.19645352091,-9285.423529860185,11453.772923660727,1446.650009008144
sm,short,1789632000,0.625,0.7330649934092819,267.5687225943879,79174.45721037732,75266.38130994946,0.3920728612239491,-0.05035438795785621,0.038041690894073756,1.0,0.949999988079071,1.0,False,76358.48615773817,1.0,8454.713994553016,-18816.382070425032,-8454.713994553016,10361.668075872016,1308.713496871807
sm,short,1789632000,0.65,0.7330649934092819,267.5687225943879,79174.45721037732,73595.07367403175,0.39377632385454797,-0.07276003562462946,0.038041690894073756,1.0,0.949999988079071,1.0,False,76358.48615773817,1.0,7672.676803679847,-17599.28000418581,-7672.676803679847,9926.603200505964,1253.7633411403917
sm,short,1789632000,0.675,0.7330649934092819,267.5687225943879,79174.45721037732,71900.48948108828,0.39599801664671047,-0.09600476596903394,0.038041690894073756,1.0,0.949999988079071,1.0,False,76358.48615773817,1.0,6935.338360305359,-16861.94156081132,-6935.338360305359,9926.60320050596,1253.763341140391
sm,short,1789632000,0.7,0.7330649934092819,267.5687225943879,79174.45721037732,70167.67312428441,0.398823171553445,-0.12034832807348812,0.038041690894073756,1.0,0.949999988079071,1.0,False,76358.48615773817,1.0,6239.149517421056,-16165.752717927018,-6239.149517421056,9926.603200505962,1253.7633411403915
sm,short,1789632000,0.725,0.7330649934092819,267.5687225943879,79174.45721037732,68378.98992290797,0.4023624255853617,-0.1461156908006389,0.038041690894073756,1.0,0.949999988079071,1.0,False,76358.48615773817,1.0,5580.906088812052,-15507.509289318015,-5580.906088812052,9926.603200505964,1253.7633411403917
sm,short,1789632000,0.75,0.7330649934092819,267.5687225943879,79174.45721037732,66512.94522822693,0.4067611360641368,-0.173725115351171,0.038041690894073756,1.0,0.949999988079071,1.0,False,76358.48615773817,1.0,4957.676379153639,-14884.2795796596,-4957.676379153639,9926.60320050596,1253.763341140391
sm,short,1789632000,0.775,0.7330649934092819,267.5687225943879,79174.45721037732,64542.46299791595,0.4122133875062478,-0.20373120192549257,0.038041690894073756,1.0,0.949999988079071,1.0,False,76358.48615773817,1.0,4366.731068872624,-14293.334269378585,-4366.731068872624,9926.60320050596,1253.763341140391
sm,short,1789632000,0.7999999999999999,0.7330649934092819,267.5687225943879,79174.45721037732,62432.26751436809,0.41898380009632497,-0.23689368146288559,0.038041690894073756,1.0,0.949999988079071,1.0,False,76358.48615773817,1.0,3805.4702167678015,-13732.073417273765,-3805.4702167678015,9926.603200505964,1253.7633411403917
sm,short,1789632000,0.825,0.7330649934092819,267.5687225943879,79174.45721037732,60134.709319904454,0.42744302923437183,-0.2742928491879009,0.038041690894073756,1.0,0.949999988079071,1.0,False,76358.48615773817,1.0,3271.3407704546416,-13197.943970960605,-3271.3407704546416,9926.603200505964,1253.7633411403917
sm,short,1789632000,0.85,0.7330649934092819,267.5687225943879,79174.45721037732,57582.72660472365,0.43812897872906265,-0.3175352888139894,0.038041690894073756,1.0,0.949999988079071,1.0,False,76358.48615773817,1.0,2761.7353235667147,-12688.338524072677,-2761.7353235667147,9926.603200505962,1253.7633411403915
sm,short,1789632000,0.875,0.7330649934092819,267.5687225943879,79174.45721037732,54677.09812323767,0.45186072106077213,-0.3691500113963162,0.038041690894073756,1.0,0.949999988079071,1.0,False,76358.48615773817,1.0,2273.8577560040208,-12200.460956509984,-2273.8577560040208,9926.603200505962,1253.7633411403915
sm,short,1789632000,0.9,0.7330649934092819,267.5687225943879,79174.45721037732,51261.03857694875,0.46997372443542973,-0.4334347664081409,0.038041690894073756,1.0,0.949999988079071,1.0,False,76358.48615773817,1.0,1804.5304858541049,-11731.133686360066,-1804.5304858541049,9926.60320050596,1253.763341140391
sm,short,1789632000,0.9249999999999999,0.7330649934092819,267.5687225943879,79174.45721037732,47062.195735697445,0.49488286462416015,-0.5185516619698011,0.038041690894073756,1.0,0.949999988079071,1.0,False,76358.48615773817,1.0,1349.8898429369046,-11276.493043442868,-1349.8898429369046,9926.603200505964,1253.7633411403917
sm,short,1789632000,0.95,0.7330649934092819,267.5687225943879,79174.45721037732,41529.36113394775,0.531773402162927,-0.643052476998472,0.038041690894073756,1.0,0.949999988079071,1.0,False,76358.48615773817,1.0,904.8214160940496,-10831.424616600012,-904.8214160940496,9926.603200505962,1253.7633411403915
sm,short,1789632000,0.05,1.0,365.0,80220.99728395023,201101.36750679312,0.48671646657584816,0.9182038308229837,0.038189516106638365,1.0,0.949999988079071,1.0,True,76358.48615773817,1.0,688.6336105130385,-10615.236811019,-688.6336105130385,9926.60320050596,1237.407104946571
sm,short,1789632000,0.075,1.0,365.0,80220.99728395023,175898.3441401012,0.4690000974881134,0.7844669360797993,0.038189516106638365,1.0,0.949999988079071,1.0,True,76358.48615773817,1.0,1063.0534161468058,-10989.656616652768,-1063.0534161468058,9926.603200505962,1237.4071049465715
sm,short,1789632000,0.1,1.0,365.0,80220.99728395023,159728.13205424233,0.45619128700103795,0.6881469208633049,0.038189516106638365,1.0,0.949999988079071,1.0,True,76358.48615773817,1.0,1452.7903883656809,-11379.393588871644,-1452.7903883656809,9926.603200505964,1237.4071049465717
sm,short,1789632000,0.125,1.0,365.0,80220.99728395023,148048.66865492667,0.44615155498839665,0.61229940928539,0.038189516106638365,1.0,0.949999988079071,1.0,True,76358.48615773817,1.0,1857.0409254285778,-11783.644125934541,-1857.0409254285778,9926.603200505964,1237.4071049465717
sm,short,1789632000,0.15,1.0,365.0,80220.99728395023,139008.55169045893,0.4379120567931906,0.5493607736450905,0.038189516106638365,1.0,0.949999988079071,1.0,True,76358.48615773817,1.0,2275.5412811630836,-12202.144481669045,-2275.5412811630836,9926.603200505962,1237.4071049465715
sm,short,1789632000,0.175,1.0,365.0,80220.99728395023,131684.08745737516,0.430950204255686,0.49528608535934465,0.038189516106638365,1.0,0.949999988079071,1.0,True,76358.48615773817,1.0,2708.3420010683094,-12634.945201574272,-2708.3420010683094,9926.603200505962,1237.4071049465715
sm,short,1789632000,0.2,1.0,365.0,80220.99728395023,125552.78572320606,0.42495220037333903,0.4476529345337626,0.038189516106638365,1.0,0.949999988079071,1.0,True,76358.48615773817,1.0,3155.7127966180137,-13082.315997123977,-3155.7127966180137,9926.603200505962,1237.4071049465715
sm,short,1789632000,0.22499999999999998,1.0,365.0,80220.99728395023,120292.38657167529,0.41971558157946237,0.40489185425869606,0.038189516106638365,1.0,0.949999988079071,1.0,True,76358.48615773817,1.0,3618.0983992014567,-13544.70159970742,-3618.0983992014567,9926.603200505962,1237.4071049465715
sm,short,1789632000,0.25,1.0,365.0,80220.99728395023,115691.05198733638,0.41510302932283366,0.3659246331166811,0.038189516106638365,1.0,0.949999988079071,1.0,True,76358.48615773817,1.0,4096.098773743185,-14022.701974249147,-4096.098773743185,9926.60320050596,1237.407104946571
sm,short,1789632000,0.27499999999999997,1.0,365.0,80220.99728395023,111602.50687618583,0.4110181496553579,0.3299756666172789,0.038189516106638365,1.0,0.949999988079071,1.0,True,76358.48615773817,1.0,4590.463031377966,-14517.066231883928,-4590.463031377966,9926.60320050596,1237.407104946571
sm,short,1789632000,0.3,1.0,365.0,80220.99728395023,107921.68139186555,0.4073917908659908,0.2964655174573925,0.038189516106638365,1.0,0.949999988079071,1.0,True,76358.48615773817,1.0,5102.092345997719,-15028.69554650368,-5102.092345997719,9926.60320050596,1237.407104946571
sm,short,1789632000,0.32499999999999996,1.0,365.0,80220.99728395023,104570.59286452785,0.40417387228337814,0.26494701142382865,0.038189516106638365,1.0,0.949999988079071,1.0,True,76358.48615773817,1.0,5632.049794556794,-15558.652995062756,-5632.049794556794,9926.60320050596,1237.407104946571
sm,short,1789632000,0.35,1.0,365.0,80220.99728395023,101489.71921150619,0.40132830348291315,0.2350648546856123,0.038189516106638365,1.0,0.949999988079071,1.0,True,76358.48615773817,1.0,6181.576369103799,-16108.179569609762,-6181.576369103799,9926.603200505962,1237.4071049465715
sm,short,1789632000,0.37499999999999994,1.0,365.0,80220.99728395023,98632.49092102033,0.39882974319069725,0.20652896099540616,0.038189516106638365,1.0,0.949999988079071,1.0,True,76358.48615773817,1.0,6752.113204955716,-16678.71640546168,-6752.113204955716,9926.603200505964,1237.4071049465717
sm,short,1789632000,0.39999999999999997,1.0,365.0,80220.99728395023,95961.63892379435,0.3966615156872335,0.1790961074933489,0.038189516106638365,1.0,0.949999988079071,1.0,True,76358.48615773817,1.0,7345.330652586105,-17271.93385309207,-7345.330652586105,9926.603200505964,1237.4071049465717
sm,short,1789632000,0.42499999999999993,1.0,365.0,80220.99728395023,93446.69022831209,0.39481429786306166,0.15255680786517894,0.038189516106638365,1.0,0.949999988079071,1.0,True,76358.48615773817,1.0,7963.165347488768,-17889.768547994732,-7963.165347488768,9926.603200505964,1237.4071049465717
sm,short,1789632000,0.44999999999999996,1.0,365.0,80220.99728395023,91062.19583949553,0.39328535318470786,0.12672551435924428,0.038189516106638365,1.0,0.949999988079071,1.0,True,76358.48615773817,1.0,8607.866998209785,-18534.470198715746,-8607.866998209785,9926.60320050596,1237.407104946571
sm,short,1789632000,0.475,1.0,365.0,80220.99728395023,88786.43712672488,0.3920781847526799,0.10143294390177805,0.038189516106638365,1.0,0.949999988079071,1.0,True,76358.48615773817,1.0,9282.05729515104,-19208.660495657,-9282.05729515104,9926.60320050596,1237.407104946571
sm,short,1789632000,0.49999999999999994,1.0,365.0,80220.99728395023,86600.44948945234,0.39120254047720515,0.07651971383790963,0.038189516106638365,1.0,0.949999988079071,1.0,True,76358.48615773817,1.0,9988.804223124529,-19915.40742363049,-9988.804223124529,9926.603200505962,1237.4071049465715
sm,short,1789632000,0.525,1.0,365.0,80220.99728395023,84487.2568271409,0.39067474615006337,0.05183069326425066,0.038189516106638365,1.0,0.949999988079071,1.0,True,76358.48615773817,1.0,10731.716241957083,-20658.319442463046,-10731.716241957083,9926.603200505962,1237.4071049465715
sm,short,1789632000,0.5499999999999999,1.0,365.0,80220.99728395023,82431.24304432473,0.39051837670645106,0.02720958966466674,0.038189516106638365,1.0,0.949999988079071,1.0,True,76358.48615773817,1.0,11515.062425083266,-21441.66562558923,-11515.062425083266,9926.603200505964,1237.4071049465717
sm,short,1789632000,0.575,1.0,365.0,80220.99728395023,80417.6062302534,0.39076530885003885,0.002493328289556924,0.038189516106638365,1.0,0.949999988079071,1.0,True,76358.48615773817,1.0,12343.926926195967,-22270.53012670193,-12343.926926195967,9926.603200505964,1237.4071049465717
sm,short,1789632000,0.6,1.0,365.0,80220.99728395023,78431.85189725192,0.39145723495999707,-0.022494245857457896,0.038189516106638365,1.0,0.949999988079071,1.0,False,76358.48615773817,1.0,11435.264010373849,-22889.03693403457,-11435.264010373849,11453.772923660723,1427.777428784505
sm,short,1789632000,0.625,1.0,365.0,80220.99728395023,76459.28612829723,0.3926477647578857,-0.047949911295516005,0.038189516106638365,1.0,0.949999988079071,1.0,False,76358.48615773817,1.0,10402.17654593505,-21855.949469595776,-10402.17654593505,11453.772923660727,1427.7774287845057
sm,short,1789632000,0.65,1.0,365.0,80220.99728395023,74484.46859090395,0.39440530559412934,-0.0741006160336565,0.038189516106638365,1.0,0.949999988079071,1.0,False,76358.48615773817,1.0,9434.837563211044,-19361.440763717008,-9434.837563211044,9926.603200505964,1237.4071049465717
sm,short,1789632000,0.675,1.0,365.0,80220.99728395023,72490.5788457394,0.3968170068974328,-0.10121611093874625,0.038189516106638365,1.0,0.949999988079071,1.0,False,76358.48615773817,1.0,8527.525452625789,-18454.128653131753,-8527.525452625789,9926.603200505964,1237.4071049465717
sm,short,1789632000,0.7,1.0,365.0,80220.99728395023,70458.6355966913,0.3999942006637979,-0.1296263077742484,0.038189516106638365,1.0,0.949999988079071,1.0,False,76358.48615773817,1.0,7675.089833999825,-17601.693034505788,-7675.089833999825,9926.603200505964,1237.4071049465717
sm,short,1789632000,0.725,1.0,365.0,80220.99728395023,68366.48384271971,0.4040800070033921,-0.1597459436936572,0.038189516106638365,1.0,0.949999988079071,1.0,False,76358.48615773817,1.0,6872.8227717845375,-16799.4259722905,-6872.8227717845375,9926.603200505964,1237.4071049465717
sm,short,1789632000,0.75,1.0,365.0,80220.99728395023,66187.42190861923,0.4092601781516507,-0.1921107981633209,0.038189516106638365,1.0,0.949999988079071,1.0,False,76358.48615773817,1.0,6116.336660586711,-16042.939861092673,-6116.336660586711,9926.60320050596,1237.407104946571
sm,short,1789632000,0.775,1.0,365.0,80220.99728395023,63888.26393436324,0.41577898464649227,-0.2274327690400423,0.038189516106638365,1.0,0.949999988079071,1.0,False,76358.48615773817,1.0,5401.4414175215015,-15328.044618027463,-5401.4414175215015,9926.60320050596,1237.407104946571
sm,short,1789632000,0.7999999999999999,1.0,365.0,80220.99728395023,61426.49112574329,0.42396335459065504,-0.2666870579626496,0.038189516106638365,1.0,0.949999988079071,1.0,False,76358.48615773817,1.0,4724.013428872548,-14650.61662937851,-4724.013428872548,9926.603200505962,1237.4071049465715
sm,short,1789632000,0.825,1.0,365.0,80220.99728395023,58745.86239763121,0.4342613933143923,-0.31125705053329816,0.038189516106638365,1.0,0.949999988079071,1.0,False,76358.48615773817,1.0,4079.848119365524,-14006.451319871487,-4079.848119365524,9926.603200505962,1237.4071049465715
sm,short,1789632000,0.85,1.0,365.0,80220.99728395023,55769.246769910176,0.44730797397645905,-0.36319024484125195,0.038189516106638365,1.0,0.949999988079071,1.0,False,76358.48615773817,1.0,3464.4867889981733,-13391.089989504137,-3464.4867889981733,9926.603200505964,1237.4071049465717
sm,short,1789632000,0.875,1.0,365.0,80220.99728395023,52385.99888216176,0.4640463641250574,-0.4256877163598138,0.038189516106638365,1.0,0.949999988079071,1.0,False,76358.48615773817,1.0,2873.0050499475574,-12799.608250453519,-2873.0050499475574,9926.60320050596,1237.407104946571
sm,short,1789632000,0.9,1.0,365.0,80220.99728395023,48427.35149702708,0.48598047113568593,-0.5041455477918755,0.038189516106638365,1.0,0.949999988079071,1.0,False,76358.48615773817,1.0,2299.739217285354,-12226.342417791317,-2299.739217285354,9926.603200505962,1237.4071049465715
sm,short,1789632000,0.9249999999999999,1.0,365.0,80220.99728395023,43611.235303194946,0.515783731148541,-0.6087295907847372,0.038189516106638365,1.0,0.949999988079071,1.0,False,76358.48615773817,1.0,1737.8881482046136,-11664.491348710577,-1737.8881482046136,9926.603200505964,1237.4071049465717
sm,short,1789632000,0.95,1.0,365.0,80220.99728395023,37389.836828789295,0.5591415473766282,-0.7623915556159756,0.038189516106638365,1.0,0.949999988079071,1.0,False,76358.48615773817,1.0,1178.7790362935427,-11105.382236799505,-1178.7790362935427,9926.603200505962,1237.4071049465715
