wallet,loss,wallet_share,loss_share
W0f65d632046b,-1264375.5785939947,0.0006901311249137336,0.380210134068827
W1f9f4a70385a,-966997.3125683082,0.0013802622498274672,0.6709957076597357
W6572753155b9,-302452.6904055926,0.002070393374741201,0.7619461973049602
W45c984432270,-143033.6727378976,0.0027605244996549345,0.8049578251857417
W181fab06dec5,-87215.50764008363,0.003450655624568668,0.8311843835075907
W33b0442639d3,-69811.56458269873,0.004140786749482402,0.8521774055011496
W3d8fda3d9e8d,-52805.78195201332,0.004830917874396135,0.8680566219108105
W6d9d10b2061b,-41969.31143633908,0.005521048999309869,0.8806772053815316
Wa473137b8332,-38122.46587525171,0.006211180124223602,0.8921410046725475
W7221876334a5,-28482.251478657272,0.006901311249137336,0.9007058969692847
W431c3a21f17b,-23902.053515085823,0.00759144237405107,0.9078934788281473
W9e0f67e39208,-15239.07730474409,0.008281573498964804,0.9124760187974538
W950f272be2cf,-13866.670861226934,0.008971704623878536,0.9166458626923337
W8ff6e7bdb124,-13587.895305881097,0.00966183574879227,0.9207318760442423
Wcfcf908218f9,-13312.718210450446,0.010351966873706004,0.9247351409453601
Wa89746f66988,-12630.161098240884,0.011042097998619738,0.9285331542301573
Wf30f5e5f7454,-11545.986134408651,0.011732229123533472,0.9320051454726661
Wbf7cd8c97dcd,-10184.419058867743,0.012422360248447204,0.935067700144982
W44196ad58aba,-8941.123416438259,0.013112491373360938,0.937756383626729
Wc40ebaabddd8,-7323.9096540458995,0.013802622498274672,0.9399587550728536
W4c06b69603bd,-7271.3563248538585,0.014492753623188406,0.9421453232175889
Wd2fbac8b4770,-7228.887977763105,0.01518288474810214,0.944319120713939
Wf6fc16b49bee,-6092.084968189486,0.015873015873015872,0.9461510703986125
W2bff38dbd5e3,-5959.293048598642,0.016563146997929608,0.9479430882509999
W2a941e7c0397,-5753.4454442524,0.01725327812284334,0.9496732057103623
W365ec9e81c92,-4866.484061232094,0.017943409247757072,0.9511366051849255
Wc336dae16a42,-4665.623257019965,0.018633540372670808,0.952539603846161
Wccd6cb8acc54,-4497.365285899427,0.01932367149758454,0.9538920056856601
Wd4e6a0f83eb9,-4152.063144611654,0.020013802622498276,0.955140571785482
Wc08673e77114,-4102.686742945603,0.020703933747412008,0.9563742899171722
Wa2f320c0f0a7,-3486.058338717102,0.02139406487232574,0.9574225818414825
W344c4db51f60,-3106.480169454824,0.022084195997239476,0.9583567308884169
W0d28e971c5c3,-2930.751728025516,0.022774327122153208,0.9592380366699429
Wbbbd98fd2bb2,-2842.140015681603,0.023464458247066944,0.9600926960407024
Wff324de716a6,-2781.5280785121713,0.024154589371980676,0.9609291288076365
Wc4808cdefb7a,-2646.199263798406,0.024844720496894408,0.9617248668730461
W9aa8ee98400c,-2427.123797487142,0.025534851621808144,0.9624547267976347
W59579444a496,-2337.396017297875,0.026224982746721876,0.9631576046989123
W6805a3a09f85,-2231.3785658881284,0.026915113871635612,0.9638286021130177
W1f21288decaf,-2044.767930819363,0.027605244996549344,0.9644434838793841
W671514d5f62a,-1871.417648632283,0.028295376121463076,0.9650062375161448
W74aafe450e0e,-1682.5142095094252,0.028985507246376812,0.9655121860365058
W887565ece756,-1682.4809317523368,0.029675638371290544,0.9660181245499191
Wd7780198d7e0,-1616.258345731948,0.03036576949620428,0.9665041492823834
W73ad7bb6a69c,-1600.2343903121714,0.031055900621118012,0.9669853554543334
W59794f010c1c,-1468.5425290032672,0.031746031746031744,0.967426960592309
Wae5a47b068d9,-1358.4031899727836,0.03243616287094548,0.9678354457510887
W80850be0d466,-1301.2706725432045,0.033126293995859216,0.9682267506016756
W649d3ad108b5,-1294.5311267401707,0.033816425120772944,0.9686160288047563
W1d25e3f3a382,-1234.1022954810733,0.03450655624568668,0.9689871354657544
W143915abc9b3,-1182.4844951747232,0.035196687370600416,0.9693427201480721
W98b00a6efd61,-1164.0321390115205,0.035886818495514144,0.9696927560259607
W488529897385,-1161.0358579544277,0.03657694962042788,0.970041890892756
W09f78c7197d4,-1138.3286879539155,0.037267080745341616,0.9703841974908813
W51ec045d35bf,-1115.1737522455073,0.03795721187025535,0.9707195411727981
W88d45590fd95,-1097.1016898870066,0.03864734299516908,0.9710494504083617
Wdb6f36702cb0,-1045.9640999391843,0.039337474120082816,0.9713639820692082
Wc9f7941e2b08,-1037.9782415144468,0.04002760524499655,0.9716761123041227
W92de9ac43023,-1037.905138552675,0.04071773636991028,0.9719882205562598
W49a47df2e019,-1027.6833642751346,0.041407867494824016,0.972297255020644
W25508ac83818,-966.1843492848052,0.04209799861973775,0.9725877961282042
W6d92216da3a8,-956.3474327235444,0.04278812974465148,0.9728753791785006
W3551bfb0dd4f,-947.6819785293787,0.043478260869565216,0.9731603564417532
W1cc2d5c1d2a5,-913.4517931518575,0.04416839199447895,0.9734350403526256
W1fdef20595a5,-899.5755014787686,0.04485852311939269,0.9737055515265306
W76b669718b16,-893.7954145148583,0.045548654244306416,0.97397432457161
Wb2dcfe0e8f87,-872.6437753394434,0.04623878536922015,0.9742367371113912
Wb82fa5b01d0e,-827.5368174669075,0.04692891649413389,0.9744855855466527
Wf16aee97dfa3,-817.373355496563,0.047619047619047616,0.9747313777292439
Wfa25054e7753,-799.6682941400791,0.04830917874396135,0.9749718458262817
W7353816a52f0,-757.4832313840544,0.04899930986887509,0.9751996284613115
W2e669cdc8e01,-742.9797075899392,0.049689440993788817,0.9754230497445249
Wd172b0de4fb4,-736.0282122802117,0.05037957211870255,0.9756443806449371
We26f7b0fb847,-731.2007587330277,0.05106970324361629,0.9758642598827331
W57973df8a3ba,-692.6765441106727,0.051759834368530024,0.9760725545114505
Wbb20267b2d37,-687.2021357492297,0.05244996549344375,0.9762792029318954
W0470be673c6a,-671.5423629647436,0.05314009661835749,0.9764811423051152
Wc90fe2e323ba,-658.3875000817989,0.053830227743271224,0.9766791258820787
Wd6019d537d8b,-657.3158741499465,0.05452035886818495,0.9768767872106169
W778473ba387a,-657.0224601310838,0.05521048999309869,0.9770743603066826
W720d535b0ed8,-645.2602963748977,0.055900621118012424,0.9772683964047753
W97be327b6ea5,-630.9927854287298,0.05659075224292615,0.9774581421224291
We3b591cfe178,-625.9088596501117,0.05728088336783989,0.9776463590537519
W223dbb6a3ba4,-619.5440011892622,0.057971014492753624,0.9778326620097261
W2c12023db0ff,-615.9862422027784,0.05866114561766736,0.9780178951126881
W13592d90c814,-601.0313718590471,0.05935127674258109,0.9781986311395008
W712cbfd4ccb6,-578.3110194905094,0.060041407867494824,0.9783725349335762
W673cd8509176,-576.945052674134,0.06073153899240856,0.9785460279680364
W8b407e7ec5ab,-562.6670259173983,0.06142167011732229,0.9787152274598504
Wadedd3204b06,-560.4712046437779,0.062111801242236024,0.9788837666466766
Wc240697f4668,-528.1525646955283,0.06280193236714976,0.9790425873015766
W3d71009713be,-527.5769318885557,0.06349206349206349,0.9792012348580471
Wd2c645c31dca,-526.3806509568577,0.06418219461697723,0.9793595226811116
W808bcf55190a,-525.5275401004271,0.06487232574189096,0.9795175539653764
W288af8da5040,-524.3494259385153,0.06556245686680469,0.9796752309791611
Wef6bde486af4,-520.145941196985,0.06625258799171843,0.9798316439638676
W1eb0f02360a6,-517.4881220006357,0.06694271911663216,0.979987257716281
W873e247c3250,-509.05485135089185,0.06763285024154589,0.9801403355015192
W80d70257b2a0,-503.730662103633,0.06832298136645963,0.9802918122508456
Wee000e563b11,-503.29593896814185,0.06901311249137336,0.9804431582746626
Wd863edc9fca3,-496.8057272032358,0.06970324361628709,0.9805925526281632
W7331a258c791,-494.3027617260923,0.07039337474120083,0.9807411943154026
W17dc742f2dda,-493.33599640887803,0.07108350586611456,0.9808895452868317
W0c7cab2d3d5b,-489.9127252857209,0.07177363699102829,0.9810368668470678
Wfd627e4aeb0b,-486.19028078423673,0.07246376811594203,0.9811830690317427
W1fafecaa33da,-459.5726514707003,0.07315389924085576,0.9813212670342889
W6435c686e816,-447.66208695881346,0.0738440303657695,0.9814558834132999
W236e5508ee15,-435.78793056887696,0.07453416149068323,0.9815869291170546
W50ad28b546e1,-432.52398793267474,0.07522429261559696,0.9817169933212546
W896d7f5d775b,-430.38365822518017,0.0759144237405107,0.9818464139073252
W33fb50ef648e,-426.4760582000745,0.07660455486542443,0.9819746594397528
W8a3f2c31e9e6,-413.79783272580426,0.07729468599033816,0.9820990925054667
Wc6fdf284c5d2,-402.92238756163607,0.0779848171152519,0.9822202552181826
Wb7e15252d51e,-399.5238103934025,0.07867494824016563,0.9823403959454198
W21a2eee58222,-399.3622713986442,0.07936507936507936,0.9824604880962975
Wcccc631a33cc,-391.5208988546434,0.0800552104899931,0.9825782222695641
W925e9304918f,-390.875735647729,0.08074534161490683,0.9826957624359284
Wecdb354f7cd2,-383.51675683755525,0.08143547273982056,0.9828110896852075
Wd60a9d09c3aa,-382.8424505439582,0.0821256038647343,0.9829262141639722
Wcd60a05e3dde,-381.0217127182506,0.08281573498964803,0.9830407911290199
W7771398dec76,-379.6904470717054,0.08350586611456176,0.9831549677694341
W99f7c6ad7a1d,-379.21719789156634,0.0841959972394755,0.9832690020991798
W5e57d233bf0c,-375.8051371329869,0.08488612836438923,0.9833820103887988
W53654f19cac0,-374.0072469088304,0.08557625948930296,0.9834944780351986
W270246ebc2b4,-372.16379105451557,0.0862663906142167,0.9836063913363474
W1a971f5b8442,-371.5249201151451,0.08695652173913043,0.9837181125227404
Wbc508f663f44,-368.63956034060465,0.08764665286404417,0.9838289660531574
W6cf0041bffd4,-365.8211129867632,0.0883367839889579,0.9839389720488193
We587b806c19b,-364.2649391695413,0.08902691511387163,0.9840485100877556
W6c9f5daa1378,-362.4327083327484,0.08971704623878538,0.9841574971569138
Wb11ac7abed7e,-356.84198428758646,0.0904071773636991,0.9842648030405328
W0f4440779986,-354.73980981865316,0.09109730848861283,0.9843714767796765
Wbba6d7079b2c,-353.66540509525646,0.09178743961352658,0.9844778274347851
W6b3557ac41ed,-351.93577236856277,0.0924775707384403,0.9845836579723732
W82b368e81931,-351.2987298370135,0.09316770186335403,0.9846892969450257
Wdc820999b1a7,-347.3014298978003,0.09385783298826778,0.9847937338903917
W3f7f5cc668a6,-341.34717390104925,0.0945479641131815,0.9848963803325963
W69e3473514c5,-340.1773219898649,0.09523809523809523,0.9849986749888604
W89571ac1918c,-339.8111097123001,0.09592822636300898,0.9851008595215018
W1d837ab25812,-338.4981238010102,0.0966183574879227,0.9852026492264053
W5166e95b4a17,-338.3689671584334,0.09730848861283643,0.9853044000926401
W0b6ef1001409,-337.51503054739857,0.09799861973775018,0.9854058941717628
Wdbaab10366a6,-333.08605482542015,0.0986887508626639,0.9855060564144585
Wdc76a03462a0,-328.4592436756034,0.09937888198757763,0.9856048273296741
W7d2c02123402,-325.38849125170276,0.10006901311249138,0.9857026748395262
Wd853aebc9af6,-324.063778633868,0.1007591442374051,0.9858001239953049
W57c3844ca8f5,-323.20970348953415,0.10144927536231885,0.9858973163223134
Wcfd5ae39c9a8,-323.184102545835,0.10213940648723258,0.9859945009508669
W7b25ee595f00,-319.507370144436,0.1028295376121463,0.986090579949936
W5158dc47e543,-315.22980990950236,0.10351966873706005,0.9861853726446996
Wb674b3829b54,-312.3797954955925,0.10420979986197378,0.9862793083121836
Wca27c403b0f6,-312.135106120033,0.1048999309868875,0.9863731703991733
We9ed7be756fb,-308.25342074394115,0.10559006211180125,0.9864658652253092
W598a5f833912,-306.00014334631396,0.10628019323671498,0.9865578824688376
W147027a06a1a,-304.8981525437203,0.1069703243616287,0.9866495683329262
W76f56359c89e,-300.31827834537654,0.10766045548654245,0.9867398769839363
Wc7bd197c0bda,-291.98268008350885,0.10835058661145618,0.9868276790388162
Wee74fa300051,-290.0854480932251,0.1090407177363699,0.9869149105774335
W498069f584a0,-287.34003495487826,0.10973084886128365,0.9870013165434005
We93fa52b2501,-276.47533820653575,0.11042097998619738,0.9870844553885236
W9064522a4b07,-276.0274090537572,0.1111111111111111,0.9871674595369585
W3aa947eb9f6d,-274.22040996136803,0.11180124223602485,0.9872499203030481
We89bf39a1597,-269.1182990686647,0.11249137336093858,0.9873308468143646
Wc4dce861b2a1,-268.93884861404695,0.1131815044858523,0.9874117193631697
Wcd0291e35493,-266.07228468910625,0.11387163561076605,0.9874917299080952
W0c26e98ff7b3,-262.4575298158052,0.11456176673567978,0.9875706534607864
Wd8961d1f136e,-260.9166302860648,0.11525189786059352,0.9876491136498801
Wc74045ae0569,-260.77452649441534,0.11594202898550725,0.9877275311069702
W487964aa4529,-258.6850796595442,0.11663216011042098,0.9878053202469094
W7d02de31153e,-255.53248055348072,0.11732229123533472,0.9878821613693851
We38a2ba20744,-250.7572061308747,0.11801242236024845,0.987957566520019
W35d43d44c80a,-245.88062518925105,0.11870255348516218,0.9880315052349474
W2a7ba5d05e04,-244.31320026488424,0.11939268461007592,0.988104972609832
Wc5c9af362643,-242.45780302063213,0.12008281573498965,0.9881778820485726
Wbaf55c96af92,-241.2932265522829,0.12077294685990338,0.98825044128775
W903bfe502d84,-239.21278685255902,0.12146307798481712,0.9883223749183103
We8786ab94e26,-237.97983907561138,0.12215320910973085,0.9883939377893849
W196b4dba3c94,-237.7542246896911,0.12284334023464458,0.9884654328160013
W970d53984efc,-233.87241110796288,0.12353347135955832,0.9885357605432114
W66ab97ee1bcb,-233.51134571091552,0.12422360248447205,0.9886059796945161
W31c43e5c97cf,-232.838606286917,0.12491373360938578,0.9886759965464796
W03ceb1e79945,-227.30829143905706,0.12560386473429952,0.988744350378542
Wae83320bf0d4,-226.50945229959234,0.12629399585921325,0.9888124639918423
W2c1e82657ffc,-224.1430537071124,0.12698412698412698,0.9888798660058826
W4fae93f5b1a3,-221.0052168582988,0.1276742581090407,0.988946324441615
W5b4a1c4d99f8,-220.25696904294045,0.12836438923395446,0.9890125578718926
W41dd3dfc8e88,-218.25184459318393,0.1290545203588682,0.9890781883415873
Wf9044b667bab,-216.93271963348528,0.12974465148378192,0.9891434221374721
W980a98c48844,-214.8821656679776,0.13043478260869565,0.9892080393116732
W250aab3a18d8,-209.22814742935557,0.13112491373360938,0.9892709562671507
W6a04e640c86d,-207.83564612696273,0.1318150448585231,0.9893334544838325
W417becc93e01,-207.26045975538017,0.13250517598343686,0.9893957797363325
Wc8b842fb9c2d,-206.33684523604188,0.1331953071083506,0.9894578272488903
W543644c7e4fa,-205.2998821771825,0.13388543823326432,0.9895195629364885
W3c3d809ce076,-204.14380416019162,0.13457556935817805,0.9895809509800914
Wc1e9b71521f0,-203.90280577287484,0.13526570048309178,0.9896422665531162
Wb3372748fa8b,-201.71583113439374,0.13595583160800553,0.9897029244814232
W97e31854a2d7,-201.48057282590707,0.13664596273291926,0.9897635116652499
W72d312056c56,-201.1663131158503,0.137336093857833,0.9898240043481005
W3c69bcfde6b9,-200.41526246057433,0.13802622498274672,0.9898842711826548
Wc8e60aaa59b4,-199.31666826735395,0.13871635610766045,0.9899442076591631
W07891f3411ae,-198.34580195648118,0.13940648723257418,0.9900038521866521
W2257c3cbbc3b,-196.9598961950942,0.14009661835748793,0.9900630799586895
Wfbf1220847d4,-196.3806431210469,0.14078674948240166,0.9901221335436476
W51ca297b8327,-194.7107147109696,0.1414768806073154,0.9901806849647588
W4fe6cfd862e0,-191.54513170753452,0.14216701173222912,0.9902382844640213
W88597c86f98d,-190.89837554709993,0.14285714285714285,0.9902956894773647
W275c91d6c1ad,-188.80262422866213,0.14354727398205658,0.9903524642777373
W803a201ac9ee,-188.08893944283335,0.14423740510697033,0.9904090244660967
We6d60e03bbd3,-186.92141824633472,0.14492753623188406,0.9904652335693845
Wced6bd66d06e,-184.58269962298903,0.1456176673567978,0.9905207393970504
W268af4937466,-183.25560053815934,0.14630779848171152,0.990575846153009
Wa970ed3d63e3,-182.94652726931835,0.14699792960662525,0.9906308599676049
W38ff2ae08fea,-182.75503775136306,0.147688060731539,0.9906858161994253
W48b5281dcc3b,-180.9519665928081,0.14837819185645273,0.9907402302300685
W2c89cc01e67b,-177.7803244920517,0.14906832298136646,0.9907936905168333
Wdd342afa1b11,-177.02864134820993,0.1497584541062802,0.9908469247651062
Wb973603297c2,-176.81983652480972,0.15044858523119392,0.9909000962237212
Wce424e3d866b,-176.12513755534155,0.15113871635610765,0.9909530587795444
W7d2a59b3eb69,-174.88613413692292,0.1518288474810214,0.9910056487548909
Wbe3173990acb,-174.00690189998568,0.15251897860593513,0.9910579743364827
W6b7c3f70ba7d,-171.7580165296315,0.15320910973084886,0.9911096236561925
W7f4918cd6c4b,-171.65885443702166,0.1538992408557626,0.9911612431568887
W2f88c9349fcf,-168.8141717998842,0.15458937198067632,0.9912120072336231
Wde849f7eba34,-166.8710542202854,0.15527950310559005,0.9912621869958484
W20f1c451de61,-166.38934376612815,0.1559696342305038,0.9913122219030168
W2d2d61c4b93f,-165.81936206062892,0.15665976535541754,0.9913620854110975
Wa2051fc2b19e,-165.49570469303185,0.15734989648033126,0.9914118515922343
W72f1f8f30dd2,-162.59315747778334,0.158040027605245,0.991460744948963
W3b8545979bd2,-161.94874776299764,0.15873015873015872,0.9915094445253718
W594390e9abfb,-161.46001288204025,0.15942028985507245,0.9915579971344098
Wc70a2673f107,-161.3641685881321,0.1601104209799862,0.9916065209221289
W81bd5fd47fa7,-158.88480359864622,0.16080055210489994,0.9916542991404846
Wfe7a6af4b209,-156.933014066978,0.16149068322981366,0.9917014904365903
W376a94a7d982,-156.90147202689036,0.1621808143547274,0.9917486722476953
W4854fb55a02c,-156.23738535091798,0.16287094547964112,0.9917956543614251
W0addaa2d142a,-156.18070598348757,0.16356107660455488,0.9918426194311135
W3d42a80ef692,-155.18223264857806,0.1642512077294686,0.9918892842500797
W2cdda6581963,-154.5893662099454,0.16494133885438234,0.9919357707882948
W77514706c688,-152.8865476300016,0.16563146997929606,0.991981745272266
W2d80c46b8355,-152.63254439186895,0.1663216011042098,0.992027643374973
W13047ac6f971,-152.51770955540178,0.16701173222912352,0.9920735069457187
W76b935ef39e3,-149.91315844503293,0.16770186335403728,0.9921185873024071
W60f62eb9acff,-148.53930582636582,0.168391994478951,0.9921632545281419
W3ea1e21b6798,-147.43286140733244,0.16908212560386474,0.992207589035191
W3d309c94c6f7,-147.40480823650432,0.16977225672877846,0.9922519151063764
W9d697fb6fd07,-147.0465705240549,0.1704623878536922,0.9922961334519692
W62b81f7c8d22,-145.55342972222505,0.17115251897860592,0.9923399027954822
Wda7e446ccf7c,-143.8821154534744,0.17184265010351968,0.9923831695584068
W34cd9a75c315,-143.0431746595486,0.1725327812284334,0.9924261840436085
W46a8f76a244e,-142.4436900181636,0.17322291235334714,0.9924690182579006
Wde743b7f5b31,-141.8779555813744,0.17391304347826086,0.9925116823503003
W5d9eeae57ff8,-139.22124566555067,0.1746031746031746,0.9925535475439784
W09b8444130f8,-137.33220460953822,0.17529330572808835,0.9925948446844883
W1979dc55736c,-136.84852256469134,0.17598343685300208,0.9926359963770649
We272f4859944,-135.4134798463187,0.1766735679779158,0.9926767165382249
W507894340d6b,-133.90663028611016,0.17736369910282954,0.992716983574947
W2c43e7e99e38,-133.87392381579056,0.17805383022774326,0.9927572407765127
W2fca30555c8a,-133.84464237383733,0.178743961352657,0.9927974891728618
W8428c6a90da3,-133.40437291991526,0.17943409247757075,0.992837605175869
W3af721818476,-132.85515135941372,0.18012422360248448,0.9928775560225679
Weadbae71b38b,-132.28966220228764,0.1808143547273982,0.9929173368211324
W89db0c276d55,-131.03425649195904,0.18150448585231194,0.9929567401068901
Wc1d663fea762,-130.43086447571477,0.18219461697722567,0.992995961946752
Wad78252896d9,-130.15895874737907,0.1828847481021394,0.9930351020218954
Wd21ec8db3a80,-130.0629231001688,0.18357487922705315,0.993074213218178
W9385ad76fdf1,-129.27258433991287,0.18426501035196688,0.993113086751846
W20f940a49700,-129.09584347807308,0.1849551414768806,0.9931519071378037
W5c96bed92d00,-128.9796718315803,0.18564527260179434,0.9931906925898082
Wdcce1de38cb7,-128.9549158042816,0.18633540372670807,0.9932294705974326
Wf3d70f8c352a,-128.55605506729643,0.18702553485162182,0.9932681286637224
W902a8b87e3cf,-128.05497859016464,0.18771566597653555,0.9933066360514022
W605394d6c7bc,-126.29037858335991,0.18840579710144928,0.9933446128065576
Wa87caacdbb70,-125.4381103173944,0.189095928226363,0.9933823332762888
Wdd668d33d7a2,-124.57701649685896,0.18978605935127674,0.9934197948066648
W3754a4a7cd7d,-123.88136077335002,0.19047619047619047,0.9934570471465436
W099020f22157,-123.65961175335686,0.19116632160110422,0.9934942328043178
W9568e09cffdd,-123.49887252843007,0.19185645272601795,0.9935313701262309
Wa088bdddae8e,-123.32256983368461,0.19254658385093168,0.993568454432195
W85ddf02066c6,-121.00529520685643,0.1932367149758454,0.9936048419109573
W77b5e7174cf4,-119.64112965832464,0.19392684610075914,0.9936408191717632
W5a9fd0205c5a,-119.0626294044041,0.19461697722567287,0.9936766224718703
W86684c499372,-118.9133566514356,0.19530710835058662,0.9937123808841969
Wd85bdd223d99,-117.9896690626083,0.19599723947550035,0.9937478615346085
W7f9ebfc2f4aa,-117.94322637554993,0.19668737060041408,0.9937833282192486
W68a6259838de,-117.47436111501347,0.1973775017253278,0.9938186539115077
Wed1d9a778e85,-116.55269349384143,0.19806763285024154,0.9938537024492757
W0c1717abc239,-115.89441227734049,0.19875776397515527,0.9938885530354273
W43e0a0e71b7b,-115.73126355753159,0.19944789510006902,0.9939233545611591
W89ea0151b80c,-115.65313657783562,0.20013802622498275,0.9939581325933421
W7d2ed202a780,-114.43574969918518,0.20082815734989648,0.9939925445453539
W3e3f52eda380,-113.33225214995849,0.2015182884748102,0.9940266246648325
Wcf4de765694a,-110.1706613734857,0.20220841959972394,0.9940597540629642
Web1172113873,-109.99189685536295,0.2028985507246377,0.9940928297048525
W753f7e1cb808,-109.4651875804866,0.20358868184955142,0.9941257469600971
W11dd58578da5,-108.71384648319145,0.20427881297446515,0.994158438279707
Wfe7d411a0ab5,-108.6247818361686,0.20496894409937888,0.994191102816704
W66af72b27d27,-108.31691511446479,0.2056590752242926,0.994223674775159
W6e0f526f3d3f,-108.18157073440398,0.20634920634920634,0.9942562060342319
W5d8edfef30cd,-107.22766754389744,0.2070393374741201,0.9942884504452622
W6b97cbd43920,-107.22600058203989,0.20772946859903382,0.9943206943550206
W40d43f2bd3ad,-106.74604835327538,0.20841959972394755,0.9943527939384377
W921af5b9a135,-106.06858740561097,0.20910973084886128,0.9943846898027052
W460d7a3955de,-105.86027209513641,0.209799861973775,0.9944165230245162
Wdf1599e07a11,-104.93385232807928,0.21048999309868874,0.9944480776628195
W55aa64b78e3b,-104.91093505946333,0.2111801242236025,0.9944796254096754
Wffc15b16453d,-103.53850305697415,0.21187025534851622,0.994510760452771
Wf1c767bedacb,-103.08670070232894,0.21256038647342995,0.9945417596344687
Wf798e35544d9,-100.9459144514858,0.21325051759834368,0.9945721150607495
We9f96b944183,-100.85793240202418,0.2139406487232574,0.9946024440299652
W1419cbf9ead4,-100.83946710558277,0.21463077984817117,0.9946327674464854
Wf1f468a1aa4e,-99.584140783192,0.2153209109730849,0.9946627133740715
W3adcaa5c2d74,-98.19068740227885,0.21601104209799862,0.9946922402765629
Wdc01ec284215,-97.94847672206203,0.21670117322291235,0.9947216943439277
Wfbf701b615af,-97.89505281511217,0.21739130434782608,0.9947511323461998
We95425bc23c7,-97.78208383007436,0.2180814354727398,0.9947805363775905
W1c15d36c5a0f,-97.69132015065634,0.21877156659765357,0.9948099131154527
W9e839b73b31a,-96.59420285004035,0.2194616977225673,0.9948389599393852
W2b57cf52fd1e,-96.50149938816188,0.22015182884748102,0.9948679788864777
W65701680b27f,-95.42834581578381,0.22084195997239475,0.9948966751257683
Wfafc9bb61065,-94.19366233903622,0.22153209109730848,0.994925000083631
W673428a2f087,-93.19434115900648,0.2222222222222222,0.9949530245358162
Wfd641adc2f28,-93.02295801630714,0.22291235334713597,0.9949809974514101
Wd778e92021e1,-92.9678900486615,0.2236024844720497,0.9950089538075262
W8451016c43b6,-91.7647984927716,0.22429261559696342,0.9950365483822146
W3afb20247ff6,-91.50465749165487,0.22498274672187715,0.9950640647299531
W95045e6fdd75,-90.73197027597053,0.22567287784679088,0.9950913487230695
W8836c1e64da8,-88.89418427818782,0.2263630089717046,0.9951180800759164
W4089605e0eb2,-87.72998395867197,0.22705314009661837,0.9951444613423119
W67a89ea88678,-87.39333143935336,0.2277432712215321,0.9951707413739938
W0acbc2081847,-86.94408229486115,0.22843340234644582,0.9951968863120529
W12b82b3d23a8,-86.86306169366526,0.22912353347135955,0.9952230068864228
W586c3784d841,-86.34762232531102,0.22981366459627328,0.9952489724631206
Wb95e8357ce2d,-84.95222683028078,0.23050379572118704,0.9952745184307108
W62bc15520d28,-84.21188816702215,0.23119392684610077,0.9952998417712057
W7b1e1d7f25a2,-83.1170404035015,0.2318840579710145,0.9953248358802429
W09394b3eed74,-82.78537225013805,0.23257418909592822,0.9953497302534141
W685e1a371024,-80.65882445355172,0.23326432022084195,0.9953739851528115
W6b97e01c9e0f,-79.86819395365819,0.23395445134575568,0.9953980023018653
W0e8117f0798f,-78.72949610909382,0.23464458247066944,0.995421677033312
W3d35450dad7f,-78.67931078470711,0.23533471359558317,0.9954453366735394
W4ee1da14f346,-78.61358366384212,0.2360248447204969,0.9954689765489771
Weba421d9c118,-78.5532097671327,0.23671497584541062,0.9954925982693922
Wcdc15778bb0d,-78.37387141482759,0.23740510697032435,0.9955161660610061
Wc5ed8f147d96,-78.28497439611806,0.23809523809523808,0.995539707120415
Wbdc24ccbca7f,-77.87017656828357,0.23878536922015184,0.9955631234460497
W2d757fb49983,-77.31027172606991,0.23947550034506557,0.9955863714028084
W741d5b15ee22,-75.50313893991937,0.2401656314699793,0.9956090759370188
Wa12e2a98d17f,-74.9361517487456,0.24085576259489302,0.9956316099726211
W5fe12762afcf,-74.81172110725674,0.24154589371980675,0.9956541065907097
W27c7c291d53f,-74.64919063774101,0.2422360248447205,0.9956765543342925
W1dd889e584a5,-74.23054155678255,0.24292615596963424,0.9956988761859915
W67d42ca42079,-74.19432340388494,0.24361628709454797,0.9957211871465368
W2503aae55de2,-74.05287474639954,0.2443064182194617,0.9957434555720839
W2f5c34f08fa6,-73.67304496101019,0.24499654934437542,0.9957656097790902
W25c3ab40336f,-73.28127576154839,0.24568668046928915,0.9957876461772569
Wd745aa2c3b3e,-73.14939139906335,0.2463768115942029,0.9958096429165025
Waef65f27568c,-73.10667373706703,0.24706694271911664,0.9958316268101284
W336ce45d577d,-72.5348213843539,0.24775707384403037,0.9958534387421446
W53d09b56eec0,-71.3172808279163,0.2484472049689441,0.9958748845477772
Wc8cc018d7884,-71.29979079548502,0.24913733609385783,0.9958963250939854
W529fe737a2f7,-71.08887428952224,0.24982746721877155,0.9959177022155321
W4c44d1c16e30,-70.88025263759937,0.2505175983436853,0.9959390166025025
W41efa0ad7a5f,-70.6034233592932,0.25120772946859904,0.9959602477441947
Wd9e4d60f8ddd,-70.23161899680758,0.25189786059351277,0.9959813670806693
W48722865a09f,-69.9248645907137,0.2525879917184265,0.9960023941730861
Wfb6fbaad659a,-69.83084014826204,0.2532781228433402,0.9960233929914312
Wb141c7b12125,-69.56883648375879,0.25396825396825395,0.9960443130227054
Wd0724a2b3aec,-69.13087910599289,0.2546583850931677,0.9960651013559018
Wfa35b5512525,-68.96640848545388,0.2553485162180814,0.9960858402311699
Wcc9e0065b409,-68.18816599330034,0.2560386473429952,0.9961063450812897
W7091697ba6aa,-67.64051330770599,0.2567287784679089,0.9961266852468772
W232bce285cb6,-66.93916094657897,0.25741890959282265,0.9961468145089326
Weea6dd3da10c,-66.92051292205724,0.2581090407177364,0.9961669381633441
Wd4912a20ee5b,-66.72135990173817,0.2587991718426501,0.9961870019304897
We66f00bbbb17,-66.59212512083043,0.25948930296756384,0.9962070268354696
Waaf12ac1b6b9,-66.22990415268315,0.26017943409247757,0.9962269428170525
W917e6aba864a,-65.57941508730579,0.2608695652173913,0.9962466631901953
Wf0a862f7bf47,-65.44871305818015,0.261559696342305,0.9962663442599563
W1cc58e387935,-65.02794767097461,0.26224982746721875,0.9962858988014396
W439b06ef7d3f,-64.45558248406985,0.2629399585921325,0.996305281227099
W53925430cadc,-63.46994448094483,0.2636300897170462,0.9963243672617466
W5861375ac58d,-62.54404778158069,0.26432022084196,0.9963431748701779
W4d8880357b91,-61.99601085741676,0.2650103519668737,0.9963618176785324
W9e84442c2557,-61.6326944755297,0.26570048309178745,0.9963803512340884
Wf99b80213310,-61.53574367666244,0.2663906142167012,0.9963988556355885
W5b95266496f8,-60.750795990754845,0.2670807453416149,0.9964171239956229
W9b9c2c35d45d,-60.22748997879977,0.26777087646652864,0.9964352349924084
Wc7e63febfb09,-60.046006503619736,0.26846100759144237,0.9964532914153332
Wf2482aed8bb5,-59.7848452881951,0.2691511387163561,0.99647126930452
W887a1b201ad4,-58.729990387579164,0.2698412698412698,0.9964889299884949
Wccddffb79d8b,-58.120433251129725,0.27053140096618356,0.9965064073726619
W50ffc0c3ec24,-56.89178522277689,0.2712215320910973,0.9965235152903196
W11ffed7e2a56,-56.82441618750815,0.27191166321601107,0.9965406029494478
Wb4958b412d0a,-56.818482023850436,0.2726017943409248,0.9965576888241148
W8212c7210135,-56.68432408410479,0.2732919254658385,0.9965747343561738
W3cf3f014a225,-56.51624547945354,0.27398205659075225,0.9965917293453483
W16ab8e139926,-56.482963546912245,0.274672187715666,0.9966087143263196
Wf48bbaa452fd,-56.25405669802374,0.2753623188405797,0.9966256304727568
W83043aebca34,-56.218924568869625,0.27605244996549344,0.9966425360546183
W9cd970dd6a25,-56.026773822071846,0.27674258109040717,0.9966593838548661
W60da27e2176b,-55.80621171933882,0.2774327122153209,0.9966761653299269
W37f4b3ad8517,-55.145327282036305,0.2781228433402346,0.9966927480705572
W6205773ba54e,-54.81589146108805,0.27881297446514836,0.996709231746606
W8524e592513c,-54.58641135099924,0.2795031055900621,0.9967256464157355
W83049ab106af,-54.58621981914014,0.28019323671497587,0.9967420610272696
W0f1ac29fc54d,-54.56180851934187,0.2808833678398896,0.9967584682980865
Wc6208e7f3953,-54.43583949196511,0.2815734989648033,0.9967748376887815
Wddacb05467ea,-54.121270793391886,0.28226363008971705,0.9967911124855846
Wcd8cfe3a3ba5,-54.06291315180988,0.2829537612146308,0.9968073697336726
We64d46a96606,-54.04050078595901,0.2836438923395445,0.9968236202421425
W210df0e14e2f,-53.210772309792155,0.28433402346445824,0.9968396212431239
Wad387d33edbf,-52.958810252690455,0.28502415458937197,0.996855546476644
Wd428a24e1911,-52.416479277962026,0.2857142857142857,0.9968713086259223
W9037427f1261,-52.149291380042996,0.2864044168391994,0.9968869904291798
W95fba037d463,-51.902045421852755,0.28709454796411316,0.9969025978831534
Wa27005ebd0b7,-51.30836141596588,0.28778467908902694,0.9969180268105252
W276e686ace8d,-50.85796745839798,0.28847481021394067,0.9969333203000176
W42dc2e0fd369,-50.317102031138525,0.2891649413388544,0.9969484511459729
W40752e1bb096,-50.01183039689508,0.2898550724637681,0.9969634901937544
Wb330d85d0d98,-49.92536002108626,0.29054520358868186,0.996978503239046
W3b91abefbeea,-49.803091451937306,0.2912353347135956,0.99699347951698
Wa571d00ae7ae,-49.64032932701957,0.2919254658385093,0.9970084068507471
Wd9d931292a14,-49.5605610419334,0.29261559696342304,0.9970233101974088
W4cd4f0beea51,-49.14607667780865,0.29330572808833677,0.9970380889045579
W5bae30e1e22e,-49.06868596573622,0.2939958592132505,0.9970528443395611
W917b4ed89ce5,-48.95032976377308,0.2946859903381642,0.9970675641836939
W5c9a5178028e,-48.82418199176796,0.295376121463078,0.9970822460939547
W5a5ddbf1d35b,-48.57484562587895,0.29606625258799174,0.9970968530263256
Wf119193864b6,-48.292160686098214,0.29675638371290547,0.9971113749525631
W5f92fe9bad59,-48.114872606065944,0.2974465148378192,0.9971258435665367
Wa3f600d0cd87,-48.04127892073427,0.2981366459627329,0.9971402900501674
W7a8b855ff8d4,-47.505452057841346,0.29882677708764666,0.9971545754054064
W0615b83f0cfa,-47.11158330097351,0.2995169082125604,0.9971687423204484
W50447159b219,-46.92503817686816,0.3002070393374741,0.9971828531395425
W219605e6c379,-46.80747097933242,0.30089717046238784,0.9971969286050273
W16e9c5a97c0b,-46.65484302252913,0.30158730158730157,0.997210958173789
Wf24cc89cd759,-46.64188663443747,0.3022774327122153,0.9972249838464379
We4162ac82d3f,-46.58537305434584,0.30296756383712903,0.9972389925248989
W194c23805329,-46.54496416999712,0.3036576949620428,0.9972529890520123
W246970d7bb11,-46.35370489588284,0.30434782608695654,0.9972669280655867
W5e5f1b183926,-45.54172595736416,0.30503795721187027,0.9972806229091324
W979b95debb07,-45.499477448756195,0.305728088336784,0.9972943050481374
Wb440f4ac87c5,-45.344389341715214,0.3064182194616977,0.997307940550628
Wfee66c8bccd2,-45.20022538685932,0.30710835058661146,0.9973215327016037
W1dbc53499d60,-45.06947755667352,0.3077984817115252,0.9973350855354249
Wd0a3b2bdf2fc,-44.71579008018498,0.3084886128364389,0.997348532011954
Wced2b4207461,-44.426564979550584,0.30917874396135264,0.9973618915156592
W8567eb913a19,-44.296470435962455,0.30986887508626637,0.9973752118986595
W6311e87f96e4,-43.771099885597266,0.3105590062111801,0.997388374297584
W5d1a1f34ae7f,-43.68054365610297,0.3112491373360939,0.9974015094653623
W32da282bb49d,-43.498253661656804,0.3119392684610076,0.9974145898167519
W0ae8b16b0f28,-43.3638924772348,0.31262939958592134,0.9974276297644159
W64563c6808da,-42.50834074745944,0.31331953071083507,0.9974404124392858
W1b63f8fbcb66,-41.751892216418106,0.3140096618357488,0.9974529676426653
Wcb9028f737d0,-41.63440939981864,0.3146997929606625,0.9974654875178097
W14b5e08d9059,-41.56630860100495,0.31538992408557626,0.9974779869143763
Wdb048a8925e4,-41.12418943541512,0.31608005521049,0.9974903533613747
Wc9696bb260f0,-41.063739610357,0.3167701863354037,0.9975027016305179
Wf064f22f79f9,-40.99114810159239,0.31746031746031744,0.9975150280706827
W6fc86d3a5580,-40.74241952972075,0.31815044858523117,0.9975272797157271
W7acf8ff84801,-40.660037925446886,0.3188405797101449,0.9975395065878152
We53f22b2d147,-40.36838597248858,0.3195307108350587,0.9975516457573014
W4951f1d0d018,-40.111118504519254,0.3202208419599724,0.9975637075639373
W6083a453ee3a,-39.80040221584022,0.32091097308488614,0.9975756759351386
Wc6d629c6eaf2,-39.21640173271476,0.32160110420979987,0.9975874686916683
Wca4344500134,-39.13071314016997,0.3222912353347136,0.997599235680798
Wa81beaf1af7f,-38.72792741367448,0.32298136645962733,0.9976108815483103
W84e873c127be,-38.2853125953352,0.32367149758454106,0.9976223943172069
W994f1b31f53d,-38.16473645035762,0.3243616287094548,0.9976338708276743
W4ac028f66639,-38.13423265451216,0.3250517598343685,0.9976453381653512
W45772f12e964,-37.76662057660102,0.32574189095928224,0.9976566949584716
Wa786d0fd40cb,-37.49367903662482,0.32643202208419597,0.997667969675395
Wde82558ad2f9,-37.47901903275893,0.32712215320910976,0.9976792399839113
W3b7c78a9a65f,-37.0384775172588,0.3278122843340235,0.9976903778172742
Wf8efb9ceb031,-36.924842181027,0.3285024154589372,0.9977014814793773
Wb6ce90bd8395,-36.79558893261151,0.32919254658385094,0.9977125462737612
W4b31b592522a,-36.73846325432804,0.32988267770876467,0.9977235938898935
Wce7c1f699c82,-36.60353106063394,0.3305728088336784,0.9977346009305922
W25b6d1f3ad60,-36.46932301287097,0.33126293995859213,0.9977455676136149
W3f47d918c1fe,-35.87667482378606,0.33195307108350586,0.9977563560815161
W994cecd2c749,-35.07804839684907,0.3326432022084196,0.99776690439462
Wed85b94339d3,-34.89809744506965,0.3333333333333333,0.9977773985947082
W8c6cc8c19573,-34.83942522540477,0.33402346445824704,0.9977878751514846
Wac536cfca04a,-34.48070221066072,0.33471359558316083,0.997798243836733
W9fe0a5cf84d4,-34.39781771361834,0.33540372670807456,0.9978085875978006
W9e53e4971b62,-34.299411117398684,0.3360938578329883,0.9978189017670397
Wdbf5b4510282,-34.25560973294372,0.336783988957902,0.997829202764773
Wba34c24f139d,-34.11194639781753,0.33747412008281574,0.9978394605615329
W3b1184eaa574,-33.96345736598245,0.33816425120772947,0.9978496737061848
W4ad18bf317fa,-33.446805715377145,0.3388543823326432,0.9978597314886196
W7a18eefa8a14,-33.33326558518456,0.33954451345755693,0.9978697551284239
Wbad7d6aa395b,-33.093984046521655,0.34023464458247066,0.9978797068139232
Wbb1dae098c40,-33.033598454594355,0.3409247757073844,0.9978896403408829
W789068fcb1c5,-32.956933987748926,0.3416149068322981,0.9978995508140858
W0a6fa7a47937,-32.77341132962414,0.34230503795721184,0.9979094061002259
W782ef80aee38,-32.691953435373655,0.34299516908212563,0.9979192368911785
Wa7416f7b02fa,-32.582939636984065,0.34368530020703936,0.9979290349006129
W6e79a2adde29,-32.23408120971885,0.3443754313319531,0.9979387280048976
W41df18fd21bd,-31.85735956943911,0.3450655624568668,0.9979483078252912
W776d6878a4d5,-31.852751779777464,0.34575569358178054,0.9979578862600773
W08335bb66b3a,-31.81582932570141,0.34644582470669427,0.9979674535919194
W2be89a628c39,-31.704120344455077,0.347135955831608,0.9979769873317755
Wa6800b7d98e2,-31.23983214145892,0.34782608695652173,0.9979863814556165
Wcee2f2e80407,-31.229689378217707,0.34851621808143546,0.9979957725294291
W7b89e7e523fe,-31.148818956675214,0.3492063492063492,0.9980051392847129
W36a090e008c7,-30.84718744861985,0.3498964803312629,0.9980144153364449
Wede799dc8910,-30.797004782544267,0.3505866114561767,0.9980236762977569
W15c5ea81d8b7,-30.72449809355712,0.35127674258109043,0.9980329154555967
Wbe6321219293,-30.53843442058271,0.35196687370600416,0.9980420986622656
W5704dcee792f,-30.384830743836574,0.3526570048309179,0.9980512356788027
W8778bf6cb81e,-30.050245695111578,0.3533471359558316,0.998060272082335
W25cab173ea72,-30.00771463684717,0.35403726708074534,0.998069295696361
W8f03303c5b5c,-29.99741030886727,0.3547273982056591,0.9980783162117747
W324ec6d7b62c,-29.996110927614907,0.3554175293305728,0.9980873363364516
Wb3ce1a8820e4,-29.76180933276565,0.35610766045548653,0.9980962860043415
W5f1bc7b80371,-29.678218074539473,0.35679779158040026,0.9981052105355205
We27c72108e7b,-29.466934304704083,0.357487922705314,0.9981140715315981
W1af8d9c5c584,-29.141395819144236,0.3581780538302277,0.9981228346350612
Wf7b7e6f9f1d8,-28.820422781822433,0.3588681849551415,0.9981315012187847
W28ab341e78dd,-28.752392421130935,0.35955831608005523,0.9981401473451116
W69baf6b3c35f,-28.69272898978049,0.36024844720496896,0.9981487755300597
W2ea61c247e9e,-28.394446081103524,0.3609385783298827,0.9981573140184123
W16f720b5a71d,-28.214664718153266,0.3616287094547964,0.9981657984447465
W5b525693d777,-28.058357475711887,0.36231884057971014,0.9981742358679602
W19cab797b2d7,-28.02557196379712,0.3630089717046239,0.9981826634322488
Wb4247676285a,-27.9823409050531,0.3636991028295376,0.9981910779965343
W6e570a94fd76,-27.8160818454553,0.36438923395445133,0.9981994425650904
W1997907740df,-27.812780416402198,0.36507936507936506,0.9982078061408745
Wac81db3fdff9,-27.7890765251473,0.3657694962042788,0.9982161625886659
W5d8ab4e88d4e,-27.320922747858276,0.36645962732919257,0.998224378258026
W60f6a687dff4,-27.239586950345256,0.3671497584541063,0.9982325694689144
W1c90ab89971b,-27.239377005957067,0.36783988957902003,0.9982407606166704
W843873783bee,-27.11789668516576,0.36853002070393376,0.9982489152341029
Wda383677e96c,-27.103080178846056,0.3692201518288475,0.9982570653960666
W8ce7fb68b2cf,-27.085772206313923,0.3699102829537612,0.9982652103533534
W7228d875f2e8,-26.712900000001355,0.37060041407867494,0.9982732431843115
We3b9233224b9,-26.440736285619664,0.3712905452035887,0.9982811941729719
W270c78b10f09,-26.428467883693884,0.3719806763285024,0.9982891414724037
Wf568bdbb124e,-26.39619984984165,0.37267080745341613,0.9982970790685213
W8a59014e495f,-25.842111864246938,0.37336093857832986,0.9983048500449486
W06b3cc0fe631,-25.816597755720558,0.37405106970324364,0.9983126133490332
W8fed72fd10df,-25.6852481358128,0.3747412008281574,0.9983203371549992
Wff188a82446d,-25.65040613992187,0.3754313319530711,0.9983280504836355
Wacbc2d851fbc,-25.649558297242038,0.37612146307798483,0.9983357635573172
Wada6ad1e428b,-25.438549241186003,0.37681159420289856,0.9983434131785067
Wc977612c5df5,-25.328681032958794,0.3775017253278123,0.9983510297612488
Wf455b7c59709,-25.218275646776743,0.378191856452726,0.9983586131440085
Weeea1683b2af,-25.164713655092783,0.37888198757763975,0.9983661804201522
W57142210d2d5,-25.046651130622195,0.3795721187025535,0.9983737121937373
Wb803fbf83f8d,-24.791094694949315,0.3802622498274672,0.9983811671189962
W8c63774488a6,-24.788711886844975,0.38095238095238093,0.9983886213277213
W41e4b9a1d902,-24.61755185736547,0.38164251207729466,0.9983960240669474
W3af381b9368a,-24.55873134339288,0.38233264320220844,0.9984034091182682
W4ee971ffa26b,-24.165652467600758,0.3830227743271222,0.9984106759669167
W93215151e463,-24.126259969023522,0.3837129054520359,0.9984179309698547
W23b4b646e54d,-23.89424506844196,0.38440303657694963,0.998425116203637
W9beec5d640f7,-23.89004712777521,0.38509316770186336,0.9984323001750576
Wed2b6c236ed9,-23.69552751887003,0.3857832988267771,0.9984394256525244
We44d6e0dd2ff,-23.668402926171055,0.3864734299516908,0.9984465429733601
We4245a7219c1,-23.534804152675676,0.38716356107660455,0.9984536201197347
W0efcf1d6582e,-23.322830237529136,0.3878536922015183,0.9984606335234746
W63708e7fa230,-23.2234204493044,0.388543823326432,0.9984676170337164
W01aebe4d5bf0,-23.129996784247627,0.38923395445134573,0.9984745724505459
W13cb3bda4e6e,-23.011861101226017,0.3899240855762595,0.9984814923428175
We2f09ddc2d9b,-22.913419671038753,0.39061421670117324,0.9984883826327855
W9b1533652add,-22.883991074718345,0.391304347826087,0.9984952640732861
W3ac050d38d90,-22.394242978614784,0.3919944789510007,0.9985019982417321
W0560dafdd499,-22.2420251825378,0.39268461007591443,0.9985086866367944
We3d9c5a1879d,-22.145760052014204,0.39337474120082816,0.9985153460839878
W4d6622f2591f,-22.09320995832666,0.3940648723257419,0.9985219897288529
Wf45b17e2c22d,-21.886105675410583,0.3947550034506556,0.9985285710954294
W3ea819a2d17f,-21.85193981736552,0.39544513457556935,0.9985351421879973
W932a66351a59,-21.725239431483715,0.3961352657004831,0.998541675180517
W6b9607eb801e,-21.6858887846233,0.3968253968253968,0.9985481963399111
Wb12edf07710b,-21.66162405886562,0.39751552795031053,0.9985547102026645
W920e5a56fb03,-21.607741282795352,0.3982056590752243,0.9985612078623386
Wf306ee4141c4,-21.60411532782109,0.39889579020013805,0.9985677044316527
Wff84c86133e9,-21.584373291214348,0.3995859213250518,0.9985741950643425
Wb5c19362dd41,-21.523887537634437,0.4002760524499655,0.9985806675083733
We5b9308d0557,-21.41409095405652,0.40096618357487923,0.9985871069354949
Wed194069d32d,-21.32105520840196,0.40165631469979296,0.9985935183858554
W438d7a866690,-21.265994642243495,0.4023464458247067,0.9985999132789639
W59a6d2c37321,-21.14735394714407,0.4030365769496204,0.998606272495652
Wd4276f260ec8,-21.105735380543045,0.40372670807453415,0.9986126191972291
Wd19c36886945,-20.93674108548532,0.4044168391994479,0.9986189150805646
W1ace46101606,-20.72041178440181,0.4051069703243616,0.998625145911558
W6e5c0cfa2ef7,-20.43174742442878,0.4057971014492754,0.998631289938348
Wd3c2c078e1aa,-20.097001089061905,0.4064872325741891,0.9986373333036328
W903ae8c53de6,-20.08124853368291,0.40717736369910285,0.9986433719319697
W1231a7191aa0,-19.824345423739942,0.4078674948240166,0.9986493333070223
Wd6017229451b,-19.75365570042784,0.4085576259489303,0.9986552734249821
W10fa4fe56b82,-19.626538780481496,0.40924775707384403,0.9986611753176375
Wd5e5ac46ddfd,-19.582249095812585,0.40993788819875776,0.9986670638919505
Wf7e9f532bc97,-19.17384112970948,0.4106280193236715,0.9986728296539834
W3d15b3f551ce,-19.10701249251743,0.4113181504485852,0.99867857531999
W4ce60e9c5dac,-19.10314519463016,0.41200828157349895,0.9986843198230622
W42d5d5e04090,-19.054830858254128,0.4126984126984127,0.9986900497975397
Wa42eb7c19f71,-18.930130852459058,0.41338854382332646,0.9986957422735027
Wb17aafbaef38,-18.89424934581634,0.4140786749482402,0.9987014239595448
W0e0d4f5d498a,-18.853247354485575,0.4147688060731539,0.998707093315886
W1729b2fd2885,-18.852410340174078,0.41545893719806765,0.9987127624205289
Wddebc1a88a9e,-18.750858376128235,0.4161490683229814,0.9987184009875005
Wa844e6e5fa52,-18.722993382331737,0.4168391994478951,0.9987240311751951
W317430a34691,-18.58751483521749,0.41752933057280883,0.9987296206231624
We3116c1f2d0a,-18.555813875434872,0.41821946169772256,0.9987352005383401
W4379cf6e95aa,-18.514980584514777,0.4189095928226363,0.9987407681745468
W7e86cb372ce1,-18.462991728642315,0.41959972394755,0.9987463201771948
W0d9eb9f5d1d2,-18.382548761324184,0.42028985507246375,0.9987518479898538
W231787691bb0,-18.34908764339815,0.4209799861973775,0.9987573657404266
W770fa02c3984,-18.27277165860864,0.42167011732229126,0.9987628605420343
W177eb9b53b48,-18.246335318230145,0.422360248447205,0.9987683473939755
W716e1e1845dc,-18.244846691637708,0.4230503795721187,0.9987738337982719
W4bba74e57563,-18.22844757606714,0.42374051069703245,0.9987793152711935
W3505a95c48a3,-18.18237877867341,0.4244306418219462,0.998784782890776
W52fec58b8975,-18.118024109229122,0.4251207729468599,0.9987902311582784
Wd26b9fffbf41,-18.104067382520427,0.42581090407177363,0.9987956752288562
W7c9e28d0569d,-17.96198649551967,0.42650103519668736,0.998801076574318
W3657a14f6d4f,-17.846523659344378,0.4271911663216011,0.998806443198973
W7d9362482643,-17.835914291423933,0.4278812974465148,0.998811806633287
W4a831533577e,-17.83108592752842,0.42857142857142855,0.9988171686156645
W138a8bec6c9f,-17.784129326861965,0.42926155969634233,0.9988225164777319
W5d90351793cc,-17.77369100500416,0.42995169082125606,0.9988278612008935
W0487340d72ae,-17.720020171008926,0.4306418219461698,0.998833189784709
W2f4d3d8dddc0,-17.660233127409086,0.4313319530710835,0.9988385003899743
W5e43d87b484a,-17.570336327964867,0.43202208419599725,0.9988437839623906
W8043bc8014e3,-17.548935979193175,0.432712215320911,0.9988490610995122
W11df5919dffe,-17.468271549046648,0.4334023464458247,0.9988543139800486
W3fe8525aa455,-17.43126682782321,0.43409247757073843,0.9988595557329026
W13388097a7f5,-17.410000000001048,0.43478260869565216,0.998864791090613
W0e55af7cc2ca,-16.9906108275552,0.4354727398205659,0.998869900333887
Wacac10ea09c8,-16.916975952220483,0.4361628709454796,0.9988749874344319
Wb5e082c3b620,-16.746885603171265,0.43685300207039335,0.9988800233871411
Wa67e107a31fb,-16.742622840048096,0.43754313319530713,0.9988850580579957
Wce1c1840fd2b,-16.683423095265034,0.43823326432022086,0.9988900749269064
W36bd97d76fa3,-16.611339994851093,0.4389233954451346,0.9988950701197221
Wdac4f38d9136,-16.51555383274086,0.4396135265700483,0.9989000365086995
W4814df792169,-16.443051612185666,0.44030365769496205,0.9989049810955484
Wd6beebb469ab,-16.365657670060134,0.4409937888198758,0.9989099024092799
W23409fdea4e7,-16.301918431334187,0.4416839199447895,0.9989148045559975
W164b18f5049e,-16.24615479711946,0.44237405106970323,0.9989196899340435
Wa8822ff5d373,-16.15530589523405,0.44306418219461696,0.9989245479929337
We6e247097f5a,-16.132029035594385,0.4437543133195307,0.9989293990522442
Wab6f1fec3beb,-16.072937910388063,0.4444444444444444,0.9989342323422739
Wdc24de217a66,-16.068809098465117,0.4451345755693582,0.9989390643907294
W2785558e1c85,-15.908695422494953,0.44582470669427193,0.9989438482914326
W3a9b08f589dc,-15.859593329237647,0.44651483781918566,0.9989486174266546
W0c2d13ffd4bd,-15.810567078138718,0.4472049689440994,0.9989533718192025
W8987c39784dd,-15.777691310939606,0.4478951000690131,0.9989581163256847
Wf1ae0d621909,-15.766757098298513,0.44858523119392685,0.998962857544142
W444a5f21137a,-15.741472936931984,0.4492753623188406,0.998967591159404
Wd899e1e06f97,-15.622033263059393,0.4499654934437543,0.998972288857985
Wf325213e3351,-15.61450923826482,0.45065562456866803,0.9989769842940179
W1a7d67df4bbb,-15.591972631287781,0.45134575569358176,0.9989816729530723
Wdea8eabc63d9,-15.561861589879108,0.4520358868184955,0.9989863525574412
W190b5e34446b,-15.50813632587483,0.4527260179434092,0.9989910160060963
Wec73aa91728d,-15.503953764886791,0.453416149068323,0.9989956781970143
W6b8c566d6b3c,-15.42599348568275,0.45410628019323673,0.9990003169445121
Wa4a6ce373fcc,-15.401856438029426,0.45479641131815046,0.9990049484337629
We3cd7f5c2afa,-15.375428874144848,0.4554865424430642,0.999009571975986
W9eef2ed24612,-15.320365855868147,0.4561766735679779,0.9990141789602198
Wbdc4824f6244,-15.293707540931699,0.45686680469289165,0.9990187779280367
W35ee08d52cfe,-15.251386802033991,0.4575569358178054,0.9990233641695926
W5f8193c00e0d,-15.249416849787227,0.4582470669427191,0.9990279498187644
Wabd4117853af,-15.236468830631562,0.45893719806763283,0.99903253157434
W5a4803ce14aa,-15.106551039167897,0.45962732919254656,0.9990370742623618
W9b6df2e5c0c6,-15.051405399431609,0.4603174603174603,0.999041600367549
W5f0181b6d644,-14.951248584244535,0.4610075914423741,0.9990460963545997
W61bc7463a099,-14.906100881780638,0.4616977225672878,0.9990505787652938
W47d32b349b86,-14.786335244637165,0.46238785369220153,0.9990550251612864
W6bf0ba582738,-14.778863267843292,0.46307798481711526,0.9990594693103823
W311a851beacf,-14.753850290528266,0.463768115942029,0.9990639059378306
Wa770f8e3fa4f,-14.747221019844801,0.4644582470669427,0.9990683405717923
Wd54e8f57998c,-14.670235742304342,0.46514837819185645,0.9990727520555261
W711b7030f571,-14.606786841827047,0.4658385093167702,0.9990771444595535
W68a22d6eed19,-14.581973937957342,0.4665286404416839,0.9990815294020973
W150e1e42bc54,-14.50344315497017,0.46721877156659763,0.9990858907296646
W88750e7406e4,-14.454809294741104,0.46790890269151136,0.9990902374325533
Waf8bc190eab9,-14.413747767865129,0.46859903381642515,0.9990945717878382
Wdacae076b923,-14.323476841487615,0.4692891649413389,0.9990988789977706
Wf4378cf290a8,-14.267863022016215,0.4699792960662526,0.9991031694840821
W3dd273adf88b,-14.095299712054455,0.47066942719116633,0.9991074080789141
Wbba04e65a8a7,-13.871876737631375,0.47135955831608006,0.9991115794882671
W8636a401b65e,-13.850161312362893,0.4720496894409938,0.9991157443675787
Weff6c72d39ec,-13.817306929512782,0.4727398205659075,0.9991198993672553
Wd80243bab93d,-13.811156374480369,0.47342995169082125,0.9991240525173997
Wa2d277283f6f,-13.65921445376673,0.474120082815735,0.9991281599771187
W48db67e53d10,-13.630991343708548,0.4748102139406487,0.9991322589498718
Wc34988e91397,-13.627942529253446,0.47550034506556244,0.9991363570058164
W63c82ca46e00,-13.593684476181807,0.47619047619047616,0.9991404447600286
Wff036bdcef19,-13.537243586021619,0.47688060731538995,0.9991445155419116
W9ff98cbd4f2a,-13.488698639332853,0.4775707384403037,0.9991485717258534
W1081e32f6206,-13.486177776713497,0.4782608695652174,0.9991526271517469
W413bbc9b35a6,-13.479229791701158,0.47895100069013113,0.9991566804883132
Wfd7ecb1dd529,-13.293930328669195,0.47964113181504486,0.9991606781035139
W88a71c598a4e,-13.28689041775867,0.4803312629399586,0.9991646736017445
We0e5772dc298,-13.219524376574714,0.4810213940648723,0.999168648842346
W4f2de726562c,-13.166126987156336,0.48171152518978605,0.9991726080258289
W639c4a082668,-13.089063608535326,0.4824016563146998,0.9991765440355982
W570a619d4b56,-13.026602937632092,0.4830917874396135,0.9991804612628314
W686eb93fc587,-12.906317720122933,0.48378191856452724,0.9991843423191202
W5c034eea09b4,-12.874296428863582,0.484472049689441,0.9991882137462926
W8f4e8714178f,-12.844481756966468,0.48516218081435475,0.9991920762079011
Wf007f13d15d4,-12.794847664621557,0.4858523119392685,0.9991959237440511
Wd4e485738f62,-12.595261289266823,0.4865424430641822,0.9991997112626211
W666143f54840,-12.586607212989481,0.48723257418909593,0.9992034961788256
W592ccc27bf60,-12.573558103233324,0.48792270531400966,0.9992072771710347
Wcbb5b1104039,-12.527846090803962,0.4886128364389234,0.9992110444171937
Wa8edb32c2c82,-12.48512085382399,0.4893029675638371,0.9992147988154548
W43c4f6b38bcb,-12.474908092434362,0.48999309868875085,0.9992185501426385
W0774dccb90e4,-12.45644526943687,0.4906832298136646,0.9992222959178702
W5aafe87c71d9,-12.441137239943497,0.4913733609385783,0.9992260370898274
W804bbe789a6e,-12.396984264031559,0.49206349206349204,0.9992297649845517
W10aebfd1ba37,-12.393823506379409,0.4927536231884058,0.9992334919288053
W9093303132c4,-12.390974451474193,0.49344375431331955,0.99923721801632
Wddeace0d857b,-12.38642924407759,0.4941338854382333,0.9992409427370466
Wc12ea0cafa55,-12.349876543441553,0.494824016563147,0.9992446564660175
We057dcc5c0fe,-12.254601836776498,0.49551414768806074,0.9992483415449498
W8216949c6b65,-12.2443262349776,0.49620427881297446,0.999252023533908
Wc6708012a0c6,-12.23706858327497,0.4968944099378882,0.999255703340419
Wca1597ae6ad3,-12.215437821713408,0.4975845410628019,0.9992593766423481
W01be38ead5fc,-12.1924293035987,0.49827467218771565,0.9992630430253902
W5b4eac83b72b,-12.159751140627241,0.4989648033126294,0.9992666995817882
W470069847ead,-12.125788057585215,0.4996549344375431,0.9992703459251542
W66888ea6db25,-12.10429005051768,0.5003450655624568,0.9992739858038585
Wfe78bc5a7ebe,-12.027200605630494,0.5010351966873706,0.999277602501011
W9f6fdcaaa1ce,-11.997371163025015,0.5017253278122843,0.9992812102281576
W1f381653d5a3,-11.972877551336694,0.5024154589371981,0.9992848105898351
W516f5678bec9,-11.850072835182875,0.5031055900621118,0.9992883740229301
W3744c95a6e8d,-11.822483345210912,0.5037957211870255,0.9992919291595951
W7de1a8f36e6f,-11.790100257672961,0.5044858523119393,0.9992954745583481
W2f47a8d091f9,-11.770589625379474,0.505175983436853,0.9992990140900627
W57f4134f02eb,-11.698196045917275,0.5058661145617668,0.9993025318523181
We1c4e87c9133,-11.662184685870125,0.5065562456866805,0.9993060387856044
We13361acee99,-11.583088726343622,0.5072463768115942,0.9993095219339602
W6da3ac8064d3,-11.581541419438768,0.5079365079365079,0.9993130046170254
W97be1ab24889,-11.531764082117995,0.5086266390614217,0.9993164723315574
Wcbecebbd6a40,-11.482520280878003,0.5093167701863354,0.9993199252379955
W1a7aac275069,-11.478623957264533,0.5100069013112492,0.9993233769727708
W10d56c1b1073,-11.44283402799326,0.5106970324361628,0.9993268179451635
W5c6ad1f31c6c,-11.335870792055312,0.5113871635610766,0.9993302267526624
Wbcde2ad96abe,-11.301752432367932,0.5120772946859904,0.9993336253004359
Wbe716b34efde,-11.263364688435104,0.5127674258109041,0.9993370123046385
Wd7f9e17c244c,-11.22520605567825,0.5134575569358178,0.9993403878341659
W03861b472621,-11.09221536377995,0.5141476880607315,0.9993437233720883
W061eaf279367,-11.039035760820417,0.5148378191856453,0.9993470429183827
W94fef1e74190,-11.02482275217153,0.515527950310559,0.999350358190686
W51b207a33fef,-10.963423500501449,0.5162180814354728,0.9993536549996321
We330713936bc,-10.933101576560148,0.5169082125603864,0.9993569426904787
W09fe76a5be39,-10.931399095256484,0.5175983436853002,0.9993602298693723
W4b017849c142,-10.874317659912903,0.5182884748102139,0.9993634998833186
Wbb3f8a7cab41,-10.709826036354409,0.5189786059351277,0.9993667204330209
Wade5d39f9ae1,-10.667472056177758,0.5196687370600414,0.999369928246466
W27ce26fa521c,-10.609570332869218,0.5203588681849551,0.999373118648295
We092b459cce2,-10.59715687167045,0.5210489993098689,0.9993763053172747
W6d38f6c9a3c6,-10.596005702017735,0.5217391304347826,0.9993794916400863
W9766d217eebe,-10.593729668061997,0.5224292615596964,0.9993826772784722
Wab22d86e94ac,-10.50970932640874,0.52311939268461,0.9993858376511175
W1c2856602784,-10.248482010139924,0.5238095238095238,0.9993889194701475
W15fc8c246f7e,-10.195609092463314,0.5244996549344375,0.9993919853897726
Wa2835adaea2c,-10.174042100215658,0.5251897860593513,0.9993950448239917
W9cb04270495a,-10.115087300886444,0.525879917184265,0.9993980865299246
W4068121cde30,-10.101224752485166,0.5265700483091788,0.9994011240672532
Wddf0b4c6711c,-10.088721664808787,0.5272601794340924,0.9994041578447808
Wb0c75e32ee84,-10.01797402372695,0.5279503105590062,0.9994071703477989
W383ceffef18b,-10.017092428191699,0.52864044168392,0.9994101825857127
Wfe51509cbf78,-9.986538908273474,0.5293305728088337,0.9994131856358835
Wab3bbb96d45c,-9.94358213848134,0.5300207039337475,0.9994161757685325
Wa9a2ccbe4ac4,-9.93175373029144,0.5307108350586611,0.999419162344263
W47b42339dab9,-9.924901019634822,0.5314009661835749,0.9994221468593163
We07de41f1b61,-9.89248288378164,0.5320910973084886,0.9994251216259182
Wba08b69b0150,-9.868346921764857,0.5327812284334024,0.9994280891345997
W09e9dd64bd09,-9.847001418920627,0.533471359558316,0.9994310502244792
W0a83f1cb479e,-9.78005525894718,0.5341614906832298,0.999433991182992
W27881320dc1b,-9.739562646346496,0.5348516218081435,0.9994369199649792
W44615404fee4,-9.651937608942724,0.5355417529330573,0.9994398223972584
Wecb7993057f1,-9.615607455645192,0.5362318840579711,0.9994427139047043
We7bfaf0b69dd,-9.594523223359104,0.5369220151828847,0.9994455990719149
Wa947907726b6,-9.58618045219878,0.5376121463077985,0.9994484817303723
Waffc79406f09,-9.476716163428136,0.5383022774327122,0.9994513314718447
W1d20edabe6b0,-9.266690594951797,0.538992408557626,0.9994541180565694
We88bc85930f2,-9.195788522995622,0.5396825396825397,0.9994568833203458
W51a4c095c922,-9.113033250453384,0.5403726708074534,0.9994596236988001
W737b3379d37d,-9.082878525503862,0.5410628019323671,0.9994623550094331
Wb27a31d25c9e,-9.007198403671282,0.5417529330572809,0.9994650635623115
W659338a9eda3,-8.853460330915816,0.5424430641821946,0.9994677258846438
Wf6793c4ca164,-8.829914308200047,0.5431331953071084,0.9994703811264563
W9b7f3ab5308c,-8.816131109888516,0.5438233264320221,0.9994730322235258
W7329eeef21e4,-8.73887759343851,0.5445134575569358,0.9994756600897056
W017b5aa655f1,-8.726026604840172,0.5452035886818496,0.999478284091467
W98ba4e967061,-8.712583268599595,0.5458937198067633,0.9994809040506853
W6c5b53ef6705,-8.711576071783998,0.546583850931677,0.9994835237070296
W9e69516b2206,-8.704154485283153,0.5472739820565907,0.9994861411316304
W465e8cfa1415,-8.688053758160777,0.5479641131815045,0.9994887537145845
Wa96d88db2acc,-8.665229271813148,0.5486542443064182,0.9994913594339916
W0cb9c7b8f8a9,-8.60276756598796,0.549344375431332,0.9994939463705516
W1f6e1d39f928,-8.583874370877744,0.5500345065562456,0.9994965276257424
W6fdb6823fe43,-8.526882853155929,0.5507246376811594,0.999499091743025
W11ca6b801e7b,-8.514536676493313,0.5514147688060732,0.9995016521476913
W1f99b965bf6c,-8.48434423313262,0.5521048999309869,0.9995042034731938
W7d7747fd78b9,-8.389104251659525,0.5527950310559007,0.9995067261591
W275eab4338ba,-8.354704107346215,0.5534851621808143,0.9995092385005454
W12e4fa7ff00e,-8.339249867176477,0.5541752933057281,0.9995117461947493
W7a5380ae6c7e,-8.300817794221173,0.5548654244306418,0.999514242332052
W2f306960a2c1,-8.288309693740295,0.5555555555555556,0.9995167347080464
W468f8836868c,-8.234998404725228,0.5562456866804693,0.9995192110528133
W0b9b820af4bd,-8.197799248782543,0.556935817805383,0.9995216762114292
Wcbe4e72622cb,-8.19017608339226,0.5576259489302967,0.9995241390776846
Wa33832a113a2,-8.179899078011147,0.5583160800552105,0.9995265988535437
W019ec2b5f4f8,-8.170352042660578,0.5590062111801242,0.9995290557585157
W17e7118cf811,-8.17002704441225,0.559696342305038,0.9995315125657576
W551db6d39a1e,-8.057898921887485,0.5603864734299517,0.9995339356549735
Wf96f84c3162e,-8.01820646867558,0.5610766045548654,0.9995363468082796
Wc148b5c21d43,-8.008134455105466,0.5617667356797792,0.9995387549328324
Wcff3742bd9ea,-7.954231943356717,0.5624568668046929,0.9995411468483715
W95426aba604f,-7.937475603745408,0.5631469979296067,0.9995435337251148
W7746c0a747ec,-7.927084919871049,0.5638371290545203,0.9995459174772777
W82ac5043d0ea,-7.913315507789235,0.5645272601794341,0.9995482970888433
W79e150043614,-7.811864696167221,0.5652173913043478,0.9995506461931551
W5ebbbc65034f,-7.799660375375311,0.5659075224292616,0.999552991627508
W2a0483d068a1,-7.771135354361846,0.5665976535541752,0.9995553284841074
W2756b3fd0bf6,-7.755564566703583,0.567287784679089,0.9995576606584183
W834cff1783cd,-7.748789069552007,0.5679779158040028,0.9995599907952708
W6bc91f47adf5,-7.720736964940761,0.5686680469289165,0.9995623124965803
Wbe61cc8bbdd1,-7.709501853608762,0.5693581780538303,0.9995646308193817
W2eba2372dab5,-7.706009538315676,0.5700483091787439,0.9995669480920097
W3eaf6bbb986d,-7.692066277277297,0.5707384403036577,0.9995692611717624
W18e8f271c4bc,-7.643960108665027,0.5714285714285714,0.9995715597855183
W7af339225881,-7.632753111319079,0.5721187025534852,0.9995738550292204
Wedbd39d068e0,-7.553760137968798,0.5728088336783989,0.9995761265189608
Weeba17cd4923,-7.498989597907486,0.5734989648033126,0.9995783815386627
Wfc0bfd28bd42,-7.437599875786235,0.5741890959282263,0.9995806180978734
W00ba42d52295,-7.309494209941896,0.5748792270531401,0.9995828161344541
W9ee03520f2d7,-7.271467506303296,0.5755693581780539,0.9995850027360321
W97e047126e6b,-7.260995150238362,0.5762594893029676,0.9995871861884701
Wcdf917a97df5,-7.243089708061234,0.5769496204278813,0.999589364256566
Wc36f6191c5b7,-7.222557821305109,0.577639751552795,0.9995915361505222
W351c154f1a78,-7.1925736567263705,0.5783298826777088,0.9995936990279461
W0de760d546fa,-7.089706679109483,0.5790200138026225,0.9995958309722613
W906b91a6f9e6,-7.069927978212263,0.5797101449275363,0.9995979569689272
W98a5ebd42383,-7.062915068299446,0.5804002760524499,0.9996000808567422
Wcf01e395c9b2,-7.021299938167477,0.5810904071773637,0.9996021922304796
Wd0b02bfe73c1,-6.982453767049277,0.5817805383022774,0.9996042919227925
Wace9049ec231,-6.947421603474878,0.5824706694271912,0.9996063810805902
W84e62d9894a5,-6.923288071938255,0.583160800552105,0.9996084629811984
Wec2131dd4411,-6.895608734317101,0.5838509316770186,0.9996105365583583
W209df0d991b6,-6.864310109378341,0.5845410628019324,0.9996126007237149
W9b550c8d61b7,-6.850966351764612,0.5852311939268461,0.9996146608764727
W2684b00fd178,-6.788602641588399,0.5859213250517599,0.9996167022758513
Wc3449a0a516e,-6.771884465719507,0.5866114561766735,0.9996187386479105
Wc11c317861b5,-6.694825467849137,0.5873015873015873,0.9996207518475734
W52d74c4df1d0,-6.691210260738503,0.587991718426501,0.9996227639601081
W2b7012cabf2f,-6.675925930617113,0.5886818495514148,0.9996247714764949
We3895470bc85,-6.627834530440409,0.5893719806763285,0.9996267645313262
W8d4470124eac,-6.626590087628402,0.5900621118012422,0.9996287572119412
W4e4b68066a3e,-6.548427616084089,0.590752242926156,0.9996307263883347
Wae6274a7a686,-6.546161802941188,0.5914423740510697,0.999632694883376
W6be4853140e9,-6.542533541307009,0.5921325051759835,0.9996346622873633
W92c0c2fea732,-6.465980798435487,0.5928226363008972,0.9996366066711903
W8d0db5448609,-6.456867555858196,0.5935127674258109,0.999638548314576
Wd5cbe5bdd454,-6.446991978055591,0.5942028985507246,0.9996404869882786
W1d603dfb1f26,-6.424009286865078,0.5948930296756384,0.9996424187508605
W0f8b86f51cba,-6.4207886257988775,0.5955831608005521,0.999644349544958
Wae7ec3c08431,-6.3371699347823895,0.5962732919254659,0.9996462551940953
Wce76849dcc52,-6.307774021920608,0.5969634230503795,0.9996481520035932
W3725818dc5d5,-6.298639457565514,0.5976535541752933,0.9996500460662382
Wc5a63a249b64,-6.298502352485173,0.598343685300207,0.9996519400876543
Wbbf4779df031,-6.248093416820936,0.5990338164251208,0.9996538189506093
W84c1e27f44ce,-6.2428402190967685,0.5997239475500346,0.9996556962338762
Wa846e4e04021,-6.151110991868961,0.6004140786749482,0.999657545933265
Wc43a50b49901,-6.12942932884139,0.601104209799862,0.999659389112765
W67aec0eef5ff,-6.111984347199552,0.6017943409247757,0.9996612270463879
Wfbcb0cae2ec5,-6.101872759028936,0.6024844720496895,0.9996630619393573
We49dffe48836,-6.011883593256879,0.6031746031746031,0.9996648697717021
W27b557cd11e6,-6.010642424491904,0.6038647342995169,0.9996666772308154
W5dc3f40430c9,-5.999628227871995,0.6045548654244306,0.9996684813778516
Wa00ef9f835c8,-5.996318733472648,0.6052449965493444,0.9996702845296904
Wb5b11775132e,-5.9606616462153,0.6059351276742581,0.9996720769590937
Wd5d9263844a2,-5.956945970131368,0.6066252587991718,0.9996738682711566
W30bf446accce,-5.950487980549845,0.6073153899240856,0.9996756576412387
Wfc5e2d1badcb,-5.933625788976045,0.6080055210489993,0.9996774419406944
W2affccdbd62f,-5.888303776502198,0.6086956521739131,0.9996792126113765
Wd8af87233c81,-5.883960879070287,0.6093857832988268,0.9996809819761068
Wb2a73919fd4a,-5.876017544852402,0.6100759144237405,0.9996827489521987
Wf12c1cc20a98,-5.865567298336112,0.6107660455486542,0.999684512785799
W05b5b4a5c73f,-5.862430322159263,0.611456176673568,0.9996862756760796
Wf191d1c41e5d,-5.798590423917943,0.6121463077984817,0.999688019369077
Wcca0944c4c9b,-5.7779787644800855,0.6128364389233955,0.9996897568639463
W5801b258d7e2,-5.776755252616046,0.6135265700483091,0.9996914939908935
W17eceb70d877,-5.758521344145674,0.6142167011732229,0.9996932256347257
W1011f49764f0,-5.719872131008742,0.6149068322981367,0.9996949456563606
W02661e55cf22,-5.680646142094318,0.6155969634230504,0.999696653882356
Waf5ce0e66de0,-5.568845810739731,0.6162870945479642,0.9996983284888955
Wdba1314965ee,-5.511857445015185,0.6169772256728778,0.9996999859584746
Wd8494896184e,-5.504667604616486,0.6176673567977916,0.9997016412659984
Wcf4577be34b0,-5.481271438423924,0.6183574879227053,0.9997032895380654
W4f4ae2ab746c,-5.469553437376682,0.6190476190476191,0.9997049342864147
W460504d057be,-5.387700628915752,0.6197377501725327,0.9997065544208218
Web0810220950,-5.379481232777891,0.6204278812974465,0.999708172083576
W323ac198f273,-5.358211074568301,0.6211180124223602,0.9997097833501849
W5eb396f750ce,-5.343534489614882,0.621808143547274,0.9997113902034009
Wd62c9bae02b3,-5.317307102913812,0.6224982746721878,0.9997129891697846
W4007c7a0daef,-5.281798821630801,0.6231884057971014,0.9997145774584798
W87fa6ada6d45,-5.2719663900598634,0.6238785369220152,0.9997161627904665
Wc90785c449c2,-5.2094007977402725,0.6245686680469289,0.9997177293083661
W47e5df6aa4a7,-5.194981004169762,0.6252587991718427,0.9997192914900924
W8d29f7c3c9e7,-5.170750721371286,0.6259489302967564,0.9997208463855352
Wf8a44a75eb88,-5.1327976265273705,0.6266390614216701,0.99972238986811
W6365f14496b8,-5.113408847404239,0.6273291925465838,0.9997239275202888
Wa0eff7480200,-5.108467700478354,0.6280193236714976,0.9997254636866165
Wcfbc0f875bb2,-5.086954209614213,0.6287094547964113,0.9997269933836264
W0832933c592f,-5.08138096550276,0.629399585921325,0.9997285214047072
We2c5be3cf3ff,-5.074450437936596,0.6300897170462388,0.9997300473417104
W456d551c2cd5,-5.060463687849534,0.6307798481711525,0.9997315690727607
W12b489051d2f,-5.058138800414191,0.6314699792960663,0.9997330901046946
W26740b8a29f4,-4.992929495105136,0.63216011042098,0.999734591527551
W0a2338fcb9d8,-4.9376303380704485,0.6328502415458938,0.9997360763214086
Wbc37660c3469,-4.896860302290044,0.6335403726708074,0.9997375488553167
W173889662617,-4.838888660363693,0.6342305037957212,0.9997390039565837
We38821979ea9,-4.823619537427035,0.6349206349206349,0.9997404544662757
W2eb9cbec9e20,-4.804785483641265,0.6356107660455487,0.999741899312383
W8733f448f795,-4.786309120601182,0.6363008971704623,0.9997433386024668
Wabe27c96e532,-4.764851509753034,0.6369910282953761,0.9997447714400365
Wcf7debd034d3,-4.756808614053985,0.6376811594202898,0.9997462018590286
Wf4089a26e32b,-4.742012394813077,0.6383712905452036,0.9997476278286526
W65c9e73d36f9,-4.681134269363895,0.6390614216701174,0.9997490354916274
W257b81b8ba77,-4.644836788044813,0.639751552795031,0.9997504322395936
W387dbf06df8a,-4.6378172953373,0.6404416839199448,0.9997518268767295
W7befca506857,-4.625575458051319,0.6411318150448585,0.9997532178326249
W47f0c67ee1fc,-4.588473396792004,0.6418219461697723,0.9997545976315667
Wf4d48a5e7bd7,-4.513786333991078,0.642512077294686,0.9997559549713764
W53067b6b84e8,-4.491820132240832,0.6432022084195997,0.9997573057057338
W99b82760d59e,-4.485101157217348,0.6438923395445134,0.9997586544196296
Wff12f02a091b,-4.480371096389922,0.6445824706694272,0.9997600017111496
W67abeaa5b615,-4.4745689088248035,0.6452726017943409,0.9997613472578951
Wf2bb11f2df6a,-4.471912661044932,0.6459627329192547,0.9997626920058807
W4ec809eba806,-4.450799075579608,0.6466528640441684,0.9997640304048042
Wa44d8f0b0e22,-4.373072132395478,0.6473429951690821,0.9997653454304737
Wffd13963de7e,-4.328763981695573,0.6480331262939959,0.9997666471322478
Wd7d1b721b0eb,-4.300080430648606,0.6487232574189096,0.9997679402085969
W0541b67fbbbb,-4.297688121648548,0.6494133885438234,0.9997692325655553
W6c2321f535e9,-4.292794045347662,0.650103519668737,0.9997705234508169
Wd0f66ed724da,-4.289437447141609,0.6507936507936508,0.9997718133267165
W49c6dca8dbf8,-4.258315669643581,0.6514837819185645,0.9997730938439925
Wf07c34cc61fa,-4.253883678031883,0.6521739130434783,0.9997743730285251
Wdff4d7e0e3c4,-4.247185259906109,0.6528640441683919,0.9997756501987777
W4f826de12c3d,-4.224474691740227,0.6535541752933057,0.9997769205397398
W46bea258494c,-4.219598213515125,0.6542443064182195,0.9997781894142971
Wc8d13fb75f7e,-4.20219385087847,0.6549344375431332,0.9997794530551918
W10c111c5247d,-4.200110300553526,0.655624568668047,0.9997807160695424
W6e20e941dfed,-4.191208737644878,0.6563146997929606,0.9997819764071059
W7ff16b0a6dbd,-4.1699568408546615,0.6570048309178744,0.9997832303540156
W85ee1cab7a02,-4.16913254476048,0.6576949620427881,0.9997844840530514
Wbf7d8a7cb69d,-4.13910551659564,0.6583850931677019,0.9997857287226655
Web05b9a218d6,-4.0919069525533045,0.6590752242926156,0.9997869591992085
Wf9024661088d,-4.075200266976026,0.6597653554175293,0.9997881846518873
W892301ed09f2,-4.070484552967812,0.660455486542443,0.9997894086865048
W13bf56432268,-4.054489635143854,0.6611456176673568,0.9997906279112936
W944e178619c4,-4.03858109159604,0.6618357487922706,0.9997918423522273
W68bbc837bb5a,-4.028053647045947,0.6625258799171843,0.9997930536274552
Wb478c582cd52,-4.006106412197753,0.663216011042098,0.9997942583029343
W8b673262e05f,-3.990349043682727,0.6639061421670117,0.9997954582400184
W333d82005b3e,-3.985043093018273,0.6645962732919255,0.999796656581551
W4e8cae1af237,-3.98240709284223,0.6652864044168392,0.9997978541304126
W5f27a0661563,-3.9802601016043724,0.665976535541753,0.9997990510336527
W574ac1e10f2e,-3.9774179579176305,0.6666666666666666,0.9998002470822326
Wb776e4de0ddf,-3.9310356085995295,0.6673567977915804,0.999801429183185
Wc32773ee173b,-3.9246991318645144,0.6680469289164941,0.9998026093786968
W6396825f8210,-3.9018130372814994,0.6687370600414079,0.9998037826921355
Wbdb865dc2b03,-3.87192784561584,0.6694271911663217,0.9998049470188042
W02d26086ee30,-3.8702611805536833,0.6701173222912353,0.9998061108442904
W745d56ea9c55,-3.86031781021377,0.6708074534161491,0.9998072716797075
W4455a0e2667c,-3.8510029776682586,0.6714975845410628,0.9998084297140631
W04f17f0de291,-3.8403974349732373,0.6721877156659766,0.9998095845592281
We7192d59feba,-3.833756350409544,0.6728778467908902,0.9998107374073538
W56f23c2c47a5,-3.8295568637877295,0.673567977915804,0.9998118889926527
W48ad1425ae13,-3.8254665627604965,0.6742581090407177,0.9998130393479578
W89e78b599c6c,-3.8158535501188453,0.6749482401656315,0.999814186812536
W9d55e2c0133c,-3.8024436967227757,0.6756383712905452,0.9998153302446398
Wac61f78ac869,-3.768997731393938,0.6763285024154589,0.9998164636192137
W37817d590490,-3.7677249463620797,0.6770186335403726,0.9998175966110487
W422ab2e5de02,-3.758976119693081,0.6777087646652864,0.9998187269720258
W979773ed3494,-3.7166772233031224,0.6783988957902002,0.99981984461331
W6cffb635ea76,-3.7104957224805304,0.6790890269151139,0.9998209603957563
Wb96ac5655716,-3.709640657300451,0.6797791580400276,0.9998220759210762
W41d954a13cd1,-3.707491143909593,0.6804692891649413,0.9998231908000162
W3008a5aed5f5,-3.703032908978593,0.6811594202898551,0.9998243043383214
We18347f537e9,-3.675786861592167,0.6818495514147688,0.9998254096834729
Wb3a15ab13d7b,-3.669364674729877,0.6825396825396826,0.9998265130974099
We51f47337188,-3.665065889036029,0.6832298136645962,0.9998276152186598
Wd943a14cc6ee,-3.6633645254405565,0.68391994478951,0.999828716828293
W77f458ba6850,-3.6604746885983985,0.6846100759144237,0.999829817568924
W08dbb8a3866d,-3.659122439328918,0.6853002070393375,0.9998309179029202
Wd20293136530,-3.613492771746678,0.6859903381642513,0.999832004515628
W94b737739496,-3.611403602256992,0.6866804692891649,0.999833090500102
W221c81a2703b,-3.6105443394705095,0.6873706004140787,0.9998341762261874
W313fac8b7dc7,-3.599977003151821,0.6880607315389924,0.999835258774571
W169ceac7c8ff,-3.591067089550057,0.6887508626639062,0.9998363386436564
Wacbc467eb386,-3.5849789406696786,0.6894409937888198,0.9998374166819758
W357a367889ed,-3.56998854095732,0.6901311249137336,0.9998384902125348
W1d0e80b2a709,-3.5552877772320244,0.6908212560386473,0.9998395593224302
W017787fb12ee,-3.5288499929493824,0.6915113871635611,0.9998406204822244
W31552383d0f4,-3.5267303567536246,0.6922015182884748,0.9998416810046235
Wd61c3fbc12be,-3.5206793413342083,0.6928916494133885,0.9998427397074227
W4b6542e73cba,-3.488897177835188,0.6935817805383023,0.9998437888530137
Wb8e98f0078d3,-3.480286198655506,0.694271911663216,0.9998448354091989
Wd9314a158574,-3.4234820829337878,0.6949620427881298,0.9998458648838294
W1eadb3635635,-3.4098833798729693,0.6956521739130435,0.9998468902691967
W4fd2606b4113,-3.4038115923713583,0.6963423050379572,0.999847913828718
W8cf78905f061,-3.3591955251855268,0.6970324361628709,0.9998489239717503
W6deab35e13a9,-3.3555036640660347,0.6977225672877847,0.9998499330046038
W2178e19967ed,-3.3521681367034937,0.6984126984126984,0.9998509410344315
Wac4509af34e5,-3.3160970384486674,0.6991028295376122,0.9998519382173262
W78f860653327,-3.2911454146416546,0.6997929606625258,0.9998529278970231
Wd771f6d4e51a,-3.2367847750399577,0.7004830917874396,0.9998539012299426
W07086660a23b,-3.2357977646621396,0.7011732229123534,0.9998548742660583
W848b9b3f2af2,-3.208188876527899,0.7018633540372671,0.9998558389999108
Wd828ffda7509,-3.196880989421617,0.7025534851621809,0.9998568003333707
W2b93507871c3,-3.1778721373270358,0.7032436162870945,0.9998577559506823
Wffaa3d8574ca,-3.171320772903158,0.7039337474120083,0.9998587095979344
Wc2ac2168d989,-3.162911919107046,0.704623878536922,0.9998596607165617
Wbd242d744963,-3.127334514152224,0.7053140096618358,0.9998606011367146
We05a91c466de,-3.1076948998368037,0.7060041407867494,0.9998615356510429
Wfff44f4662cc,-3.0976959930134385,0.7066942719116632,0.9998624671586017
W2dcf557f87e7,-3.084682684156949,0.7073844030365769,0.9998633947529311
W46926c02706e,-3.0753835937848635,0.7080745341614907,0.9998643195509328
W2cda10297cb0,-3.0490842053929033,0.7087646652864045,0.9998652364404504
Wad330a8fc47c,-3.035146317051659,0.7094547964113181,0.9998661491387085
Wfe08f657cd14,-3.0206734039493313,0.7101449275362319,0.9998670574848197
W539283d1e39f,-3.0171760566434145,0.7108350586611456,0.9998679647792443
W5efb8492a2cb,-3.009272116303947,0.7115251897860594,0.9998688696968765
W0accceb05b1e,-3.0014303597444645,0.7122153209109731,0.9998697722564156
W077f1d40c290,-2.9812061089806434,0.7129054520358868,0.9998706687343241
W9648019c25e3,-2.980404579542329,0.7135955831608005,0.9998715649712049
Wf20bbda19867,-2.948843005426262,0.7142857142857143,0.9998724517172111
W8005cdf32c3d,-2.9474175560454974,0.714975845410628,0.9998733380345703
W2007134ea98a,-2.9240895681799444,0.7156659765355418,0.9998742173369751
Wcc19dfe3e4e2,-2.9059952038746815,0.7163561076604554,0.999875091198227
W8f3d9d1b784e,-2.8770453804407126,0.7170462387853692,0.9998759563539832
W1b31781c9056,-2.869590157572043,0.717736369910283,0.9998768192678809
W8c7d6b56ea5d,-2.8420470928043677,0.7184265010351967,0.9998776738993088
W1a96c03116ce,-2.837393652401307,0.7191166321601105,0.9998785271314016
W1d1d164c5ad7,-2.802163051892607,0.7198067632850241,0.9998793697693072
Wf23086200d7c,-2.8006599096538594,0.7204968944099379,0.9998802119552035
Wa118a7dedb72,-2.7934611547097843,0.7211870255348516,0.9998810519763635
W7154adca3a8e,-2.7922609727490197,0.7218771566597654,0.9998818916366169
Wa3986ceab083,-2.7901742357285,0.722567287784679,0.9998827306693681
W28176b74d0ce,-2.76950424142845,0.7232574189095928,0.9998835634864494
Wce6d55010855,-2.7596095330785886,0.7239475500345065,0.9998843933280948
Wea67f197f61c,-2.736059949174418,0.7246376811594203,0.9998852160881494
W456ee5adb0a6,-2.7348053487577384,0.7253278122843341,0.9998860384709334
W23ab338feae4,-2.727885928133528,0.7260179434092477,0.9998868587729797
W741b11fdda6a,-2.7147432546984867,0.7267080745341615,0.9998876751228952
W72bed10bb0eb,-2.6742854811098815,0.7273982056590752,0.9998884793067616
W2551cf80c086,-2.6307087139224166,0.728088336783989,0.9998892703866669
W5969115e1c4f,-2.629363159575206,0.7287784679089027,0.9998900610619507
Wc081244e15b6,-2.62880316806125,0.7294685990338164,0.9998908515688394
W1704ac506775,-2.622328075944644,0.7301587301587301,0.9998916401286047
Wd6c9340bf1ff,-2.6072594423815403,0.7308488612836439,0.999892424157084
W360fcecd64e8,-2.588226353234859,0.7315389924085576,0.9998932024621268
W905e8e5a16fc,-2.5750674077593914,0.7322291235334714,0.9998939768101456
W4cc365b44f75,-2.570377808735903,0.7329192546583851,0.999894749747956
Wa6ba62608a5e,-2.5471723525011356,0.7336093857832988,0.9998955157076582
Wa5ca359c1e07,-2.523534456549072,0.7342995169082126,0.9998962745592134
Wa050b50a9847,-2.4997850980519516,0.7349896480331263,0.9998970262691036
W550e8f53c663,-2.4729566823877978,0.7356797791580401,0.9998977699114261
W4446eb076cbd,-2.469878559685341,0.7363699102829537,0.9998985126281269
Wb3b83bf6c4fc,-2.469691216884581,0.7370600414078675,0.9998992552884919
Wabac4e53dccc,-2.462614777809847,0.7377501725327812,0.9998999958209023
Wa5d27fb268c9,-2.4480677708805203,0.738440303657695,0.999900731978885
We18a38e021b9,-2.4262946267948218,0.7391304347826086,0.9999014615894698
W18eb020fe874,-2.387842558808604,0.7398205659075224,0.9999021796371408
Wa104a6d837ad,-2.3822422426298147,0.7405106970324362,0.9999028960007418
Wd758bc9bfc79,-2.3785921282989477,0.7412008281573499,0.9999036112667176
Wc44c62416cae,-2.3615471247146615,0.7418909592822637,0.9999043214070936
W9ee987226ca9,-2.357915710525731,0.7425810904071773,0.9999050304554679
W23351fb5049f,-2.3519109298104013,0.7432712215320911,0.9999057376981456
W1ee867081a50,-2.3459116618396827,0.7439613526570048,0.9999064431367847
W011cbac33d2b,-2.3389667160099172,0.7446514837819186,0.9999071464870105
Wc5259a986453,-2.324989879800434,0.7453416149068323,0.9999078456342646
Wa7083c1dc5c1,-2.31574555566813,0.746031746031746,0.9999085420016598
Wb3ebd0fb618d,-2.310862821286065,0.7467218771566597,0.9999092369007688
W64ed374e43da,-2.284961060562182,0.7474120082815735,0.9999099240109645
Wfd949b77aba8,-2.2823564731051924,0.7481021394064873,0.9999106103379352
W4b03a91fc88e,-2.271039679632351,0.748792270531401,0.999911293261835
W33eb3f4e0cc6,-2.2650139915791208,0.7494824016563147,0.9999119743737515
W5830a83f9f79,-2.2341527007920376,0.7501725327812284,0.9999126462053751
W0ac5100c4d01,-2.229133529571084,0.7508626639061422,0.9999133165276848
W4d1872fffe3e,-2.2228473462134843,0.7515527950310559,0.9999139849596774
Wcee8920dd3e0,-2.2092171325828645,0.7522429261559697,0.9999146492929313
W4cf024295412,-2.2008186904085676,0.7529330572808833,0.9999153111006912
Wa262628ee9dd,-2.180834835877782,0.7536231884057971,0.9999159668991101
W7f61788be167,-2.1585375683845367,0.7543133195307108,0.999916615992522
W5c2d677beca3,-2.1580886390021075,0.7550034506556246,0.9999172649509365
W2d3c6d3a43e6,-2.1459511755961103,0.7556935817805382,0.9999179102594967
W4f112e710f5f,-2.1308401205446383,0.756383712905452,0.9999185510240144
W6351325bac6e,-2.127128606796945,0.7570738440303658,0.9999191906724436
W6d0490d5558e,-2.1182478575292016,0.7577639751552795,0.9999198276503444
W44e76846f525,-2.096502675722304,0.7584541062801933,0.9999204580892558
Waad6326e1277,-2.081657131011845,0.759144237405107,0.9999210840639664
W29fa34e3d596,-2.0781030591857927,0.7598343685300207,0.9999217089699326
W53fe199772d1,-2.075625444756092,0.7605244996549344,0.999922333130856
W80afb94d9d6d,-2.0702988968756415,0.7612146307798482,0.9999229556900343
Wa7279a91b3f4,-2.0698813581548166,0.7619047619047619,0.9999235781236545
Wac5ed522e929,-2.0316995247247505,0.7625948930296756,0.9999241890756231
W0ecb7a1f0365,-2.0245345200507003,0.7632850241545893,0.9999247978730045
W8c7a6b18bae4,-2.0170415937326425,0.7639751552795031,0.9999254044171894
Wc9e686947cbc,-2.004104580207269,0.7646652864044169,0.9999260070710876
W547fc58e095c,-1.9960461580590962,0.7653554175293306,0.9999266073017391
We3894101e3e6,-1.9832549851707881,0.7660455486542443,0.9999272036859594
W07b5d15f6209,-1.975872223042325,0.766735679779158,0.999927797850111
W72597b72a857,-1.9752522031358666,0.7674258109040718,0.9999283918278165
W09dac912d9a7,-1.9427649323011575,0.7681159420289855,0.9999289760362811
Wc11374a06135,-1.9376598629285358,0.7688060731538993,0.9999295587096011
W642e8a51e66a,-1.8947439323828803,0.7694962042788129,0.9999301284776801
W89e7249d2dd8,-1.8880418387275046,0.7701863354037267,0.9999306962303738
Wa4182aaf1f28,-1.8348917030459333,0.7708764665286404,0.9999312480003005
W1ca8bb3da513,-1.8177985236988548,0.7715665976535542,0.9999317946301407
W57c03c75af3d,-1.8078478820073656,0.772256728778468,0.9999323382677254
We126ea3155a4,-1.8025870398343624,0.7729468599033816,0.9999328803233232
W79af72c2070a,-1.8007138370861853,0.7736369910282954,0.9999334218156305
W86c0a8ba8a23,-1.788772489150209,0.7743271221532091,0.9999339597170575
Wc16fb387c57e,-1.7864040380837753,0.7750172532781229,0.999934496906268
W81b94f53b9d4,-1.7786626892089146,0.7757073844030365,0.9999350317675789
Wa88a070836d4,-1.773789179907908,0.7763975155279503,0.9999355651633779
W46da26e706f6,-1.773131506782967,0.777087646652864,0.9999360983614081
W3d45476773e4,-1.7684632405634417,0.7777777777777778,0.9999366301556448
We7347f31092c,-1.7493424713999701,0.7784679089026915,0.9999371562000787
W640858d22a76,-1.7408956131904745,0.7791580400276052,0.9999376797044597
Waa04d7f55179,-1.7245384580929466,0.779848171152519,0.9999381982900836
W4cfd89cc2957,-1.7168089681481256,0.7805383022774327,0.9999387145513742
Wb724ad826c5d,-1.6951716504525542,0.7812284334023465,0.9999392243061112
Wd9512d6daeda,-1.6822052733777326,0.7819185645272602,0.9999397301617313
W3443b7734211,-1.6815963285944235,0.782608695652174,0.9999402358342359
Wb9a7a4a04daa,-1.6677037722135992,0.7832988267770876,0.9999407373291126
Wbd5f1876c9bc,-1.6615788681450105,0.7839889579020014,0.9999412369821705
Wf95b99339684,-1.6597211478422764,0.7846790890269151,0.9999417360765938
W6d2f74a2a2e2,-1.6556797501526486,0.7853692201518289,0.9999422339557291
Wa4a2a573aaa8,-1.6521073370113761,0.7860593512767425,0.9999427307606047
W2249a621bd42,-1.6441403366892189,0.7867494824016563,0.9999432251697252
W0f29776c6dae,-1.6265313474281413,0.7874396135265701,0.9999437142836501
Wa39ba965e131,-1.6211018688707344,0.7881297446514838,0.9999442017648774
Wa58a65187303,-1.6134993067172463,0.7888198757763976,0.9999446869599398
Wdde4db4e3994,-1.6059715170183892,0.7895100069013112,0.999945169891322
W4108408ac35d,-1.605334814303217,0.790200138026225,0.9999456526312415
W1d864fe4d8df,-1.6041663008392462,0.7908902691511387,0.9999461350197775
W2347b5d53dd7,-1.578424560855737,0.7915804002760525,0.9999466096675198
W57fd0b76c1c5,-1.5743550712545806,0.7922705314009661,0.9999470830915268
W43d1f55ca798,-1.5659399665396312,0.7929606625258799,0.9999475539850293
W3875af63cfd9,-1.5499816633988805,0.7936507936507936,0.9999480200797136
W3ffbfcda9734,-1.499607707389173,0.7943409247757074,0.9999484710264552
Wc3378d4629d7,-1.4919525058623666,0.7950310559006211,0.9999489196712028
W32d984cf0e62,-1.4859952742222955,0.7957211870255348,0.9999493665245524
W0b95c146b30a,-1.478920119873976,0.7964113181504486,0.9999498112503337
Wc98986f5d6f0,-1.477335961579275,0.7971014492753623,0.999950255499743
W0e470777da63,-1.4768583214372732,0.7977915804002761,0.9999506996055214
W19a96e597c33,-1.47625731864616,0.7984817115251898,0.9999511435305722
Wc4434a22b5c0,-1.4745325037636645,0.7991718426501035,0.9999515869369543
W2f0b96f5b0fe,-1.4464243981864904,0.7998619737750172,0.9999520218909534
W3a797353067b,-1.4309090028748415,0.800552104899931,0.999952452179321
W0324f12c5636,-1.4295066998669537,0.8012422360248447,0.9999528820460025
W685b4e56220c,-1.4269674056501103,0.8019323671497585,0.9999533111490932
W040dc1950451,-1.3752923412754487,0.8026224982746721,0.9999537247129854
Wd07a568c7ffb,-1.3662234034390863,0.8033126293995859,0.999954135549759
W60bd73575f9f,-1.3624351889874795,0.8040027605244997,0.9999545452473795
Wf9db40e85fee,-1.3589248315289844,0.8046928916494134,0.999954953889401
W03ecfb8a9260,-1.357864108625968,0.8053830227743272,0.9999553622124527
Wb0d148b4af7c,-1.3570742858201363,0.8060731538992408,0.999955770297997
W8ccba88d638b,-1.344069829464928,0.8067632850241546,0.9999561744729738
Wd27589474201,-1.3342322195861698,0.8074534161490683,0.9999565756896847
W93f501095cc9,-1.311034759070175,0.8081435472739821,0.9999569699306918
W77fb12696477,-1.3041276773793342,0.8088336783988958,0.9999573620946718
W2f8d2e97ba3f,-1.299854707009402,0.8095238095238095,0.9999577529737277
W0cf25ba8d87f,-1.2907628404259412,0.8102139406487232,0.99995814111877
W23442f147d1b,-1.285724547250041,0.810904071773637,0.9999585277487483
Wc1ab8a2e68d6,-1.2848726741868974,0.8115942028985508,0.9999589141225601
W1cc6361f523c,-1.277153496511147,0.8122843340234644,0.9999592981751394
Wb01aadc73e8d,-1.27422584631762,0.8129744651483782,0.9999596813473456
W706333a2e492,-1.2736132191994756,0.8136645962732919,0.9999600643353287
We5f5d673135f,-1.271990795879379,0.8143547273982057,0.9999604468354334
W0712906fac9a,-1.24889660577918,0.8150448585231194,0.9999608223908886
W4fdeaae8a8fc,-1.2392452563282248,0.8157349896480331,0.9999611950440883
Wceef99d24fd0,-1.2262817423149954,0.8164251207729468,0.9999615637990322
Wfff87ddbb538,-1.214535182346573,0.8171152518978606,0.9999619290216705
W7fd4a6c406c8,-1.2141225854534643,0.8178053830227743,0.9999622941202367
W9885446515da,-1.2101324339498198,0.8184955141476881,0.9999626580189254
W65b1f77dbb66,-1.20980670925141,0.8191856452726018,0.9999630218196653
W39a91e5ea902,-1.1994708364526332,0.8198757763975155,0.9999633825123071
W35203dca602c,-1.1981103628904854,0.8205659075224293,0.9999637427958411
W08995799b307,-1.1707849462067657,0.821256038647343,0.9999640948623543
W58b94fa28aa8,-1.1671266973659076,0.8219461697722568,0.9999644458287962
W004c1421157d,-1.1639211187571608,0.8226363008971704,0.9999647958312892
W193725dd9dab,-1.156332299280713,0.8233264320220842,0.9999651435517497
W8ccb0a08a69b,-1.1505444068901198,0.8240165631469979,0.9999654895317344
Wd18b292fa4c8,-1.1152832684601703,0.8247066942719117,0.9999658249083488
W11e75290607f,-1.111125580353649,0.8253968253968254,0.9999661590347059
W5213a23e7ab0,-1.1006721738929173,0.8260869565217391,0.999966490017621
W82f61447eb97,-1.0967971153610563,0.8267770876466529,0.9999668198352678
W7080241f3e8b,-1.0938229453850354,0.8274672187715666,0.9999671487585527
Wb0e39bb7277a,-1.0913599792854938,0.8281573498964804,0.9999674769411997
W0ba9bf7367eb,-1.0825795638692135,0.828847481021394,0.9999678024834896
W29b98f271060,-1.071360741303529,0.8295376121463078,0.9999681246521696
W7db83ee45231,-1.0660647222187993,0.8302277432712215,0.9999684452282847
W6fe0b49ca50e,-1.062439579927144,0.8309178743961353,0.9999687647142839
Wfbb3863de862,-1.0504777530466303,0.831608005521049,0.9999690806032444
Wa43504b3657d,-1.0448580206247478,0.8322981366459627,0.9999693948022964
W426d57f267aa,-1.0426505386817837,0.8329882677708764,0.9999697083375368
W3fced747ecd7,-1.0121852845088242,0.8336783988957902,0.9999700127115766
Wb626f3ef3130,-1.003970260478944,0.8343685300207039,0.9999703146152782
W180f81ac62da,-1.0016171180097446,0.8350586611456177,0.9999706158113666
W9ee8b1224a95,-0.9993943136996198,0.8357487922705314,0.9999709163390361
Wf0d836485e54,-0.994986543336785,0.8364389233954451,0.9999712155412459
W0f54dfaf6352,-0.9809430097807594,0.8371290545203589,0.9999715105204274
Wac92379a745c,-0.957070999231334,0.8378191856452726,0.9999717983210613
W22b2c2747f7c,-0.9450927665885391,0.8385093167701864,0.999972082519723
W5a5d22afd6c9,-0.9394367104251675,0.8391994478951,0.9999723650175534
Weab6f679913e,-0.9262932438186224,0.8398895790200138,0.9999726435630143
W9410e1422d7b,-0.9191409882305894,0.8405797101449275,0.9999729199577219
W20eec1086855,-0.912606064306078,0.8412698412698413,0.9999731943873138
Wae7986fc36cc,-0.9121922511665552,0.841959972394755,0.999973468692468
W27cfff5bc757,-0.9034773335973583,0.8426501035196687,0.9999737403769611
W5d25ab209d8f,-0.902014187053612,0.8433402346445825,0.9999740116214716
Wadd3020b0d11,-0.896668848307332,0.8440303657694962,0.9999742812585863
W08ae22c0a975,-0.8958983658365356,0.84472049689441,0.9999745506640095
Wa1751a9cdb97,-0.888988362687769,0.8454106280193237,0.999974817991527
W8918aa663a60,-0.8886108337904393,0.8461007591442374,0.9999750852055178
Wa930c6ad20fe,-0.8674229046146023,0.8467908902691511,0.9999753460480906
Wb4138860ad4c,-0.8534168826185349,0.8474810213940649,0.9999756026789152
W310e198c7190,-0.8532655717815223,0.8481711525189786,0.9999758592642392
W86ce9cf0c29a,-0.8492556836682268,0.8488612836438924,0.9999761146437505
W825f410fe524,-0.848281271819638,0.849551414768806,0.9999763697302466
W68deb9018bf7,-0.8473006063445148,0.8502415458937198,0.9999766245218469
W5e1bdad7956d,-0.8466000401141685,0.8509316770186336,0.9999768791027802
W04d7d5498c0c,-0.8455880762274575,0.8516218081435473,0.9999771333794061
We29c37c54f05,-0.8402406009087748,0.852311939268461,0.9999773860479936
W43f1ba398d0c,-0.8385707473498769,0.8530020703933747,0.9999776382144397
W008650f0dfce,-0.8378588329905359,0.8536922015182885,0.9999778901668063
W0b0c9a14c302,-0.8367657940261122,0.8543823326432022,0.9999781417904854
W058958dc9f25,-0.8255311634421787,0.855072463768116,0.9999783900358007
Wc908221ee51a,-0.8150694950280126,0.8557625948930296,0.9999786351351899
W22d579fa0239,-0.809954674966832,0.8564527260179434,0.9999788786965025
W89fc067e9b6d,-0.8053732048505253,0.8571428571428571,0.9999791208801222
Wb3494b759615,-0.8036840093509774,0.8578329882677709,0.9999793625557841
W7c425972ac73,-0.7865309783409096,0.8585231193926847,0.9999795990733615
W6888ba4fe31c,-0.7742875403122582,0.8592132505175983,0.999979831909217
W09c19e9d78bc,-0.7684841802344469,0.8599033816425121,0.9999800629999454
Wc25c0cce201c,-0.7677419699994452,0.8605935127674258,0.9999802938674835
W497a4df5571c,-0.7657149613817325,0.8612836438923396,0.9999805241254806
W0b3ef4b3ce3f,-0.7647694795853397,0.8619737750172533,0.9999807540991619
Wfa30e9136c89,-0.7622260193478407,0.862663906142167,0.9999809833079998
Wf27b6cdb870f,-0.7598930585395062,0.8633540372670807,0.9999812118152934
W1899fe99bebc,-0.7580740655912965,0.8640441683919945,0.9999814397755982
W0a5f353f3490,-0.7553913909300614,0.8647342995169082,0.9999816669291962
Wd1c08cc93425,-0.7362769378170473,0.865424430641822,0.9999818883348908
Wad42b8ff211e,-0.7252353152413527,0.8661145617667356,0.9999821064202612
Wa8e008592eb1,-0.7247057899033251,0.8668046928916494,0.9999823243463981
W3dac7b38e29a,-0.7183045820773941,0.8674948240165632,0.9999825403476291
W364d61bf7935,-0.717396305900478,0.8681849551414769,0.9999827560757326
Wc9f27639bf16,-0.7132854209820252,0.8688750862663907,0.9999829705676526
W5a0f5d439734,-0.7022445560862729,0.8695652173913043,0.9999831817394764
We84997a34b3e,-0.6960511016336142,0.8702553485162181,0.9999833910488677
Wff360a14766b,-0.6925062811716316,0.8709454796411318,0.9999835992922966
Wa86c3e4022b2,-0.6881855534705208,0.8716356107660456,0.9999838062364405
We3e07970d101,-0.6874257477284118,0.8723257418909592,0.9999840129521032
W6e8c4a65dcca,-0.6819612420629366,0.873015873015873,0.9999842180245355
Wcb562cdf1fbc,-0.6759696381221154,0.8737060041407867,0.9999844212952337
W014c1a2afa8d,-0.6730937007485203,0.8743961352657005,0.9999846237011094
W12327c4a0980,-0.6718372466704068,0.8750862663906143,0.999984825729157
W4927cc31fb00,-0.6713783957567614,0.8757763975155279,0.9999850276192237
W249768b64134,-0.6666738016942446,0.8764665286404417,0.9999852280945729
Wd263b3eef557,-0.6488276007985405,0.8771566597653554,0.9999854232033943
Wa87175409ec5,-0.6362625357980392,0.8778467908902692,0.9999856145337775
W8a4986a91eba,-0.6315883289795359,0.8785369220151829,0.9999858044585811
W487554e26ad2,-0.62853112494318,0.8792270531400966,0.9999859934640533
W9130a97749df,-0.6161022185405258,0.8799171842650103,0.9999861787320314
Wf974069000c5,-0.6149094503665167,0.8806073153899241,0.9999863636413326
W27540f8d5100,-0.6098689016716659,0.8812974465148378,0.9999865470348913
Wc0e0a32a1098,-0.6089277281772754,0.8819875776397516,0.9999867301454299
W84fc8f59a7ec,-0.6022641313311397,0.8826777087646653,0.9999869112521597
W2dba1d409fdc,-0.5968574682797225,0.883367839889579,0.9999870907330527
W824160958d78,-0.5924721169421319,0.8840579710144928,0.9999872688952276
Wf9868e724fca,-0.5906545065301536,0.8847481021394065,0.9999874465108292
Wdb3aec10001a,-0.5806527064705733,0.8854382332643203,0.9999876211187915
Wdd2d44583973,-0.5801653800674487,0.8861283643892339,0.99998779558021
W9cd12aea1762,-0.5783536342908695,0.8868184955141477,0.9999879694968187
Wfd29ed2be002,-0.5695329794037942,0.8875086266390614,0.99998814076097
Wd9e3d56f6201,-0.5676993776627342,0.8881987577639752,0.9999883114737393
W111316fd7251,-0.5647552673399723,0.8888888888888888,0.9999884813011859
Wb79ef2a1a5d3,-0.5612113431368524,0.8895790200138026,0.9999886500629396
W74e49be53259,-0.5466133286418642,0.8902691511387164,0.9999888144349272
Wb72084281827,-0.5340902827106797,0.8909592822636301,0.9999889750411122
W32bf670cd098,-0.5323179971658298,0.8916494133885439,0.9999891351143534
We6e782152c7f,-0.5220731201867528,0.8923395445134575,0.9999892921068597
W8c8b250e0f52,-0.5167636292743307,0.8930296756383713,0.9999894475027501
W6154a43c8c0b,-0.5162706411601024,0.893719806763285,0.9999896027503942
Wd9416195d5bc,-0.5161625263085534,0.8944099378881988,0.9999897579655269
W3a45c182c9a7,-0.5155732247553577,0.8951000690131125,0.9999899130034511
W6655474c38c5,-0.5126440531661789,0.8957902001380262,0.9999900671605444
Wbc39af3466d7,-0.5085401610921405,0.8964803312629399,0.9999902200835572
Wd610f99c4061,-0.5083199450783922,0.8971704623878537,0.9999903729403489
W35503be8fb1e,-0.5072952925341603,0.8978605935127675,0.9999905254890175
Wadb5527577e4,-0.49682718071448306,0.8985507246376812,0.9999906748898222
W365928ea0056,-0.49109278654368893,0.8992408557625949,0.9999908225662385
Wd8793b25e103,-0.48826073953147464,0.8999309868875086,0.9999909693910304
W3a41a2964039,-0.48681052566462313,0.9006211180124224,0.9999911157797289
W7a5266eb9461,-0.48524001004939166,0.9013112491373361,0.9999912616961578
Wcd4c9973ca07,-0.48136525138384334,0.9020013802622499,0.9999914064474088
W8b8ae6119ca4,-0.46668469246841937,0.9026915113871635,0.9999915467840719
W19096ef92f5a,-0.457484767257089,0.9033816425120773,0.9999916843542271
W89efdbd444dc,-0.45583456489777063,0.904071773636991,0.9999918214281504
W0c72e0be1471,-0.45370255309212837,0.9047619047619048,0.9999919578609568
W99e3f09475da,-0.443879335392694,0.9054520358868184,0.9999920913398253
Wa4b1dbc9c970,-0.44286241861529163,0.9061421670117322,0.9999922245128969
Wf1c8f1c50340,-0.4366437981952238,0.906832298136646,0.9999923558159685
W1c783cb4cec3,-0.4339877203061633,0.9075224292615597,0.9999924863203314
W13c9b7c76a45,-0.4338649269135726,0.9082125603864735,0.9999926167877691
W1749b7e2e488,-0.42884116003173034,0.9089026915113871,0.9999927457445109
Wefa736458a9e,-0.4270708298071103,0.9095928226363009,0.999992874168897
Wfb126946207f,-0.42336522797991005,0.9102829537612146,0.9999930014789723
W541ae383f477,-0.4210503418396758,0.9109730848861284,0.9999931280929386
W7edba8746120,-0.412167259577199,0.911663216011042,0.9999932520356749
W9a47224e037c,-0.4095895789773305,0.9123533471359558,0.9999933752032775
W73958b2467df,-0.40424958043033676,0.9130434782608695,0.9999934967650901
Wc1cf4db2bb46,-0.4020709619192493,0.9137336093857833,0.9999936176717708
W0a422cd6ac71,-0.3954359192007767,0.9144237405106971,0.999993736583229
W66b2745b9369,-0.39428297330055173,0.9151138716356108,0.9999938551479851
W399d5ac9a2f5,-0.38487554029905624,0.9158040027605245,0.9999939708838339
We3b0f6bdebf4,-0.3818841571063736,0.9164941338854382,0.9999940857201445
W0e3c5250dd7c,-0.3778525348981212,0.917184265010352,0.9999941993441067
W482a3eb0519b,-0.3760385081618365,0.9178743961352657,0.9999943124225732
W6133b238d7ae,-0.3725550252060419,0.9185645272601795,0.9999944244535224
We3b42c204454,-0.37093822790379694,0.9192546583850931,0.9999945359982847
Wfa809c254999,-0.35838914725997384,0.9199447895100069,0.9999946437694153
W1ee0674c64ac,-0.3564382069364649,0.9206349206349206,0.9999947509538791
W50806c6443ba,-0.35450470801471834,0.9213250517598344,0.9999948575569209
Wf62aaae4dff1,-0.3531918073850475,0.9220151828847482,0.9999949637651605
W698c6a07eb2c,-0.34490387353778296,0.9227053140096618,0.9999950674811373
W3aab1d0b8384,-0.3423745416264641,0.9233954451345756,0.9999951704365191
W9e755aaf3523,-0.3420258326001999,0.9240855762594893,0.9999952732870406
Wa836d04e8067,-0.3331284747819736,0.9247757073844031,0.9999953734620394
We641da03683b,-0.32801080694953555,0.9254658385093167,0.9999954720981052
W6df6fb15dddf,-0.32727950670624617,0.9261559696342305,0.999995570514262
Wb84254c02e98,-0.311905166586083,0.9268461007591442,0.9999956643072039
Wd4354f8e56c8,-0.3094567778413291,0.927536231884058,0.9999957573638913
Wbb8bcd5108c1,-0.30661355287251646,0.9282263630089717,0.9999958495655931
W2c115a04111d,-0.30240554701783395,0.9289164941338854,0.9999959405019062
W944786247e9e,-0.301129872027877,0.9296066252587992,0.9999960310546114
W0900af9bc14a,-0.30097333917762725,0.9302967563837129,0.9999961215602455
W682e929c9ee3,-0.29428523796917716,0.9309868875086267,0.9999962100547021
Wd27ca631791e,-0.29328536743640266,0.9316770186335404,0.9999962982484879
W5a9e5773f6a0,-0.2917094674511508,0.9323671497584541,0.999996385968385
We9659decabf1,-0.2903392066573165,0.9330572808833678,0.9999964732762313
W3cd0dc0685bf,-0.2895518504529271,0.9337474120082816,0.9999965603473119
W053cb02bc331,-0.2816852299947028,0.9344375431331953,0.9999966450528226
Wf09b4ae5bcb9,-0.27940774276407865,0.935127674258109,0.9999967290734705
Wbf05c371160e,-0.27336961677981364,0.9358178053830227,0.9999968112783948
W9221e30e6e79,-0.27182566015125564,0.9365079365079365,0.999996893019036
W0b55e91a8c5e,-0.27179208639411456,0.9371980676328503,0.9999969747495814
W68e30e70e2b1,-0.2582489583306824,0.937888198757764,0.9999970524075754
W0d2569b0f4a8,-0.25397086025647286,0.9385783298826778,0.9999971287791033
W0978912948e1,-0.25294360795123794,0.9392684610075914,0.9999972048417264
W83983b1edc0a,-0.2529325968763966,0.9399585921325052,0.9999972809010383
W228c06b94ce2,-0.24828692479715636,0.9406487232574189,0.9999973555633511
W512b0428d708,-0.24755692729058865,0.9413388543823327,0.9999974300061465
W86cff91da02c,-0.24530988930533226,0.9420289855072463,0.9999975037732356
W0d0517770996,-0.24481897218685145,0.9427191166321601,0.999997577392701
W2ac0fdfb4f1c,-0.23899458073374558,0.9434092477570738,0.9999976492607148
W4768d8449a3a,-0.23882785432605247,0.9440993788819876,0.9999977210785924
W17561e5dda83,-0.23850413968959505,0.9447895100069013,0.9999977927991258
Wdcd9671f7be7,-0.2338368312618293,0.945479641131815,0.9999978631161538
Wa8c791ed8008,-0.23002319706648677,0.9461697722567288,0.9999979322863846
W888dbe1502d7,-0.22736156753398973,0.9468599033816425,0.9999980006562371
Wa22981428429,-0.2138312195033647,0.9475500345065563,0.9999980649573815
W580bfbf1ec57,-0.2126231686026525,0.94824016563147,0.9999981288952532
W8641d157c830,-0.20712435180826394,0.9489302967563837,0.9999981911795768
W1a61d4db5972,-0.20052913000624528,0.9496204278812974,0.9999982514806525
W9a7df25c067b,-0.19791569277715837,0.9503105590062112,0.9999983109958419
W5e9ff6d6e6f1,-0.19626506326780202,0.9510006901311249,0.9999983700146708
W8a78187417a9,-0.18012774452083136,0.9516908212560387,0.9999984241808498
Wbc137f103c38,-0.17993915612560873,0.9523809523809523,0.9999984782903184
Wccfbfcab1ba0,-0.17970547600789732,0.9530710835058661,0.9999985323295171
W5cbf204c6258,-0.1707077753714108,0.9537612146307799,0.999998583663019
W50639c3fa544,-0.17019611535921797,0.9544513457556936,0.9999986348426597
W8fb21ef6a0e0,-0.1594338657643668,0.9551414768806074,0.9999986827859865
Wa2120743742e,-0.15117465094734855,0.955831608005521,0.9999987282456864
W87bc31a8eae0,-0.13856854311721878,0.9565217391304348,0.9999987699146059
W0c29ad785694,-0.13843509929120046,0.9572118702553485,0.9999988115433976
Wfa1c1f4b5fcb,-0.1381181562375815,0.9579020013802623,0.9999988530768815
W627ad34dcd51,-0.13499449463347435,0.9585921325051759,0.9999988936710498
We68935191f9f,-0.13488696050689164,0.9592822636300897,0.9999989342328813
W8af0c1dc84b6,-0.13421683701525505,0.9599723947550034,0.9999989745932003
W500f9fa40116,-0.1340923729222112,0.9606625258799172,0.9999990149160917
Wce017c7bbae6,-0.1331554323067159,0.961352657004831,0.9999990549572358
Wb3f82b1c5780,-0.13138449995076362,0.9620427881297446,0.9999990944658432
We203cc881fca,-0.12301524176247369,0.9627329192546584,0.9999991314577326
W2f43f96d4da9,-0.12007698739584038,0.9634230503795721,0.9999991675660601
W97156fd5ff42,-0.11649416459003903,0.9641131815044859,0.9999992025969977
W41c8bfeae0cc,-0.10910661484426498,0.9648033126293996,0.9999992354064265
W37a75fd27722,-0.10802338376264287,0.9654934437543133,0.9999992678901173
We25149a9f36e,-0.1069186154193762,0.966183574879227,0.9999993000415932
Wf2dd6b52fe6e,-0.10466318747081127,0.9668737060041408,0.99999933151484
W923490ec2922,-0.10433830361888141,0.9675638371290545,0.9999993628903909
W3ef552374b4f,-0.09970641817489401,0.9682539682539683,0.9999993928730886
W764a8c6c33c5,-0.0995635482991114,0.968944099378882,0.9999994228128238
Wffe82c21aabf,-0.08883109150544044,0.9696342305037957,0.999999449525204
Wa5437af2f927,-0.08345472402830878,0.9703243616287095,0.9999994746208578
Wf12489dadb76,-0.08159308534674459,0.9710144927536232,0.9999994991566987
Wb2ac062fd776,-0.08144594110833525,0.971704623878537,0.9999995236482918
W016a6cab1fa3,-0.07944475983690649,0.9723947550034506,0.9999995475381102
W415d71f2bd6c,-0.07905750088731678,0.9730848861283644,0.9999995713114758
W74434954bffd,-0.07284290303178143,0.9737750172532781,0.9999995932160509
W173664c8ad5e,-0.06377836575557339,0.9744651483781919,0.9999996123948309
W0ec68b830b88,-0.06353943146656604,0.9751552795031055,0.999999631501761
Wfdc70ad6b9e8,-0.06353551201473723,0.9758454106280193,0.9999996506075124
W15a30ee3ccbd,-0.06313718201011595,0.9765355417529331,0.9999996695934822
W141763da119d,-0.060075780547697244,0.9772256728778468,0.9999996876588584
W5bf396e0304f,-0.05989196664961005,0.9779158040027606,0.99999970566896
Wbfccb0deb633,-0.05968634464064926,0.9786059351276742,0.9999997236172291
We11b91a800cc,-0.058835014963188215,0.979296066252588,0.999999741309495
Wb01f4d6dec6c,-0.05859659364587344,0.9799861973775017,0.9999997589300653
W9f79015711f9,-0.05752116070384694,0.9806763285024155,0.9999997762272423
W1b7e8e621b3c,-0.05442817764521379,0.9813664596273292,0.999999792594329
W4e248c1b72da,-0.05299799569390928,0.9820565907522429,0.999999808531346
Wa74124029fba,-0.046762504521079926,0.9827467218771566,0.9999998225932896
W4bd70dd0a70a,-0.04597134895836841,0.9834368530020704,0.9999998364173249
W9c722d738c58,-0.04560742028861503,0.9841269841269841,0.9999998501319234
Wb9ac2ba30a70,-0.03806047294729431,0.9848171152518979,0.9999998615770808
Wf9dca2f5f1ef,-0.036971242864555665,0.9855072463768116,0.9999998726946959
W45144b83c39e,-0.03635326481545531,0.9861973775017253,0.9999998836264792
W109b2ea5acb6,-0.03492701793019215,0.9868875086266391,0.999999894129376
W5cf2b2836438,-0.03186529087635037,0.9875776397515528,0.9999999037115813
W6d2bbadb6d1c,-0.028643441181522178,0.9882677708764666,0.999999912324945
W1a5b8340e96f,-0.028147747987098626,0.9889579020013802,0.9999999207892489
W211de23329a0,-0.025200111017943505,0.989648033126294,0.9999999283671693
Wbf5ae31cb308,-0.023973095569547992,0.9903381642512077,0.9999999355761143
W063e92e21a52,-0.02378621050533325,0.9910282953761215,0.9999999427288611
W71f7d8b9e468,-0.02098267058998715,0.9917184265010351,0.9999999490385558
W0a3dca001616,-0.020597762080847293,0.9924085576259489,0.9999999552325047
We6f8243ead3c,-0.018824074111023492,0.9930986887508627,0.9999999608930884
W35ac5d605350,-0.018466729087800893,0.9937888198757764,0.9999999664462149
Wa069b01d478d,-0.018150041402609896,0.9944789510006902,0.9999999719041104
W624d050194fd,-0.017475222127159906,0.9951690821256038,0.9999999771590811
W7249c1f3056f,-0.015852441196308575,0.9958592132505176,0.9999999819260655
W17e241afc0fc,-0.014214644430023876,0.9965493443754313,0.9999999862005484
W8518e7655d54,-0.012704826045887074,0.9972394755003451,0.9999999900210141
Wf61f711d4f60,-0.011734169207372247,0.9979296066252588,0.9999999935495938
Wa4c0eca4828a,-0.008824353760473969,0.9986197377501725,0.9999999962031635
W7aac0284b498,-0.00838722910289319,0.9993098688750862,0.9999999987252854
W47a2f45f551c,-0.004239017768267406,1.0,0.9999999999999996
